tree
version=v4
num_class=1
num_tree_per_iteration=1
label_index=0
max_feature_idx=45
objective=binary sigmoid:1
feature_names=amount_try amount_log amount_ratio amount_zscore first_large_transfer near_threshold near_threshold_cnt_24h cnt_1m sum_1m cnt_1h sum_1h cnt_24h sum_24h cnt_7d sum_7d time_since_last_s distinct_payees_24h distinct_payees_7d is_new_payee payee_relation_age_d payee_fan_in_24h payee_age_d is_new_device device_age_d device_customers_7d is_new_location ip_country_mismatch is_anonymized_ip is_foreign is_high_risk_country hour is_night night_ratio_7d hour_unusual channel_change channel_unknown login_to_transfer_s session_duration_s typing_deviation paste_used is_emulator is_rooted remote_access active_call purpose_risk vulnerable_customer
feature_infos=[1.4299999999999999:420846.04999999999] [0.88789125735245711:12.950024744991774] [0.00043358567324323081:245.38200102572728] [-13.492315478883464:9.0364392651115306] [0:1] [0:1] [0:6] [0:3] [0:62854.550000000003] [0:15] [0:516355.82000000001] [0:21] [0:655994.06000000006] [0:61] [0:1576772.03] [0:604800] [0:21] [0:25] [0:1] [-1:42.187418981481478] [0:9] [-1:42.473078703703706] [0:1] [0:42.202175925925928] [1:5] [0:1] [0:1] [0:1] [0:1] [0:1] [0:23] [0:1] [0:1] [0:1] [0:1] [0:1] [-1:3019.5999999999999] [-1:3367] [0:9.4367399305104449] [0:1] none [0:1] [0:1] [0:1] [0:1] [0:1]
tree_sizes=3332 3384 3398 3384 3383 3387 3430 3406 3401 3377 3384 3409 3400 3423 3406 3407 3418 3427 3400 3419 3417 3427 3416 3407 3423 3425 3423 3428 3410 3418 3421 3412 3423 3421 3420 3418 3421 3432 3410 3439 3418 3447 3416 3439 3424 3434 3418 3405 3418 3443 3423 3447 3425 3442 3447 3404 3431 3439 3462 3440 3445 3444 3446 3442 3460 3425 3452 3440 3432 3414 3460 3449 3449 3464 3459 3427 3446 3451 3445 3466 3468 3474 3452 3470 3486 3471 3467 3487 3450 3482 3481 3468 3461 3486 3457 3469 3480 3460 3451 3480 3470 3485 3480 3437 3483 3472 3497 3505 3490 3474 3470 3479 3509 3505 3487 3492 3486 3488 3486 3494 3479 3489 3480 3476 3506 3505 3500 3500 3512 3492 3506 3507 3531 3519 3512 3494 3489 3520 3543 3515 3502 3528 3499 3506 3505 3517 3519 3523 3517 3539 3508 3513 3518 3512 3528 3528 3537 3505 3531 3528 3543 3531 3522 3544 3542 3532 3531 3529 3536 3523 3531 3532 3535 3559 3535

Tree=0
num_leaves=31
num_cat=0
split_feature=22 23 2 18 5 18 23 2 13 30 33 10 14 37 38 36 0 10 2 32 10 18 3 36 32 13 12 0 0 10
split_gain=9028.48 9252.74 1461.49 535.228 138.055 134.803 130.569 73.0158 32.6593 31.3125 52.8442 88.7095 20.5186 17.2703 16.7992 10.9925 8.08897 6.56102 16.779 16.0237 8.61117 8.52386 11.9114 9.43479 8.38637 8.86514 9.95236 3.23234 1.71917 1.21539
threshold=1.0000000180025095e-35 1.0000000180025095e-35 8.8199967649303783 1.0000000180025095e-35 1.0000000180025095e-35 1.0000000180025095e-35 7.885422453703705 5.7313164596176085 4.5000000000000009 6.5000000000000009 1.0000000180025095e-35 81.27500000000002 47397.555000000015 994.05000000000007 0.26265131177875833 57.850000000000001 2225.4950000000003 1413.7100000000003 3.2051050221021935 0.082207207207207214 3718.7350000000001 1.0000000180025095e-35 0.80203339531218354 58.850000000000001 0.22474747474747478 13.500000000000002 19164.690000000006 3466.3150000000005 13711.170000000002 1594.115
decision_type=2 2 2 2 2 2 2 2 2 2 2 2 2 2 2 2 2 2 2 2 2 2 2 2 2 2 2 2 2 2
left_child=2 3 4 28 7 -6 -4 9 -5 10 -1 12 -12 17 -9 27 -15 -11 19 21 -20 -19 29 -24 25 -21 -27 -14 -2 -23
right_child=1 -3 6 8 5 -7 -8 14 -10 13 11 -13 15 16 -16 -17 -18 18 20 24 -22 22 23 -25 -26 26 -28 -29 -30 -31
leaf_value=-4.1562686964392519 -4.1556512872179336 -1.4928536402443067 -4.1234105865160062 -4.0470459831542209 -4.1397452391813827 -3.4609318649470215 -3.1286644983238752 -4.1267247804119362 -3.2516058790878701 -4.1602974056582722 -4.149579035215555 -3.6114927661238734 -3.8572824552215552 -4.1295087361177654 -3.8244737085245348 -4.1285185628698002 -3.9331878663946216 -4.1593487131170885 -4.1307401107038304 -4.1281747536012539 -3.9405018653474535 -4.0859096655492291 -3.9288697542618096 -4.1307401107038304 -4.1354954741228998 -3.8572824552215552 -4.1238589749696786 -4.0893465471668593 -4.0849986887407548 -4.1436832301993496
leaf_weight=8.665814917534588 7.6500417403876764 5.5391381066292515 0.33330057375132982 0.31742911785840977 1.3332022950053204 0.42852930910885323 2.8251191489398479 0.46027222089469333 1.2538450155407188 447.19414123892784 3.2536484580487004 0.36504348553717125 0.31742911785840966 0.58724386803805728 1.0792590007185934 0.5396295003592968 0.31742911785840988 45.29713511839509 0.65072969160973915 0.52375804446637564 0.58724386803805828 0.33330057375132938 0.50788658857345559 0.65072969160974026 0.95228735357522953 0.31742911785840988 0.34917202964425087 0.39678639732301235 0.31742911785840977 4.6503365766257048
leaf_count=546 482 349 21 20 84 27 178 29 79 28176 205 23 20 37 68 34 20 2854 41 33 37 21 32 41 60 20 22 25 20 293
internal_value=-4.11071 -2.94241 -4.1453 -3.9527 -4.15269 -3.79914 -3.21145 -4.15449 -3.32505 -4.15573 -4.08237 -3.96556 -4.07967 -4.15775 -3.88556 -3.9615 -4.00359 -4.15824 -4.14091 -4.14594 -4.00477 -4.15198 -4.09841 -3.99901 -4.03398 -3.97853 -3.92103 -3.89854 -4.15028 -4.13632
internal_weight=0 15.0779 522.917 9.53874 519.758 1.76173 3.15842 517.997 1.57127 516.457 13.5384 4.87254 4.50749 502.919 1.53953 1.25385 0.904673 502.014 54.82 53.582 1.23797 51.4394 6.14225 1.15862 2.14265 1.19036 0.666601 0.714216 7.96747 4.98364
internal_count=33897 950 32947 601 32748 111 199 32637 99 32540 853 307 284 31687 97 79 57 31630 3454 3376 78 3241 387 73 135 75 42 45 502 314
is_linear=0
shrinkage=1


Tree=1
num_leaves=31
num_cat=0
split_feature=2 2 30 2 18 5 17 15 19 21 36 18 14 15 2 17 15 30 14 19 21 15 17 14 12 18 12 19 42 13
split_gain=1287.33 936.438 223.764 100.187 85.562 85.4961 47.1784 46.5219 60.2129 95.0833 42.8335 40.2453 35.7138 29.8138 25.3658 23.5046 23.2821 11.0154 13.0439 10.8806 28.5775 8.50143 6.31333 5.83174 4.77131 8.84091 4.74952 4.68901 4.60181 3.86661
threshold=5.7313164596176085 0.12813749444333472 6.5000000000000009 3.973382124839397 1.0000000180025095e-35 1.0000000180025095e-35 9.5000000000000018 758.50000000000011 0.21398148148148152 4.5479340277777789 304.10000000000008 1.0000000180025095e-35 13721.365000000003 614.00000000000011 0.2815756514565731 3.5000000000000004 55296.000000000007 19.500000000000004 44039.485000000008 20.652442129629634 21.717251157407411 182.50000000000003 11.500000000000002 44039.485000000008 130343.04500000003 1.0000000180025095e-35 385.89000000000004 20.02514467592593 1.0000000180025095e-35 18.500000000000004
decision_type=2 2 2 2 2 2 2 2 2 2 2 2 2 2 2 2 2 2 2 2 2 2 2 2 2 2 2 2 2 2
left_child=1 -1 4 5 6 7 14 8 9 -4 12 -7 26 -5 -3 -6 -14 22 -19 20 23 -20 -10 -15 28 -26 -2 -24 -9 -25
right_child=10 2 3 13 15 11 -8 24 17 -11 -12 -13 16 19 -16 -17 -18 18 21 -21 -22 -23 27 29 25 -27 -28 -29 -30 -31
leaf_value=0.2772243081121275 0.098580708812355963 0.14799065178866577 -0.010183452148886397 0.24230631070690856 0.0051225400109699247 3.3059283805075499e-05 0.21103326952200396 -0.047832882750555611 -0.046625009181112974 0.29431923990745268 0.58580018691144919 0.41558274845494136 0.36008407164769202 -0.034899751666715072 -0.028802528596975237 0.2986530869058211 0.13784886313888126 -0.033870956699102721 -0.018322781759323888 -0.034438591657342782 0.27002115108103852 0.17389136583899528 0.070071442254565686 0.094031266829364982 -0.035436552604223896 0.11052043112100172 -0.024352552625884167 -0.030009642415602708 0.047603397794946017 -0.020005474259164078
leaf_weight=24.798230216838419 0.66544109396637086 1.4718445949256445 6.2524741264060122 2.3396882526576501 0.80187113583087821 0.95225892588496097 2.5592536162585011 447.12259648181498 22.870870228856809 3.27143170312047 2.676616368815302 0.50179999694228172 14.213588225655259 2.1929949410259724 10.330537181347607 5.4661676827818155 3.1531288931146255 2.0028155632317062 0.56438028812408425 2.1063210293650627 0.55085111409425724 0.98537758365273476 1.4369368012994521 1.3573833452537658 2.308926434256136 0.52559840120375145 0.89622000977396965 1.4444618495181201 0.51661301963031192 0.64961675647646178
leaf_count=261 20 41 373 28 51 53 56 29321 1501 61 58 17 220 142 662 109 67 132 37 138 14 37 59 36 152 8 37 95 25 42
internal_value=0 -0.0168812 -0.0313957 -0.0381401 0.12626 -0.0412901 0.0514647 -0.0426856 0.00960613 0.11244 0.368168 0.254349 0.309542 0.117511 0.00308238 0.266973 0.329437 -0.0264218 0.047197 0.0495111 0.0862472 0.124159 -0.0379623 0.0148523 -0.0472042 0.0133922 0.0460649 0.0250946 -0.0476169 0.0627424
internal_weight=0 545.381 520.583 499.953 20.6297 490.757 14.3616 489.302 38.8287 9.52391 21.605 1.45406 18.9284 9.19686 11.8024 6.26804 17.3667 29.3048 3.55257 6.85717 4.75085 1.54976 25.7523 4.2 450.474 2.83452 1.56166 2.8814 447.639 2.007
internal_count=33853 33451 33190 32271 919 31871 759 31801 2295 434 402 70 344 400 703 160 287 1861 206 372 234 74 1655 220 29506 160 57 154 29346 78
is_linear=0
shrinkage=0.05


Tree=2
num_leaves=31
num_cat=0
split_feature=22 3 5 12 18 18 20 15 33 17 3 19 37 37 37 19 32 15 37 23 2 31 33 38 3 12 2 2 23 2
split_gain=1503.49 682.177 108.42 103.513 75.8083 39.6656 37.596 24.6045 169.487 22.5599 14.9581 14.9106 12.3892 10.8795 10.2899 9.13509 8.89404 10.6981 7.857 6.57874 4.64171 4.14083 10.7261 4.12335 3.71521 3.74044 2.77156 3.46215 1.46539 1.42551
threshold=1.0000000180025095e-35 2.8025866982932452 1.0000000180025095e-35 24748.420000000002 1.0000000180025095e-35 1.0000000180025095e-35 1.5000000000000002 758.50000000000011 1.0000000180025095e-35 5.5000000000000009 1.1134569685009248 2.1615740740740743 994.05000000000007 102.05000000000001 101.35000000000001 30.700000000000003 0.082207207207207214 365.50000000000006 58.150000000000013 12.404120370370373 1.2134886036669876 1.0000000180025095e-35 1.0000000180025095e-35 0.36958209487114785 -0.069796357550476182 9949.1150000000016 5.7313164596176085 0.62862543210069799 17.179432870370373 3.973382124839397
decision_type=2 2 2 2 2 2 2 2 2 2 2 2 2 2 2 2 2 2 2 2 2 2 2 2 2 2 2 2 2 2
left_child=1 2 7 6 -4 9 14 8 10 26 16 13 21 -12 28 18 -1 -18 -11 -16 -14 29 -23 -21 25 -24 27 -2 -3 -9
right_child=5 3 4 -5 -6 -7 -8 12 -10 15 11 -13 20 -15 19 -17 17 -19 -20 23 -22 22 24 -25 -26 -27 -28 -29 -30 -31
leaf_value=-0.045996749675197408 0.057129056195882405 0.032892289227665412 -0.02855809225654022 0.51864067583038787 0.45114814136210835 0.24066833130029297 0.33675034092865447 -0.049803228581623171 0.46062997641242598 0.031797118272052942 -0.015259400978334104 -0.017768274270949305 -0.016565755188990276 0.24184524598546475 0.0026886636494777892 0.016839979303472793 -0.0308996781195537 0.13934078486032472 0.18487709207680672 0.026726672812659918 0.13636061439848485 -0.044934895543554017 0.12236558664272697 0.18218776233153181 -0.0067290018770962794 -0.014647409695409539 0.090694136086524893 -0.022784166855618404 -0.028241473518916371 -0.0184541486619469
leaf_weight=30.581079721450806 1.2505562473088532 0.78876216989010384 1.2615598971024149 3.8153088102117172 0.89161753840744484 45.001053499057889 2.0877748532220721 424.20524416491389 0.85828978940844436 1.3544647004455388 0.42881758790463154 2.0516583928838372 0.48329829424619575 0.36923358961939812 0.86220814567059267 1.1554582510143507 1.5503941690549248 0.58178707677870978 20.450872422195971 0.92421920504421029 0.33954038750380278 7.663142077624796 1.025179314427078 2.6289933742955327 1.2858251715078948 0.40271436888724554 0.70565134752541769 2.4955408303067088 1.1693031704053281 5.1995379272848359
leaf_count=2057 45 25 70 78 22 333 58 29316 40 61 27 135 30 19 30 57 98 36 278 24 18 500 61 59 80 22 5 153 33 328
internal_value=0 -0.0334427 -0.0431535 0.320293 0.250165 0.209111 0.185491 -0.0449981 -0.00534255 0.150657 -0.0288792 0.0662692 -0.0482565 0.172042 0.0969915 0.17015 -0.0388875 0.0452085 0.17718 0.132509 0.0867266 -0.0487053 -0.0155924 0.156502 0.0570546 0.0936063 0.0373498 0.0103093 -0.000820751 -0.0494674
internal_weight=0 491.455 479.179 12.2766 2.15318 72.4136 8.46126 477.026 36.4213 27.4125 35.563 2.84971 440.604 0.798051 6.37349 22.9608 32.7133 2.13218 21.8053 4.41542 0.822839 439.782 10.3769 3.55321 2.71372 1.42789 4.45175 3.7461 1.95807 429.405
internal_count=34098 33166 32859 307 92 932 229 32767 2412 599 2372 181 30355 46 171 396 2191 134 339 113 48 30307 663 83 163 83 203 198 58 29644
is_linear=0
shrinkage=0.05


Tree=3
num_leaves=31
num_cat=0
split_feature=22 3 6 21 12 18 19 19 15 33 36 23 36 36 17 19 19 2 30 30 14 0 18 21 6 14 14 14 0 3
split_gain=1258.82 461.023 95.8479 85.987 80.476 51.6161 46.0574 32.4891 22.5566 131.17 18.4721 16.612 15.5915 11.1184 7.62779 6.78298 6.31225 5.83268 4.92185 4.60569 6.23037 6.5659 4.50484 16.612 1.85635 1.93467 1.54499 2.31753 1.27888 0.937376
threshold=1.0000000180025095e-35 2.8025866982932452 1.5000000000000002 5.8525000000000009 23147.165000000005 1.0000000180025095e-35 5.0272106481481496 23.05771990740741 758.50000000000011 1.0000000180025095e-35 1.0000000180025095e-35 17.179432870370373 57.350000000000001 856.05000000000007 12.500000000000002 0.027800925925925927 20.137048611111116 1.4629687702192575 15.500000000000002 6.5000000000000009 72604.070000000022 3176.7300000000005 1.0000000180025095e-35 6.4998206018518525 1.0000000180025095e-35 300907.25500000006 30499.280000000002 35330.695 35003.370000000003 0.73507330081273847
decision_type=2 2 2 2 2 2 2 2 2 2 2 2 2 2 2 2 2 2 2 2 2 2 2 2 2 2 2 2 2 2
left_child=1 2 8 4 28 -4 -5 10 9 14 -2 -9 -8 19 22 -12 18 -15 -16 20 26 -22 -1 -24 -21 -26 -10 -28 -3 -23
right_child=7 3 5 6 -6 -7 12 11 13 -11 15 -13 -14 17 16 -17 -18 -19 -20 24 21 29 23 -25 25 -27 27 -29 -30 -31
leaf_value=-0.043705100583098469 0.044779850274101578 -0.040933345322430981 -0.026397581781874215 0.45032087084656275 0.27647261847103999 0.37686080070411931 0.18818870063542492 -0.037589096800576913 -0.044430852341614049 0.3578073914173609 0.20738369901636644 0.12822778620726316 -0.024579836314241349 -0.020312176926451941 0.14829570989430077 0.1501848956858032 -0.026782820839607958 0.13658654593382233 -0.015074716982211807 -0.049844083531275861 0.1291815833211496 -0.028698462326615073 -0.039184736340758142 0.15623577930599786 -0.036363397791101149 0.02034382127864157 0.050948657427004086 -0.023216651270916461 0.0078373490039658749 0.02536435631623872
leaf_weight=27.541674113832418 2.931939640082418 3.5274125123396498 1.0789276361465445 4.0540216453373432 2.6354870460927486 1.0994460321962833 2.1224808180704717 2.7406454971060148 6.9749643970280868 1.3231288976967324 49.977819172665477 1.6539808362722395 0.89946001581847657 0.6660041594877828 0.51038045715540592 22.885582704097033 1.1178200570866463 0.33751011453568935 0.42173267342150211 403.90268214046955 0.39295533858239595 1.2967408793047068 3.3752970332279797 0.45224546641111363 2.4346251692622891 1.816110170446336 0.48191184364259276 2.6508646979928017 1.5117418020963667 0.32321626599878062
leaf_count=1934 97 96 72 52 34 19 56 170 458 41 318 9 32 43 29 356 78 16 27 29276 21 83 224 22 143 118 31 170 31 20
internal_value=0 -0.0340522 -0.0431085 0.232139 0.0967736 0.231666 0.348795 0.179025 -0.0449251 -0.00601267 0.186669 0.0370195 0.134494 -0.0481123 -0.0303941 0.191695 0.047814 0.0742923 0.104834 -0.0485803 -0.0164626 0.0489871 -0.0368242 0.0114857 -0.0494915 -0.0128752 -0.0327334 -0.00224049 -0.0274271 -0.0123477
internal_weight=0 472.949 458.198 14.7506 7.67464 2.17837 7.07596 80.19 456.02 34.7423 75.7953 4.39463 3.02194 421.278 33.4191 72.8634 2.04993 1.00351 0.932113 420.274 12.1207 2.01291 31.3692 3.82754 408.153 4.25074 10.1077 3.13278 5.03915 1.61996
internal_count=34076 33126 32825 301 161 91 140 950 32734 2355 771 179 88 30379 2314 674 134 59 56 30320 783 124 2180 246 29537 261 659 201 127 103
is_linear=0
shrinkage=0.05


Tree=4
num_leaves=31
num_cat=0
split_feature=22 2 0 21 6 19 15 33 19 37 37 23 37 15 9 36 37 30 2 0 30 32 14 2 15 0 19 17 37 6
split_gain=952.771 410.407 71.8226 51.563 94.4002 38.3202 25.3359 94.8903 21.4842 16.1014 15.9089 13.1169 12.3668 9.00028 12.0628 13.0893 17.5426 8.27186 6.34379 6.03264 5.71388 13.4095 16.055 4.14017 3.832 2.86117 2.78866 2.73547 1.33415 0.968264
threshold=1.0000000180025095e-35 5.7313164596176085 45425.610000000008 5.2896122685185194 1.0000000180025095e-35 0.21398148148148152 758.50000000000011 1.0000000180025095e-35 23.05771990740741 79.250000000000014 43.050000000000004 17.179432870370373 994.05000000000007 182.50000000000003 1.5000000000000002 55.750000000000007 77.750000000000014 18.500000000000004 0.98946803268642103 1212.7500000000002 5.5000000000000009 0.19139194139194141 30499.280000000002 1.1345044509080939 691.50000000000011 3123.3550000000005 0.21398148148148152 8.5000000000000018 392.35000000000008 1.0000000180025095e-35
decision_type=2 2 2 2 2 2 2 2 2 2 2 2 2 2 2 2 2 2 2 2 2 2 2 2 2 2 2 2 2 2
left_child=1 2 6 4 24 -4 7 13 10 -5 27 -10 20 -1 17 16 -16 28 19 -19 21 22 -8 -14 -3 -24 -12 -2 -15 -22
right_child=8 3 5 9 -6 -7 12 -9 11 -11 26 -13 23 14 15 -17 -18 18 -20 -21 29 -23 25 -25 -26 -27 -28 -29 -30 -31
leaf_value=-0.048115926548672534 -0.014043874334594073 0.047639272828896212 0.27526500938678278 0.02893974650470077 0.27304802421243601 -0.029412004527401926 -0.031501253957789931 0.28249054625124481 -0.036813611471713116 0.29289031026717 0.17246753562242853 0.11334637426453729 -0.015611141037157628 -0.045618748695909032 -0.023954977040671364 -0.03014183721517872 0.21843986549981254 -0.015609301927603037 -0.024981544361416076 0.16646737725075195 -0.049639278224416113 -0.04467107016873044 0.19587147638550076 0.13146498964812051 -0.044718144897339725 0.016673381968147768 0.12605055697007417 0.066023414229957889 0.015003355037476761 -0.015989190484398234
leaf_weight=18.468217210844159 1.6348753394559019 0.50992568954825568 1.7435689307749265 0.86518302839249273 3.272134343162179 1.3726766463369129 1.6321354210376724 1.692572996020316 2.5443924330174914 8.3094847537577134 55.002572428435087 1.5741517543792722 0.44368364103138347 8.9461293388158047 0.89384263940155451 1.4615052649751303 1.0449762875214217 0.44459175597876199 0.96922492515295744 0.38429456576704979 385.33652006275952 7.3267140444368124 0.62390102446079232 0.37512657605111599 5.3947251550853252 0.4930933928117156 19.953746847808361 1.0548692941665647 0.53180310595780689 3.334857089444994
leaf_count=1334 81 7 33 23 39 89 107 38 163 105 320 8 29 649 63 101 64 32 67 23 29298 503 30 17 129 29 305 22 37 239
internal_value=0 -0.0326196 -0.0424976 0.192911 0.0935924 0.166517 -0.044376 -0.00337675 0.151753 0.27329 0.15765 0.0315107 -0.0479333 -0.0258208 0.00351432 0.0743452 0.136564 -0.0221612 0.0567156 0.113671 -0.0484273 -0.0101038 0.0693642 0.0870038 -0.0309977 0.162008 0.161933 0.0267405 -0.04111 -0.0493923
internal_weight=0 455.871 437.519 18.3515 9.17679 3.11625 434.403 34.8372 81.7646 9.17467 77.6461 4.11854 399.566 33.1446 14.6764 3.40032 1.93882 11.276 1.79811 0.828886 398.747 10.0758 2.74913 0.81881 5.90465 1.11699 74.9563 2.68974 9.47793 388.671
internal_count=33984 33085 32782 303 175 122 32660 2408 899 128 728 171 30252 2370 1036 228 127 808 122 55 30206 669 166 46 136 59 625 103 686 29537
is_linear=0
shrinkage=0.05


Tree=5
num_leaves=31
num_cat=0
split_feature=22 3 6 15 33 18 37 33 37 17 15 14 18 23 19 23 3 3 14 0 30 14 0 38 3 36 3 19 5 9
split_gain=869.917 278.774 63.1256 30.5602 69.6942 24.6688 21.9409 19.395 43.8541 17.1014 17.0203 14.5825 14.3194 11.9447 11.8118 21.7326 10.758 10.154 9.13132 8.19697 7.92157 11.5162 12.8605 5.90429 5.60115 3.26132 6.26392 3.07019 2.24464 1.68138
threshold=1.0000000180025095e-35 2.8025866982932452 1.5000000000000002 614.00000000000011 1.0000000180025095e-35 1.0000000180025095e-35 994.05000000000007 1.0000000180025095e-35 461.15000000000003 3.5000000000000004 237.50000000000003 33122.295000000006 1.0000000180025095e-35 8.0583275462962991 20.02514467592593 15.862008101851854 4.641437745208993 1.0156146484492121 73996.270000000019 2402.4500000000003 6.5000000000000009 72604.070000000022 2340.8850000000007 0.54111403517251799 0.80203339531218354 1.0000000180025095e-35 1.3050628776973909 2.2640451388888896 1.0000000180025095e-35 1.5000000000000002
decision_type=2 2 2 2 2 2 2 2 2 2 2 2 2 2 2 2 2 2 2 2 2 2 2 2 2 2 2 2 2 2
left_child=1 2 3 4 10 -4 20 8 11 24 -1 -3 18 -14 25 -16 23 -8 29 -20 21 -5 -23 -13 -2 26 -11 -21 -22 -12
right_child=9 7 5 6 -6 -7 17 -9 -10 14 12 16 13 -15 15 -17 -18 -19 19 27 28 22 -24 -25 -26 -27 -28 -29 -30 -31
leaf_value=-0.04565683254811545 -0.033154698017375223 -0.031993363775980922 -0.025122107097632865 -0.031401600488104468 0.23616248974107046 0.24635158331344825 -0.019829631229698247 0.24054295033934864 0.21469196780122407 -0.026187067567126812 -0.041941828775956896 -0.034956899560679731 -0.019266796900793769 0.21063015708855837 -0.037368315997941347 0.12928947630724366 0.15018913661054092 0.19361114193979684 0.16175356578074809 0.062923104144814432 -0.049707341217060746 0.18518882629512137 -0.012151502523942766 0.071168600816204242 0.069883535828297358 0.14922295643993963 0.10080693166250726 -0.030870386312226002 0.0061821529770376867 0.012299032569053106
leaf_weight=19.004045139066882 1.7909790724515908 3.9488488184288162 0.97228412050753754 9.3675963832065445 1.9443939477205265 1.6620873529464006 0.63797956891357788 4.3958584368228903 5.0247452398762098 1.0455737281590693 4.7939349552616441 1.9304578583687546 0.6114485468715436 0.72328704874962568 2.7757904818281522 3.6145266443490982 2.1726455632597208 0.43300963193178177 0.41430257167667184 0.32540118135511864 372.59745175484568 0.48360273987054769 1.6073641944676635 1.4338756892830131 1.6195447938516734 76.923308001831174 1.4799079997465012 1.5550359133630989 1.595259410329162 1.3908442128449676
leaf_count=1434 78 110 65 652 33 17 38 52 39 56 362 44 42 38 179 18 25 13 22 20 29686 16 106 29 23 548 12 113 61 97
internal_value=0 -0.033343 -0.0419171 -0.0436297 0.00420782 0.166813 -0.0474361 0.149718 0.108468 0.137069 -0.0188376 0.0370922 0.0325143 0.14217 0.14141 0.0616367 0.0837195 0.118285 0.00207698 0.0708074 -0.048201 -0.00662162 0.0786366 0.0162169 0.0205257 0.14698 0.0557156 0.00157039 -0.0494532 -0.02973
internal_weight=0 439.026 420.119 417.485 30.7627 2.63437 386.722 18.9064 14.5106 89.2496 28.8183 9.48583 9.81425 1.33474 85.8391 6.39032 5.53698 1.07099 8.47952 2.29474 385.651 11.4586 2.09097 3.36433 3.41052 79.4488 2.52548 1.88044 374.193 6.18478
internal_count=34028 33114 32815 32733 2161 82 30572 299 247 914 2128 208 694 80 813 197 98 51 614 155 30521 774 122 73 101 616 68 133 29747 459
is_linear=0
shrinkage=0.05


Tree=6
num_leaves=31
num_cat=0
split_feature=22 3 5 18 44 15 33 21 6 18 23 23 18 21 19 32 15 30 33 36 36 19 19 15 3 42 37 12 21 21
split_gain=801.85 304.816 64.5761 28.2306 26.0652 21.416 56.5856 20.1716 66.777 14.5438 102.342 30.2123 7.49353 22.6157 6.76683 5.85788 5.9933 4.95139 6.762 7.71268 13.6866 3.86185 4.44669 3.48862 1.88383 1.86896 1.32196 0.594818 0.909892 0.533922
threshold=1.0000000180025095e-35 2.8025866982932452 1.0000000180025095e-35 1.0000000180025095e-35 1.0000000180025095e-35 758.50000000000011 1.0000000180025095e-35 5.8525000000000009 1.0000000180025095e-35 1.0000000180025095e-35 1.0000000180025095e-35 1.0000000180025095e-35 1.0000000180025095e-35 5.5592071759259269 7.2076273148148156 0.082207207207207214 365.50000000000006 6.5000000000000009 1.0000000180025095e-35 55.750000000000007 25.350000000000005 13.988437500000002 17.994108796296299 691.50000000000011 2.0821601211680192 1.0000000180025095e-35 92.350000000000009 56364.785000000011 30.051388888888891 0.049965277777777782
decision_type=2 2 2 2 2 2 2 2 2 2 2 2 2 2 2 2 2 2 2 2 2 2 2 2 2 2 2 2 2 2
left_child=1 2 4 -4 5 6 12 8 23 10 -2 -11 15 -14 -9 24 -17 18 -7 20 -20 -16 -23 -3 27 -19 -22 29 -29 -1
right_child=9 7 3 -5 -6 17 -8 14 -10 11 -12 -13 13 -15 21 16 -18 25 19 -21 26 22 -24 -25 -26 -27 -28 28 -30 -31
leaf_value=-0.008931555033559713 -0.045978920944044897 0.042055606633656678 -0.030098449569231734 0.21673390133042833 0.18543320081117778 -0.044055439103935459 0.18095806795252087 0.21928860941675432 0.20733804950159296 0.24206976754089068 0.14381287665255202 0.12580677346595365 -0.038307351925900693 0.1782547318405264 9.8708168006206174e-05 -0.028431686930731351 0.10015350933578704 -0.049480448851931098 -0.029500128726569277 -0.034478012391931302 0.019257188924185681 0.16017263361351097 0.026958352994064252 -0.044794729238939318 0.028223086512742634 0.02252147394864153 0.17699793813823489 -0.025171986368023244 0.029473793333403189 -0.048502131215821309
leaf_weight=1.4111942257732319 9.0626512188464385 0.59065322950482535 1.4072617171332233 2.4861396811902523 0.2704414464533319 6.6313974205404502 2.6262850835919371 8.0739874206483346 4.4596884083002806 7.1018077991902819 26.231714770197868 54.696078345179558 3.0834470642730589 0.74742738343775261 0.91336702555417959 1.2770820949226607 0.66003006510436524 352.43668324220926 1.382395029999316 2.1101808520033956 0.43709505163133122 1.3363007977604868 1.5253961794078348 5.2707237731665373 0.2742426572367539 0.37485696282237668 0.75801857374608517 0.98745450749993213 0.25581132527440786 22.521743704564869
leaf_count=106 484 7 75 22 5 496 38 58 37 101 119 230 222 29 19 96 37 29486 90 139 25 19 39 125 14 27 40 77 18 1782
internal_value=0 -0.0319527 -0.0420204 0.139598 -0.0441412 -0.0447616 -0.00650482 0.144596 0.0810879 0.126633 0.0951553 0.14281 -0.0274025 0.0320979 0.189298 -0.0365627 0.0345634 -0.0482899 -0.0141957 0.0283641 0.0750688 0.0926649 0.114533 -0.031189 -0.0430784 -0.0493405 0.154361 -0.0449036 -0.00580165 -0.0466207
internal_weight=0 424.309 402.139 3.8934 398.246 397.975 33.8447 22.1701 10.3211 97.0923 35.2944 61.7979 31.2184 3.83087 11.8491 27.3876 1.93711 364.131 11.3191 4.68769 2.57751 3.77506 2.8617 5.86138 25.4504 352.812 1.19511 25.1762 1.24327 23.9329
internal_count=34062 33128 32824 97 32727 32722 2419 304 169 934 603 331 2381 251 135 2130 133 30303 790 294 155 77 58 132 1997 29513 65 1983 95 1888
is_linear=0
shrinkage=0.05


Tree=7
num_leaves=31
num_cat=0
split_feature=22 3 6 30 33 14 36 33 23 3 39 18 37 23 21 6 15 3 19 17 19 3 0 32 4 14 6 14 30 37
split_gain=664.873 282.575 53.541 19.9291 24.6694 30.3081 19.4226 15.1195 53.1898 21.3659 20.6859 14.9279 14.8902 13.9798 11.681 51.4331 9.29272 27.7352 14.373 9.54516 7.8292 7.74914 5.72979 5.3125 4.51281 3.46461 3.37254 3.13901 2.20787 3.92203
threshold=1.0000000180025095e-35 2.8025866982932452 1.5000000000000002 6.5000000000000009 1.0000000180025095e-35 31582.470000000005 57.850000000000001 1.0000000180025095e-35 1.0000000180025095e-35 2.4965913171622796 1.0000000180025095e-35 1.0000000180025095e-35 994.05000000000007 1.0000000180025095e-35 5.2896122685185194 1.0000000180025095e-35 614.00000000000011 1.2612405391485977 13.223767361111113 7.5000000000000009 17.994108796296299 1.3837656997793986 2972.6150000000002 0.10435571687840291 1.0000000180025095e-35 89071.165000000023 1.0000000180025095e-35 466359.55500000005 19.500000000000004 166.95000000000002
decision_type=2 2 2 2 2 2 2 2 2 2 2 2 2 2 2 2 2 2 2 2 2 2 2 2 2 2 2 2 2 2
left_child=1 2 3 4 -1 -6 22 8 9 10 -2 -4 16 -9 15 -3 17 23 19 -19 -16 -14 -7 28 -22 -25 -18 -28 -5 -30
right_child=7 14 11 12 5 6 -8 13 -10 -11 -12 -13 21 -15 20 -17 26 18 -20 -21 24 -23 -24 25 -26 -27 27 -29 29 -31
leaf_value=-0.044511122268676567 -0.043618285252680827 -0.029220094001899028 -0.023291711772094072 -0.044226582271075607 -0.037144831147625811 0.25481882451275961 -0.023422400415536459 0.22773044737092751 0.12162980748487406 0.15916766928657919 0.13668807627379118 0.18831143158594277 -0.020970691683058172 0.12123971202333024 0.1789053407957113 0.17866691585056391 -0.049545501687665326 0.010286639517736659 -0.023836280545677428 0.25530978473655125 -0.025223455461628713 0.15732412803914023 0.035265892239613329 -0.020180433886522558 0.08699890707356768 0.097227038796427537 -0.027705932726642669 0.04802887757508701 -0.033851346651153406 0.05963368967840002
leaf_weight=7.2179253110662085 11.079478261061007 5.3597132712602633 0.84990250412374679 22.115200193598877 2.6650454038754106 1.7594963554292924 0.85285326093435276 4.1406247783452264 32.771462962031364 0.88074161671102125 0.84901402611285526 2.2558228336274624 0.70053227059543022 46.564000993967056 11.613214757293461 5.0746637303382158 336.12055497616529 0.64132948499172859 0.88585685100406397 0.63035554718226194 0.93084687367081564 0.44134544208645821 0.74020106531679619 0.65550307650118955 1.1460531037300825 0.34982544835656881 3.2424553763121358 1.0241888687014578 1.9412140017375343 0.8150771278887986
leaf_count=558 476 127 64 1744 181 37 52 82 138 10 14 17 43 194 99 39 29506 38 66 18 27 11 36 45 21 10 205 66 125 54
internal_value=0 -0.0315703 -0.0420528 -0.0438783 0.0153993 0.0833627 0.165683 0.11379 0.0887239 0.00182525 -0.0212049 0.138836 -0.0460371 0.134172 0.13111 0.0786672 -0.0466967 -0.0181723 0.122937 0.190664 0.163006 0.0892194 0.218459 -0.034074 0.0448509 0.0487854 -0.0489858 -0.00385856 -0.0391794 0.00230964
internal_weight=0 410.029 385.905 382.799 13.2355 6.0176 3.35255 96.2853 45.5807 12.8092 11.9285 3.10573 369.563 50.7046 24.1245 10.4344 368.422 28.0344 2.15754 1.27169 13.6901 1.14188 2.4997 25.8768 2.0769 1.00533 340.387 4.26664 24.8715 2.75629
internal_count=34103 33189 32876 32795 864 306 125 914 638 500 490 81 31931 276 313 166 31877 2100 122 56 147 54 73 1978 48 55 29777 271 1923 179
is_linear=0
shrinkage=0.05


Tree=8
num_leaves=31
num_cat=0
split_feature=22 2 5 30 32 32 18 10 18 21 17 39 24 3 9 3 36 0 0 10 32 2 37 36 32 10 30 32 3 38
split_gain=604.975 261.574 52.7374 19.5069 20.2326 18.4577 14.5436 10.2429 25.1702 23.9931 10.1553 8.08379 38.1128 32.9501 7.23864 9.37941 5.77493 5.67267 6.39542 4.79744 4.61894 4.07617 3.39503 7.02271 3.07176 11.8162 5.36593 8.56572 2.67749 2.01953
threshold=1.0000000180025095e-35 4.8000462868304981 1.0000000180025095e-35 6.5000000000000009 0.22474747474747478 0.039607843137254913 1.0000000180025095e-35 7300.630000000001 1.0000000180025095e-35 5.8525000000000009 8.5000000000000018 1.0000000180025095e-35 1.5000000000000002 2.1834855719553268 2.5000000000000004 0.98013605566518125 106.95000000000002 2608.8650000000002 5183.3950000000013 52834.340000000004 0.065591397849462371 0.12813749444333472 144.65000000000001 73.550000000000011 0.082207207207207214 1632.6200000000001 18.500000000000004 0.23303167420814483 3.4357288626039613 1.3445720156821095
decision_type=2 2 2 2 2 2 2 2 2 2 2 2 2 2 2 2 2 2 2 2 2 2 2 2 2 2 2 2 2 2
left_child=1 2 3 4 5 22 -4 8 10 16 -3 12 13 17 19 20 -10 21 -19 24 -16 -2 -1 -24 -5 -26 -27 -28 -12 -23
right_child=11 7 6 14 -6 -7 -8 -9 9 -11 28 -13 -14 -15 15 -17 -18 18 -20 -21 -22 29 23 -25 25 26 27 -29 -30 -31
leaf_value=-0.023938022004829092 0.04970779614676777 -0.042463720069509686 -0.024624736715594824 -0.048141447163164708 -0.038838896765381874 0.17553863979521869 0.17337852432791226 0.17746241025496723 0.080114354824878498 0.19030619959886508 0.0028353662251030184 0.12615813764761344 0.11997382762060974 0.14668310992343719 -0.039738029185795415 0.12733904480032013 -0.0074182112069714635 0.069902739618032894 -0.024602427168172437 0.05141776417003481 0.070322832247001241 -0.045842054165264282 0.12772975013270782 -0.025677635390497507 -0.040054989844705409 -0.021077055060118213 0.17843051447908226 -0.018842116297017847 0.1139724470128448 0.0079208488388726652
leaf_weight=2.6910117603838426 0.74560154415667312 3.9499237649142804 0.94007919635623638 327.93896851874888 7.3229984929785132 1.8235360067337749 2.6667958796024323 5.830966970883309 7.3013212783262151 6.6096041928976765 0.8541021319106219 43.082775063812733 36.893663853406906 3.7884007934480897 3.6429720241576429 0.40505969524383534 2.2312315590679646 3.391178078018128 2.3448765324428678 0.46727900952100654 0.24274342786520708 7.3654575292021018 0.40299032535403956 1.0244314474985001 13.303186134435235 0.71060362458228965 0.52222480811178662 0.59184144251048565 0.78156247362494469 1.8721375064924357
leaf_count=161 4 141 63 29921 563 41 19 40 119 39 34 196 154 25 310 19 42 70 85 28 12 337 19 74 1206 53 17 47 8 44
internal_value=0 -0.0303794 -0.0416916 -0.0437307 0.0148089 0.0769962 0.127629 0.115537 0.0918417 0.121877 -0.000286396 0.107089 0.0905784 0.0318452 -0.0459993 0.0154627 0.060867 -0.0029491 0.0333524 -0.0468096 -0.0198762 -0.0249445 0.00759324 0.0524099 -0.0470924 -0.0227774 0.0727742 0.114291 0.0790336 -0.0352368
internal_weight=0 392.255 364.697 361.09 13.265 5.94197 3.60688 27.5587 21.7277 16.1422 5.58559 99.4841 56.4013 19.5077 347.825 4.29078 9.53255 15.7193 5.73605 343.534 3.88572 9.9832 4.11843 1.42742 343.067 15.1279 1.82467 1.11407 1.63566 9.2376
internal_count=33891 32976 32553 32471 858 295 82 423 383 200 183 915 719 565 31613 341 161 540 155 31272 322 385 254 93 31244 1323 117 64 42 381
is_linear=0
shrinkage=0.05


Tree=9
num_leaves=31
num_cat=0
split_feature=22 3 6 15 15 32 19 37 23 32 17 19 23 23 21 6 37 37 31 32 14 36 17 19 36 33 0 12 14 37
split_gain=529.446 229.667 36.0885 18.8778 22.5494 23.4922 17.0009 12.672 15.3261 10.7414 9.61849 9.07686 56.2584 10.5687 8.916 45.8965 7.44734 6.80068 6.21654 12.1803 13.7922 8.4346 5.07495 5.06422 10.5757 3.86626 2.81725 2.38268 1.90194 1.85501
threshold=1.0000000180025095e-35 2.8025866982932452 1.5000000000000002 691.50000000000011 182.50000000000003 0.057983193277310933 0.027800925925925927 73.550000000000011 8.0583275462962991 0.30151515151515157 3.5000000000000004 1.7143865740740742 5.2698148148148158 1.0000000180025095e-35 5.2896122685185194 1.0000000180025095e-35 120.25000000000001 994.05000000000007 1.0000000180025095e-35 0.19139194139194141 30499.280000000002 57.850000000000001 8.5000000000000018 5.9820023148148156 57.350000000000001 1.0000000180025095e-35 4724.9550000000008 35354.160000000011 172319.56 480.25000000000006
decision_type=2 2 2 2 2 2 2 2 2 2 2 2 2 2 2 2 2 2 2 2 2 2 2 2 2 2 2 2 2 2
left_child=1 2 3 4 -1 6 7 -6 -9 -7 25 13 -13 16 15 -3 -12 18 -5 20 -20 -22 -4 -16 -25 -2 -19 29 -29 -8
right_child=10 14 22 17 5 9 27 8 -10 -11 11 12 -14 -15 23 -17 -18 26 19 -21 21 -23 -24 24 -26 -27 -28 28 -30 -31
leaf_value=-0.044645883620052701 -0.024356810693096378 -0.037695994153711367 -0.0001849786301569447 -0.048606025107825419 -0.026453552875507731 0.19823182525552985 -0.044668853488383085 -0.0205971115315545 0.22772320433085796 -0.017679548925429757 0.071951516218565853 -0.044605725437152362 0.11238294814932448 0.10319794416999065 0.15365621309730815 0.14710450220594409 0.20907576764304833 -0.017815525685149224 -0.030808454528966602 -0.043597941867634722 0.19583807447691598 -0.015749078574597383 0.13187194472997801 0.10656315748786307 -0.031171891154745269 0.061469739213231435 0.09214345713611144 0.064287422293412277 -0.020121499167422868 0.029622442633683889
leaf_weight=15.520576615817847 2.1904407087713471 5.5912870978936571 0.9230307219550008 308.2618326023221 1.0901309615001076 1.7688292749226087 7.3797212000936252 0.68384180683642604 0.97074849251657724 0.53372579626739014 2.9426153022795898 6.9530155332759049 22.256455719470978 54.957849100232124 10.56105314940214 6.3368040099740028 5.3714998513460159 0.53703770693391462 1.5480247093364581 6.1911651501432061 0.82271751575171925 0.44779371470212936 2.3864243607968092 3.6073267580941311 1.4618166266009209 1.2933556362986567 0.39974589180201292 0.30923609528690565 0.65081798192113638 0.2506339456886052
leaf_count=1326 86 132 48 29591 84 42 622 53 36 36 47 389 92 221 54 38 48 33 114 511 27 26 30 53 40 13 13 19 48 16
internal_value=0 -0.0307564 -0.0417582 -0.0434358 -0.00475243 0.0405973 0.00587722 0.0958179 0.155995 0.157985 0.100167 0.103223 0.0747739 0.114989 0.1058 0.0642641 0.173479 -0.0469545 -0.0474119 -0.00578086 0.0669511 0.147172 0.103544 0.131728 0.0682521 0.0141093 0.0524552 -0.0298543 0.0259944 -0.039079
internal_weight=0 378.234 350.676 347.367 29.1583 13.6377 11.3351 2.74472 1.65459 2.30256 95.9652 92.4814 29.2095 63.272 27.5583 11.9281 8.31412 318.208 317.272 9.0097 2.81854 1.27051 3.30946 15.6302 5.06914 3.4838 0.936784 8.59041 0.960054 7.63036
internal_count=33888 32992 32675 32597 2282 956 878 173 89 78 896 797 481 316 317 170 95 30315 30269 678 167 53 78 147 93 99 46 705 67 638
is_linear=0
shrinkage=0.05


Tree=10
num_leaves=31
num_cat=0
split_feature=18 2 21 0 6 15 32 23 19 14 15 23 2 30 2 2 38 15 2 30 0 14 0 30 13 14 2 14 0 14
split_gain=333.134 147.559 104.615 113.627 142.423 51.2502 40.6418 14.2766 14.1184 13.822 13.7006 11.3326 10.0469 9.90385 9.68984 7.56548 7.17652 6.87749 5.83507 4.99368 4.10802 3.44636 6.4889 3.20981 5.062 4.0071 2.84554 2.43183 3.43027 2.12601
threshold=1.0000000180025095e-35 3.973382124839397 5.2896122685185194 106.38000000000001 1.0000000180025095e-35 758.50000000000011 0.057983193277310933 15.024895833333336 0.21398148148148152 31582.470000000005 2402.5000000000005 1.0000000180025095e-35 8.8199967649303783 6.5000000000000009 0.2815756514565731 8.8199967649303783 0.026331554331393357 758.50000000000011 2.7962566456686622 6.5000000000000009 1261.2550000000003 33122.295000000006 10820.490000000002 18.500000000000004 13.500000000000002 44039.485000000008 0.16296717139927988 72604.070000000022 2340.8850000000007 14823.185000000003
decision_type=2 2 2 2 2 2 2 2 2 2 2 2 2 2 2 2 2 2 2 2 2 2 2 2 2 2 2 2 2 2
left_child=1 5 3 -2 17 6 8 11 16 -8 -3 -4 20 14 -7 21 -1 18 -5 -10 -9 -12 -23 -21 25 -25 -15 -16 -29 -18
right_child=2 10 7 4 -6 13 9 12 19 -11 15 -13 -14 26 27 -17 29 -19 -20 23 -22 22 -24 24 -26 -27 -28 28 -30 -31
leaf_value=-0.027791088903230579 0.10455886969372269 0.11549021985601671 0.18360838022771603 -0.022904151724062474 0.15110491381875685 0.079118719652247663 -0.028130416265969512 0.077113617534022627 0.058892479307039405 0.132401507458978 -0.027563037570774419 0.085563464418593749 0.11763164489377796 0.0087385107420852003 -0.037437176125772763 0.079252677177157893 0.0032153354655518906 -0.046839015228721789 0.072569685371297682 -0.043332372577483735 0.30273831376249727 0.083750544281604195 -0.017353088808385399 -0.022992424969336994 -0.037445257932311397 0.085067365376229914 -0.048510112220658291 0.061880566283173857 -0.028996702098053204 0.10761578625017254
leaf_weight=1.2145023401826645 38.749147210270166 13.399264636449518 4.3532230313867393 3.6013719681650391 10.966805791482328 2.0065837148576966 1.2367016980424503 1.1293126801028832 0.65270185563713568 7.0103379180654883 3.271286557428537 18.219620120711625 5.4399402439594269 1.9047291120514263 6.5867391163483244 6.058153335005044 0.63753579370677504 44.644216200336814 1.4876820538192985 17.588507020846013 2.7465459126979113 1.9846599204465745 2.7989334808662534 0.82459763158112709 2.7465409999713302 1.2770012998953459 259.34580917563289 0.95005591772496734 1.3345658369362352 2.576956745237112
leaf_count=101 170 98 34 234 79 30 93 34 5 97 218 230 24 106 537 32 35 3811 14 1573 54 51 105 69 202 21 25723 9 101 41
internal_value=0 -0.0287715 0.0648713 0.0388413 -0.00412556 -0.0387433 0.0171255 0.1424 -0.0129053 0.10789 0.0802694 0.111459 0.199302 -0.0461219 0.000574748 0.0414008 0.0605377 -0.0406595 0.0123401 -0.0289213 0.266296 0.00732357 0.0318217 -0.0338797 0.00195898 0.0489253 -0.048061 -0.0234061 0.0161284 0.0925858
internal_weight=0 335.406 131.338 99.4492 60.7001 307.894 35.7654 31.8886 27.5183 8.24704 27.5123 22.5728 9.3158 272.128 10.8779 14.113 4.42899 49.7333 5.08905 23.0893 3.87586 8.05488 4.78359 22.4366 4.84814 2.1016 261.251 8.87136 2.28462 3.21449
internal_count=33931 29247 4684 4308 4138 28743 2237 376 2047 190 504 264 112 26506 677 406 177 4059 248 1870 88 374 156 1865 292 90 25829 647 110 76
is_linear=0
shrinkage=0.05


Tree=11
num_leaves=31
num_cat=0
split_feature=22 2 5 15 33 3 21 12 19 17 32 15 33 36 3 14 30 3 19 4 21 2 30 12 19 2 3 2 36 33
split_gain=482.42 171.97 35.5178 27.3614 30.4698 11.0644 10.1037 19.9839 10.0606 8.34863 7.36203 7.05506 6.01846 9.84496 9.06373 5.91805 4.08054 6.26129 3.45042 4.83609 3.43791 3.05578 2.82666 2.7593 2.67033 1.83402 3.27343 1.7749 1.59694 1.5777
threshold=1.0000000180025095e-35 5.7313164596176085 1.0000000180025095e-35 758.50000000000011 1.0000000180025095e-35 0.98013605566518125 5.8525000000000009 44951.905000000006 2.1615740740740743 8.5000000000000018 0.082207207207207214 365.50000000000006 1.0000000180025095e-35 60.650000000000013 1.8332110504050443 10625.925000000003 6.5000000000000009 -2.3083771779771443 1.8689814814814818 1.0000000180025095e-35 6.4998206018518525 19.249882541093541 19.500000000000004 42263.270000000011 -1.0000000180025095e-35 3.973382124839397 1.8806768610036946 2.3483981836115562 304.10000000000008 1.0000000180025095e-35
decision_type=2 2 2 2 2 2 2 2 2 2 2 2 2 2 2 2 2 2 2 2 2 2 2 2 2 2 2 2 2 2
left_child=1 2 3 4 5 10 7 21 20 27 22 -12 13 15 24 -2 17 -5 -8 -20 -7 -3 -1 -24 -15 -18 -27 -4 -28 -19
right_child=12 6 9 16 -6 8 18 -9 -10 -11 11 -13 -14 14 -16 -17 25 29 19 -21 -22 -23 23 -25 -26 26 28 -29 -30 -31
leaf_value=-0.045563774176899857 -0.0032942414570221834 -0.041005310349956109 0.04044228210586532 0.082964787668849529 0.11801496571516173 0.011749203318124207 0.13350615724357531 0.10956433298562036 -0.016257340463311752 0.13198314562130728 -0.028410808964895191 0.10756258823677059 0.10475074356860015 0.021581584266324588 0.076101013046777952 0.089797154795991985 -0.049389440379760501 -0.042672945897563534 -0.011613262622093145 0.086023983409211358 0.17422292686525659 0.020230150568458949 -0.018385465152556933 0.069981908909906229 -0.039747216036161305 0.05753571584909413 -0.039803113903644965 -0.029161157958361286 0.029783714218602389 -0.0025135816535530081
leaf_weight=19.113904885016396 1.7135695703327645 3.3998573590070027 0.56454730313271184 0.49446744751185079 3.8143619932234278 0.60894047841429644 10.341620560735462 5.4151528999209404 1.9241671962663529 2.5826467154547572 1.2737407479435199 0.89389025699347247 54.952718630433083 2.1770257819443941 3.7387333540245891 37.623627353459597 273.92825355008245 5.3983666012063605 1.4636200070381153 3.5120982890948653 0.54821137711405754 2.9493361581116915 2.1192878913134332 0.24769937060773362 3.3351334920153004 0.39287870470434327 3.6014275141060357 1.209380001761019 0.24513849616050709 4.1729047484695911
leaf_count=1811 62 90 7 20 39 40 47 28 160 20 98 38 284 18 22 345 29046 490 34 45 7 44 182 16 188 37 286 56 14 269
internal_value=0 -0.0307415 -0.0409489 -0.0429819 0.00196168 -0.0182578 0.0881736 0.04719 0.0590737 0.088059 -0.0303217 0.043917 0.0916132 0.074942 0.0250591 0.0857609 -0.0477349 -0.0146444 0.11483 0.0601665 0.133805 -0.0136779 -0.0394334 0.00890019 -0.0159309 -0.0488756 -0.0125826 -0.000416094 -0.0301381 -0.0270582
internal_weight=0 350.216 323.134 318.778 30.5442 26.7298 27.0817 11.7643 3.08132 4.35657 23.6485 2.16763 103.541 48.5881 9.25089 39.3372 288.233 10.0657 15.3173 4.97572 1.15715 6.34919 21.4809 2.36699 5.51216 278.168 4.23944 1.77393 3.84657 9.57127
internal_count=33843 32924 32636 32553 2391 2352 288 162 207 83 2145 136 919 635 228 407 30162 779 126 79 47 134 2009 198 206 29383 337 63 300 759
is_linear=0
shrinkage=0.05


Tree=12
num_leaves=31
num_cat=0
split_feature=22 2 19 10 30 33 14 21 5 37 0 0 17 0 3 2 38 5 19 36 10 30 36 36 19 14 24 10 38 17
split_gain=407.142 178.259 54.3586 28.5315 19.0606 17.1608 15.8701 13.4501 45.1761 9.08085 7.84943 6.06928 5.91688 4.94616 4.76254 4.45827 3.67555 3.62157 3.36181 3.62189 2.05315 5.33231 5.63652 6.81907 5.17928 5.22545 3.74369 2.23471 1.99139 2.68021
threshold=1.0000000180025095e-35 2.7962566456686622 0.027800925925925927 3718.7350000000001 6.5000000000000009 1.0000000180025095e-35 31582.470000000005 3.8986342592592598 1.0000000180025095e-35 37.850000000000001 21445.595000000005 2972.6150000000002 3.5000000000000004 29395.065000000006 2.1834855719553268 19.249882541093541 1.5463336143265562 1.0000000180025095e-35 22.723784722222224 51.650000000000013 690.89000000000021 18.500000000000004 56.850000000000001 15.850000000000003 21.998072916666668 20729.515000000003 1.5000000000000002 698.96500000000003 1.6286505249724763 9.5000000000000018
decision_type=2 2 2 2 2 2 2 2 2 2 2 2 2 2 2 2 2 2 2 2 2 2 2 2 2 2 2 2 2 2
left_child=1 4 7 15 5 -1 -7 8 16 13 -5 -8 14 -2 -11 28 -3 20 -14 -20 -6 26 23 -23 25 -25 27 -22 -4 -30
right_child=9 2 3 10 17 6 11 -9 -10 12 -12 -13 18 -15 -16 -17 -18 -19 19 -21 21 22 -24 24 -26 -27 -28 -29 29 -31
leaf_value=-0.043326098420956596 -0.03566889248687042 -0.039455539375223447 -0.044978815921429868 0.15175368655343521 -0.048932321335651979 -0.035206537083842741 0.13943114423673839 0.13776219565814296 0.12503645546149414 -0.033579710690075835 -0.0046981583966956356 0.0097018642462583619 0.092122363110529709 0.061176676279546066 0.067077877050299162 0.060024064557154144 0.049220909666705961 0.034773899398693485 0.057622919550657195 -0.027637250822867988 0.034778633683849772 -0.032996402162816178 -0.040289131575044462 -0.017464835129552058 -0.022252181982038544 0.12661552806107462 0.037259124537357295 -0.046755121776492069 -0.027462259190331736 0.064077436484060765
leaf_weight=5.9683930799365026 2.2579920021817084 6.9863115362823054 14.98750150669367 2.075658579356968 227.89568908140063 2.2199293561279774 3.2974110087379813 12.524968047626315 10.950358755886555 1.7668143650516861 1.0051435139030216 1.3411500733345745 91.170153841376305 1.2192669361829755 1.0775119811296461 0.32533298432826896 0.49698507227003563 0.69655056297778983 3.0115947499871245 1.0984063101932404 0.17839791066944499 1.8715838100761155 3.8515574866905808 0.52863133698701936 0.78134451061487187 1.794602036476135 0.70076318178325792 38.787631356157362 1.1241493942216028 0.30623786989599455
leaf_count=542 128 365 1255 37 25312 166 58 77 58 65 35 57 554 5 5 2 20 21 52 75 18 183 359 55 74 109 52 4043 96 18
internal_value=0 -0.028488 0.0571462 -0.00753258 -0.0436329 0.0149441 0.0647127 0.0975023 0.064466 0.0850873 0.112067 0.110295 0.0878748 0.00436839 0.0120818 -0.0346149 -0.0284584 -0.0463885 0.0899884 0.0338876 -0.0467177 -0.035532 -0.000276062 0.0322535 0.0700447 0.0984411 -0.0431783 -0.045521 -0.0398287 0.0104372
internal_weight=0 340.696 50.7826 19.824 289.914 12.8269 6.85849 30.9586 18.4337 101.602 3.0808 4.63856 98.1245 3.47726 2.84433 16.7432 7.4833 277.087 95.2802 4.11 276.39 48.4945 8.82772 4.97616 3.10458 2.32323 39.6668 38.966 16.4179 1.43039
internal_count=33896 33012 1963 1443 31049 823 281 520 443 884 72 115 751 133 70 1371 385 30226 681 127 30205 4893 780 421 238 164 4113 4061 1369 114
is_linear=0
shrinkage=0.05


Tree=13
num_leaves=31
num_cat=0
split_feature=22 3 6 15 33 19 21 3 23 39 3 15 37 36 36 19 31 32 14 3 10 33 18 32 17 32 3 18 0 23
split_gain=391.889 155.829 27.7158 22.8656 27.4046 11.5303 12.5029 15.1707 8.31252 53.2046 28.963 8.21182 6.37671 5.88898 8.83452 6.28706 4.83652 9.34685 7.55431 4.0944 4.12835 3.73318 2.74403 2.33033 5.26799 3.08078 2.00888 2.3058 1.69323 1.6357
threshold=1.0000000180025095e-35 2.3159627611228468 1.5000000000000002 614.00000000000011 1.0000000180025095e-35 23.137812500000006 9.0012500000000006 4.641437745208993 1.0000000180025095e-35 1.0000000180025095e-35 2.1834855719553268 419.50000000000006 994.05000000000007 56.850000000000001 17.550000000000004 21.025092592592596 1.0000000180025095e-35 0.054804804804804812 30499.280000000002 1.1134569685009248 6524.7250000000013 1.0000000180025095e-35 1.0000000180025095e-35 0.082207207207207214 12.500000000000002 0.10620300751879701 0.80203339531218354 1.0000000180025095e-35 45425.610000000008 14.450353009259262
decision_type=2 2 2 2 2 2 2 2 2 2 2 2 2 2 2 2 2 2 2 2 2 2 2 2 2 2 2 2 2 2
left_child=1 2 3 4 11 6 7 21 9 10 26 19 16 14 -13 -16 23 18 -18 -1 -21 -3 -14 -5 28 -26 -2 -28 -25 -8
right_child=8 5 -4 12 -6 -7 29 -9 -10 -11 -12 13 22 -15 15 -17 17 -19 -20 20 -22 -23 -24 24 25 -27 27 -29 -30 -31
leaf_value=-0.041958196135619269 -0.047468712778857253 -0.036029475099960719 0.081235153085978007 -0.049026602003358372 0.10884614140475853 -0.033574938188481084 0.05472346962802252 0.084334296985180288 0.08905038345267817 0.16213092507072666 0.12443301217550823 -0.026211808407292231 -0.018247479026325487 -0.030260408109919208 0.16230449460228322 -0.015449760761078776 -0.027658441404945996 -0.042976638259788869 0.10716589856833802 -0.02561921773920417 0.08914770487090963 0.037344595008889932 0.088368998653947275 -0.037609955160403996 0.10235393414578142 -0.017049196978138486 -0.031624077299164811 0.037784551247442226 0.032166860419973797 0.11855226903686988
leaf_weight=16.508296296000491 9.520981461741032 4.8465136447921413 3.7582895793020716 244.38852075859904 3.9976677894592276 1.8651123791933049 3.9824283784255412 7.4696395955979824 85.052015468478203 6.088431403040885 2.4871386140584937 1.0689055267721408 0.55994789209216733 1.4903834378346799 1.1106156436726449 0.44003443885594595 1.2048228085041031 5.6524866102263331 1.517562619410455 1.0149523308500636 0.4262814251706003 1.5457930713891981 0.42371854837983847 10.706007531844074 0.30456609837710935 0.50968736130744219 1.6249124351888886 1.1989519484341145 0.19624800607562143 13.480070526711641
leaf_count=1670 422 165 77 28358 34 107 52 66 348 39 18 93 40 144 72 42 102 529 52 84 18 27 8 1210 17 56 88 14 5 126
internal_value=0 -0.0283801 -0.0399696 -0.0418045 0.00279457 0.0728822 0.0800635 0.0402845 0.0817668 0.0494438 -0.00413254 -0.0203111 -0.0461763 0.0373242 0.073513 0.125581 -0.0467141 -0.00822268 0.0560971 -0.0347812 0.0309385 -0.0156345 0.0490745 -0.0479359 -0.0231191 0.059412 -0.0374183 1.98696e-05 -0.0337569 0.107748
internal_weight=0 328.469 295.279 291.521 26.0571 33.1896 31.3244 13.8619 105.972 20.9204 14.832 22.0595 265.464 4.10994 2.61956 1.55065 264.48 8.37487 2.72239 17.9495 1.44123 6.39231 0.983666 256.105 11.7165 0.814253 12.3448 2.82386 10.9023 17.4625
internal_count=34083 33154 32611 32534 2157 543 436 258 929 581 542 2123 30377 351 207 114 30329 683 154 1772 102 192 48 29646 1288 73 524 102 1215 178
is_linear=0
shrinkage=0.05


Tree=14
num_leaves=31
num_cat=0
split_feature=22 3 5 15 15 14 36 36 44 23 39 3 14 23 23 30 14 3 37 3 32 17 21 3 18 42 17 15 37 1
split_gain=349.766 167.802 29.4904 25.4212 25.0737 20.0916 15.076 18.56 14.2563 9.83755 41.9485 24.2556 8.78845 7.24085 6.44176 3.98993 5.20582 3.75357 3.74732 4.5615 3.56002 2.83156 2.94343 1.93096 2.29766 1.83432 1.54712 1.49751 1.49664 1.37026
threshold=1.0000000180025095e-35 2.8025866982932452 1.0000000180025095e-35 614.00000000000011 182.50000000000003 30499.280000000002 59.45000000000001 17.550000000000004 1.0000000180025095e-35 1.0000000180025095e-35 1.0000000180025095e-35 2.0821601211680192 300907.25500000006 7.885422453703705 15.024895833333336 6.5000000000000009 72604.070000000022 1.2612405391485977 67.250000000000014 4.641437745208993 0.21583850931677021 9.5000000000000018 3.8986342592592598 0.80203339531218354 1.0000000180025095e-35 1.0000000180025095e-35 11.500000000000002 18795.500000000004 153.65000000000001 6.0097832216539206
decision_type=2 2 2 2 2 2 2 2 2 2 2 2 2 2 2 2 2 2 2 2 2 2 2 2 2 2 2 2 2 2
left_child=1 2 3 4 17 29 7 -7 15 10 11 23 -4 -3 -9 16 26 -1 19 -15 28 22 27 -2 -25 -17 -5 -20 -18 -6
right_child=9 13 12 8 5 6 -8 14 -10 -11 -12 -13 -14 18 -16 25 20 -19 21 -21 -22 -23 -24 24 -26 -27 -28 -29 -30 -31
leaf_value=-0.047080660373995165 -0.04713684684585185 -0.015835377803712941 -0.030317150180017335 -0.03841928986022141 0.02290601260342276 -0.028298564024150898 -0.018289853080741367 0.0081001387819775329 0.11144322627867287 0.085850752941462688 0.14296136553702862 0.10636143220614135 0.098927804469098934 -0.0208192317245273 0.18077632327166573 -0.048187015052649614 0.0068393117340682418 0.038390953894270427 0.049473049648393969 0.069741494771732179 -0.023312142079896712 0.12443514725499855 0.086541996452771094 -0.031741767895124152 0.03738390137393087 0.023017679933918945 0.027694685667554581 -0.0018589094797739386 0.10364966852072388 -0.040208919956449735
leaf_weight=12.911632660776377 9.0245138276368397 1.5880608493462194 1.2460685707628716 7.2252258667722327 0.36898717842996021 1.2620295779779533 2.0424679517745972 0.70521203521639098 0.51753287017345329 84.258901014924049 6.1856600381433955 2.8419896243140093 4.1104993605986238 1.9766260972246554 4.5675636800006032 245.16724287904799 0.73271535802632592 0.6744996942579754 3.7342272633686724 1.9260734841227531 0.85521594900637854 7.329552528448402 13.928264008834956 1.6414146991446605 1.2062121704220772 0.36437365505844255 0.27997933886945237 1.9296027049422262 0.60870170965790749 3.8236697539687157
leaf_count=1320 417 42 33 654 39 111 159 48 4 349 38 22 62 44 98 29810 30 43 36 12 81 49 99 89 14 30 11 40 16 356
internal_value=0 -0.0266883 -0.0389024 -0.0411837 0.00538666 0.053598 0.094039 0.126916 -0.0459852 0.0780112 0.0439283 -0.00415237 0.0688227 0.0795602 0.162655 -0.0467381 -0.0135692 -0.0404962 0.0848181 0.0289836 0.0423392 0.0915842 0.0738484 -0.0368152 -0.000355116 -0.0479884 -0.0329867 0.0343302 0.0762752 -0.0313128
internal_weight=0 319.876 287.464 282.107 26.3561 12.7699 8.57727 6.53481 255.751 105.159 20.8998 14.7141 5.35657 32.4124 5.27278 255.233 9.70184 13.5861 30.8243 3.9027 2.19663 26.9216 19.5921 11.8721 2.84763 245.532 7.50521 5.66383 1.34142 4.19266
internal_count=34156 33227 32905 32810 2174 811 416 257 30636 929 580 542 95 322 146 30632 792 1363 280 56 127 224 175 520 103 29840 665 76 46 395
is_linear=0
shrinkage=0.05


Tree=15
num_leaves=31
num_cat=0
split_feature=22 3 5 15 33 19 15 21 14 23 19 39 3 17 15 36 36 19 4 30 14 23 17 17 15 30 14 30 23 6
split_gain=327.381 152.841 22.4132 16.993 19.2461 15.3181 18.0201 15.8008 13.4607 11.4272 35.0769 11.3119 18.4 8.84285 6.26513 5.84659 8.70311 7.03158 5.62353 5.573 6.55079 5.03107 3.93745 2.52571 2.25686 1.76357 1.57158 1.50996 2.53281 1.29829
threshold=1.0000000180025095e-35 2.0064716797994779 1.0000000180025095e-35 758.50000000000011 1.0000000180025095e-35 2.0870370370370375 691.50000000000011 3.8986342592592598 58958.945000000014 1.0000000180025095e-35 0.027800925925925927 1.0000000180025095e-35 1.3582783326291494 9.5000000000000018 365.50000000000006 58.850000000000001 17.550000000000004 20.02514467592593 1.0000000180025095e-35 6.5000000000000009 72604.070000000022 8.0583275462962991 7.5000000000000009 8.5000000000000018 81029.000000000015 4.5000000000000009 34880.375000000007 19.500000000000004 30.949230324074076 1.5000000000000002
decision_type=2 2 2 2 2 2 2 2 2 2 2 2 2 2 2 2 2 2 2 2 2 2 2 2 2 2 2 2 2 2
left_child=1 2 3 4 14 7 -7 8 24 10 11 12 -2 -8 27 16 -16 21 -15 20 25 -18 -22 29 -3 -5 -27 -1 -29 -4
right_child=9 5 23 19 -6 6 13 -9 -10 -11 -12 -13 -14 18 15 -17 17 -19 -20 -21 22 -23 -24 -25 -26 26 -28 28 -30 -31
leaf_value=-0.046948794970883466 -0.033924347883343989 -0.033512661033341953 -0.024274663564789925 -0.043193583811057278 0.08368965798890976 0.10779338017896492 -0.046459649230045863 0.12202012368686366 0.077746992889473315 0.082701703943488081 -0.044938831717393005 0.13117849238900464 0.10816130511946281 -0.025632855549575367 -0.032869880973664216 -0.037356317378292134 -0.014520438816993428 -0.022645366076260748 0.097866023976182381 -0.048639328240643175 -0.0090428496307331796 0.14384492929519749 0.094298525928048105 0.091679237248552231 0.025339268667804948 -0.023285448071869483 0.04567232500058848 -0.030565529073124206 0.05203897710896177 0.037968119783437636
leaf_weight=13.278588823974138 4.052150356583299 4.1220605378039208 0.81915163528174095 5.8006424941122514 4.0685110427439204 2.7475363779813042 7.1851253425702435 12.944812709465621 9.1185821127146465 84.640880465507507 7.4221249138936392 6.0117622166872025 3.3393143024295568 0.99811775190755736 1.8546446952968825 2.8315896177664399 0.40254872292280275 0.81068828608840693 1.2438982003368437 226.63851276738569 1.3856015726923945 1.8111303923651574 1.0522698471322653 2.3764579137787223 1.5322301327250896 0.85358987655490615 0.55712849833071232 1.5288522960618127 0.46591832675039757 0.58053429238498211
leaf_count=1471 86 167 37 554 34 32 468 68 77 356 447 30 21 75 184 289 36 77 14 29040 96 99 36 14 42 80 28 147 39 11
internal_value=0 -0.0273011 -0.040959 -0.0427751 -0.00503199 0.0629167 0.0145784 0.0829018 0.0430613 0.0744078 0.0384538 0.0845468 0.0355069 -0.0203214 -0.0235717 0.0121727 0.0423822 0.0852302 0.051938 -0.0470569 -0.00881141 0.11949 0.0500174 0.0681306 -0.0161533 -0.0323683 0.0115965 -0.041256 -0.000337528 0.00660529
internal_weight=0 307.009 267.116 263.34 27.0525 39.8924 12.1747 27.7177 14.7729 105.466 20.8254 13.4032 7.39146 9.42714 22.984 7.7106 4.87901 3.02437 2.24202 236.288 9.64923 2.21368 2.43787 3.77614 5.65429 7.21136 1.41072 15.2734 1.99477 1.39969
internal_count=34155 33215 32272 32210 2376 943 589 354 286 940 584 137 107 557 2342 685 396 212 89 29834 794 135 132 62 209 662 108 1657 186 48
is_linear=0
shrinkage=0.05


Tree=16
num_leaves=31
num_cat=0
split_feature=22 2 19 15 30 14 32 23 19 23 15 19 32 39 2 3 3 5 0 21 6 14 15 15 3 42 21 0 14 21
split_gain=290.695 125.311 29.5401 24.2844 21.0154 13.8155 12.1799 11.8334 32.8996 11.3251 10.1608 10.9534 12.1025 8.67774 17.576 8.15367 6.21444 5.56008 5.47991 5.26605 30.8675 4.53657 3.58373 2.97925 3.28601 2.05884 1.82029 1.62219 1.26436 1.12077
threshold=1.0000000180025095e-35 2.7962566456686622 0.027800925925925927 691.50000000000011 6.5000000000000009 30499.280000000002 0.36602870813397131 1.0000000180025095e-35 0.027800925925925927 7.9839583333333346 758.50000000000011 0.027800925925925927 0.082207207207207214 1.0000000180025095e-35 3.7461379636806407 0.80203339531218354 4.641437745208993 1.0000000180025095e-35 2926.6300000000006 -1.0000000180025095e-35 1.0000000180025095e-35 46722.220000000016 614.00000000000011 482.50000000000006 -0.7556058038439265 1.0000000180025095e-35 40.211296296296304 45425.610000000008 7851.9350000000013 3.190896990740741
decision_type=2 2 2 2 2 2 2 2 2 2 2 2 2 2 2 2 2 2 2 2 2 2 2 2 2 2 2 2 2 2
left_child=1 4 9 -4 5 -1 18 8 13 29 11 15 -13 14 -2 23 26 25 -7 20 22 -14 -11 -6 -25 -12 -5 -20 -24 -3
right_child=7 2 3 16 10 6 -8 -9 -10 19 17 12 21 -15 -16 -17 -18 -19 27 -21 -22 -23 28 24 -26 -27 -28 -29 -30 -31
leaf_value=-0.041965984754283273 -0.03314417955874973 -0.036076742021312266 0.10601386297808693 -0.041912538951603087 -0.024671889496379839 0.11484801458707297 -0.034240762493206595 0.080299240333544492 -0.044927752518201275 0.050807875310073719 -0.049180855943273802 -0.045017060827850224 -0.020720183486142203 0.12369298168627846 0.10758451329030633 0.12043058718910248 0.052920300730104522 0.040323268429446196 -0.025978689567687993 0.11048703364665487 0.10975389076062536 0.10289872781760914 0.015436308871104872 0.096896587706968657 -0.019260161956375671 0.027594279682228735 0.029949538914894526 0.04307542794602378 -0.044743431595861492 0.02375530784744655
leaf_weight=4.7831368315964919 3.8809992512688058 1.9900926365517109 3.1012294413521913 14.74134143674746 2.8655603751540215 4.3275843728333712 2.0986065287142992 79.549234569072723 7.4481150871142736 0.46433692891151679 208.0898683690466 16.856757994741205 0.68523705936968227 5.661647342145443 3.2742584981024265 1.2943162331357596 1.2062887549400336 1.0557658104225982 1.0404345346614716 11.851080393418664 9.9192003384232503 1.2217527301982043 0.51111392397433508 0.35441787447780371 0.61307943612337101 0.28555003553628822 0.24910631217062551 0.46552950143814076 5.3778109829872847 0.29025791771709908
leaf_count=479 88 138 61 1386 265 77 209 340 466 9 28018 1841 53 26 17 44 7 23 64 61 45 33 28 19 55 26 27 2 232 9
internal_value=0 -0.026751 0.0450208 -0.00348827 -0.0413731 0.0199186 0.0577559 0.0715232 0.034917 0.0749411 -0.0447841 -0.0132198 -0.0308728 0.0812097 0.0365491 0.045877 -0.0294005 -0.0483049 0.091019 0.0834604 0.0585201 0.0666315 -0.0255178 0.000993082 0.0509125 -0.0489444 -0.0389201 0.00403856 -0.0380377 -0.0235409
internal_weight=0 295.739 49.7019 19.298 246.038 12.7153 7.93215 99.8143 20.265 30.4039 233.322 23.8911 18.7637 12.8169 7.15526 5.12737 16.1967 209.431 5.83355 28.1235 16.2725 1.90699 6.35326 3.83306 0.967497 208.375 14.9904 1.50596 5.88892 2.28035
internal_count=34148 33211 2003 1481 31208 831 352 937 597 522 30377 2310 1927 131 105 383 1420 28067 143 375 314 86 269 339 74 28044 1413 66 260 147
is_linear=0
shrinkage=0.05


Tree=17
num_leaves=31
num_cat=0
split_feature=22 2 30 19 17 32 32 21 5 23 19 39 2 36 5 15 32 10 37 14 3 36 37 37 15 37 30 15 15 12
split_gain=273.255 118.837 22.7981 22.0223 16.4969 15.9576 12.2362 9.71536 28.8137 9.334 28.9463 9.83183 14.6184 6.84189 6.71965 6.56185 12.0917 5.86261 5.65682 5.01477 3.50663 3.00393 4.85523 2.57195 1.76441 1.67648 1.39632 0.798909 0.842429 0.744981
threshold=1.0000000180025095e-35 2.9272750312602089 6.5000000000000009 0.027800925925925927 9.5000000000000018 0.22474747474747478 0.039607843137254913 3.8986342592592598 1.0000000180025095e-35 1.0000000180025095e-35 0.027800925925925927 1.0000000180025095e-35 2.2110177072425423 55.050000000000004 1.0000000180025095e-35 758.50000000000011 0.082207207207207214 7541.1750000000002 71.750000000000014 46722.220000000016 1.1134569685009248 37.550000000000004 86.15000000000002 169.75000000000003 237.50000000000003 666.85000000000014 8.5000000000000018 102584.00000000001 135888.00000000003 130343.04500000003
decision_type=2 2 2 2 2 2 2 2 2 2 2 2 2 2 2 2 2 2 2 2 2 2 2 2 2 2 2 2 2 2
left_child=1 2 5 7 17 6 21 8 24 10 11 12 -2 18 15 16 20 27 -6 -18 25 22 -1 -22 -3 -4 -26 -5 -29 -17
right_child=9 3 14 4 13 -7 -8 -9 -10 -11 -12 -13 -14 -15 -16 29 19 -19 -20 -21 23 -23 -24 -25 26 -27 -28 28 -30 -31
leaf_value=-0.026304578472886239 -0.033314626660855141 0.032845634184901211 -0.040307419298411862 -0.046970372323724238 -0.018368220287808577 -0.042088287225003379 0.11840875119794898 0.1026370219326742 0.091216462514449301 0.077848188388997805 -0.044283472112359473 0.11516340110808594 0.093720726968423831 -0.025255521939111687 0.042833367160643399 -0.049107231692084682 -0.020517324105868689 0.046649483830070698 0.12566566393305476 0.10907114569447883 -0.022834636517303455 -0.034676566937606915 0.092660837222591899 0.066671631819256866 0.017491551186929962 0.028125229421433126 -0.045662721910702607 0.03199845772793633 -0.022054846849690425 -0.0051158081330014687
leaf_weight=1.0655442904680952 3.9496418936178106 0.190166414715354 18.392458368558447 10.033043929375708 0.55208667647093479 5.0020638471469283 3.7554923240095377 12.661595364101229 10.437150647863746 76.311321496963501 6.6737948507070533 6.9341209977865219 3.337127017788589 0.94281287072226394 1.4136837683618058 198.89744174201041 0.68095700722187702 1.2974311714060593 2.6777802775613964 1.4359350390732286 0.81712884968146571 2.1038600448518991 0.68794504646211851 0.68396016117185354 0.46912304311990727 0.2651625769212832 6.3577516106888652 0.21841095434501845 0.76503744022920728 1.214487871620803
leaf_count=76 87 4 2031 928 39 541 43 69 51 333 437 32 20 81 27 28119 59 31 49 36 70 146 18 32 26 15 312 27 82 144
internal_value=0 -0.0271661 -0.0415453 0.0451208 -0.00150959 0.0223958 0.0647329 0.0698763 0.0418371 0.0695887 0.0372456 0.0759025 0.0291529 0.0743512 -0.0452331 -0.0459821 -0.0190799 -0.0308694 0.102524 0.0741769 -0.0319158 -0.00114426 0.0370705 0.0282992 -0.0338262 -0.0379536 -0.0396426 -0.0431213 3.00693e-05 -0.048867
internal_weight=0 283.019 236.416 46.6024 16.4866 12.6149 7.61284 30.1158 17.4542 97.206 20.8947 14.2209 7.28677 4.17268 223.801 222.388 22.2756 12.3139 3.22987 2.11689 20.1587 3.85735 1.75349 1.50109 7.01704 18.6576 6.82687 11.0165 0.983448 200.112
internal_count=33965 33056 31357 1699 1237 824 283 462 393 909 576 139 107 169 30533 30506 2243 1068 88 95 2148 240 94 102 342 2046 338 1037 109 28263
is_linear=0
shrinkage=0.05


Tree=18
num_leaves=31
num_cat=0
split_feature=18 2 21 0 5 15 15 30 17 14 10 21 19 2 23 23 3 19 19 21 17 3 10 17 3 23 38 37 23 2
split_gain=190.36 80.0976 52.2365 60.0614 69.5479 38.1065 19.595 13.2421 9.93659 8.98602 8.37965 6.69577 6.67812 6.48155 4.69454 4.10261 4.07957 4.06313 3.70803 3.34519 3.29289 3.19824 3.0106 2.68405 2.4987 2.08012 1.90968 1.5014 1.47186 1.35782
threshold=1.0000000180025095e-35 3.973382124839397 5.2896122685185194 106.38000000000001 1.0000000180025095e-35 758.50000000000011 182.50000000000003 6.5000000000000009 5.5000000000000009 31582.470000000005 7795.045000000001 11.354212962962965 22.723784722222224 0.61716727723923037 15.024895833333336 19.859947916666673 2.8025866982932452 20.652442129629634 0.027800925925925927 11.354212962962965 11.500000000000002 0.21096454792475625 1348.4850000000004 8.5000000000000018 1.215571487446977 1.0000000180025095e-35 0.0099424629060603665 153.65000000000001 1.0000000180025095e-35 0.20906932184824964
decision_type=2 2 2 2 2 2 2 2 2 2 2 2 2 2 2 2 2 2 2 2 2 2 2 2 2 2 2 2 2 2
left_child=1 5 3 -2 10 6 24 13 -3 18 -5 27 15 19 21 -13 -16 26 -8 -7 -19 28 -14 -15 -1 -23 -10 -11 -4 -9
right_child=2 8 14 4 -6 7 9 29 17 11 -12 12 22 23 16 -17 -18 20 -20 -21 -22 25 -24 -25 -26 -27 -28 -29 -30 -31
leaf_value=-0.043110707242136448 0.078143966602742684 -0.0225975713963656 -0.018604650452856187 -0.046521859151041116 0.092681323954487513 -0.022660305581872348 0.043031630632232094 -0.0065232168703562177 -0.00096367483720057186 -0.029744835235481434 0.038019372258703277 0.04419992562517925 0.046348612003240169 -0.040886024161923655 0.17093724780367836 0.13287116456801684 0.079758512499108772 -0.024195011612331074 -0.032883100610611241 0.067134643643098499 0.053536288113481378 0.11986980524254975 -0.029696033796489496 0.0255581644452158 0.030603253004205223 0.070584719078094202 0.078739639461909802 0.024486397119039462 0.045353863772929992 -0.046787442233805779
leaf_weight=9.9007220263592899 33.902846720069647 3.0535380505025413 0.49184008594602602 35.785794059745967 12.13061787933111 0.79198598582297375 1.405803039669993 2.4732582415454081 0.756325914990163 1.406246850267052 2.4479051693342617 3.6087724696844798 2.0024964818730946 4.2213102672249079 4.7004826217889768 4.527210199739784 5.9574598893523216 2.0467000086791809 3.9771745512261987 3.777414838783443 1.5487926527857778 6.8584645232185748 1.4034650372341273 1.3619428249076007 0.57750680809840638 15.683708779048173 18.726754331495613 1.7195126228034494 5.3550477521494031 179.76922747027129
leaf_count=1180 162 172 6 4038 55 59 48 237 31 120 89 101 41 443 81 77 26 102 410 103 26 32 132 66 27 143 165 49 121 25709
internal_value=0 -0.0252405 0.0504655 0.0277264 -0.00707287 -0.0349862 0.0164649 -0.0431933 0.0561225 0.0446912 -0.040278 0.0638843 0.0802031 0.0113884 0.0976208 0.102683 0.131185 0.067044 -0.00942183 0.0502968 0.0136521 0.0809852 0.0153856 -0.0232578 -0.0367357 0.0900345 0.0757496 -0.00120762 0.0380422 -0.0462796
internal_weight=0 249.056 123.314 84.2672 50.3643 222.924 30.5289 192.395 26.1321 20.0507 38.2337 14.6677 11.5419 10.1527 39.047 8.13598 10.6579 23.0786 5.38298 4.5694 3.59549 28.3891 3.40596 5.58325 10.4782 22.5422 19.4831 3.12576 5.84689 182.242
internal_count=34051 29298 4753 4344 4182 28802 2185 26617 496 978 4127 520 351 671 409 178 107 324 458 162 128 302 173 509 1207 175 196 169 127 25946
is_linear=0
shrinkage=0.05


Tree=19
num_leaves=31
num_cat=0
split_feature=22 2 19 10 15 15 36 37 5 23 18 23 39 2 30 17 15 32 36 36 21 12 18 2 1 33 42 2 36 36
split_gain=227.047 129.531 17.4498 21.4402 17.4024 17.1653 14.8081 15.1757 12.004 9.68327 27.2386 9.52074 7.92085 7.3645 5.87799 5.51182 6.05172 5.03281 5.77063 8.17568 4.91227 13.6105 3.86615 4.21308 3.78954 3.19866 2.02619 1.86396 1.02764 0.914803
threshold=1.0000000180025095e-35 2.9272750312602089 0.027800925925925927 3718.7350000000001 614.00000000000011 182.50000000000003 58.850000000000001 152.85000000000005 1.0000000180025095e-35 1.0000000180025095e-35 1.0000000180025095e-35 7.885422453703705 1.0000000180025095e-35 1.624304152304858 6.5000000000000009 9.5000000000000018 47925.500000000007 0.19139194139194141 50.050000000000004 25.350000000000005 3.8986342592592598 23147.165000000005 1.0000000180025095e-35 0.5904031575992591 9.8157734611561924 1.0000000180025095e-35 1.0000000180025095e-35 2.6747992827852056 181.65000000000001 135.25000000000003
decision_type=2 2 2 2 2 2 2 2 2 2 2 2 2 2 2 2 2 2 2 2 2 2 2 2 2 2 2 2 2 2
left_child=1 4 11 15 5 27 7 22 14 10 -2 29 13 -12 17 -4 -17 18 19 -6 21 25 23 -7 -5 28 -16 -1 -13 -3
right_child=9 2 3 24 8 6 -8 -9 -10 -11 12 20 -14 -15 26 16 -18 -19 -20 -21 -22 -23 -24 -25 -26 -27 -28 -29 -30 -31
leaf_value=-0.04631708682532977 -0.044344429455974915 -0.035448801667647876 -0.042380189313455864 0.11645622006676071 -0.027348222014864282 0.046010217075717778 -0.039486242475065825 0.14374445832653915 0.061709752647231456 0.074265875676890622 -0.037528188419634262 -0.039941162184982934 0.10706995298615125 0.064108427231609769 -0.048442452151445686 -0.030470489794149586 0.089006866945066154 -0.040762448617724434 -0.032625002809216534 0.11317495719966773 0.10026537755372816 0.084061701443178927 0.072942921372710981 -0.038374568925647723 0.013970348329816111 0.046298838720623514 0.027546012442735503 0.029121495342664963 0.0065796382608677376 0.018922447449397993
leaf_weight=10.77471810253337 6.7929005464538941 1.7561922534368926 10.114535386208447 2.9820308079943052 1.1585335340350851 1.332209057174621 3.4640805544331661 3.2549786474555731 1.785439277999102 75.38357849419117 2.233227601274848 3.2904983349144485 6.8082253485918045 3.1983539275825024 184.35709601128474 1.4247885691002005 1.0591165712103245 4.1981169814243913 1.7893182178959248 1.6976473759859798 13.994592226110397 10.330082183703778 0.98473492870107282 3.1220038291066885 1.5580500373616812 0.98434357298538078 0.28592207003384729 0.22710600588470775 1.2925336398184297 0.35927055031061161
leaf_count=1346 483 105 1017 33 86 65 340 41 25 344 40 168 30 23 28474 115 43 486 140 47 73 62 48 309 35 25 27 5 21 15
internal_value=0 -0.0236488 0.0490028 0.00759841 -0.0401438 0.000812176 0.0402232 0.0727803 -0.0449807 0.0661413 0.0318613 0.070271 0.0743092 0.0229823 -0.0462775 -0.0265946 0.031399 -0.00575149 0.0275038 0.0638648 0.0774132 0.0525532 0.0145828 -0.00932759 0.0901556 -0.00980767 -0.048177 -0.0424632 -0.0279926 -0.0231051
internal_weight=0 267.578 49.146 17.1385 218.432 23.1598 12.158 8.69393 195.272 94.4163 19.0327 32.0075 12.2398 5.43158 193.487 12.5984 2.48391 8.84362 4.6455 2.85618 29.892 15.8975 5.43895 4.45421 4.54008 5.56738 184.643 11.0018 4.58303 2.11546
internal_count=34071 33151 1712 1243 31439 2154 803 463 29285 920 576 469 93 63 29260 1175 158 759 273 133 349 276 422 374 68 214 28501 1351 189 120
is_linear=0
shrinkage=0.05


Tree=20
num_leaves=31
num_cat=0
split_feature=22 3 19 9 30 23 23 18 33 14 9 17 0 4 39 3 10 30 36 36 19 9 14 36 19 3 36 36 6 10
split_gain=208.992 111.113 25.1734 15.8494 14.3053 11.4014 10.4298 24.1227 10.4277 7.55477 6.61234 6.08453 5.46637 4.61936 4.60572 9.23372 3.41445 7.52349 6.2103 6.55905 5.08302 3.56704 3.07516 2.95509 2.95153 5.34267 2.70629 3.6489 2.62808 1.65029
threshold=1.0000000180025095e-35 1.5319487877656324 0.027800925925925927 1.5000000000000002 6.5000000000000009 7.885422453703705 1.0000000180025095e-35 1.0000000180025095e-35 1.0000000180025095e-35 30499.280000000002 3.5000000000000004 9.5000000000000018 2972.6150000000002 1.0000000180025095e-35 1.0000000180025095e-35 0.80203339531218354 690.89000000000021 18.500000000000004 56.850000000000001 15.850000000000003 21.206394675925928 1.5000000000000002 20729.515000000003 12.450000000000001 0.027800925925925927 0.80203339531218354 20.650000000000002 31.750000000000004 1.5000000000000002 789.92500000000007
decision_type=2 2 2 2 2 2 2 2 2 2 2 2 2 2 2 2 2 2 2 2 2 2 2 2 2 2 2 2 2 2
left_child=1 4 5 11 8 -3 7 -2 -1 -10 16 -4 -11 -13 15 -9 28 24 19 -19 21 22 -21 -7 25 29 -27 -28 -6 -18
right_child=6 2 3 -5 10 23 -8 14 9 12 -12 13 -14 -15 -16 -17 17 18 -20 20 -22 -23 -24 -25 -26 26 27 -29 -30 -31
leaf_value=-0.041403066280082369 -0.044189601351159652 -0.02662567895837932 -0.041161311249920757 0.086811494113816126 -0.048435372650439207 0.024011029610979024 0.07214832460004067 -0.038401688239059567 -0.031881143677403946 0.096844743542772616 0.056278133855310712 -0.017415865001713032 -0.010892527136427643 0.081411804291931761 0.092930149536321394 0.069990257088945393 0.029138978863587423 -0.029223455148198269 -0.036825330014969758 -0.0098591593071479522 -0.020063412813836185 -0.01294988378567391 0.14087276509321969 0.080210596395571432 -0.048255247052397213 -0.016889489711053429 0.12898233713490073 -0.01422263453920229 0.019826685576180631 -0.041016780476184914
leaf_weight=4.5699350172653777 6.6608958817087123 2.5695551759563378 12.737644981592895 2.8002480701543382 155.8542343005538 3.7169063664041486 72.277145460247993 2.4380619693547487 1.6681586704216895 4.1168737653642893 0.82967094192281265 2.017522520851343 1.2857854282483456 1.1437046476639809 6.9438505917787552 3.9435852691531181 0.26174418488517659 1.3696489604189981 2.6644149259664118 0.24338149884715798 0.65549385221675027 0.34389148280024517 1.7791663059033451 27.037366170436144 22.46227340400219 0.49813448311760999 0.37944798590615392 0.39261236228048801 0.92279171757399936 4.351223077159375
leaf_count=544 498 168 1383 59 25163 146 339 44 159 57 56 216 64 11 29 24 34 179 343 35 78 36 72 261 3302 56 6 50 43 585
internal_value=0 -0.0240824 0.040615 -0.00576595 -0.0406464 0.0660506 0.0632668 0.0292412 0.0122594 0.0477746 -0.043884 -0.0262437 0.0735076 0.0293111 0.0664688 0.0289875 -0.0446055 -0.0290551 0.0154468 0.0481088 0.08171 0.107487 0.125474 0.0743885 -0.0402818 -0.00725087 0.0585038 0.0892282 -0.0479105 -0.0325539
internal_weight=0 256.672 52.0229 18.6991 204.649 33.3238 92.2635 19.9864 11.6408 7.07082 193.008 15.8989 5.40266 3.16123 13.3255 6.38165 192.178 35.4014 7.056 4.39158 3.02193 2.36644 2.02255 30.7543 28.3454 5.88316 1.27019 0.77206 156.777 4.61297
internal_count=34040 33106 2244 1669 30862 575 934 595 824 280 30038 1610 121 227 97 68 29982 4776 743 400 221 143 107 407 4033 731 112 56 25206 619
is_linear=0
shrinkage=0.05


Tree=21
num_leaves=31
num_cat=0
split_feature=22 2 19 15 15 36 37 23 5 23 19 23 37 30 3 21 5 36 15 19 23 39 14 32 32 15 14 17 37 2
split_gain=221.243 83.2211 24.7469 17.1139 12.273 12.1436 20.2083 9.43436 7.40707 6.73912 21.711 5.607 5.14241 4.77718 4.52352 4.45927 22.5573 3.99705 4.53656 2.68397 2.47272 2.07083 1.62454 1.33367 2.09674 1.27926 1.18536 1.14457 1.04569 1.02191
threshold=1.0000000180025095e-35 2.7338532495338232 0.027800925925925927 691.50000000000011 758.50000000000011 58.850000000000001 152.85000000000005 7.9839583333333346 1.0000000180025095e-35 1.0000000180025095e-35 0.027800925925925927 40.25133101851852 43.050000000000004 6.5000000000000009 -2.439985648015996 3.8986342592592598 1.0000000180025095e-35 19.550000000000004 165.50000000000003 21.109311342592594 8.0583275462962991 1.0000000180025095e-35 110289.52500000001 0.087595907928388769 0.043961352657004842 614.00000000000011 7851.9350000000013 5.5000000000000009 372.05000000000001 0.9629800556560425
decision_type=2 2 2 2 2 2 2 2 2 2 2 2 2 2 2 2 2 2 2 2 2 2 2 2 2 2 2 2 2 2
left_child=1 3 7 5 22 6 17 28 13 10 12 -6 -2 14 -5 16 25 -1 -19 20 -20 -14 -4 24 27 -9 -27 29 -3 -16
right_child=9 2 4 8 11 -7 -8 15 -10 -11 -12 -13 21 -15 23 -17 -18 18 19 -21 -22 -23 -24 -25 -26 26 -28 -29 -30 -31
leaf_value=-0.040948764996132189 -0.025364150445238834 -0.037626820455480339 0.0065981154679932985 0.067635012146019732 -0.044697329783469242 -0.045266882535702158 0.11964158892088093 0.022443165313466518 0.049849929999772891 0.071142100221818813 -0.043054916197418351 0.053595740551281724 0.039325437157535226 -0.049097379966496678 0.037020879022823139 0.08841572413345139 0.085029754704537205 -0.034649338567207984 -0.018259577332147781 -0.022759701254205178 0.068793123565826286 0.09134431932473755 0.081607294382152154 -0.040121160970070895 0.052232853495549438 0.013874295271115264 -0.044440573847167313 -0.034960740244597187 0.020280577748136124 -0.019626562471549345
leaf_weight=4.2639994276687521 0.94746633153409021 2.2204728615470262 1.2083240710198908 0.65802062116563309 13.375350214075294 8.3453533407300693 3.2629720992408684 0.35966631677002148 1.2184696979820717 71.90248766541481 5.5887170531786969 0.77223341306671578 5.6042659804224941 165.5485681919381 0.70644816802814492 12.510150311514733 10.428679065778852 2.1906046289950609 0.55958869541063938 0.81570037640631188 3.399238292593509 8.0176207646727562 1.9367577526718376 3.883273339830339 0.42510318476706732 0.54571760678663839 5.0206367806531489 2.1122849290259182 0.33327167481183995 0.63397173024713993
leaf_count=526 49 162 46 20 1470 1048 85 7 18 346 442 36 54 28140 47 65 46 295 53 89 121 34 19 484 11 29 227 119 9 65
internal_value=0 -0.0266277 0.0314461 -0.0409993 -0.0160351 -0.000263357 0.0269013 0.0572681 -0.0462781 0.0637949 0.0354641 -0.036148 0.0664143 -0.0472324 -0.00924164 0.0653172 0.043572 -0.00762699 0.0153523 0.0403211 0.0552873 0.0740961 0.0613333 -0.0227356 -0.000669484 -0.0311289 -0.0374812 -0.0174507 -0.0264894 0.0132903
internal_weight=0 246.735 48.7113 198.024 17.2927 22.8375 14.4921 31.4186 175.186 92.0606 20.1581 14.1476 14.5694 173.968 8.4191 28.8649 16.3547 11.2291 6.96513 4.77453 3.95883 13.6219 3.14508 7.76108 3.87781 5.92602 5.56635 3.4527 2.55374 1.34042
internal_count=34162 33237 2116 31121 1571 2217 1169 545 28904 925 579 1506 137 28886 746 374 309 1084 558 263 174 88 65 726 242 263 256 231 171 112
is_linear=0
shrinkage=0.05


Tree=22
num_leaves=31
num_cat=0
split_feature=18 24 21 0 5 15 2 3 32 30 23 21 24 15 19 9 32 23 36 3 0 41 2 37 30 23 3 3 13 17
split_gain=132.226 86.5514 36.8741 46.7811 50.339 27.895 14.6696 12.4164 11.1765 4.75336 5.45102 4.5667 4.13304 3.95603 3.52171 3.43997 3.43048 3.22655 2.86268 1.92566 1.79043 1.61373 1.46894 1.40609 1.32336 1.25049 1.24299 1.08135 0.82648 0.707559
threshold=1.0000000180025095e-35 1.5000000000000002 5.2896122685185194 106.38000000000001 1.0000000180025095e-35 898.50000000000011 3.5876276440757437 3.4357288626039613 0.057983193277310933 6.5000000000000009 29.483304398148153 32.914224537037043 2.5000000000000004 182.50000000000003 0.21398148148148152 1.5000000000000002 0.23303167420814483 15.024895833333336 23.950000000000003 2.8025866982932452 1053.4450000000004 1.0000000180025095e-35 2.7962566456686622 666.85000000000014 6.5000000000000009 19.859947916666673 -3.2337409725332322 -0.65156234297964066 9.5000000000000018 21.500000000000004
decision_type=2 2 2 2 2 2 2 2 2 2 2 2 2 2 2 2 2 2 2 2 2 2 2 2 2 2 2 2 2 2
left_child=1 5 3 -2 15 6 8 9 14 10 29 16 19 -10 18 -5 -12 20 -1 27 -4 -11 -17 24 -16 -15 -26 -3 -20 -7
right_child=2 12 17 4 -6 7 -8 -9 13 21 11 -13 -14 25 23 22 -18 -19 28 -21 -22 -23 -24 -25 26 -27 -28 -29 -30 -31
leaf_value=-0.026505601974711038 0.070196767483147793 0.019828966814106834 0.026393580085866543 -0.044549359793125645 0.077003834501218157 -0.042043839869480751 0.082525426877103208 0.036742557790698072 -0.024209268663641471 -0.04817429854908143 0.09624066335481643 -0.027921712494371104 0.071342407396507629 0.0061377372869900288 0.023132814119691675 -0.0098061087280224817 -0.017511894340597342 0.11301842397419232 0.00056794328540197745 0.054448734069157449 0.075259392190700158 0.019097188429846045 0.056478682255052148 0.025482731085923645 0.013090209618674532 0.079609771415084088 -0.041976801521922763 -0.0231707571895617 0.070695228419878561 0.012701860502386191
leaf_weight=1.1015325174667041 29.952474541030824 1.7875516517087846 3.6386556504294303 31.383014109451324 11.401255756616591 4.7560206409543735 4.6087904926389447 3.9776920350268474 0.90884291892871161 150.25616790633649 1.5251604979857809 1.2105252440087495 20.058497130870819 0.86854890687391151 0.27641448657959422 1.6171666141599406 0.53283072914928187 10.583602694794534 0.55947918398305752 1.1923702694475649 19.842665661126375 0.4074474791996171 0.33508221805095662 0.28888878272846419 0.6542545668780847 3.4732585814781487 14.77954559400677 2.0976575310342014 0.91078243777155876 0.21321326494216908
leaf_count=129 160 119 87 3958 51 472 41 32 92 25653 36 112 93 40 6 141 74 110 42 7 203 38 2 15 30 53 1915 319 22 1
internal_value=0 -0.0241791 0.043142 0.0229202 -0.00957569 -0.0356866 0.00972322 -0.0436238 -0.00711923 -0.0458528 -0.00780888 0.0361856 0.0614184 0.0514142 -0.0254502 -0.0405677 0.0706936 0.0855612 0.0224723 0.0169263 0.0690746 -0.0478677 0.016848 -0.0340223 -0.036576 0.0688126 -0.038988 -0.00337771 0.0550423 -0.0379605
internal_weight=0 216.445 108.754 74.689 44.7365 191.309 28.4303 162.879 23.8215 158.901 8.23775 3.26852 25.1361 5.25065 18.5709 33.3353 2.05799 34.0649 2.57179 5.07758 23.4813 150.664 1.95225 15.9991 15.7102 4.34181 15.4338 3.88521 1.47026 4.96923
internal_count=34053 29341 4712 4312 4152 28803 2385 26418 2344 26386 695 222 538 185 2159 4101 110 400 193 445 290 25691 143 1966 1951 93 1945 438 64 473
is_linear=0
shrinkage=0.05


Tree=23
num_leaves=31
num_cat=0
split_feature=19 24 21 0 5 15 36 15 15 36 17 17 32 3 30 38 36 24 21 3 0 3 17 41 36 24 0 32 13 13
split_gain=123.607 83.4621 52.8565 57.5649 48.4312 23.874 14.5324 11.4663 8.19523 7.86938 6.1658 5.17283 3.82898 3.1161 3.14999 3.0035 4.00849 2.288 2.01177 1.97978 1.90231 1.6336 1.57518 1.49181 1.22111 1.09043 0.885141 0.704888 0.693692 0.663487
threshold=0.027800925925925927 2.5000000000000004 5.2896122685185194 106.38000000000001 1.0000000180025095e-35 758.50000000000011 58.850000000000001 182.50000000000003 829.50000000000011 15.850000000000003 14.500000000000002 7.5000000000000009 0.036038961038961044 -2.186798405615956 5.5000000000000009 0.47733848489674507 46.650000000000013 1.5000000000000002 10.095422453703707 3.4357288626039613 1021.215 2.8025866982932452 5.5000000000000009 1.0000000180025095e-35 51.050000000000004 1.5000000000000002 1327.0150000000001 0.18350168350168353 31.500000000000004 16.500000000000004
decision_type=2 2 2 2 2 2 2 2 2 2 2 2 2 2 2 2 2 2 2 2 2 2 2 2 2 2 2 2 2 2
left_child=2 5 3 -1 8 6 7 19 15 -9 13 22 21 14 -7 -5 -17 23 -13 -2 -4 -12 -11 -15 -14 -10 -19 -16 -20 -24
right_child=1 -3 20 4 -6 10 -8 9 25 11 12 18 24 17 27 16 -18 26 28 -21 -22 -23 29 -25 -26 -27 -28 -29 -30 -31
leaf_value=0.069084363462064299 -0.036229250158588126 0.070002958674117391 0.042839818063843828 -0.021095812104323295 0.073004025780533138 0.05008328642650936 -0.044717724669364967 -0.030519633299095433 -0.047301322465169528 -0.022535102004979976 -0.034934055855814147 -0.009492875389983467 0.083239018175328139 -0.048262033808064868 -0.03564200941709636 0.071871916879838627 -0.019589104757277612 -0.027307200841658542 0.11597664190107418 0.032091197321493653 0.09003860493932038 0.0376240243637425 0.046353940745838235 0.015956495293220917 -0.00088168527810426455 0.0028890592802859635 0.014627326975105699 0.014053848764686589 0.029079546299173344 -0.0024828348696064443
leaf_weight=31.634153700899333 4.4562159869819942 19.655616641044617 5.2300241258926681 2.8357352521270505 11.639841645956038 1.0045853694900864 7.4997024117037645 1.4975554421544064 37.881756686605513 0.79675535438582157 2.2681243643164635 0.23015224095433939 0.77611396415159084 135.33581573097035 2.4232679116539662 2.1415869644843046 1.3741707131266592 1.1884203981608146 4.8887718371115625 0.49920737743377674 34.732693798840046 0.13201459869742382 2.2829814967699353 0.47294064611196418 0.54239504272118211 0.9983185725286593 1.9979307735338805 0.32710807444527734 1.0933917444199321 0.75842559849843372
leaf_count=176 579 93 118 273 58 22 994 176 5689 78 397 19 41 23683 405 58 97 213 81 2 308 2 43 48 54 95 162 14 34 52
internal_value=0 -0.0252227 0.0380515 0.0161135 -0.0140356 -0.0365465 0.00934303 0.0350612 -0.0375289 0.0608267 -0.0440792 0.0759678 0.0158741 -0.0457406 -0.000623548 0.0133804 0.0397019 -0.0469463 0.101515 -0.0251138 0.0850582 -0.0210515 0.0221826 -0.0479234 0.0631794 -0.0459725 -0.00379995 -0.0275602 0.106534 0.0365747
internal_weight=0 190.127 128.468 88.5056 56.8714 170.472 24.0032 16.5035 45.2316 11.548 146.469 10.0505 3.71865 142.75 3.75496 6.35149 3.51576 138.995 6.21232 4.95542 39.9627 2.40014 3.83816 135.809 1.31851 38.8801 3.18635 2.75038 5.98216 3.04141
internal_count=34064 27192 6872 6446 6270 27099 2058 1064 6212 483 25041 307 494 24547 441 428 155 24106 134 581 426 399 173 23731 95 5784 375 419 115 95
is_linear=0
shrinkage=0.05


Tree=24
num_leaves=31
num_cat=0
split_feature=19 24 37 13 2 30 5 39 3 33 36 23 32 10 30 23 2 19 12 36 36 10 37 12 3 38 3 19 36 36
split_gain=100.052 77.9211 38.4755 21.8834 16.1934 14.6749 11.9569 8.35214 23.4131 7.90558 6.89053 6.93745 6.45871 7.36569 6.43718 6.24813 5.29368 5.18986 4.61978 2.92969 2.01679 1.91128 5.24408 4.92073 1.94836 1.9021 1.82461 1.74318 1.51023 1.45231
threshold=0.027800925925925927 2.5000000000000004 43.050000000000004 3.5000000000000004 3.973382124839397 6.5000000000000009 1.0000000180025095e-35 1.0000000180025095e-35 0.80203339531218354 1.0000000180025095e-35 59.45000000000001 19.219704861111115 0.075498575498575513 1413.7100000000003 6.5000000000000009 22.732060185185187 0.24344554179186695 23.137812500000006 130343.04500000003 57.850000000000001 593.20000000000016 1399.6150000000002 502.35000000000008 33948.49500000001 2.1834855719553268 0.022070947528348824 -3.2337409725332322 9.6991261574074095 17.550000000000004 46.650000000000013
decision_type=2 2 2 2 2 2 2 2 2 2 2 2 2 2 2 2 2 2 2 2 2 2 2 2 2 2 2 2 2 2
left_child=2 4 6 20 5 9 -1 8 14 -2 11 -6 26 27 -5 -11 -16 -13 25 28 -4 22 23 24 -10 -18 -7 -14 -15 -26
right_child=1 -3 3 7 10 12 -8 -9 21 15 -12 17 13 19 16 -17 18 -19 -20 -21 -22 -23 -24 -25 29 -27 -28 -29 -30 -31
leaf_value=-0.046290227697227807 -0.038805256668867097 0.068420641156215808 -0.044102586194392009 0.052503975322639833 -0.025603711481514892 0.0079759004294706632 0.051760272857522695 0.070396584066907061 -0.017462949148993937 -0.023818560729637502 -0.033286404058626914 0.099723384246824573 0.009230682954724425 0.0013911477610267142 0.050050098833174572 0.072183322238777797 0.029165041860443303 -0.0089462870999661628 0.050723873743099945 -0.018032462822064523 0.027622603772182841 0.077451312620334875 0.085397022848383006 0.063144238474067624 0.040715964663328288 -0.045375113418930212 -0.047757071337073013 -0.04210314707208971 0.10122139871252836 -0.0013637668590361085
leaf_weight=16.468958103097979 3.3462634026072902 18.913020133972168 6.3401994975283733 2.4200162766501334 1.7534254067577402 1.2164055202156294 2.9130645645782343 38.86161895096302 3.8405352099798673 1.8197453925386069 2.8403660701587796 3.7928290860727429 1.8397490154020468 0.49226652458310161 1.2716694967821229 4.8220779672265053 0.25785456644370874 1.2247247165068982 0.65764335962012488 0.55301706353202451 0.44708414562046517 13.682468664832411 5.8758156471885732 5.9515290372073641 3.7661174018867314 12.136035393457858 133.67009219806641 5.1064963964745402 1.1882097753696141 3.4885004740208387
leaf_count=2754 466 92 1003 54 83 85 20 271 415 122 174 57 245 27 66 116 33 75 10 61 8 123 42 42 46 1858 24721 920 44 75
internal_value=0 -0.0252887 0.0335147 0.0460719 -0.0364674 -0.040403 -0.029737 0.052471 0.038358 0.0167852 0.0244761 0.0498722 -0.0444562 -0.00347013 -0.0102586 0.0462056 -0.0235972 0.0761197 -0.0338242 0.060481 -0.0364376 0.0602768 0.0472162 0.0300529 0.00854936 -0.0417626 -0.0471995 -0.0290565 0.0834067 0.0227674
internal_weight=0 182.579 118.379 98.9971 163.666 154.054 19.382 92.2098 53.3482 9.98809 9.61135 6.77098 144.066 9.17974 16.7432 6.64182 14.3232 5.01755 13.0515 2.23349 6.78728 36.605 22.9225 17.0467 11.0952 12.3939 134.886 6.94625 1.68048 7.25462
internal_count=34108 27288 6820 4046 27196 26807 2774 3035 2764 704 389 215 26103 1297 2021 238 1967 132 1901 132 1011 743 620 578 536 1891 24806 1165 71 121
is_linear=0
shrinkage=0.05


Tree=25
num_leaves=31
num_cat=0
split_feature=22 4 0 15 36 37 19 23 19 35 32 37 23 33 30 37 32 23 12 17 37 36 36 0 0 15 37 12 17 37
split_gain=159.952 61.6111 19.8459 18.5691 12.3395 14.4445 8.76527 6.36391 16.1567 5.91528 5.8998 5.7103 5.47492 5.39194 4.47562 4.05473 3.49973 3.54968 3.68551 2.31473 4.15071 3.2179 2.28004 2.17825 2.75604 2.73101 1.33872 0.949568 0.944583 0.800735
threshold=1.0000000180025095e-35 1.0000000180025095e-35 35003.370000000003 758.50000000000011 58.850000000000001 145.35000000000005 0.078894675925925931 1.0000000180025095e-35 0.027800925925925927 1.0000000180025095e-35 0.057983193277310933 994.05000000000007 7.885422453703705 1.0000000180025095e-35 6.5000000000000009 174.75000000000003 0.19139194139194141 27.7352025462963 5537.2500000000009 9.5000000000000018 767.50000000000011 104.95000000000002 36.550000000000004 1752.0950000000003 2841.4200000000005 419.50000000000006 139.95000000000002 130343.04500000003 6.5000000000000009 65.050000000000011
decision_type=2 2 2 2 2 2 2 2 2 2 2 2 2 2 2 2 2 2 2 2 2 2 2 2 2 2 2 2 2 2
left_child=1 2 3 4 5 10 -4 8 13 11 23 14 -3 15 16 -2 17 -5 -19 20 21 26 -12 -1 25 -25 -14 -16 -7 -29
right_child=7 12 6 9 -6 28 -8 -9 -10 -11 22 -13 19 -15 27 -17 -18 18 -20 -21 -22 -23 -24 24 -26 -27 -28 29 -30 -31
leaf_value=-0.042239857882769391 -0.020669974880785685 -0.023226973831321985 0.05809116026980965 -0.020471573559787619 -0.045050823856265819 0.024956346921232629 -0.037634014467859411 0.065674451494341812 -0.042075861675957227 0.057489374107708303 -0.0077327275424519913 0.046206206978662803 0.0072437098953144277 0.083765278571593216 -0.047869568870106557 0.048295022151909478 -0.039477139537555078 0.085460466716323791 -0.021389404069599455 0.076733734275502785 0.063306732037329186 -0.036241623523472329 0.074624640806757153 -0.020294228371845746 -0.025876469547650899 0.075173488437311642 0.048853728349651834 0.031744502133965458 0.10554976516702992 -0.021176577699804383
leaf_weight=5.1189719866961294 2.9358732118271309 2.0515455040149417 7.4332437571138126 2.2685993802733702 7.9396720523945978 1.226297603920101 2.5469033634290099 62.919920638203621 4.9130258476361623 0.61687161028385062 0.97125532897189204 0.95606501307338376 4.6078576105646842 7.3730421718209982 144.47435638541356 4.0303617166355252 3.6178258457221091 1.4774680458940568 0.70343324355781067 7.5498451031744471 7.8075296208262435 1.6659450936131177 1.6904292791150508 0.67141386121511437 2.4372721426188946 0.91389922145754099 2.9527549687772989 0.22206927556544442 3.4689698875881732 0.72380405385047197
leaf_count=721 75 129 63 176 1114 53 173 342 455 3 64 51 111 36 29198 32 521 60 33 49 40 46 25 92 230 46 33 33 53 111
internal_value=0 -0.023689 -0.0337207 -0.0375598 0.00285374 0.0271642 0.0324597 0.0578567 0.0303255 -0.0439066 -0.00405565 -0.0446789 0.0463126 0.056258 -0.0455404 0.020284 -0.00815254 0.0198875 0.0551071 0.0527967 0.0385207 0.0134073 0.0506677 -0.023414 0.0041831 0.0425304 0.0273028 -0.0475447 0.0925784 0.0011767
internal_weight=0 216.114 189.479 179.499 24.4382 16.4985 9.98015 82.1722 19.2523 155.06 11.8032 154.444 26.6355 14.3393 153.488 6.96623 8.06733 4.4495 2.1809 24.5839 17.0341 9.22656 2.66168 9.14156 4.02259 1.58531 7.56061 145.42 4.69527 0.945873
internal_count=34168 33228 32820 32584 2398 1284 236 940 598 30186 1178 30183 408 143 30132 107 790 269 93 279 230 190 89 1089 368 138 144 29342 106 144
is_linear=0
shrinkage=0.05


Tree=26
num_leaves=31
num_cat=0
split_feature=22 2 15 17 37 2 32 5 23 39 2 14 15 3 30 32 33 21 2 30 32 45 0 10 15 3 12 14 12 14
split_gain=143.872 91.0274 13.8456 9.94934 16.6821 11.7681 9.49883 5.52365 5.39798 13.3354 14.1006 5.04824 4.56462 4.41731 4.27917 3.8808 3.45869 3.16709 2.78701 2.64038 2.51868 2.22001 2.08308 2.17719 2.0136 0.996164 0.973188 0.94097 0.798347 0.570022
threshold=1.0000000180025095e-35 2.7962566456686622 691.50000000000011 8.5000000000000018 461.15000000000003 19.249882541093541 0.057983193277310933 1.0000000180025095e-35 1.0000000180025095e-35 1.0000000180025095e-35 2.2110177072425423 28203.115000000002 182.50000000000003 0.93002577312115642 5.5000000000000009 0.19139194139194141 1.0000000180025095e-35 15.161574074074077 0.61716727723923037 19.500000000000004 0.054804804804804812 1.0000000180025095e-35 3282.4300000000007 1742.075 182.50000000000003 2.8025866982932452 130343.04500000003 77584.35500000001 385.89000000000004 552762.34500000009
decision_type=2 2 2 2 2 2 2 2 2 2 2 2 2 2 2 2 2 2 2 2 2 2 2 2 2 2 2 2 2 2
left_child=1 2 6 4 5 16 13 14 9 10 -2 -5 -8 19 15 18 20 -18 -4 -1 -3 -13 23 -15 -21 -22 -16 -14 -20 -28
right_child=8 3 7 11 -6 -7 12 -9 -10 -11 -12 21 27 22 26 -17 17 -19 28 24 25 -23 -24 -25 -26 -27 29 -29 -30 -31
leaf_value=-0.042130602053258658 -0.045607040310262498 -0.045512559809552905 0.062788767096435744 -0.018181757395051797 0.072886183427064585 0.055329933330426087 -0.026421691327713062 0.035194863470435926 0.064718469083024907 0.080114117892685285 0.056984528228731214 0.077458415979048983 0.019364972283149262 -0.015963058574865685 -0.048360968056346432 -0.038555189131552751 -0.021474497214996825 0.062624596776965732 0.020912063303614725 -0.025358083829688717 -0.018691033081240826 0.013687712375485276 -0.02118997096218507 0.077689249936241933 0.046747255437159047 0.037358050274319619 -0.019141502248923609 0.082808682592523442 -0.028808310098254093 0.025093301293743427
leaf_weight=11.029162584338339 6.9566455557942408 11.51351643307135 1.5493526682257646 1.3163126651197696 8.5901295049115998 4.7359184306114903 1.0637689200229932 1.4370316499844182 60.37772274017334 7.2555912826210252 4.7858323748223484 16.244899033568803 1.5796699845232067 0.46180086536332909 131.65105873532593 3.2625240716151893 1.7075653262436383 1.0203065630048511 0.38685367954894889 0.99461849825456627 0.58949322905391344 2.0069575873203567 0.71374228131026018 1.1497801402583716 0.99599282676354051 0.8272120039910078 0.61249539209529658 2.9901918396353722 1.2874641730450092 0.33002511179074645
leaf_count=1685 469 1183 42 94 78 46 113 21 338 38 60 270 57 57 28036 486 136 57 29 120 94 64 71 23 52 8 98 26 89 50
internal_value=0 -0.021371 -0.0393788 0.0381126 0.0184685 -0.00678812 -0.00140377 -0.0449983 0.0572372 0.0314137 -0.00260359 0.0648967 0.0491208 -0.0218232 -0.0460723 -0.00549915 -0.0277699 0.0183422 0.029163 -0.033101 -0.0381164 0.0715215 0.0322873 0.0550165 0.0142872 0.0159522 -0.048001 0.0682921 -0.0137964 0.00129169
internal_weight=0 210.048 161.496 48.5523 28.9841 20.394 20.9787 140.517 79.3758 18.9981 11.7425 19.5682 5.63363 15.3451 139.08 6.48619 15.6581 2.72787 3.22367 13.0198 12.9302 18.2519 2.32532 1.61158 1.99061 1.41671 132.594 4.56986 1.67432 0.942521
internal_count=33990 33085 31055 2030 1602 1524 2204 28851 905 567 529 428 196 2008 28830 646 1478 193 160 1857 1285 334 151 80 172 102 28184 83 118 148
is_linear=0
shrinkage=0.05


Tree=27
num_leaves=31
num_cat=0
split_feature=22 3 15 19 36 37 17 30 21 6 14 23 19 36 33 36 19 0 19 33 15 23 6 15 14 23 37 15 30 0
split_gain=141.647 68.0502 15.9782 14.7428 11.3273 11.9115 10.7542 9.95439 9.74311 16.8021 5.77809 4.86542 14.2299 4.64818 4.60889 4.24032 4.74217 4.23802 3.66765 3.52118 3.2989 3.25668 2.51644 2.46249 2.12619 1.91397 1.43918 1.37067 1.4645 1.03745
threshold=1.0000000180025095e-35 1.5665996026553377 758.50000000000011 0.027800925925925927 56.850000000000001 152.85000000000005 10.500000000000002 6.5000000000000009 5.2896122685185194 1.0000000180025095e-35 30499.280000000002 1.0000000180025095e-35 0.027800925925925927 57.850000000000001 1.0000000180025095e-35 15.850000000000003 0.027800925925925927 2754.3050000000003 23.137812500000006 1.0000000180025095e-35 29531.000000000004 8.0583275462962991 1.0000000180025095e-35 365.50000000000006 46722.220000000016 19.219704861111115 183.25000000000003 237.50000000000003 7.5000000000000009 45425.610000000008
decision_type=2 2 2 2 2 2 2 2 2 2 2 2 2 2 2 2 2 2 2 2 2 2 2 2 2 2 2 2 2 2
left_child=1 2 4 8 5 15 14 10 9 27 -4 12 19 17 -5 -1 21 -12 -8 20 26 -17 -9 -18 -25 -16 -2 -3 -29 -19
right_child=11 3 7 6 -6 -7 18 22 -10 -11 13 -13 -14 -15 25 16 23 29 -20 -21 -22 -23 -24 24 -26 -27 -28 28 -30 -31
leaf_value=-0.039214218354736693 0.0088578384755302365 0.02412844481184015 -0.038338012943272839 -0.044098556768719113 -0.044414845661525232 0.097776812546161385 0.077732519159407681 -0.048615081651027847 0.08613708061754316 0.061218350270834145 0.093797280959329529 0.063862662425030831 -0.041106525297529971 -0.028755915065787466 -0.021886632592353478 -0.016733483937422407 -0.035935405501732111 -0.026038265807595468 -0.02156369785329813 0.076876390155936947 -0.024298929333094452 0.097158017315547268 0.0018703934898979925 -0.023707142206729773 0.048973042442319314 0.050392039236038605 0.064454683386000286 0.019781774988875199 -0.045294851225177353 0.028946338349719321
leaf_weight=3.4855865496210772 2.3476114422082919 0.30345402657986298 3.1779639474116248 9.9726224923506361 7.2452646256424478 3.3912949007935813 2.9898847062140699 123.26257077232003 11.413446288090197 11.484186388552187 2.3134560659527783 59.889966741204262 4.3318335916846982 1.3088844683952627 0.74718670919537489 0.49659350514411915 2.4515424123965204 1.0517956758849321 0.73448110884055484 7.6080072438344359 1.8904841807670889 1.4365422101691363 2.4441370265558353 0.87519816402345929 1.6034323140047488 1.4466234864667056 2.3560086376965046 0.41953182499855746 5.9998780968599021 0.48612990975379933
leaf_count=528 39 5 444 1234 1144 77 72 27744 69 58 66 346 437 135 98 64 359 99 84 37 43 36 253 93 63 80 14 23 383 2
internal_value=0 -0.0220943 -0.0378312 0.0311732 0.00263593 0.028776 -0.00746469 -0.0441392 0.0514685 0.0263827 0.00790482 0.0567449 0.0316529 0.0379841 -0.0302912 -0.000458419 0.0217079 0.0619176 0.0577309 0.0550897 0.02314 0.0721707 -0.0476265 -0.00691214 0.0238722 0.0266297 0.043124 -0.0333461 -0.0389489 -0.00410066
internal_weight=0 200.542 155.03 45.5113 20.9855 13.7402 15.8908 134.045 29.6205 18.2071 8.33823 78.4239 18.5339 5.16027 12.1664 10.3489 6.86331 3.85138 3.72437 14.2021 6.5941 1.93314 125.707 4.93017 2.47863 2.19381 4.70362 6.72286 6.41941 1.53793
internal_count=34129 33213 31107 2106 2364 1220 1568 28743 538 469 746 916 570 302 1412 1143 615 167 156 133 96 100 27997 515 156 178 53 411 406 101
is_linear=0
shrinkage=0.05


Tree=28
num_leaves=31
num_cat=0
split_feature=22 2 15 36 36 14 2 23 18 23 1 14 36 21 30 16 23 15 15 36 39 2 33 23 30 15 21 3 11 12
split_gain=119.283 66.6909 16.7307 10.2069 9.91265 8.71277 9.26262 7.7411 12.992 7.64828 6.49591 6.10744 5.06086 4.71376 3.5348 3.48691 3.32399 2.84482 2.84463 2.8286 2.74847 5.44242 2.38431 2.25544 1.57974 1.3701 1.24887 1.07694 1.03049 1.00862
threshold=1.0000000180025095e-35 2.7962566456686622 758.50000000000011 58.850000000000001 15.850000000000003 33122.295000000006 5.7313164596176085 1.0000000180025095e-35 1.0000000180025095e-35 15.024895833333336 10.72385327633009 20729.515000000003 12.450000000000001 5.2896122685185194 6.5000000000000009 3.5000000000000004 30.395277777777782 614.00000000000011 165.50000000000003 49.050000000000004 1.0000000180025095e-35 3.973382124839397 1.0000000180025095e-35 15.024895833333336 10.500000000000002 184309.50000000003 5.5592071759259269 1.6901196134520535 1.5000000000000002 50008.92500000001
decision_type=2 2 2 2 2 2 2 2 2 2 2 2 2 2 2 2 2 2 2 2 2 2 2 2 2 2 2 2 2 2
left_child=1 2 3 4 -1 6 -3 8 -2 28 14 -11 15 24 16 -7 25 -14 29 22 21 -10 -18 -19 -8 -4 -20 -16 -6 -13
right_child=7 5 10 -5 9 12 13 -9 20 11 -12 18 17 -15 27 -17 19 23 26 -21 -22 -23 -24 -25 -26 -27 -28 -29 -30 -31
leaf_value=-0.03946148427887608 -0.041819730745223188 -0.043514533907027447 -0.041194156954721083 -0.043972347413515772 0.02075768651154172 -0.038504576176843976 0.022698890338506271 0.06264382446540985 -0.027545175934531315 -0.026035195677139307 0.035954939390283984 -0.022822080342363521 0.086822620278816029 0.05228300423372019 -0.047683340492665593 0.036373677481520185 -0.016487683167811358 0.010083762768320646 -0.0073535623155053745 -0.025168757254887195 0.066344956379366646 0.058821135599024722 0.080018067776612092 0.05103507820450244 -0.03787650600668669 0.022433165575739076 0.094692153270932417 0.004491750804273777 -0.034536369610241313 0.03713041680485054
leaf_weight=3.5607025562785592 4.7668686169199654 6.0699118999764314 4.2764942082576445 6.7206167918629935 0.40462928451597635 2.2753164982423213 0.86776358308270429 55.922805339097977 2.8217963976785541 1.057361694984136 1.8157835225574661 0.82478279480710615 5.5213877721689668 6.412062547635287 117.49429143732414 1.9663472245447335 0.48641395382583152 4.9183564097620573 0.16813609795644868 0.98734313715249289 7.4731915220618248 2.6091218143701553 1.2323286375030875 15.845947821158914 1.9869109638966618 0.35386789357289661 6.7995650316588581 0.83130789268761773 2.1348942145705223 0.13975898828357458
leaf_count=537 499 1049 501 1119 45 149 18 336 47 145 32 124 43 57 27675 36 74 187 10 107 32 11 33 419 69 29 139 181 247 7
internal_value=0 -0.020742 -0.0368966 0.00344147 0.0259788 0.031507 0.000559686 0.0535416 0.0229236 0.0477262 -0.0437712 0.0677783 0.0465437 0.0308557 -0.045198 -0.00347556 -0.00994297 0.0544468 0.0817983 0.028089 0.0481278 0.0166416 0.0566876 0.0422441 -0.0183511 -0.0332109 0.0916158 -0.0472822 -0.0223508 0.000343279
internal_weight=0 195.152 149.288 21.8104 15.0898 45.864 15.3366 73.5938 17.671 11.5291 127.478 8.9896 30.5274 9.26674 125.662 4.24166 7.33645 26.2857 7.93224 2.70609 12.9041 5.43092 1.71874 20.7643 2.85467 4.63036 6.9677 118.326 2.53952 0.964542
internal_count=33957 33032 31005 2373 1254 2027 1193 925 589 717 28632 425 834 144 28600 185 744 649 280 214 90 58 107 606 87 530 149 27856 292 131
is_linear=0
shrinkage=0.05


Tree=29
num_leaves=31
num_cat=0
split_feature=22 2 30 19 23 33 14 23 19 3 12 19 32 10 37 33 37 2 3 9 14 37 11 23 37 2 45 16 3 37
split_gain=120.501 58.4626 19.5089 10.2648 11.4129 8.8931 6.40762 5.69275 12.0469 5.29767 4.30132 5.12878 4.77154 8.03273 3.03662 2.74621 2.37073 2.32604 3.69916 2.2889 1.92137 1.82881 1.7023 2.0725 1.58771 2.21284 1.75669 1.72423 1.28354 1.23885
threshold=1.0000000180025095e-35 2.6747992827852056 6.5000000000000009 6.9852141203703715 7.885422453703705 1.0000000180025095e-35 30499.280000000002 1.0000000180025095e-35 0.027800925925925927 3.4357288626039613 50008.92500000001 0.027800925925925927 0.084523809523809543 1413.7100000000003 66.250000000000014 1.0000000180025095e-35 103.35000000000001 5.7313164596176085 -3.2337409725332322 1.5000000000000002 77584.35500000001 58.150000000000013 1.0000000180025095e-35 33.030028935185193 62.95000000000001 8.8199967649303783 1.0000000180025095e-35 3.5000000000000004 4.641437745208993 994.05000000000007
decision_type=2 2 2 2 2 2 2 2 2 2 2 2 2 2 2 2 2 2 2 2 2 2 2 2 2 2 2 2 2 2
left_child=1 2 5 4 29 -1 -7 8 15 19 12 21 -4 -14 -8 17 -15 18 -2 22 -13 -12 23 -5 27 26 -26 28 -6 -3
right_child=7 3 10 9 24 6 14 -9 -10 -11 11 20 13 16 -16 -17 -18 -19 -20 -21 -22 -23 -24 -25 25 -27 -28 -29 -30 -31
leaf_value=-0.038613924784632096 0.050100036774012646 -0.041755859002628834 -0.047836472732609582 -0.02639570819400866 -0.031458204975105437 -0.030155014750158929 -0.018175151669998255 0.061775248151518261 -0.040781248821131204 0.038132090982153893 -0.0059229793747419927 0.03599943855758149 -0.040696378858150827 -0.016225941214800681 0.078047686951445011 0.068170983987481282 0.079220181195524764 0.057811030793011822 -0.029602548775495938 0.029853641735495595 -0.041262424352997998 0.069953063433384477 -0.044766549626662211 0.051704810776047029 0.087722868741239385 0.041348347896303844 0.012886426409439595 0.044074638005226485 0.025902181024879803 0.022586188424417543
leaf_weight=3.2878414145670805 1.2339577823877332 3.3976085460744829 116.03884238563478 1.0815603365190289 1.4752541887573927 1.4611720712855456 0.54879768751561631 54.295817948877811 4.1782315964810541 3.2883185697719446 0.98735468043014352 0.15817817021161307 4.2499365038238457 0.46742099896073375 6.1192578533664346 7.3879803353920579 1.7084832843393085 1.4825219511985777 3.184605781920256 0.7739341012202211 4.5463903113268316 1.3197018560022113 7.2303496841341257 0.45678579760715354 7.7738950699567795 14.406378552317619 1.2803453248925505 1.9572701100260017 0.68453664518892754 0.2460474520921706
leaf_count=520 5 392 27535 175 135 167 27 337 454 25 143 20 972 49 90 38 69 6 80 39 938 76 1065 49 186 123 42 22 6 1
internal_value=0 -0.0221864 -0.0378494 0.0276373 0.0427266 0.0231701 0.049651 0.0537102 0.0266528 -0.0095138 -0.0433664 -0.00457642 -0.0455322 -0.00308344 0.0687908 0.0492251 0.0600636 0.0190642 -0.00220605 -0.0279918 -0.0328094 0.0455085 -0.0356307 0.00802829 0.053615 0.0587101 0.0794746 0.0187816 -0.0108342 -0.0334828
internal_weight=0 184.946 140.893 44.0523 31.2213 11.4171 8.12923 71.7631 17.4673 12.8309 129.476 7.01163 122.465 6.42584 6.66806 13.2891 2.1759 5.90109 4.41856 9.54263 4.70457 2.30706 8.7687 1.53835 27.5777 23.4606 9.05424 4.11706 2.15979 3.64366
internal_count=33786 32866 30606 2260 907 804 284 920 583 1353 29802 1177 28625 1090 117 129 118 91 85 1328 958 219 1289 224 514 351 228 163 141 393
is_linear=0
shrinkage=0.05


Tree=30
num_leaves=31
num_cat=0
split_feature=22 2 19 30 21 6 17 32 17 33 23 18 12 9 19 19 38 21 19 17 36 12 0 23 2 37 2 0 36 37
split_gain=111.748 63.9652 11.583 9.9383 8.42319 12.1299 8.15414 6.53054 7.72136 6.04063 5.17363 13.1023 4.67492 4.57413 4.5492 4.20291 3.6623 3.47268 3.38108 2.91104 2.48221 2.01269 1.58454 1.40403 1.34362 1.31195 1.2334 1.23325 1.23156 1.08794
threshold=1.0000000180025095e-35 2.6747992827852056 0.027800925925925927 6.5000000000000009 5.2896122685185194 1.0000000180025095e-35 10.500000000000002 0.082207207207207214 8.5000000000000018 1.0000000180025095e-35 1.0000000180025095e-35 1.0000000180025095e-35 50008.92500000001 1.5000000000000002 0.027800925925925927 21.109311342592594 1.5463336143265562 18.53696180555556 23.137812500000006 5.5000000000000009 51.050000000000004 5747.6200000000008 1352.8650000000002 18.149837962962966 19.249882541093541 502.35000000000008 2.184532917163279 45425.610000000008 19.550000000000004 150.25000000000003
decision_type=2 2 2 2 2 2 2 2 2 2 2 2 2 2 2 2 2 2 2 2 2 2 2 2 2 2 2 2 2 2
left_child=1 3 4 9 5 16 13 12 -9 -1 11 -2 25 24 19 21 -3 27 -8 -14 -19 -10 -16 -7 -4 -5 -27 -11 -21 -13
right_child=10 2 6 7 -6 23 18 8 15 17 -12 29 14 -15 22 -17 -18 20 -20 28 -22 -23 -24 -25 -26 26 -28 -29 -30 -31
leaf_value=-0.038671668282096672 -0.041158303282014835 -0.038931465286769246 -0.041648642958542287 -0.046402379165169691 0.077558799793873534 0.018241636033457992 0.070589748510880096 -0.032493757821541701 -0.010387332771910722 -0.026590396730573469 0.061081864780294731 0.027864797009864717 -0.022164515837081449 0.043922267037516921 0.028819665319569233 -0.021489172999623746 0.050785031578067491 0.076881875145360323 -0.022234639520986602 0.0035503907664594901 -0.00099359046690334902 0.10307176037572235 -0.040066986410704934 0.065271763130492183 0.023216076671174316 -0.019819142709983993 0.042234949443041202 0.029727817662156011 0.089201869563912961 0.066464944713901492
leaf_weight=3.3110424517653865 4.3724504415877172 6.2266339219641003 9.6200970611534977 109.23769644810818 13.139308155514298 3.1567841991782171 2.9891414744779463 4.5985659030266097 0.25814889697358046 1.9997222120873632 55.74780261516571 5.5535735730081797 0.7025895607657725 1.1549486438743759 0.26291373535059381 0.74471894814632822 0.46368219959549595 3.1090247360989451 0.7755807943176477 0.63978381548076857 1.3289064290001986 1.6538505521602926 3.9038412964437157 7.7548414953052998 0.24397738277912218 2.1427425430156286 0.083918001502752193 0.49370731413364399 1.0027843913994727 6.6863295119255781
leaf_count=546 490 431 1451 27132 79 20 75 982 50 147 359 51 103 39 36 150 21 52 92 75 70 60 858 36 1 465 18 2 41 40
internal_value=0 -0.0194086 0.0313857 -0.0365826 0.0484193 0.0236674 -0.00485747 -0.0404343 0.00497345 0.00991969 0.0536889 0.0268201 -0.0432452 -0.0265231 -0.00177697 0.060977 -0.0269183 0.0350805 0.0508137 0.0438655 0.0576682 0.0894465 -0.0309837 0.0543394 -0.038055 -0.0456304 -0.00511589 -0.0101216 0.0698086 0.0523784
internal_weight=0 180.999 45.525 135.474 30.7412 17.6019 14.7837 125.232 7.25528 10.2424 72.3602 16.6124 117.976 11.019 6.51191 2.65672 6.69032 6.93136 3.76472 2.34516 4.43793 1.912 4.16676 10.9116 9.86407 111.464 2.22666 2.49343 1.64257 12.2399
internal_count=33972 33032 2245 30787 587 508 1658 29970 1242 817 940 581 28728 1491 1113 260 452 271 167 219 122 110 894 56 1452 27615 483 149 116 91
is_linear=0
shrinkage=0.05


Tree=31
num_leaves=31
num_cat=0
split_feature=18 24 21 0 12 15 2 36 36 30 15 23 10 13 21 23 21 2 23 32 23 32 41 21 14 14 23 2 23 14
split_gain=84.448 52.5282 24.246 28.8101 25.8113 23.4965 10.1394 9.8493 9.542 4.27156 3.99476 3.79424 3.49394 3.2498 3.22549 2.7223 2.61558 2.17077 1.8228 1.5535 1.64769 1.59499 1.59405 1.31587 1.10541 1.05805 0.985928 1.17676 0.856071 1.50768
threshold=1.0000000180025095e-35 2.5000000000000004 5.2896122685185194 106.38000000000001 47083.44000000001 758.50000000000011 8.8199967649303783 60.050000000000004 15.850000000000003 6.5000000000000009 182.50000000000003 29.483304398148153 11328.965000000002 44.500000000000007 32.914224537037043 15.024895833333336 20.385457175925932 1.9532490451821827 19.219704861111115 0.051956815114709856 36.206232638888899 0.087595907928388769 1.0000000180025095e-35 0.15804398148148149 139749.715 32707.424999999999 34.2122800925926 19.249882541093541 2.0308622685185189 20729.515000000003
decision_type=2 2 2 2 2 2 2 2 2 2 2 2 2 2 2 2 2 2 2 2 2 2 2 2 2 2 2 2 2 2
left_child=1 5 3 -2 12 7 9 8 -1 11 17 -7 13 26 16 28 -13 -10 23 22 24 -22 -11 -12 -21 -20 -5 -28 -4 -30
right_child=2 -3 15 4 -6 6 -8 -9 10 19 18 14 -14 -15 -16 -17 -18 -19 25 20 21 -23 -24 -25 -26 -27 27 -29 29 -31
leaf_value=-0.03805574987657618 0.061233585617849522 0.060424240245499056 0.068471148770627238 -0.046139840298766638 0.056937016453947643 -0.036036112566543585 0.030432353862138689 -0.03668581423697314 -0.026827839259789051 -0.048763543680414141 0.051195736603954489 -0.018616505685762352 0.03220629162562854 0.039516150602194482 -0.0271056534910269 0.097740438872176372 0.075911727894075437 0.043613974225242783 0.014181420079676705 -0.038221636323573428 0.0559537242937743 -0.01961893737705973 0.01925824985650592 -0.0062579097102147723 0.0081342274545501761 0.080885914700224881 -0.030267740542579261 0.021495011312371956 -0.0021494598584506533 0.04699535095867037
leaf_weight=3.0412375405430856 23.453355227597058 16.420414328575134 11.699900908861315 21.398203813005249 9.6215757122263295 3.8258311660028985 4.1144359521567813 6.0862469812855116 2.0995380091480906 95.528807815164328 0.67514329357072655 0.54044452169910151 1.0907195089384902 0.50968486233614285 1.1213018428534267 10.729385778773574 1.7799958153627811 0.69232618482783426 1.1617743484675864 5.5269272425211957 0.41398229054175295 0.64119733776897192 0.37973748473450442 2.0043056826107204 1.2159092267975209 7.1361065367236733 1.4907677667215458 1.0391424335539341 1.8511701305396835 6.6953386403620243
leaf_count=519 166 100 72 3611 143 450 34 1017 346 24548 10 32 33 23 112 114 80 18 78 1318 91 157 40 135 201 99 298 9 116 106
internal_value=0 -0.0217059 0.0390337 0.0195309 -0.00921868 -0.0318439 -0.0409898 0.0139187 0.0332713 -0.0438859 0.0505355 -0.00593244 -0.0353588 -0.0395219 0.02811 0.0741664 0.0549194 -0.00246444 0.0630953 -0.0464636 -0.0209736 0.0228296 -0.0482983 0.0181982 -0.0298915 0.0740764 -0.0427232 -0.00894032 0.0576612 0.0372405
internal_weight=0 154.406 89.5792 58.6034 35.1501 137.985 115.089 22.8967 16.8104 110.974 13.7692 7.26757 25.5285 24.4378 3.44174 30.9758 2.32044 2.79186 10.9773 103.707 7.79802 1.05518 95.9085 2.67945 6.74284 8.29788 23.9281 2.52991 20.2464 8.54651
internal_count=34076 29385 4691 4283 4117 29285 27063 2222 1205 27029 686 674 3974 3941 224 408 112 364 322 26355 1767 248 24588 145 1519 177 3918 307 294 222
is_linear=0
shrinkage=0.05


Tree=32
num_leaves=31
num_cat=0
split_feature=22 2 15 15 31 23 36 37 23 39 2 18 10 32 17 0 6 15 18 23 13 36 9 6 37 2 36 0 37 0
split_gain=101.389 55.2202 12.8607 7.95527 7.41535 7.02195 6.76076 6.71759 5.71191 8.57619 7.9722 5.57995 6.87726 4.70678 4.3992 4.0445 3.9058 3.51474 2.60356 2.37176 2.16701 2.16582 1.66089 1.55786 3.83394 1.30927 1.11998 1.08561 0.969389 0.933242
threshold=1.0000000180025095e-35 2.7962566456686622 758.50000000000011 182.50000000000003 1.0000000180025095e-35 7.885422453703705 58.850000000000001 66.250000000000014 1.0000000180025095e-35 1.0000000180025095e-35 2.3483981836115562 1.0000000180025095e-35 3718.7350000000001 0.19139194139194141 9.5000000000000018 3282.4300000000007 1.0000000180025095e-35 47925.500000000007 1.0000000180025095e-35 8.0583275462962991 24.500000000000004 57.850000000000001 2.5000000000000004 1.0000000180025095e-35 562.85000000000002 2.6747992827852056 856.05000000000007 29395.065000000006 86.15000000000002 10820.490000000002
decision_type=2 2 2 2 2 2 2 2 2 2 2 2 2 2 2 2 2 2 2 2 2 2 2 2 2 2 2 2 2 2
left_child=1 2 3 25 16 26 7 -5 9 10 -2 12 14 21 -7 19 22 -16 -18 -9 -21 28 -4 24 29 -1 -3 -14 -6 -13
right_child=8 5 4 6 13 11 -8 15 -10 -11 -12 23 27 -15 17 -17 18 -19 -20 20 -22 -23 -24 -25 -26 -27 -28 -29 -30 -31
leaf_value=-0.04372235981898507 -0.038248199898774662 -0.041010535507756296 -0.048687825832129161 -0.031905864266717557 0.0038026681069220111 -0.035127172379005409 -0.036528837060204586 -0.014647781393923656 0.060330890536091142 0.060571635409329354 0.045469156718704856 0.02963255904562756 0.068995880535758239 -0.036474512943479018 -0.016692267081289121 -0.022421491861003909 -0.028541921807839706 0.073105691389961716 0.048231938863052812 0.095339159321613076 0.016070473365600715 -0.011746183169728478 0.019327727523951965 0.066461188425858075 0.063553174706390714 0.021599266674793977 0.020848875183975255 0.015388584665205943 0.071781229916514575 -0.0029103977984495568
leaf_weight=6.5095297985244569 6.2928925957530737 3.1433530943468209 98.700603056931868 1.7120664205867777 0.78389421477913845 6.7871354944072646 2.6149432419333598 0.40396694047376502 49.62269476801157 8.0817094128578901 3.6742065511643887 2.5778724043630081 2.8936483021825543 2.6346034221351147 1.5713634775020184 0.79142506606876839 1.3077721542213103 1.1994650883134452 1.1798838023096323 4.9367528723087162 1.551777155138552 1.1630145697854457 0.41485900664701958 9.9117251783609372 5.3515284359455109 0.26002990873530496 0.24955743551254261 2.2031228626146913 1.8846701281145213 5.3252761610783637
leaf_count=1290 506 377 27721 255 41 1076 446 44 343 43 52 96 43 474 137 71 239 46 21 135 70 76 67 46 35 3 1 36 30 104
internal_value=0 -0.0205263 -0.036802 0.00134389 -0.0433827 0.0292528 0.0251866 0.0442239 0.0515177 0.0253919 -0.00605518 0.0355154 0.0103655 0.00748323 -0.0147442 0.0629073 -0.0466612 0.0312588 0.0112602 0.0743045 0.0810591 0.0390021 -0.0482129 0.0503376 0.0344639 -0.0387562 -0.0327503 0.0521485 0.0582922 0.00984061
internal_weight=0 168.064 126.85 18.7805 108.069 41.214 12.0109 9.39599 67.6715 18.0488 9.9671 37.8211 14.6547 6.46618 9.55796 7.68392 101.603 2.77083 2.48766 6.8925 6.48853 3.83158 99.1155 23.1664 13.2547 6.76956 3.39291 5.09677 2.66856 7.90315
internal_count=33924 32980 30983 2314 28669 1997 1021 575 944 601 558 1619 1338 621 1259 320 28048 183 260 249 205 147 27788 281 235 1293 378 79 71 200
is_linear=0
shrinkage=0.05


Tree=33
num_leaves=31
num_cat=0
split_feature=22 2 15 19 23 36 37 30 23 19 9 33 14 17 6 21 12 2 2 18 9 30 21 36 36 17 2 3 2 15
split_gain=88.3132 55.8227 11.9365 9.19697 9.28951 7.17175 10.169 6.53074 5.99012 8.81588 5.77256 4.60508 4.30262 3.94052 3.76305 2.89409 5.43914 2.50861 5.43187 2.35753 1.59294 1.44619 1.57601 1.3594 2.50508 1.52055 1.35307 1.23566 1.19625 1.15949
threshold=1.0000000180025095e-35 2.7962566456686622 691.50000000000011 6.9852141203703715 7.885422453703705 58.850000000000001 160.25000000000003 6.5000000000000009 1.0000000180025095e-35 0.027800925925925927 1.5000000000000002 1.0000000180025095e-35 72604.070000000022 14.500000000000002 1.0000000180025095e-35 5.2896122685185194 23147.165000000005 2.2110177072425423 0.12813749444333472 1.0000000180025095e-35 2.5000000000000004 19.500000000000004 27.974947916666668 22.550000000000004 20.650000000000002 3.5000000000000004 19.249882541093541 1.6901196134520535 1.1893304763807537 184309.50000000003
decision_type=2 2 2 2 2 2 2 2 2 2 2 2 2 2 2 2 2 2 2 2 2 2 2 2 2 2 2 2 2 2
left_child=1 2 5 4 -3 6 11 12 9 17 13 21 20 26 27 16 23 18 -2 -16 29 -1 -23 24 -6 -25 -5 -9 -20 -4
right_child=8 3 7 10 15 -7 -8 14 -10 -11 -12 -13 -14 -15 19 -17 -18 -19 28 -21 -22 22 -24 25 -26 -27 -28 -29 -30 -31
leaf_value=-0.035841701629360109 0.05795533858094435 -0.031257417674310936 -0.04166374860943596 -0.044953046372125612 -0.01430667692440135 -0.042508731388808889 0.084564567776980015 -0.048052683914654219 0.058869696518861481 -0.039550217531026492 0.050559194011839163 0.04471782116692552 0.038261410232985377 0.042927223588093102 -0.027884757864245907 0.070880171450786331 0.054932864723232645 0.061517634308338558 -0.03984773456432758 0.045335130633893765 0.03440266363611251 -0.022315292192301113 0.048799029580924622 0.024618520247710288 0.068879181976059758 -0.034007139662900504 0.021894348157261365 0.0081412356259537907 0.0085591276019717066 0.016760499006436804
leaf_weight=5.875010955147447 2.9631318449974078 3.0920375699643072 4.5045786956325156 7.3208375356625748 1.5497822570614581 5.3270512544549993 3.3991673188284031 93.431092408020049 47.245727874338627 3.6184689546935251 2.0948837590403846 2.1791644748300314 3.3035388351418078 0.8497409087140112 1.2422769514378151 12.374010584084315 10.287391736637799 6.3687125891447067 2.1935232807882135 1.2262027752585709 0.16206698725000013 0.78736962517723419 0.46894284337759018 0.71044692862778935 0.5409819846972822 3.0584140103310347 0.24784561991691578 0.71731946896761556 1.6318493713624773 0.44863872183486808
leaf_count=977 13 348 590 1121 126 1053 63 27730 340 460 41 17 133 25 240 118 70 34 58 24 2 99 22 14 7 128 1 185 31 40
internal_value=0 -0.0189658 -0.0359073 0.0302136 0.0433523 0.00160791 0.0218506 -0.0423038 0.0497653 0.0222552 -0.00962774 -0.00702677 -4.49961e-05 -0.0283829 -0.0459479 0.0522257 0.0346302 0.0408457 0.0160437 0.0110711 -0.0269952 -0.0263936 0.0140926 -0.00382582 0.022539 -0.020111 -0.0404644 -0.0475435 -0.0217037 -0.0344455
internal_weight=0 165.199 123.072 42.1264 31.6131 18.0367 12.7097 105.036 64.0214 16.7757 10.5133 9.31049 8.41882 8.41842 96.6169 28.521 16.147 13.1572 6.7885 2.46848 5.11528 7.13132 1.25631 5.85963 2.09076 3.76886 7.56868 94.1484 3.82537 4.95322
internal_count=34110 33174 31175 1999 811 2231 1178 28944 936 596 1188 1115 765 1147 28179 463 345 136 102 264 632 1098 121 275 133 142 1122 27915 89 630
is_linear=0
shrinkage=0.05


Tree=34
num_leaves=31
num_cat=0
split_feature=22 3 15 36 36 18 10 30 15 14 21 6 23 18 5 23 15 23 0 15 36 14 13 0 15 38 2 37 30 0
split_gain=88.6068 50.1849 14.7168 8.44081 7.36537 7.19476 11.5637 6.80467 5.73365 4.89262 4.83539 9.98915 3.12983 9.23407 2.96235 2.95649 2.56718 4.18604 2.35802 2.28481 1.66318 1.64188 1.75541 1.61829 1.38811 1.29541 1.2598 1.24328 1.21123 0.915218
threshold=1.0000000180025095e-35 1.5319487877656324 758.50000000000011 56.850000000000001 15.850000000000003 1.0000000180025095e-35 3718.7350000000001 5.5000000000000009 182.50000000000003 72604.070000000022 3.8986342592592598 1.0000000180025095e-35 1.0000000180025095e-35 1.0000000180025095e-35 1.0000000180025095e-35 8.0583275462962991 80277.500000000015 33.030028935185193 2340.8850000000007 1132.5000000000002 34.750000000000007 13540.130000000003 24.500000000000004 49226.510000000002 302.50000000000006 1.694021936689617 19.249882541093541 169.75000000000003 4.5000000000000009 45425.610000000008
decision_type=2 2 2 2 2 2 2 2 2 2 2 2 2 2 2 2 2 2 2 2 2 2 2 2 2 2 2 2 2 2
left_child=1 2 3 4 -1 6 16 9 27 28 11 24 13 23 -9 -10 26 -18 -11 -8 -19 -17 -23 -2 -7 -26 -3 -6 -4 -20
right_child=12 5 7 -5 8 10 19 14 15 18 -12 -13 -14 -15 -16 21 17 20 29 -21 -22 22 -24 -25 25 -27 -28 -29 -30 -31
leaf_value=-0.03662803657382839 -0.040014243694521723 -0.045162078001784872 -0.039037996590064357 -0.042329147671902781 -0.033080583002324367 0.029025733741713123 0.064988590609549243 -0.047447778815034043 -0.01864457534471527 0.075095063763431225 0.072142117065640485 0.052774141278665324 0.058205225671360987 0.049105651477069766 0.016854328079869307 -0.011516411034978941 -0.029862660869606785 0.099139578587211105 -0.024786674681278945 -0.0033619950724201619 -0.010034031400882076 0.092338864284118846 0.022009670008615614 0.031276170894882514 -0.042876148827682273 0.018727203090182162 0.020169855652402827 0.029145183376861696 0.021395187316882336 0.027412950135980774
leaf_weight=2.6565100008156177 3.8080848383251591 7.8665918931365031 3.3175315256230529 5.2460739065427324 1.8968148902058586 0.21367438323796051 4.9166216037701806 90.511337963165715 0.58006599405780424 1.5096966782584789 9.4335456071421486 9.7320621758699399 45.509004011750221 13.6876604212448 1.3640780425630499 0.29456908768042911 1.4376358583103859 0.32584188668988634 0.95153764449059941 1.4214331984985618 0.24620478902943432 4.9904863242991269 1.9477732614614067 0.19021588563919056 4.4702427531592548 0.42882723058573891 0.24998202919960011 0.24890456767752756 0.35359339416027058 0.48204219341278076
leaf_count=515 489 1362 498 1112 355 2 59 27802 66 13 68 50 340 96 20 36 269 29 96 56 38 124 85 1 310 19 1 18 18 2
internal_value=0 -0.0186681 -0.0353224 0.0061457 0.0279326 0.0285993 0.00270809 -0.0428288 0.0469254 0.00540206 0.0453557 0.0248547 0.0509876 0.0302944 -0.0463219 0.0650939 -0.0295766 0.0153321 0.0458301 0.0512904 0.0756587 0.0732586 0.0778551 -0.0310438 -0.0282291 -0.0352233 -0.0411582 -0.0188919 -0.029883 -0.00318255
internal_weight=0 157.094 116.351 17.8612 12.6151 40.7427 16.4643 98.4898 9.95861 6.6144 24.2784 14.8448 63.195 17.686 91.8754 7.81289 10.1263 2.00968 2.94328 6.33805 0.572047 7.23283 6.93826 3.9983 5.11274 4.89907 8.11657 2.14572 3.67112 1.43358
internal_count=33949 33023 30760 2311 1199 2263 1814 28449 684 627 449 381 926 586 27822 311 1699 336 111 115 67 245 209 490 331 329 1363 373 516 98
is_linear=0
shrinkage=0.05


Tree=35
num_leaves=31
num_cat=0
split_feature=22 3 15 36 23 23 39 2 36 30 30 37 17 2 15 14 33 23 6 14 37 12 10 16 13 12 36 12 30 0
split_gain=76.4734 53.0333 13.6142 7.28967 7.18504 7.03063 6.59218 8.61428 6.48842 4.69231 4.18852 3.99048 8.50781 4.93489 3.80484 3.54064 3.10784 2.81478 2.44308 2.39917 1.70432 1.67055 1.56477 1.53717 1.53321 1.29521 1.05224 1.0266 0.919811 0.906466
threshold=1.0000000180025095e-35 1.5319487877656324 758.50000000000011 56.850000000000001 7.885422453703705 1.0000000180025095e-35 1.0000000180025095e-35 2.3483981836115562 15.850000000000003 5.5000000000000009 3.5000000000000004 502.35000000000008 7.5000000000000009 5.7313164596176085 165.50000000000003 33122.295000000006 1.0000000180025095e-35 8.0583275462962991 1.0000000180025095e-35 47397.555000000015 69.15000000000002 2794.7200000000007 2954.7750000000005 2.5000000000000004 9.5000000000000018 50008.92500000001 856.05000000000007 7790.2450000000008 18.500000000000004 21445.595000000005
decision_type=2 2 2 2 2 2 2 2 2 2 2 2 2 2 2 2 2 2 2 2 2 2 2 2 2 2 2 2 2 2
left_child=1 2 3 8 26 6 7 -2 -1 10 -4 12 13 -6 25 27 24 -16 -11 -12 -17 -19 -23 -20 -15 -10 -3 -14 -24 -26
right_child=5 4 9 -5 11 -7 -8 -9 14 18 19 -13 15 16 17 20 -18 21 23 -21 -22 22 28 -25 29 -27 -28 -29 -30 -31
leaf_value=-0.036433108699516166 -0.044602661328755032 -0.040874894262004483 -0.032428224753835229 -0.042049248306405017 -0.041428145404412128 0.057386651275823923 0.052930705865582461 0.042810354634536474 -0.031436478811687742 -0.048443123191026866 -0.020392097561652275 0.069227523398931887 -0.029518364687916205 0.022724470613828637 -0.020004529293134295 0.013646249672265791 0.058446786227161797 -0.0056880327465937755 -0.029182637460807181 0.063670228685917513 0.063036970627909458 0.083057257246625438 -0.018882205412826758 0.030784033445743708 0.0066594964435922211 0.033018740544502927 0.019296293679791406 0.023897554890354181 0.034265839462545543 -0.03946714873150986
leaf_weight=2.6040385439991978 5.7977561105508375 3.1268750557210292 3.4901042296551159 5.0326559476088724 4.6080630884971487 43.812764152884483 6.4156742077320805 3.8430334213189781 1.662609878461806 85.89378249226138 0.66540398541837964 6.845717978430911 1.3558406631927962 2.2502784663811326 0.64954024390317489 2.7435065682511768 2.1552247009240091 0.6192114793229847 1.0516728886868798 1.728221005760133 12.799648282350971 5.089223031885922 0.59294478222727753 1.2374238688498733 1.3079550927504899 0.19030148279853154 0.26651882380247105 0.54356748308055092 0.88260261155664921 1.8216506941244004
leaf_count=523 497 437 485 1104 979 342 36 50 331 27780 99 72 211 35 74 101 22 62 119 38 292 133 54 139 31 12 2 10 16 34
internal_value=0 -0.0191867 -0.0368153 0.00374394 0.0298143 0.0471224 0.0173923 -0.0090093 0.0242481 -0.0442454 -0.000851389 0.0363707 0.0267533 -0.00532982 0.0424441 0.0481668 0.0190133 0.0563735 -0.0470988 0.0411788 0.0556709 0.0648797 0.071408 0.00273744 -0.003469 -0.0155633 -0.0328326 -0.011262 0.0139083 -0.023245
internal_weight=0 151.215 111.39 17.3231 39.8248 59.8692 16.0565 9.64079 12.2905 94.0666 5.88373 36.4315 29.5857 12.1432 9.68643 17.4426 7.53511 7.83352 88.1829 2.39362 15.5432 7.18398 6.56477 2.2891 5.37988 1.85291 3.39339 1.89941 1.47555 3.12961
internal_count=34120 33195 30969 2309 2226 925 583 547 1205 28660 622 1787 1715 1101 682 614 122 339 28038 137 393 265 203 258 100 343 439 221 70 65
is_linear=0
shrinkage=0.05


Tree=36
num_leaves=31
num_cat=0
split_feature=22 3 30 19 21 12 3 14 23 19 10 30 23 19 0 12 24 10 23 21 37 37 3 39 3 17 17 0 17 2
split_gain=73.2397 44.0609 12.2801 9.02663 8.46402 8.44759 5.71022 5.20928 4.52453 7.8755 3.59469 5.72331 4.05843 4.72994 2.78241 2.45279 2.35922 2.2726 2.20863 2.13948 2.1015 3.15213 1.73918 2.97596 2.30933 1.2608 1.1688 1.13739 0.998679 0.925776
threshold=1.0000000180025095e-35 1.5319487877656324 6.5000000000000009 2.0870370370370375 3.8986342592592598 23147.165000000005 3.4357288626039613 31582.470000000005 1.0000000180025095e-35 0.027800925925925927 690.89000000000021 18.500000000000004 15.265763888888889 21.025092592592596 2926.6300000000006 84453.630000000019 1.5000000000000002 698.96500000000003 18.378292824074077 9.1760416666666682 194.85000000000005 218.55000000000004 2.4965913171622796 1.0000000180025095e-35 0.80203339531218354 8.5000000000000018 12.500000000000002 45425.610000000008 6.5000000000000009 0.16296717139927988
decision_type=2 2 2 2 2 2 2 2 2 2 2 2 2 2 2 2 2 2 2 2 2 2 2 2 2 2 2 2 2 2
left_child=1 2 7 4 5 -3 20 -1 9 22 15 16 -13 19 18 29 17 -12 -9 -14 -5 -22 23 24 -2 -7 -19 -16 -17 -4
right_child=8 3 10 6 -6 25 -8 14 -10 -11 11 12 13 -15 27 28 -18 26 -20 -21 21 -23 -24 -25 -26 -27 -28 -29 -30 -31
leaf_value=-0.036185381743480877 -0.036194687631586613 -0.025881669075689742 0.0037353682102807847 -0.04101629108616768 0.072016748046556681 0.010655162956067348 0.038804141549673432 -0.018128978029289627 0.056729051802890756 -0.038502265571975169 0.040801373759827647 -0.031846992054199663 -0.012955118714672531 -0.026268437881209618 -0.02978120178259443 -0.022945356378129514 0.027914448445644502 -0.046928919295891776 0.062084822558079789 0.087990606592177681 0.049711703582571667 -0.031463801192851436 0.066990209118216529 0.047535706754556706 0.024480850143637888 0.055000154015030389 -0.0016192198778187681 0.026778189958514914 0.028522316387648735 -0.047502841673681059
leaf_weight=2.5381989085581136 2.0703876325860637 6.4430322444532093 0.75015262910164793 6.8274708408862335 11.72284367890097 2.7454501346219313 3.6828467859886578 0.54944148054346431 41.230806589126587 3.2243098949547848 0.099625831935559073 1.7035351248923678 0.34614562126807946 1.0828517284244297 1.4234021054580805 0.73331385804340143 0.71127816662192422 13.95879785553552 4.9708311981521547 2.3172461197245866 1.2099940297193827 1.6344998627901075 3.7037998586893073 4.8487819656729698 2.239758194424212 6.6400001170113683 1.6536145156715054 0.47829978168010701 1.1413162178359924 72.942657728912309
leaf_count=454 66 515 132 1181 94 52 30 52 335 450 15 346 70 235 172 133 54 3730 106 133 92 277 17 23 27 42 284 2 153 24689
internal_value=0 -0.0181594 -0.0348954 0.0255657 0.0414597 0.015894 -0.00782795 0.0166048 0.0479164 0.0233317 -0.0402748 -0.0209865 0.0207192 0.0462964 0.0368112 -0.0455108 -0.0352207 -0.0395781 0.0525451 0.0749161 -0.0275566 0.00701554 0.0404909 0.0242355 -0.00599224 0.0443033 -0.0425162 -0.0112298 0.00741097 -0.0469382
internal_weight=0 148.307 107.401 40.9061 27.5513 15.8285 13.3548 9.96017 57.3178 16.087 97.4405 21.8731 5.44978 3.74624 7.42197 75.5674 16.4233 15.712 5.52027 2.66339 9.67196 2.84449 12.8627 9.15893 4.31015 9.38545 15.6124 1.9017 1.87463 73.6928
internal_count=33961 33043 30760 2283 703 609 1580 786 918 583 29974 4867 784 438 332 25107 4083 4029 158 203 1550 369 133 116 93 94 4014 174 286 24821
is_linear=0
shrinkage=0.05


Tree=37
num_leaves=31
num_cat=0
split_feature=22 2 15 36 23 18 10 36 30 23 33 2 15 17 6 23 23 36 37 18 3 17 3 12 36 36 2 37 37 38
split_gain=72.1849 43.7875 11.6243 6.68858 6.12459 5.84351 8.7725 5.42045 5.26058 4.50558 5.43122 4.59837 4.12097 3.33096 2.60926 2.54224 2.32737 2.17234 3.08135 1.74986 1.73422 1.3486 1.28367 1.19264 1.08069 0.978362 0.914846 0.977062 2.45952 0.788945
threshold=1.0000000180025095e-35 2.6747992827852056 758.50000000000011 56.850000000000001 7.885422453703705 1.0000000180025095e-35 3718.7350000000001 15.850000000000003 5.5000000000000009 1.0000000180025095e-35 1.0000000180025095e-35 5.7313164596176085 182.50000000000003 8.5000000000000018 1.0000000180025095e-35 40.25133101851852 8.0583275462962991 30.350000000000005 153.65000000000001 1.0000000180025095e-35 1.6901196134520535 13.500000000000002 -0.92562907532061811 2794.7200000000007 34.750000000000007 856.05000000000007 19.249882541093541 194.85000000000005 205.55000000000004 1.2684547321291317
decision_type=2 2 2 2 2 2 2 2 2 2 2 2 2 2 2 2 2 2 2 2 2 2 2 2 2 2 2 2 2 2
left_child=1 2 3 7 25 6 15 -1 13 10 11 17 21 22 20 26 -14 18 -2 -16 -10 -9 24 -18 -4 -3 27 -6 -29 -25
right_child=9 4 8 -5 5 -7 -8 12 14 -11 -12 -13 16 -15 19 -17 23 -19 -20 -21 -22 -23 -24 29 -26 -27 -28 28 -30 -31
leaf_value=-0.035479044009707458 -0.02607885822991813 -0.039998529510159878 0.03905043083457415 -0.041736249148008962 -0.043730828932979575 0.048403271583318086 0.052079713373729464 -0.032956069152783887 -0.04695824094495122 0.056566986619893657 0.054521889622980463 0.050048104521650455 -0.018790427584435401 0.044373550725226037 -0.025995555842377518 0.041363121843378398 -0.0041225413654189212 -0.04329213798638492 0.050554848302726954 0.040693502291697735 0.021717333762075776 0.032494583250990361 -0.037281088202113365 0.072199324517974353 -0.020160517025209528 0.018405007922501767 0.018960867964080325 0.050571355411119512 -0.031137206949436932 0.012428556574644721
leaf_weight=2.3839480488095459 2.1730759735219203 2.9553885029163207 0.60578509094193556 4.8289156532846382 5.9559008458163554 22.403013536706567 5.4273893793579182 1.8774629104882472 77.399274096591398 43.403196923434734 6.6774289710447183 2.0984299853444099 0.58710038824938049 1.9994797613471744 1.0699523715302337 0.50835509109310884 0.54714629426598538 3.7955963895656168 1.2563630677759645 0.91458146227523673 0.39319189870729943 0.19698796304874111 2.8056240375153711 5.7504641013219953 0.62013982073403895 0.26614936068654049 0.24931149184703816 0.43023661361075971 1.593555442523211 1.1160289291292427
leaf_count=517 182 434 41 1139 1072 312 90 369 27581 363 79 10 68 51 234 37 48 298 12 15 111 12 474 154 66 2 1 38 288 38
internal_value=0 -0.016969 -0.0340807 0.00318279 0.0271168 0.0330332 0.007135 0.0224 -0.0415384 0.048161 0.0233733 -0.00205563 0.038062 0.00302424 -0.0449031 -0.0232646 0.0530487 -0.0214336 0.00707085 0.00807545 -0.0463399 -0.0181932 -0.0222266 0.0602949 0.0134972 -0.0319567 -0.0313063 -0.0348135 -0.00278692 0.0652995
internal_weight=0 142.885 103.096 17.2881 39.7893 36.5678 14.1647 12.4591 85.808 59.4041 16.0009 9.32347 10.0752 6.03103 79.777 8.73736 8.00074 7.22504 3.42944 1.98453 77.7925 2.07445 4.03155 7.41364 1.22592 3.22154 8.229 7.97969 2.02379 6.86649
internal_count=34136 33192 30918 2345 2274 1838 1526 1206 28573 944 581 502 689 632 27941 1436 308 492 194 249 27692 381 581 240 107 436 1399 1398 326 192
is_linear=0
shrinkage=0.05


Tree=38
num_leaves=31
num_cat=0
split_feature=22 3 15 36 30 36 23 19 21 23 19 19 19 23 32 15 23 23 32 6 32 3 0 39 3 36 2 19 2 21
split_gain=63.222 38.6194 13.4963 8.17124 7.17667 6.2437 5.46693 6.5523 5.39833 5.30761 6.42337 5.15278 4.77092 4.99349 3.9313 3.31789 3.25934 2.71384 2.58674 2.58275 2.58061 1.6746 4.45199 2.8805 2.51211 1.54547 1.54247 1.17147 0.991311 0.990498
threshold=1.0000000180025095e-35 1.5319487877656324 758.50000000000011 54.550000000000004 5.5000000000000009 15.850000000000003 7.885422453703705 23.137812500000006 19.017795138888893 1.0000000180025095e-35 0.14489004629629634 0.027800925925925927 11.97892939814815 8.0583275462962991 0.19139194139194141 18795.500000000004 18.835671296296301 23.261041666666671 0.057983193277310933 1.0000000180025095e-35 0.036038961038961044 2.4965913171622796 5183.3950000000013 1.0000000180025095e-35 0.80203339531218354 58.350000000000001 19.249882541093541 4.0441261574074083 19.249882541093541 18.53696180555556
decision_type=2 2 2 2 2 2 2 2 2 2 2 2 2 2 2 2 2 2 2 2 2 2 2 2 2 2 2 2 2 2
left_child=1 2 3 5 14 -1 -3 8 11 10 21 15 13 -7 25 -8 26 27 -14 -6 -13 22 23 24 -2 29 -17 -10 -9 -4
right_child=9 6 4 -5 19 12 7 28 17 -11 -12 20 18 -15 -16 16 -18 -19 -20 -21 -22 -23 -24 -25 -26 -27 -28 -29 -30 -31
leaf_value=-0.03493724816314258 -0.033984359211231656 -0.031165005028352035 0.0010175108946616639 -0.041842514948783709 -0.046842186882833446 -0.022971132989557882 0.047037677056876094 -0.037951278250176239 0.033084047510258514 0.055654566156875251 -0.037828492174807965 -0.040406922607025518 -0.033212476859772411 0.08561602056631433 -0.034793698872376058 -0.0076711779394660583 -0.038960410217936545 0.083649900737267496 0.03500141624765573 0.0073737192803982584 0.028359451310473446 0.060842153649248956 -0.040765983889170632 0.059207069748943242 0.035489674838682983 -0.010181503470218315 0.052792283289299018 -0.021696877350574999 0.02000928974195907 0.06379916825266474
leaf_weight=2.2606087783351567 1.7216001478955134 3.091525249881669 0.82875055167824019 4.8931990158744147 74.607769400347024 0.83354484965093245 13.479224218521273 2.9900475433096285 1.4556184951215967 39.967568226158619 3.0048966098111114 3.3738374505192033 1.9161989029962572 5.2981148881372064 2.2481324749533087 1.4016224425286046 2.0496112452819943 6.7658431874588132 1.6556366044096646 2.0020759524777523 1.1529080325271932 3.588805489242076 1.5601694020442662 4.0936397314071655 1.4936445453204212 1.013701061485335 1.5956488382071257 0.75095556094311167 0.24999994039535511 2.1051463447511196
leaf_count=506 59 453 49 1154 27750 143 203 563 11 353 447 532 286 172 475 54 105 120 30 258 65 18 23 20 15 73 15 137 1 35
internal_value=0 -0.0166612 -0.0329849 0.00743084 -0.0412031 0.0292563 0.0255132 0.0312042 0.0380935 0.0460913 0.0194932 0.0234976 0.0460782 0.0697034 0.00923457 0.0348693 -3.42572e-05 0.069478 -0.000853737 -0.0453486 -0.0209306 0.035103 0.0195782 0.0358154 -0.000947324 0.036273 0.029672 0.0134884 -0.0298147 0.0508317
internal_weight=0 138.02 99.6629 16.8573 82.8056 11.9641 38.3568 35.2653 32.0253 55.4303 15.4628 23.0529 9.7035 6.13166 6.19573 18.5261 5.04688 8.97242 3.57184 76.6098 4.52675 12.4579 8.86905 7.30888 3.21524 3.9476 2.99727 2.20657 3.24005 2.9339
internal_count=34125 33190 30931 2291 28640 1137 2259 1806 1242 935 582 974 631 315 632 377 174 268 316 28008 597 135 117 94 74 157 69 148 564 84
is_linear=0
shrinkage=0.05


Tree=39
num_leaves=31
num_cat=0
split_feature=18 24 15 33 14 14 15 3 2 19 23 14 2 37 32 17 36 36 37 36 15 37 14 20 19 14 41 15 3 23
split_gain=46.103 29.7015 15.8226 9.74832 8.87346 7.70129 5.55789 6.96042 4.79364 4.37342 3.86974 3.08242 3.98559 2.93846 2.82099 8.10152 4.16876 4.17911 2.4421 2.63378 2.12208 1.91973 1.90348 1.84356 1.74594 1.61655 1.43653 1.35916 2.59387 2.02708
threshold=1.0000000180025095e-35 1.5000000000000002 898.50000000000011 1.0000000180025095e-35 9729.510000000002 31185.515000000003 614.00000000000011 1.5665996026553377 19.249882541093541 23.137812500000006 14.849513888888891 300907.25500000006 0.22769621361073847 562.85000000000002 0.039607843137254913 8.5000000000000018 48.550000000000004 25.350000000000005 55.050000000000004 57.850000000000001 18795.500000000004 562.85000000000002 19286.810000000005 1.5000000000000002 0.21398148148148152 148642.81500000009 1.0000000180025095e-35 96571.500000000015 0.84396429561378905 20.002528935185186
decision_type=2 2 2 2 2 2 2 2 2 2 2 2 2 2 2 2 2 2 2 2 2 2 2 2 2 2 2 2 2 2
left_child=1 2 5 4 21 -1 -6 11 14 10 24 12 -8 20 26 -16 17 -17 -12 -20 -9 -2 -3 -22 -7 -19 27 -4 -29 -30
right_child=3 22 8 -5 6 9 7 13 -10 -11 18 -13 -14 -15 15 16 -18 25 19 -21 23 -23 -24 -25 -26 -27 -28 28 29 -31
leaf_value=-0.03688561600894083 -0.042695170387063101 -0.0078324358354924829 -0.048261921151060531 0.052361630451072998 0.055166356664268848 0.030585182559526771 0.032207612404806803 0.030304215196359043 0.041612066444367019 -0.024400784701696106 -0.01838590417590048 0.041616419611711752 -0.043210802947276888 0.06673761048665966 -0.043432731744383953 -0.017553161995386063 -0.019506917288854175 0.13088280672852162 0.073812263515655771 -0.0053487350690775972 -0.031520212891453014 0.019827169442679676 0.051665213285993196 0.028473748073403894 -0.028599029130150517 0.0037728828126753254 0.019246441112982834 -0.036093091581120569 -0.022293446642552471 0.054708999681239545
leaf_weight=5.3702641287818578 6.1364135392941526 1.2224204496014852 60.40952131873928 29.595031565055251 9.8264130065217596 1.1293786216992878 1.4191332184709606 8.0823859132360649 1.0124866440892208 2.4810845830943427 0.57210504054091682 0.90345743391662914 7.6324812814127654 3.5713434880599371 6.4199852470774186 0.53204127214849029 1.1574887849856166 0.85827476880513109 6.9094570274464786 1.0625141002237795 2.6592451438773419 0.87011825921945263 12.552220467245204 1.0502848690375683 2.0411237978842109 0.35939826699905097 0.35337011492811043 5.6033530831336966 0.79460650216788031 0.90638559008948505
leaf_count=1158 1622 274 21042 685 210 45 32 129 6 383 112 58 1813 28 2004 153 301 74 136 182 100 17 282 9 342 38 36 2039 240 269
internal_value=0 -0.0202755 -0.0299959 0.0307798 0.0147646 0.00982793 0.0250305 0.0116826 -0.0399323 0.0287642 0.0410578 -0.0197066 -0.0293587 0.0319835 -0.0415163 -0.0138376 0.0459067 0.0805367 0.056986 0.0638414 0.0170634 -0.0334241 0.0462124 -0.0120948 -0.00523816 0.111985 -0.0450538 -0.0456646 -0.0209585 0.0238018
internal_weight=0 111.747 97.9728 71.7463 42.1513 19.5659 35.1447 25.3183 78.4069 14.1957 11.7146 9.95507 9.05161 15.3633 77.3944 9.32719 2.9072 1.74971 8.54408 7.97197 11.7919 7.00653 13.7746 3.70953 3.1705 1.21767 68.0672 67.7139 7.30435 1.70099
internal_count=33819 29116 28560 4703 4018 2358 2379 2169 26202 1200 817 1903 1845 266 26196 2570 566 265 430 318 238 1639 556 109 387 112 23626 23590 2548 509
is_linear=0
shrinkage=0.05


Tree=40
num_leaves=31
num_cat=0
split_feature=22 3 15 15 37 33 17 36 31 23 19 36 14 0 19 23 10 6 6 3 39 9 2 23 13 3 15 38 32 17
split_gain=59.6846 31.7539 11.4273 6.43573 6.28338 8.96173 7.54402 5.33539 4.59498 4.54084 5.99004 4.07178 3.70776 2.96106 2.81153 2.84905 2.78701 4.00052 2.47161 2.06125 3.53721 1.69917 1.69748 1.21866 1.19974 1.17377 1.06983 0.971497 0.787963 0.719299
threshold=1.0000000180025095e-35 1.5319487877656324 758.50000000000011 165.50000000000003 502.35000000000008 1.0000000180025095e-35 8.5000000000000018 56.850000000000001 1.0000000180025095e-35 1.0000000180025095e-35 0.027800925925925927 15.850000000000003 72604.070000000022 2340.8850000000007 22.971701388888892 8.0583275462962991 1742.075 1.0000000180025095e-35 1.0000000180025095e-35 2.4965913171622796 1.0000000180025095e-35 2.5000000000000004 19.249882541093541 7.885422453703705 24.500000000000004 0.80203339531218354 184309.50000000003 1.6286505249724763 0.054804804804804812 5.5000000000000009
decision_type=2 2 2 2 2 2 2 2 2 2 2 2 2 2 2 2 2 2 2 2 2 2 2 2 2 2 2 2 2 2
left_child=1 2 3 -1 5 6 22 11 18 10 19 -5 26 -14 15 -13 17 27 21 20 25 -4 28 -7 -17 -2 -10 -8 -3 -20
right_child=9 4 8 7 -6 23 16 -9 12 -11 -12 14 13 -15 -16 24 -18 -19 29 -21 -22 -23 -24 -25 -26 -27 -28 -29 -30 -31
leaf_value=-0.041269499809813794 -0.035299491135446157 -0.044618688421166862 -0.047239592348304035 -0.028330909840612723 0.064164986610575292 -0.013383245304634837 -0.038668089417872288 -0.035129921960745485 -0.038098123826351048 0.055751029338778714 -0.036862669973728744 -0.019117248449050023 0.070276889805906309 -0.021894476228319443 -0.015286935729210067 0.077966086043437868 0.057548552217102637 0.044779580199933861 -0.020922146766200304 0.062106215030254756 0.043284256806199399 0.021901424668610423 0.0060416789834657134 0.053986738701775699 0.0111465696349324 0.0098061916814141392 0.01903088442016114 0.016501192205610422 0.0022800563614570868 0.022702639346421426
leaf_weight=4.5539382537826922 1.9307135539129356 8.7790027882438153 68.020200385246426 1.2792204585857678 6.0941431135870507 0.3432234048377748 2.8482073254417615 2.3040322640445074 2.9552030558697875 34.457501269876957 2.7276282829698166 0.60247528622858038 1.4872070681303742 0.75821312610059965 1.006869859062135 5.6382175819016993 3.11371217854321 2.1578780394047499 0.61603449285030265 4.0209838002920142 5.088308610022068 0.36204969324171443 2.1058454886078826 8.5078320235479605 1.159631550312042 2.1777794817462564 0.38217477872967709 0.40613648039288808 0.88198224757798094 1.3825789627153424
leaf_count=1181 65 1332 27615 263 84 53 308 527 493 326 444 68 11 89 95 124 59 16 92 20 26 70 30 217 50 27 33 30 108 157
internal_value=0 -0.0181614 -0.0334516 0.0040163 0.0217946 0.0111 -0.00754829 0.0230686 -0.041558 0.0455704 0.0215788 0.0389038 0.00181021 0.041997 0.0510582 0.0608302 0.0265115 0.00246538 -0.0449753 0.0353832 0.0187546 -0.0465631 -0.0323707 0.0502809 0.0694587 -0.0141511 -0.0286767 -0.0295227 -0.0405249 0.0067631
internal_weight=0 127.746 92.508 16.5444 35.238 29.1438 20.2928 11.9904 75.9637 50.4029 15.9454 9.68641 5.5828 2.24542 8.40719 7.40032 8.52593 5.41222 70.3809 13.2178 9.1968 68.3823 11.7668 8.85106 6.79785 4.10849 3.33738 3.25434 9.66099 1.99861
internal_count=34013 33105 30868 2308 2237 2153 1883 1127 28560 908 582 600 626 100 337 242 413 354 27934 138 118 27685 1470 270 174 92 526 338 1440 249
is_linear=0
shrinkage=0.05


Tree=41
num_leaves=31
num_cat=0
split_feature=18 24 21 0 5 15 14 32 17 36 37 30 32 36 36 4 14 14 14 21 12 3 36 23 38 37 3 24 14 23
split_gain=39.0398 27.8958 16.4865 20.4186 14.3625 13.4352 5.1913 3.85332 7.65622 3.261 3.90274 3.16909 3.01379 2.43026 2.69502 1.87178 1.77855 1.68985 1.64145 1.44296 1.29495 1.34854 1.35411 1.28057 0.971482 0.826652 0.806568 0.653765 0.606391 0.553837
threshold=1.0000000180025095e-35 1.5000000000000002 5.5592071759259269 106.38000000000001 1.0000000180025095e-35 1712.5000000000002 73996.270000000019 0.039607843137254913 8.5000000000000018 43.750000000000007 71.750000000000014 1.5000000000000002 0.057983193277310933 60.050000000000004 16.450000000000003 1.0000000180025095e-35 286331.32000000007 30499.280000000002 19480.010000000006 0.049965277777777782 171661.18500000003 4.641437745208993 51.050000000000004 15.099079861111113 0.36958209487114785 994.05000000000007 -2.6028089179770437 1.5000000000000002 4570.7200000000012 0.030451388888888892
decision_type=2 2 2 2 2 2 2 2 2 2 2 2 2 2 2 2 2 2 2 2 2 2 2 2 2 2 2 2 2 2
left_child=1 5 3 -2 20 6 12 11 -9 10 -10 -7 15 14 -8 19 -6 -14 -3 24 21 27 -23 -16 -1 -15 -13 -5 -4 -21
right_child=2 18 28 4 16 7 13 8 9 -11 -12 26 17 25 23 -17 -18 -19 -20 29 -22 22 -24 -25 -26 -27 -28 -29 -30 -31
leaf_value=-0.018161800043676516 0.053674813374608582 -0.0049829997284596451 0.0068086711623214641 -0.045643559009893642 0.0075354636401664876 0.029481473907364459 -0.023638266900309048 -0.042597953660223481 -0.018733206120585124 -0.014167320282493685 0.099953003017161354 0.0011808448051169936 -0.020433446067675928 -0.030131586366455184 -0.0025427799291395537 0.022842456206371736 0.055772483228974157 0.048784918832735336 0.050676190351046639 0.0020773595729836124 0.019663054409951763 0.026074321301721083 -0.029932569620125173 0.056642543052597985 0.041914667954483925 0.018968230650544482 -0.047867721947060432 0.0049965495623385189 0.063972248177595961 -0.044698744098975028
leaf_weight=0.56509782141074616 15.893618548754601 1.2875104972627003 0.73254018393345433 16.98164983582684 3.4579610750079173 0.74772506160661478 0.87865558615885486 5.6043437493499351 0.57803933578543443 1.2941542200278489 1.4959437269717453 0.8020022960845371 0.67994982306845431 1.4685307729523618 0.95061021088622499 0.88374672341160554 4.5501675456762314 1.4744392046704886 11.871889526024459 0.58815557975321819 0.39403645461425085 1.1605777111835771 1.162554469425231 6.2242627062369138 0.29082459094934165 0.49690277315676201 58.007602578261867 0.46709134499542315 21.488851285073906 7.8951487357262522
leaf_count=161 172 278 36 4042 21 37 195 1885 147 317 80 176 140 377 80 15 25 57 284 62 4 18 23 182 19 5 22488 57 341 2173
internal_value=0 -0.0204527 0.028325 0.010107 -0.0154679 -0.0303525 0.00319023 -0.0412028 -0.00941774 0.0429046 0.0715408 -0.0457567 -0.0178814 0.0284823 0.039745 -0.0290114 0.0380922 0.0273867 0.0452632 -0.0356529 -0.0375321 -0.0395637 -0.0025263 0.0494492 0.0138365 -0.0155077 -0.0471903 -0.0440906 0.0624622 -0.0415786
internal_weight=0 104.086 66.289 44.0677 28.174 90.9261 22.3963 68.5298 8.97248 3.36814 2.07398 59.5573 12.3774 10.019 8.05353 10.223 8.00813 2.15439 13.1594 9.33923 20.1659 19.7719 2.32313 7.17487 0.855922 1.96543 58.8096 17.4487 22.2214 8.4833
internal_count=33897 29158 4739 4362 4190 28596 3466 25130 2429 544 227 22701 2627 839 457 2430 46 197 562 2415 4144 4140 41 262 180 382 22664 4099 377 2235
is_linear=0
shrinkage=0.05


Tree=42
num_leaves=31
num_cat=0
split_feature=22 3 32 17 19 36 37 23 39 3 17 30 37 12 38 36 3 36 36 37 23 12 12 23 12 16 17 3 10 10
split_gain=51.923 30.6361 10.93 9.95577 7.3343 5.05217 7.70752 5.0492 5.42418 7.23563 4.98441 3.77469 3.72773 6.45237 4.18571 3.14828 2.86039 2.8342 2.29564 2.07298 2.01547 1.87794 1.87015 1.44119 1.39333 1.42516 1.12018 0.990226 2.37601 0.925551
threshold=1.0000000180025095e-35 1.1945966753204555 0.039607843137254913 8.5000000000000018 0.027800925925925927 58.850000000000001 194.85000000000005 1.0000000180025095e-35 1.0000000180025095e-35 2.0821601211680192 7.5000000000000009 5.5000000000000009 502.35000000000008 44951.905000000006 0.43638688853760593 57.850000000000001 1.8332110504050443 17.550000000000004 56.850000000000001 69.15000000000002 20.002528935185186 5537.2500000000009 56364.785000000011 34.2122800925926 60076.935000000005 5.5000000000000009 8.5000000000000018 0.80203339531218354 2792.145 81.27500000000002
decision_type=2 2 2 2 2 2 2 2 2 2 2 2 2 2 2 2 2 2 2 2 2 2 2 2 2 2 2 2 2 2
left_child=1 2 11 29 12 6 10 8 9 -2 -6 21 13 14 -3 17 -12 -5 20 -18 -16 -1 27 26 -24 -26 -20 -13 -29 -4
right_child=7 4 3 15 5 -7 -8 -9 -10 -11 16 22 -14 -15 18 -17 19 -19 23 -21 -22 -23 24 -25 25 -27 -28 28 -30 -31
leaf_value=0.039057917863441802 -0.043716570972823332 -0.041447640406007319 -0.04135314126253966 -0.017133828246395991 -0.041535177305242019 -0.042884305356095415 0.10071879606883967 0.054109825250737667 0.047836487256576889 0.041994071270931951 -0.026554844820233455 -0.049259185939002914 0.067746732597344109 0.055369997848893529 0.059990760568771312 -0.013177333429350036 -0.01809245883472985 0.080035163593365419 -0.036568120011425058 0.061888867535726116 -0.0057662020367908011 -0.02656376035219345 0.033643352910450411 0.030234086831512824 -0.035620306584549274 0.03080643006660046 0.012467375749631939 -0.035493743273693382 0.028241386232904672 -0.0042961040708096232
leaf_weight=1.5360357451718294 5.0216542403213662 3.4263562737032833 4.6891731983050686 0.51514715957455326 4.1401391434483212 5.5329183046706012 1.0366505824495096 34.440685108304024 6.8018820779398075 3.1971651678904891 1.1182118207216261 54.371877666562796 5.648224950535222 7.5551945208571842 2.6910409277770651 1.1590152860153464 0.5483718907926235 4.0268463671673089 2.43433237541467 2.7530193452257663 1.4653536751866338 1.0072180829010902 0.65222230902872924 0.93581457715481509 2.2483683482278143 0.23527559498324979 1.1520062966737894 5.8382786081638178 1.0576622020453212 2.7551937580574304
leaf_count=84 522 457 1710 144 1038 1489 35 351 43 24 348 22825 58 73 80 280 64 176 135 82 48 47 91 15 663 49 23 2520 144 437
internal_value=0 -0.0166617 -0.0344299 0.00682317 0.0185121 -0.00871208 0.0131781 0.0436753 0.0178659 -0.00943613 -0.00685051 -0.0425113 0.0344993 0.0221307 -0.00125747 0.0519197 0.0273097 0.0679113 0.0172529 0.0474861 0.0401856 0.0129071 -0.0448636 -0.00728513 -0.00533556 -0.0222909 -0.0215329 -0.0467686 -0.0233797 -0.0297711
internal_weight=0 120.53 80.0923 13.1454 40.4376 15.1293 9.59639 49.4614 15.0207 8.21882 8.55974 66.9469 25.3083 19.6601 12.1049 5.70101 4.4196 4.54199 8.67855 3.30139 4.15639 2.54325 64.4037 4.52215 3.13587 2.48364 3.58634 61.2678 6.89594 7.44437
internal_count=34055 33115 29170 2747 3945 3056 1567 940 589 546 1532 26423 889 831 758 600 494 320 301 146 128 131 26292 173 803 712 158 25489 2664 2147
is_linear=0
shrinkage=0.05


Tree=43
num_leaves=31
num_cat=0
split_feature=19 24 37 15 36 3 3 0 30 32 17 32 12 30 36 36 15 37 12 37 41 24 15 3 15 15 17 15 38 15
split_gain=40.8819 24.4669 13.5069 8.19977 6.70332 9.74915 4.54317 4.49243 4.43282 3.93211 3.44267 3.312 2.72684 2.15055 2.45749 2.50188 1.83169 2.65355 1.81054 1.71213 1.39383 1.18576 1.00789 3.27628 1.53059 0.896782 0.885314 0.668214 0.615148 0.597175
threshold=0.027800925925925927 1.5000000000000002 37.850000000000001 758.50000000000011 27.850000000000005 0.93002577312115642 2.0064716797994779 29395.065000000006 6.5000000000000009 0.065591397849462371 13.500000000000002 0.082207207207207214 64461.660000000003 5.5000000000000009 36.550000000000004 29.850000000000005 55971.000000000007 666.85000000000014 56364.785000000011 64.050000000000011 1.0000000180025095e-35 2.5000000000000004 96571.500000000015 0.84396429561378905 104718.00000000001 182.50000000000003 3.5000000000000004 172797.50000000003 1.1107423082207313 177357.00000000003
decision_type=2 2 2 2 2 2 2 2 2 2 2 2 2 2 2 2 2 2 2 2 2 2 2 2 2 2 2 2 2 2
left_child=2 3 7 6 19 8 9 -1 -6 18 13 -12 -10 14 15 -5 26 28 -2 -4 22 -3 -15 -24 -25 -11 -7 -26 -18 -29
right_child=1 21 4 10 5 16 -8 -9 12 25 11 -13 -14 20 -16 -17 17 -19 -20 -21 -22 -23 23 24 27 -27 -28 29 -30 -31
leaf_value=-0.044091865992291104 -0.038924100134736961 0.0063415001275710023 0.0075002791425070464 -0.023472791029902535 0.031629761232631642 0.0087438282820842851 0.047241671274343505 0.024098276334302719 -0.040041398589927529 -0.015909745550884705 -0.025035099055273909 0.058924066877336083 0.035899654449504832 -0.048486446736272254 -0.035624470433012215 0.059599271289504457 0.0010921380624440604 0.046207989256002627 0.018426820050284811 0.060411660931713178 0.018353661043652981 0.05165822369603288 -0.040719078622140206 0.069496269205946815 -0.023299271233282692 0.035459187981365776 0.046792323154452413 0.043749859650768164 -0.035413630027021796 -0.011641919681196693
leaf_weight=7.1317521624732745 7.4960998799651843 2.0418016042094669 1.9640953948255653 0.86342922365292807 2.9066942790523163 2.1989529726561221 3.0408643470145753 2.6886945071164519 8.2232970374170655 0.45865361485630218 2.0445830705575641 0.9400628174189477 0.57139847846701819 48.955987331224605 2.2388281680177897 1.1054235410410909 2.4008416580036278 1.8403258174657819 1.0279325505252925 22.271321267820895 0.36028643348254163 9.0620295330882055 4.3322565553244194 0.25479999859817315 0.85624165041372158 2.9958270678762347 21.391400086926296 0.066510364878922701 1.1240228367969392 0.30221923650242388
leaf_count=2669 1742 406 190 159 95 127 37 55 2506 75 676 63 40 20767 347 24 180 19 89 629 43 85 1993 87 270 74 356 23 46 110
internal_value=0 -0.0221292 0.0277966 -0.032147 0.0360317 0.0227123 0.00100157 -0.0249207 -0.0149065 -0.0134725 -0.0400255 0.00956044 -0.031946 -0.0426368 -0.00645963 0.0275331 0.0379047 0.00938551 -0.0307994 0.0565907 -0.0452337 0.0445376 -0.0459736 -0.0207971 0.0304279 0.0265984 0.0437455 -0.00528085 -0.0158027 0.0230136
internal_weight=0 88.4438 74.7128 77.34 64.8923 40.6569 15.0194 9.82045 11.7014 11.9785 62.3206 2.98465 8.7947 59.336 4.20768 1.96885 28.9555 5.36519 8.52403 24.2354 55.1283 11.1038 54.768 5.81203 1.47977 3.45448 23.5904 1.22497 3.52486 0.36873
internal_count=33982 27070 6912 26579 4188 3369 2017 2724 2641 1980 24562 739 2546 23823 530 183 728 245 1831 819 23293 491 23250 2483 490 149 483 403 226 133
is_linear=0
shrinkage=0.05


Tree=44
num_leaves=31
num_cat=0
split_feature=22 2 32 17 23 23 19 39 2 21 12 12 30 19 17 0 23 19 10 37 12 37 17 10 17 13 38 12 38 2
split_gain=39.6887 26.0087 7.89823 7.64382 6.31837 4.97437 4.90566 4.73103 5.15985 4.59654 4.34876 3.90122 3.5752 2.76647 3.99197 2.60153 1.95345 2.88311 1.80867 1.84264 1.54948 1.54029 1.49407 1.13937 1.46536 1.80058 1.0915 1.06127 0.949274 0.915608
threshold=1.0000000180025095e-35 2.6747992827852056 0.077935222672064791 8.5000000000000018 1.0000000180025095e-35 7.885422453703705 23.137812500000006 1.0000000180025095e-35 4.8000462868304981 19.017795138888893 50008.92500000001 44951.905000000006 5.5000000000000009 9.6991261574074095 6.5000000000000009 2886.0850000000005 15.862008101851854 2.1615740740740743 15289.795000000002 502.35000000000008 3720.9350000000009 66.250000000000014 14.500000000000002 4802.7000000000016 14.500000000000002 3.5000000000000004 1.1306882352562224 1966.3900000000001 0.30600685713706371 2.3914082934464402
decision_type=2 2 2 2 2 2 2 2 2 2 2 2 2 2 2 2 2 2 2 2 2 2 2 2 2 2 2 2 2 2
left_child=1 2 10 26 7 -3 9 8 22 11 12 16 27 14 -12 20 17 -7 19 -14 -5 -11 -2 24 25 -18 -4 -1 -16 -21
right_child=4 5 3 15 -6 6 -8 -9 -10 21 13 -13 18 -15 28 -17 23 -19 -20 29 -22 -23 -24 -25 -26 -27 -28 -29 -30 -31
leaf_value=0.030618255676154862 -0.0448377080813223 -0.037976504997604313 -0.036769903831494852 -0.0068694518755979695 0.053054426779859255 0.037518344476414257 -0.028651193795889613 0.042544510787865426 0.041070469094915685 -0.012394306443687926 -0.028680392627402754 0.046608470872455482 -0.045286531934670533 -0.032836336561696503 0.0015354599964842747 -0.018509794492170068 0.026408344781942525 -0.029579408924377971 0.014699760994751397 -0.012096272572058456 0.079551808424002418 0.069471141422128943 0.02390075940654451 0.020501784836901463 0.024087481840015787 -0.040224214924295794 0.0091430882066732711 -0.015542168698273571 0.075423226241183972 0.044439550429683235
leaf_weight=1.554322159616276 5.2700794443953765 2.4270474808290592 4.1925607558805478 0.4223769286181781 29.317369699478149 5.0483942364808261 2.8740792591124764 5.3473579259589314 2.0452629439532757 0.32157804048620064 1.2058724497910582 7.1658928741235277 59.739084796165116 1.8861204145941881 0.5744943798054013 0.58211670047603536 0.50241834623739112 1.3449940350838003 0.89645892824046214 1.3466812230180938 3.045601203572005 6.9991766028106213 0.27530490979552258 1.1399594305548815 0.70360092865303148 5.0045152714010328 1.2697136458009479 1.5583082495722917 1.5603481605648992 0.058435314102098235
leaf_count=72 523 437 1238 82 324 112 585 35 14 55 312 78 27081 654 89 142 8 289 131 479 115 205 10 14 12 435 249 73 92 12
internal_value=0 -0.0156976 -0.031098 0.0107113 0.0405252 0.0208333 0.0264621 0.0103645 -0.0146188 0.0328613 -0.0368197 0.0192252 -0.0402956 0.0060211 0.0304701 0.0559948 0.00275505 0.0213112 -0.0428951 -0.0439625 0.0698446 0.0648177 -0.038295 -0.0140042 -0.0223028 -0.0310208 -0.026334 0.00934857 0.0623723 0.00775442
internal_weight=0 113.424 79.8925 9.51237 42.2554 33.5317 31.1046 12.938 7.59065 28.2305 70.3801 20.9098 65.1533 5.22684 3.34071 4.05009 13.7439 6.39339 62.0407 61.1442 3.46798 7.32075 5.54538 7.35049 6.21053 5.50693 5.46227 3.11263 2.13484 1.40512
internal_count=33957 33051 30821 1826 906 2230 1793 582 547 1208 28995 948 27848 1147 493 339 870 401 27703 27572 197 260 533 469 455 443 1487 145 181 491
is_linear=0
shrinkage=0.05


Tree=45
num_leaves=31
num_cat=0
split_feature=19 24 21 2 6 2 30 17 17 10 33 36 36 3 14 36 9 15 14 0 13 30 38 36 15 17 19 15 15 30
split_gain=33.5641 22.8378 21.8471 18.2133 17.6358 8.10888 7.48361 3.91167 3.42656 2.88074 2.871 2.40888 2.32214 1.60562 1.34851 1.28384 1.19466 1.17675 1.04752 0.903311 0.820445 0.682691 0.999845 0.494141 0.489468 0.400346 1.42967 0.51209 1.39839 0.773585
threshold=0.027800925925925927 1.5000000000000002 5.2896122685185194 0.24344554179186695 1.0000000180025095e-35 3.5876276440757437 6.5000000000000009 7.5000000000000009 4.5000000000000009 5532.0800000000008 1.0000000180025095e-35 59.45000000000001 57.850000000000001 1.8806768610036946 19286.810000000005 18.050000000000004 3.5000000000000004 25506.000000000004 10008.715000000002 504.55000000000001 23.500000000000004 5.5000000000000009 1.694021936689617 12.450000000000001 829.50000000000011 14.500000000000002 6.9059953703703716 365.50000000000006 237.50000000000003 19.500000000000004
decision_type=2 2 2 2 2 2 2 2 2 2 2 2 2 2 2 2 2 2 2 2 2 2 2 2 2 2 2 2 2 2
left_child=2 5 3 -1 9 6 10 13 -6 21 -2 15 17 -7 -3 -9 25 -12 -4 -19 24 22 -5 -20 -11 27 -27 28 -8 -30
right_child=1 14 18 4 8 7 16 11 -10 20 12 -13 -14 -15 -16 -17 -18 19 23 -21 -22 -23 -24 -25 -26 26 -28 -29 29 -31
leaf_value=0.052711036527164315 -0.031739897282330447 -0.0068571188288272539 0.022185297558229341 -0.02422239974988619 -0.014964589882638393 0.032605894495935137 -0.03450804747231144 -0.0060954698134730468 0.052876334820279938 0.033562621352352592 0.062753750198131938 -0.022058200908160602 -0.023804537287423079 -0.038109848347613239 0.048864569900151457 0.061799777898251543 0.011682027887318931 0.03271960578494601 0.01071149777677465 -0.018389495628012922 -0.021462164411879148 -0.046314583802814301 0.034496365643008058 0.070359031023484883 -0.011057282263794627 0.041061189525372112 -0.028686178774206275 -0.045671305169540787 -0.013485983597216273 0.037153852683684971
leaf_weight=13.448074179934336 1.7149472755845625 0.95065707480534811 2.5636300153564688 0.90987583738752309 1.8867742740549127 0.20997385145164971 4.0152637187857172 0.62107175681740034 7.7377483111340553 1.4671874849591398 2.357282191049308 0.76331318845041085 0.88647737959399808 2.6439144702162594 10.077422994654624 3.6256868238560855 0.62587383319623668 0.56298962002620079 0.75376401306130247 0.98121777782216668 0.55347616202197958 19.114945970708504 0.1725031016394496 20.029988481663167 0.28278653067536641 0.097904164111240699 1.3318106019869445 49.921776632894762 0.71231798082590081 0.56872043688781559
leaf_count=254 445 240 100 141 32 69 1156 47 82 57 31 96 115 338 261 80 62 8 34 75 39 5765 4 287 104 33 485 23592 135 21
internal_value=0 -0.0203954 0.0265406 0.00597431 -0.0145909 -0.0307593 -0.0366189 0.0155318 0.0394202 -0.0383881 0.0125698 0.0394487 0.0311823 -0.0257965 0.0438904 0.0526011 -0.0423237 0.0459837 0.0647912 0.00578051 0.0106798 -0.044224 -0.00279233 0.0687868 0.0249534 -0.0431126 -0.00897615 -0.0438211 -0.0218978 0.0154279
internal_weight=0 82.6686 68.9208 45.5734 32.1253 71.6405 63.7766 7.86396 9.62452 22.5008 6.50291 5.01007 4.78797 2.85389 11.0281 4.24676 57.2737 3.90149 23.3474 1.54421 2.30345 20.1973 1.08238 20.7838 1.74997 56.6478 1.42971 55.2181 5.2963 1.28104
internal_count=34188 27289 6899 6478 6224 26788 26158 630 114 6110 674 223 229 407 501 127 25484 114 421 83 200 5910 145 321 161 25422 518 24904 1312 156
is_linear=0
shrinkage=0.05


Tree=46
num_leaves=31
num_cat=0
split_feature=22 3 32 32 37 17 13 30 6 10 15 37 13 0 39 19 14 14 37 15 14 37 3 9 24 21 16 37 3 15
split_gain=46.2903 26.9972 8.61729 7.24024 6.1416 8.52208 4.65262 3.58601 3.31352 3.01142 2.75037 3.4644 2.65625 2.13805 1.88075 1.86018 1.79536 1.37308 1.17402 1.17303 1.15724 1.13375 1.05805 1.02223 0.950962 0.814883 0.749861 0.744644 0.726738 0.654249
threshold=1.0000000180025095e-35 1.1945966753204555 0.077935222672064791 0.22474747474747478 502.35000000000008 9.5000000000000018 13.500000000000002 5.5000000000000009 1.5000000000000002 7541.1750000000002 102584.00000000001 163.95000000000002 7.5000000000000009 2972.6150000000002 1.0000000180025095e-35 23.137812500000006 507135.53500000009 33122.295000000006 37.850000000000001 25506.000000000004 202916.24000000005 71.750000000000014 1.215571487446977 3.5000000000000004 1.5000000000000002 11.893454861111113 5.5000000000000009 666.85000000000014 -2.0323463329852882 55971.000000000007
decision_type=2 2 2 2 2 2 2 2 2 2 2 2 2 2 2 2 2 2 2 2 2 2 2 2 2 2 2 2 2 2
left_child=1 2 7 6 5 8 -4 19 9 10 14 -12 -13 25 22 17 23 -7 24 -1 -11 -19 -3 27 -2 -8 -18 -9 -21 -20
right_child=18 4 3 -5 -6 15 13 16 -10 20 11 12 -14 -15 -16 -17 26 21 29 28 -22 -23 -24 -25 -26 -27 -28 -29 -30 -31
leaf_value=0.037540382093388634 -0.023880505635959212 0.014500378985885999 -0.02151955307801337 -0.039056114683539346 0.064321490639163981 -0.010018734959101029 -0.00050144694562275047 -0.047083603420044487 0.035878907175715728 0.041838047615465591 -0.026352482494908049 -0.013708339319622596 0.11051831103914285 -0.01397013967171714 0.022424772936272652 -0.01120036842340987 -0.011361224252063991 0.0095907461533596972 0.049069673257447904 0.020890579313242466 -0.011772965052872592 0.059472355828728653 -0.040830918923145471 0.010983419781493087 0.02692167483326351 0.086345103858396263 0.041626619550657051 0.0019022477177030031 -0.028388694040839837 0.024412115614050763
leaf_weight=1.0773123377002769 0.84369793510995694 0.44293226394802765 1.432864400674587 3.4686733374837786 4.8384387225378296 0.6568892365321507 0.27724483818747181 55.135197160765529 2.364424799103289 1.7289124552626156 1.0641375073464576 0.36000353412237007 0.24060753523372114 0.38433666771743435 0.76320078375283706 1.152321227476931 0.9463990902295325 1.8050277782604078 34.46979930694215 0.28037403523921955 1.0323121240362523 7.8382114943815395 13.003398608998394 0.43595671188086171 0.84599139541387558 3.0162729595322162 0.090393708553165197 0.70948920166119833 1.1953683986794201 6.3334914552979162
leaf_count=32 122 100 461 1040 106 73 22 26941 25 39 246 54 44 98 73 228 280 75 590 2 38 185 2626 60 7 142 12 186 96 196
internal_value=0 -0.016932 -0.0353984 0.010431 0.0170036 0.00823693 0.0449131 -0.0420292 -0.01074 -0.0181809 -0.0265041 0.024044 0.0740133 0.0698623 -0.0336177 0.0411023 -0.0445964 0.047427 0.0442643 0.0119354 0.0239938 0.0519139 -0.0381307 -0.04581 0.00210758 0.0806204 0.0114277 -0.0464387 -0.0143698 0.0459179
internal_weight=0 105.741 68.4499 8.57939 37.2908 32.4524 5.11072 59.8705 20.9999 18.6355 15.8743 1.66475 0.600611 3.67785 14.2095 11.4524 57.3174 10.3001 42.493 2.55305 2.76122 9.64324 13.4463 56.2806 1.68969 3.29352 1.03679 55.8447 1.47574 40.8033
internal_count=34199 33284 29372 1763 3912 3806 723 27609 3245 3220 3143 344 98 262 2799 561 27479 333 915 130 77 260 2726 27187 129 164 292 27127 98 786
is_linear=0
shrinkage=0.05


Tree=47
num_leaves=31
num_cat=0
split_feature=22 3 15 23 19 21 30 15 14 23 19 36 14 1 23 36 6 17 14 30 2 36 36 21 1 36 33 37 45 1
split_gain=40.7135 22.0454 7.33857 5.37444 5.88534 5.22671 4.54406 4.34662 4.07843 3.29148 4.71613 3.10703 3.10221 2.76938 2.6025 2.31521 2.16442 1.47822 1.44045 1.41649 1.40702 1.44768 1.24744 1.17192 1.1592 1.11508 1.09834 1.94226 1.03748 1.02925
threshold=1.0000000180025095e-35 1.5319487877656324 758.50000000000011 12.404120370370373 16.848096064814818 16.021712962962969 6.5000000000000009 182.50000000000003 35330.695 1.0000000180025095e-35 0.027800925925925927 56.850000000000001 72604.070000000022 8.0966438865730499 37.822152777777781 15.850000000000003 1.0000000180025095e-35 18.500000000000004 13540.130000000003 18.500000000000004 19.249882541093541 856.05000000000007 56.850000000000001 33.411255787037042 7.7990194424332087 682.20000000000016 1.0000000180025095e-35 213.35000000000005 1.0000000180025095e-35 9.2107832729994357
decision_type=2 2 2 2 2 2 2 2 2 2 2 2 2 2 2 2 2 2 2 2 2 2 2 2 2 2 2 2 2 2
left_child=1 2 7 20 5 8 12 -1 25 10 26 13 17 15 -6 -9 -8 -4 -17 22 21 -3 -7 -16 -14 -5 27 29 -10 -2
right_child=9 3 6 4 14 19 16 11 28 -11 -12 -13 24 -15 23 18 -18 -19 -20 -21 -22 -23 -24 -25 -26 -27 -28 -29 -30 -31
leaf_value=-0.035102204103926539 -0.022339673044230249 -0.043076217505291191 -0.03844709603204044 -0.033762101245191738 -0.036804111288474016 0.11629645553115474 -0.046149224708497243 -0.020354403729853705 0.039242560828650623 0.051892135271485423 -0.035160503701451094 -0.03062644616464115 0.051230279729060302 -0.025527847041790258 0.046600979419981238 -0.013530075689493588 0.0041811473485722896 0.029876838754700159 0.060744278354575888 0.012139196554442792 0.02093255198095359 0.018279383029050397 0.041498467499028663 -0.016878635961422337 -0.0042733269587893813 0.02065386977304386 0.047470964146895417 0.042835937716795301 -0.007575216631629785 0.022794775422885678
leaf_weight=4.3107745125889769 2.7656679840292768 4.1000859326450181 3.1497131900396194 2.8829585794592343 3.7507570844609281 1.9223583468701679 49.687775786966085 0.67707876744679918 9.9016733847092802 27.09057154878974 2.3176899766549459 1.5547133639920501 1.7073504682630303 1.0120491741690782 1.0149826393462715 0.36568599822930981 2.0642603787127873 0.20229473710060109 5.4466781897936016 1.1481707447674123 0.77517571765929449 0.59403052926063526 2.9550945615628734 0.49837588111404318 1.2221831167116759 0.50454303296282876 5.6431887499056756 2.2429054174572229 0.99913604825269509 0.96481447317637492
leaf_count=1301 71 671 616 287 777 48 27508 184 212 342 454 439 15 124 13 55 271 1 175 20 12 6 59 100 110 6 37 18 50 12
internal_value=0 -0.0165762 -0.031738 0.0181943 0.0277098 0.039538 -0.0393134 0.00159811 0.0204498 0.0417839 0.0199731 0.020821 0.000766122 0.0338319 -0.0169597 0.0452617 -0.0441005 -0.0284061 0.0547711 0.0754477 -0.0237113 -0.0334652 0.0857498 0.027298 0.0328798 -0.0227971 0.0328881 0.0142795 0.0346754 -0.00831549
internal_weight=0 102.448 71.4006 31.0473 25.5781 20.3139 58.0336 13.367 14.2883 41.0248 13.9343 9.05621 6.28154 7.50149 5.26412 6.48944 51.752 3.35201 5.81236 6.02562 5.46929 4.69412 4.87745 1.51336 2.92953 3.3875 11.6166 5.97339 10.9008 3.73048
internal_count=33994 33060 30799 2261 1572 682 28521 2278 555 934 592 977 742 538 890 414 27779 617 230 127 689 677 107 113 125 293 138 101 262 83
is_linear=0
shrinkage=0.05


Tree=48
num_leaves=31
num_cat=0
split_feature=19 24 15 20 15 2 2 15 36 17 30 12 19 23 32 15 17 13 2 20 6 23 30 17 6 0 36 6 36 13
split_gain=29.4856 20.1663 9.63335 9.49057 5.95486 5.52561 5.36164 4.88261 3.30682 3.25734 2.26277 2.80867 2.14265 2.7357 2.00568 1.84896 3.39563 4.43059 1.91066 1.68649 3.95956 2.1575 1.7762 1.59589 1.46006 1.13568 0.975363 0.799765 0.780813 0.774893
threshold=0.027800925925925927 2.5000000000000004 758.50000000000011 1.0000000180025095e-35 614.00000000000011 2.184532917163279 0.12813749444333472 182.50000000000003 60.050000000000004 14.500000000000002 6.5000000000000009 130343.04500000003 23.137812500000006 15.172997685185186 0.036038961038961044 96571.500000000015 5.5000000000000009 11.500000000000002 1.59610900237779 1.5000000000000002 1.5000000000000002 15.969635416666668 10.500000000000002 4.5000000000000009 1.0000000180025095e-35 10003.430000000002 313.60000000000008 1.0000000180025095e-35 58.350000000000001 10.500000000000002
decision_type=2 2 2 2 2 2 2 2 2 2 2 2 2 2 2 2 2 2 2 2 2 2 2 2 2 2 2 2 2 2
left_child=3 2 7 -1 23 6 -6 -2 12 15 29 -12 13 -9 -11 -4 -17 18 -18 20 21 22 -7 -5 26 -24 -23 -27 -20 -8
right_child=1 -3 9 4 5 19 10 8 -10 14 11 -13 -14 -15 -16 16 17 -19 28 -21 -22 24 25 -25 -26 27 -28 -29 -30 -31
leaf_value=-0.040668754633030685 -0.036564724774570061 0.049634963206317578 -0.045326424197339739 0.00038240065973744623 0.047971543609571107 0.053359553757712119 -0.01650788937660402 -0.00964250262639311 -0.030274420015849974 -0.023633450899196867 -0.037573862735940794 0.042028172970930727 -0.014100055736905634 0.059853320521083858 0.051081642902971992 -0.038895164240595942 0.0071225999471254816 -0.027472409905085916 0.13001288792088048 0.052328400815982702 0.053489294496126827 -0.03636232070631161 -0.027274277286620009 0.05708456899441483 0.02027857184285823 0.027145673136766559 0.011274443179912944 -0.012240982450069864 -0.0032472626886095343 0.0323407447099468
leaf_weight=4.2347792258951804 3.6473350876476607 8.0975768119096738 45.118139845784754 1.3451209340710217 2.660307917976751 2.0908824086654985 0.45341137051582281 1.4741235200781355 1.5006608390249301 0.8886736906133581 9.2484556189738178 0.41419196268543679 1.3086452474817631 5.7507018384058028 0.88748788367956877 3.4432282518828279 0.75893359421752427 1.207754509989172 0.11082379065919667 7.1449528314406043 5.8732498064637175 3.7781803800025955 1.0777388262795282 17.41157642682083 1.4627957642078397 3.2409283971646801 0.87625421304255713 1.1683106664568184 0.06919977895449847 1.6279308397788552
leaf_count=2009 1150 93 22034 160 20 59 65 168 404 387 3500 10 157 136 93 1728 231 588 40 138 40 220 133 325 7 82 14 9 30 46
internal_value=0 -0.0207939 -0.0300239 0.0251581 0.0304054 0.0189706 -0.00578092 0.00694812 0.0246451 -0.0396114 -0.020766 -0.0305401 0.0364655 0.0462253 0.0186517 -0.0419734 -0.0121389 0.0294991 0.0791547 0.0320441 0.0224537 0.00640961 0.0229474 0.0532434 -0.0144227 0.00491936 -0.0269863 0.0163758 0.119446 0.0197954
internal_weight=0 74.2633 66.1657 64.1091 59.8743 41.1176 14.4043 13.6815 10.0341 52.4842 11.744 9.66265 8.53347 7.22483 1.77616 50.7081 5.58994 2.14671 0.938957 26.7133 19.5683 13.6951 7.57786 18.7567 6.11723 5.48698 4.65443 4.40924 0.180024 2.08134
internal_count=34076 27239 27146 6837 4828 4343 3641 2015 865 25131 3621 3510 461 304 480 24651 2617 889 301 702 564 524 283 485 241 224 234 91 70 111
is_linear=0
shrinkage=0.05


Tree=49
num_leaves=31
num_cat=0
split_feature=22 3 15 37 30 10 6 15 23 0 39 3 33 37 12 37 23 32 32 38 3 12 21 33 13 23 21 38 21 45
split_gain=35.3856 18.0014 8.2707 6.12494 6.04342 5.46934 5.90827 3.9075 3.4385 2.69192 2.66002 4.53577 2.15011 1.90001 1.88695 1.79559 1.76522 1.6121 2.9679 1.47671 1.45299 1.41386 1.3849 1.40957 1.34549 1.28166 1.23888 1.22914 1.17167 1.04817
threshold=1.0000000180025095e-35 1.5319487877656324 758.50000000000011 502.35000000000008 6.5000000000000009 3718.7350000000001 1.5000000000000002 182.50000000000003 1.0000000180025095e-35 3282.4300000000007 1.0000000180025095e-35 0.80203339531218354 1.0000000180025095e-35 66.250000000000014 84453.630000000019 86.15000000000002 8.0583275462962991 0.084523809523809543 0.10435571687840291 0.25807098338868012 1.2612405391485977 2794.7200000000007 40.211296296296304 1.0000000180025095e-35 14.500000000000002 16.64859953703704 33.190399305555566 0.22454207988967162 14.318200231481482 1.0000000180025095e-35
decision_type=2 2 2 2 2 2 2 2 2 2 2 2 2 2 2 2 2 2 2 2 2 2 2 2 2 2 2 2 2 2
left_child=1 2 7 5 12 6 22 20 10 13 11 -2 -4 -9 17 -14 -15 -6 -19 -7 -1 -18 23 -3 -23 -25 28 -13 -17 -27
right_child=8 3 4 -5 14 19 -8 9 -10 -11 -12 27 15 16 -16 26 21 18 -20 -21 -22 24 -24 25 -26 29 -28 -29 -30 -31
leaf_value=-0.039769126296706224 -0.039888697942638433 -0.03431760454755655 -0.031079525675587867 0.061866499774330244 -0.047933558184382011 -0.004172269301031247 0.04042332120377861 -0.021760033011928939 0.051432393326583593 -0.028874942221944023 0.041441384995467095 -0.0098282164114584843 -0.023826671093765184 -0.018783288414173108 0.0033544616301111789 -0.00024296459530102115 -0.0089774666914522478 0.057687497468222854 -0.031913732750528237 0.049074205134579593 0.026858425991448387 0.086509794597647321 0.033519330198767634 -0.028759620204898056 0.02857073252579222 0.035222280754716631 -0.016033799349926475 0.043376534733674046 0.061016769099545357 -0.021064708127430609
leaf_weight=3.7860767756355918 3.2985816539730859 11.162150588352239 1.6231580798048515 5.0176201022695741 43.481714855995961 1.4243438343983132 3.7215230935253194 0.76172350207343509 25.766317941248417 1.3272947305813421 5.3584602829068899 1.0594500263687221 0.83901085634715844 0.59142841072753061 1.8929965368006367 1.0108614726923413 0.68754847301170219 0.39241383376065586 1.7531872614054007 5.8533736831741408 0.26222999091260124 1.7214222025359047 0.19381758081726808 1.1073676228988927 4.2783026114339009 1.7980664514470848 0.44553635292686511 2.9460637464653701 2.3119725303258747 0.41068526566959906
leaf_count=1304 429 1793 475 83 26318 44 37 201 348 222 40 53 88 130 421 75 131 183 862 81 19 79 34 126 252 97 32 73 71 15
internal_value=0 -0.0149458 -0.0293061 0.0164167 -0.0379341 0.00554678 -0.00919214 0.00549529 0.041077 0.0227299 0.0177832 -0.00247335 0.00734051 0.0335003 -0.0438992 0.0240045 0.0412133 -0.0458895 -0.00239688 0.0394081 -0.0309879 0.0482726 -0.0235532 -0.0264335 0.0551785 0.00190716 0.0374174 0.0301519 0.0466354 0.0214534
internal_weight=0 97.8558 67.1669 30.6889 53.7509 25.6713 18.3936 13.416 38.4289 9.36772 12.6626 7.3041 6.23054 8.04043 47.5203 4.60738 7.2787 45.6273 2.1456 7.27772 4.04831 6.68727 14.6721 14.4783 5.99972 3.31612 3.76837 4.00551 3.32283 2.20875
internal_count=34116 33173 30863 2310 28525 2227 2102 2338 943 1015 595 555 741 793 27784 266 592 27363 1045 125 1323 462 2065 2031 331 238 178 126 146 112
is_linear=0
shrinkage=0.05


Tree=50
num_leaves=31
num_cat=0
split_feature=22 3 32 17 17 37 30 19 2 39 12 2 36 2 0 14 2 0 36 10 10 12 38 38 12 16 12 36 37 37
split_gain=30.3446 21.697 8.01346 6.63704 6.20198 5.81096 4.22611 3.32055 3.09755 3.10676 2.94306 2.73914 2.72502 2.74806 2.39027 2.26139 1.99496 1.87174 1.61054 1.46661 1.24373 1.18121 1.08461 0.941466 0.813962 1.1773 0.7566 0.74816 0.745355 0.722771
threshold=1.0000000180025095e-35 1.1134569685009248 0.077935222672064791 8.5000000000000018 8.5000000000000018 767.50000000000011 5.5000000000000009 23.137812500000006 19.249882541093541 1.0000000180025095e-35 56364.785000000011 2.3119492112865339 60.050000000000004 2.6210498105378557 2140.5150000000008 33122.295000000006 2.2740365623802332 49226.510000000002 36.550000000000004 2336.8400000000006 7541.1750000000002 3720.9350000000009 0.056812554082939691 1.1306882352562224 60076.935000000005 4.5000000000000009 16163.860000000002 58.850000000000001 37.850000000000001 666.85000000000014
decision_type=2 2 2 2 2 2 2 2 2 2 2 2 2 2 2 2 2 2 2 2 2 2 2 2 2 2 2 2 2 2
left_child=1 2 6 5 23 8 18 15 9 11 29 16 28 19 21 -5 26 22 -1 -14 -13 -6 -17 -4 -12 -26 -3 -24 -2 -8
right_child=12 3 4 7 14 -7 10 -9 -10 -11 24 20 13 -15 -16 17 -18 -19 -20 -21 -22 -23 27 -25 25 -27 -28 -29 -30 -31
leaf_value=0.042536608736230191 0.006777095776185584 -0.029650121463570211 -0.035135626014247572 -0.012222709345838675 -0.0053871185505100366 0.051314857228522928 -0.046808673129841258 -0.018117544534419893 0.025583194544407287 0.035971961033861237 0.032711463272059565 -0.045438563592700813 -0.033985413105044521 0.037522393388948833 -0.017288441446928128 0.0068799024256989407 0.053704656209142533 -0.0033268962642244216 -0.016600681942202291 0.021917365330103092 0.0056072963188170954 0.0801874024873242 0.078305078735279809 0.0095654882413612041 -0.030179467374356679 0.025044205555636564 0.015980835636772404 0.033527872302707866 0.047813300052442692 0.0029013306762271152
leaf_weight=1.3526443445589387 1.5239201246295149 1.4489159067161432 3.2183276356663546 1.0329313585534681 0.31956112466286946 3.286522928508929 43.739167973748408 1.5935251669725392 3.3140624994412056 1.1891759928548715 0.64246198383625541 9.9144426892744359 2.7252302302513267 3.3030201052315533 0.52313423540908832 1.1232525752857299 0.66361490369308729 1.1551255900412805 1.4716190756298599 0.90727119473740447 1.1092638655100007 2.5058463944587857 6.0555889960378391 1.1361558143980799 1.508606110699475 0.64832418027799565 0.65758618223480869 3.8950310626532882 28.348141636932269 0.62829827284440298
leaf_count=45 136 802 1155 154 68 47 25672 352 39 106 94 2289 218 49 137 105 88 16 89 26 62 87 137 244 625 143 89 169 498 174
internal_value=0 -0.0133582 -0.0322215 0.016571 0.0137772 -0.00140845 -0.0394405 0.0411347 -0.0130471 -0.0226577 -0.0429789 -0.0298021 0.0395951 0.00966017 0.0569578 0.0490255 0.0114646 0.0547318 0.015439 -0.0183057 -0.0402629 0.0716306 0.0605619 -0.0238642 0.00507974 -0.0109053 -0.0148466 0.06544 0.0460072 -0.0460563
internal_weight=0 94.1332 57.6941 36.439 7.70303 21.5836 49.9911 14.8555 18.2971 14.983 47.1669 13.7938 36.8076 6.93552 3.34854 13.2619 2.77012 12.229 2.82426 3.6325 11.0237 2.82541 11.0739 4.35448 2.79939 2.15693 2.1065 9.95062 29.8721 44.3675
internal_count=33915 32988 28533 4455 1691 3522 26842 933 3475 3436 26708 3330 927 293 292 581 979 427 134 244 2351 155 411 1399 862 768 891 306 634 25846
is_linear=0
shrinkage=0.05


Tree=51
num_leaves=31
num_cat=0
split_feature=22 18 21 5 15 23 23 36 36 17 19 21 0 23 19 21 17 19 38 37 0 36 38 15 41 23 15 0 0 14
split_gain=27.1712 17.1943 10.8434 14.1191 7.11904 4.62238 3.72842 3.38897 4.28395 3.23446 3.14887 2.94012 3.80706 2.2976 6.85229 11.6224 1.9177 1.81366 1.77397 1.66266 1.51353 1.47763 1.45307 1.28192 1.25247 1.13165 1.08903 0.926293 0.888985 0.747462
threshold=1.0000000180025095e-35 1.0000000180025095e-35 5.2896122685185194 1.0000000180025095e-35 1956.5000000000002 1.0000000180025095e-35 13.06559027777778 57.350000000000001 15.850000000000003 5.5000000000000009 0.027800925925925927 6.0765162037037044 172.07000000000002 33.030028935185193 21.025092592592596 20.385457175925932 14.500000000000002 21.025092592592596 1.5463336143265562 994.05000000000007 433.62500000000006 22.550000000000004 1.2813653915547618 237.50000000000003 1.0000000180025095e-35 15.969635416666668 62017.000000000007 396.02000000000004 8162.3150000000014 32707.424999999999
decision_type=2 2 2 2 2 2 2 2 2 2 2 2 2 2 2 2 2 2 2 2 2 2 2 2 2 2 2 2 2 2
left_child=1 4 3 18 7 10 28 8 -1 -10 11 12 -2 16 15 -15 24 25 23 -9 -16 -20 -8 -3 -6 27 -18 -11 -4 -27
right_child=5 2 6 -5 13 -7 22 19 9 17 -12 -13 -14 14 20 -17 26 -19 21 -21 -22 -23 -24 -25 -26 29 -28 -29 -30 -31
leaf_value=-0.035627818627112687 0.042878351942794858 0.006275741762288939 -0.026315676710422342 0.044380771194201654 -0.045568189649704084 0.052186856482740906 0.082285282773396515 -0.040975586717751894 -0.029153732638793312 0.037708894037605689 -0.033603455308251005 0.049076502564139611 -0.030170930022573546 -0.030869057879503965 0.011910231233648462 0.14427587241608236 -0.017996582055246183 -0.0011379295165762464 0.046563251403886737 0.021275489557426887 -0.043705137174247156 -0.022410848798570537 0.014161879504269927 -0.046456473504426471 0.01706127711838577 0.00092783737628578198 0.046447225210532753 -0.018947781442584258 0.022747381647535387 0.064256875358414164
leaf_weight=2.4152967985719469 1.9446537774056176 1.0406035257037753 0.98392716562375226 8.5818805918097496 33.942130833049305 23.193302512168884 6.4920087633654475 4.3343266645679241 1.2990437392145384 0.13647788239177117 2.0129007122013709 4.8698922842741013 3.5261989049613476 1.5588401446584597 1.0167933001648632 0.66760873177554447 0.55912894441280414 2.0637294638436288 0.47540154424496062 0.6792482417076825 6.5967410852899775 0.7553649100009352 1.402105590328574 9.9719508934067544 0.33821550523862143 0.53745853225700546 0.27087694709189236 0.98503499804064631 0.74903784808702767 4.9689808251569048
leaf_count=935 13 136 153 58 19853 343 106 1778 344 24 440 34 90 778 321 53 253 349 28 14 3622 213 22 3663 35 82 30 214 21 126
internal_value=0 -0.0114459 0.0189423 -0.00193814 -0.0263479 0.0393769 0.0600427 0.000823903 0.0147714 0.0290887 0.0132198 0.0244936 -0.0015914 -0.0366665 -0.0135046 0.0500881 -0.0426041 0.0399035 -0.0353047 -0.0304063 -0.0357572 0.0131615 0.0731383 -0.041366 -0.0444842 0.0511563 0.0169233 0.0024715 -0.00454538 0.0591682
internal_weight=0 92.8222 30.4523 20.8252 62.3699 35.5469 9.62708 17.4196 12.406 9.99073 12.3536 10.3407 5.47085 44.9503 9.83998 2.22645 35.1104 8.69168 12.2433 5.01357 7.61353 1.23077 7.89411 11.0126 34.2803 6.62795 0.830006 1.12151 1.73297 5.50644
internal_count=34131 33211 4400 4098 28811 920 302 3866 2074 1139 577 137 103 24945 4774 831 20171 795 4040 1792 3943 241 128 3799 19888 446 283 238 174 208
is_linear=0
shrinkage=0.05


Tree=52
num_leaves=31
num_cat=0
split_feature=22 3 19 21 5 32 14 1 23 19 14 3 36 37 15 15 30 37 21 30 15 30 3 12 36 19 38 2 3 21
split_gain=26.168 19.7941 5.88641 6.84298 6.41359 5.76782 4.39179 5.24212 3.68654 3.40439 2.91758 2.62053 2.47768 2.3829 2.42779 2.30264 2.72998 2.1157 1.85054 1.76444 1.95115 1.75558 2.2705 1.62388 1.50334 1.28147 1.15987 1.12503 2.30337 1.07778
threshold=1.0000000180025095e-35 1.1134569685009248 17.402025462962964 11.027870370370371 1.0000000180025095e-35 0.039607843137254913 31582.470000000005 7.6558166903746754 1.0000000180025095e-35 1.0000000180025095e-35 466359.55500000005 3.4357288626039613 57.850000000000001 194.85000000000005 614.00000000000011 237.50000000000003 7.5000000000000009 66.250000000000014 30.510474537037041 5.5000000000000009 545.50000000000011 19.500000000000004 0.80203339531218354 676.85500000000013 58.350000000000001 0.21398148148148152 0.1129189330673228 1.1893304763807537 -5.0641986381414457 17.232905092592596
decision_type=2 2 2 2 2 2 2 2 2 2 2 2 2 2 2 2 2 2 2 2 2 2 2 2 2 2 2 2 2 2
left_child=1 5 3 4 15 10 -7 12 9 26 19 -4 17 14 -5 -3 -17 -8 -16 23 21 22 -21 -1 -15 -12 -2 28 -28 -23
right_child=8 2 11 13 -6 6 7 -9 -10 -11 25 -13 -14 24 18 16 -18 -19 -20 20 -22 29 -24 -25 -26 -27 27 -29 -30 -31
leaf_value=0.034828922101363131 -0.0092675043249739429 0.034224911574347268 -0.041570311963377925 0.051915253495580051 0.036514643439208461 -0.037864322971509906 -0.013937161173262148 -0.027141337017276879 0.050322825364532586 -0.033834140646308346 0.050561708849415223 0.026768881146523177 -0.017964180418943362 0.11563637154120117 -0.029922962981428686 0.030476805092565604 -0.03683994071693851 0.080526965680797216 0.043317851237165389 -0.040629437653161633 -0.047346872052634631 -0.016857163777577764 0.030108414186336016 -0.027973976179808981 0.044035778368126895 -0.017580969423953662 0.03908132486348892 0.047296531701863348 -0.026127712533824302 0.044090647886253088
leaf_weight=0.97176461061462704 1.4677518685348321 0.91213496518321768 4.6401215210789806 1.9415787945035825 8.6290267645381391 3.0590725786751118 0.38145210652146522 2.2344314020592719 22.132895745337009 2.0534991952590635 0.58817918295971938 1.1048564026132224 0.55638127063866694 1.4455337823601437 2.1445768448757012 1.0146238431334484 8.2860487294383329 3.1299909941153601 0.22881509119179089 4.2078279005363575 35.312269387301058 0.50088378146756418 0.66773428407032032 1.159229442477226 4.5752433859743178 0.53929730725940317 1.7583031058311451 4.7209090329706669 1.711504224687814 0.89595231728162616
leaf_count=36 57 30 1687 30 92 1417 129 784 336 449 46 13 228 15 565 86 1723 134 6 1465 23873 106 65 86 211 264 12 35 28 61
internal_value=0 -0.0124112 0.0166574 0.0257309 0.00687159 -0.0311019 0.00423519 0.0270569 0.0386129 0.014266 -0.0384103 -0.0264073 0.0563088 0.0564718 0.0210438 -0.0191973 -0.0272505 0.0694505 -0.012114 -0.0405694 -0.0427937 -0.0141749 -0.027466 0.00264204 0.0752485 0.0250243 0.0267076 0.0334611 0.00826719 0.0243209
internal_weight=0 89.127 34.9226 29.1776 18.8418 54.2045 9.36133 6.30226 33.8449 11.712 44.8431 5.74498 4.06782 10.3357 4.31497 10.2128 9.30067 3.51144 2.37339 43.7157 41.5847 6.2724 4.87556 2.13099 6.02078 1.12748 9.65847 8.19072 3.46981 1.39684
internal_count=34069 33152 4458 2758 1931 28694 2692 1275 917 581 26002 1700 491 827 601 1839 1809 263 571 25692 25570 1697 1530 122 226 310 132 75 40 167
is_linear=0
shrinkage=0.05


Tree=53
num_leaves=31
num_cat=0
split_feature=22 3 30 10 23 30 37 33 14 33 23 2 39 14 9 45 37 23 23 11 6 16 13 37 38 13 23 12 23 13
split_gain=22.4721 17.1698 6.86293 5.63004 4.17652 3.97181 3.76282 5.1221 4.27035 3.42664 2.64688 2.43537 4.10726 2.28838 2.16736 2.04283 2.01853 1.7573 1.64255 1.6335 1.51965 1.25416 1.21411 1.05105 1.25444 1.04516 0.87204 0.839647 0.729053 0.720352
threshold=1.0000000180025095e-35 1.5319487877656324 6.5000000000000009 690.89000000000021 1.0000000180025095e-35 18.500000000000004 502.35000000000008 1.0000000180025095e-35 33122.295000000006 1.0000000180025095e-35 15.265763888888889 4.8000462868304981 1.0000000180025095e-35 30499.280000000002 1.5000000000000002 1.0000000180025095e-35 70.050000000000011 12.974947916666668 7.885422453703705 4.5000000000000009 1.0000000180025095e-35 2.5000000000000004 31.500000000000004 93.750000000000014 0.6240376150668171 48.500000000000007 20.002528935185186 9770.7500000000018 8.1406886574074093 7.5000000000000009
decision_type=2 2 2 2 2 2 2 2 2 2 2 2 2 2 2 2 2 2 2 2 2 2 2 2 2 2 2 2 2 2
left_child=1 2 9 20 11 14 7 8 -3 -1 -7 12 25 -11 29 16 -10 -18 -9 -12 -4 -22 -19 -16 26 -2 28 -15 -25 -5
right_child=4 6 3 5 -6 10 -8 18 15 13 19 -13 -14 27 23 -17 17 22 -20 -21 21 -23 -24 24 -26 -27 -28 -29 -30 -31
leaf_value=-0.032044400407646223 -0.033329950666556835 -0.037513192688982677 -0.044532473563888494 0.0027274287493025363 0.049827873889580293 -0.0248126340868274 0.058854512849593713 -0.018152613068398278 -0.022887715398141235 -0.022744659487066748 0.060737510393827923 0.045713665760441502 0.033163320670364906 0.058744181038230363 -0.023821018749362863 -0.030454830543983541 -0.016926867100879386 0.044778663391392651 0.052291330747797404 -0.015335292604306489 -0.025990936610252442 0.034094562587022356 -0.008886618107979272 -0.0080865429237668169 -0.013598592038693539 0.022686639435974969 -0.011267121542622447 0.0084098557807569963 0.062270738870019327 -0.042753384112393038
leaf_weight=1.7618872029706825 5.1751477589132246 5.1080804906087094 35.061240088078193 0.86815664684399774 21.614538088440895 0.96981958264950563 4.4858595456462345 0.44260722771286864 1.4144071601331205 0.81877244100905944 2.8418740789638837 2.8470391798764458 3.9066080804914236 3.3352195818442851 0.9005615105852488 1.3644159240648157 1.1295541221043075 6.8037223820574582 6.2112591780023649 0.43898334237746883 0.80362775281537213 0.68859186721965671 0.87490841024555255 0.191476862994023 1.0404803518904371 0.25434392876923073 0.2880058359587564 1.4917467054910956 1.1592708426760507 5.6961743399733678
leaf_count=550 531 1140 24920 394 348 337 81 50 167 155 283 22 32 54 344 178 91 292 217 144 114 103 52 70 322 3 115 53 86 2747
internal_value=0 -0.0105154 -0.0257926 -0.0322763 0.0370156 -0.00529369 0.0212971 0.0119607 -0.00337211 0.0173359 0.0309298 0.0122293 -0.0014165 0.0352492 -0.0218857 0.0134634 0.0215166 0.0302535 0.045846 0.0493543 -0.0424782 0.00429088 0.0383446 0.00814258 0.0224407 -0.0275855 0.0418047 0.0473015 0.0530999 -0.037173
internal_weight=0 86.1907 58.3559 50.9483 33.7977 14.3948 27.8348 23.349 16.6951 7.40763 4.25068 12.1831 9.3361 5.64574 10.1441 11.587 10.2226 8.80818 6.65387 3.28086 36.5535 1.49222 7.67863 3.5798 2.67923 5.42949 1.63875 4.82697 1.35075 6.56433
internal_count=33995 33059 30791 29979 936 4842 2268 2187 1920 812 764 588 566 262 4078 780 602 435 267 427 25137 217 344 937 593 534 271 107 156 3141
is_linear=0
shrinkage=0.05


Tree=54
num_leaves=31
num_cat=0
split_feature=22 3 15 19 30 23 17 37 23 6 19 2 36 37 21 36 19 32 32 35 37 38 36 18 36 36 17 33 30 30
split_gain=22.7947 15.961 8.00005 5.07655 4.71821 4.68548 4.47113 4.09674 3.33887 3.28172 3.07132 2.98581 2.58268 2.47061 2.02866 2.02802 1.95652 1.87574 2.82565 1.76115 1.60668 1.44708 1.68446 1.36712 1.35408 1.29263 1.114 1.04965 0.708263 0.578379
threshold=1.0000000180025095e-35 1.5319487877656324 758.50000000000011 11.97892939814815 6.5000000000000009 8.0583275462962991 7.5000000000000009 562.85000000000002 1.0000000180025095e-35 1.0000000180025095e-35 0.027800925925925927 19.249882541093541 53.350000000000001 62.95000000000001 18.53696180555556 51.050000000000004 23.137812500000006 0.084523809523809543 0.10435571687840291 1.0000000180025095e-35 67.250000000000014 0.17778135142181586 45.250000000000007 1.0000000180025095e-35 58.850000000000001 25.350000000000005 8.5000000000000018 1.0000000180025095e-35 19.500000000000004 6.5000000000000009
decision_type=2 2 2 2 2 2 2 2 2 2 2 2 2 2 2 2 2 2 2 2 2 2 2 2 2 2 2 2 2 2
left_child=1 2 3 5 14 -1 7 11 10 17 21 19 13 -7 -4 25 20 -6 26 -3 -8 -2 -23 -11 28 -16 -19 -13 -22 -5
right_child=8 6 4 29 9 12 16 -9 -10 23 -12 27 -14 -15 15 -17 -18 18 -20 -21 24 22 -24 -25 -26 -27 -28 -29 -30 -31
leaf_value=-0.031487422124935764 -0.010330591483066871 -0.037267365945572971 -0.026851823059267373 0.0079142290581048682 -0.048675982594826958 -0.01774220823974975 -0.0035173097005263276 0.044326698204121967 0.049338804290809751 -0.022285584953153262 -0.033030653903716997 -0.0066188690410918559 -0.020594917000691854 0.068532127684719099 -0.014553154431452912 -0.023705338653035229 -0.013558404257439566 -0.0093520919341271748 -0.03031922935766351 0.028436515122622453 0.069670704290486843 0.049331076615675609 0.00044527510666669774 0.038033622487610615 0.021731719568143924 0.054370531941199986 0.080286980680271847 0.041733074968533512 0.013216599941568536 -0.036081646295975787
leaf_weight=1.6598310107365231 1.7736638567876086 7.5919335813960078 2.1503688629018134 0.50484052882529695 34.870917220250703 0.54493821819778521 1.5348401117371384 2.6841196692548683 20.067302968353033 0.79698023595847067 1.9139836760004971 1.6093331379815927 0.69456427404656995 5.1516095713013783 0.40309025649912733 0.88325610943138588 1.2754690134897817 0.22959474241360922 1.5328888057265428 0.4228219985961913 5.5116780407261086 4.8943961272016168 2.5397153096273541 1.1606073165312409 4.8666339959017932 2.3494702682364732 0.15094705834053457 1.5004890523850918 1.1994594868738202 3.9955382341286168
leaf_count=500 63 1471 440 37 26454 175 109 48 335 244 456 27 253 166 81 174 237 137 878 2 123 38 33 21 189 76 48 14 18 1188
internal_value=0 -0.0118115 -0.0268627 0.00790949 -0.0366225 0.0304412 0.0185334 -0.00198205 0.0374936 -0.0427712 0.0138139 -0.0158897 0.0486088 0.058862 0.00478276 0.025249 0.037072 -0.0461022 0.00141124 -0.0310312 0.0426086 0.0258332 0.0346632 0.0142444 0.0485169 0.0430887 0.0586051 0.0211888 0.0626033 -0.0306047
internal_weight=0 85.2762 57.0794 12.5513 44.5281 8.05094 28.1968 13.8087 31.1891 38.7419 11.1218 11.1246 6.39111 5.69655 5.78619 3.63582 14.3881 36.7843 1.91343 8.01476 13.1126 9.20778 7.43411 1.95759 11.5778 2.75256 0.380542 3.10982 6.71114 4.50038
internal_count=34035 33110 30872 2319 28553 1094 2238 1562 925 27782 590 1514 594 341 771 331 676 27517 1063 1473 439 134 71 265 330 157 185 41 141 1225
is_linear=0
shrinkage=0.05


Tree=55
num_leaves=31
num_cat=0
split_feature=19 24 21 0 6 36 37 38 17 19 0 0 19 15 19 21 21 0 4 15 15 10 14 37 15 38 15 14 14 14
split_gain=22.4984 14.0218 13.808 10.7305 11.7472 5.60782 13.9629 3.99309 3.37511 2.2028 2.11451 2.57337 2.29512 2.11394 1.98207 3.19034 1.74359 1.04322 1.01911 0.994456 1.92783 1.14245 1.08852 0.9834 0.96157 1.08328 0.845991 0.782304 0.621575 0.605188
threshold=0.027800925925925927 1.5000000000000002 5.2896122685185194 106.38000000000001 1.0000000180025095e-35 60.050000000000004 150.25000000000003 0.49884917192180334 8.5000000000000018 -1.0000000180025095e-35 1145.075 3750.3550000000005 21.025092592592596 17980.500000000004 21.025092592592596 20.385457175925932 11.712980324074076 1021.215 1.0000000180025095e-35 98372.000000000015 146785.00000000003 7795.045000000001 10793.245000000001 191.25000000000003 758.50000000000011 1.1306882352562224 1956.5000000000002 19286.810000000005 13540.130000000003 121778.14
decision_type=2 2 2 2 2 2 2 2 2 2 2 2 2 2 2 2 2 2 2 2 2 2 2 2 2 2 2 2 2 2
left_child=2 5 3 -1 9 6 8 10 24 19 -8 12 16 -6 15 26 -12 28 -16 21 22 -5 -21 -9 25 -2 29 -3 -4 -10
right_child=1 27 17 4 13 -7 7 23 14 -11 11 -13 -14 -15 18 -17 -18 -19 -20 20 -22 -23 -24 -25 -26 -27 -28 -29 -30 -31
leaf_value=0.048503003789226763 -0.028341043650490966 -0.0050570411279270457 -0.011565074259183843 -0.047900718128051821 0.04724508200603994 -0.048494641817447288 0.013729019675746718 -0.023552155735200409 -0.017641816277980275 0.031109111798919377 -0.00408868710964032 0.014269834214017188 -0.005994084425344934 -0.01149923216932873 -0.037933780914300143 0.052082911231953924 0.18370362106630089 0.063373290948494296 0.016766220235852176 0.060018625165128847 -0.031844427554092468 0.0027692562401157358 -0.013094197008062467 0.024709090912887009 -0.046928753153050916 0.018353453131556362 -0.032281911417469188 0.045491936768594698 0.029929504536250456 0.024617352855859906
leaf_weight=9.3585625173291174 2.4541004253551466 0.63979746086988498 0.722816635039638 12.560473554534839 6.2367261468898496 20.240131720085628 0.971108666970394 0.87795058137271587 0.53654069057665621 0.4739517613779779 0.088288318249396758 0.69917448901105672 0.13414411514531821 1.5114010425750164 3.0259447140851994 2.0937393634812906 0.47350611910223961 16.351127318106592 0.46494953893125046 0.34669019142165725 1.5115157564869148 1.0965364774456237 0.34570668614469469 1.4522463474422691 13.883600248722358 1.0999145398382095 1.7719113391358403 6.8503921534866095 1.6201262529939411 1.0638989410363136
leaf_count=179 598 228 75 4930 73 12792 169 422 142 77 47 99 62 32 1578 112 45 311 5 79 750 133 126 182 9338 114 906 246 44 57
internal_value=0 -0.0191355 0.0255735 0.00582937 -0.012026 -0.0285404 -0.0144439 0.0574241 -0.0288608 -0.0354585 0.0923139 0.118444 0.152978 0.0357814 -0.00329507 0.014746 0.17047 0.0588041 -0.0285372 -0.0391748 -0.00523492 -0.043921 0.0373468 0.00491352 -0.0411019 -0.0130329 -0.015045 0.0410871 0.0174979 0.00911398
internal_weight=0 58.8213 52.1356 33.4416 24.083 51.3312 31.091 4.69642 26.3946 16.3349 2.36622 1.39511 0.695939 7.74813 8.95698 5.46609 0.561794 18.6941 3.49089 15.8609 2.20391 13.657 0.692397 2.3302 17.4376 3.55401 3.37235 7.49019 2.34294 1.60044
internal_count=33951 27142 6809 6379 6200 26668 13876 1026 12850 6095 422 253 154 105 2800 1217 92 430 1583 6018 955 5063 205 604 10050 712 1105 474 119 199
is_linear=0
shrinkage=0.05


Tree=56
num_leaves=31
num_cat=0
split_feature=22 2 32 17 15 6 36 14 21 45 2 0 15 33 15 0 0 16 36 2 21 36 13 13 13 15 24 36 38 37
split_gain=19.8862 14.2779 6.40438 6.68945 3.44458 2.62397 1.94189 1.91126 3.05775 2.34553 2.24893 1.90134 1.89602 1.92359 1.82005 3.5211 3.4156 1.76303 1.73163 1.72365 1.64734 1.55971 1.40438 1.37649 1.37146 1.20899 1.14526 1.07937 1.03005 0.937877
threshold=1.0000000180025095e-35 2.9272750312602089 0.039607843137254913 8.5000000000000018 545.50000000000011 1.0000000180025095e-35 57.850000000000001 83632.539999999994 19.843883101851855 1.0000000180025095e-35 19.249882541093541 869.1350000000001 55971.000000000007 1.0000000180025095e-35 90446.500000000015 2572.9050000000002 3750.3550000000005 2.5000000000000004 53.350000000000001 3.5876276440757437 5.5592071759259269 17.550000000000004 12.500000000000002 8.5000000000000018 24.500000000000004 758.50000000000011 2.5000000000000004 40.050000000000004 0.38443596201205771 62.95000000000001
decision_type=2 2 2 2 2 2 2 2 2 2 2 2 2 2 2 2 2 2 2 2 2 2 2 2 2 2 2 2 2 2
left_child=1 2 4 25 11 14 21 8 10 -9 -3 -1 -2 26 -6 -16 23 -7 20 -10 -13 -5 -12 -17 29 -4 -14 28 -21 -22
right_child=12 7 3 6 5 17 -8 9 19 -11 22 18 13 -15 15 16 -18 -19 -20 27 24 -23 -24 -25 -26 -27 -28 -29 -30 -31
leaf_value=-0.033842522057740319 0.042013746532111859 -0.027484854308205749 0.0067548512629934656 -0.012856457181951107 -0.047448960015538777 -0.027104033088503805 -0.010449916331553576 0.040916404821113105 -0.019253842966181149 -0.020102591555207609 0.042489322108352712 -0.021087387180710675 -0.03286068839247637 0.033722573580899494 -0.038852483211430096 -0.009094495817190261 -0.024325437262949168 0.040171040751059289 -0.026491626637370876 -0.0039006746856257886 -0.010299731483740408 0.069047946152780967 -0.012690185824652292 0.090976174676686991 -0.015705590386853818 -0.039521677492328738 0.021135425316451076 0.013401165116130161 0.082797665011675681 0.05882688684258456
leaf_weight=2.0655235515441737 24.009656790411103 5.8904429434333014 1.6433246769011001 0.34330203349236432 29.816791374702007 0.87936953152529795 0.86738311580847938 10.458238392602649 0.61689850012771685 1.2120832623913891 1.6199307260103526 0.7150980622973292 2.1679029664956029 2.3780598526354879 3.4524909401079631 0.22184617933817186 0.94210539548657835 1.1156401468906549 1.1158896719571201 0.30208457843400571 0.25662409316282797 3.5311810584971681 1.4197544618509708 0.66932906082365662 0.44846640701871354 3.7269330547424033 0.6245523765683173 2.0623832555720583 1.2366086310939861 2.6848210981115699
leaf_count=867 671 828 186 143 22690 135 304 276 239 74 23 157 194 50 2688 156 682 110 447 53 81 184 25 160 76 2162 8 158 46 138
internal_value=0 -0.0113281 -0.0255048 0.00964024 -0.033548 -0.0395734 0.0480827 0.0195831 0.0057424 0.0334925 -0.0109536 -0.001797 0.0362789 0.00715548 -0.0427034 -0.0126438 0.0330057 0.0113686 0.0142832 0.0364155 0.0283854 0.060642 0.019955 0.0744284 0.0412479 -0.0265234 -0.0183954 0.0480641 0.0709448 0.0517129
internal_weight=0 79.3145 54.4961 10.1121 44.384 37.0976 4.74187 24.8184 13.1481 11.6703 8.93013 7.28642 29.1802 5.17052 35.1026 5.28577 1.83328 1.99501 5.2209 4.21797 4.10501 3.87448 3.03969 0.891175 3.38991 5.37026 2.79246 3.60108 1.53869 2.94145
internal_count=34011 33088 31366 2979 28387 26621 631 1722 1372 350 876 1766 923 252 26376 3686 998 245 899 496 452 327 48 316 295 2348 202 257 99 219
is_linear=0
shrinkage=0.05


Tree=57
num_leaves=31
num_cat=0
split_feature=22 3 32 17 14 37 23 36 36 30 17 33 1 12 36 3 2 2 32 1 12 37 1 33 37 38 15 2 37 3
split_gain=21.1815 20.8034 6.68585 5.35467 4.70877 4.11414 2.89854 2.62919 4.34838 2.4831 2.23088 2.09144 1.94777 1.60598 1.56644 1.55579 2.72317 1.89684 1.32597 1.21644 1.0451 1.04198 1.0089 0.920082 0.778973 0.769443 0.76916 1.37575 1.25358 0.837596
threshold=1.0000000180025095e-35 1.1945966753204555 0.057983193277310933 8.5000000000000018 33122.295000000006 767.50000000000011 1.0000000180025095e-35 15.850000000000003 59.45000000000001 1.5000000000000002 5.5000000000000009 1.0000000180025095e-35 10.46322818499157 69815.130000000019 35.650000000000013 2.4965913171622796 0.12813749444333472 1.1893304763807537 0.19139194139194141 7.9524110809646551 3720.9350000000009 100.05000000000001 9.2892892376420715 1.0000000180025095e-35 173.75000000000003 0.49316449194909567 614.00000000000011 1.624304152304858 280.05000000000007 -2.6028089179770437
decision_type=2 2 2 2 2 2 2 2 2 2 2 2 2 2 2 2 2 2 2 2 2 2 2 2 2 2 2 2 2 2
left_child=1 2 9 23 5 11 15 13 10 24 -9 -3 -10 -6 25 16 -2 -18 20 21 -5 -19 -12 -4 -1 -13 27 28 -11 -28
right_child=6 4 3 18 7 -7 -8 8 12 26 22 14 -14 -15 -16 -17 17 19 -20 -21 -22 -23 -24 -25 -26 -27 29 -29 -30 -31
leaf_value=-0.01392820045367265 0.041634423429478359 -0.038169925114587208 -0.038074459930796799 -0.010225483385617134 -0.032453181402477521 0.042863358708538385 0.048646096430646553 -0.0065284562656055291 -0.025570531444753172 -0.041002829567623938 0.087566151928455405 -0.010729085012710247 0.023210332094663479 0.021816535469289328 -0.023990263956315615 0.043933571161876808 -0.040676902749928946 -0.015680763498147742 -0.0138924926463259 -0.015938982553362756 0.064123075418944728 0.045319790830860747 0.038986957456522309 0.0073158056854136693 0.043700145447373884 0.051627980513405093 0.0039874566567910446 0.018787544082371738 0.013097545117050986 -0.048625087137944688
leaf_weight=0.36974381469190021 2.0933844465762395 6.0387144004926103 3.1392300165025508 0.25427479774225581 1.7446095974883093 2.0078267701901487 18.583609614521265 0.99256576481275516 2.0426660820376119 4.4035541971679768 3.8686872037360427 0.26708813197910808 5.5149399102665484 1.7543720973189918 0.86593098624143738 2.2030155891552559 2.5662849459331483 0.4112025614595044 0.38175015163142223 1.8793689504964275 2.8109545818297192 1.3941666320897637 5.3228929113829508 1.1413787740748373 0.4249018831178546 0.95217922737356275 0.62604448117781331 1.0056540329242123 0.82935930334497232 30.357295711757619
leaf_count=35 17 1987 1601 102 355 30 347 107 539 1558 217 81 144 30 189 18 334 52 121 84 173 70 157 215 11 39 210 115 176 24823
internal_value=0 -0.012259 -0.0334712 0.00806816 0.018749 -0.00874198 0.0370911 0.0316655 0.0391236 -0.0419052 0.0589973 -0.0247963 0.00857849 -0.00644156 0.0137522 0.0142825 0.00259043 -0.0144235 0.0477512 0.00864086 0.0569573 0.030789 0.0660195 -0.0268782 0.0240662 0.0392888 -0.0439064 -0.0220927 -0.0317028 -0.0474706
internal_weight=0 77.1166 45.7441 7.72759 31.3725 10.1317 29.131 21.2407 17.7418 38.0166 10.1841 8.12391 7.55761 3.49898 2.0852 10.5474 8.34441 6.25102 3.44698 3.68474 3.06523 1.80537 9.19158 4.28061 0.794646 1.21927 37.2219 6.23857 5.23291 30.9833
internal_count=33937 33015 29140 2212 3875 2326 922 1549 1164 26928 481 2296 683 385 309 575 557 540 396 206 275 122 374 1816 46 120 26882 1849 1734 25033
is_linear=0
shrinkage=0.05


Tree=58
num_leaves=31
num_cat=0
split_feature=18 22 15 23 15 33 33 37 6 17 22 38 13 2 3 17 45 14 15 13 38 2 15 3 37 37 3 13 14 35
split_gain=20.7423 10.1431 5.27127 4.827 4.00901 3.57397 3.38733 2.8852 3.15114 2.66171 2.15216 1.76395 1.63445 1.59247 1.57345 1.54239 1.28188 1.27164 1.10675 0.904632 0.874963 0.833772 0.786911 2.6328 1.72055 0.63752 0.633912 0.563297 0.482587 0.454044
threshold=1.0000000180025095e-35 1.0000000180025095e-35 1712.5000000000002 0.0040335648148148153 614.00000000000011 1.0000000180025095e-35 1.0000000180025095e-35 317.35000000000008 1.0000000180025095e-35 9.5000000000000018 1.0000000180025095e-35 0.56259164618061608 10.500000000000002 3.973382124839397 -2.439985648015996 14.500000000000002 1.0000000180025095e-35 73996.270000000019 62017.000000000007 31.500000000000004 1.3052978473112447 0.94558403507973199 102584.00000000001 1.3338462316657287 194.85000000000005 256.95000000000005 -0.70109011357376827 6.5000000000000009 113840.87500000001 1.0000000180025095e-35
decision_type=2 2 2 2 2 2 2 2 2 2 2 2 2 2 2 2 2 2 2 2 2 2 2 2 2 2 2 2 2 2
left_child=1 2 6 -3 27 7 9 8 10 13 29 -12 -10 -1 28 22 21 -11 -17 -19 -9 26 -16 -24 -25 -26 -7 -2 -4 -6
right_child=4 3 14 -5 5 16 -8 20 12 17 11 -13 -14 -15 15 18 -18 19 -20 -21 -22 -23 23 24 25 -27 -28 -29 -30 -31
leaf_value=-0.042955256246903287 0.0019431673275233079 -0.033400216561400013 -0.014179707512899684 0.042736967137674192 -0.037304892556764738 0.022670009473224954 0.03661118634099083 0.037434506448392045 -0.0095024252739160237 -0.01847147137854625 0.029473645583065505 -0.024351676318883436 0.047936046897090655 0.01242666645083389 -0.047155632454991367 -0.020180318653900697 -0.0075662062004522267 0.041387192349340587 0.042271924248717396 -0.014414005543793096 -0.0095763359710096738 0.046322800969643863 -0.036218005178840641 -0.015425833651533367 0.08722585127386695 -0.0048985254574548751 -0.019052582692951538 0.049420802098372463 0.027926635227186487 0.0094315736937575952
leaf_weight=5.9051255566300807 0.74538424669299175 1.9618238140828888 0.39275271515361865 7.236763384193182 7.8892101913224923 1.0296726599335668 2.9254614819074041 4.4982610241277134 1.5974387107416981 1.2244836535537618 2.4436595160514107 1.7679629046469925 2.0940677667967975 1.1269305421737952 28.987669908907264 0.67220964841544528 1.2615770422853536 2.1458552438998599 0.29092330031562597 0.39794828766025592 0.777169422013685 8.4628618325805274 2.6083605206804346 0.44314949016552407 0.092304561752825975 0.10522918927017599 0.6871939712436842 11.626145787304266 0.56111731170676649 0.17222513258457173
leaf_count=2721 95 476 228 114 3373 74 92 250 24 419 39 28 25 29 22018 374 84 158 54 109 33 275 2197 189 25 17 109 320 39 1
internal_value=0 -0.0212975 -0.0304833 0.0248161 0.0236352 0.0136895 -0.00390514 0.00116812 -0.00959807 -0.0170522 -0.0215822 0.00654166 0.026353 -0.0336378 -0.0407497 -0.0425835 0.0349724 0.0144619 0.0106076 0.0310537 0.0300865 0.0404494 -0.044444 -0.0148472 0.0412032 0.0750402 0.00510415 0.0469195 0.0122055 -0.0353758
internal_weight=0 57.0781 47.8795 9.19859 45.0528 32.6813 13.7258 21.24 15.9646 10.8003 12.2731 4.21162 3.69151 7.03206 34.1537 33.1998 11.4413 3.76829 0.963133 2.5438 5.27543 10.1797 32.2367 3.24904 0.640683 0.197534 1.71687 12.3715 0.95387 8.06144
internal_count=33989 29259 28669 590 4730 4315 3528 3773 3490 3436 3441 67 49 2750 25141 24874 542 686 428 267 283 458 24446 2428 231 42 183 415 267 3374
is_linear=0
shrinkage=0.05


Tree=59
num_leaves=31
num_cat=0
split_feature=22 3 30 19 21 6 32 14 12 23 23 19 14 17 23 31 32 3 19 3 2 10 20 30 10 10 19 11 30 37
split_gain=16.7158 12.5291 6.22907 5.37459 5.26243 4.9087 4.15011 2.60168 2.55805 2.53638 2.52703 2.75971 2.45697 2.24501 1.88042 1.7539 1.7362 1.73212 1.57743 1.32013 2.66564 1.29122 1.17406 1.09402 1.60747 1.2095 1.07656 1.06382 1.04082 0.948317
threshold=1.0000000180025095e-35 1.1134569685009248 6.5000000000000009 17.402025462962964 11.027870370370371 1.5000000000000002 0.082207207207207214 46722.220000000016 7790.2450000000008 18.378292824074077 1.0000000180025095e-35 0.027800925925925927 466359.55500000005 13.500000000000002 15.172997685185186 1.0000000180025095e-35 0.37171052631578955 3.4357288626039613 0.64857638888888902 0.80203339531218354 1.6385422311926139 10103.265000000001 2.5000000000000004 19.500000000000004 886.95500000000004 1463.2100000000003 0.21398148148148152 1.5000000000000002 21.500000000000004 70.850000000000009
decision_type=2 2 2 2 2 2 2 2 2 2 2 2 2 2 2 2 2 2 2 2 2 2 2 2 2 2 2 2 2 2
left_child=1 2 9 4 5 13 12 -8 27 -1 11 -2 19 15 18 21 -11 -5 -6 23 29 28 -16 -4 -25 -26 -14 -9 -3 -21
right_child=10 3 6 17 14 -7 7 8 -10 16 -12 -13 26 -15 22 -17 -18 -19 -20 20 -22 -23 -24 24 25 -27 -28 -29 -30 -31
leaf_value=-0.02893624442063138 0.026613120590975689 -0.032925146654545344 -0.048183032766209916 -0.040610212287378183 0.035528762682950375 0.046056442347523131 -0.028387276599149216 -0.0074136189512404947 -0.010314604860350723 0.044622132684958911 0.048079171150496827 -0.031583990908708684 0.044322642514256785 0.039858797603288657 0.072103688261488635 0.03553444510033453 -0.020160316712325474 0.021775089969983077 -0.02576935525294562 0.070398234556095854 -0.028731010356460415 0.014329694372711373 0.0018648974514605889 -0.034844887965451862 0.04327081118147226 -0.018998626642946249 -0.017465546089767164 0.08804925737160485 0.015314612025371061 -0.0094788117010696123
leaf_weight=1.3413805437739927 8.5110857659019548 8.8855100735090708 25.144430424319584 4.0514729464193797 1.3124515456147476 4.7629468124359837 1.3007239708676928 0.17343720712233357 1.1040224784519521 4.275986973545514 17.472990043461323 1.691883866675197 0.58849604672286548 1.0926443673670281 5.9305700167315081 0.58920025278348553 0.67087597085628647 0.74177229031920422 0.98337484092917282 0.22812406625598614 2.7506074769189581 1.4867609175853438 0.70986306306440372 2.2850935663445848 0.81923029571771599 0.60339859442319721 0.53336160315666348 0.86761939828284085 0.67777794762514609 0.23293919337447733
leaf_count=346 131 1725 21635 1698 17 48 772 104 236 167 354 456 66 24 356 36 239 9 348 59 2056 37 86 2037 80 217 314 61 57 189
internal_value=0 -0.00804695 -0.025332 0.0157611 0.024611 0.00763184 -0.0331255 0.0154594 0.0426193 0.0183844 0.0368345 0.0150049 -0.0384749 -0.00904982 0.0537382 -0.0164315 0.0339238 -0.0288636 0.00942048 -0.0410998 -0.00783247 -0.0219213 0.065822 -0.0444165 -0.0140644 0.0199194 0.02056 0.0763051 -0.0283801 0.0511757
internal_weight=0 74.1441 42.9197 31.2243 26.4311 17.4948 36.6315 3.4458 2.14508 6.28824 27.676 10.203 33.1857 12.7319 8.93626 11.6392 4.94686 4.79325 2.29583 32.0638 3.21167 11.05 6.64043 28.8522 3.70772 1.42263 1.12186 1.04106 9.56329 0.461063
internal_count=33960 33019 28578 4441 2734 1927 27826 1173 401 752 941 587 26653 1879 807 1855 406 1707 365 26273 2304 1819 442 23969 2334 297 380 165 1782 248
is_linear=0
shrinkage=0.05


Tree=60
num_leaves=31
num_cat=0
split_feature=19 21 2 36 37 5 2 32 17 30 3 23 17 38 36 10 32 19 0 36 12 36 2 0 21 19 19 12 12 37
split_gain=14.2035 12.7385 11.4901 10.2696 10.2471 9.11681 5.40368 3.62049 2.13983 2.08874 1.59919 1.48826 1.48604 1.43517 1.51327 1.33782 1.32341 1.21836 1.08176 1.05199 0.961963 0.676063 0.649985 0.587361 0.564576 1.48175 0.550498 0.450031 0.432594 0.33202
threshold=0.027800925925925927 5.2896122685185194 0.24344554179186695 60.050000000000004 150.25000000000003 1.0000000180025095e-35 3.5876276440757437 0.039607843137254913 7.5000000000000009 13.500000000000002 -2.3083771779771443 19.386325231481486 8.5000000000000018 1.509959985815122 22.550000000000004 76200.015000000014 0.21583850931677021 23.256145833333338 1261.2550000000003 16.450000000000003 6514.8950000000013 29.850000000000005 8.8199967649303783 4525.8100000000004 37.064629629629643 26.083663194444448 9.081273148148151 2794.7200000000007 56364.785000000011 223.05000000000004
decision_type=2 2 2 2 2 2 2 2 2 2 2 2 2 2 2 2 2 2 2 2 2 2 2 2 2 2 2 2 2 2
left_child=1 2 -1 4 6 13 7 10 -8 11 -2 -6 -7 15 -15 -4 19 20 29 -9 -13 -10 -5 27 28 -26 -11 -21 -12 -3
right_child=3 18 5 22 9 12 8 16 21 26 24 17 -14 14 -16 -17 -18 -19 -20 23 -22 -23 -24 -25 25 -27 -28 -29 -30 -31
leaf_value=0.049565026457719867 0.014943186440346649 0.023946551050178271 -0.043815669104854897 -0.046892293459600963 -0.0034293547373620888 0.00024983370478089042 -0.015629336218693932 -0.01799224588640819 0.0074036500983701379 0.027001903708365079 -0.043899866206041499 0.12148613938551781 0.047064433413448958 0.038385663107550518 -0.026244397700631545 0.018611967930685643 -0.023886047387336906 0.0096924859044612566 0.061720762514602123 -0.00020222278657956746 0.032132187797441022 0.055803443695528365 0.0058110696449947836 -0.010400676440086529 0.047788017470029177 -0.025888404235225933 -0.0090487501083566981 0.046894844867093131 -0.0048296555043689585 -0.009055707198558095
leaf_weight=8.2983183037722501 0.98400509904605016 2.2082445806590871 13.722168070205953 16.981868961942386 0.49681778316153158 2.6237190272659054 1.5251089286757622 0.55783974862424601 1.3293927247868853 1.2188380013103599 13.202044363191819 1.1819040491245694 3.845649354159832 0.69846943300217279 0.96177784149767831 0.38137228786945421 1.0894166711950672 0.77233516302658234 14.00357979419641 0.58588648284785527 1.5062069320119915 2.6391086878720671 0.39028915483504434 0.26028487976873282 0.02260431309696187 1.0564434692496432 1.3114559659734366 2.4068346883286722 1.024267155677079 0.42230645893141616
leaf_count=264 215 119 5811 13031 206 27 202 331 84 154 10195 65 35 37 233 2 466 162 293 184 37 55 11 99 19 852 448 173 303 23
internal_value=0 0.0223017 0.00267016 -0.0154668 0.00110998 -0.0162129 -0.0129578 -0.0243163 0.0278512 0.0529737 -0.0351642 0.0721459 0.0306536 -0.0361279 0.00515411 -0.041007 0.0115923 0.0813325 0.0561399 0.0245914 0.0937068 0.0443435 -0.0454564 0.0344073 -0.0391046 -0.00210183 0.0110464 0.0399332 -0.0415888 0.0176134
internal_weight=0 47.1656 30.5315 50.543 33.1708 22.2332 26.6832 21.1896 5.49361 6.48756 16.2894 3.95726 6.46937 15.7638 1.66025 14.1035 4.90026 3.46045 16.6341 3.81085 2.68811 3.9685 17.3722 3.25301 15.3054 1.07905 2.53029 2.99272 14.2263 2.63055
internal_count=34136 6844 6409 27292 14250 6145 13178 12837 341 1072 11584 470 62 6083 270 5813 1253 264 435 787 102 139 13042 456 11369 871 602 357 10498 142
is_linear=0
shrinkage=0.05


Tree=61
num_leaves=31
num_cat=0
split_feature=22 3 30 15 37 45 14 33 15 19 33 12 19 0 21 14 11 30 12 19 2 10 10 21 37 12 37 14 32 14
split_gain=16.1897 9.98991 4.55466 4.80793 3.57626 3.81482 3.09985 3.31458 2.73076 2.43561 2.11124 1.64012 1.51427 2.55701 1.47071 1.33516 1.07091 1.06277 1.05336 1.01768 0.983088 0.867127 1.27734 0.787246 0.748103 0.860109 0.735087 0.603292 0.558162 0.553299
threshold=1.0000000180025095e-35 1.1945966753204555 6.5000000000000009 758.50000000000011 502.35000000000008 1.0000000180025095e-35 33122.295000000006 1.0000000180025095e-35 182.50000000000003 11.97892939814815 1.0000000180025095e-35 108348.12500000001 23.137812500000006 49226.510000000002 1.0000000180025095e-35 30499.280000000002 4.5000000000000009 14.500000000000002 9426.2850000000017 21.206394675925928 3.973382124839397 4617.5150000000003 4692.9300000000003 11.027870370370371 49.45000000000001 69815.130000000019 55.050000000000004 404017.0400000001 0.082207207207207214 23635.545000000002
decision_type=2 2 2 2 2 2 2 2 2 2 2 2 2 2 2 2 2 2 2 2 2 2 2 2 2 2 2 2 2 2
left_child=1 2 10 8 5 6 7 -3 -4 14 -1 21 13 24 -10 -12 17 -16 -17 26 -9 -5 -23 -6 25 -8 -2 -13 -11 -21
right_child=19 4 3 11 23 -7 12 20 9 28 15 27 -14 -15 16 18 -18 -19 -20 29 -22 22 -24 -25 -26 -27 -28 -29 -30 -31
leaf_value=-0.028213024199782562 0.004988018636338909 -0.03611849024341636 -0.035581764719049017 -0.04616979164567811 -0.00073274279972759425 -0.042449058601808011 -0.022975373955752873 -0.01048378658639292 -0.016831947728605932 -0.030236469278048347 -0.018576589697683676 -0.016272572450975423 -0.016781275426946886 -0.015145410033841254 -6.6566273493349237e-05 0.052726105082521485 0.0025508856590169948 0.076517474640999186 -0.0027348505004302455 -0.025013396486584117 0.043459551227973542 0.045014354641495988 -0.023689864658928899 0.058864663210384138 0.041909719184087701 0.025051970358516286 0.041586724047590014 0.030493005778499584 0.010564675186676848 0.015096544331815318
leaf_weight=1.2830500249983732 1.7734615957597331 4.7267115392605872 2.4295833099167776 24.760106064262807 0.6077784778317431 2.7581860318314275 0.7209672411554483 0.7830731674912389 0.50084664905443821 1.5013912878930571 0.58159465563949186 0.41228475864045222 1.438560158596373 2.2662856846582136 0.54039725358598012 2.6908277275506411 1.017230113269761 1.7465755750890819 0.99117493676021684 0.43871893337927659 1.5182262854650614 0.051833288103806718 0.89761748583987355 3.3148314384743571 10.362369485723319 1.0631115076830608 21.520447176881135 0.53047040733508766 0.64912095316685725 1.1422749161720274
leaf_count=501 112 1721 1220 25200 26 640 173 237 131 462 139 110 383 57 87 49 114 82 53 84 46 16 729 83 599 15 612 115 25 116
internal_value=0 -0.00960101 -0.025447 -0.03201 0.0122754 0.00459215 0.0118033 -0.0144609 0.00103361 0.018939 0.014567 -0.0420673 0.0236152 0.0284745 0.0395297 0.0303551 0.0499986 0.0639064 0.040401 0.0365891 0.0274885 -0.044439 0.00122768 0.0513575 0.0371461 0.00436236 0.0391203 0.0121925 -0.0184766 -0.00141275
internal_weight=0 70.1442 40.5841 35.0375 29.5601 25.6375 22.8793 7.02801 8.38515 5.95556 5.54665 26.6523 15.8513 14.4127 3.80505 4.2636 3.3042 2.28697 3.682 24.8749 2.3013 25.7096 0.949451 3.92261 12.1464 1.78408 23.2939 0.942755 2.15051 1.58099
internal_count=33937 33013 29033 28291 3980 3871 3231 2004 2121 901 742 26170 1227 844 414 241 283 169 102 924 283 25945 745 109 787 188 724 225 487 200
is_linear=0
shrinkage=0.05


Tree=62
num_leaves=31
num_cat=0
split_feature=19 32 21 2 5 22 14 32 23 23 30 2 38 14 38 0 41 19 23 17 23 11 30 30 45 17 30 2 38 12
split_gain=13.9982 8.48906 7.4959 9.23512 11.853 4.7938 4.28602 2.78941 2.61253 2.56945 1.65906 1.60134 1.39666 1.382 1.27808 1.20176 1.00401 0.853348 0.783919 0.744778 0.711668 0.784425 0.679262 0.650005 0.574826 0.436043 0.393773 0.386033 0.317303 0.287763
threshold=0.027800925925925927 0.039607843137254913 3.8986342592592598 0.24344554179186695 1.0000000180025095e-35 1.0000000180025095e-35 31582.470000000005 0.30151515151515157 30.395277777777782 0.15022569444444447 6.5000000000000009 4.3173928839014559 1.5463336143265562 202916.24000000005 1.7196581197618641 1021.215 1.0000000180025095e-35 33.184895833333343 11.416377314814817 6.5000000000000009 31.031759259259264 1.0000000180025095e-35 11.500000000000002 16.500000000000004 1.0000000180025095e-35 10.500000000000002 17.500000000000004 2.7962566456686622 0.0099424629060603665 56364.785000000011
decision_type=2 2 2 2 2 2 2 2 2 2 2 2 2 2 2 2 2 2 2 2 2 2 2 2 2 2 2 2 2 2
left_child=2 5 3 -1 12 8 -3 13 16 -7 19 20 -5 17 27 22 -2 18 -8 -10 29 23 -4 -22 -17 -13 -25 -14 -20 -12
right_child=1 6 15 4 -6 9 7 -9 10 -11 11 25 14 -15 -16 24 -18 -19 28 -21 21 -23 -24 26 -26 -27 -28 -29 -30 -31
leaf_value=0.048061758971101431 -0.045518687743606463 -0.032384198065995677 0.022188830975330618 -0.041216870666619873 0.0420521088991304 -0.029690962253910814 -0.0062870907090286955 -0.020149783621338017 0.044154468638616579 0.0342928659767818 -0.011218249718343499 -0.0097019427705504133 -0.0069467672768466805 0.0011921314695068307 -0.02465051053376334 0.056302081381738978 0.014063359776168592 -0.0090538461482630242 -0.00013268938669469153 -0.0082199228932029102 -0.01834883394582942 -0.042038073775290188 -0.020317382063771275 0.043852308992196894 0.018400333592298767 0.02598757452798274 -0.0077027255232147741 0.045078740154086895 0.065397751073458785 0.023862135827841968
leaf_weight=7.9605176888871965 21.917136937321633 2.125984050158876 1.3389005129574822 13.037937754415909 6.0602575791999689 1.4446832187240932 0.24732402485096638 1.2816372105153275 0.76945346873253473 3.7474120520055294 0.2883139261393789 0.71588874969165761 0.15830096637364366 1.401053436566144 0.83935697458218783 12.482168590067884 0.3032136126421382 0.2202015085495076 0.18614653608528886 0.66964544961228967 0.57847995625343163 5.2155364634818397 0.61954066978069011 0.065468698216136545 2.4490046216524197 1.2419082780834285 0.18186495715053752 0.51272487640380859 5.2913717839983292 0.24580602574860677
leaf_count=277 17887 1369 54 5823 56 410 129 441 22 62 251 61 74 263 154 291 36 116 74 32 560 4800 100 68 65 20 177 9 316 7
internal_value=0 -0.0166448 0.0216384 0.00553826 -0.0123514 -0.0277701 0.021104 0.0362788 -0.034832 0.0145698 -0.0119699 -0.0205327 -0.0362609 0.0473583 0.00589719 0.0470401 -0.044135 0.0564999 0.0599928 0.0264052 -0.0313324 -0.0358785 0.00641981 0.00474113 0.0516307 0.0140694 0.0301601 0.035993 0.0634941 0.00995683
internal_weight=0 48.1385 45.4587 28.5691 20.6086 37.3848 10.7537 8.62773 32.1927 5.1921 9.97237 8.53327 14.5483 7.3461 1.51038 16.8896 22.2204 5.94504 5.72484 1.4391 6.57547 6.04135 1.95844 0.825814 14.9312 1.9578 0.247334 0.671026 5.47752 0.53412
internal_count=34004 27101 6903 6393 6116 24393 2708 1339 23921 472 5998 5944 6060 898 237 510 17923 635 519 54 5863 5605 154 805 356 81 245 83 390 258
is_linear=0
shrinkage=0.05


Tree=63
num_leaves=31
num_cat=0
split_feature=22 3 30 10 23 19 21 6 30 30 4 36 2 36 23 19 23 33 21 3 23 10 30 36 36 0 36 36 9 2
split_gain=12.9281 12.6958 5.86751 4.11877 3.50403 3.31058 5.64845 3.94399 2.92119 2.70513 2.61623 2.26088 2.07578 2.05912 2.05896 1.94133 1.6059 1.5478 1.32841 2.57367 1.27795 1.25008 0.930796 0.899597 0.88417 0.734907 0.654004 0.928353 0.623337 0.583545
threshold=1.0000000180025095e-35 1.1134569685009248 6.5000000000000009 690.89000000000021 1.0000000180025095e-35 17.402025462962964 11.027870370370371 1.5000000000000002 18.500000000000004 20.500000000000004 1.0000000180025095e-35 44.750000000000007 0.24344554179186695 57.850000000000001 14.849513888888891 1.0000000180025095e-35 18.378292824074077 1.0000000180025095e-35 7.9919155092592602 -2.8212351170226846 15.436921296296299 6524.7250000000013 21.500000000000004 25.350000000000005 15.850000000000003 15173.920000000002 15.850000000000003 57.350000000000001 3.5000000000000004 0.16296717139927988
decision_type=2 2 2 2 2 2 2 2 2 2 2 2 2 2 2 2 2 2 2 2 2 2 2 2 2 2 2 2 2 2
left_child=1 2 13 29 15 6 7 17 12 14 -7 20 -5 16 -8 18 -1 21 19 -2 -10 22 -3 -18 -22 -19 -16 -28 -14 -4
right_child=4 5 3 8 -6 10 9 -9 11 -11 -12 -13 28 -15 26 -17 23 25 -20 -21 24 -23 -24 -25 -26 -27 27 -29 -30 -31
leaf_value=-0.02037906265725431 0.037771096463317444 -0.034304648340665871 0.003445521606823581 0.02898791253909408 0.049284025179457867 -0.039171149976258257 0.0030154556493103574 0.041076156673661122 -0.013113853791911354 -0.019983601200977783 0.028191643351432923 -0.023745172966776047 -0.038763848108242689 -0.027534984571061079 -0.0041371042544449173 -0.030337834193068521 -0.0066362231745183175 -0.014006549477577405 0.038301933287344971 -0.025947294345954899 -0.008397323148479267 0.013495614486025688 0.012788573318904954 0.0492389114995588 0.068599567891233545 0.030961705612490176 0.089272580948307353 0.034977453475512864 0.010186851065335633 -0.047844845906967894
leaf_weight=0.67785160604398598 1.6904710829257963 6.6664116580504977 0.43571894697379931 0.75581978820264151 14.257643131539224 3.4436824548174618 1.5094958588597327 4.0205355822108677 0.35171950131189156 0.73752458678791377 1.2871607044944537 0.89225062355399121 5.5932034747092985 1.2054514311021192 0.19148920313455153 1.523840446374378 0.59782175836153317 0.64745382755063419 3.6753485463559628 2.8561949513386953 0.19926520023727778 1.5607511247508226 0.69066244148416434 3.4918415780412033 1.7127030735136939 1.8249560348922385 3.7622840591939166 3.4484541520942003 0.31740749685559411 21.539847017091233
leaf_count=187 14 1538 139 176 337 1693 315 42 144 41 39 400 3612 347 77 432 108 219 32 84 91 59 51 100 88 42 146 227 44 23206
internal_value=0 -0.00777181 -0.0267138 -0.0351049 0.0342364 0.0163318 0.0235017 0.00388776 -0.00719792 0.0515203 -0.019122 0.027277 -0.0249477 0.0165854 0.0588571 0.00968478 0.0305811 -0.0114948 0.0195878 0.00028201 0.0485014 -0.0208527 -0.0288824 0.0413721 0.060447 0.0185434 0.0685304 0.070729 -0.0350414 -0.0467222
internal_weight=0 67.5618 37.7709 31.7979 24.0035 29.7909 25.06 15.4108 9.82237 9.64925 4.73084 3.15594 6.66643 5.97297 8.91172 9.74586 4.76751 11.3902 8.22201 4.54667 2.26369 8.91783 7.35707 4.08966 1.91197 2.47241 7.40223 7.21074 5.91061 21.9756
internal_count=34030 33131 28642 27900 899 4489 2757 1951 4555 806 1732 723 3832 742 765 562 395 1909 130 98 323 1648 1589 208 179 261 450 373 3656 23345
is_linear=0
shrinkage=0.05


Tree=64
num_leaves=31
num_cat=0
split_feature=36 38 19 19 45 39 0 36 32 13 3 3 15 0 15 38 12 3 25 0 24 36 3 32 24 12 19 22 19 43
split_gain=12.5557 11.4419 7.61945 6.93501 3.90547 4.90611 3.50688 3.29374 3.06653 3.01623 1.98598 1.9579 2.29067 2.51115 1.70441 1.65202 1.63044 1.11959 1.03463 1.01262 0.970414 0.865061 1.14454 0.791329 0.723189 0.738066 0.682971 0.656544 0.63108 0.587827
threshold=59.45000000000001 1.0000000180025095e-35 0.21398148148148152 23.137812500000006 1.0000000180025095e-35 1.0000000180025095e-35 29395.065000000006 682.20000000000016 0.057983193277310933 5.5000000000000009 -1.8472538085375902 0.80203339531218354 80277.500000000015 2799.5800000000004 52945.000000000007 2.2088746428442723 4097.9000000000005 -2.3083771779771443 1.0000000180025095e-35 1021.215 2.5000000000000004 43.750000000000007 0.20085936580024027 0.057983193277310933 1.5000000000000002 108348.12500000001 16.075364583333336 1.0000000180025095e-35 20.02514467592593 1.0000000180025095e-35
decision_type=2 2 2 2 2 2 2 2 2 2 2 2 2 2 2 2 2 2 2 2 2 2 2 2 2 2 2 2 2 2
left_child=1 6 7 4 9 -6 -1 8 15 -3 -5 16 14 -14 26 18 17 -11 24 -19 -4 22 28 -23 25 29 -13 -12 -18 -2
right_child=2 3 20 10 5 -7 -8 -9 -10 11 27 12 13 -15 -16 -17 21 19 -20 -21 -22 23 -24 -25 -26 -27 -28 -29 -30 -31
leaf_value=-0.044469279388040982 -0.044819645805112884 -0.013409603595490342 -0.047962699289935927 0.025609563560842482 -0.041586445323212776 0.038592210654487459 0.01618175555424399 0.043470938427725758 0.031851679655706483 0.031964389657619878 -0.039250992934786476 0.052570390955757509 -0.010592580709564058 0.12169580261078208 -0.0087118587088582684 0.023566256604282208 0.05477895456388774 -0.027687587855326292 0.016508999595071273 0.01197710478756947 0.012481835173609415 -0.011303550331632599 -0.0066895418206591424 0.030542717550527176 0.0097478769498561286 0.0067383887493152579 0.0081407404933253585 0.008606584439890699 -0.0059470656859561856 0.0086607375585610359
leaf_weight=7.6777093997225148 6.5212062481441535 2.0445321880397378 14.84818477631779 1.0420839312719179 3.0014233233523546 2.653900632460136 2.6899888419429772 2.9044107827357939 2.5644461987540117 1.9906813535490036 4.3201305557740843 12.373722642136274 0.24359970423392852 1.4704513322212731 1.0976908389711741 0.97160330135375339 7.6274498514248972 1.8909430855419547 0.54262735531665374 2.7384856339776888 0.31018573790788728 1.5084845001692877 0.67124263948062424 1.2307675543706862 0.48344388639088709 0.57912932941690076 1.3587911776266981 0.46017252397723485 0.25563171308021981 0.23662527359556396
leaf_count=6698 2084 921 12891 140 1213 101 104 59 178 103 3317 677 96 117 236 39 1081 1430 20 952 7 550 367 52 44 11 210 57 122 14
internal_value=0 0.0170043 -0.022281 0.027263 0.0342766 -0.00381542 -0.0286937 0.00341102 -0.00897912 0.0401226 -0.0211006 0.0435875 0.0565119 0.105919 0.0444713 -0.0221929 0.0292943 0.00791699 -0.0294583 -0.00626476 -0.0460299 0.040162 0.0475131 0.0106382 -0.0341579 -0.0378731 0.0490252 -0.0339521 0.0523619 -0.042072
internal_weight=0 58.3479 29.9619 47.9802 42.1578 5.65532 10.3677 14.8035 11.8991 36.5025 5.82239 34.4579 16.5443 1.71405 14.8302 9.33464 17.9137 6.62011 8.36303 4.62943 15.1584 11.2936 8.55432 2.73925 7.8204 7.33696 13.7325 4.7803 7.88308 6.75783
internal_count=33891 18544 15347 11742 8228 1314 6802 2449 2390 6914 3514 5993 1336 213 1123 2212 4657 2485 2173 2382 12898 2172 1570 602 2153 2109 887 3374 1203 2098
is_linear=0
shrinkage=0.05


Tree=65
num_leaves=31
num_cat=0
split_feature=22 3 15 15 17 37 33 30 32 13 14 15 0 10 15 24 33 30 14 38 13 6 37 13 32 2 13 17 14 0
split_gain=9.92796 10.0757 4.34665 3.60398 2.59659 2.75652 3.15932 2.20101 1.95892 2.86543 1.79427 1.55469 1.52801 1.4479 1.39729 1.72616 1.91789 1.38303 1.35443 1.16618 1.01831 0.97624 0.942732 1.14093 0.939532 0.882904 0.869174 1.10734 0.828683 0.793508
threshold=1.0000000180025095e-35 1.1134569685009248 614.00000000000011 182.50000000000003 9.5000000000000018 767.50000000000011 1.0000000180025095e-35 6.5000000000000009 0.084523809523809543 22.500000000000004 552762.34500000009 172797.50000000003 1156.6200000000001 8795.9550000000017 1132.5000000000002 1.5000000000000002 1.0000000180025095e-35 21.500000000000004 30499.280000000002 0.40060834758500879 24.500000000000004 2.5000000000000004 71.750000000000014 24.500000000000004 0.10620300751879701 5.7313164596176085 6.5000000000000009 13.500000000000002 166870.17000000001 3536.2400000000002
decision_type=2 2 2 2 2 2 2 2 2 2 2 2 2 2 2 2 2 2 2 2 2 2 2 2 2 2 2 2 2 2
left_child=1 2 3 -1 5 6 11 12 10 -10 -9 13 18 17 -2 16 25 21 -4 -18 -5 -3 -6 -24 -11 26 -16 -28 -15 -8
right_child=14 4 7 20 22 -7 29 8 9 24 -12 -13 -14 28 15 -17 19 -19 -20 -21 -22 -23 23 -25 -26 -27 27 -29 -30 -31
leaf_value=-0.03569342439919735 0.044788274404600571 -0.039390491990259846 -0.019213384560332527 0.036335477645423879 0.00062333739854743449 0.043607401632928137 -0.014854420412492875 -0.045441966079286328 -0.027407436716485906 0.085243544077182792 0.025592734620302399 0.03478383417628924 -0.025877832673058571 0.030456087688583069 0.014058957524272797 0.04229925753719118 -0.01158651484693716 0.01589057778174514 0.043409527961873758 0.039760548293682405 -0.0080093503228931967 0.01506855351143053 0.06059809720269408 0.016858724754778544 -0.0073234605599821478 0.021641947061226692 -0.039246701408420355 0.018739472202438618 -0.019049403189461259 0.033590408585611985
leaf_weight=2.4466363135143165 10.235402876976879 8.2169620223576221 0.61956289689988242 4.6476916816318408 1.5902614697697552 2.6982403130969024 0.41941993997897853 20.689933398098226 1.20561651024036 0.10830405948217947 0.319178651785477 0.42990736599313173 1.853122830041684 1.1970322878914892 0.76341209176461955 3.8903354406356803 1.0029218960553405 0.92722175753442648 1.4940775077557189 3.0704253173898906 1.2702768859453497 0.3927193274721511 3.6463736980804242 3.7739797058166005 0.1710733047220856 0.60795685276389111 3.4248199936700989 0.38595192704815406 0.531519591633696 4.2256997945369221
leaf_count=1302 318 2959 226 501 175 51 247 24721 900 21 169 144 413 32 70 81 33 81 44 53 196 6 172 318 81 7 372 12 45 246
internal_value=0 -0.0063201 -0.0239801 0.00683487 0.0156769 0.00457842 -0.0040094 -0.0336153 -0.0394321 0.0102411 -0.043249 -0.0176422 0.000667801 -0.0223156 0.0311966 0.0181959 0.00492799 -0.029558 0.0247779 0.0273262 0.0270351 -0.0355969 0.0363274 0.0429964 0.0671416 -0.0142502 -0.0220473 -0.0306994 0.013831 0.0273597
internal_weight=0 62.8748 34.8255 8.3646 28.0493 19.0387 16.3405 26.4609 22.4941 1.48499 21.0091 11.6954 3.96676 11.2655 23.3812 13.1458 9.25549 9.5369 2.11364 4.07335 5.91797 8.60968 9.01061 7.42035 0.279377 5.18214 4.57418 3.81077 1.72855 4.64512
internal_count=33996 33050 28574 1999 4476 3811 3760 26575 25892 1002 24890 3267 683 3123 946 628 547 3046 270 86 697 2965 665 490 102 461 454 384 77 493
is_linear=0
shrinkage=0.05


Tree=66
num_leaves=31
num_cat=0
split_feature=33 19 14 23 20 22 4 2 2 38 38 13 3 2 30 10 14 0 19 37 11 3 0 37 30 2 23 19 22 10
split_gain=10.211 6.28263 5.23387 3.61955 5.85883 3.56689 3.52884 2.20167 2.3704 2.02384 1.56059 1.20795 1.18999 1.16697 1.26816 1.26067 1.11899 1.10662 1.00729 0.83282 0.752553 0.746331 0.858923 0.70762 0.689044 0.629119 0.596135 2.42975 1.69163 0.738191
threshold=1.0000000180025095e-35 13.223767361111113 29174.240000000002 15.024895833333336 1.5000000000000002 1.0000000180025095e-35 1.0000000180025095e-35 4.8000462868304981 0.24344554179186695 0.32957921763083442 0.10846262257064267 27.500000000000004 4.641437745208993 0.16296717139927988 19.500000000000004 1973.9200000000003 300907.25500000006 35003.370000000003 32.745989583333341 103.95000000000002 12.500000000000002 2.3159627611228468 1853.5800000000002 666.85000000000014 11.500000000000002 0.25580276569398636 30.395277777777782 0.90694444444444455 1.0000000180025095e-35 81.27500000000002
decision_type=2 2 2 2 2 2 2 2 2 2 2 2 2 2 2 2 2 2 2 2 2 2 2 2 2 2 2 2 2 2
left_child=1 2 7 5 9 12 13 8 -1 -5 17 19 16 -3 20 -16 -4 25 26 21 -15 22 -11 -9 -7 -2 27 -12 29 -29
right_child=10 6 3 4 -6 24 -8 23 -10 11 18 -13 -14 14 15 -17 -18 -19 -20 -21 -22 -23 -24 -25 -26 -27 -28 28 -30 -31
leaf_value=0.027117026150494085 0.01461008758967617 0.011618358009920414 -0.041712288512861379 -0.017676650463154222 0.088608084191742625 -0.0097382679472228072 0.024479064245040993 -0.005594547513562329 -0.035361745343306453 -0.0022115928654915661 0.040291250964754492 -0.014459740356736646 0.014803447589790167 -0.04731033577633928 -0.024344813435398613 0.03184217937065198 0.0072168045196745112 0.024672236515588818 -0.015996423608899753 0.010876271940054499 0.0093083652364281348 0.0010012250839916388 0.080523852147882574 0.032384258429136246 0.031588282894427604 -0.028252277315648416 0.056966227388720203 -0.031273078933999852 0.028913761129748486 0.010211192111098459
leaf_weight=0.99249323672847722 0.48285535245668443 0.71567998774117469 4.6430687054526079 2.9939251912292075 2.7830580665613516 0.734421225497499 1.8625167657155532 2.0447781351394942 11.215077262080738 0.30846840364392836 12.06461250106805 0.81732961389934633 1.0387198859825728 14.759917988383677 1.6187749942182557 0.62219681293936435 1.1394720835960468 1.6151698654284699 0.4582234668196169 2.4039029178093188 0.29845203179866153 0.52620571199804533 1.0560729910503139 1.3587620202451947 4.9133275435306132 2.0455533149652183 3.0629136984935021 2.3876569332787763 2.0563496656250209 0.98944903665687878
leaf_count=219 30 107 3236 1114 118 34 57 107 8419 51 558 232 13 13488 1367 123 321 23 265 448 26 14 101 22 157 1153 279 1783 74 152
internal_value=0 -0.00926519 0.00253006 0.01723 0.0369714 -0.00147475 -0.0314029 -0.0191777 -0.0286136 0.0114587 0.028185 0.0286226 -0.0242627 -0.0381639 -0.0407457 -0.00373323 -0.0324281 2.77859e-05 0.0334824 0.0380042 -0.0456784 0.056801 0.0687952 0.0134784 0.0255578 -0.018246 0.0352758 0.0286047 0.000426326 -0.0195627
internal_weight=0 58.8466 38.9691 23.358 10.889 12.469 19.8775 15.6111 12.2076 8.1059 25.1628 5.11198 6.82126 18.015 17.2993 2.24097 5.78254 4.14358 21.0192 4.29465 15.0584 1.89075 1.36454 3.40354 5.64775 2.52841 20.561 17.4981 5.43346 3.37711
internal_count=34091 29774 14606 5839 2078 3761 15168 8767 8638 1960 4317 846 3570 15111 15004 1490 3557 1206 3111 614 13514 166 152 129 191 1183 2846 2567 2009 1935
is_linear=0
shrinkage=0.05


Tree=67
num_leaves=31
num_cat=0
split_feature=22 3 30 32 23 17 2 21 19 14 14 12 3 2 32 30 21 19 14 10 10 30 24 23 21 10 19 2 17 13
split_gain=9.77989 7.80818 3.68205 3.6486 2.96708 2.49997 2.57298 2.99228 4.12873 2.23629 1.94934 2.10943 1.8913 1.97476 1.78779 1.40357 1.37886 1.13055 1.10529 0.943482 1.47646 1.44196 1.12121 0.925008 0.902094 0.880896 0.834021 1.37558 0.79582 0.824194
threshold=1.0000000180025095e-35 1.3050628776973909 6.5000000000000009 0.084523809523809543 1.0000000180025095e-35 9.5000000000000018 19.249882541093541 10.095422453703707 13.223767361111113 404017.0400000001 46722.220000000016 8811.885000000002 2.4965913171622796 0.12813749444333472 0.22474747474747478 21.500000000000004 18.53696180555556 0.21398148148148152 30499.280000000002 690.89000000000021 698.96500000000003 19.500000000000004 1.5000000000000002 15.024895833333336 11.712980324074076 1463.2100000000003 6.9852141203703715 5.7313164596176085 13.500000000000002 6.5000000000000009
decision_type=2 2 2 2 2 2 2 2 2 2 2 2 2 2 2 2 2 2 2 2 2 2 2 2 2 2 2 2 2 2
left_child=1 2 14 9 12 6 7 -3 15 19 -5 24 13 -2 18 23 28 -11 -1 -4 -21 22 -22 -9 -12 -23 -7 -28 29 -15
right_child=4 5 3 10 -6 26 -8 8 -10 17 11 -13 -14 16 -16 -17 -18 -19 -20 20 21 25 -24 -25 -26 -27 27 -29 -30 -31
leaf_value=-0.017726494804064814 0.034468919888146043 -0.035403802892193081 -0.044893287354848176 -0.024660416976342765 0.045581515139487327 0.046789952443010589 0.03114923375609471 -0.00074491861615913306 -0.031787684225206975 0.041434277400254488 -0.0077518207981258375 -0.016342527247268885 0.039816043488899687 0.0055483701608865874 -0.027299706761209436 -0.021811219886614705 0.014897210315046268 -0.018978421589430191 0.036184322452180374 0.039184837208037587 -0.041926786289014827 0.031833867127992126 0.015663784328422123 0.054658389225882786 0.076165410927638622 -0.019257765095995444 -0.021286845988883907 0.032054310245136684 0.015859391998188792 -0.04491313190020696
leaf_weight=0.54500497237313439 1.4409278426319376 5.1867871434660682 18.002810469188272 0.96613684511976261 12.632344013079999 4.7685217742109662 4.4198814716655752 0.88124664884526271 2.6284343968727626 0.73298328032251336 0.17594860092503939 0.68010859104106192 2.3465774450451136 0.74488260480575252 1.1860527455573899 0.3125575758749618 1.6715852078050373 0.60815524240024388 3.7661594378296286 0.11510371358599414 5.0767492582672276 0.94508271943777777 0.45633503963472311 3.2972524451324716 1.0799985766643656 0.61821959761437029 1.2566112160566265 1.7345140222460029 0.27515005809254933 3.3470156784169376
leaf_count=159 14 1209 22965 719 343 128 72 194 1263 92 47 201 23 56 515 9 221 479 122 20 3905 149 38 113 133 263 333 19 7 253
internal_value=0 -0.00763962 -0.0225441 -0.0294167 0.030404 0.0136871 0.00221711 -0.00973407 0.0110243 -0.0351774 0.018801 0.0415016 0.00848401 -0.00488214 0.0131432 0.0373063 -0.0178351 0.0176344 0.0273147 -0.038552 -0.0191823 -0.0248519 -0.0355065 0.0450863 0.0661843 0.0119987 0.0353354 0.00992623 -0.0308053 -0.0364416
internal_weight=0 59.4407 34.9548 29.4576 22.4585 24.4858 16.7262 12.3063 7.11949 26.5554 2.90219 1.93606 9.82614 7.47956 5.49722 4.49106 6.03863 1.34114 4.31116 25.2143 7.21149 7.09639 5.53308 4.1785 1.25595 1.5633 7.75965 2.99113 4.36705 4.0919
internal_count=34064 33147 29807 29011 917 3340 2860 2788 1579 27911 1100 381 574 551 796 316 537 571 281 27340 4375 4355 3943 307 180 412 480 352 316 309
is_linear=0
shrinkage=0.05


Tree=68
num_leaves=31
num_cat=0
split_feature=22 2 36 37 37 45 14 36 14 36 37 0 36 3 9 17 0 19 21 10 2 37 36 37 0 10 21 2 2 21
split_gain=11.0269 6.89359 4.09585 5.33304 2.14396 3.21185 3.45233 2.1059 2.10313 2.05303 3.40894 3.41621 1.93436 1.91131 1.53807 1.48187 1.26082 1.18982 1.28064 1.15803 1.15455 1.05903 1.29897 0.986366 0.838486 0.754642 0.746034 0.513613 0.626098 0.452932
threshold=1.0000000180025095e-35 2.184532917163279 57.850000000000001 144.65000000000001 502.35000000000008 1.0000000180025095e-35 34880.375000000007 25.350000000000005 30499.280000000002 15.850000000000003 74.550000000000011 1752.0950000000003 60.050000000000004 0.83012813585020639 1.5000000000000002 6.5000000000000009 2717.8000000000006 21.025092592592596 8.0862037037037044 719.22000000000014 3.973382124839397 77.750000000000014 58.850000000000001 37.850000000000001 35003.370000000003 1764.1700000000003 6.4998206018518525 19.249882541093541 2.3119492112865339 9.0861226851851864
decision_type=2 2 2 2 2 2 2 2 2 2 2 2 2 2 2 2 2 2 2 2 2 2 2 2 2 2 2 2 2 2
left_child=1 2 3 9 5 6 7 20 -5 -1 11 -11 23 25 -12 27 26 18 -13 -16 -3 -17 -23 -2 -24 -14 -10 28 -8 -6
right_child=12 4 -4 8 29 -7 15 -9 16 10 14 17 13 -15 19 21 -18 -19 -20 -21 -22 22 24 -25 -26 -27 -28 -29 -30 -31
leaf_value=-0.043185098433686023 -0.0018434560523773399 -0.019488901056556492 -0.046206462056052638 -0.021638200971888778 -0.00145363428594952 -0.041086332103611484 0.017051695666895145 -0.036245277300890381 -0.0076758413358199691 -0.022911672646484551 -0.034517909791386234 -0.0090327581929020052 -0.038941221290851841 0.025741312590348581 0.04613599157282286 -0.00063005008818238614 -0.0058316816268374917 -0.010054083184755765 0.084615536088475274 -0.017031210514877285 0.038192421560739098 0.052086425165094742 -0.021454808683940257 0.042798596087822889 0.022200423917684693 0.012672935935932534 0.065006978222474643 0.015316591788579177 -0.027594835905870304 0.050034150092155866
leaf_weight=6.244386345788377 1.2502348851412595 0.63141587254359421 11.859913999855051 0.75747414561919768 0.4224325106479222 2.4069313596701241 0.33901322109159027 4.0357395901228301 0.17291693459265012 1.3042652414878815 6.2547336000134237 0.21995707234600548 1.5568396992748592 2.9693029641639441 0.42811292567057513 1.9338649201090437 0.69608693255577225 0.25034200481604774 1.3805871432996353 0.7027012353646569 1.2552072250982744 5.6776270609116164 0.7276466605253521 15.537345446296966 2.2988676941604353 0.4303109754109754 2.7195961443358101 1.1252095540985467 1.6871994677931068 2.5625786819728091
leaf_count=7119 144 526 13668 656 24 580 74 1367 42 1089 5338 216 185 84 35 195 273 242 209 198 91 195 243 504 50 23 225 14 356 78
internal_value=0 -0.00912565 -0.0238493 -0.00978046 0.0103964 0.004118 0.0113549 -0.0185174 0.0345818 -0.0225655 -0.00766682 0.030095 0.0318484 0.00348107 -0.025464 0.0245693 0.0485781 0.062382 0.0732212 0.0173119 0.0188238 0.0328351 0.039569 0.0395572 0.00898294 -0.0272635 0.0598062 -0.0045212 -0.0169586 0.0442114
internal_weight=0 58.0948 32.9911 21.1312 25.1037 22.1187 19.7118 5.92236 4.34607 16.7851 10.5407 3.15515 21.744 4.95645 7.38555 13.7894 3.5886 1.85089 1.60054 1.13081 1.88662 10.638 8.70414 16.7876 3.02651 1.98715 2.89251 3.15142 2.02621 2.98501
internal_count=34043 33103 29310 15642 3793 3691 3111 1984 1196 14446 7327 1756 940 292 5571 1127 540 667 425 233 617 683 488 648 293 208 267 444 430 102
is_linear=0
shrinkage=0.05


Tree=69
num_leaves=31
num_cat=0
split_feature=2 2 30 10 21 37 19 21 24 6 2 19 21 19 17 16 23 17 19 2 38 14 21 21 14 37 0 14 14 13
split_gain=8.17479 10.0599 5.32711 3.78647 3.55671 2.87497 1.95282 2.43126 1.92109 1.93067 1.83233 1.37321 1.33343 1.31216 1.23552 1.05571 1.00483 0.86464 0.761065 0.71902 0.676457 0.646317 0.595854 1.46458 0.590735 0.531186 0.506458 0.379385 0.333078 0.304621
threshold=3.973382124839397 0.12813749444333472 6.5000000000000009 1135.8150000000003 5.2896122685185194 480.25000000000006 13.223767361111113 5.5592071759259269 1.5000000000000002 1.5000000000000002 19.249882541093541 23.137812500000006 16.491927083333337 18.2897337962963 14.500000000000002 5.5000000000000009 15.024895833333336 9.5000000000000018 1.951041666666667 2.0948753605012675 2.9674897060337968 121778.14 37.064629629629643 37.188472222222224 139749.715 73.550000000000011 1530.3450000000003 31582.470000000005 144542.26500000004 10.500000000000002
decision_type=2 2 2 2 2 2 2 2 2 2 2 2 2 2 2 2 2 2 2 2 2 2 2 2 2 2 2 2 2 2
left_child=1 -1 12 5 10 8 7 15 9 14 17 -6 21 -14 20 -5 18 -2 -9 -7 22 -3 -4 -24 -16 -18 27 -15 -26 -12
right_child=4 2 3 6 11 19 -8 16 -10 -11 29 -13 13 26 24 -17 25 -19 -20 -21 -22 -23 23 -25 28 -27 -28 -29 -30 -31
leaf_value=0.044779057116804924 -0.037296625311681909 -0.0237772265480822 -0.046520116658672117 -0.031057893513914567 0.046548203509234387 -0.009245008535958105 -0.026564600926402799 0.023950601120684506 0.011273732538942517 0.015993961266028939 0.032288489078225069 -0.0051753436199292839 0.049985015589574827 -0.011872180934073804 -0.014726120730934955 0.02106895408552303 -0.0070807772878647398 0.0094048408328344518 -0.019409935627188752 0.037749134983498203 0.0087795797278402022 0.015335719334344286 0.044336583529332091 -0.027397442826398912 0.046185593051325351 0.053501836600987888 -0.018056919749839931 0.025008437269392888 -0.0061309590655357045 0.0052522024464430692
leaf_weight=6.707725796615704 2.331372858490798 1.5229079959681251 23.977925040118883 2.3131142178317519 12.185538876801727 0.85007851751288288 3.2480045445263386 1.0949278750922533 1.5773047855473112 1.0118052214384068 1.4983788977842776 1.212831342127173 2.8643339354312047 0.30989720835350487 0.41276033251779054 0.57127492100698862 0.16210172040155191 0.92863181617576618 0.97969708137679834 0.95328221569070593 0.29644232412101601 0.93517556355800469 0.060007910884450122 1.2095476189278995 0.03932941920356825 2.6570447930716909 0.8692028714576735 1.302835270296782 0.1394714210764505 2.6118425831664354
leaf_count=258 174 428 24756 1191 371 513 1967 39 451 50 21 161 89 122 315 47 49 28 556 67 65 47 81 1596 10 165 202 39 111 46
internal_value=0 -0.00864327 -0.0166483 -0.0237232 0.0273715 -0.0325444 0.00137527 0.0147395 -0.036424 -0.0394974 -0.000773155 0.0418319 0.0194376 0.0317424 -0.0421559 -0.0179676 0.0337948 -0.0249085 0.00382128 0.020201 -0.0438568 -0.0087651 -0.0447858 -0.00596541 0.0126992 0.0490764 0.00237998 0.01609 0.0347947 0.019498
internal_weight=0 56.0662 49.3585 41.5541 20.7686 30.528 11.0262 7.77816 28.7246 27.1473 7.37023 13.3984 7.80435 5.34627 26.1355 2.88439 4.89377 3.26 2.07462 1.80336 25.5439 2.45808 25.2475 1.26956 0.591561 2.81915 2.48194 1.61273 0.178801 4.11022
internal_count=34015 33214 32956 32029 801 28015 4014 2047 27435 26984 269 532 927 452 26934 1238 809 202 595 580 26498 475 26433 1677 436 214 363 161 121 67
is_linear=0
shrinkage=0.05


Tree=70
num_leaves=31
num_cat=0
split_feature=33 2 15 6 21 19 2 19 37 6 19 30 42 17 12 17 19 15 10 10 37 24 31 17 30 12 1 21 19 10
split_gain=10.0471 5.92516 4.65949 3.46895 2.80532 2.44926 1.84986 1.68983 1.39115 1.32464 1.26197 1.23023 1.23015 1.2167 1.17303 1.13547 1.00414 0.927947 0.924712 1.16877 0.884125 0.884123 0.589969 1.4508 1.50089 0.58206 0.560418 0.536806 0.505489 0.440264
threshold=1.0000000180025095e-35 3.5876276440757437 758.50000000000011 1.0000000180025095e-35 3.8986342592592598 0.027800925925925927 0.22769621361073847 6.4836111111111121 60.550000000000004 1.0000000180025095e-35 30.700000000000003 18.500000000000004 1.0000000180025095e-35 5.5000000000000009 47083.44000000001 7.5000000000000009 0.98817129629629641 419.50000000000006 4617.5150000000003 4692.9300000000003 66.250000000000014 1.5000000000000002 1.0000000180025095e-35 5.5000000000000009 18.500000000000004 2794.7200000000007 8.0469831408658106 33.047112268518525 16.67264467592593 2102.4750000000008
decision_type=2 2 2 2 2 2 2 2 2 2 2 2 2 2 2 2 2 2 2 2 2 2 2 2 2 2 2 2 2 2
left_child=1 2 5 6 9 20 -4 -6 14 17 22 -7 18 -5 -2 -9 -15 -3 21 -20 -1 -8 23 24 -10 -22 -27 -17 -25 -13
right_child=8 4 3 13 7 11 12 15 10 -11 -12 29 -14 16 -16 27 -18 -19 19 -21 25 -23 -24 28 -26 26 -28 -29 -30 -31
leaf_value=-0.014980377249365429 -0.025402439538652552 0.016091794966321734 0.012893476329519607 -0.020381666817904834 0.047029456694986024 -0.030832287846866063 -0.04754813445095931 -0.022743645402829422 -0.026552392521784048 0.014575115364736419 -0.016388885474955931 0.023179104301724374 0.019270589256327436 0.051130549015299925 0.024888819100729553 0.027181479680774546 -0.013260098499698746 -0.039354810980117678 0.043842870314878137 -0.022314982665347212 -0.005586632293676284 0.00094864551612604091 0.045525674866837194 0.038749719197236604 0.023921095008666095 0.046165100563437429 -0.0016739010199068758 -0.012974681874335868 0.00038814016158435243 -0.013315196057462517
leaf_weight=0.5026943717384692 1.7079822832602105 0.36032975884154383 1.2022318751551271 0.64375959843164254 4.9108957857242768 3.6342036608839408 20.730012686050042 1.4258590854005886 1.9577738828957136 1.8838164862245319 0.75239265745039929 1.3842363987350834 0.27418337657581915 1.2387641624081878 1.0491846382501533 2.8757450041593988 0.35877968161366869 2.7908866660436615 0.064224477915557965 0.80383051425451413 0.55840101308422152 0.94180776638677244 7.8561304917093358 6.8621089146472514 1.9374716313323004 3.3880395711748861 0.63207384548149992 0.41851083713117976 0.98689174157334481 0.478062460257206
leaf_count=171 929 5 316 101 124 1685 24524 296 1038 22 373 214 24 31 47 153 143 240 17 779 103 402 228 1012 305 172 44 45 425 109
internal_value=0 -0.0118713 -0.0224063 -0.0333513 0.0143297 0.00529689 -0.0388557 0.0291371 0.0271187 -0.0141288 0.0314535 -0.0165165 -0.0420096 0.0194209 -0.0047343 0.00555424 0.0371319 -0.0306656 -0.043542 0.00342935 0.0277289 -0.0454917 0.0339964 0.023317 -0.00168907 0.0342629 0.0398083 0.0202465 0.0345153 0.0124319
internal_weight=0 51.5013 36.8353 26.2576 14.666 10.5777 24.0163 9.63101 23.1099 5.03503 20.3528 5.4965 22.8141 2.2413 2.75717 4.72011 1.59754 3.15122 22.5399 0.868055 5.08121 21.6718 19.6004 11.7442 3.89525 4.57851 4.02011 3.29426 7.849 1.8623
internal_count=34077 29720 28835 26337 885 2498 26062 618 4357 267 3381 2008 25746 275 976 494 174 245 25722 796 490 24926 3008 2780 1343 319 216 198 1437 323
is_linear=0
shrinkage=0.05


Tree=71
num_leaves=31
num_cat=0
split_feature=36 37 19 21 37 15 3 0 33 37 45 12 14 19 19 14 14 19 21 2 0 2 23 29 14 3 15 17 14 3
split_gain=9.18642 12.3003 5.85808 6.0352 4.12098 3.24928 2.76976 2.58469 2.45463 2.2532 2.12408 1.6943 1.3009 1.16841 0.902491 0.770062 0.722992 0.693503 1.29868 0.770495 0.646644 0.643736 0.62406 0.593771 0.584416 0.542059 0.51315 0.686699 0.488174 0.413473
threshold=59.45000000000001 150.25000000000003 0.21398148148148152 11.027870370370371 43.050000000000004 758.50000000000011 4.641437745208993 8425.6500000000033 1.0000000180025095e-35 46.650000000000013 1.0000000180025095e-35 108348.12500000001 7687.4050000000016 23.137812500000006 21.025092592592596 433389.30000000016 34880.375000000007 6.4836111111111121 5.2896122685185194 8.8199967649303783 35003.370000000003 0.32566746224595483 35.057256944444454 1.0000000180025095e-35 466359.55500000005 4.641437745208993 64639.000000000007 4.5000000000000009 11109.660000000002 3.4357288626039613
decision_type=2 2 2 2 2 2 2 2 2 2 2 2 2 2 2 2 2 2 2 2 2 2 2 2 2 2 2 2 2 2
left_child=1 4 3 11 6 14 15 8 9 -7 17 22 -3 26 28 -1 21 18 20 -19 -9 -10 23 24 -2 -24 -14 -28 -6 -4
right_child=2 12 29 -5 5 7 -8 10 16 -11 -12 -13 13 -15 -16 -17 -18 19 -20 -21 -22 -23 25 -25 -26 -27 27 -29 -30 -31
leaf_value=-0.043441132760281817 -0.04383796713167034 -0.0083319747610947972 -0.046926742977725186 0.041209547966886112 -0.0040112910373807957 0.044286318212575809 0.030895874554400016 -0.019670321505387511 0.01865928225358001 -0.039969059125379035 -0.031919490462858795 0.020744283742751644 0.047885744140939192 0.0030096245041708208 -0.0070596860396622803 0.0040996696622263825 0.025039729670308871 -0.022511894541855555 0.060916663263709828 0.023181875742509 0.02071507272207351 -0.024244989398565585 -0.019582070759290249 0.01022144705379764 0.009571586036370849 0.022492568667240736 0.00889670693408455 0.10776314124025757 0.039055790831559897 0.0012892282087122388
leaf_weight=6.9849329003482108 5.6158445441396925 0.55262125475564872 11.743711759336289 4.8860464934841721 0.52076241094619202 0.06056875223294067 0.93073806446045626 0.61549133021617253 0.50515395187539969 7.1134051327244379 0.87319215713068832 1.1277931779040953 10.121514629165175 1.0352427942561906 1.0454121491638932 0.77061058458639298 2.4222147193504497 0.80451972590526544 1.9682335320976561 0.88964312151074409 1.7500427525374105 1.3313468742999246 0.55218049534596481 0.23659455153392617 0.20782951323781151 0.51510788127779961 0.40160108520649274 1.160824525170028 7.8144442581105977 0.40612365491688329
leaf_count=6911 2092 169 13005 130 130 78 11 181 31 7243 168 18 657 333 236 159 322 471 54 13 33 766 146 11 7 4 62 149 494 15
internal_value=0 0.0146857 -0.0217429 0.00173675 -0.000719677 0.00881255 -0.0289031 -0.00365513 -0.0177004 -0.0339268 0.0189082 -0.0235541 0.0540281 0.0571473 0.0311845 -0.0387886 0.0108872 0.0297651 0.0386228 0.00118119 0.00748473 -0.0100259 -0.0322533 -0.0376508 -0.0408086 0.00178193 0.0613286 0.0957401 0.0362236 -0.0453396
internal_weight=0 49.6725 25.2912 13.1414 36.4007 27.7144 8.68628 18.3338 11.4327 7.17397 6.90112 8.25535 13.2718 12.7192 9.38062 7.75554 4.25872 6.02793 4.33377 1.69416 2.36553 1.8365 7.12756 6.06027 5.82367 1.06729 11.6839 1.56243 8.33521 12.1498
internal_count=34099 18671 15428 2408 17301 10220 7081 9360 8440 7321 920 2278 1370 1201 860 7070 1119 752 268 484 214 797 2260 2110 2099 150 868 211 624 13020
is_linear=0
shrinkage=0.05


Tree=72
num_leaves=31
num_cat=0
split_feature=22 2 30 36 37 37 2 12 10 23 32 1 14 21 3 36 37 38 36 17 2 33 10 2 38 30 30 36 37 10
split_gain=9.83953 7.89966 3.12083 2.10338 5.19366 3.39937 2.25375 2.27499 2.52106 1.9833 1.69057 1.66612 1.66346 1.42266 1.29203 2.13175 1.64298 1.38958 1.03672 1.00635 0.923665 0.858157 0.77452 0.768282 0.756336 0.755096 0.71466 0.693964 0.53813 0.51227
threshold=1.0000000180025095e-35 1.59610900237779 5.5000000000000009 57.350000000000001 153.65000000000001 767.50000000000011 1.6385422311926139 53067.835000000014 1399.6150000000002 1.0000000180025095e-35 0.077935222672064791 10.46322818499157 552762.34500000009 40.211296296296304 2.4965913171622796 23.450000000000003 121.65000000000002 2.9674897060337968 54.550000000000004 9.5000000000000018 19.249882541093541 1.0000000180025095e-35 390.50000000000006 0.12813749444333472 0.056812554082939691 13.500000000000002 21.500000000000004 232.45000000000002 666.85000000000014 7541.1750000000002
decision_type=2 2 2 2 2 2 2 2 2 2 2 2 2 2 2 2 2 2 2 2 2 2 2 2 2 2 2 2 2 2
left_child=1 2 18 4 6 11 -3 8 13 14 12 29 28 20 15 16 23 -17 21 26 -8 -1 -12 -2 -10 -6 -13 -11 -4 -5
right_child=9 3 10 5 25 -7 7 -9 24 27 22 19 -14 -15 -16 17 -18 -19 -20 -21 -22 -23 -24 -25 -26 -27 -28 -29 -30 -31
leaf_value=-0.016362002733765264 0.02041300613129423 0.059933323176771996 -0.045270874536536998 -0.041809094731592722 0.082932768006342819 0.036774586235860829 -0.042483261479215474 0.030330271977091008 -0.016323927343492441 0.047442308270337102 -0.023891770501148855 -0.027223025507053546 0.023892935750920111 0.028393670712317305 0.038262001760683402 -0.037031501103356644 0.04858058033387827 0.023698864078486183 -0.023020907620740383 0.026050600341105585 0.0051810757998058199 0.033399833492156618 0.017561075454657894 -0.027489606710488359 0.030467189681880648 0.0075530330897198798 0.016906808183538333 -0.0026990021944237673 0.0047322481393018189 0.0065790453255453428
leaf_weight=0.48351879836991773 0.49649959802627774 0.66251020092750224 17.619961278804123 4.6088588994462025 2.119118932227138 2.4192487858235827 5.3942773633170855 2.9917993205017401 0.45645313354907591 10.426774073392149 0.91242864087689612 1.8956708425539548 0.34642110858112474 0.24158534058369685 2.1135559557005763 2.9272253087256108 1.7185536792967466 0.48865788837429125 0.8370418227277695 1.5888565494678912 0.96839263360016037 2.4766640624729916 1.7444617514265699 1.0819150266470385 2.3844772969023325 0.6131678131641819 0.55127198621630658 0.62335524521768171 0.36906519177136843 0.33009945350931946
leaf_count=226 4 201 23494 3390 102 74 3103 146 141 338 878 113 165 51 25 357 27 6 281 28 21 68 187 170 171 124 4 13 161 59
internal_value=0 -0.00929328 -0.0291681 0.00919536 0.0204801 -0.00687184 0.00523809 -0.00191898 -0.0140598 0.0312359 -0.0364576 -0.0211445 -0.0415968 -0.0297463 0.0116386 -0.000617878 0.0245257 -0.0249444 0.0103302 0.00294678 -0.0355104 0.0231925 0.000684842 -0.0103486 0.0206566 0.0725725 -0.0152604 0.0446245 -0.0440498 -0.0380118
internal_weight=0 52.0154 24.7896 27.2258 15.8318 11.394 13.0995 12.437 9.44519 19.8765 20.9923 8.97476 18.3354 6.60426 8.82641 6.71285 3.29697 3.41588 3.79722 4.0358 6.36267 2.96018 2.65689 1.57841 2.84093 2.73229 2.44694 11.0501 17.989 4.93896
internal_count=34128 33188 25460 7728 4060 3668 3834 3633 3487 940 24885 3594 23820 3175 589 564 201 363 575 145 3124 294 1065 174 312 226 117 351 23655 3449
is_linear=0
shrinkage=0.05


Tree=73
num_leaves=31
num_cat=0
split_feature=18 32 21 22 0 5 17 15 23 15 15 38 37 10 0 45 16 15 19 3 12 12 16 41 38 3 15 15 3 11
split_gain=9.99718 6.5711 4.17258 3.78657 3.48431 5.54628 3.09083 2.76654 2.02375 1.46548 1.25352 1.22979 1.21026 1.13041 1.10919 1.30355 0.949569 0.835422 0.788501 0.766909 0.764425 0.960355 0.737278 0.679684 0.598721 0.498958 0.45875 0.943766 0.441663 0.433068
threshold=1.0000000180025095e-35 0.036038961038961044 5.2896122685185194 1.0000000180025095e-35 106.38000000000001 1.0000000180025095e-35 8.5000000000000018 614.00000000000011 0.0040335648148148153 237.50000000000003 172797.50000000003 1.509959985815122 51.350000000000001 7795.045000000001 1562.3400000000004 1.0000000180025095e-35 2.5000000000000004 177357.00000000003 17.402025462962964 2.3159627611228468 3547.1850000000004 9426.2850000000017 2.5000000000000004 1.0000000180025095e-35 1.7196581197618641 -1.9664214785256733 98372.000000000015 100339.00000000001 -2.439985648015996 4.5000000000000009
decision_type=2 2 2 2 2 2 2 2 2 2 2 2 2 2 2 2 2 2 2 2 2 2 2 2 2 2 2 2 2 2
left_child=1 3 4 7 -2 11 19 9 -5 -1 23 13 -8 26 -4 -16 -7 -12 22 25 -14 -22 -11 28 -13 -3 -6 -28 -9 -24
right_child=2 6 14 8 5 16 12 10 -10 18 17 24 20 -15 15 -17 -18 -19 -20 -21 21 -23 29 -25 -26 -27 27 -29 -30 -31
leaf_value=-0.029385810492200577 0.042590556434524397 0.010894560997027175 0.0070654500704910462 -0.027573992567068092 -0.043941511449492474 0.0058009146545817437 -0.012901468497687685 0.0005468279349828708 0.032123064089823232 -0.011979512772280425 0.042541326722441535 0.02897408520074192 -0.0021495097773710429 0.010855672989081957 0.060991704920681671 0.0078610944294440262 0.044375101998093788 -0.01662955186030781 -0.014130709121136457 0.020419607350787954 0.072625064112963544 0.011775592127614544 0.049407119753969858 0.0098473972516864971 -0.016082091976590596 -0.025622887559152471 0.031179334230863623 -0.025082810972495897 -0.046284546957774397 0.0044142604672855216
leaf_weight=1.8211631199228637 4.7306008945452112 0.60704436129890416 1.8870807711500663 1.2177578358096059 6.0533396801911277 2.9735784139484158 0.42244579171529029 0.49345748830820468 3.3301375899463892 0.47577763075241897 0.080495656235142543 0.76593195198802166 0.50751551782013837 0.88070780073758204 7.7039026704151166 1.7052462862338869 3.5828775092959404 0.49765174754429609 0.90408878086600442 0.84409587661502872 2.5461590380291459 1.3432808920042587 1.2541392823914068 0.24638720159418781 0.43696780118625611 2.9646538291708548 0.21748155506793387 0.96085239941021428 17.803668343520258 0.9821621156297623
leaf_count=1165 169 92 162 427 2971 25 133 237 76 134 97 101 205 91 193 46 39 726 233 36 183 207 70 35 150 2094 12 715 22961 131
internal_value=0 -0.0139411 0.0234153 -0.0254291 0.00915646 -0.00274237 0.021213 -0.0330035 0.0140494 -0.00114443 -0.0415556 -0.026435 0.0452867 -0.0330036 0.0465615 0.053043 0.0299633 0.013345 0.0163632 -0.00857162 0.0522319 0.0583162 0.0275967 -0.0438626 0.0127363 -0.0183909 -0.0390149 -0.0051523 -0.0450587 0.0371165
internal_weight=0 38.3421 31.8986 29.1069 20.6023 15.8717 9.2352 24.559 4.5479 5.43733 19.1217 9.31528 4.8194 8.11238 11.2962 9.40915 6.55646 0.578147 3.61617 4.41579 4.39696 3.88944 2.71208 18.5435 1.2029 3.5717 7.23167 1.17833 18.2971 2.2363
internal_count=33916 29242 4674 26292 4273 4104 2950 25789 503 1733 24056 4040 728 3789 401 239 64 823 568 2222 595 390 335 23233 251 2186 3698 727 23198 201
is_linear=0
shrinkage=0.05


Tree=74
num_leaves=31
num_cat=0
split_feature=22 3 30 14 45 32 14 23 2 19 21 33 23 18 37 14 19 37 14 3 44 0 2 3 21 21 37 13 10 0
split_gain=8.00539 5.8647 2.75695 2.49003 2.60534 2.22817 2.13301 1.92536 1.92465 1.66556 2.28231 1.55951 1.30282 1.22063 1.08941 1.02781 0.95458 0.942132 0.891757 0.87971 0.853843 0.77793 0.774517 1.20153 0.813537 1.2734 0.767029 0.727424 0.698904 0.627661
threshold=1.0000000180025095e-35 1.1945966753204555 6.5000000000000009 33122.295000000006 1.0000000180025095e-35 0.096006144393241177 404017.0400000001 1.0000000180025095e-35 19.249882541093541 14.810335648148149 11.027870370370371 1.0000000180025095e-35 30.395277777777782 1.0000000180025095e-35 103.35000000000001 58958.945000000014 32.745989583333341 994.05000000000007 46722.220000000016 2.8025866982932452 0.80000000000000016 49226.510000000002 0.32566746224595483 -1.7435307734265943 37.064629629629643 37.188472222222224 153.65000000000001 7.5000000000000009 7541.1750000000002 2886.0850000000005
decision_type=2 2 2 2 2 2 2 2 2 2 2 2 2 2 2 2 2 2 2 2 2 2 2 2 2 2 2 2 2 2
left_child=1 2 12 8 9 6 22 11 20 10 15 26 -1 -8 -7 -5 -14 -6 -16 -11 28 -17 23 -4 -24 -26 -2 -28 -3 -20
right_child=7 3 5 4 17 14 13 -9 -10 19 -12 -13 16 -15 18 21 -18 -19 29 -21 -22 -23 24 -25 25 -27 27 -29 -30 -31
leaf_value=-0.015928517483356202 -0.024852800734712452 -0.03726611584355758 -0.027058698291515689 -0.01883847259542603 -0.036666067564143284 -0.021618256593483612 -0.019295388259090485 0.043911560501648489 0.026664191044143956 -0.026748082498602013 0.070512326714527604 0.031602680295654197 0.038586962544833868 0.044430738760381658 -0.013793567076098152 0.034212322110489093 -0.015910905511751117 0.016922285785266021 0.054589656284829438 0.018137675414376744 0.016370384228910694 -0.0040742256341890562 -0.044917723850262825 0.030966719582638594 0.044963337557937105 -0.023630095366996749 0.034590699203853312 -0.0086752392586989975 0.013193274732359339 -0.0083465223099444732
leaf_weight=2.1551124661345993 2.2607212085858945 4.3933930839411941 1.1736797450867014 0.81118634215090235 1.5127470663283014 0.74285119643900488 0.62608236743835621 10.205577492713926 1.4839497513603417 1.1314099109149531 3.0411126107210293 3.4047141106566414 2.3668284186860551 0.59449173655593768 0.37984148540999729 4.7392865567235276 0.44856818520929653 0.51746084168553341 0.96831237699370809 1.272533908486366 0.43557556159794319 1.4699157228460533 16.086668313510021 0.52478767518187908 0.053018211445304497 0.89478368917480111 0.62039037479553405 1.6916684316238386 0.2840962487971409 0.19934172683861107
leaf_count=530 308 2282 1228 187 318 401 566 350 35 598 148 90 132 26 367 254 96 13 86 25 9 35 23665 265 85 1487 44 139 3 115
internal_value=0 -0.00768966 -0.0226733 0.0117938 0.0229015 -0.0299573 -0.0351756 0.030387 -0.0124149 0.0312895 0.0395172 0.0101211 0.00948184 0.017774 0.0123783 0.0189731 0.0280096 -0.0219304 0.0307778 -0.00463951 -0.0262632 0.0258408 -0.0393515 -0.00429847 -0.0424144 0.00132113 -0.00867403 0.00987288 -0.0324174 0.0449514
internal_weight=0 48.307 27.2144 21.0927 14.4957 22.2439 19.9535 18.1831 6.59701 12.4654 10.0615 7.97749 4.97051 1.22057 2.29035 7.02039 2.8154 2.03021 1.5475 2.40394 5.11306 6.2092 18.7329 1.69847 17.0345 0.947802 4.57278 2.31206 4.67749 1.16765
internal_count=33887 32956 29049 3907 1578 28291 27322 931 2329 1247 624 581 758 592 969 476 228 331 568 623 2294 289 26730 1493 25237 1572 491 183 2285 201
is_linear=0
shrinkage=0.05


Tree=75
num_leaves=31
num_cat=0
split_feature=19 36 37 21 2 6 36 23 24 10 19 19 23 14 45 0 36 23 10 11 36 37 24 24 36 37 21 19 0 2
split_gain=7.68667 7.11345 6.70699 6.16232 5.04788 4.93282 3.12367 2.41071 1.93058 1.90198 1.53598 1.5039 2.64372 1.25344 1.11515 1.06786 0.997023 0.949027 0.888408 0.949854 1.23668 1.23202 0.816196 0.680479 0.542336 0.610732 0.503584 0.489842 0.469102 0.44953
threshold=0.027800925925925927 60.050000000000004 150.25000000000003 3.8986342592592598 0.24344554179186695 1.0000000180025095e-35 29.850000000000005 37.118038194444452 2.5000000000000004 531.4100000000002 33.04210069444445 16.67264467592593 19.386325231481486 58958.945000000014 1.0000000180025095e-35 1021.215 236.25000000000003 15.172997685185186 1835.9400000000003 1.0000000180025095e-35 23.450000000000003 153.65000000000001 2.5000000000000004 2.5000000000000004 47.550000000000004 102.05000000000001 32.548709490740748 22.723784722222224 1145.075 19.249882541093541
decision_type=2 2 2 2 2 2 2 2 2 2 2 2 2 2 2 2 2 2 2 2 2 2 2 2 2 2 2 2 2 2
left_child=3 2 6 4 -1 18 8 9 29 22 26 12 -4 -7 15 -5 -16 -11 19 20 21 -6 -8 -3 25 -20 -9 -19 -14 -2
right_child=1 23 11 14 5 13 7 10 -10 17 -12 -13 28 -15 16 -17 -18 27 24 -21 -22 -23 -24 -25 -26 -27 -28 -29 -30 -31
leaf_value=0.04384924100609823 -0.042515564660965559 -0.04643509595660425 0.0025884134372461762 0.0075156384951241516 -0.016403364224465821 -0.011737747545233346 -0.03269878651976544 -0.0013783373235564502 0.022687959787684106 -0.016487785575158221 -0.01434559880187182 0.0091081774940788788 0.013116292808404206 0.035650617737595876 -0.022415864694897002 0.057542810918387914 0.028537233439909934 0.035682454543353906 -0.015160841742009266 -0.044191815357037589 -0.028361220426992118 0.054798064974743266 0.015735747169911565 0.0098346529734976811 -0.021716136548204427 0.03024584381424757 0.073383483342208317 -0.0049115160460574533 0.10557406165487482 0.0078929743436654074
leaf_weight=4.8153084102086749 6.9652793256973444 10.134457990439838 1.1699003900866949 1.5460987392580108 0.46293440996669399 1.3312576878815878 3.8449210610415303 0.21181494658230704 0.76004780456423748 0.90149234488490027 0.39236276026349504 1.9728259366238488 0.48235636157914985 4.4088208382599987 0.80072843801463101 9.914975641993804 1.1201417630072681 2.5694372862926689 0.43148768669925563 6.4643262804020196 1.129421589837875 0.36426977376686409 0.43493287451565255 0.2328987158834942 0.65640085103223089 0.93787378346314654 1.0828115187468936 0.66002255643252272 1.3236586433486079 0.16646326333284367
leaf_count=260 7903 12996 446 129 485 12 3819 104 19 358 356 547 30 100 58 303 25 261 285 4279 665 9 13 7 210 44 28 248 53 2
internal_value=0 -0.0120604 0.00380824 0.0211751 0.00372272 -0.0100711 -0.0108634 0.00749858 -0.0325592 -0.00509857 0.0488277 0.050003 0.0680039 0.0245493 0.0464021 0.0519389 0.00689455 0.0171239 -0.0295765 -0.0360359 -0.00325733 0.0277814 -0.0257286 -0.0444171 0.000310481 0.0155781 0.0658816 0.0281864 0.0943548 -0.040513
internal_weight=0 33.3057 22.9383 34.384 21.0021 16.1868 17.9896 10.0978 7.89179 8.41081 1.68699 4.94874 2.97592 5.74008 13.3819 11.4611 1.92087 4.13095 10.4467 8.42095 1.95663 0.827204 4.27985 10.3674 2.02576 1.36936 1.29463 3.22946 1.80602 7.13174
internal_count=34054 27190 14187 6864 6349 6089 13111 5187 7924 4699 488 1076 529 112 515 432 83 867 5977 5438 1159 494 3832 13003 539 329 132 509 83 7905
is_linear=0
shrinkage=0.05


Tree=76
num_leaves=31
num_cat=0
split_feature=36 38 2 45 0 0 14 38 15 0 0 14 36 17 0 36 18 11 6 23 38 13 0 6 25 14 2 3 15 3
split_gain=8.20348 7.16346 5.11702 3.00474 3.14099 2.44974 2.44381 2.03652 1.66156 2.24545 2.64745 1.78398 2.03431 1.72893 1.42983 0.883742 0.864565 0.856733 0.701963 0.993202 0.459831 0.572258 0.436849 0.416919 0.372385 0.363344 0.3581 0.324088 0.305532 0.299885
threshold=59.45000000000001 1.0000000180025095e-35 2.8601106558260896 1.0000000180025095e-35 106.38000000000001 29395.065000000006 10625.925000000003 2.9674897060337968 93744.500000000015 2799.5800000000004 3750.3550000000005 30499.280000000002 26.350000000000005 4.5000000000000009 14507.855000000001 176.85000000000005 1.0000000180025095e-35 1.5000000000000002 1.5000000000000002 0.030451388888888892 1.694021936689617 29.500000000000004 6055.2150000000011 4.5000000000000009 1.0000000180025095e-35 81460.699999999997 0.12813749444333472 4.641437745208993 758.50000000000011 -2.6028089179770437
decision_type=2 2 2 2 2 2 2 2 2 2 2 2 2 2 2 2 2 2 2 2 2 2 2 2 2 2 2 2 2 2
left_child=1 5 7 6 -5 -1 14 23 11 29 -11 12 16 -13 26 18 -8 25 19 -4 21 -19 -17 24 -2 -15 -3 -7 -14 -10
right_child=2 3 15 4 -6 27 8 -9 9 10 -12 13 28 17 -16 22 -18 20 -20 -21 -22 -23 -24 -25 -26 -27 -28 -29 -30 -31
leaf_value=-0.042151414989981643 -0.047422464229431541 0.0080105216809650808 0.014479505163449336 0.032551125759582203 -0.04001859092602611 -0.0035485009213976058 -0.0056786233991582107 0.022708845183701067 0.018276911496483573 0.14990522981541926 0.01256020696339432 -0.012883848428501621 0.0011774937100752342 -0.012798586053789305 0.029777937398921102 -0.0091323273753567222 0.040789133920109175 0.049914859955659537 0.020972148776580789 -0.031482121938403676 0.0026102212436012132 0.018119843443515412 0.026422936327054933 0.0060937903412238946 0.0036554367118084826 0.017767303484885057 -0.033922039577312206 0.026021802010382566 -0.028564518521854654 -0.014450152500641295
leaf_weight=5.1942704120010594 11.259037120267745 0.21634712815284718 1.0848774755140751 1.592722704517654 2.6316877564531751 1.3172533154720441 1.0965312839543977 0.62027383153326887 0.37043796858051781 0.24518926808377706 0.771385207248386 1.2091021555825161 1.1055330768576825 0.73177699380903805 0.64413296891143534 0.5255360000883228 2.4735735458962154 13.830792891822062 0.73594518704339851 2.3661034439573996 0.78994037082884361 3.2873313334130208 4.0717087442753837 0.16800556681118983 0.22591145872138518 1.407596932374872 1.9282922681013586 1.0347548304125667 1.9966789531463289 0.44414901974960141
leaf_count=6792 14295 15 36 59 1796 95 953 55 9 59 192 459 181 392 17 129 174 1985 17 592 216 631 169 8 93 238 2068 13 1967 400
internal_value=0 0.0166946 -0.0205038 0.025758 -0.0116643 -0.0253177 0.0308179 -0.040153 0.0349328 0.0752654 0.103596 0.029778 0.0060815 0.0366088 -0.0107241 0.00824803 0.0283973 0.0400641 -0.0075917 -0.0170264 0.0435071 0.0451461 0.021453 -0.0450294 -0.0462054 0.00656571 -0.0284898 0.0133428 -0.0202621 0.00230311
internal_weight=0 44.3195 21.0574 36.7732 4.22441 7.54628 32.5488 12.2732 29.76 1.83116 1.01657 27.9289 6.67232 21.2565 2.78877 8.78417 3.5701 20.0474 4.18693 3.45098 17.9081 17.1181 4.59724 11.653 11.4849 2.13937 2.14464 2.35201 3.10221 0.814587
internal_count=34105 18711 15394 11811 1855 6900 9956 14451 7856 660 251 7196 3275 3921 2100 943 1127 3462 645 628 2832 2616 298 14396 14388 630 2083 108 2148 409
is_linear=0
shrinkage=0.05


Tree=77
num_leaves=31
num_cat=0
split_feature=36 37 19 21 38 5 9 12 23 22 19 14 24 19 21 9 12 3 19 1 35 24 3 36 23 36 1 25 1 36
split_gain=6.94253 13.5433 5.01325 4.09227 3.59201 2.97437 1.74261 2.05436 1.49643 2.06103 1.30727 1.32828 1.28578 1.17423 1.22516 1.00767 0.836091 0.879713 0.756454 0.707937 0.647848 0.641397 0.601949 0.774025 0.535666 0.511175 0.504219 0.4709 0.427072 0.382254
threshold=59.45000000000001 150.25000000000003 0.21398148148148152 11.027870370370371 0.20649902857773153 1.0000000180025095e-35 1.5000000000000002 53067.835000000014 37.118038194444452 1.0000000180025095e-35 16.67264467592593 7687.4050000000016 1.5000000000000002 26.558802083333337 29.868975694444448 1.0000000180025095e-35 84453.630000000019 -3.2337409725332322 11.97892939814815 7.5254135342532811 1.0000000180025095e-35 2.5000000000000004 4.641437745208993 44.250000000000007 1.0000000180025095e-35 13.15 7.0440983396931154 1.0000000180025095e-35 8.2298723869251464 36.550000000000004
decision_type=2 2 2 2 2 2 2 2 2 2 2 2 2 2 2 2 2 2 2 2 2 2 2 2 2 2 2 2 2 2
left_child=1 4 3 5 12 27 7 8 9 15 11 -3 16 14 -10 20 17 -1 19 -17 -6 -4 23 -19 25 -11 -13 -2 -28 -12
right_child=2 10 21 -5 6 -7 -8 -9 13 24 29 26 -14 -15 -16 18 -18 22 -20 -21 -22 -23 -24 -25 -26 -27 28 -29 -30 -31
leaf_value=0.013613716055459319 -0.04265731280895501 -0.0060208359456737533 -0.044915674624363057 0.038942607953328323 -0.036325024032288857 0.020536583303314471 0.036684227369748003 0.037888531768824507 -0.011740252130095217 0.020281810110224365 0.024920535609670069 0.035360119727699334 0.018528627730945574 -0.015389937118228775 0.070102718984831933 -0.014665483888841386 0.0066965165936317883 -0.044675727730712635 -0.021621296125266053 0.03170772342101006 0.01343194881245084 0.0097126778657540477 0.0062347928756559647 0.0032824541014520921 0.032568952978839674 -0.016692081431572556 0.10187253775022048 0.0080021196448811401 0.044387003953670102 -0.0084532586553867795
leaf_weight=0.44641385629074548 4.2914907920057903 0.45072796515887503 9.2167837770248262 4.2412050954008009 6.021596140606567 2.5281931329518557 4.0926946009567464 2.4171366688096887 0.28953470167470985 0.61008065257919897 1.4275799092138179 3.4036284524481726 0.98191881034290496 0.44226365780923516 0.61210112203843892 0.55444436962716315 1.1624194257892675 7.1097383879241516 1.1413769363716708 1.317956810351461 0.22035960853099812 0.22919449955225069 0.49350203364156175 0.79237175689195272 1.6584419459104536 1.2372259009862316 2.8764382375520654 0.18981930875452224 3.431050767947454 0.71272975060855959
leaf_count=34 2260 119 13002 136 5762 25 447 260 154 16 203 280 157 530 15 330 157 7957 633 184 1 7 9 465 51 118 226 14 185 356
internal_value=0 0.0166569 -0.017818 0.00492735 -0.00112336 -0.0179465 0.0110846 0.00301181 -0.00507738 -0.0110724 0.0589814 0.0661684 -0.0230445 0.0322867 0.0514679 -0.0228425 -0.0284377 -0.0332678 0.0010965 0.0176509 -0.0329563 -0.0427873 -0.0369442 -0.0400383 0.0181755 -0.00164668 0.0697683 -0.0394431 0.0809558 0.0146541
internal_weight=0 43.9037 20.6967 11.2507 31.6016 7.0095 20.6152 16.5225 14.1054 12.7615 12.3022 10.1618 10.9864 1.3439 0.901636 9.25573 10.0044 8.84203 3.01378 1.8724 6.24196 9.44598 8.39561 7.90211 3.50575 1.84731 9.71112 4.48131 6.30749 2.14031
internal_count=34093 18649 15444 2435 17280 2299 8501 8054 7794 7095 1369 810 8779 699 169 6910 8622 8465 1147 514 5763 13009 8431 8422 185 134 691 2274 411 559
is_linear=0
shrinkage=0.05


Tree=78
num_leaves=31
num_cat=0
split_feature=19 24 21 0 5 36 37 38 9 23 30 38 3 19 3 17 30 36 3 3 10 17 38 36 15 15 3 14 15 38
split_gain=6.82414 5.23155 4.49303 3.58697 5.821 3.48163 6.38169 2.14567 1.6994 1.30196 1.2212 1.21057 1.14852 0.908828 0.911509 0.768174 0.759712 0.729725 0.708103 0.697751 0.615967 0.573276 0.509351 0.433653 0.379032 0.922269 0.322084 0.322057 0.284844 0.260554
threshold=0.027800925925925927 2.5000000000000004 5.2896122685185194 106.38000000000001 1.0000000180025095e-35 57.850000000000001 150.25000000000003 0.47202628590125723 1.5000000000000002 19.386325231481486 6.5000000000000009 1.5463336143265562 3.4357288626039613 21.025092592592596 -0.94091169570938205 5.5000000000000009 21.500000000000004 22.550000000000004 0.60919368530720619 1.1330830612240095 7795.045000000001 4.5000000000000009 0.66571410182084645 29.850000000000005 98372.000000000015 100339.00000000001 2.8025866982932452 72604.070000000022 237.50000000000003 2.1517133772149184
decision_type=2 2 2 2 2 2 2 2 2 2 2 2 2 2 2 2 2 2 2 2 2 2 2 2 2 2 2 2 2 2
left_child=2 5 3 -1 11 6 8 9 10 -8 22 20 29 14 -11 -6 19 -13 -10 21 24 -4 -2 -20 -5 -26 -9 -24 -22 -12
right_child=1 -3 16 4 15 -7 7 26 18 13 12 17 -14 -15 -16 -17 -18 -19 23 -21 28 -23 27 -25 25 -27 -28 -29 -30 -31
leaf_value=0.040838583894368286 -0.015811869790433791 0.03897801282965152 -0.015538253102197381 -0.044496052098029773 -0.00060513351976117528 -0.045805555779154974 -0.0067714343756870576 -0.012237960522010894 -0.014995222963425543 0.00061199334659267439 -0.04311567219428189 0.030890832172090134 0.012598190777385105 0.011830970587930643 0.12083564562599039 0.037320552412713308 -0.0053610928891403512 -0.018148216764536325 -0.0073129519352511359 0.051175345305141784 0.016434758003264865 0.024081021515778483 -0.0097540680451496803 0.036015793960965034 0.028935016544029808 -0.026360348977051896 0.018327743347013186 0.0276198765817703 -0.014262111208714852 -0.0008004054976851506
leaf_weight=3.7768700827146011 1.0787676787003975 3.0126328170299521 0.47955384879605611 6.7509195528109576 1.7394857020117331 9.3038371467846428 0.27250451740110238 1.0932256460073402 0.88546537043293883 0.18742780148750171 8.803737017093221 0.63900223874952533 0.6409229179844268 0.60998129757354036 0.51220774120883994 4.3286096211522818 0.62254319293424565 0.52683463066932745 0.39074951803195279 8.0449068737216276 0.42840229457942747 2.3764496530639008 0.23839833342935868 1.1680912391166201 0.24738506597350329 0.98508978940662928 0.46564458217471827 0.91440394846722484 0.60498329944675788 0.41751705182832743
leaf_count=164 209 95 129 4871 20 13435 186 581 450 16 11602 31 14 128 45 51 14 209 62 164 19 124 73 31 17 901 5 21 137 214
internal_value=0 -0.0153579 0.0174241 0.00260018 -0.00813909 -0.0226006 -0.00859017 0.0471219 -0.022885 0.075088 -0.0301846 -0.030191 -0.0371156 0.0876782 0.107938 0.0279013 0.0409229 0.0105829 0.0115095 0.0437945 -0.0359931 0.0151241 0.00245298 0.0265413 -0.0401986 -0.007272 0.000486599 0.0189503 0.000287695 -0.0414655
internal_weight=0 29.9955 31.551 20.0276 16.2507 26.9829 17.679 3.14099 14.5381 1.58212 12.0937 10.1826 9.86218 1.30962 0.699636 6.0681 11.5235 1.16584 2.44431 10.9009 9.01678 2.856 2.23157 1.55884 7.98339 1.23247 1.55887 1.1528 1.03339 9.22125
internal_count=34018 27167 6851 6420 6256 27072 13637 961 12676 375 12133 6185 11830 189 61 71 431 240 543 417 5945 253 303 93 5789 918 586 94 156 11816
is_linear=0
shrinkage=0.05


Tree=79
num_leaves=31
num_cat=0
split_feature=36 37 3 15 0 25 37 24 15 3 14 19 19 19 45 17 32 12 3 21 43 14 36 0 21 38 3 13 45 22
split_gain=6.41432 9.80843 4.50558 3.84472 4.10592 2.27628 1.64864 1.48943 1.3461 1.26458 1.14972 1.07222 1.05204 0.900649 0.832837 0.798621 0.759639 0.72524 0.711264 0.646323 0.464567 0.353964 0.284734 0.279265 0.459366 0.364667 0.850497 0.221542 0.252895 0.214601
threshold=58.850000000000001 144.65000000000001 1.6901196134520535 758.50000000000011 10404.465000000002 1.0000000180025095e-35 55.050000000000004 2.5000000000000004 63585.500000000007 -2.1014494415733505 7687.4050000000016 0.027800925925925927 0.80135995370370383 23.137812500000006 1.0000000180025095e-35 18.500000000000004 0.057983193277310933 171661.18500000003 1.1330830612240095 6.0765162037037044 1.0000000180025095e-35 110289.52500000001 29.350000000000005 49226.510000000002 1.1143171296296299 0.5356291486806477 4.641437745208993 31.500000000000004 1.0000000180025095e-35 1.0000000180025095e-35
decision_type=2 2 2 2 2 2 2 2 2 2 2 2 2 2 2 2 2 2 2 2 2 2 2 2 2 2 2 2 2 2
left_child=1 3 5 6 7 17 -1 9 12 -5 -3 22 19 27 18 -11 21 -2 -6 -4 -10 -13 -8 25 -25 26 -20 28 -12 -14
right_child=2 10 8 4 14 -7 11 -9 20 15 13 16 29 -15 -16 -17 -18 -19 23 -21 -22 -23 -24 24 -26 -27 -28 -29 -30 -31
leaf_value=-0.020945163272080861 -0.046538606392810322 -0.0091670964958651662 0.0040402371394956697 0.012680317557995589 -0.016870833901611437 0.023100140754255927 0.055772058270211755 0.0212059387704167 -0.032618125011161507 -0.040680767671536805 0.064157052900332565 -0.018144866906506494 -0.023338871636608281 0.003828116147030396 -0.020802594638855275 0.012460622196477948 0.030275747927695586 0.0079938234942883903 -0.012380502149586914 0.038666279020696762 0.010350980628533298 0.0099191048067041113 0.0098918825557388207 -0.015844088343105803 0.020468561111258013 0.039457053985938115 0.03153199896976145 0.010894057475660208 0.014153740500809739 0.0072369918807748766
leaf_weight=1.0260588646051498 10.400885579962049 0.46671693620737542 2.3718357808538695 0.88051716604968433 0.50650222465628569 0.79044957261066962 2.8385656750760959 0.69154853560030538 1.3191820107167584 10.81098750955425 8.5429154339944873 1.4142398695694285 0.85374654777115189 0.95516991094336923 0.66672448933240946 0.31819592748070213 1.6179490773938594 0.35980990016833025 1.5108679854602087 3.1719168396666646 0.32724897598382074 1.2288207105593754 0.92017224000301201 0.78582850098609902 0.71540437900694087 2.7262365264468826 1.0899933725595474 0.725313824979822 0.94030043677776198 0.28284277976490557
leaf_count=517 14474 201 115 312 584 104 124 22 245 14047 733 461 419 381 261 71 57 49 195 78 11 103 74 21 32 120 17 60 167 18
internal_value=0 0.0147474 -0.0191257 -0.000896369 -0.0127065 -0.0381122 0.0247073 -0.029511 0.00847518 -0.033837 0.0516644 0.0322227 0.0183527 0.0547521 0.0142832 -0.0382593 0.0109413 -0.0441905 0.0195857 0.0267332 -0.0233934 -0.00595602 0.0489791 0.0240995 0.00272547 0.0287402 0.00966876 0.0587502 0.0610221 -0.0159041
internal_weight=0 41.379 19.8779 29.7486 20.7028 11.5511 9.04581 12.7012 8.32677 12.0097 11.6304 8.01975 6.68034 11.1637 8.00156 11.1292 4.26101 10.7607 7.33483 5.54375 1.64643 2.64306 3.75874 6.82833 1.50123 5.3271 2.60086 10.2085 9.48322 1.13659
internal_count=34073 18560 15513 17018 15682 14627 1336 14452 886 14430 1542 819 630 1341 1230 14118 621 14523 969 193 256 564 198 385 53 332 212 960 900 437
is_linear=0
shrinkage=0.05


Tree=80
num_leaves=31
num_cat=0
split_feature=36 37 2 15 0 45 23 37 24 19 37 32 19 14 2 21 22 25 19 2 21 19 0 0 14 36 17 3 45 2
split_gain=6.71408 8.75741 4.64994 4.05026 2.91919 2.03565 1.84268 1.44109 1.38365 1.3419 1.32378 1.53432 1.14204 1.16085 1.06813 1.06241 1.03143 0.858761 0.852369 0.846242 0.763382 1.16825 0.739409 0.664584 0.39329 0.356401 0.334375 0.328902 0.723915 0.314909
threshold=58.850000000000001 144.65000000000001 2.2110177072425423 758.50000000000011 8425.6500000000033 1.0000000180025095e-35 33.324039351851859 49.45000000000001 2.5000000000000004 32.745989583333341 767.50000000000011 0.057983193277310933 21.206394675925928 7687.4050000000016 0.22769621361073847 20.385457175925932 1.0000000180025095e-35 1.0000000180025095e-35 23.137812500000006 19.249882541093541 16.021712962962969 16.075364583333336 25515.565000000006 49226.510000000002 11109.660000000002 25.350000000000005 4.5000000000000009 -0.36351641937048479 1.0000000180025095e-35 4.8000462868304981
decision_type=2 2 2 2 2 2 2 2 2 2 2 2 2 2 2 2 2 2 2 2 2 2 2 2 2 2 2 2 2 2
left_child=1 3 17 7 6 20 8 -1 14 15 11 16 13 -3 -5 -8 19 -2 24 -4 22 -22 -6 26 -9 -17 -24 -15 -29 -18
right_child=2 12 10 4 5 -7 9 18 -10 -11 -12 -13 -14 27 -16 25 29 -19 -20 -21 21 -23 23 -25 -26 -27 -28 28 -30 -31
leaf_value=-0.018541926005460219 -0.044917177264161216 -0.0080025027335544393 -0.037249242467253377 0.010417000796050463 -0.017086071445018169 -0.033412643232194165 -0.014706234184045267 -0.0034136839916983487 0.01874843081608368 -0.023814995398957206 0.033138374318442743 0.02869897358236689 0.0039768902810730774 0.032656765464138066 -0.04353239184455851 -0.0049459938907403193 -0.0074330136893642311 0.010761400100379168 -0.0087515766694951699 0.0039387137248052219 0.058026566164257234 -0.0033045323735680279 -0.00059435105475455355 -0.011774983265247939 0.042132368824980275 0.054629629972212206 0.034612513763484586 0.073240336627724403 -0.0033265691490164742 0.024946483597387659
leaf_weight=0.80671517580049368 8.6435090599698015 0.42954007687512685 3.3422416245448385 0.63790644804248664 1.3139982813445366 1.1677669897326266 0.40719878507661578 0.35143567621707728 0.56814351491630155 0.88974581949878473 2.1757177325198418 1.6380224448512306 1.2881119506782841 3.8786725307872967 8.3221150343888421 0.10969318563002139 0.6469955069478599 0.37563147340552028 0.65265266376081843 1.501447766786441 1.4994211485900453 0.97758308585616749 0.81680619303369972 0.86383500380907197 7.0080801958101802 0.97644376056268811 2.1348862582526635 6.0442182357073762 0.23429955850588147 0.8928941935300827
leaf_count=461 13630 152 1494 151 564 330 600 126 19 1275 63 132 479 370 11595 208 24 90 196 29 40 503 41 32 502 182 75 429 104 27
internal_value=0 0.0175336 -0.0175264 0.00243459 -0.00970955 0.0114596 -0.0249834 0.0290076 -0.0341324 0.0108732 0.00571859 -0.0045674 0.051946 0.0569355 -0.0390312 0.0328031 -0.0158343 -0.0417556 0.0353214 -0.0259926 0.0214303 0.0398325 0.00749531 0.0177509 0.0398092 0.0491261 0.0271849 0.0601528 0.0703186 0.0137718
internal_weight=0 41.3793 19.2165 29.5044 20.6855 8.7743 11.9112 8.81888 9.52816 2.38308 10.1973 8.0216 11.8748 10.5867 8.96002 1.49334 6.38358 9.01914 8.01217 4.84369 7.60653 2.477 5.12953 3.81553 7.35952 1.08614 2.95169 10.1572 6.27852 1.53989
internal_count=33923 18434 15489 16900 15615 1585 14030 1285 11765 2265 1769 1706 1534 1055 11746 990 1574 13720 824 1523 1255 543 712 148 628 390 116 903 533 51
is_linear=0
shrinkage=0.05


Tree=81
num_leaves=31
num_cat=0
split_feature=18 2 32 32 24 21 36 5 15 13 5 23 30 0 10 36 45 36 0 36 36 13 19 17 22 15 17 13 15 12
split_gain=6.39843 4.85175 4.76019 2.53002 1.99771 1.7936 3.46786 4.36687 1.65286 1.12679 1.01001 0.946312 0.928177 0.908724 0.794165 0.736344 0.601383 0.641486 0.4942 0.445103 0.469945 0.346707 0.337874 0.321971 0.321836 0.419242 0.281966 0.261434 0.255543 0.247442
threshold=1.0000000180025095e-35 3.7461379636806407 0.075498575498575513 0.23303167420814483 2.5000000000000004 3.8986342592592598 23.450000000000003 1.0000000180025095e-35 154583.50000000003 13.500000000000002 1.0000000180025095e-35 9.6745891203703724 10.500000000000002 4623.6900000000014 21695.500000000004 1.0000000180025095e-35 1.0000000180025095e-35 236.25000000000003 1156.6200000000001 15.250000000000002 60.050000000000004 23.500000000000004 6.4836111111111121 5.5000000000000009 1.0000000180025095e-35 898.50000000000011 6.5000000000000009 8.5000000000000018 182.50000000000003 2794.7200000000007
decision_type=2 2 2 2 2 2 2 2 2 2 2 2 2 2 2 2 2 2 2 2 2 2 2 2 2 2 2 2 2 2
left_child=1 2 4 9 8 6 11 14 24 -4 19 15 27 28 -8 23 18 -18 26 -3 -21 -13 -22 -2 -1 -26 -7 -10 -11 -30
right_child=5 10 3 -5 -6 16 7 -9 12 13 -12 21 -14 -15 -16 -17 17 -19 -20 20 22 -23 -24 -25 25 -27 -28 -29 29 -31
leaf_value=-0.041917310130289161 -0.017082300153895693 -0.0050948731292691264 -0.0080838890674301087 -0.023839308991215599 0.023639993478657858 -0.011207088426197198 -0.041884283695741265 0.029480719851080379 -0.0044796344688748154 -0.0028652637051089121 -0.017489875973849836 -0.01660528983845377 -0.017350005365849113 -0.0088396781541372448 0.0092292841241605559 0.046333216136109932 -0.018045381108927085 0.02433176728677415 0.04622192211529437 0.040303848749632692 0.017774983944885272 0.013996295361387313 -0.014630488234362969 0.015762683069324199 0.012475478385200606 -0.022714896355923702 0.01864408555445056 0.047970308801972311 -1.7187052451538342e-05 0.068093392336727926
leaf_weight=16.188127314264438 0.43910963099916145 0.56735828862292592 0.61025349644478355 1.4026247690781017 0.83270553685724635 0.53175263153388719 4.9644670349080098 3.1769327707588673 0.098291855771093561 0.059428116772324624 0.67070337175391603 0.78281546069774754 0.53071197780082002 0.25368766335304815 0.50382630509557191 5.1438510103325825 0.77150571229867704 0.84071990347001702 7.1297425718803424 4.1683367323712446 0.69506911549251504 0.92810774425743148 0.55649944191100076 0.54953364605898969 0.57494685996789385 1.1945738658541811 0.81560358646675013 0.29430193235748447 0.13921497092815149 1.9132129489444194
leaf_count=25098 283 125 540 1020 25 109 2969 41 170 8 51 347 1020 95 15 411 55 24 269 222 54 94 174 44 44 398 35 112 62 117
internal_value=0 -0.0121055 -0.0224297 0.0211845 -0.0326715 0.020827 0.0096685 -0.0116948 -0.0362191 0.0430646 0.0233032 0.0318755 0.0159154 0.054741 -0.0364761 0.0398887 0.0365466 0.00490787 0.041411 0.0297221 0.0335926 -0.00096565 0.00326771 -7.97e-05 -0.0395978 -0.0109049 0.00710748 0.0410515 0.0627649 0.0649814
internal_weight=0 30.75 24.0921 4.37842 19.7137 26.578 16.4886 8.64523 18.881 2.9758 6.65797 7.84342 0.923306 2.36554 5.46829 6.13249 10.0893 1.61223 8.4771 5.98726 5.41991 1.71092 1.25157 0.988643 17.9576 1.76952 1.34736 0.392594 2.11186 2.05243
internal_count=34031 29335 28709 1842 26867 4696 4204 3025 26842 822 626 1179 1302 282 2984 738 492 79 413 575 450 441 228 327 25540 442 144 282 187 179
is_linear=0
shrinkage=0.05


Tree=82
num_leaves=31
num_cat=0
split_feature=22 3 32 30 32 15 14 45 17 37 23 3 3 0 14 23 0 12 15 37 30 18 15 33 37 21 30 17 21 21
split_gain=4.76333 4.01932 3.06159 2.75855 2.54539 1.71124 1.77724 1.68294 1.6366 1.44967 1.33612 1.20183 1.15208 1.83751 1.1131 1.09992 1.07802 1.04729 1.25754 0.851751 0.800915 0.774034 0.743803 1.26075 0.689761 0.777802 0.617538 0.594176 0.562299 0.478587
threshold=1.0000000180025095e-35 1.1945966753204555 0.082207207207207214 5.5000000000000009 0.22474747474747478 614.00000000000011 552762.34500000009 1.0000000180025095e-35 5.5000000000000009 994.05000000000007 1.0000000180025095e-35 1.8806768610036946 0.80203339531218354 146.32000000000002 32707.424999999999 12.404120370370373 2013.9800000000002 5142.8200000000006 182.50000000000003 71.750000000000014 14.500000000000002 1.0000000180025095e-35 614.00000000000011 1.0000000180025095e-35 150.25000000000003 6.0765162037037044 17.500000000000004 14.500000000000002 11.893454861111113 32.081232638888899
decision_type=2 2 2 2 2 2 2 2 2 2 2 2 2 2 2 2 2 2 2 2 2 2 2 2 2 2 2 2 2 2
left_child=1 2 3 -1 14 17 -7 8 15 -9 12 19 13 -2 -4 -3 28 18 -5 -10 -20 -17 -13 27 25 -14 -21 -24 -16 -12
right_child=10 7 4 5 -6 6 -8 9 11 -11 29 22 24 -15 16 21 -18 -19 20 26 -22 -23 23 -25 -26 -27 -28 -29 -30 -31
leaf_value=0.020392237598595087 0.028730142285309353 -0.027781687172882596 -0.013479359970272262 -0.020882048225951789 -0.025360438220392346 -0.045177952507967925 0.026493229495252891 -0.037459310754123232 -0.0025951505138986277 0.020645545028470418 0.045417072128241219 0.034270830191603228 -0.023002967880728156 -0.031501885396332405 -0.00065436510189696142 -0.015295527570330062 -0.0063221208118546526 -0.023918957794027928 -0.011502108060211484 0.063431954209124883 0.049331595242021416 0.024303723890929871 -0.019175939970294372 0.029126293695698181 0.04398966640385607 0.023011550040461685 0.0046639203947729229 0.018967724081617288 0.070985370284051386 0.0005973411690984936
leaf_weight=2.1741932260338279 1.1384866888402014 1.8456789220799752 0.36730049000470844 0.71348647054401526 1.4163483983720651 11.771324586268744 0.29623429776984345 1.9369009156362147 0.63631347179761988 0.89950030483305443 7.2895535668358207 2.0126565191894752 0.73723148228600643 2.2204898829222657 0.28574182244483415 1.0694825645477979 0.47088139888364811 2.1046060250664596 0.29630098491907109 2.8070574564626445 1.1162867438979445 2.549767216318287 3.6745115807862021 1.9118875362910328 1.617758627515286 0.95370753685710952 0.69663982893689524 0.44820090220309783 1.6105504205333998 0.67066686693578947
leaf_count=137 18 621 395 674 1048 25261 166 641 351 25 323 37 29 428 26 659 184 897 167 716 132 77 456 73 63 49 250 13 79 18
internal_value=0 -0.00288344 -0.0170595 -0.0255984 0.0185331 -0.0325577 -0.0415258 0.0128351 0.0185826 -0.0184543 0.0292825 0.0281366 0.0104514 -0.00917933 0.0419711 -0.00378025 0.052023 -0.00392883 0.0171808 0.0476955 0.0370928 0.0118242 0.0139147 0.00321886 0.0278856 0.00185673 0.0553772 -0.012136 0.0636916 0.042129
internal_weight=0 43.1119 22.6233 18.4724 4.15082 16.2982 12.0676 20.4886 17.6522 2.8364 14.6279 12.1873 6.66767 3.35898 2.73447 5.46493 2.36717 4.23068 2.12607 4.14001 1.41259 3.61925 8.04726 6.0346 3.3087 1.69094 3.5037 4.12271 1.89629 7.96022
internal_count=34013 33085 29166 27434 1732 27297 25427 3919 3253 666 928 1896 587 446 684 1357 289 1870 973 1317 299 736 579 542 141 78 966 469 105 341
is_linear=0
shrinkage=0.05


Tree=83
num_leaves=31
num_cat=0
split_feature=36 37 2 15 12 15 19 21 33 37 19 21 14 25 18 19 19 14 15 38 2 33 37 0 37 38 2 37 22 14
split_gain=5.6436 8.85823 4.77197 3.20926 2.26148 2.2208 1.74402 1.72021 1.50926 1.36615 1.28032 1.3817 1.08913 0.890383 0.841837 0.772637 0.734322 0.721403 0.697051 0.675345 0.609408 0.569625 0.538252 0.405604 0.362796 0.346673 0.324572 0.310084 0.309756 0.260122
threshold=58.850000000000001 150.25000000000003 2.7338532495338232 758.50000000000011 53067.835000000014 80277.500000000015 21.206394675925928 32.548709490740748 1.0000000180025095e-35 60.550000000000004 0.80135995370370383 11.027870370370371 7687.4050000000016 1.0000000180025095e-35 1.0000000180025095e-35 26.835625000000004 13.743252314814816 98214.710000000021 64639.000000000007 0.55685684877229413 19.249882541093541 1.0000000180025095e-35 95.850000000000009 1212.7500000000002 123.05000000000001 2.9674897060337968 4.8000462868304981 461.15000000000003 1.0000000180025095e-35 17296.435000000001
decision_type=2 2 2 2 2 2 2 2 2 2 2 2 2 2 2 2 2 2 2 2 2 2 2 2 2 2 2 2 2 2
left_child=1 3 13 9 5 8 12 21 20 -1 11 17 -3 25 26 -9 24 27 -14 28 -5 -7 29 -20 -11 -2 -6 -4 -10 -21
right_child=2 6 10 4 14 7 -8 15 19 16 -12 -13 18 -15 -16 -17 -18 -19 23 22 -22 -23 -24 -25 -26 -27 -28 -29 -30 -31
leaf_value=-0.016178408636073768 -0.045006151984989001 -0.0042683886116928827 -0.026703595378961744 -0.040062316055079004 -0.017062212945623993 -0.021307859184957277 -0.0061014856340707805 0.065887084631113188 -0.026277156408520831 0.04466850745110789 -0.022584574656076582 0.038263664931455603 0.045719045261938623 0.011316654760752803 0.040034135808488656 -0.0081780352760048788 0.0036526488441590769 0.01776927291266683 0.010612765922517845 -0.007117915217919657 0.0044542568141615569 0.012652867582400805 -0.012126681477877189 0.10874710613104993 0.0027356479915215423 0.0050127362921015654 0.015330311896596087 0.0059086992037092724 0.0067252870836389412 0.030603342666267214
leaf_weight=1.0772859465214439 8.423493997397598 0.49072019342565631 1.5133603047288477 8.0949702377256507 0.91523596001206808 1.6661049110989548 0.89707246457692313 0.60782420984469343 1.4773012498917513 5.0119435897795483 1.497087250172626 3.2835890473797917 7.2436031187244208 0.40512929874239567 1.8816552068456076 0.19531463523162529 1.9419372983975334 1.4533303232165051 0.35809992434224103 0.16043922692188095 0.63407575595192689 1.4035762652638368 0.71598917141091067 1.1590285348356699 0.71292856329819176 0.16326201602350998 0.34994306601583958 0.59174407419050101 0.51954567048232991 1.5365621808450667
leaf_count=550 14295 134 179 10629 498 2233 401 27 1079 349 762 80 602 103 66 355 357 31 64 99 20 366 234 111 88 42 6 12 31 179
internal_value=0 0.0166852 -0.0168561 0.0020101 -0.0089922 -0.0163029 0.0545501 0.0143167 -0.0257026 0.0256945 0.0100002 0.0191008 0.0604527 -0.040271 0.0249302 0.053329 0.032766 -0.00309684 0.0641439 -0.00116804 -0.0367032 -0.00648622 0.0142274 0.0990022 0.0406298 -0.0436315 -0.00529014 -0.0185857 -0.0183116 0.0257202
internal_weight=0 39.0512 17.331 28.9026 20.1585 17.0117 10.1485 3.87282 13.1389 8.7441 8.33911 6.84202 9.25145 8.99189 3.14683 0.803139 7.66681 3.55843 8.76073 4.40984 8.72905 3.06968 2.41299 1.51713 5.72487 8.58676 1.26518 2.1051 1.99685 1.697
internal_count=33982 18478 15504 17166 15822 15252 1312 2981 12271 1344 1064 302 911 14440 570 382 794 222 777 1622 10649 2599 512 175 437 14337 504 191 1110 278
is_linear=0
shrinkage=0.05


Tree=84
num_leaves=31
num_cat=0
split_feature=36 37 2 15 12 23 22 15 37 33 19 37 33 23 14 30 19 18 15 2 32 28 14 6 33 14 30 35 15 24
split_gain=5.83162 8.45203 3.46521 2.63302 2.45311 2.03579 2.32343 1.4306 1.4048 1.44368 1.36643 1.24383 0.951042 0.93986 0.860704 0.904246 0.783003 0.763971 0.745239 0.700746 0.682915 0.579141 0.517949 0.51793 0.501171 0.382553 0.363696 0.386117 0.361207 0.353298
threshold=57.850000000000001 134.95000000000002 2.2110177072425423 758.50000000000011 75955.055000000008 37.118038194444452 1.0000000180025095e-35 80277.500000000015 767.50000000000011 1.0000000180025095e-35 23.137812500000006 49.45000000000001 1.0000000180025095e-35 1.4011574074074076 7687.4050000000016 14.500000000000002 0.027800925925925927 1.0000000180025095e-35 5529.0000000000009 5.7313164596176085 0.039607843137254913 1.0000000180025095e-35 45337.310000000005 3.5000000000000004 1.0000000180025095e-35 20082.185000000005 21.500000000000004 1.0000000180025095e-35 56591.000000000007 2.5000000000000004
decision_type=2 2 2 2 2 2 2 2 2 2 2 2 2 2 2 2 2 2 2 2 2 2 2 2 2 2 2 2 2 2
left_child=1 3 21 11 5 6 12 -7 9 23 14 -1 -5 24 -3 18 -13 -6 -16 20 -14 -2 -18 26 -8 -9 27 29 -11 -4
right_child=2 10 8 4 17 7 13 25 -10 28 -12 16 19 -15 15 -17 22 -19 -20 -21 -22 -23 -24 -25 -26 -27 -28 -29 -30 -31
leaf_value=-0.020075081772292159 -0.043160248171112796 -0.0012512003243069887 -0.03575449296513155 -0.044652772049208929 -0.0092694884867111516 -0.011336769427534987 -0.023328709726861189 -0.0044902400691609586 0.031587792112202952 0.028322841870582479 -0.0030418930246161337 0.044345891632018491 -0.035241737666330229 0.030684342170666075 0.028366497868482971 0.024193671997114228 -0.011809482329008428 0.04342331219373189 0.082821985270602069 0.012949192627386145 0.011814113138163456 0.0080343133878593206 0.020103917561222723 0.013494178671373619 0.011205780497329735 0.063050032759732075 0.0060738155381453371 0.0091018879664071656 -0.008728748012193659 0.0075903692827326841
leaf_weight=0.79350424121367069 7.7772274157614465 0.60163239573012006 4.0239278203516715 7.1229037051962276 0.52874508805689324 1.0205082287138783 1.5118994792574081 0.098154089500894659 2.0124239591532387 1.6757933274784593 1.0066140786511812 3.2259111971943639 1.6578356213576633 1.4191100904718039 2.4215638614259642 3.115613529458642 1.2030562821310016 1.5411407115752809 4.1026687965204474 1.3605719383340327 0.51832271445891809 0.284708813385805 2.4240222715307027 0.3486524624750017 1.0165729749714956 0.4922019692894537 0.47137815089081403 0.19291521608829487 0.35839155432768155 0.1739988001063465
leaf_count=493 13822 203 1401 11542 254 1029 231 137 59 150 532 179 1611 43 206 562 365 38 421 21 154 90 227 7 37 98 60 2 86 8
internal_value=0 0.0156649 -0.0186766 -0.00048296 -0.0107437 -0.0176209 -0.0236842 0.0253733 0.00256998 -0.0083437 0.0498963 0.0224619 -0.0349815 0.00772634 0.0549073 0.0582003 0.0293164 0.0313282 0.0690663 -0.00995466 -0.023843 -0.0406652 0.00925407 -0.0213695 -0.0102033 0.0560581 -0.0257449 -0.0296538 0.0210696 -0.0328433
internal_weight=0 37.1826 17.3194 25.9345 18.288 16.2181 14.6072 1.61086 9.25748 7.24506 11.2481 7.64649 10.6596 3.94758 10.2415 9.63985 6.85299 2.06989 6.52423 3.53673 2.17616 8.06194 3.62708 5.21087 2.52847 0.590356 4.86222 4.39084 2.03418 4.19793
internal_count=34068 18383 15685 16459 15195 14903 13639 1264 1773 1714 1924 1264 13328 311 1392 1189 771 292 627 1786 1765 13912 592 1478 268 235 1471 1411 236 1409
is_linear=0
shrinkage=0.05


Tree=85
num_leaves=31
num_cat=0
split_feature=19 21 19 21 2 6 23 19 23 24 33 23 0 2 10 11 36 37 45 0 45 2 14 33 14 24 14 12 24 36
split_gain=5.61829 9.03559 4.57944 3.41777 4.26011 3.5344 1.96756 1.98413 1.88117 2.33422 1.62738 1.6242 1.14234 1.00641 0.932004 0.874266 0.890487 0.724656 0.706506 0.564943 0.541401 0.529466 0.525944 0.520808 0.460682 0.367823 0.30391 0.252352 0.233203 0.21975
threshold=21.025092592592596 18.53696180555556 0.027800925925925927 3.8986342592592598 0.24344554179186695 1.5000000000000002 25.156313657407413 15.250642361111113 19.219704861111115 2.5000000000000004 1.0000000180025095e-35 20.418009259259261 1261.2550000000003 19.249882541093541 1835.9400000000003 1.0000000180025095e-35 23.450000000000003 153.65000000000001 1.0000000180025095e-35 1110.7600000000002 1.0000000180025095e-35 2.7962566456686622 10008.715000000002 1.0000000180025095e-35 466359.55500000005 1.5000000000000002 31582.470000000005 5202.0900000000011 1.5000000000000002 73.550000000000011
decision_type=2 2 2 2 2 2 2 2 2 2 2 2 2 2 2 2 2 2 2 2 2 2 2 2 2 2 2 2 2 2
left_child=1 2 3 4 -1 14 7 18 9 -4 13 -10 27 28 15 16 17 -6 -3 26 -14 -16 -8 -13 25 -17 -12 -5 -2 -20
right_child=10 6 8 12 5 -7 22 -9 11 -11 19 23 20 -15 21 24 -18 -19 29 -21 -22 -23 -24 -25 -26 -27 -28 -29 -30 -31
leaf_value=0.042910105311244444 -0.044373452199734799 0.045189514454030494 -0.042798634747415562 -0.018184116093007831 -0.013244103533876389 0.032048937173364288 -0.0036128125073596053 -0.017061364792849441 0.051734674701475074 0.024044997934450675 -0.0087872419231531263 -0.026248464641773751 0.054506678530988395 0.015495782324281754 -0.015769816370312658 -0.044288128243410628 -0.022540688134883094 0.043000103910914286 -0.018123850992796477 -0.015087694049024353 0.0035669107370985415 0.022472732115954606 0.07654758098316003 0.011799374488977422 0.0036967542812940245 0.0030801281826402516 0.028588640024032691 0.012319608377627028 0.0015018437471056047 0.011472239957698426
leaf_weight=3.5331391216313994 6.2332984878157713 4.5615313867456262 7.865523506596217 0.52431054780026798 0.34099926994531227 2.54517298110295 0.12143211707007129 1.4289270781446246 0.48262032892671358 0.87176038231700648 0.21271228347905013 1.2655837273341606 4.6945954133407213 0.3238975554704665 0.76684986209147499 6.1237860942201223 1.1527336795697918 0.46691817796090618 0.27335189722361963 0.95065074614831235 0.73541272463626217 0.92561391094932333 4.5192455239593983 0.74531346818548616 0.43074446768150654 0.3021650421724188 1.1812457793275823 0.31324808587669395 0.22127582455868822 0.3086153662588913
leaf_count=273 10205 290 11739 126 470 44 90 1506 148 34 317 1539 198 4 504 4215 663 9 26 625 40 32 429 145 53 70 80 14 128 25
internal_value=0 0.0138843 0.00064378 0.0133798 0.000804032 -0.0128336 0.0507856 0.0266515 -0.02425 -0.0343449 -0.0272986 0.0108282 0.0419733 -0.0383902 -0.025543 -0.0315163 -0.00108314 0.025066 0.0395959 0.00665896 0.0492353 0.00572372 0.0741814 -0.0129113 -0.038973 -0.0419459 0.0215971 -0.00627982 -0.0428103 -0.00509827
internal_weight=0 45.2996 34.0865 22.8557 16.5881 13.055 11.2131 6.57243 11.2308 8.73728 9.12308 2.49352 6.26757 6.77847 10.5098 8.81735 1.96065 0.807917 5.1435 2.34461 5.43001 1.69246 4.64068 2.0109 6.8567 6.42595 1.39396 0.837559 6.45457 0.581967
internal_count=34041 22682 20316 6711 6333 6060 2366 1847 13605 11773 11359 1832 378 10337 6016 5480 1142 479 341 1022 238 536 519 1684 4338 4285 397 140 10333 51
is_linear=0
shrinkage=0.05


Tree=86
num_leaves=31
num_cat=0
split_feature=14 39 0 21 36 38 0 45 19 21 19 23 19 15 23 19 24 0 24 12 6 21 21 23 19 32 36 10 10 36
split_gain=4.13456 3.50731 2.99766 2.94706 2.91926 3.48094 2.73888 2.26256 1.15639 1.05532 2.43635 2.07486 1.4804 1.50515 0.935562 0.923609 0.820306 0.735945 0.662171 0.6173 0.490588 0.443268 0.432777 0.411156 0.406917 0.398584 0.374279 0.347463 0.300592 0.269289
threshold=32707.424999999999 1.0000000180025095e-35 2572.9050000000002 5.2896122685185194 59.45000000000001 0.0099424629060603665 29395.065000000006 1.0000000180025095e-35 33.04210069444445 11.027870370370371 11.97892939814815 31.21993055555556 0.32731481481481489 13904.000000000002 15.172997685185186 18.741325231481486 1.5000000000000002 172.07000000000002 1.5000000000000002 171661.18500000003 1.0000000180025095e-35 18.53696180555556 8.2807118055555566 21.809947916666669 1.0000000180025095e-35 0.036038961038961044 270.95000000000005 1148.7250000000001 1463.2100000000003 682.20000000000016
decision_type=2 2 2 2 2 2 2 2 2 2 2 2 2 2 2 2 2 2 2 2 2 2 2 2 2 2 2 2 2 2
left_child=1 2 16 29 5 18 -6 8 9 12 14 25 13 23 -11 21 27 -9 19 -2 26 22 -5 -7 -3 -12 -8 -1 -29 -4
right_child=4 24 3 15 6 7 20 17 -10 10 11 -13 -14 -15 -16 -17 -18 -19 -20 -21 -22 -23 -24 -25 -26 -27 -28 28 -30 -31
leaf_value=-0.044507446992345177 -0.033152206753378759 0.035318408047072029 -0.036557984282472256 0.026783752109601856 -0.033968716307863162 0.044601059918328509 -0.01645077737299749 0.017534649344086564 -0.016323714671439501 0.017440869062836591 -0.016440106734380885 0.046402022858323289 -0.017209427207986672 -0.016972284735349358 0.084597091077824663 -0.011846283913831562 0.0070965639728256258 -0.029094756741521996 0.015869087341695367 0.012581520958659954 0.029629649857417104 0.049847363160879128 -0.0072989841270684787 -0.00035305537689156582 -0.0078254218801718772 0.012176524564837329 0.015646166792812281 0.0081664695446088589 -0.022162965937586387 0.0041910866455835711
leaf_weight=8.3803629882750119 2.7139087150280865 2.7415057536563832 2.2597260307811662 0.87532014871249053 4.2695041937986371 4.1700925323530198 0.99062295971089065 0.50876817479729552 0.47409854270517726 1.2854384309903233 2.1028159432462421 2.9702262503851671 1.4600610592460723 0.84195682706194919 3.5606793446058873 0.80677377042593423 0.69124903398915272 1.3562334887974428 0.49858059012331057 0.36326767766149703 2.2423990967799909 1.6406112800759727 1.1973804934241341 0.54680448121507641 0.26676652510650445 1.1014084783382712 0.68412858445663005 0.73834078616346299 0.8822056568460539 0.2448006059275939
leaf_count=15410 2830 195 1155 139 6007 198 124 24 477 169 1324 332 810 174 85 787 358 861 34 23 67 89 511 64 406 189 32 358 902 8
internal_value=0 -0.0129031 -0.0215075 0.00379601 0.0151853 0.0237465 -0.00972327 0.0315629 0.0367369 0.0389155 0.0486237 0.0221346 0.0195098 0.0303076 0.0728142 0.0261614 -0.0370345 -0.014694 -0.0179623 -0.0259916 0.018237 0.0351806 0.0111268 0.0402396 0.0304947 -0.00604696 -0.00239168 -0.0404526 -0.0105013 -0.0325156
internal_weight=0 20.725 17.7168 7.02461 32.141 23.9543 8.18665 20.3786 18.5136 18.0395 11.0206 6.17445 7.01891 5.55885 4.84612 4.52009 10.6922 1.865 3.57576 3.07718 3.91715 3.71331 2.0727 4.7169 3.00827 3.20422 1.67475 10.0009 1.62055 2.50453
internal_count=34142 20318 19717 2689 13824 7594 6230 4707 3822 3345 2099 1845 1246 436 254 1526 17028 885 2887 2853 223 739 650 262 601 1513 156 16670 1260 1163
is_linear=0
shrinkage=0.05


Tree=87
num_leaves=31
num_cat=0
split_feature=19 24 23 19 38 32 15 19 3 14 6 32 15 30 38 15 3 14 30 34 30 12 10 23 14 15 38 19 11 3
split_gain=4.81593 3.56114 3.55221 4.72218 2.02022 1.73014 1.58965 1.41136 1.26049 1.18658 1.10439 1.01321 0.920287 0.88152 0.874142 0.95374 0.87353 0.747469 0.776249 0.536528 0.503509 0.452722 0.445298 0.434229 0.333447 0.293266 0.262904 0.254686 0.232962 0.228674
threshold=0.027800925925925927 1.5000000000000002 19.219704861111115 16.67264467592593 1.0000000180025095e-35 0.065591397849462371 50192.000000000007 5.9820023148148156 -2.439985648015996 13540.130000000003 1.0000000180025095e-35 0.087595907928388769 87720.000000000015 22.500000000000004 0.49884917192180334 24670.500000000004 3.4357288626039613 7687.4050000000016 17.500000000000004 1.0000000180025095e-35 13.500000000000002 1525.8750000000002 12831.405000000001 35.143981481481489 41821.270000000011 13175.500000000002 0.022070947528348824 20.02514467592593 11.500000000000002 2.4965913171622796
decision_type=2 2 2 2 2 2 2 2 2 2 2 2 2 2 2 2 2 2 2 2 2 2 2 2 2 2 2 2 2 2
left_child=4 2 22 7 10 8 9 -4 -5 21 -1 -7 29 23 15 -9 28 -14 19 -19 26 -6 -2 25 -16 -11 -17 -13 -10 -8
right_child=1 -3 3 5 6 11 12 14 16 13 -12 27 17 -15 24 20 -18 18 -20 -21 -22 -23 -24 -25 -26 -27 -28 -29 -30 -31
leaf_value=-0.031763214534410771 -0.044009944128896396 0.033187048833722886 -0.011185693049046666 0.017943430801054355 0.015963430020644896 0.040190414401129609 -0.024252171297166485 0.010653324903132234 -0.041524285700349432 0.04623634156780014 0.015970638008564072 0.0098750465939428256 -0.012202083306790479 -0.013572042838389996 -0.011944015462312878 -0.0015070119557394485 0.012205629192753892 0.046967231893835164 -0.012011770261568201 -0.006720054341173994 -0.0029774166240205398 -0.015594713755251344 0.00095860858118531277 0.0030920375020603314 0.022228987255204766 0.019034417513083046 0.10515979703146426 -0.020058535994934307 0.004265014955967884 0.0022917472498671853
leaf_weight=1.9522279788507177 7.6515553632925783 3.1728698929946395 0.67665349456365165 0.64932474735542367 1.2940732038405323 0.85269063699524883 1.6653095686051522 0.75542352275806501 6.2782522668712737 10.602142517192982 1.2552710347808895 0.36985123649355933 0.93955849792109836 0.36435582014382895 0.3124747144174761 0.030996915855212137 0.43909493880346406 1.6859475436795039 0.45863474742509414 0.28812086061225262 0.063199706200975925 1.2526427297852931 0.54297138546826307 0.95508908038027662 1.1844902631710281 3.3495952956727697 0.55139153875643387 0.9594859181670472 0.10550875627086487 0.93674994411412615
leaf_count=2618 12377 501 470 154 362 230 724 359 11153 1034 53 72 515 26 470 48 10 167 71 87 114 647 184 133 230 349 113 726 21 42
internal_value=0 -0.00981403 -0.0173786 -0.000731769 0.0202361 -0.0189283 0.0251837 0.0418075 -0.0295496 0.0323231 -0.0137265 0.0152995 0.00230945 0.0372905 0.0538763 0.0737713 -0.0357854 0.0174527 0.0291241 0.0395066 0.0962724 0.000420659 -0.0412501 0.0393088 0.0131691 0.0414154 0.102118 -0.0110663 -0.0402924 -0.0167129
internal_weight=0 24.5962 21.4234 13.2288 26.9997 9.65421 23.7922 3.57463 7.47218 17.8179 3.2075 2.18203 5.97432 15.2712 2.89798 1.40101 6.82286 3.37226 2.4327 1.97407 0.645588 2.54672 8.19453 14.9068 1.49696 13.9517 0.582388 1.32934 6.38376 2.60206
internal_count=34060 27232 26731 14170 6828 12366 4157 1804 11338 2551 2671 1028 1606 1542 1334 634 11184 840 325 254 275 1009 12561 1516 700 1383 161 798 11174 766
is_linear=0
shrinkage=0.05


Tree=88
num_leaves=31
num_cat=0
split_feature=36 37 2 15 0 3 14 21 24 21 19 37 25 6 19 21 6 19 14 6 21 19 37 45 0 0 21 4 13 24
split_gain=4.44461 8.22207 3.58686 2.45409 2.21895 1.5709 1.18901 1.03026 1.11648 0.977565 0.970548 0.938759 0.907497 0.863934 0.725194 0.636824 1.13678 0.929265 0.631462 0.591649 0.917882 0.593672 0.532763 0.402306 0.658971 0.74729 0.401169 0.347038 0.317303 0.2462
threshold=60.050000000000004 144.65000000000001 3.7461379636806407 758.50000000000011 10404.465000000002 -2.1014494415733505 10625.925000000003 37.064629629629643 2.5000000000000004 37.188472222222224 21.908668981481487 49.45000000000001 1.0000000180025095e-35 2.5000000000000004 0.027800925925925927 11.226539351851853 1.0000000180025095e-35 6.4836111111111121 45337.310000000005 1.5000000000000002 5.2896122685185194 6.4836111111111121 134.95000000000002 1.0000000180025095e-35 1145.075 3750.3550000000005 11.027870370370371 1.0000000180025095e-35 29.500000000000004 3.5000000000000004
decision_type=2 2 2 2 2 2 2 2 2 2 2 2 2 2 2 2 2 2 2 2 2 2 2 2 2 2 2 2 2 2
left_child=1 3 12 11 5 -5 -3 8 -7 -9 23 -1 13 29 -13 16 -4 -17 -16 20 22 -22 -6 24 -8 28 -20 -23 -26 -2
right_child=2 6 15 4 19 7 10 9 -10 -11 -12 14 -14 -15 18 17 -18 -19 26 -21 21 27 -24 -25 25 -27 -28 -29 -30 -31
leaf_value=-0.018158688303063251 -0.044304380060625377 -0.0083176193135479897 -0.024873227177543537 0.018180990199247422 -0.029319672109053153 -0.041083675246524121 0.021845989719966156 0.047800271595388633 0.01576050810933613 -0.017186926524552625 0.0043896209378295739 0.042550490990567402 0.010825800198706419 0.011491664402273177 -0.015524188641752978 0.03712646630880137 0.024872334013057575 -0.014877613652303745 -0.011607348095816981 0.027049929812892594 0.032840466673834438 -0.020431466446597074 0.014148866163141977 0.010292607309572013 0.095716074296023315 0.031274335566957683 0.025594467458686765 0.012708990066382592 0.012133797122342641 0.004397385218995767
leaf_weight=0.67518275551265361 7.9995102749671734 0.56506459973752399 1.7020811101538122 1.1247905112977594 1.8347112808551167 8.2208473792124988 2.0172876166761835 0.022480315528810801 0.43932498525828201 0.51438239292474464 1.0763151854625892 2.7088949938770384 0.55934170717955645 0.37995490815956223 1.0719719128392173 2.262705174973235 1.0176303084008393 0.55335251239011984 0.29729139589471776 1.9352186716860158 1.1698926537064838 0.682046637375606 0.27623920876067121 0.84497341336100351 2.5704787648573988 2.5167392782168463 2.4416193476936314 0.58128371764905751 0.44775344588560972 0.090671712532639392
leaf_count=466 14786 287 155 325 472 13363 276 44 16 807 411 192 114 23 409 65 14 159 63 43 58 631 13 171 234 195 177 19 26 2
internal_value=0 0.0141354 -0.0180008 -0.00220325 -0.0125459 -0.0260262 0.0498527 -0.0326854 -0.036867 0.0148662 0.0537852 0.020532 -0.0360121 -0.0399217 0.0264207 0.0123928 -0.00457732 0.0256869 0.00849379 0.00953715 -0.00145474 0.0165996 -0.0209118 0.0589756 0.0625821 0.071814 0.019532 -0.00630494 0.0894221 -0.0433348
internal_weight=0 34.0348 14.5652 23.9962 16.8012 10.3218 10.0386 9.19704 8.66017 0.536863 9.47355 7.19496 9.02948 8.47014 6.51978 5.53577 2.71971 2.81606 3.81088 6.47939 4.54417 2.43322 2.11095 8.39723 7.55226 5.53497 2.73891 1.26333 3.01823 8.09018
internal_count=34016 18698 15318 17098 15791 14555 1600 14230 13379 851 1313 1307 14925 14811 841 393 169 224 649 1236 1193 708 485 902 731 455 240 650 260 14788
is_linear=0
shrinkage=0.05


Tree=89
num_leaves=31
num_cat=0
split_feature=36 37 19 21 15 6 24 15 6 37 19 14 9 13 17 36 39 24 19 14 30 14 12 30 19 3 38 30 12 43
split_gain=5.3022 6.72375 2.45847 2.5098 2.40556 2.4509 1.56602 1.4776 1.18404 1.10335 0.962802 0.98399 0.879921 0.878834 0.835289 0.810779 0.654931 0.534418 0.483143 0.4706 0.452158 0.423633 0.386035 0.318225 0.300588 0.279386 0.261245 0.228293 0.222149 0.220357
threshold=59.45000000000001 150.25000000000003 0.027800925925925927 11.027870370370371 758.50000000000011 1.0000000180025095e-35 2.5000000000000004 96571.500000000015 1.0000000180025095e-35 55.050000000000004 16.67264467592593 7687.4050000000016 2.5000000000000004 26.500000000000004 5.5000000000000009 38.550000000000004 1.0000000180025095e-35 2.5000000000000004 0.80135995370370383 13540.130000000003 14.500000000000002 20082.185000000005 6334.2650000000012 4.5000000000000009 23.137812500000006 -3.2337409725332322 1.4463686506693341 3.5000000000000004 3584.2650000000008 1.0000000180025095e-35
decision_type=2 2 2 2 2 2 2 2 2 2 2 2 2 2 2 2 2 2 2 2 2 2 2 2 2 2 2 2 2 2
left_child=1 4 3 8 9 6 7 12 29 -1 11 -3 16 19 -7 25 23 -4 -16 -11 22 -17 -13 27 26 -9 -21 -6 -12 -2
right_child=2 10 17 -5 5 14 -8 15 -10 13 28 20 -14 -15 18 21 -18 -19 -20 24 -22 -23 -24 -25 -26 -27 -28 -29 -30 -31
leaf_value=-0.017086148184356973 -0.038246275128172823 -0.0085153001789495999 -0.043595051409024518 0.029590747309764805 -0.017175439446896489 -0.011104120194500558 0.025518355233798536 0.012155500948801343 0.0080865514573338158 -0.0038006752915358795 0.018189034374128967 0.082411922689249462 0.01622245461878449 -0.0060171975176500393 0.043519418727722664 -0.0070620375139831236 0.0061443040128847199 0.0087070949765978359 -0.0030267434392298718 0.044943743417795952 0.024933819088662101 0.048005931415196941 0.027874757730634671 -0.039721889953284559 -1.2276413068662438e-05 -0.01936790349394155 -0.00020192637274511475 0.010678178722747093 -0.0075744737684965025 0.0045304321316597283
leaf_weight=0.90517715481110173 3.1300464932573946 0.32569959360989553 6.1971742644091128 3.046672334370669 0.5108203744166484 0.78813878865912501 0.97780908364802677 0.26546710357069958 1.8842682113172484 0.5169174053298774 0.86759565424290463 2.9627703533915337 0.37833911646157581 1.2416705983341669 1.9493338986067104 0.16427378336084064 0.67919824356795366 0.20146608166396607 0.53501168615184713 4.543489805306308 2.4586960437009111 0.38959635648643598 1.9641804306884294 8.7430702917627041 0.44985018373699848 1.0245043339673436 0.33063950040377665 0.51264641102170572 0.75424689493956976 0.11161321445251804
leaf_count=500 2076 131 13140 127 221 70 36 5 31 201 262 233 39 146 46 306 270 7 90 308 328 121 122 13222 112 1433 49 63 274 12
internal_value=0 0.0149475 -0.0201111 -0.00107439 0.000845404 -0.00977507 -0.0190501 -0.0241056 -0.0211558 0.0219246 0.0488559 0.0555775 -0.0307958 0.0284074 0.0243071 0.0121873 -0.0337674 -0.040994 0.0355037 0.0355353 0.0590824 0.0376394 0.0690415 -0.0368558 0.0393516 -0.0104054 0.0423682 -0.00484154 0.00788845 -0.0360526
internal_weight=0 34.2391 14.5712 8.1726 24.906 16.9182 13.6457 12.6679 5.12593 7.98774 9.33319 7.71135 10.8241 7.08257 3.27248 1.84384 10.4457 6.39864 2.48435 5.8409 7.38565 0.55387 4.92695 9.76654 5.32398 1.28997 4.87413 1.02347 1.62184 3.24166
internal_count=33981 18588 15393 2246 17238 15922 15716 15680 2119 1316 1350 814 13815 816 206 1865 13776 13147 136 670 683 427 355 13506 469 1438 357 284 536 2088
is_linear=0
shrinkage=0.05


Tree=90
num_leaves=31
num_cat=0
split_feature=19 21 17 2 0 21 19 6 15 21 17 30 3 3 32 30 15 15 19 36 0 12 32 0 2 38 38 13 38 2
split_gain=3.88298 5.13847 2.44815 2.44535 3.64688 2.56759 2.49437 2.3069 1.26577 1.19219 0.875244 0.846371 1.04744 0.750489 0.728192 0.620397 0.602258 0.544766 0.449064 0.440932 0.410136 0.388476 0.380026 0.344722 0.330567 0.328397 0.267424 0.209174 0.202349 0.165798
threshold=21.025092592592596 22.218206018518522 13.500000000000002 0.25580276569398636 2572.9050000000002 5.2896122685185194 4.8475231481481496 1.0000000180025095e-35 172797.50000000003 20.217013888888889 4.5000000000000009 6.5000000000000009 3.4357288626039613 2.0064716797994779 0.075498575498575513 5.5000000000000009 691.50000000000011 829.50000000000011 16.075364583333336 57.850000000000001 1110.7600000000002 16163.860000000002 0.25462962962962971 758.56500000000017 0.33429466981528083 1.7459230229238742 1.1306882352562224 7.5000000000000009 0.0099424629060603665 19.249882541093541
decision_type=2 2 2 2 2 2 2 2 2 2 2 2 2 2 2 2 2 2 2 2 2 2 2 2 2 2 2 2 2 2
left_child=1 2 3 19 14 7 9 15 13 -7 -9 20 25 -8 21 29 -15 -17 -4 23 -2 24 27 28 -5 -13 -16 -3 -1 -6
right_child=11 22 18 4 5 6 8 10 -10 -11 -12 12 -14 16 26 17 -18 -19 -20 -21 -22 -23 -24 -25 -26 -27 -28 -29 -30 -31
leaf_value=-0.0039815912437394171 0.019099344343383808 0.0025134455653312219 0.042414398099202812 0.00027261532764263772 -0.0083741001035261119 0.046673144604844063 -0.03247191282076458 -0.013268935834288337 0.041613110516270091 -0.013446988593345702 0.030680932270400831 -0.04179293758844807 0.015509444693785891 0.02644862135976497 -0.012063181262959657 -0.0019159736504293743 -0.015116777308590131 -0.042073508465524684 -0.0078587000221136873 -0.0090428264345992059 -0.015396073256284525 -0.00076576163604718942 -0.0018592614279945977 -0.0058526446857244986 -0.042766473557333214 -0.0017202320481488884 0.016519490323683859 0.058286545471546096 0.041227520510584696 0.019431067337077494
leaf_weight=0.086201952508421775 0.96724649472162016 0.26890987873775785 3.1906017386208982 0.46162630437174978 0.19473363395082 5.4579825524560857 2.1449004874157263 1.0324045560264496 0.11508478707401071 0.50318732057348814 2.286080303194467 5.2429735788318794 0.49551465641707171 0.69854685594327726 0.75513795521692351 1.1332956108381038 0.86601894491468556 4.0347542403906118 0.18220054272387631 0.21877271070843551 0.58494115096982569 0.72243381258158468 0.23084608381032001 0.20370739075588051 6.3280536762031261 0.65291619827621605 0.54387531729298644 4.5328950866241939 3.2044304437586106 0.24979542195796967
leaf_count=101 108 113 360 472 63 283 3091 47 105 13 83 10187 10 18 624 165 220 2797 91 283 218 403 34 52 12382 771 131 514 274 1
internal_value=0 0.0110027 0.00347696 -0.00138405 -0.00685542 0.00580284 0.0224555 -0.0128672 -0.00808423 0.0403957 0.0171014 -0.0254249 -0.032546 -0.0181347 -0.0315952 -0.030493 0.00651807 -0.0350057 0.0385225 0.0320271 0.00516077 -0.0369257 0.0536073 0.0360383 -0.0401809 -0.0382482 0.00188406 0.0561347 0.0393913 0.0098856
internal_weight=0 39.6465 34.6138 31.241 27.5279 18.7168 9.78572 8.93106 3.82455 5.96117 3.31848 7.94359 6.3914 3.70947 8.81113 5.61258 1.56457 5.16805 3.3728 3.71311 1.55219 7.51211 5.03265 3.49434 6.78968 5.89589 1.29901 4.8018 3.29063 0.444529
internal_count=34014 22720 22059 21608 20898 6886 3730 3156 3434 296 130 11294 10968 3329 14012 3026 238 2962 451 710 326 13257 661 427 12854 10958 755 627 375 64
is_linear=0
shrinkage=0.05


Tree=91
num_leaves=31
num_cat=0
split_feature=36 37 19 21 6 15 0 45 15 37 30 19 14 12 14 0 19 24 16 24 15 20 21 36 13 13 22 0 36 37
split_gain=4.5559 6.47643 3.51398 2.46924 2.11096 2.10413 1.97813 1.80655 1.72955 1.01622 0.927123 0.860517 0.871379 0.882335 0.837784 0.669176 0.569725 0.540738 0.520882 0.449296 0.445486 0.444308 0.402528 0.358416 0.338904 0.325617 0.34814 0.284968 0.258549 0.250802
threshold=60.050000000000004 150.25000000000003 0.027800925925925927 11.027870370370371 1.0000000180025095e-35 758.50000000000011 8425.6500000000033 1.0000000180025095e-35 96571.500000000015 49.45000000000001 7.5000000000000009 23.137812500000006 7687.4050000000016 6334.2650000000012 20082.185000000005 1145.075 13.743252314814816 1.5000000000000002 1.5000000000000002 2.5000000000000004 1877.5000000000002 1.5000000000000002 5.2896122685185194 29.850000000000005 6.5000000000000009 24.500000000000004 1.0000000180025095e-35 106.38000000000001 34.250000000000007 92.350000000000009
decision_type=2 2 2 2 2 2 2 2 2 2 2 2 2 2 2 2 2 2 2 2 2 2 2 2 2 2 2 2 2 2
left_child=1 5 3 4 29 9 8 18 10 -1 25 12 -3 15 27 -14 24 -12 22 -4 -17 -20 -8 -16 -11 26 -7 -10 -18 -2
right_child=2 11 19 -5 -6 6 7 -9 14 16 17 -13 13 -15 23 20 28 -19 21 -21 -22 -23 -24 -25 -26 -27 -28 -29 -30 -31
leaf_value=-0.016822452431845946 0.0052405591163769963 -0.004375542077170118 -0.043001280055608999 0.034322564107561016 0.018079456300781827 -0.023221542656500171 -0.016323410658059662 -0.030577144525110123 0.011861640812210129 -0.0046282622326550456 -0.041413870926675256 -0.0013387984713300659 0.02084068232450877 0.028969141993349219 -0.0044855820994528957 0.0039838356363399736 -0.012089452597198199 0.0063953020595185267 0.037014080814914578 0.0076645427708962877 0.091702076920239781 -0.0020306545492256192 0.015435184847154988 0.048263469352829214 0.040372643104484351 0.017891910128625212 0.011123482453563338 -0.020968400525770359 0.014100991832254488 -0.037753802759395723
leaf_weight=0.68136163195595401 0.12420638013281715 0.4251650008663973 5.6879766839556387 3.4957288364530541 2.3999718448612839 0.82727108660037785 0.85348547980538514 1.0517886599845949 0.27317969576688461 0.24265491019468743 5.4152420178143075 0.64539325959049243 1.2753585167520194 3.7045869478606619 0.20723303154227324 0.24764110730029676 0.63654465958825301 0.38074291398515914 3.7079756572202314 0.1732463166117667 2.8402331614051946 0.74334939016262058 1.164822587801609 0.57077217113692313 4.9137425690714736 0.62569954674108874 0.46844410349149257 0.69768585509154946 1.3458141376613637 3.2219657915993594
leaf_count=480 27 144 12991 137 37 505 207 376 10 74 11932 354 268 329 304 26 190 198 424 6 236 274 353 175 388 66 22 1209 190 2061
internal_value=0 0.0188172 -0.013434 0.00608002 -0.0136425 0.00485097 -0.00516009 0.0130427 -0.0194874 0.0247175 -0.0291212 0.052513 0.0563152 0.0596434 0.0181529 0.0754298 0.0302621 -0.0377943 0.0232783 -0.0406049 0.0873627 0.0313174 0.00104669 0.0395926 0.0378471 0.00102314 -0.0113681 -0.0103994 0.00445734 -0.0353193
internal_weight=0 33.9462 15.1031 9.24187 5.74614 24.8078 16.9877 7.52142 9.46627 7.82012 7.7174 9.13838 8.49298 8.06782 1.74887 4.36323 7.13876 5.79598 6.46963 5.86122 3.08787 4.45133 2.01831 0.778005 5.1564 1.92141 1.29572 0.970866 1.98236 3.34617
internal_count=33993 18734 15259 2262 2125 17377 16055 1634 14421 1322 12723 1357 1003 859 1698 530 842 12130 1258 12997 262 698 560 479 462 593 527 1219 380 2088
is_linear=0
shrinkage=0.05


Tree=92
num_leaves=31
num_cat=0
split_feature=36 37 2 38 0 9 0 45 3 37 37 21 15 24 6 22 23 0 10 36 38 19 45 37 21 19 19 30 6 30
split_gain=3.16536 4.91131 3.12436 1.85926 1.41651 1.26574 1.20154 1.60648 1.2763 0.872193 0.863601 0.748784 0.718055 0.653944 0.640997 1.17369 0.752569 0.577457 0.75773 0.577191 0.571966 0.54147 0.471074 0.413359 0.385738 0.405631 0.305903 0.275852 0.2739 0.261554
threshold=60.050000000000004 150.25000000000003 2.7338532495338232 0.017733858832087983 35003.370000000003 1.5000000000000002 1752.0950000000003 1.0000000180025095e-35 -2.6028089179770437 767.50000000000011 74.550000000000011 8.1814872685185218 146785.00000000003 1.5000000000000002 1.0000000180025095e-35 1.0000000180025095e-35 23.394195601851855 45425.610000000008 1413.7100000000003 43.750000000000007 2.9674897060337968 18.741325231481486 1.0000000180025095e-35 100.65000000000002 6.4998206018518525 9.1756539351851867 23.256145833333338 6.5000000000000009 4.5000000000000009 4.5000000000000009
decision_type=2 2 2 2 2 2 2 2 2 2 2 2 2 2 2 2 2 2 2 2 2 2 2 2 2 2 2 2 2 2
left_child=1 3 20 4 -1 6 8 10 -5 14 11 -8 19 29 15 -4 -16 18 27 22 28 -13 26 -20 -21 -26 -3 -12 -2 -10
right_child=2 12 9 5 -6 -7 7 -9 13 -11 17 21 -14 -15 16 -17 -18 -19 23 24 -22 -23 -24 -25 25 -27 -28 -29 -30 -31
leaf_value=-0.038312980543279092 -0.040194295712242645 0.062836641342614158 -0.030240880001080991 0.021789324153033515 0.010272513155072324 0.031201264324760686 -0.0065588045327135483 -0.02955098003892058 -0.0013219161244509511 0.031032703572877435 0.0061945951413810603 0.05488543117953 -0.0091378453639740561 0.011845186715178313 -0.014833213267042301 0.019567939390942063 0.030720775453671426 0.025750581741872149 -0.010210444379004913 -0.011611529002897632 0.0095738773065066549 -0.001992839114967409 0.0045627533573939809 0.027204828611116769 0.033204769142406491 -0.0045236484018697943 0.0081688159926132393 -0.02350818064640289 0.0049615840166940357 -0.037860119304738094
leaf_weight=3.3154059881053426 6.3714168536534981 4.7675301337731035 2.3842109809338585 0.9624142286775158 1.7638394995592532 3.8834426837274796 0.52947456930996528 1.1102641682809924 0.63991329114651696 1.8924145402270367 0.56515145470621098 1.8841567424824464 0.30288247173302885 0.44388007099041704 0.71175619325367767 0.98681295535061497 1.3600597818149252 1.4941019925754515 0.46655501137138333 0.35612675658194382 0.2861227978428359 0.40960747993085522 0.61435418578912493 1.2717480312276164 1.5225567044690254 0.69209437095560122 0.61039101032656606 2.245367825118592 0.13620309508405615 3.127266416195198
leaf_count=7029 14160 446 889 109 77 554 297 761 90 57 77 275 93 99 25 43 39 45 156 137 52 371 125 147 73 340 170 2161 9 5194
internal_value=0 0.014003 -0.0135455 0.0017686 -0.0225266 0.00905283 0.00179499 0.0116206 -0.0159657 0.0088069 0.0192489 0.0380456 0.0437249 -0.0271199 -0.00253796 -0.0145192 0.0153369 0.00631211 -0.00356272 0.0463547 -0.0357131 0.0472071 0.0547652 0.0171012 0.0169038 0.0236749 0.0588855 -0.0174772 -0.0387142 -0.0332328
internal_weight=0 32.9785 14.129 24.1126 5.07925 19.0333 15.1499 9.97643 5.17347 7.33525 8.86616 2.82324 8.86594 4.21106 5.44284 3.37102 2.07182 6.04292 4.54882 8.56305 6.79374 2.29376 5.99228 1.7383 2.57078 2.21465 5.37792 2.81052 6.50762 3.76718
internal_count=34100 18826 15274 17442 7106 10336 9782 4290 5492 1053 3529 943 1384 5383 996 932 64 2586 2541 1291 14221 646 741 303 550 413 616 2238 14169 5284
is_linear=0
shrinkage=0.05


Tree=93
num_leaves=31
num_cat=0
split_feature=19 21 33 19 21 3 5 3 3 0 30 17 17 45 17 24 13 39 13 11 13 13 45 23 36 3 0 24 10 24
split_gain=2.83199 6.12459 2.60284 1.97803 2.9188 1.29802 1.12607 1.61346 0.949039 0.857274 0.778601 1.2231 0.755593 0.707441 0.58955 0.555763 0.547661 0.478582 0.366127 0.31723 0.406965 0.327905 0.287241 0.272372 0.290399 0.267679 0.251543 0.24353 0.246117 0.197043
threshold=23.137812500000006 25.1337962962963 1.0000000180025095e-35 0.027800925925925927 3.8986342592592598 2.0064716797994779 1.0000000180025095e-35 -3.2337409725332322 -2.1014494415733505 1577.3700000000001 5.5000000000000009 5.5000000000000009 8.5000000000000018 1.0000000180025095e-35 17.500000000000004 2.5000000000000004 49.500000000000007 1.0000000180025095e-35 7.5000000000000009 1.0000000180025095e-35 6.5000000000000009 5.5000000000000009 1.0000000180025095e-35 33.176452546296304 62.350000000000001 -2.186798405615956 193.58000000000001 1.5000000000000002 76200.015000000014 2.5000000000000004
decision_type=2 2 2 2 2 2 2 2 2 2 2 2 2 2 2 2 2 2 2 2 2 2 2 2 2 2 2 2 2 2
left_child=1 2 3 4 6 15 7 -1 -2 -6 -4 17 -7 23 29 25 19 -12 -3 20 21 -9 -11 24 -13 -5 -15 28 -21 -10
right_child=8 18 10 5 9 12 -8 16 14 22 11 13 -14 26 -16 -17 -18 -19 -20 27 -22 -23 -24 -25 -26 -27 -28 -29 -30 -31
leaf_value=0.023934766946604069 0.014382675107979427 0.00084680168053699362 0.034548860555928478 -0.0010327638503947907 -0.0067900466832345133 -0.018089169615322483 0.013040960767065474 -0.0098363840459356634 -0.038495255451313694 0.048478040761055462 -0.028698492005395412 0.0358462722999629 0.024765594241736674 0.01017576947448595 0.0078855337527678187 0.011006757417997394 0.011362095924802513 0.0087591944926582802 0.06055909932932662 -0.041674900723122445 -0.020055490385402493 0.030258161421158111 0.003592461435604169 -0.0058010991412831272 -0.0022832490541094762 -0.03724839781464561 -0.022210099902007396 0.0019196102171165162 0.0047685893697249635 0.004210550338949101
leaf_weight=0.9558676719898348 0.72600864482228633 0.29946875043969967 4.613452419464009 0.60741401260019845 0.74243296909844403 0.89026281100814264 2.8753263689577579 0.24457109099603502 4.5361569873057297 2.9175190753012434 1.5258564790856328 3.2079179283900894 1.3732930663973091 0.24983137287199486 0.479427163285436 0.26914421282708634 0.29028483048023179 0.72006887281895604 4.4346129744662903 4.4172409133607289 0.5830137011653278 0.20906403909611981 0.57808221084997047 0.22725370066473249 0.43616543749521941 6.9109011155669595 0.51815499782969709 0.27492751361569379 0.097727829357609042 0.08888258971273888
leaf_count=67 238 118 233 371 146 275 36 599 9344 135 1576 730 80 18 129 9 30 45 431 4285 395 69 35 58 511 13702 231 81 2 3
internal_value=0 0.00961351 0.00186345 -0.00742957 0.00462767 -0.0233261 -0.0103649 -0.0203171 -0.0251872 0.0350803 0.0204786 0.00786499 0.0075325 0.0211797 -0.0322493 -0.0321321 -0.0296237 -0.0176904 0.0575882 -0.0330309 -0.00363643 0.0167456 0.0435054 0.0288298 0.0317736 -0.0347872 -0.0118781 -0.0376658 -0.0399872 -0.0370719
internal_weight=0 40.4699 35.7358 24.2371 14.1861 10.051 9.94802 7.0727 5.83048 4.23803 11.4987 6.88525 2.26356 4.63932 5.10447 7.78746 6.11683 2.24593 4.73408 5.82655 1.03665 0.453635 3.4956 3.87134 3.64408 7.51832 0.767986 4.7899 4.51497 4.62504
internal_count=33982 24268 23719 20317 5880 14437 5564 5528 9714 316 3402 3169 355 1548 9476 14082 5461 1621 549 5431 1063 668 170 1299 1241 14073 249 4368 4287 9347
is_linear=0
shrinkage=0.05


Tree=94
num_leaves=31
num_cat=0
split_feature=36 37 3 38 3 15 21 19 19 36 19 21 14 3 32 3 37 23 14 24 14 38 39 15 19 14 30 24 3 17
split_gain=3.89181 5.00868 2.73891 1.98447 1.36654 1.23648 1.57102 1.37363 1.27237 0.953787 0.846281 1.2768 0.909632 0.705922 1.11612 0.600283 0.705179 0.527636 0.476195 0.473491 0.379001 0.355927 0.351382 0.294531 0.297386 0.275589 0.272428 0.251226 0.207425 0.206805
threshold=57.350000000000001 150.25000000000003 1.3582783326291494 0.017733858832087983 4.641437745208993 4522.5000000000009 32.548709490740748 33.04210069444445 0.027800925925925927 43.750000000000007 1.129039351851852 9.0861226851851864 104142.41 2.0064716797994779 0.057983193277310933 -2.1014494415733505 134.15000000000001 31.346209490740744 11109.660000000002 1.5000000000000002 635824.20000000019 2.9674897060337968 1.0000000180025095e-35 146785.00000000003 23.256145833333338 466359.55500000005 13.500000000000002 2.5000000000000004 4.641437745208993 6.5000000000000009
decision_type=2 2 2 2 2 2 2 2 2 2 2 2 2 2 2 2 2 2 2 2 2 2 2 2 2 2 2 2 2 2
left_child=1 3 21 4 20 8 15 -8 17 23 11 12 -4 14 -10 -7 19 18 -5 22 -1 25 28 24 -3 -2 -20 -12 -17 -11
right_child=2 9 10 5 -6 6 7 -9 13 29 27 -13 -14 -15 -16 16 -18 -19 26 -21 -22 -23 -24 -25 -26 -27 -28 -29 -30 -31
leaf_value=-0.037748656473904699 -0.041214949388377525 0.057919048983067968 -0.023221405275397414 -0.0053931827259488486 0.020351603073701791 0.017098762649276157 0.056034028171714101 -0.016181366907450027 -0.026229907960122586 -0.010220010255231303 -0.02647888324074936 0.033233322681723146 0.018480243590788415 0.025630522460807312 0.02011758968056581 -0.03313690853216119 0.014274576519877425 -0.0065124963604920767 0.0075750314013953313 0.010472406786108423 0.0070629828611570153 0.0064670685920869588 0.0060619903030307383 0.00016630414215755047 0.007222748512182635 0.0015625154753061571 0.05621166299075249 0.0080290635595111261 -0.00034620068223964988 0.014934028791234491
leaf_weight=3.6925788606167838 5.7821648557292047 6.1784605665307009 2.1744018600584245 0.22623751558421901 0.76106672268360842 0.68605890203616837 0.82516406619106397 0.47092386551958043 2.1696838782081618 0.41028447280405078 1.3170754138991467 2.8366554952226579 1.2915767742088062 1.3479226650670169 1.278747848147759 4.5472039011947301 0.83085162943461899 0.28097278275527049 0.69203773315530304 0.43586288669030171 0.20885814356734034 0.17972434841794882 0.41239939846855111 0.26115060769370746 0.6242614029906689 0.32297712632862374 2.5146023993438575 0.18636240065097798 0.55148569296579797 1.3601839541515799
leaf_count=6964 14035 570 275 137 14 129 175 890 1758 278 1105 85 37 57 130 5593 398 29 94 112 26 38 167 60 192 212 147 9 16 206
internal_value=0 0.0159526 -0.014944 0.00253886 -0.0234454 0.0104533 -0.00279935 0.0341754 0.0229547 0.0456101 0.00503192 0.0131651 -0.00702314 0.00394746 -0.00838444 -0.0124992 -0.0173083 0.0414572 0.0459669 -0.0231404 -0.0343982 -0.0370398 -0.0269989 0.0530404 0.0547887 -0.0390505 0.0500111 -0.0207028 -0.0302285 0.00752
internal_weight=0 30.767 14.0909 21.9327 4.6625 17.2702 8.75995 1.29609 8.5102 8.83434 7.80607 6.30263 3.46598 4.79635 3.44843 7.46386 6.7778 3.71385 3.43288 5.94695 3.90144 6.28487 5.51109 7.06387 6.80272 6.10514 3.20664 1.50344 5.09869 1.77047
internal_count=33938 18142 15796 16836 7004 9832 7480 1065 2352 1306 1511 397 312 1945 1888 6415 6286 407 378 5888 6990 14285 5776 822 762 14247 241 1114 5609 484
is_linear=0
shrinkage=0.05


Tree=95
num_leaves=31
num_cat=0
split_feature=36 37 19 37 21 5 19 23 22 19 21 36 0 12 37 14 3 38 21 45 23 10 10 0 25 19 16 22 37 43
split_gain=3.32225 5.46027 3.15131 2.38762 1.8909 2.26885 1.4573 1.97804 1.7291 1.14318 0.840853 0.865047 0.796346 0.778939 0.688209 0.623925 0.614709 0.509457 0.469608 0.451464 0.407501 0.401665 0.386386 0.379943 0.367547 0.36517 0.290629 0.236937 0.232665 0.217312
threshold=57.850000000000001 150.25000000000003 0.80135995370370383 43.050000000000004 11.027870370370371 1.0000000180025095e-35 0.027800925925925927 37.118038194444452 1.0000000180025095e-35 33.04210069444445 1.0000000180025095e-35 22.550000000000004 29395.065000000006 6334.2650000000012 95.15000000000002 10625.925000000003 4.641437745208993 0.65270517996593413 29.868975694444448 1.0000000180025095e-35 0.15022569444444447 1148.7250000000001 1996.0900000000004 1145.075 1.0000000180025095e-35 21.908668981481487 3.5000000000000004 1.0000000180025095e-35 76.950000000000017 1.0000000180025095e-35
decision_type=2 2 2 2 2 2 2 2 2 2 2 2 2 2 2 2 2 2 2 2 2 2 2 2 2 2 2 2 2 2
left_child=1 3 4 12 5 24 10 8 21 18 11 28 -1 15 -12 -3 -13 19 -9 23 -10 -8 -23 -17 29 -15 -14 -4 -5 -2
right_child=2 13 27 6 -6 -7 7 9 20 -11 14 16 26 25 -16 17 -18 -19 -20 -21 -22 22 -24 -25 -26 -27 -28 -29 -30 -31
leaf_value=-0.037280315365451587 -0.038950250793601954 -0.0009278740818266612 -0.041168447222461241 -0.00023480583688932969 0.032146681471406299 0.024757732416185858 -0.033104608739091261 -0.0057304359964032991 -0.010175066812711402 -0.014236167779611798 0.056398383425087142 -0.025704585374825124 -0.010316131886606213 0.027163129287743604 0.004501226773688586 0.018264459385484814 0.01499794779624148 0.023049612200003299 0.059524554346615605 0.0020413338740673716 0.03126892654392438 0.01173450877332045 -0.017825548982232792 0.093643441662428273 0.0076317000590803144 -0.0093988851891207304 0.018225518259482983 -0.0015108946146397612 0.032489041241952774 0.0043827796997775855
leaf_weight=2.8875047134788536 2.9312151377671389 0.3429279047122672 4.5900598494772558 0.66020290073356891 3.481178249916411 1.9357015426503492 3.5321672410063893 0.12901041808072466 0.25433494674507517 0.39076177560491476 2.0773316155537036 1.3401133732404562 1.1022861824603749 3.6637004446238284 1.0408595962653633 0.79005944050732146 0.70466929452959437 1.714912580035161 1.0861674076440975 0.23584125289926294 1.462573076598346 1.076185266079847 1.4987148695508947 1.9804061332251874 0.18260760509292584 0.29669825686141837 0.56709268130362023 0.48751756281126279 1.7313731819158418 0.10811133023526043
leaf_count=7002 2434 230 12850 161 144 28 6524 157 126 584 204 749 93 303 172 129 15 297 73 51 53 292 634 151 16 132 12 221 195 17
internal_value=0 0.0183909 -0.0105247 0.00400991 0.00804004 -0.0108091 0.0127022 -0.000773271 -0.0120098 0.0375716 0.027647 0.00988985 -0.0248437 0.0488937 0.0443746 0.0619451 -0.0113588 0.0658759 0.0531373 0.0784545 0.0236442 -0.0239499 -0.00564434 0.0826927 -0.0329801 0.0230814 0.00257499 -0.0382359 0.0260498 -0.0367054
internal_weight=0 30.5659 13.7164 21.5413 8.63881 5.15764 16.9845 9.42992 7.82398 1.60594 7.55455 4.43636 4.55688 9.02455 3.11819 5.06415 2.04478 4.72122 1.21518 3.00631 1.71691 6.10707 2.5749 2.77047 3.22193 3.9604 1.66938 5.07758 2.39158 3.03933
internal_count=34049 18339 15710 17046 2639 2495 9939 8443 7629 814 1496 1120 7107 1293 376 858 764 628 230 331 179 7450 926 280 2467 435 105 13071 356 2451
is_linear=0
shrinkage=0.05


Tree=96
num_leaves=31
num_cat=0
split_feature=36 37 37 38 38 14 2 14 13 13 17 17 14 19 30 22 19 39 2 21 13 30 17 19 6 16 36 21 32 34
split_gain=4.5404 5.12283 2.14772 1.79208 1.68145 1.51235 1.24539 0.868226 0.864425 1.02806 1.00814 0.781991 0.759667 0.688942 0.609739 0.584063 0.55152 0.535511 0.46055 0.433235 0.397017 0.360584 0.342806 0.336889 0.320989 0.275405 0.259591 0.212047 0.205291 0.195795
threshold=60.050000000000004 150.25000000000003 994.05000000000007 2.9674897060337968 0.24432233062919209 433389.30000000016 8.8199967649303783 13540.130000000003 14.500000000000002 24.500000000000004 5.5000000000000009 10.500000000000002 7687.4050000000016 23.137812500000006 19.500000000000004 1.0000000180025095e-35 0.027800925925925927 1.0000000180025095e-35 0.12813749444333472 16.491927083333337 31.500000000000004 14.500000000000002 14.500000000000002 18.2897337962963 1.5000000000000002 5.5000000000000009 15.850000000000003 5.2896122685185194 0.09449404761904763 1.0000000180025095e-35
decision_type=2 2 2 2 2 2 2 2 2 2 2 2 2 2 2 2 2 2 2 2 2 2 2 2 2 2 2 2 2 2
left_child=1 4 3 5 6 24 14 17 10 11 16 15 -3 20 18 28 27 -6 -1 22 -14 -12 -11 -21 -2 -20 -16 -9 -10 -23
right_child=2 12 -4 -5 7 -7 -8 8 9 19 21 -13 13 -15 26 -17 -18 -19 25 23 -22 29 -24 -25 -26 -27 -28 -29 -30 -31
leaf_value=0.0092526363268925459 -0.039109627948137722 -0.0055092441847877024 0.028293055757326453 0.024700065178345134 -0.024649888192293971 0.013995108579804247 0.019531451251634017 -0.0028976961175625916 -0.03338743143982819 -0.013167248842124425 0.0083091896931089954 0.017489527499562871 0.057749523965448274 0.0017269693876379067 -0.011721744197385607 0.010638043544084983 -0.019442775171251245 0.015444995935176318 -0.035147237397263546 0.046075395346791108 0.0047271746756793222 0.06069690864526002 0.018300235255002489 0.0033010439755032776 0.005504423495274852 0.0031533425200250633 0.018071490193692707 0.025789196938980959 0.0013793751236957285 -3.8242989015977572e-05
leaf_weight=0.31506167788757622 8.6509657777642062 0.4399832701892582 1.4039205113949726 0.89916111819911826 1.4152880268666184 1.1224605675815826 1.4650362376705741 0.67397771328978562 2.1492355544614847 0.9351999172504295 0.85689464493771117 1.1419000196474369 7.1244634113536431 0.72789263215963718 0.40217897470574804 0.67097507533617307 0.6314344585262005 0.45839751391031303 4.5710910699563101 1.0792259945301337 0.56540379999205459 1.7916182302869854 0.56972972338553518 0.80372604177682649 0.1810600649914712 0.34190753757138725 0.68604202353162691 1.0360971766058353 0.40168310364242632 0.13799820597341739
leaf_count=40 14777 169 91 64 2185 287 50 182 2017 513 474 206 806 333 748 63 1118 91 7957 105 51 340 46 638 20 125 209 34 98 123
internal_value=0 0.0177568 -0.0170708 -0.0248304 0.00439995 -0.0311508 -0.0133499 0.0140149 0.0185734 0.00651599 0.0327622 -0.00894418 0.0478441 0.0509216 -0.0226038 -0.0202363 0.00477001 -0.0128795 -0.0288066 0.0239297 0.0548436 0.0488123 0.00129551 0.0352955 -0.0377282 -0.0323993 0.00672022 0.0175857 -0.0290661 0.057823
internal_weight=0 31.3924 12.2576 10.8536 22.5347 9.95449 7.78132 14.7534 12.8797 7.75168 5.12802 4.36379 8.85774 8.41776 6.31628 3.22189 2.34151 1.87369 5.22806 3.38788 7.68987 2.78651 1.50493 1.88295 8.83203 4.913 1.08822 1.71007 2.55092 1.92962
internal_count=33960 18721 15239 15148 17362 15084 9129 8233 5957 3686 2271 2384 1359 1190 9079 2178 1334 2276 8122 1302 857 937 559 743 14797 8082 957 216 2115 463
is_linear=0
shrinkage=0.05


Tree=97
num_leaves=31
num_cat=0
split_feature=19 21 22 23 45 19 21 2 2 14 30 23 20 6 21 19 37 13 13 23 13 0 2 0 14 37 13 0 13 37
split_gain=3.09314 4.43306 2.0295 2.16515 2.092 1.69284 2.64648 1.77444 1.44112 1.1913 1.16974 1.06196 0.974193 0.739446 2.21772 0.663665 0.661667 0.629578 0.574708 0.561511 0.479943 0.56928 0.800815 0.415281 0.36651 0.363504 0.292866 0.235787 0.216884 0.189687
threshold=23.137812500000006 26.255353009259263 1.0000000180025095e-35 7.885422453703705 1.0000000180025095e-35 16.67264467592593 16.021712962962969 1.624304152304858 0.24344554179186695 300907.25500000006 6.5000000000000009 1.0000000180025095e-35 2.5000000000000004 1.0000000180025095e-35 3.8986342592592598 11.885908564814818 994.05000000000007 8.5000000000000018 49.500000000000007 30.395277777777782 6.5000000000000009 146.32000000000002 2.3483981836115562 898.29500000000007 13540.130000000003 58.150000000000013 7.5000000000000009 1121.8150000000003 24.500000000000004 994.05000000000007
decision_type=2 2 2 2 2 2 2 2 2 2 2 2 2 2 2 2 2 2 2 2 2 2 2 2 2 2 2 2 2 2
left_child=1 2 3 9 5 6 7 8 -5 29 23 20 17 14 18 24 -6 -8 -9 -7 -4 -22 -23 -2 -16 -19 -3 -27 -26 -1
right_child=10 26 11 4 16 19 12 13 -10 -11 -12 -13 -14 -15 15 -17 -18 25 -20 -21 21 22 -24 -25 28 27 -28 -29 -30 -31
leaf_value=-0.04057019340179318 0.021837676644228796 0.0014014172147754813 0.025860328532776585 0.027281391382420292 -0.037696919219080798 -0.031860352856549728 -0.0060608765354924765 -0.03450412717993178 -0.031534484722803978 0.016526914396159231 -0.036155415619816035 0.041185766856161911 -0.0060692056392288724 0.033881939038007229 -0.0067776857277011358 -0.010593553146813359 0.010883035457690062 -0.0037354873957677471 0.01342565459854549 0.0085046222596200007 0.021322112997966523 -0.031683437855070114 0.010340114263370694 -0.014659360960844928 0.044981951987904306 0.0009838477137792984 0.061764375413943244 0.070733922210664296 -0.0015171798939007054 0.0035468951549491967
leaf_weight=3.702730142264048 1.0174859584367357 0.26006808874080833 1.0474192085093799 0.53880403665244303 2.2383430993213547 1.7113779330102254 0.16171895129082248 1.9779688022827016 3.2515124770725379 0.61436742247315113 4.1168333954410627 4.1597148268483579 0.43705096379562736 3.239302536327159 0.15588872841908674 0.43711890997656144 0.41474964909139078 0.079982825423940418 0.22263803149689909 0.75231742842879601 0.68388358212541822 1.4547004933992869 1.4153216084232552 0.40731892327312369 2.0840678068198035 0.15513081532844841 3.3549921391968383 2.4231244898692239 0.20354635067633342 0.095786910183960461
leaf_count=7036 76 85 66 182 2791 3115 100 783 6607 129 9488 293 267 84 203 454 20 108 5 297 16 287 41 205 454 192 340 286 128 10
internal_value=0 0.0126313 0.00613693 -0.00138476 0.0057884 0.0122688 0.0184828 0.00602956 -0.0192239 -0.0296004 -0.0246994 0.0254644 0.0524947 0.0183617 0.00452301 0.0293363 -0.0292023 0.060784 -0.0269754 -0.0206377 0.00643638 -0.00370993 -0.013643 0.00966132 0.0374814 0.0653958 0.0586665 0.0679849 0.0416416 -0.0389504
internal_weight=0 37.2736 33.6586 24.8975 20.4846 17.8316 15.3679 12.1108 3.79032 4.41288 5.54164 8.76104 3.25701 8.32053 5.08123 2.88062 2.65309 2.81996 2.20061 2.4637 4.60132 3.55391 2.87002 1.4248 2.4435 2.65824 3.61506 2.57826 2.28761 3.79852
internal_count=34148 24379 23954 23251 16076 13265 9853 8900 6789 7175 9769 703 953 2111 2027 1239 2811 686 788 3412 410 344 328 281 785 586 425 478 582 7046
is_linear=0
shrinkage=0.05


Tree=98
num_leaves=31
num_cat=0
split_feature=19 21 19 19 23 2 3 15 14 30 14 21 36 12 45 9 3 2 21 3 36 10 21 33 15 3 2 23 36 3
split_gain=3.32913 3.15167 3.13084 2.45948 4.81078 1.75605 2.2632 1.13626 1.57527 1.09643 1.04123 0.983778 0.794855 0.629366 0.523148 0.491773 0.464486 0.442311 0.430047 0.355187 0.292583 0.281152 0.280082 0.234768 0.23288 0.203412 0.175259 0.170236 0.168685 0.137972
threshold=23.137812500000006 11.027870370370371 0.027800925925925927 11.97892939814815 27.7352025462963 0.24344554179186695 0.80203339531218354 17980.500000000004 18591.48 21.500000000000004 33122.295000000006 19.843883101851855 25.850000000000005 2794.7200000000007 1.0000000180025095e-35 1.5000000000000002 3.4357288626039613 19.249882541093541 18.53696180555556 -2.0323463329852882 47.050000000000004 5931.2350000000015 5.8525000000000009 1.0000000180025095e-35 182.50000000000003 3.4357288626039613 0.26943872157144344 15.024895833333336 15.250000000000002 2.8025866982932452
decision_type=2 2 2 2 2 2 2 2 2 2 2 2 2 2 2 2 2 2 2 2 2 2 2 2 2 2 2 2 2 2
left_child=1 2 5 9 16 -1 21 13 12 10 18 -6 -9 -8 28 17 19 26 29 -5 -13 -7 -10 -17 -12 -4 -2 -26 -15 -3
right_child=15 3 25 4 11 6 7 8 22 -11 24 20 -14 14 -16 23 -18 -19 -20 -21 -22 -23 -24 -25 27 -27 -28 -29 -30 -31
leaf_value=0.039238669828408734 0.00033581145791462857 -0.013235162548107715 -0.038171528706745728 0.0041784115262412172 -0.0092104258404936603 -0.035886944214146455 -0.014066289742663621 0.038010287961239689 -0.036971878822382863 -0.0098748933426416174 -0.001917701174543796 0.062550209625579806 -0.01499357075755669 0.0056228236763572609 -0.01165161125877813 -0.011757166533012562 0.0088883756003926753 0.0095443738572701699 0.026751931411998754 -0.033319253178397172 0.0037946669897929485 0.0018495058405448143 0.0061028262001686234 0.017312922093491289 0.024632955289121489 0.0024106269903436638 -0.038930504258839066 0.071394299001425396 0.033480444637060867 0.0093282582077612846
leaf_weight=2.7194631996098968 0.28368456536554632 0.78975150501355551 3.8257157373882356 0.4901173279067742 0.36573308055812992 2.6827567113796245 0.45975005379295719 0.97301072628761198 1.8124908047466304 0.5534012255084243 0.085795059363590442 2.0539972705882978 0.43620613310486078 1.1007185163762185 0.32148229351150792 0.43790683591214463 0.48453488387167443 0.17386613786220539 2.0491699975245865 3.7511536558595235 0.37297069789201476 0.46065255884604983 0.14118272904306639 0.38755668517842423 1.7792415963194796 0.20767577673541371 3.8783282081567449 3.407528676718357 5.056799074227456 0.22262776363641024
leaf_count=271 231 739 7989 217 473 4740 217 178 284 60 30 218 233 171 101 373 16 1 182 6815 299 157 7 10 451 12 9125 205 260 12
internal_value=0 0.0119688 -0.0014011 0.0275638 0.00525628 0.00883178 0.000390892 0.0119547 -0.0099837 0.0439949 0.0482466 0.0484244 0.0221901 0.0225055 0.0266344 -0.0277803 -0.0242557 -0.0334117 0.0170596 -0.0290156 0.0572629 -0.0312451 -0.0328468 0.00389871 0.0607488 -0.0360182 -0.0367075 0.0619278 0.0299819 -0.00610355
internal_weight=0 36.6039 20.1979 16.406 7.51851 16.1645 13.445 10.3016 3.36289 8.88752 8.33411 2.7927 1.40922 6.93875 6.479 5.16134 4.72581 4.33588 3.06155 4.24127 2.42697 3.14341 1.95367 0.825464 5.27257 4.03339 4.16201 5.18677 6.15752 1.01238
internal_count=34077 24337 14620 9717 8038 6619 6348 1451 702 1679 1619 990 411 749 532 9740 7048 9357 933 7032 517 4897 291 383 686 8001 9356 656 431 751
is_linear=0
shrinkage=0.05


Tree=99
num_leaves=31
num_cat=0
split_feature=19 21 16 15 19 21 2 0 10 22 45 33 4 37 14 37 14 2 3 0 21 2 16 0 19 13 24 2 3 13
split_gain=2.46697 5.07828 2.04096 1.44815 1.38794 1.17491 1.29168 1.38892 1.10281 1.25711 1.03557 0.900559 1.14884 0.806617 0.908491 0.569289 0.485718 0.459365 0.426761 0.41251 0.411951 0.557832 0.403752 0.373213 0.366516 0.299182 0.28735 0.287168 0.284071 0.281077
threshold=21.025092592592596 22.218206018518522 2.5000000000000004 98372.000000000015 6.9059953703703716 6.4998206018518525 0.24344554179186695 45425.610000000008 2704.4300000000007 1.0000000180025095e-35 1.0000000180025095e-35 1.0000000180025095e-35 1.0000000180025095e-35 144.65000000000001 7687.4050000000016 562.85000000000002 48811.375 8.8199967649303783 2.0064716797994779 2676.8050000000007 5.8525000000000009 0.12813749444333472 6.5000000000000009 1110.7600000000002 0.027800925925925927 11.500000000000002 1.5000000000000002 0.32566746224595483 -3.2337409725332322 7.5000000000000009
decision_type=2 2 2 2 2 2 2 2 2 2 2 2 2 2 2 2 2 2 2 2 2 2 2 2 2 2 2 2 2 2
left_child=1 2 3 8 5 6 -4 22 9 15 -7 12 26 -5 -15 17 19 28 27 -16 21 -11 -8 -13 -10 -19 -2 -6 -1 -3
right_child=11 29 4 13 18 10 7 -9 24 20 -12 23 -14 14 16 -17 -18 25 -20 -21 -22 -23 -24 -25 -26 -27 -28 -29 -30 -31
leaf_value=0.004591968516873806 -0.040704335054502633 0.0036341517394132394 0.039651798940336824 -0.0079247062871824498 0.0049558503498548893 0.055433712008444214 -0.029704119881532844 0.021058936126466171 0.021759080607575365 0.016722104801490594 -0.011580556985811851 0.019867836674367884 0.016311326365612173 -0.013524433275041645 -0.0033179926939773501 0.010668357920092054 -0.0051014833335581797 0.012039340116264015 0.011759479212862373 0.061860486807262055 0.019437351872192293 -0.025025534499648353 0.0084552504848906754 -0.012220072708010269 -0.010929390044307749 -0.01666236622513809 0.0035479082786920263 -0.026756546260606046 -0.040400469805178807 0.057146930241886232
leaf_weight=0.16723304433980679 3.9095988173648939 0.40487818342808068 1.6352989322476768 1.2783263398305273 0.60984527113032516 2.8395015842397702 2.3595104934356645 2.3168775152880698 1.7018405398412135 0.47446547541767292 0.31886346926330578 1.1193110341409918 0.60542097836150777 0.31973200902575616 0.16524836537428178 0.36703493089589834 0.20694316342996888 0.57570920442230988 0.9053774271160363 0.98632933356566355 1.4572109632135832 0.95647623558761552 0.40273001944296982 0.71030320704448957 0.53331502883520432 1.418696434702724 0.23185898544033978 1.5782266429887384 6.001489544491057 4.553712590248324
leaf_count=42 10099 125 218 1511 205 251 2748 58 278 21 25 390 28 340 307 162 118 24 77 106 137 92 48 636 474 49 138 2769 12040 532
internal_value=0 0.0119895 0.00338704 -0.00805306 0.0175694 0.0261182 0.0112015 -0.00297427 -0.0149291 -0.0210008 0.0475102 -0.0195445 -0.0294568 0.0194481 0.0354721 -0.0298264 0.0478486 -0.0326127 -0.00942971 0.0553124 0.00603268 -0.00999847 -0.0233719 0.00749434 0.0129921 -0.00712352 -0.0380187 -0.0191358 -0.0387103 0.0541207
internal_weight=0 34.5349 29.5763 16.6101 12.9662 9.87278 6.71442 5.07912 13.6535 11.4183 3.15837 6.57649 4.74688 2.95658 1.67825 8.53016 1.35852 8.16313 3.09345 1.15158 2.88815 1.43094 2.76224 1.82961 2.23516 1.99441 4.14146 2.18807 6.16872 4.95859
internal_count=34048 22757 22100 15701 6399 3348 3072 2854 13319 12567 276 11291 10265 2382 871 12317 531 12155 3051 413 250 113 2796 1026 752 73 10237 2974 12082 657
is_linear=0
shrinkage=0.05


Tree=100
num_leaves=31
num_cat=0
split_feature=19 21 39 3 2 45 14 30 0 15 23 38 21 37 30 10 21 15 15 19 19 30 2 0 13 10 38 2 23 38
split_gain=2.20625 4.42091 1.59087 1.91745 1.39649 1.24097 1.36115 1.07145 0.842198 0.895697 0.828213 0.708805 0.6234 0.574436 0.552893 0.547096 0.522145 0.517939 0.568847 0.483454 0.417139 0.417009 0.385261 0.377888 0.336189 0.331301 0.282529 0.277857 0.266203 0.25304
threshold=23.137812500000006 25.1337962962963 1.0000000180025095e-35 1.1134569685009248 0.67658589032941097 1.0000000180025095e-35 33122.295000000006 6.5000000000000009 3750.3550000000005 17980.500000000004 8.1406886574074093 0.61852374809154942 5.2896122685185194 994.05000000000007 5.5000000000000009 2403.3100000000004 23.187193287037044 43635.000000000007 302.50000000000006 0.21398148148148152 0.98817129629629641 10.500000000000002 3.973382124839397 898.29500000000007 7.5000000000000009 2923.0600000000009 1.9513285748750844 19.249882541093541 0.08277199074074075 1.1405450320486115
decision_type=2 2 2 2 2 2 2 2 2 2 2 2 2 2 2 2 2 2 2 2 2 2 2 2 2 2 2 2 2 2
left_child=1 2 3 4 10 6 12 23 -8 20 -1 14 21 -7 -12 16 -6 18 -13 -4 -10 27 28 -2 -3 -17 -9 -5 -14 -20
right_child=7 24 19 5 15 13 8 26 9 -11 11 17 22 -15 -16 25 -18 -19 29 -21 -22 -23 -24 -25 -26 -27 -28 -29 -30 -31
leaf_value=-0.021594578695253164 0.021840440729275795 0.00067339342077916032 0.037054638267764353 -0.013238188004549581 -0.038450741082940179 -0.032355709813327659 0.053531599080243519 -0.037161177865216118 0.02837866906794766 -0.012269811545746389 0.018218933159753131 -0.0082551211648404718 0.012219801259195303 0.013202130206135174 -0.020085437878384422 0.016953067273039867 0.0087437860275107384 -0.0091870596982511019 0.051023249630165392 -0.008769586253249733 -0.0031991998062079171 -0.032529865894317202 0.023216600957429799 -0.013618473994243201 0.057739221163600085 -0.01377782060027156 0.0024470739963140145 0.019006578057534078 -0.018479866044417981 0.00095583463905491751
leaf_weight=1.3340954361337987 1.0013397719303601 0.2985618332313601 2.9237670852307924 0.34092804758983897 5.0794436851283535 1.3601451558497508 1.3763265890302117 3.4401573257928253 5.1877721716591623 1.6273326843365792 0.60859240608988363 0.28119292187329881 0.30429609288694359 0.34547577612102021 1.393614445973071 0.49737660313257936 0.28453247850120522 0.34104642261809193 1.2567603913630589 0.2829332776746013 1.0310931021085705 1.3189711918967075 1.1317595562431959 0.37114117413875636 3.6162021460477263 1.126915208486025 0.36908142044558179 0.3946687001734972 0.78752571826044004 0.32777189444459498
leaf_count=2126 73 111 285 170 12273 523 175 9023 181 320 64 203 20 16 2481 143 199 593 468 422 318 640 98 209 418 859 453 3 798 365
internal_value=0 0.0103361 0.00323167 -0.00107557 -0.0149357 0.0105633 0.015847 -0.0220997 0.0258326 0.0154717 0.00372087 0.0143502 -0.00649511 -0.021659 -0.00625205 -0.0283474 -0.0349667 0.0291632 0.0369331 0.0318879 0.0234251 -0.0218294 0.0100501 0.0105532 0.0544096 -0.0014934 -0.0336126 0.00504519 -0.0081723 0.0450435
internal_weight=0 34.8591 30.9443 27.7376 12.5313 15.2063 13.5007 5.18172 9.22252 7.8462 5.54307 4.20898 4.27815 1.70562 2.00221 6.98827 5.36398 2.20677 1.86573 3.2067 6.21887 2.05457 2.22358 1.37248 3.91476 1.62429 3.80924 0.735597 1.09182 1.58453
internal_count=34030 24272 23743 23036 19774 3262 2723 9758 994 819 6300 4174 1729 539 2545 13474 12472 1629 1036 707 499 813 916 282 529 1002 9476 173 818 833
is_linear=0
shrinkage=0.05


Tree=101
num_leaves=31
num_cat=0
split_feature=36 37 2 38 2 38 19 32 22 37 3 32 36 22 5 17 25 23 19 23 36 20 23 0 17 3 32 6 17 35
split_gain=2.89741 3.25687 2.14384 1.44543 1.18931 1.16554 0.868875 0.840861 0.908181 0.692347 0.556707 0.545195 0.543634 0.519067 0.776088 0.509178 0.48755 0.455564 0.443566 0.429842 0.326438 0.298856 0.349705 0.291105 0.286079 0.266855 0.244078 0.22886 0.221002 0.213687
threshold=57.850000000000001 166.95000000000002 2.7338532495338232 0.20649902857773153 4.8000462868304981 0.27214387035758764 6.4836111111111121 0.039607843137254913 1.0000000180025095e-35 767.50000000000011 0.80203339531218354 0.057983193277310933 34.250000000000007 1.0000000180025095e-35 1.0000000180025095e-35 4.5000000000000009 1.0000000180025095e-35 40.654375000000009 21.206394675925928 23.394195601851855 47.550000000000004 1.5000000000000002 15.436921296296299 3818.1050000000005 10.500000000000002 -3.2337409725332322 0.21583850931677021 4.5000000000000009 9.5000000000000018 1.0000000180025095e-35
decision_type=2 2 2 2 2 2 2 2 2 2 2 2 2 2 2 2 2 2 2 2 2 2 2 2 2 2 2 2 2 2
left_child=1 3 16 4 11 10 12 8 17 13 -5 25 21 14 29 -3 27 -8 23 -16 -14 22 -7 -17 -24 -1 -9 -2 -13 -4
right_child=2 15 9 5 -6 6 7 26 -10 -11 -12 28 20 -15 19 18 -18 -19 -20 -21 -22 -23 24 -25 -26 -27 -28 -29 -30 -31
leaf_value=0.0056031952395260883 -0.039532459698411439 0.0013258290490902021 -0.029889006100719512 0.002798961476319574 0.01558465999293621 0.036618121161609736 -0.034903057125108182 0.021581537388942494 0.015937782414755557 0.02686349455067831 0.06129198025017582 -0.011913293492311215 -0.014133654962995066 0.018595721838798457 -0.011461914415864903 0.060083934236792404 0.0081057787121397648 0.0085777062093463138 0.00077817725512812188 0.024607000990932014 0.011830635691067551 -0.0012561451965806556 -0.013088088438909665 0.014500962854981174 0.017592060437623683 -0.035247294917310677 -0.0093256337493611407 0.0042960051606178292 0.015233307931837751 0.0061027713318884706
leaf_weight=0.16292906680610197 5.2186231703381036 0.69058872110326674 2.2757111092214477 0.6741683006111987 1.7317313820531124 2.9547472503909358 2.8542101345083219 1.5276483278867088 0.77125144167803217 1.4771561734087297 0.64153443154646084 0.43450421544548568 1.375565201698919 0.852291315619368 0.6675120363943281 3.3589091954054311 0.28398347536858626 0.30815433930547431 0.47886038091382932 0.91384322388330474 1.4745807649887863 0.82670375851739653 0.61239640596613731 1.2392718008486552 0.44857453637814615 3.6626935435197132 0.22829351475229476 0.11884027236374084 0.62761584202235099 0.12804438918828953
leaf_count=31 14543 212 921 442 96 656 4747 362 99 54 123 575 679 42 27 314 105 113 200 34 476 404 261 108 36 8040 188 10 90 2
internal_value=0 0.0137488 -0.0148945 0.00395968 -0.0141156 0.0124809 0.00630119 -0.00776987 -0.0192704 0.00518791 0.0454717 -0.0254982 0.016405 -0.00489906 -0.0126462 0.0439983 -0.0348297 -0.0296232 0.0486294 0.0108397 -0.00111673 0.0251439 0.0297456 0.0525835 0.00212532 -0.0327069 0.0156375 -0.0380327 0.00373611 -0.0267421
internal_weight=0 27.0849 11.936 21.3173 6.61947 14.6978 13.3821 5.68956 3.93362 6.31456 1.3157 4.88774 7.69257 4.8374 3.98511 5.76763 5.62145 3.16236 5.07704 1.58136 2.85015 4.84242 4.01572 4.59818 1.06097 3.82562 1.75594 5.33746 1.06212 2.40376
internal_count=33990 18252 15738 17418 8832 8586 8021 5509 4959 1080 565 8736 2512 1026 984 834 14658 4860 622 61 1155 1357 953 422 297 8071 550 14553 665 923
is_linear=0
shrinkage=0.05


Tree=102
num_leaves=31
num_cat=0
split_feature=19 21 19 23 23 24 21 2 6 2 23 3 23 19 45 13 3 32 14 38 15 15 37 10 10 15 32 30 37 15
split_gain=2.64483 4.20502 1.69036 2.15049 2.42494 1.661 1.33246 2.05852 3.32445 0.929057 0.892579 0.783936 0.72143 0.708347 0.662617 0.514867 0.409688 0.395526 0.367647 0.302657 0.284589 0.583355 0.228139 0.178473 0.169833 0.150768 0.143165 0.141297 0.0788399 0.0767028
threshold=21.025092592592596 21.717251157407411 0.80135995370370383 19.219704861111115 20.418009259259261 1.5000000000000002 3.8986342592592598 0.24344554179186695 1.0000000180025095e-35 0.2815756514565731 3.1647974537037045 3.4357288626039613 30.395277777777782 15.250642361111113 1.0000000180025095e-35 49.500000000000007 0.80203339531218354 0.036038961038961044 35790.860000000008 1.7459230229238742 98372.000000000015 100339.00000000001 223.05000000000004 76200.015000000014 14684.155000000002 62525.000000000007 0.35504201680672276 5.5000000000000009 103.35000000000001 198726.50000000003
decision_type=2 2 2 2 2 2 2 2 2 2 2 2 2 2 2 2 2 2 2 2 2 2 2 2 2 2 2 2 2 2
left_child=1 2 6 5 13 24 7 26 15 27 -10 19 25 -5 16 20 18 -6 -8 -11 23 -22 -16 -9 -4 -3 -1 -2 -19 -27
right_child=9 12 3 4 17 -7 14 8 10 11 -12 -13 -14 -15 22 -17 -18 28 -20 -21 21 -23 -24 -25 -26 29 -28 -29 -30 -31
leaf_value=0.038956014351100354 0.02045947025099645 0.023893898471698538 -0.040659476845687513 0.066638548731386152 -0.025729224664782602 0.019165444536611939 -0.014105184538315212 -0.03860349816490808 -0.013160149162940225 -0.038737653819108708 0.034976408041871306 0.013547804515914667 0.069278760473237153 -0.0062250582871410179 -0.019068277796755181 0.01176032781208175 0.042183675180186453 -0.0054916604290999567 0.01960391210750205 -0.00017921459820158792 0.022687625554467041 -0.021934196482646467 0.010922135740823733 0.0038510578109664031 -0.00048923787439383176 -0.0092255226557099879 -0.0015532069916627215 -0.0060361183769265846 0.013092877675794402 0.0081976820027904306
leaf_weight=2.1527981478575486 0.67277379601728071 1.6642981866170878 4.8328051622374897 0.88219287236279365 1.326971994712949 0.90067919244756911 0.53957789424748515 4.649915180198148 0.6909400950680723 4.1463394914026139 2.9597255841363221 0.43761189351789642 2.2350417564157397 0.2123089806700591 0.40202039339055762 0.2208051269117276 3.9481309294060338 0.20708970865234722 0.79877322520769667 0.57512004565796804 0.29984306699770946 0.70567995999590494 0.29349618361447938 0.079409524332731851 0.30124908954894625 0.36454968074394845 0.15409122192068014 0.19527668667433318 0.59588524591526948 0.19814870550180785
leaf_count=270 30 397 11213 137 2100 219 197 5583 28 10216 94 12 120 426 53 32 144 99 64 755 17 925 17 2 147 212 15 332 177 26
internal_value=0 0.0121211 0.0039189 -0.0125832 0.0171086 -0.0286248 0.0126714 0.00230438 -0.00860534 -0.0217947 0.0249951 -0.0292516 0.0521808 0.0562806 0.0300302 -0.029834 0.035358 -0.0145707 0.00579338 -0.0348931 -0.0329439 -0.00395027 -0.00743512 -0.0373429 -0.0387664 0.0188701 0.0365987 0.0144585 0.00791237 -0.00177043
internal_weight=0 31.6164 27.1544 9.25918 3.22445 6.03473 17.8952 11.9132 9.60632 6.02712 3.65067 5.15907 4.46204 1.0945 5.982 5.95565 5.28648 2.12995 1.33835 4.72146 5.73485 1.00552 0.695517 4.72932 5.13405 2.227 2.30689 0.86805 0.802975 0.562698
internal_count=34059 22714 21959 14518 2939 11579 7441 6966 6681 11345 122 10983 755 563 475 6559 405 2376 261 10971 6527 942 70 5585 11360 635 285 362 276 238
is_linear=0
shrinkage=0.05


Tree=103
num_leaves=31
num_cat=0
split_feature=19 21 14 23 19 0 37 33 30 3 3 10 15 36 3 14 3 15 30 37 6 24 3 36 38 24 36 3 24 21
split_gain=1.92591 3.80841 1.69974 1.64738 2.29811 1.32149 1.08966 1.02126 0.828651 0.808936 0.785003 1.07717 0.730298 0.680974 0.522659 0.458191 0.454283 0.51271 0.379834 0.341566 0.302818 0.335782 0.295364 0.233346 0.197906 0.206464 0.172494 0.171795 0.150766 0.114521
threshold=23.137812500000006 16.944832175925928 35330.695 27.7352025462963 15.250642361111113 106.38000000000001 213.35000000000005 1.0000000180025095e-35 21.500000000000004 -2.1014494415733505 3.4357288626039613 2792.145 34333.000000000007 40.050000000000004 4.641437745208993 18591.48 4.641437745208993 758.50000000000011 16.500000000000004 102.75000000000001 2.5000000000000004 1.5000000000000002 1.1735333649890258 21.650000000000002 2.1517133772149184 2.5000000000000004 58.350000000000001 -2.1014494415733505 1.5000000000000002 31.978570601851853
decision_type=2 2 2 2 2 2 2 2 2 2 2 2 2 2 2 2 2 2 2 2 2 2 2 2 2 2 2 2 2 2
left_child=1 2 5 4 8 -1 7 16 23 -2 11 28 -9 15 24 -5 17 19 -12 -4 21 -19 26 -3 25 -11 -8 -6 -7 -29
right_child=9 3 6 13 27 10 22 12 -10 14 18 -13 -14 -15 -16 -17 -18 20 -20 -21 -22 -23 -24 -25 -26 -27 -28 29 -30 -31
leaf_value=0.021711138565609141 0.01391108623158762 0.0019066887824216627 -0.014643290500645551 -0.0043062986656749605 0.0045877156282067757 -0.042449731316903029 0.012754926943172568 0.029171909871038917 -0.013495080746036187 -0.038783890902978124 0.014900076246302142 0.0098513266712402531 -0.012825827550316511 0.011525490184966354 0.011341660289243308 0.072091992718074177 0.011097930320355614 -0.034353513096968304 -0.016487501192270708 0.014150423259849035 0.0065918539779723367 0.006877396218205805 0.037657122766230233 0.042760242687237604 0.0016534095536123732 0.004377487825085769 -0.012239272529077114 -0.026961162530040928 0.0001934479918090674 0.0038551295229536375
leaf_weight=0.95364110435184812 0.67174299013277039 0.4837505587493055 0.84240221849176888 0.093457173905336144 0.26088054820138529 5.0404851981584198 0.4508640775457019 2.603236141512753 0.37592215836048115 3.5632690569764236 1.2127951662405392 0.84229214236256655 0.79126817056385323 1.1777656959748126 0.23164601065218438 2.2279511201631976 1.1017304570414124 2.9412658960645794 0.71391487453365687 1.3543083248805485 0.27260235371068109 0.22483660932630289 2.0538217565772356 3.452277059390326 0.26716549330740225 0.092600919306278118 0.32315685499634128 1.9403454318380684 0.20526911722845387 0.080990130940335692
leaf_count=131 246 102 274 119 119 11538 49 554 22 9220 53 323 325 520 3 179 28 4189 37 245 11 44 153 406 297 3 994 3721 236 5
internal_value=0 0.00841995 -0.00350584 0.0323093 0.0138683 -0.0191512 0.00791753 -0.000609484 0.0328771 -0.0228062 -0.0258822 -0.0335826 0.0186913 0.0562549 -0.0302898 0.0686458 -0.011493 -0.0169165 0.00161022 0.00198192 -0.0267159 -0.0304776 0.0306463 0.0391427 -0.0345525 -0.0369852 0.0013028 -0.0211209 -0.0410173 -0.0248591
internal_weight=0 32.0212 21.9279 10.0933 6.59417 8.9684 12.9595 10.1317 4.31195 4.82642 8.01476 6.08805 3.3945 3.49917 4.15468 2.32141 6.73715 5.63542 1.92671 2.19671 3.4387 3.1661 2.82784 3.93603 3.92304 3.65587 0.774021 2.28222 5.24575 2.02134
internal_count=34146 24377 19184 5193 4375 12318 6866 5670 530 9769 12187 12097 879 818 9523 298 4791 4763 90 519 4244 4233 1196 508 9520 9223 1043 3845 11774 3726
is_linear=0
shrinkage=0.05


Tree=104
num_leaves=31
num_cat=0
split_feature=17 3 36 37 19 39 9 31 12 22 0 2 15 14 0 38 3 38 37 24 12 36 19 15 14 17 21 33 38 12
split_gain=2.65899 2.07709 1.99598 2.87304 1.1277 1.10404 1.09361 0.903556 0.876675 0.890383 0.69422 0.528546 0.488486 0.477843 0.394959 0.373862 0.308702 0.308505 0.307934 0.295969 0.235802 0.213054 0.201706 0.176726 0.166983 0.166301 0.164438 0.152064 0.14255 0.140514
threshold=5.5000000000000009 2.4965913171622796 60.050000000000004 193.55000000000004 0.80135995370370383 1.0000000180025095e-35 1.5000000000000002 1.0000000180025095e-35 53067.835000000014 1.0000000180025095e-35 10404.465000000002 0.87467805654806441 55296.000000000007 107232.23000000003 1499.7250000000001 0.57363354414851242 -2.6028089179770437 0.22962993163381976 67.250000000000014 2.5000000000000004 9426.2850000000017 103.95000000000002 23.137812500000006 25506.000000000004 318343.97500000015 9.5000000000000018 5.8525000000000009 1.0000000180025095e-35 0.98373761198024468 5611.8850000000011
decision_type=2 2 2 2 2 2 2 2 2 2 2 2 2 2 2 2 2 2 2 2 2 2 2 2 2 2 2 2 2 2
left_child=1 5 3 6 12 7 8 -1 9 10 11 14 21 29 16 26 -2 -10 -8 -6 -16 25 -20 27 -13 -4 -3 -9 -19 -12
right_child=2 15 4 -5 19 -7 18 23 17 -11 13 24 -14 -15 20 -17 -18 28 22 -21 -22 -23 -24 -25 -26 -27 -28 -29 -30 -31
leaf_value=-0.039142349202693015 0.0098861060037931103 -0.013280356147003049 -0.013860265524231131 0.059314892316104539 -0.035177020750111282 0.013402314379556976 -0.0034926128920454501 -0.0068057723014201561 -0.00081747883118586423 0.019441720729972346 -0.0021010010475615783 -0.03603535659401489 -0.017214448418114422 -0.012626142046275008 0.022074073526212754 0.026255262851820688 -0.023078735556513061 0.036193261496856081 0.038249417517333344 0.0067819008125506348 -0.0085746992031091526 0.02198365502771216 -0.0019623455242963142 -0.010451905443249646 0.00354769702544418 0.010289164536236737 0.0092802652200129395 0.020922346623528251 0.00039265516888474343 0.027053755622254622
leaf_weight=6.6722764508594974 0.3525473211047937 0.73509095428744264 0.4652290038357022 2.8692575970635508 2.3484598928916971 0.93720612001197867 0.38625495064479709 0.15677404601592548 0.91598817442718372 1.919794905988965 0.35041230643400945 2.5218728956970158 0.67961271535023104 0.90819986804854114 0.79288658637960885 1.8433411879523189 1.4441450330487042 1.3817961974855277 2.8819747098750672 0.1510833092033862 0.31329322971578222 2.0233079835597891 0.23638432130974241 0.29995635146042332 0.10573765891604114 0.42657574299664702 0.57602779344597366 0.58339997101575136 0.33984961021633342 0.99593403677863535
leaf_count=13701 70 57 189 258 7874 375 248 181 227 200 37 4827 223 382 315 87 2768 143 288 6 480 363 90 152 28 64 45 29 86 48
internal_value=0 -0.0153422 0.0125508 0.0203896 -0.0110036 -0.0272217 0.0102393 -0.03313 0.00234495 -0.005033 -0.0125945 -0.0210873 0.006947 0.0083167 -0.00377187 0.0159433 -0.0153883 0.0234121 0.0313491 -0.0314276 0.0134439 0.015538 0.0354649 0.00571958 -0.0339036 -0.00297609 -0.00364182 0.0145133 0.0318671 0.0218042
internal_weight=0 11.8041 24.8106 18.7163 6.09427 8.64961 15.8471 7.71241 12.3425 9.70482 7.78503 5.53048 3.59473 2.25455 2.90287 3.15446 1.79669 2.63763 3.50461 2.49954 1.10618 2.91511 3.11836 1.04013 2.62761 0.891805 1.31112 0.740174 1.72165 1.34635
internal_count=33841 14627 19214 10495 8719 14438 10237 14063 9611 9155 8955 8488 839 467 3633 189 2838 456 626 7880 795 616 378 362 4855 253 102 210 229 85
is_linear=0
shrinkage=0.05


Tree=105
num_leaves=31
num_cat=0
split_feature=36 37 19 38 23 22 12 10 3 19 19 37 17 19 19 37 38 35 36 14 24 45 3 30 37 23 30 10 13 36
split_gain=3.17914 3.60834 1.51006 1.11822 0.883371 0.915225 1.0463 1.28828 0.880171 0.812529 0.779132 0.754967 1.02677 0.595616 0.501349 0.411143 0.382966 0.356537 0.326978 0.344732 0.313112 0.288533 0.351748 0.558874 0.269552 0.244336 0.243056 0.220335 0.200969 0.195946
threshold=57.850000000000001 134.95000000000002 0.80135995370370383 0.20649902857773153 37.118038194444452 1.0000000180025095e-35 23147.165000000005 1148.7250000000001 4.641437745208993 17.402025462962964 2.0870370370370375 767.50000000000011 7.5000000000000009 33.04210069444445 6.2443113425925931 101.35000000000001 1.1012519093887494 1.0000000180025095e-35 43.750000000000007 356451.57500000007 2.5000000000000004 1.0000000180025095e-35 0.18248672038546535 16.500000000000004 256.95000000000005 1.0000000180025095e-35 4.5000000000000009 460.3250000000001 29.500000000000004 27.850000000000005
decision_type=2 2 2 2 2 2 2 2 2 2 2 2 2 2 2 2 2 2 2 2 2 2 2 2 2 2 2 2 2 2
left_child=1 3 11 8 5 6 7 17 18 21 -8 12 15 14 -6 -2 -9 -5 19 -1 -4 22 -3 27 -11 29 -17 -24 -14 -7
right_child=2 9 20 4 13 25 10 16 -10 24 -12 -13 28 -15 -16 26 -18 -19 -20 -21 -22 -23 23 -25 -26 -27 -28 -29 -30 -31
leaf_value=-0.033391730953460562 0.010059279798474444 0.020790827502922455 -0.0402340501617105 -0.036925486167551792 -0.0071148314422585252 0.01213405723933033 0.033079395093997647 -0.0088735022924770895 0.017491135907742754 -0.0092787748047800898 -0.013625033279797706 0.02338174909195892 0.021278084864739109 -0.0097049076484875211 0.052922786508493497 0.0044796223531021985 0.0238815386806807 0.0078685069787116195 0.0057782171993175958 0.0019532716127956614 0.0060578181560372079 0.0060635475787056969 0.07247379326925707 0.0046538919480332182 0.01867412835893045 0.031496551791285743 -0.032289816815519706 0.012730311531872632 -0.0063791063765059469 -0.013161793002786505
leaf_weight=3.4273706390668002 0.29796789672400192 2.4830319681059319 3.7899082643270963 3.170525127497966 0.159161679315729 0.79953643900807969 1.3885649800213289 0.86268230192945328 0.84282574395183463 1.0350213808123951 0.7285864082223269 1.3391273995366644 1.4488783599517772 0.23686656937934447 1.0815933564008444 0.25541160177090239 1.0662356391403589 0.14802508056163777 0.46857621539675154 0.6912754586955997 0.13504243455827225 0.73814010179194145 2.5110298772342512 0.58526552519469976 0.53780351261957537 1.6059320610947905 2.8352772313519381 0.67736189975403238 0.38088866262114596 0.34445480335853063
leaf_count=7890 74 576 13102 5500 78 55 117 486 18 744 560 67 332 464 157 64 174 1 415 275 8 200 199 127 42 124 2015 64 95 77
internal_value=0 0.0147276 -0.0168091 0.000867092 0.00948543 0.00265682 -0.00677721 -0.0179511 -0.0161453 0.0392967 0.017792 -0.000948523 -0.00994808 0.03629 0.0454831 -0.0239618 0.0112043 -0.0335681 -0.0243499 -0.0282368 -0.0377347 0.0457975 0.0490036 0.0593232 0.0038225 0.022992 -0.028899 0.0658513 0.0153011 0.00193109
internal_weight=0 25.5899 10.4825 17.0222 11.5922 10.1145 7.36462 5.24747 5.43005 8.56765 2.11715 6.55755 5.21842 1.47762 1.24076 3.38866 1.92892 3.31855 4.58722 4.11865 3.92495 6.99483 6.25669 3.77366 1.57282 2.74992 3.09069 3.18839 1.82977 1.14399
internal_count=34100 18343 15757 16391 7793 7094 6838 6161 8598 1952 677 2647 2580 699 235 2153 660 5501 8580 8165 13110 1166 966 390 786 256 2079 263 427 132
is_linear=0
shrinkage=0.05


Tree=106
num_leaves=31
num_cat=0
split_feature=17 13 32 19 3 3 23 12 32 30 38 37 24 3 10 37 1 14 6 19 32 17 37 12 21 19 45 32 20 37
split_gain=2.58004 2.45903 2.42173 1.85514 1.82437 1.30119 1.23095 1.00324 0.920885 0.654748 0.638906 0.617894 0.60259 0.596923 0.538128 0.574008 0.527429 0.456417 0.455323 0.325738 0.324795 0.297426 0.27395 0.269142 0.264725 0.244782 0.234511 0.225323 0.222293 0.22221
threshold=5.5000000000000009 11.500000000000002 0.051956815114709856 2.0870370370370375 2.4965913171622796 2.0064716797994779 16.039363425925931 24748.420000000002 0.31414473684210531 4.5000000000000009 0.6240376150668171 994.05000000000007 2.5000000000000004 -3.2337409725332322 1448.2900000000002 74.550000000000011 8.247771377767025 10793.245000000001 1.0000000180025095e-35 33.04210069444445 0.039607843137254913 8.5000000000000018 51.350000000000001 5142.8200000000006 22.662627314814817 0.32731481481481489 1.0000000180025095e-35 0.033615819209039555 2.5000000000000004 43.050000000000004
decision_type=2 2 2 2 2 2 2 2 2 2 2 2 2 2 2 2 2 2 2 2 2 2 2 2 2 2 2 2 2 2
left_child=4 10 3 6 9 12 26 24 19 -1 16 13 20 -11 -15 -16 17 -2 -9 22 -5 -7 -4 29 -8 -6 27 -3 -24 -19
right_child=1 2 8 5 25 21 7 18 -10 11 -12 -13 -14 14 15 -17 -18 23 -20 -21 -22 -23 28 -25 -26 -27 -28 -29 -30 -31
leaf_value=0.0092228638520535002 -0.00062258812667494038 0.034696700395313078 -0.0007449205735829223 -0.037612031344915975 0.022952711836829981 -0.011811788198739228 -0.029973674180755173 -0.0093839795765835593 -0.011816197418451087 0.0099841152351605091 0.01312623898789957 0.013532373663133349 0.011850953387917196 -0.040406511397361032 0.017699307442047837 -0.022470407352756062 0.006430165994695718 -0.0016683735035265932 0.02979136840671677 -0.0057219815311179015 0.0038318950051566148 0.017922961302699904 0.048667672513495297 0.0046458089833746009 0.0069298000523974976 -0.0071567758886475798 0.0016342375133677073 -0.0041897726428141947 0.00070461402250742659 0.087168351611229156
leaf_weight=0.94106326816836183 0.17831245427078446 3.6990856737102171 0.29770076938439061 4.6642908209032603 2.5463812364905603 0.40687521958898321 1.8993739598081454 0.58429259622062069 0.50666409752739117 0.42582973511889477 1.6293224866822127 0.32622241563512933 0.29914722871035326 5.3513829647563407 0.71377497541834578 0.89134322498284746 0.57031807290331915 0.034509132325183489 0.98379420602577738 0.12798689196642943 0.32554584809986398 1.785183606421924 3.8959695483645191 0.23681878681236401 0.192408899165457 0.34276129843783554 0.83801255491562177 0.18634257634403173 0.28530661568220228 1.1078114844567606
leaf_count=359 351 846 183 12456 104 194 1267 158 511 55 894 24 13 12849 356 832 216 164 43 162 306 157 601 159 12 78 235 42 116 374
internal_value=0 0.0160476 0.00825168 -0.00193317 -0.0117181 -0.0187794 0.0134992 -0.00738406 0.0349967 -0.0226661 0.0486918 -0.0271711 -0.0306202 -0.0303696 -0.0337842 -0.00467028 0.063022 0.0731278 0.0172241 0.0413343 -0.0347198 0.0104325 0.0434779 0.078917 -0.0254357 0.0184589 0.0281432 0.0323559 0.0461626 0.0849586
internal_weight=0 24.7351 20.978 15.8644 11.5388 7.48104 8.38331 3.65987 5.11363 8.64962 3.75709 7.70855 5.28898 7.38233 6.9565 1.60512 2.12777 1.55745 1.56809 4.60696 4.98984 2.19206 4.47898 1.37914 2.09178 2.88914 4.72344 3.88543 4.18128 1.14232
internal_count=34117 19460 17302 15729 14657 13126 2603 1480 1573 14475 2158 14116 12775 14092 14037 1188 1264 1048 201 1062 12762 351 900 697 1279 182 1123 888 717 538
is_linear=0
shrinkage=0.05


Tree=107
num_leaves=31
num_cat=0
split_feature=17 13 17 19 22 12 15 37 19 36 36 6 37 33 15 32 3 30 24 36 11 37 36 39 14 15 18 3 37 37
split_gain=2.48032 2.82142 1.69374 1.43363 1.17975 1.03441 0.842601 0.83074 0.8057 0.651609 0.78455 0.61414 0.472535 0.741196 0.56119 0.472511 0.673412 0.402893 0.355491 0.328274 0.324072 0.316662 0.290649 0.264355 0.217948 0.213155 0.19062 0.189023 0.156991 0.183665
threshold=5.5000000000000009 11.500000000000002 9.5000000000000018 0.027800925925925927 1.0000000180025095e-35 108348.12500000001 829.50000000000011 562.85000000000002 6.9852141203703715 18.050000000000004 60.050000000000004 1.5000000000000002 666.85000000000014 1.0000000180025095e-35 829.50000000000011 0.059714795008912663 2.4965913171622796 17.500000000000004 1.5000000000000002 36.550000000000004 1.5000000000000002 84.65000000000002 51.050000000000004 1.0000000180025095e-35 10793.245000000001 182.50000000000003 1.0000000180025095e-35 2.4965913171622796 176.75000000000003 64.050000000000011
decision_type=2 2 2 2 2 2 2 2 2 2 2 2 2 2 2 2 2 2 2 2 2 2 2 2 2 2 2 2 2 2
left_child=3 9 4 12 5 6 19 11 21 -2 17 23 13 14 25 16 -10 24 -5 -3 28 -4 -21 -8 -11 -1 -7 -16 29 -15
right_child=1 2 8 18 -6 26 7 -9 15 10 -12 -13 -14 20 27 -17 -18 -19 -20 22 -22 -23 -24 -25 -26 -27 -28 -29 -30 -31
leaf_value=-0.010688789168879838 -0.0012651866260832781 -0.01608652754475532 0.0031691553947269385 -0.039301735941540787 0.018123997368735222 -0.0042068987792268945 -0.042343919224040558 0.013804536194712955 -0.023809837194557773 -0.0020607062294712604 0.0036396715848176324 0.0090012708116167621 0.023245075638599885 -0.0056657797124961551 -0.031829734542502826 0.019993045430228253 0.015256820322143093 0.0055172448003555294 0.0042505198322252387 0.02186901470364298 -0.0077909381352898738 0.037741429110214067 -0.0069614746256345603 0.0029832365982893376 0.073665077155550818 0.016927658477498029 0.031970956862748499 -0.0021867885570494212 -0.0041555060562713441 0.028431785532261285
leaf_weight=0.29015831468859488 0.53545142838266047 0.69436495206900906 0.99260804284130966 3.3836037824003147 2.5732586939411695 0.21294982331164725 4.5914180423715152 0.43851875769905735 1.6745178524506634 0.042956108110958069 0.75529767415719096 0.3473823555978014 0.74481572747754388 0.12144847988383878 2.2244943685218463 1.2882047914463326 1.0019344285246914 0.43782329277019005 0.31993815449823149 1.1618282368290236 0.87128958210814733 3.8666529465626809 0.83800474685267534 0.20722735748131516 1.9905065131315494 0.83568632083188277 0.38357390469172969 0.83275400474667538 0.25929805918713089 1.5267826322087783
leaf_count=142 517 390 373 10273 296 139 10675 166 3365 130 968 13 36 117 3330 238 51 164 210 96 231 608 528 275 392 122 5 60 49 95
internal_value=0 0.0137039 0.00529062 -0.0136821 -0.0072343 -0.0156774 -0.0209026 -0.0305526 0.0206232 0.048409 0.0550014 -0.0359635 -0.000358997 -0.00548663 -0.0172405 0.00254026 -0.00901322 0.0651285 -0.0354356 0.00195587 0.0120871 0.0324255 0.0114946 -0.0402096 0.0719134 0.00813025 0.0245104 -0.0262845 0.0207235 0.0247286
internal_weight=0 24.0345 20.2724 11.4103 11.4485 8.87527 8.27874 5.58455 8.82392 3.76204 3.22658 5.14603 7.70673 6.96191 4.18309 3.96466 2.67645 2.47129 3.70354 2.6942 2.77882 4.85926 1.99983 4.79865 2.03346 1.12584 0.596524 3.05725 1.90753 1.64823
internal_count=34054 19389 17218 14665 12583 12287 12143 11129 4635 2171 1654 10963 4182 4146 3654 3654 3416 686 10483 1014 492 981 624 10950 522 264 144 3390 261 212
is_linear=0
shrinkage=0.05


Tree=108
num_leaves=31
num_cat=0
split_feature=36 37 2 45 14 13 2 33 34 0 13 13 14 25 19 37 22 5 23 3 10 39 45 10 38 38 36 14 35 19
split_gain=2.22634 2.75231 1.5039 1.09351 1.1904 0.934861 0.79521 0.960003 0.757423 0.735938 0.689429 0.509212 0.57288 0.435833 0.387241 0.387048 0.432104 0.788996 0.647341 0.328556 0.27764 0.276657 0.257428 0.235586 0.23548 0.235136 0.231631 0.205716 0.198236 0.180551
threshold=57.850000000000001 153.65000000000001 2.8601106558260896 1.0000000180025095e-35 13540.130000000003 14.500000000000002 2.7962566456686622 1.0000000180025095e-35 1.0000000180025095e-35 106.38000000000001 9.5000000000000018 24.500000000000004 7687.4050000000016 1.0000000180025095e-35 23.137812500000006 666.85000000000014 1.0000000180025095e-35 1.0000000180025095e-35 23.394195601851855 -2.186798405615956 1399.6150000000002 1.0000000180025095e-35 1.0000000180025095e-35 2792.145 1.1514352060342452 0.55685684877229413 55.750000000000007 380130.52500000008 1.0000000180025095e-35 19.450028935185191
decision_type=2 2 2 2 2 2 2 2 2 2 2 2 2 2 2 2 2 2 2 2 2 2 2 2 2 2 2 2 2 2
left_child=1 3 13 4 21 8 7 19 10 -5 23 12 -3 27 22 16 17 28 -19 -7 24 -1 -14 -6 -8 -9 -21 -2 -4 -12
right_child=2 11 15 9 5 6 20 25 -10 -11 29 -13 14 -15 -16 -17 -18 18 -20 26 -22 -23 -24 -25 -26 -27 -28 -29 -30 -31
leaf_value=-0.027841866099465734 -0.038095588166658499 -0.0053788471539806156 -0.030568508648459898 0.014815420888160062 -0.010788620258283785 0.0064276620242264149 -0.0087446181122084864 -0.0053096545415112911 -0.0049896092606795152 -0.034402020798245635 0.049487283651005243 0.00219033302311242 0.05255493981179013 0.0081579768257357705 -0.0022403623633065069 0.022504116261997595 0.018947095783563489 -0.015609282129073388 0.027753107101491304 -0.033495051715521217 0.027462898600979793 0.0077059839518162244 0.0045201392433169302 0.015990242963035126 0.016113011602273783 0.023469579431852274 0.0043248327406534993 0.00030636781316398855 0.0056182203035923632 0.0052593554462018396
leaf_weight=1.6532792188227237 3.8733227055781736 0.36331978134694409 1.8005639607436021 0.39769708724634201 0.80572638810553943 0.37040270719444368 1.367004355939571 0.6235289131727767 1.2150980898150008 1.8657823867979457 2.6078067817434207 0.97451296317740332 4.7317847340891603 0.27318579371785734 0.29566911971778598 1.0792598269181324 0.69757007772568602 0.65612880815751862 1.019998201227281 2.4370619312976478 1.6563204228586981 0.23000579484505568 0.50276832850067865 0.52076975928503089 0.6048264832352287 1.0013110041763864 0.21974604563729361 0.35852202861133253 0.11756020784378063 0.5220800647366558
leaf_count=3974 14264 141 820 36 820 116 282 411 1181 2918 1097 200 509 104 218 67 47 27 33 5076 75 86 112 69 50 209 91 397 2 674
internal_value=0 0.0136941 -0.0133332 0.00279988 0.00780248 0.0130921 0.00166149 -0.0110918 0.0270299 -0.0238645 0.0350749 0.0383977 0.0431985 -0.0317617 0.0467248 0.00468301 -0.00320421 -0.0106916 0.0112888 -0.0250895 0.0168772 -0.0223335 0.0494063 0.00207874 0.00173632 0.0146102 -0.0300397 -0.0354055 -0.0271854 0.0451697
internal_weight=0 24.9665 9.87611 18.0984 15.835 13.9517 8.2802 4.65205 5.67148 2.26348 4.45638 6.86805 5.89354 4.50503 5.53022 5.37108 4.29182 3.59425 1.67613 3.02721 3.62815 1.88329 5.23455 1.3265 1.97183 1.62484 2.65681 4.23184 1.91812 3.12989
internal_count=34106 18345 15761 17165 14211 10151 6310 5903 3841 2954 2660 1180 980 14765 839 996 929 882 60 5283 407 4060 621 889 332 620 5167 14661 822 1771
is_linear=0
shrinkage=0.05


Tree=109
num_leaves=31
num_cat=0
split_feature=22 19 23 23 19 45 36 36 14 23 37 13 13 3 6 37 3 1 36 15 38 13 36 3 37 38 38 34 14 14
split_gain=2.15986 1.6836 2.16962 1.82032 1.98304 1.41449 1.04411 1.04463 0.91161 0.899935 0.542001 0.536606 0.48066 0.566889 0.465267 0.68062 0.423759 0.407614 0.400929 0.349579 0.346035 0.268807 0.25172 0.236493 0.220688 0.16716 0.165257 0.145451 0.1778 0.143403
threshold=1.0000000180025095e-35 11.97892939814815 7.885422453703705 30.395277777777782 26.558802083333337 1.0000000180025095e-35 58.850000000000001 15.850000000000003 300907.25500000006 1.0000000180025095e-35 994.05000000000007 6.5000000000000009 8.5000000000000018 2.1834855719553268 1.0000000180025095e-35 767.50000000000011 -3.2337409725332322 10.46322818499157 56.850000000000001 182.50000000000003 1.7196581197618641 29.500000000000004 232.45000000000002 -2.439985648015996 58.150000000000013 2.9674897060337968 2.9674897060337968 1.0000000180025095e-35 17296.435000000001 30499.280000000002
decision_type=2 2 2 2 2 2 2 2 2 2 2 2 2 2 2 2 2 2 2 2 2 2 2 2 2 2 2 2 2 2
left_child=1 2 8 -3 18 6 7 17 -1 12 -7 -9 -2 16 15 25 -14 -4 29 -13 21 24 -11 -6 -21 -8 -18 -26 -29 -5
right_child=9 3 5 4 23 10 14 11 -10 22 -12 19 13 -15 -16 -17 26 -19 -20 20 -22 -23 -24 -25 27 -27 -28 28 -30 -31
leaf_value=-0.035711625683041245 0.022468509291192797 -0.039433764218243794 -0.020892868444118588 -0.0018804864610596308 0.0057313993737366014 -0.03090509681257031 -0.028562419287977505 -0.0075884869176156902 0.015106305520210648 0.041309727254455524 0.011849469068034123 -0.002884646976524719 0.012009818479059096 0.017938938670054631 0.015956903771396424 0.017825671121684192 -0.030182125747023964 0.012255307595724154 -0.0084184540012489824 -0.003557916465798091 -0.0019873575118800149 0.0045963883920539204 -0.00069378953058750806 -0.030299148113188873 0.055060500455480943 0.0048488416550514649 0.0047612598420330131 -0.0070563812902775126 0.022136764163673325 0.039292922174074922
leaf_weight=2.7211192816903416 1.3637036822910871 4.2057655122334818 0.71379296699887529 0.13308675221196642 0.20794042054330919 1.3222089471237275 1.7078693608127666 0.34128219533886284 0.54132056790695049 4.1617879644036293 0.458313256909605 0.33531184605089936 0.30418464343529228 0.69811517372727383 1.279056522529572 0.51683413123828348 1.5238155720435314 1.0667976127879226 0.20022158824576752 0.075856880750507005 0.3439326207153498 0.63765589091053687 0.34804553724825371 1.7619606830630798 3.8387896416970761 0.1322594909579492 0.10687635600334022 0.15624033236235835 1.4976139116333795 1.8072334779280934
leaf_count=6896 136 11042 2305 232 58 1544 2824 149 120 347 25 73 9 20 45 52 415 40 474 77 130 134 11 5432 918 8 5 165 250 237
internal_value=0 -0.00246038 0.00629012 -0.0197479 0.00416946 0.0147267 0.0206424 0.0289867 -0.0257138 0.0253118 -0.0195963 0.0365341 0.00566981 -0.00682044 -0.00182223 -0.0133497 -0.0188222 -0.00376784 0.031227 0.0394061 0.0416664 0.0440257 0.0385305 -0.0258466 0.0471536 -0.0252993 -0.0269526 0.0482941 0.0177592 0.0367898
internal_weight=0 26.0025 17.6863 8.31621 4.11044 14.4238 12.6433 9.00727 3.26244 8.50653 1.78052 7.22668 3.9967 2.63299 3.63602 2.35696 1.93488 1.78059 2.14054 6.8854 6.55009 6.20616 4.50983 1.9699 5.5685 1.84013 1.63069 5.49264 1.65385 1.94032
internal_count=34173 33230 15755 17475 6433 8739 7170 4241 7016 943 1569 1896 585 449 2929 2884 429 2345 943 1747 1674 1544 358 5490 1410 2832 420 1333 415 469
is_linear=0
shrinkage=0.05


Tree=110
num_leaves=31
num_cat=0
split_feature=17 2 39 36 37 18 36 11 18 24 30 36 23 22 12 6 23 12 2 2 10 12 37 15 13 37 24 30 12 2
split_gain=1.73127 1.26575 1.25313 1.24803 2.2269 0.983687 1.04113 0.789233 0.783023 0.722726 0.543626 0.498636 0.548751 0.390616 0.323386 0.322149 0.446568 0.320832 0.274917 0.271505 0.232133 0.340219 0.221863 0.21082 0.203892 0.190799 0.178625 0.16578 0.133384 0.120384
threshold=5.5000000000000009 8.8199967649303783 1.0000000180025095e-35 60.050000000000004 193.55000000000004 1.0000000180025095e-35 29.850000000000005 1.5000000000000002 1.0000000180025095e-35 1.5000000000000002 1.5000000000000002 43.750000000000007 19.219704861111115 1.0000000180025095e-35 1798.7550000000003 1.0000000180025095e-35 15.862008101851854 9426.2850000000017 8.8199967649303783 19.249882541093541 2792.145 2825.4350000000004 71.750000000000014 3328.5000000000005 7.5000000000000009 72.65000000000002 1.5000000000000002 19.500000000000004 16163.860000000002 1.59610900237779
decision_type=2 2 2 2 2 2 2 2 2 2 2 2 2 2 2 2 2 2 2 2 2 2 2 2 2 2 2 2 2 2
left_child=1 2 10 4 5 6 9 -7 18 19 -1 12 -8 25 -10 16 -9 22 -5 -2 26 -22 -14 -16 -3 -13 -12 -24 -4 -25
right_child=3 24 28 8 -6 7 11 15 14 -11 20 13 17 -15 23 -17 -18 -19 -20 -21 21 -23 27 29 -26 -27 -28 -29 -30 -31
leaf_value=0.0091899104114259011 -0.033705243870289232 0.024326493454933464 0.020014318017466597 -0.030912293455192794 0.052877943375720243 -0.012498598717079498 -0.0098747793819777673 0.023089515837391404 -0.013116632455100516 0.014358606373665159 -0.039567393620224635 0.0075265947161177078 -0.004474892632142311 0.015671813325074637 -0.0034370499984919612 0.044573903026787494 -0.0095652884315876457 -0.001345641055860275 0.005617622037321782 0.006793383365355188 0.016645376404734839 -0.017739661696457118 0.043418813697901737 -0.0044352902223143047 -0.0027256204150104173 -0.021471904775107676 -0.00085025753760861332 -0.0031602544558721624 -0.004834103558742483 0.024699238116007965
leaf_weight=0.41032202742644752 2.6477991352003363 1.2379904880654065 1.0126348172052528 2.0152439326411691 2.5738097449066109 0.76933891535736521 0.59905964374047505 1.9285486525477611 0.61034680830198373 0.52607327623991285 4.8350267715795781 0.19300010761071495 0.095129055356665382 0.53496965492377047 0.84545935763162594 1.568432585801929 0.93971147891716089 0.57072918220364943 0.2909526687581091 0.12995459139347065 0.24505921662785091 0.80361177380109439 1.5196048027282811 0.097064601010060758 0.7449284839676692 1.449700881661556 0.36084189622488327 0.066959853109437861 0.29126687403186213 1.5145980920060536
leaf_count=139 5753 44 330 8053 271 207 731 314 173 96 13099 42 124 56 159 27 324 279 19 1 2 733 593 287 47 1606 249 83 41 157
internal_value=0 -0.0134 -0.021912 0.0108745 0.017572 0.00768493 -0.00318274 0.02279 -0.00881415 -0.0216927 -0.0300912 0.0105582 0.0216077 -0.00615695 0.00732092 0.0300826 0.012684 0.0304426 -0.0259985 -0.0305138 -0.0335846 -0.00550161 0.0377097 0.0147232 0.016657 -0.016506 -0.0374498 0.0409912 0.0147747 0.0219182
internal_weight=0 9.94168 7.95876 21.4865 16.1128 13.539 8.33298 5.20603 5.37367 3.30383 6.65486 5.02915 2.85148 2.17767 3.06747 4.43669 2.86826 2.25242 2.3062 2.77775 6.24454 1.04867 1.68169 2.45712 1.98292 1.6427 5.19587 1.58656 1.3039 1.61166
internal_count=34039 14684 14593 19355 10507 10236 9364 872 8848 5850 14222 3514 1810 1704 776 665 638 1079 8072 5754 14083 735 800 603 91 1648 13348 676 371 444
is_linear=0
shrinkage=0.05


Tree=111
num_leaves=31
num_cat=0
split_feature=36 38 3 45 14 15 0 0 0 0 17 19 21 19 23 32 38 19 21 5 12 13 36 38 0 22 3 21 12 15
split_gain=1.9276 1.89136 1.53603 1.52953 1.30709 1.1716 1.08346 1.02043 0.830253 0.641433 0.568788 0.634635 0.72731 1.29715 0.90131 0.710242 0.705526 0.49286 0.789076 0.821677 0.227307 0.224581 0.210327 0.204902 0.178133 0.153017 0.138015 0.129528 0.12641 0.120423
threshold=57.850000000000001 1.0000000180025095e-35 1.1330830612240095 1.0000000180025095e-35 10625.925000000003 96571.500000000015 2676.8050000000007 106.38000000000001 29395.065000000006 3750.3550000000005 3.5000000000000004 23.137812500000006 16.021712962962969 0.027800925925925927 21.809947916666669 0.075498575498575513 1.2684547321291317 0.027800925925925927 9.0861226851851864 1.0000000180025095e-35 2371.1350000000007 14.500000000000002 17.550000000000004 2.9674897060337968 14507.855000000001 1.0000000180025095e-35 -2.6028089179770437 5.8525000000000009 540.54000000000008 116.50000000000001
decision_type=2 2 2 2 2 2 2 2 2 2 2 2 2 2 2 2 2 2 2 2 2 2 2 2 2 2 2 2 2 2
left_child=1 8 23 4 24 10 26 -5 -1 -8 28 12 13 14 20 -15 22 18 19 27 -12 -13 -14 -2 -3 -19 -7 -4 -6 -24
right_child=2 3 17 7 5 6 9 -9 -10 -11 11 21 16 15 -16 -17 -18 25 -20 -21 -22 -23 29 -25 -26 -27 -28 -29 -30 -31
leaf_value=-0.032501708281878636 -0.035862651546447105 -0.02090788438208219 -0.029020071290252331 0.020597534813369716 0.0070328692978854973 0.011896369054676795 0.090728003133148549 -0.030888730455282287 0.0085732394937594516 0.0011245847610829305 0.0030547327017149905 0.010471724890512629 -0.0025191785235825388 -0.023488056008279811 -0.011629647203559655 0.016526528861309234 0.0008337826207349922 -0.022360377863203596 0.028960266778789934 0.014594669623078968 0.041147114335063587 -0.014161601458910112 -0.00094548881598502442 0.0044470075698168901 0.0069894447357959077 0.0051991864038215957 -0.011356505826805502 0.0014867660810886684 -0.017537204305921698 0.05020384385650202
leaf_weight=1.8384170369827217 3.1383969594098731 1.0117056515882783 1.2189154545776544 0.68950615519133807 0.14480053474835841 0.27332827236386936 0.77204029489075743 1.5433856026284045 1.5814507793693335 0.25369403343938757 0.6175971576449214 0.84328309973352478 0.10545724931580469 1.9664320487572697 0.6873526545241474 0.89859598111070216 0.97690259032242455 0.94859635717875768 2.1183041847543791 1.8472755905240774 3.2650024783215486 0.89506091523799114 0.080251285078702383 0.11915571555437043 0.24125637882389117 0.24915524863172323 0.27993934148980681 0.3015230798337144 0.51624828977219295 4.314159288922383
leaf_count=6764 13615 2008 287 67 24 9 69 1753 110 155 136 779 137 2253 212 135 272 1652 90 28 335 1447 21 36 18 42 345 12 390 894
internal_value=0 0.0151879 -0.0101551 0.0208982 0.0256219 0.0292824 0.0631236 -0.0135366 -0.0158652 0.0800616 0.0221365 0.0242561 0.0278287 0.0145243 0.0288711 -0.00990899 0.0408588 0.0042072 0.0107005 -0.00478579 0.0369545 -0.00275157 0.0478166 -0.03369 -0.0148182 -0.0168703 0.00039423 -0.0247806 -0.0111613 0.0492676
internal_weight=0 23.7959 9.94132 20.376 18.1431 16.8901 1.579 2.23289 3.41987 1.02573 15.3111 14.6501 12.9118 7.43498 4.56995 2.86503 5.47677 6.68377 5.48602 3.36771 3.8826 1.73834 4.49987 3.25755 1.25296 1.19775 0.553268 1.52044 0.661049 4.39441
internal_count=34095 18333 15762 11459 9639 7613 578 1820 6874 224 7035 6621 4395 3071 683 2388 1324 2111 417 327 471 2226 1052 13651 2026 1694 354 299 414 915
is_linear=0
shrinkage=0.05


Tree=112
num_leaves=31
num_cat=0
split_feature=17 36 37 45 2 16 18 35 37 30 20 2 37 0 15 24 10 10 21 38 14 14 6 13 20 21 24 13 38 26
split_gain=2.10802 1.40704 1.71271 1.21075 1.07873 0.933398 0.754448 0.651671 0.577597 0.580584 0.567155 0.538272 0.459438 0.431597 0.35231 0.29547 0.268522 0.309624 0.26832 0.26008 0.240757 0.236933 0.206808 0.189456 0.169141 0.167693 0.158989 0.151355 0.143179 0.135613
threshold=5.5000000000000009 57.850000000000001 193.55000000000004 1.0000000180025095e-35 8.8199967649303783 1.5000000000000002 1.0000000180025095e-35 1.0000000180025095e-35 994.05000000000007 1.5000000000000002 2.5000000000000004 0.12813749444333472 55.050000000000004 146.32000000000002 43635.000000000007 1.5000000000000002 2628.5950000000007 2833.6750000000006 -1.0000000180025095e-35 1.6473747546946982 58958.945000000014 14341.955000000002 1.0000000180025095e-35 9.5000000000000018 1.0000000180025095e-35 9.0861226851851864 1.5000000000000002 29.500000000000004 2.3851646374873448 1.0000000180025095e-35
decision_type=2 2 2 2 2 2 2 2 2 2 2 2 2 2 2 2 2 2 2 2 2 2 2 2 2 2 2 2 2 2
left_child=4 2 3 5 7 20 15 8 9 -1 12 -11 18 -5 22 -3 26 -18 24 21 -2 -14 28 -6 -7 -16 29 -23 -8 -13
right_child=1 6 -4 13 23 10 14 -9 -10 11 -12 16 19 -15 25 -17 17 -19 -20 -21 -22 27 -24 -25 -26 -27 -28 -29 -30 -31
leaf_value=0.010772529810587855 -0.019246081716433563 -0.029201397618833336 0.052137450282482428 0.011103110941787475 0.023280637349206334 -0.0081229099150296399 -0.0072129064872890726 0.0164050099932594 0.014342495315518129 0.0092783055830836479 -0.0082513057235179578 -0.040825340035246571 -0.0033159357936842549 -0.030247738081344306 -0.020633275472039941 0.0073846023740078747 0.015686361237645909 -0.016925121698331876 -0.014991974851690818 -0.0022422878174804409 0.0054073636762993708 0.037643679854559096 0.026465866727179696 -0.0040205094962256832 0.018642960160019196 0.0074495593835040997 -0.0016792669794493159 0.0095036286916729308 0.013499205599715489 0.0021840521911917709
leaf_weight=0.4519666196429134 1.1313828302954836 2.0968860049833888 2.5453071789233936 0.28744427469791922 1.1920114699169069 0.18952326084399806 1.1576575339713606 0.42394527979195107 0.31557058631733514 0.38187976393965062 0.87629283733258567 5.0478244965051999 0.268316480673091 1.2598730061727108 0.48499782295402827 0.24987862318812393 0.26972964801825561 0.79824581717548426 0.53703769551065939 0.43963014108885534 1.213529664208181 6.0462811567631434 0.97205161070451129 0.53199660545215 0.93976643720816355 0.19978026812896132 0.37993680441286404 1.4012497736548537 0.36632650437240943 0.08740981995651953
leaf_count=148 2127 8144 256 38 50 379 469 9 24 56 910 13266 324 1621 266 121 39 729 1428 265 574 1791 23 30 155 16 277 493 23 90
internal_value=0 0.0136291 0.0204206 0.0118982 -0.0130326 0.0170589 -0.00732778 -0.020387 -0.0240518 -0.0271952 0.0229619 -0.0307021 0.0262518 -0.0212229 0.00798191 -0.0242633 -0.0339391 -0.00508618 0.00129668 0.0306521 -0.00868525 0.0325686 0.0157531 0.0164728 0.0124457 -0.0128815 -0.037888 0.0341009 0.00114158 -0.0398566
internal_weight=0 22.6632 17.1356 14.5903 9.88052 13.043 5.52758 8.15651 7.73256 7.41699 10.6981 6.96503 9.8218 1.54732 3.18081 2.34676 6.58315 1.06798 1.66633 8.15548 2.34491 7.71585 2.49604 1.72401 1.12929 0.684778 5.51517 7.44753 1.52398 5.13523
internal_count=34141 19423 10361 10105 14718 8446 9062 14638 14629 14605 5745 14457 4835 1659 797 8265 14401 768 1962 2873 2701 2608 515 80 534 282 13633 2284 492 13356
is_linear=0
shrinkage=0.05


Tree=113
num_leaves=31
num_cat=0
split_feature=33 19 21 10 2 24 6 23 19 0 15 22 38 38 17 15 2 2 3 30 38 38 10 36 19 36 36 38 15 18
split_gain=1.90977 1.39266 3.56975 1.40497 1.31036 1.07133 0.808832 0.701132 0.761011 0.658875 0.580281 0.461619 0.459841 0.357097 0.343407 0.331979 0.565014 0.425444 0.237288 0.213827 0.176076 0.170535 0.166517 0.15082 0.144016 0.105186 0.0933609 0.0870042 0.0855283 0.0828945
threshold=1.0000000180025095e-35 6.9852141203703715 7.7567418981481486 1135.8150000000003 0.24344554179186695 1.5000000000000002 1.0000000180025095e-35 19.219704861111115 21.025092592592596 1212.7500000000002 17980.500000000004 1.0000000180025095e-35 1.8341881845796686 0.25807098338868012 3.5000000000000004 29531.000000000004 3.4383815098538704 0.22769621361073847 -0.60238116152116339 11.500000000000002 0.73625514515960822 0.0047210179234691068 9040.1100000000024 15.850000000000003 32.745989583333341 241.05000000000004 22.050000000000004 2.1517133772149184 237.50000000000003 1.0000000180025095e-35
decision_type=2 2 2 2 2 2 2 2 2 2 2 2 2 2 2 2 2 2 2 2 2 2 2 2 2 2 2 2 2 2
left_child=1 2 4 5 19 -3 11 -5 18 -4 13 22 23 -8 -13 21 17 -17 -9 -1 -19 -2 -6 -11 25 -23 -18 -10 -24 -22
right_child=15 3 9 7 6 -7 10 8 27 12 -12 14 -14 -15 -16 16 26 20 -20 -21 29 24 28 -25 -26 -27 -28 -29 -30 -31
leaf_value=-0.0059936954063268778 0.0022177162716755421 -0.040688302604498822 -0.0075584724073924116 -0.020704629483002279 -0.038394970171288539 0.013582660564840749 -0.0090599779685269239 -0.0024994123720007704 -0.016630440599348741 -0.000488645086982607 -0.019418531043581395 0.018673817432848329 -0.0052510795442003719 0.026011098163755238 -0.014247633252060458 0.016189272732630884 0.031862030321780789 -0.023838190962882054 0.036139747047275551 0.031161662958278546 -0.0076091718158367268 0.033977125905274387 0.006781834658653692 0.048458186921400477 -0.0037237058715816579 -0.0025244643690728844 0.0048647025633482936 0.0047394193429494882 -0.011522275310795405 0.010075771410699475
leaf_weight=0.1319162347062981 0.69050611111742721 4.3909052316303114 0.41816178170120011 0.89411767431010991 3.5858161176729464 0.58930753206368525 0.45995001333358265 0.32640364625694918 0.75853561690018967 0.14222747665189706 0.80913477009744372 0.37459540998679564 0.2554275281872832 1.3431124039052518 0.87001046136720106 0.5563992205061371 0.77251819745288208 1.1879394805582704 1.4928018951832203 0.94997980290645501 0.31865863136044925 4.8568174886604538 0.26819737553887524 3.7725606824387796 0.078506513389584032 0.066956537732039467 0.91309157786599826 0.15672383960918523 0.47706663763528923 0.37356331072805915
leaf_count=66 400 16311 265 938 9156 267 49 143 1223 70 39 48 13 40 100 43 18 1337 249 229 588 1531 28 332 125 115 61 44 186 89
internal_value=0 -0.0033861 0.00636043 -0.0181048 -0.0115772 -0.033069 -0.0188156 0.00514066 0.0168728 0.0381864 0.00348516 -0.0282047 0.0433481 0.0170242 -0.000434054 0.0220682 0.00832243 -0.00673747 0.0307796 0.0259284 -0.0167875 0.0292908 -0.0346066 0.0469423 0.0320359 0.0331384 0.0244945 -0.0124072 -0.0048236 0.002249
internal_weight=0 22.467 13.8582 8.6088 9.26978 4.98021 8.18788 3.62858 2.73446 4.58838 2.6122 5.57569 4.17022 1.80306 1.24461 9.81496 4.12217 2.43656 1.81921 1.0819 1.88016 5.69279 4.33108 3.91479 5.00228 4.92377 1.68561 0.915259 0.745264 0.692222
internal_count=34103 29796 10621 19175 9941 16578 9646 2597 1659 680 128 9518 415 89 148 4307 2136 2057 392 295 2014 2171 9370 402 1771 1646 79 1267 214 677
is_linear=0
shrinkage=0.05


Tree=114
num_leaves=31
num_cat=0
split_feature=19 21 19 21 2 6 24 32 15 15 23 15 15 24 0 32 15 17 30 38 37 32 2 38 30 17 15 17 12 0
split_gain=1.99547 4.16813 2.81349 1.42964 1.57504 1.7557 1.13607 0.660913 0.659156 0.61788 0.598543 0.577773 0.543839 0.525776 0.395856 0.242215 0.219011 0.193291 0.191953 0.162358 0.149989 0.122766 0.111991 0.111695 0.0972206 0.082351 0.07973 0.0779046 0.0993012 0.0689093
threshold=20.02514467592593 19.843883101851855 0.80135995370370383 4.5479340277777789 0.24344554179186695 1.0000000180025095e-35 2.5000000000000004 0.09449404761904763 17980.500000000004 98372.000000000015 39.327187500000008 146785.00000000003 829.50000000000011 1.5000000000000002 1261.2550000000003 0.25462962962962971 758.50000000000011 4.5000000000000009 14.500000000000002 2.1517133772149184 666.85000000000014 0.35147058823529415 2.9272750312602089 0.017733858832087983 15.500000000000002 15.500000000000002 64057.000000000007 15.500000000000002 108348.12500000001 1065.0350000000003
decision_type=2 2 2 2 2 2 2 2 2 2 2 2 2 2 2 2 2 2 2 2 2 2 2 2 2 2 2 2 2 2
left_child=1 2 3 4 21 9 7 20 -7 12 13 18 27 19 -5 17 -9 22 -11 -2 -4 -1 -3 -19 -12 29 -16 28 -6 -25
right_child=10 15 6 14 5 8 -8 16 -10 11 24 -13 -14 -15 26 -17 -18 23 -20 -21 -22 -23 -24 25 -26 -27 -28 -29 -30 -31
leaf_value=0.036778767658357185 -0.0357174842576179 -0.0077495946373382849 -0.040055299909518748 -0.004362134350953493 -0.011954791118014473 0.028559237731858853 0.019154278770920456 0.014024842950100752 -0.0098408078831160612 0.031645883898795156 0.014721531364846586 -0.018078177105306993 -0.038795540910714944 0.0094942032637598591 0.04291778856514486 0.0003767686085585964 -0.0131870997729562 0.0010704152617732581 -0.0054902814690876147 0.0015296825524406905 0.0016865484735996549 -0.0017724373403556655 0.014183871048558522 0.0066023603072954771 -0.0063664154174076122 0.0019425670031519441 0.0059779202352090929 0.0091722666942505218 0.0075335878290481058 0.057187718940430357
leaf_weight=1.7862830173981006 3.3941601056067152 0.17999732370662869 4.5814201432367545 0.36609282520657815 0.93556468095630207 2.4915348154318058 0.60304373269900668 0.65646641657804117 1.0429119893378809 0.47605364109040216 0.65416607551742334 0.51431455359852407 3.2130165295893676 0.39168549355235871 2.7817032342209136 0.28207785148697428 0.35648490818857681 0.14454964411561366 0.11868669773684815 0.22775311658187991 0.14183428177784652 0.12693430157378305 0.40172013710252941 0.35547388004488301 0.14482622021751013 0.15053374075796444 0.52684203545504704 0.22495785390492518 0.18313432141439989 3.6665572647252702
leaf_count=262 10493 250 12919 149 389 85 42 51 36 85 604 755 5230 155 165 46 606 120 109 310 95 15 24 221 415 12 68 6 10 412
internal_value=0 0.0108841 0.000303985 0.0121812 0.00221629 -0.00721869 -0.0252875 -0.0321095 0.0175571 -0.0229898 -0.0214696 0.00625544 -0.0299526 -0.0282945 0.0353975 0.0469995 0.0026546 0.0491651 0.0254393 -0.0335511 -0.0387262 0.0344906 0.00678839 0.0525246 0.00948499 0.0537556 0.0397883 -0.00127595 -0.00671451 0.0549218
internal_weight=0 26.3082 21.1273 14.788 11.1134 9.20018 6.33925 5.73621 3.53445 5.66573 4.81259 1.10905 4.55667 4.0136 3.67464 5.18091 1.01295 4.89883 0.59474 3.62191 4.72325 1.91322 0.581717 4.31711 0.798992 4.17256 3.30855 1.34366 1.1187 4.02203
internal_count=34139 22162 21077 7364 6982 6705 13713 13671 121 6584 11977 949 5635 10958 382 1085 657 1039 194 10803 13014 277 274 765 1019 645 233 405 399 633
is_linear=0
shrinkage=0.05


Tree=115
num_leaves=31
num_cat=0
split_feature=36 36 45 21 19 39 19 23 19 21 5 12 1 36 14 23 23 24 23 25 30 21 21 18 14 1 2 24 22 15
split_gain=1.91442 1.76978 1.20798 1.14092 1.84131 0.98601 0.938794 1.0346 0.89499 0.640032 0.884426 0.613205 0.555086 0.496998 0.483135 0.368939 0.299126 0.261728 0.261305 0.25582 0.249915 0.243725 0.239203 0.141579 0.133064 0.130417 0.14943 0.126584 0.117897 0.0994813
threshold=60.050000000000004 1.0000000180025095e-35 1.0000000180025095e-35 16.021712962962969 21.025092592592596 1.0000000180025095e-35 2.0870370370370375 21.809947916666669 0.027800925925925927 9.0861226851851864 1.0000000180025095e-35 60076.935000000005 7.0440983396931154 43.750000000000007 7687.4050000000016 37.822152777777781 16.206857638888895 2.5000000000000004 1.0000000180025095e-35 1.0000000180025095e-35 5.5000000000000009 11.354212962962965 33.047112268518525 1.0000000180025095e-35 32314.66 9.6273993408001992 0.5739348187714487 3.5000000000000004 1.0000000180025095e-35 419.50000000000006
decision_type=2 2 2 2 2 2 2 2 2 2 2 2 2 2 2 2 2 2 2 2 2 2 2 2 2 2 2 2 2 2
left_child=1 11 3 6 12 -4 7 14 9 10 19 27 24 18 -3 20 28 -10 -14 -2 -6 -18 -17 -13 -5 26 -20 -1 -8 -28
right_child=8 2 5 4 15 -7 16 -9 17 -11 -12 23 13 -15 -16 22 21 -19 25 -21 -22 -23 -24 -25 -26 -27 29 -29 -30 -31
leaf_value=-0.032896993956901516 -0.032566525362447855 -0.009298560963922755 -0.031192181989079405 -0.0090039378681837211 0.0090283918183875645 0.01970060856809381 -0.027316699588087991 -0.01794928902588656 -0.036326632040313438 0.019870010076829182 0.013248961724113452 -0.0071468623844155839 0.0040986513631657007 0.008480943906541024 0.0293763501341615 0.024793734062775932 -0.012670381095795184 0.0058535469281415743 0.0052441924300543662 0.0064782878072732813 -0.019041363610663609 0.015437373345595124 -0.0084603641700051468 0.017201770090669331 0.013244541806083199 0.0045106111816827854 0.010085407506371461 0.003396134211092347 0.0017129480240347817 0.07457617180187813
leaf_weight=1.9304892764994361 1.8395371245860577 0.45448634175409619 1.4048483567312353 0.28129271919897103 0.48054793052142519 0.71903831185773004 1.1928494376261372 0.9536306949739809 2.6363986434371331 1.4527598550193941 1.4242410641163588 0.27515097106515884 0.32803162015625309 0.86887307647702972 5.4418405332835391 0.77003267660620611 0.41732994831545489 0.1284420434385537 0.26362631141091775 0.14823820884339522 1.3491640711872603 0.77055069855123293 0.20251858990377514 0.53128249575092923 0.56513026068569161 0.23651442553091317 0.41384740674402598 0.070869656279683002 0.28227849456015963 2.5265194798776065
leaf_count=6669 2051 633 1743 435 75 127 2421 373 13107 141 22 219 16 242 1074 84 313 6 36 18 2786 232 516 26 121 49 29 3 72 427
internal_value=0 0.0125542 0.0178494 0.0220547 0.0347068 -0.0131715 0.0087812 0.0179169 -0.0150265 -0.000712764 -0.0119937 -0.0198383 0.0493448 0.0551229 0.0254792 0.000617436 -0.0131942 -0.0333328 0.061843 -0.0284611 -0.0110839 0.00428476 0.0170905 0.00953671 0.00497868 0.0651857 0.0675263 -0.0309085 -0.0233139 0.0703624
internal_weight=0 22.7307 19.923 17.7991 8.2861 2.12389 9.51297 6.84996 7.62962 4.86478 3.41202 2.80779 5.48384 4.63741 5.89633 2.80226 2.66301 2.76484 3.76854 1.98778 1.82971 1.18788 0.972551 0.806433 0.846423 3.44051 3.20399 2.00136 1.47513 2.94037
internal_count=34066 18721 11804 9934 4816 1870 5118 2080 15345 2232 2091 6917 1355 799 1707 3461 3038 13113 557 2069 2861 545 600 245 556 541 492 6672 2493 456
is_linear=0
shrinkage=0.05


Tree=116
num_leaves=31
num_cat=0
split_feature=22 17 37 23 19 19 19 23 36 23 23 33 14 3 17 14 36 15 2 15 30 2 20 15 20 36 37 17 19 12
split_gain=1.65006 1.2 1.15921 1.37244 1.28915 1.20669 1.34221 0.885828 0.873704 0.691705 0.774702 0.674538 0.508042 0.433193 0.432485 0.429572 0.339867 0.301204 0.320239 0.325975 0.264439 0.254628 0.225561 0.205325 0.181201 0.173736 0.146361 0.145709 0.144406 0.14196
threshold=1.0000000180025095e-35 14.500000000000002 502.35000000000008 30.395277777777782 0.027800925925925927 21.025092592592596 18.170543981481483 1.0000000180025095e-35 59.45000000000001 16.039363425925931 7.885422453703705 1.0000000180025095e-35 300907.25500000006 0.18248672038546535 5.5000000000000009 466359.55500000005 44.250000000000007 758.50000000000011 3.5876276440757437 691.50000000000011 1.5000000000000002 19.249882541093541 1.5000000000000002 419.50000000000006 1.0000000180025095e-35 232.45000000000002 213.35000000000005 3.5000000000000004 11.885908564814818 3910.9150000000004
decision_type=2 2 2 2 2 2 2 2 2 2 2 2 2 2 2 2 2 2 2 2 2 2 2 2 2 2 2 2 2 2
left_child=1 2 3 4 8 6 14 11 9 10 12 26 -1 -3 29 -10 -11 18 19 -6 -7 -22 -16 -15 -12 -9 -2 -26 -4 -5
right_child=7 13 28 5 17 20 -8 25 15 16 24 -13 -14 23 22 -17 -18 -19 -20 -21 21 -23 -24 -25 27 -27 -28 -29 -30 -31
leaf_value=-0.024350084382318789 -0.021982095928173535 -0.0095198399656602085 0.027724900291628631 -0.0053548195126675042 -0.025252237566903812 0.0079203854278360637 0.058026511769811301 0.039758002538085202 -0.031677883492208479 -0.024320128180746092 -0.0047906402911692863 0.021131772120328102 0.016492225528987596 -0.0030212237358408544 -0.017311448643780286 0.010229684444610861 0.0081259281154332768 -0.039724119326624903 0.012750598822963703 0.010533633356940714 -0.028055898249793446 0.0079650295309207763 0.010489185712570464 0.039155015416007036 -0.00062156325510858844 0.00038487744580068423 0.0042018367188501517 0.034991179606248111 -0.0046238002513247735 0.024401891575400843
leaf_weight=0.86629893195642027 1.1821193342184404 0.22995855494082107 1.6335611084796244 0.11964792460639717 1.4803354883842987 0.38072536414256353 0.83564295740507066 3.4871780062094335 1.8726379846702914 1.1596898538118692 0.10548835657391498 1.1910726290079765 0.40469602355733514 0.17338878652662959 1.5443058094751902 0.26568413694621984 0.666343220786075 4.3476153647716274 0.38421943190041918 0.23885363622684952 1.4764864536773528 0.14959403872489918 0.26369298250938289 1.4416843862054518 0.27680840352695701 0.31981828808784474 0.33659886787063453 2.3028700512513751 0.10137680957268447 0.81634892352303723
leaf_count=1589 411 338 284 367 1350 68 174 339 1810 1017 406 87 20 14 1098 12 88 17735 14 71 5539 1 25 247 61 12 82 297 333 153
internal_value=0 -0.00249645 -0.00624018 -0.00999765 -0.0178378 0.00981784 0.0249042 0.0243268 -0.00334411 0.00710985 0.017595 0.00106471 -0.00980979 0.0282423 0.00201291 -0.0248705 -0.0137944 -0.032796 -0.0102902 -0.018235 -0.0164253 -0.0229709 -0.0109653 0.0352033 0.0297088 0.0372185 -0.0168147 0.0320637 0.0248352 0.019797
internal_weight=0 23.538 21.6929 19.958 14.3715 5.58644 3.57964 6.51679 7.92052 5.78219 3.95616 2.70979 1.27099 1.84503 2.744 2.13832 1.82603 6.45102 2.10341 1.71919 2.00681 1.62608 1.808 1.61507 2.68517 3.807 1.51872 2.57968 1.73494 0.935997
internal_count=34042 33111 32512 31895 24470 7425 1817 931 5300 3478 2373 580 1609 599 1643 1822 1105 19170 1435 1421 5608 5540 1123 261 764 351 493 358 617 520
is_linear=0
shrinkage=0.05


Tree=117
num_leaves=31
num_cat=0
split_feature=22 17 23 37 23 19 21 19 21 12 33 33 37 23 30 30 0 38 17 23 0 14 0 21 0 38 21 35 37 0
split_gain=1.69677 1.80492 0.979007 0.974794 1.0869 1.30066 1.593 0.700744 0.603354 0.575791 0.581859 0.473202 0.365706 0.326995 0.319057 0.310327 0.29839 0.260729 0.231718 0.208589 0.201921 0.179842 0.174881 0.144956 0.137292 0.122538 0.115778 0.10865 0.104308 0.101144
threshold=1.0000000180025095e-35 9.5000000000000018 1.0000000180025095e-35 767.50000000000011 27.7352025462963 18.741325231481486 16.944832175925928 9.8377372685185218 11.712980324074076 53067.835000000014 1.0000000180025095e-35 1.0000000180025095e-35 213.35000000000005 37.822152777777781 1.0000000180025095e-35 21.500000000000004 19880.715000000004 0.34957555263774881 4.5000000000000009 16.039363425925931 10404.465000000002 47397.555000000015 45425.610000000008 33.047112268518525 10003.430000000002 0.08714702231320888 32.081232638888899 1.0000000180025095e-35 461.15000000000003 60.735000000000007
decision_type=2 2 2 2 2 2 2 2 2 2 2 2 2 2 2 2 2 2 2 2 2 2 2 2 2 2 2 2 2 2
left_child=1 3 11 4 9 6 15 8 16 10 27 12 24 25 -7 28 19 -13 -8 -3 21 -12 -11 -15 29 -9 -4 -1 -6 -2
right_child=2 7 26 -5 5 14 18 13 -10 22 20 17 -14 23 -16 -17 -18 -19 -20 -21 -22 -23 -24 -25 -26 -27 -28 -29 -30 -31
leaf_value=-0.038239113330268269 0.0033175094583143931 0.0084611436087796161 0.0391714565326974 0.02079043039450694 -0.022226066674249784 0.0085437480787907069 -0.0023373929670844804 0.0034487958813849183 0.046098273047743415 -0.00993263506721348 -0.02249542709042655 -0.0075465506043567113 0.011703145870323449 0.020049313553474481 -0.029475574181153565 0.013318457470361506 0.017374946188284057 0.024214772035938151 0.059350113831302426 -0.01921228264987139 0.0061544361442154374 0.0043068453348400863 0.01395216187077347 -0.0067872210195185929 0.0022801490261850151 -0.018918140808472161 0.0025538625753395699 0.0024525148962615548 0.0044326585856733543 -0.028242822128347375
leaf_weight=6.105304665987207 0.068222403526305597 0.43068344722996676 3.2798696868121628 0.98620113742072213 1.0430017625185444 0.23093675832205907 0.08615748206648266 0.46702993820508742 1.2920986408498718 0.47460328545275732 1.0336490900008359 0.36358145478880066 0.51025300058245182 0.61003859738411836 1.4290011938137466 0.29434359981678415 1.477493344369577 1.290350191411562 0.77413617810816504 0.59473702188552124 1.1483519956163943 0.50477251551637881 0.68588554352754727 0.15600391270709224 0.35362123146478541 1.3035011845859115 0.38100710045546282 0.048797354102134594 0.093643169384449609 1.1501507326029239
leaf_count=16910 2 340 327 148 1548 46 60 610 37 592 2133 30 87 119 6052 57 60 59 146 597 168 498 38 425 31 2189 20 1 18 386
internal_value=0 -0.00496437 0.0214271 -0.01422 -0.0179195 0.00370727 0.0241349 0.0158343 0.027148 -0.0260239 -0.0299946 0.0018472 -0.0118165 -0.00398249 -0.0229627 -0.00959342 0.00699789 0.01702 0.0552367 -0.00915036 -0.00706447 -0.0154691 0.00410789 0.0138355 -0.0210327 -0.0139029 0.0367261 -0.0376187 -0.0189831 -0.0257768
internal_weight=0 21.2704 7.39706 14.9388 13.9526 3.95122 2.29128 6.33159 3.79501 10.0014 8.84088 3.73618 2.08225 2.53657 1.65994 1.43099 2.50291 1.65393 0.860294 1.02542 2.68677 1.53842 1.16049 0.766043 1.57199 1.77053 3.66088 6.1541 1.13664 1.21837
internal_count=33734 32792 942 28415 28267 7927 1829 4377 1034 20340 19710 595 506 3343 6098 1623 997 89 206 937 2799 2631 630 544 419 2799 347 16911 1566 388
is_linear=0
shrinkage=0.05


Tree=118
num_leaves=31
num_cat=0
split_feature=36 37 45 19 21 0 6 0 19 21 14 23 23 24 34 15 37 36 32 14 14 36 14 36 36 23 33 17 37 14
split_gain=2.10287 1.49369 1.1608 1.06279 0.815494 0.791304 0.735144 0.729372 0.662591 0.871014 0.677673 0.652511 0.491457 0.462308 0.461896 0.378425 0.351204 0.317718 0.291892 0.28639 0.90237 0.464372 0.184123 0.179517 0.162933 0.153784 0.137023 0.135445 0.128627 0.0952298
threshold=52.150000000000013 43.050000000000004 1.0000000180025095e-35 0.80135995370370383 11.226539351851853 106.38000000000001 1.0000000180025095e-35 29395.065000000006 33.04210069444445 16.021712962962969 17296.435000000001 22.920885416666671 23.394195601851855 2.5000000000000004 1.0000000180025095e-35 165.50000000000003 79.950000000000017 59.45000000000001 0.22474747474747478 16559.415000000005 36727.49500000001 27.450000000000003 7687.4050000000016 119.15000000000002 15.850000000000003 1.0000000180025095e-35 1.0000000180025095e-35 4.5000000000000009 172.75000000000003 107232.23000000003
decision_type=2 2 2 2 2 2 2 2 2 2 2 2 2 2 2 2 2 2 2 2 2 2 2 2 2 2 2 2 2 2
left_child=1 7 8 4 6 -4 17 -1 9 11 -11 14 -8 16 19 -12 -5 -2 24 21 -21 22 -3 -6 -17 -26 -9 -22 29 -16
right_child=3 2 5 13 23 -7 12 26 -10 10 15 -13 -14 -15 28 18 -18 -19 -20 20 27 -23 -24 -25 25 -27 -28 -29 -30 -31
leaf_value=-0.029835877206916567 0.0047670219635628404 -0.0014550651084663155 0.01917226377180771 0.0071247570273997212 0.00025171991491314987 -0.0278343950700395 -0.01106421330496824 -0.0040900273677353894 -0.014151157330490988 -0.0050622363597654929 -0.0047519050635619316 -0.015574543622587519 0.026488252965991412 0.010110521946070025 -0.017628840314719285 -0.0004985142569182622 -0.03703033187858383 -0.032333910541901198 -0.0040862691206607089 -0.021010181628797961 -0.0044378628118279554 -0.0045503266108035071 0.049085891036175895 0.028068673147469317 -0.0021596116335140581 0.050510429387000767 0.018883250263673386 0.024423093534119953 0.0086282282961915452 0.0043494583470413874
leaf_weight=1.5347478187686712 0.43786499548877955 0.13398867381328994 0.61792614964360915 0.1808527976463673 0.77869069777079891 1.2106272613818871 0.85275226703379281 0.58986717456718885 0.38864928048133229 0.53190979680948558 0.18725455281673919 0.81468300691631146 0.86756528890691698 0.24785046279430378 0.63167561903537695 0.14516021846793581 3.1255641895913868 1.7290523541596483 0.11918858288845502 0.75302456148347108 0.14236698975582873 0.3539504439322626 1.3807651297902337 1.5028101802599847 0.059755580266937502 5.7450235991927912 0.63383246227749623 3.3008336072525708 0.30280427647812758 0.23775346195907332
leaf_count=6951 242 241 68 53 55 1542 25 98 901 981 72 535 20 20 899 228 13901 2376 81 716 171 660 240 92 23 1824 19 807 54 59
internal_value=0 0.0168243 0.0222341 -0.010581 0.0025501 -0.0107872 -0.0107254 -0.0136431 0.0266194 0.0285131 0.0410699 0.0145591 0.0106492 -0.028927 0.0194302 0.0451491 -0.0335215 -0.025699 0.0471432 0.0243725 0.0121509 0.038014 0.0458144 0.0215445 0.0486097 0.0497305 0.01095 0.0224995 -0.00558876 -0.012507
internal_weight=0 19.8158 17.0573 9.723 6.16874 1.82855 3.88723 2.75845 15.2288 14.8401 6.78829 8.05185 1.72032 3.55427 7.23716 6.25638 3.30642 2.16692 6.06913 6.06493 4.19623 1.8687 1.51475 2.2815 5.94994 5.80478 1.2237 3.4432 1.17223 0.869429
internal_count=33954 17170 10102 16784 2810 1610 2663 7068 8492 7591 3209 4382 45 13974 3847 2228 13954 2618 2156 2835 1694 1141 481 147 2075 1847 117 978 1012 958
is_linear=0
shrinkage=0.05


Tree=119
num_leaves=31
num_cat=0
split_feature=36 37 37 45 2 6 38 20 36 19 21 37 19 19 24 36 24 38 25 6 36 37 13 21 21 19 36 19 21 0
split_gain=1.65896 2.10001 1.33317 1.21169 0.895165 0.821808 0.696448 0.675422 0.473679 0.439287 0.433599 1.16641 0.596937 0.540573 0.400944 0.384735 0.374437 0.325309 0.311526 0.28119 0.238854 0.229716 0.226108 0.167829 0.164059 0.158642 0.133562 0.119355 0.117338 0.115669
threshold=57.850000000000001 43.050000000000004 767.50000000000011 1.0000000180025095e-35 0.12813749444333472 1.5000000000000002 2.9674897060337968 2.5000000000000004 44.750000000000007 33.04210069444445 19.242719907407409 93.750000000000014 0.027800925925925927 21.025092592592596 2.5000000000000004 21.650000000000002 1.5000000000000002 0.74271179024796818 1.0000000180025095e-35 2.5000000000000004 30.350000000000005 71.750000000000014 30.500000000000004 23.092239583333335 6.4998206018518525 24.329641203703705 46.650000000000013 -1.0000000180025095e-35 9.0012500000000006 146.32000000000002
decision_type=2 2 2 2 2 2 2 2 2 2 2 2 2 2 2 2 2 2 2 2 2 2 2 2 2 2 2 2 2 2
left_child=1 16 5 7 -5 6 14 8 9 10 11 21 20 15 18 -12 19 24 -2 -1 -13 27 -17 -9 -10 -25 -26 -3 -14 -23
right_child=2 3 -4 4 -6 -7 -8 23 17 -11 13 12 28 -15 -16 22 -18 -19 -20 -21 -22 29 -24 25 26 -27 -28 -29 -30 -31
leaf_value=-0.032814072397196491 -0.036640828624699681 0.012912564288364438 0.023393058308851446 0.019389790988658253 -0.030424107852904926 0.016526491722696077 0.013849171851600596 -0.015297289567622128 -0.0037467104236740254 -0.0095674240998045775 5.8427774962448754e-05 0.046271656629895998 -0.010609478412649882 0.011653132322681333 0.008670005253187299 0.066252812837162653 0.0086722556494383939 -0.010269703210804632 0.0047914320584131441 0.0068447244029351583 0.0036878946623893627 0.0052160002318825532 0.0013346278839962155 0.015700902217210752 -0.0031471488847031968 -0.0093770388607488618 0.023943015099101586 -0.0077861692753130249 0.0087707103959459454 -0.020484848568008446
leaf_weight=2.200331645392005 5.2819303291616952 0.9191447500124923 1.1906018358276922 0.61802546796388824 1.3387856934277804 0.57801072298025236 0.39171763606282173 0.7534592414376664 0.56489762204000715 0.23542229750455668 0.26611665989912658 2.8114857600739929 0.26833675958187075 1.5212335000906021 0.20494182547554363 1.9684078047939695 0.3464673332782694 1.0205061259111969 0.25700953043269681 0.16552352975122619 0.56159381287579879 0.12025568132230535 0.18415871229080938 0.53504330087162089 0.29050924442708526 0.22825676276988816 1.7513601456666945 0.28285777389828959 1.087367076303053 1.0937090600564259
leaf_count=6994 15299 238 177 73 1728 54 57 1023 364 638 88 285 474 1345 17 237 133 799 107 8 216 23 24 136 133 498 652 618 586 989
internal_value=0 0.0124889 -0.0131519 0.0186284 -0.0134545 -0.0218254 -0.0272481 0.0229936 0.0260734 0.0308927 0.0324726 0.0202241 0.0326377 0.0460939 -0.0316888 0.0580106 -0.022994 0.00760733 -0.0342796 -0.0288302 0.0416463 -0.00651456 0.0628839 -0.00565768 0.0155128 0.00713671 0.0203212 0.00671776 0.00205938 -0.0167329
internal_weight=0 21.1333 7.90421 18.4209 1.95681 6.71361 6.1356 16.4641 14.9474 11.3201 11.0847 7.14475 4.72878 3.93992 5.74388 2.41868 2.71232 3.62727 5.53894 2.36586 3.37308 2.41597 2.15257 1.51676 2.60677 0.7633 2.04187 1.202 1.3557 1.21396
internal_count=34013 18302 15711 11167 1801 15534 15480 9366 7709 5761 5123 3429 1561 1694 15423 349 7135 1948 15406 7002 501 1868 261 1657 1149 634 785 856 1060 1012
is_linear=0
shrinkage=0.05


Tree=120
num_leaves=31
num_cat=0
split_feature=22 2 2 21 19 19 23 23 15 30 37 2 6 30 23 23 17 37 38 2 2 37 32 19 23 45 0 37 19 23
split_gain=1.7728 1.33182 1.12594 1.0333 2.02998 0.906138 0.635443 0.565326 0.537396 0.481347 0.553373 0.448654 0.41553 0.407289 0.369495 0.502109 0.335424 0.306341 0.2113 0.206916 0.182436 0.172164 0.161283 0.154731 0.202157 0.142726 0.158027 0.111612 0.081021 0.0963357
threshold=1.0000000180025095e-35 1.59610900237779 1.6385422311926139 16.944832175925928 13.743252314814816 0.027800925925925927 1.0000000180025095e-35 2.6625057870370372 18398.000000000004 12.500000000000002 994.05000000000007 3.5876276440757437 1.0000000180025095e-35 4.5000000000000009 17.004021990740743 13.06559027777778 7.5000000000000009 150.25000000000003 2.9674897060337968 0.12813749444333472 0.5739348187714487 93.050000000000011 0.082207207207207214 23.137812500000006 24.099918981481483 1.0000000180025095e-35 5893.5800000000008 502.35000000000008 30.700000000000003 30.395277777777782
decision_type=2 2 2 2 2 2 2 2 2 2 2 2 2 2 2 2 2 2 2 2 2 2 2 2 2 2 2 2 2 2
left_child=1 3 21 19 20 7 17 -4 12 25 -11 -7 14 28 15 -9 -13 18 -2 -1 -5 -3 -15 24 -18 26 -10 -19 29 -6
right_child=6 2 5 4 13 11 -8 8 9 10 -12 16 -14 22 -16 -17 23 27 -20 -21 -22 -23 -24 -25 -26 -27 -28 -29 -30 -31
leaf_value=0.00265370473547829 -0.013636907382845526 0.051336080182619287 -0.019087075892464091 -0.0020275913543333843 -0.0057725784155373671 -0.029382419676223171 0.038689175217788474 -0.012518106945509661 -0.0061935875665746487 -0.029489065110664899 0.014737673158585183 -0.017742329008274504 0.036182097549178664 -0.032910530964561285 -0.012603875073314336 0.028398336869848457 -0.0052385301991002562 0.021050446267511319 0.012256180697316495 -0.035389985636946508 0.041823646810955545 -0.0027069074207523997 -0.00049511440571508995 -0.008070360787444093 0.023919278950514503 -0.0062423256100625005 0.023081270803057559 -0.0043625502712884489 -0.0069980755761710062 0.016412339085289687
leaf_weight=0.242474221566232 1.4408177482400781 0.48107799128774686 0.53779440141806656 0.16647825299878594 0.12963147352275006 1.6870020866626867 3.1309446131344885 0.44248740948387455 0.13496499813481966 1.0916935421628293 0.33664968144148577 0.54260901101224623 2.21523892035475 1.9087950603206993 0.86754753236891691 1.2125156900947329 0.41532315546646692 1.5125380542740456 0.26830573007464398 3.7047430289749173 1.1383906679984646 0.057181593314453494 0.47763979504816223 0.1886087267048423 0.97801784024341032 0.22772832281771105 1.1585090013322767 0.15915500052506093 0.16002421775192488 0.50462958763819188
leaf_count=57 351 137 355 85 119 5191 343 151 164 300 9 411 55 10115 312 76 94 198 5 14103 168 244 544 76 37 56 67 23 102 35
internal_value=0 -0.00290894 0.00725749 -0.0172313 0.000121087 0.00194444 0.0252824 0.0109877 0.0150466 -0.0017357 -0.0172887 -0.0157982 0.0239762 -0.0206677 0.00602865 0.0168642 0.000939835 0.00686917 -0.00654847 -0.032989 0.0377766 0.0475674 -0.0284847 0.0117377 0.0166706 0.0139329 0.018658 0.0179037 0.00560427 0.0111204
internal_weight=0 21.0078 12.5749 8.43281 4.48559 12.0367 6.51176 8.22513 7.68734 2.94955 1.42834 3.81156 4.73779 3.18072 2.52255 1.655 2.12456 3.38082 1.70912 3.94722 1.30487 0.53826 2.38643 1.58195 1.39334 1.5212 1.29347 1.67169 0.794285 0.634261
internal_count=33983 33063 7735 25328 11168 7354 920 1545 1190 596 309 5809 594 10915 539 227 618 577 356 14160 253 381 10659 207 131 287 231 221 256 154
is_linear=0
shrinkage=0.05


Tree=121
num_leaves=31
num_cat=0
split_feature=32 19 24 32 2 10 3 20 10 36 3 30 30 12 13 15 2 38 25 36 23 13 0 36 36 15 6 10 41 0
split_gain=1.37842 1.93945 1.3611 0.970417 0.901652 0.58885 0.528315 0.72918 0.544682 0.438388 0.367814 0.357404 0.335428 0.278425 0.271602 0.359609 0.263821 0.259569 0.255824 0.236721 0.201625 0.180482 0.1759 0.17171 0.151431 0.179811 0.111497 0.107487 0.0986313 0.0888368
threshold=0.057983193277310933 0.80135995370370383 2.5000000000000004 0.22474747474747478 0.57906039266532849 3446.6450000000004 4.641437745208993 1.5000000000000002 2792.145 41.45000000000001 2.0064716797994779 5.5000000000000009 5.5000000000000009 3720.9350000000009 12.500000000000002 17621.000000000004 19.249882541093541 0.0047210179234691068 1.0000000180025095e-35 856.05000000000007 20.418009259259261 48.500000000000007 1053.4450000000004 189.55000000000004 29.850000000000005 182.50000000000003 2.5000000000000004 3512.7600000000007 1.0000000180025095e-35 106.38000000000001
decision_type=2 2 2 2 2 2 2 2 2 2 2 2 2 2 2 2 2 2 2 2 2 2 2 2 2 2 2 2 2 2
left_child=1 4 5 13 9 11 7 8 12 17 27 -3 -6 -2 -8 -16 28 -1 19 21 -10 26 -9 29 -15 -26 -14 -7 -13 -5
right_child=3 2 -4 23 6 10 14 22 20 -11 -12 16 18 24 15 -17 -18 -19 -20 -21 -22 -23 -24 -25 25 -27 -28 -29 -30 -31
leaf_value=-0.0051602197800712209 0.0012139982338858241 0.00030835251637498939 0.022460600077670378 0.0041729371861881489 0.0078783513154340647 0.0048380948848456805 0.026584446526723832 -0.0080488820339648225 0.017740938455991579 -0.0084949855207875086 0.015590033974118593 -0.039737787859931178 -0.033339797821778989 0.0051074628618503742 0.01445249861505501 -0.017454730207932739 0.0055250706034111067 0.040620747233896505 0.0070501554569230756 0.0048792978117140826 -0.0099132796445913773 0.0046894370786373096 0.016838803641132334 0.0082781139852988028 -0.0032972338185400327 0.044484556445046695 0.0029656478623030801 -0.0206475721243508 0.0014101106784364791 -0.020399191307866552
leaf_weight=0.11486736722873248 0.66892316074517966 0.66926225100177905 0.79009785177186209 0.091692745976615475 0.41146491389372197 0.1241839239010003 1.3399605024605983 0.26202605173602966 0.88871515762002651 0.25238288568652922 0.80491030767734628 5.6346405685835634 3.7785411918303007 0.62092010096967021 0.92839617293793686 0.62916814570780843 0.10739456862211216 1.766168264657608 0.18770599373237917 0.24262592474406108 0.23793069188832305 0.10317857292102406 2.3729937112584594 0.28361152427532943 0.069325051852502262 2.2987713544644066 0.058859746903180965 0.69848750625533285 0.080220641844789387 0.88091905099281576
leaf_count=470 812 106 61 21 45 23 38 241 205 567 42 22826 4138 201 41 27 1 382 26 10 83 26 662 131 17 387 1 1276 38 1089
internal_value=0 -0.00497073 -0.0218761 0.0220379 0.00686391 -0.0281806 0.000327087 -0.00603209 -0.0150831 0.0306285 -0.000567869 -0.0341038 -0.0216944 0.0329595 0.0158152 -0.000221518 -0.0375249 0.0370044 -0.0254269 -0.0279632 0.0099855 -0.0305636 0.0128305 -0.0102773 0.0379786 0.0425221 -0.032285 -0.0162568 -0.0390362 -0.0171416
internal_weight=0 22.4842 8.9092 4.91416 13.575 8.1191 11.4416 8.54404 5.90902 2.13342 1.62758 6.49152 4.78238 3.65794 2.89752 1.55756 5.82226 1.88104 4.37091 4.18321 1.12665 3.94058 2.63502 1.25622 2.98902 2.3681 3.8374 0.822671 5.71486 0.972612
internal_count=33993 31335 24373 2658 6962 24312 5543 5437 4534 1419 1341 22971 4246 1417 106 68 22865 852 4201 4175 288 4165 903 1241 605 404 4139 1299 22864 1110
is_linear=0
shrinkage=0.05


Tree=122
num_leaves=31
num_cat=0
split_feature=22 12 23 19 21 15 37 30 15 14 23 3 3 3 3 1 38 12 17 19 19 38 36 13 15 19 36 1 35 2
split_gain=1.48321 1.03709 1.136 1.23152 1.60646 1.1161 0.99592 0.889738 0.805477 0.70307 0.524176 0.439969 0.438406 0.393335 0.570771 0.363615 0.357216 0.241909 0.228794 0.228679 0.208486 0.196869 0.180106 0.177208 0.144155 0.13786 0.121837 0.117995 0.111434 0.0803937
threshold=1.0000000180025095e-35 108348.12500000001 33.030028935185193 23.137812500000006 21.717251157407411 758.50000000000011 767.50000000000011 5.5000000000000009 365.50000000000006 300907.25500000006 1.0000000180025095e-35 4.641437745208993 4.641437745208993 0.80203339531218354 -2.8212351170226846 7.9524110809646551 0.22454207988967162 23147.165000000005 18.500000000000004 13.387528935185186 13.743252314814816 0.38443596201205771 232.45000000000002 12.500000000000002 12687.000000000002 0.027800925925925927 57.850000000000001 7.5959175555244096 1.0000000180025095e-35 2.2740365623802332
decision_type=2 2 2 2 2 2 2 2 2 2 2 2 2 2 2 2 2 2 2 2 2 2 2 2 2 2 2 2 2 2
left_child=1 2 5 4 11 8 7 20 17 12 13 -4 28 14 -2 19 -15 -1 -5 21 26 -10 -12 -14 29 -3 -7 -6 -9 -11
right_child=10 25 3 18 27 6 -8 9 15 24 22 -13 23 16 -16 -17 -18 -19 -20 -21 -22 -23 -24 -25 -26 -27 -28 -29 -30 -31
leaf_value=-0.022525565055361574 0.017204871202384363 0.031391408246077356 -0.021216826074563416 -0.023458000516450112 0.001270312470908406 0.019772450392567954 0.017849132823264727 -0.041765215977589434 -0.0024679269212200435 -0.0049021548373145256 0.037998546153636847 0.015229976627367515 0.0092730565267076376 -0.0093022493304026396 -0.023994662286300039 -0.004325032128938088 0.026294146009749254 0.005486286460144537 0.0085253791110579957 -0.002813219780622005 -0.011180482846237507 0.038662343999755239 -0.0009311141812023149 -0.014583268818798414 -0.010350391111894027 -0.00087206696666150291 -0.0057415924031379096 0.061170160121957508 0.0022604009287803227 0.016132246503731577
leaf_weight=1.2196041460192741 0.5202297142241149 1.3122524714999588 0.83946390214259714 1.0892801793088436 0.13049721921561275 0.94521529575285679 0.79220003177761178 5.929497780496602 0.20027566050703205 0.10859660692949524 2.9308722059940924 0.57553563872352242 0.55465394811471902 0.40038774357526552 1.0636743773793562 0.76388696881622298 1.5195185789925743 0.68400842123810424 0.18773559451801691 0.31564920464006707 0.28208678573719215 1.4309726383871746 0.27046658052131523 0.65607470239046961 0.27084607184224296 0.32467986648407521 0.12886036082636565 1.0740472491233957 0.045010987669229396 0.65639599689893657
leaf_count=1236 23 80 1338 4284 95 171 140 23374 102 382 340 10 19 50 428 162 91 151 49 214 211 117 9 25 409 227 153 70 1 39
internal_value=0 -0.00252175 -0.00632236 0.0151921 0.031295 -0.0125177 -0.0210227 -0.0256216 0.00693502 -0.0313034 0.0231072 -0.00622452 -0.0362585 0.00662995 -0.00904129 0.0214765 0.0182272 -0.0140373 -0.0170769 0.0296324 0.00748924 0.0345938 0.0352708 -0.00440334 0.00399497 0.0270882 0.015419 0.0582006 -0.041157 0.0120606
internal_weight=0 20.5173 18.8804 3.89656 2.61954 14.9838 10.3694 9.57724 4.6144 8.22108 6.70515 1.415 7.18524 3.50381 1.5839 2.71078 1.91991 1.90361 1.27702 1.9469 1.35616 1.63125 3.20134 1.21073 1.03584 1.63693 1.07408 1.20454 5.97451 0.764993
internal_count=34000 33059 32752 5846 1513 26906 24924 24784 1982 24249 941 1348 23419 592 451 595 141 1387 4333 433 535 219 349 44 830 307 324 165 23375 421
is_linear=0
shrinkage=0.05


Tree=123
num_leaves=31
num_cat=0
split_feature=21 19 23 2 0 10 24 33 4 30 0 2 13 21 21 16 21 21 10 21 5 38 0 13 21 14 13 3 13 12
split_gain=1.2501 2.5503 1.58274 1.36414 1.41641 1.1522 0.466389 0.422458 0.447448 0.421568 0.564146 0.322471 0.305086 0.285225 0.279825 0.271152 0.313603 0.252511 0.224717 0.22157 0.205232 0.19174 0.181993 0.169093 0.163697 0.16109 0.158614 0.151692 0.130179 0.204282
threshold=14.318200231481482 21.025092592592596 25.156313657407413 0.24344554179186695 17191.650000000005 1632.6200000000001 1.5000000000000002 1.0000000180025095e-35 1.0000000180025095e-35 12.500000000000002 10404.465000000002 19.249882541093541 8.5000000000000018 24.694629629629635 0.10381365740740742 2.5000000000000004 5.2896122685185194 5.5592071759259269 11328.965000000002 18.53696180555556 1.0000000180025095e-35 1.7459230229238742 1110.7600000000002 49.500000000000007 16.944832175925928 121778.14 48.500000000000007 -0.13956763807335193 12.500000000000002 26679.135000000006
decision_type=2 2 2 2 2 2 2 2 2 2 2 2 2 2 2 2 2 2 2 2 2 2 2 2 2 2 2 2 2 2
left_child=3 2 9 14 5 6 26 8 21 19 13 15 -4 25 -1 16 18 23 -6 -2 -17 -3 -9 -7 -14 -11 -5 -21 -13 -30
right_child=1 7 12 4 11 17 -8 22 -10 10 -12 28 24 -15 -16 20 -18 -19 -20 27 -22 -23 -24 -25 -26 -27 -28 -29 29 -31
leaf_value=0.033398087891562366 0.00010063655287913859 -0.033535540716985529 -0.0028611080556313383 -0.040971032646239774 -0.027640560557014339 -0.017238846283687489 0.0056164342361516226 0.016594682103594719 0.0096474133132370618 -0.027083348824664694 0.017708824145489958 0.02669073810912799 -0.00079522669881776354 0.0099012262435930077 -0.0053103014293127996 -0.0079283604910757796 0.010113367249002065 0.014193749358203568 0.0052349883607828423 -0.00023348978424658757 0.019010184816030593 0.0015553822971316718 -0.0088591041160212616 0.0090386144327903109 0.057497861548023693 0.0028611077604753059 0.001319825359426593 0.034939702137170597 -0.010305706188070085 0.015119632234114114
leaf_weight=1.5757751569472045 0.81443459713045596 2.0468865787333925 0.13299590382666826 4.3043555557742348 1.0845174480054995 0.78627826627052888 0.3850319166886037 0.68672970464103877 0.41233877951162856 1.3412544188831819 1.1907265256013486 1.1160927443997937 0.096197077560646327 0.28890294361190161 0.2694548938598017 0.42774854842718901 0.49476871937804379 1.4085378960007799 0.32342179359693535 0.34036829221440723 0.91313287461525761 0.34791667406534532 0.38899729897093493 0.18411469251441304 3.120432615694881 0.33703726577368787 0.16748327177629097 1.2179893495194842 0.64120179641759001 0.5600232055876404
leaf_count=246 975 9468 138 13922 269 927 254 382 29 2361 282 25 150 65 319 152 150 630 33 336 37 724 618 9 544 279 85 407 30 21
internal_value=0 0.0168108 0.0305801 -0.00396333 -0.01024 -0.0235447 -0.0355147 -0.0144939 -0.0227092 0.0106173 -0.00193046 0.00802185 0.0535225 -0.0157798 0.0278659 -0.00247967 -0.0122548 0.0041716 -0.0210508 0.0229381 0.0107008 -0.0294811 0.00755662 -0.0101963 0.0559794 -0.0222469 -0.0394354 0.0301689 0.0190375 0.0030316
internal_weight=0 12.7632 8.88034 14.6419 12.7967 7.2358 4.85687 3.88287 2.80714 5.53071 3.15792 5.56091 3.34963 1.96719 1.84523 3.24359 1.90271 2.37893 1.40794 2.37279 1.34088 2.3948 1.07573 0.970393 3.21663 1.67829 4.47184 1.55836 2.31732 1.20123
internal_count=33867 16758 5537 17109 16544 15827 14261 11221 10221 4705 2987 717 832 2705 565 641 452 1566 302 1718 189 10192 1000 936 694 2640 14007 743 76 51
is_linear=0
shrinkage=0.05


Tree=124
num_leaves=31
num_cat=0
split_feature=22 17 13 32 19 21 5 32 36 36 3 3 36 36 36 10 10 14 13 21 17 14 36 15 30 15 10 36 36 44
split_gain=1.28524 1.44808 1.29157 1.93163 1.11954 0.64831 0.625481 0.622784 0.577803 0.572593 0.59366 0.47035 0.420801 0.354598 0.342036 0.297654 0.254734 0.235112 0.21908 0.171151 0.160098 0.141572 0.146479 0.134375 0.106409 0.0941079 0.0895044 0.0880899 0.0861675 0.0722187
threshold=1.0000000180025095e-35 5.5000000000000009 11.500000000000002 0.051956815114709856 2.0870370370370375 5.5592071759259269 1.0000000180025095e-35 0.22474747474747478 42.750000000000007 856.05000000000007 4.641437745208993 2.0064716797994779 30.850000000000005 18.050000000000004 38.050000000000004 1448.2900000000002 2833.6750000000006 30499.280000000002 49.500000000000007 19.843883101851855 6.5000000000000009 4126.3200000000006 227.65000000000001 237.50000000000003 5.5000000000000009 365.50000000000006 975.18500000000006 23.950000000000003 1.0000000180025095e-35 0.80000000000000016
decision_type=2 2 2 2 2 2 2 2 2 2 2 2 2 2 2 2 2 2 2 2 2 2 2 2 2 2 2 2 2 2
left_child=1 9 8 4 5 6 18 12 13 10 15 -6 -5 -3 -7 24 27 -14 23 -13 26 -2 28 -4 -1 -19 -15 -17 -23 -26
right_child=21 2 3 7 11 14 -8 -9 -10 -11 -12 19 17 20 -16 16 -18 25 -20 -21 -22 22 -24 -25 29 -27 -28 -29 -30 -31
leaf_value=-0.0036853373823265028 -0.0024678684578101403 -0.0048333643631266352 0.0023723800156816412 -0.0024444614633971659 -0.033148232055435073 -0.0058287306898233372 0.013861275524102452 -0.011966520194122643 -0.0024405362216478768 0.015251685714022925 0.010352682014200816 -0.01254258145431906 -0.0042103157750670523 0.061538863068012789 0.033148198947426023 0.017521496470146995 -0.015795291996729986 -8.2726099869453778e-05 0.0061713002245917846 0.01113712282970282 0.0015849853718144899 0.00053826841927217596 -0.00046418540617303031 -0.029843906199639832 -0.037506538026285507 0.045984254740422253 0.0006667024413037465 -0.0050086260453830189 0.029857829476189868 0.0016905398850655393
leaf_weight=0.51177915811422936 0.27189394737069861 0.10673093883087759 0.21324098697368565 0.50054850007290941 3.3126515814219601 0.40028097240428895 1.3376042582094669 0.31337470960716007 0.55305663427134266 0.44837040023412544 0.66056769143324334 0.32917347693728494 0.091312977492635006 0.94745598814915843 1.2480735355493378 0.42381818927242398 0.6551328697023564 0.11094261771359049 0.23970136795833252 0.80950517400196986 0.18724748962267757 0.29992801608750586 0.43149942715535861 1.4057947894616516 3.1852533247729302 2.354205868083227 0.085118683738983236 0.11106016491976334 5.155823135501123 0.034543440677225479
leaf_count=325 41 470 82 317 12495 32 26 524 1184 36 26 134 264 250 78 152 711 19 35 152 145 121 50 2116 12797 337 20 329 705 3
internal_value=0 0.00061262 0.00910165 0.00206232 -0.00990527 0.00641444 -0.00687916 0.0297844 0.0393491 -0.0182456 -0.0228445 -0.0255856 0.035959 0.0503321 0.0250562 -0.0282961 -0.00308709 0.0420513 -0.0214324 0.00162783 0.0551618 0.0252399 0.026692 -0.026315 -0.0339838 0.0444855 0.0593177 0.0126281 0.028579 -0.036785
internal_weight=0 20.5765 14.546 12.6664 9.29603 4.8447 3.19634 3.37038 1.87961 6.03053 5.58215 4.45133 3.05701 1.32655 1.64835 4.92159 1.19001 2.55646 1.85874 1.13868 1.21982 6.15914 5.88725 1.61904 3.73158 2.46515 1.03257 0.534878 5.45575 3.2198
internal_count=33976 33059 18680 16611 15150 2369 2259 1461 2069 14379 14343 12781 937 885 110 14317 1192 620 2233 286 415 917 876 2198 13125 356 270 481 826 12800
is_linear=0
shrinkage=0.05


Tree=125
num_leaves=31
num_cat=0
split_feature=36 37 36 2 32 2 2 23 14 24 15 0 21 15 13 39 12 25 21 37 19 15 19 19 37 37 12 23 37 21
split_gain=1.59724 1.72459 1.26966 1.08536 0.939852 0.832886 0.83701 0.74308 0.379146 0.346542 0.343724 0.321076 0.261188 0.227986 0.275191 0.262303 0.223506 0.206332 0.181584 0.164511 0.155371 0.154821 0.151638 0.148066 0.132594 0.123311 0.118643 0.118454 0.117619 0.117454
threshold=43.750000000000007 134.95000000000002 36.550000000000004 3.7461379636806407 0.05634920634920635 0.24344554179186695 8.8199967649303783 19.219704861111115 7687.4050000000016 1.5000000000000002 62017.000000000007 1853.5800000000002 40.211296296296304 545.50000000000011 10.500000000000002 1.0000000180025095e-35 6334.2650000000012 1.0000000180025095e-35 11.893454861111113 562.85000000000002 18.741325231481486 38777.500000000007 9.0108854166666692 7.0513888888888898 79.250000000000014 767.50000000000011 60076.935000000005 25.156313657407413 76.950000000000017 5.2896122685185194
decision_type=2 2 2 2 2 2 2 2 2 2 2 2 2 2 2 2 2 2 2 2 2 2 2 2 2 2 2 2 2 2
left_child=1 2 5 4 9 28 12 -4 -3 17 23 -9 13 14 -7 26 -10 19 -13 24 -20 -6 -18 29 -2 -12 -15 -8 -1 -5
right_child=3 8 7 10 21 6 27 11 16 -11 25 18 -14 15 -16 -17 22 -19 20 -21 -22 -23 -24 -25 -26 -27 -28 -29 -30 -31
leaf_value=-0.0021531851626346104 2.6842924742924452e-06 -0.0051984167728345819 -0.0084627263252839598 0.0049769638185891661 0.014666700261535482 0.014047356510252599 0.019183553903190011 -0.0030532903726301639 0.048451721719448844 0.0049449204329623589 -0.015223757518430057 -0.0025768420388839856 0.0087906117064315576 -0.032620903051880139 -0.014977787191231771 0.0063150267611500228 0.020383266837880949 0.0031078155095461669 0.060827742599606022 0.0005245225380678311 0.0032431311985947169 -0.0088849595768431665 -0.0034811794169458581 -0.0033055510477347457 -0.037250411419311645 0.0069010918107107232 -0.0027337940363751424 -0.0029019151726846601 0.027960944331605137 0.028861801233426174
leaf_weight=0.22952177323168299 0.25072064356936419 0.2633933177421558 0.47704170836368476 1.30345038008818 1.5126171168521976 0.54124097802559823 1.1617133477702735 0.17860122250567645 3.0872593882595538 0.46227035242191039 0.70389702333341109 0.0536261957749955 0.2222189581952988 3.4723263970518019 0.7520244933111826 0.21231627374072548 1.1780879893849485 0.24298411791824026 0.73875573768600589 0.30723359374678683 0.25222514577035327 0.2136977304908213 0.59149829786474573 0.42026950971921895 3.9877141693759768 0.27965656667947769 0.56851073907455418 0.51969349349383254 0.86977711009240011 1.3462401562428565
leaf_count=225 216 128 746 109 845 148 49 403 671 286 140 30 163 10909 482 152 147 115 27 372 248 585 237 156 15792 12 338 26 127 91
internal_value=0 0.016595 0.0036743 -0.00752788 -0.0185457 -0.00520223 -0.0117527 0.0337051 0.0376331 -0.0278377 0.011354 0.0465598 -0.0201474 -0.0224725 -0.00200199 -0.027131 0.0404469 -0.0313099 0.0523869 -0.0333784 0.0551616 0.00956168 0.0140296 0.0183014 -0.0354669 -0.00862527 -0.0297925 0.0138209 0.0236428 0.0216952
internal_weight=0 15.3698 10.2496 11.0308 6.97724 8.54934 7.45004 1.70025 5.12024 5.25092 4.05351 1.22321 5.76864 5.54642 1.29327 4.25315 4.85685 4.78865 1.04461 4.54567 0.990981 1.72631 1.76959 3.06996 4.23843 0.983554 4.04084 1.68141 1.0993 2.64969
internal_count=33975 15256 14073 18719 18211 12619 12267 1454 1183 16781 508 708 12192 12029 630 11399 1055 16495 305 16380 275 1430 384 356 16008 152 11247 75 352 200
is_linear=0
shrinkage=0.05


Tree=126
num_leaves=31
num_cat=0
split_feature=17 45 3 36 30 19 19 21 19 32 37 30 0 30 0 36 17 37 38 21 21 19 21 38 20 0 14 33 14 14
split_gain=1.2363 0.954444 0.951845 0.893715 0.705484 0.568143 0.55239 0.735149 0.872057 0.586479 0.451353 0.363864 0.349061 0.321726 0.310508 0.284985 0.260138 0.24913 0.241475 0.237515 0.19912 0.378429 0.181573 0.170606 0.168709 0.148984 0.130585 0.122983 0.117349 0.109238
threshold=5.5000000000000009 1.0000000180025095e-35 2.4965913171622796 60.050000000000004 5.5000000000000009 0.027800925925925927 33.04210069444445 27.559380787037039 0.80135995370370383 0.036038961038961044 994.05000000000007 19.500000000000004 106.38000000000001 16.500000000000004 49226.510000000002 17.050000000000004 7.5000000000000009 994.05000000000007 0.3201117670730011 6.0765162037037044 19.017795138888893 17.402025462962964 22.871545138888894 1.5819794665278972 1.0000000180025095e-35 45425.610000000008 46722.220000000016 1.0000000180025095e-35 20082.185000000005 12022.525000000001
decision_type=2 2 2 2 2 2 2 2 2 2 2 2 2 2 2 2 2 2 2 2 2 2 2 2 2 2 2 2 2 2
left_child=2 3 4 6 27 16 7 8 13 20 11 -6 -3 14 23 -9 19 -14 -4 -5 -10 -22 -13 24 -2 -15 -11 -1 -17 -26
right_child=1 12 18 5 10 -7 -8 15 9 26 -12 22 17 25 -16 28 -18 -19 -20 -21 21 -23 -24 -25 29 -27 -28 -29 -30 -31
leaf_value=-0.0069562914783720207 -0.0034064833834394504 0.011291484241597899 -0.0074025051773894124 -0.018408119395838047 -0.037631445446263373 -0.024561696792302939 -0.014318299730466146 -0.0020668178129829243 -0.021229239730885335 -0.0054976046696622646 0.010240454770910842 -0.012983604886796321 -0.029842793748417553 -0.0076910525842237972 -0.0038599216950666732 -0.00098418996010250889 0.01824170158116532 0.0057495669827951901 0.019024644499721875 0.010761269713679465 0.018515004549518287 -0.015719945573844193 0.011794007282975735 -0.0025780637844666945 -0.0014632214729014587 0.013697488870408212 0.020216480470874196 0.016611945764279872 0.05044251230231548 0.042036832314333188
leaf_weight=0.1609695306542579 0.073060327711569228 0.29252915427787307 0.62454451307712622 0.59962465336139015 3.5873852842669294 1.1948274458336525 0.39613164130423761 0.21455696658085921 1.6900825455231827 0.16428376029944036 0.25601190148154263 0.57910885103046883 1.3350106421967209 0.79672879794816232 0.31628984515555192 0.075915088942565823 1.3538386755244571 0.26447956619085733 1.7585442924755623 0.37860608700430021 0.5996816414844941 0.63670632558932994 0.40549315855969326 0.13368303212337185 0.081437304164865387 0.53905523591674864 1.5617137591543722 0.71931968283024617 2.0442851963525754 2.9829291032583569
leaf_count=273 445 58 83 308 12508 6753 1151 472 2941 307 24 1184 3009 459 12 203 324 21 116 31 82 1348 327 35 61 21 280 86 551 464
internal_value=0 0.0112265 -0.0113024 0.015329 -0.021348 -0.00565093 0.0213145 0.0235168 0.0145258 -0.00138544 -0.0280875 -0.0316864 -0.0165346 0.0272575 0.0336113 0.0449785 0.00850147 -0.0240097 0.0119579 -0.00738565 -0.013554 0.00173904 -0.0019783 0.0372899 0.0392012 0.00310922 0.0166501 0.0108947 0.0488759 0.0408052
internal_weight=0 17.7255 8.09138 15.8334 5.70829 3.5269 12.3065 11.9104 9.57565 4.65247 4.828 4.57199 1.89202 4.92318 3.5874 2.33476 2.33207 1.59949 2.38309 0.978231 2.92647 1.23639 0.984602 3.27111 3.13743 1.33578 1.726 0.880289 2.1202 3.06437
internal_count=33937 19336 14601 16248 14402 7416 8832 7681 6455 4958 14043 14019 3088 1497 1017 1226 663 3030 199 339 4371 1430 1511 1005 970 480 587 359 754 525
is_linear=0
shrinkage=0.05


Tree=127
num_leaves=31
num_cat=0
split_feature=19 21 19 21 2 6 30 24 32 17 38 20 15 0 23 13 22 0 12 38 23 15 45 12 37 32 23 12 24 2
split_gain=1.21106 2.77611 1.37448 1.33783 1.16865 1.55967 0.758306 0.524762 0.46477 0.4594 0.37143 0.369665 0.35763 0.31874 0.299042 0.296433 0.265133 0.198868 0.204294 0.176623 0.172405 0.165038 0.144948 0.128826 0.128784 0.114565 0.071655 0.0674165 0.0641955 0.0620088
threshold=21.025092592592596 19.843883101851855 2.0870370370370375 5.2896122685185194 0.24344554179186695 1.0000000180025095e-35 20.500000000000004 2.5000000000000004 0.036038961038961044 14.500000000000002 1.5463336143265562 2.5000000000000004 17980.500000000004 1179.9500000000003 2.9046527777777782 8.5000000000000018 1.0000000180025095e-35 1121.8150000000003 10531.965000000002 1.7196581197618641 19.219704861111115 237.50000000000003 1.0000000180025095e-35 171661.18500000003 666.85000000000014 0.45227272727272733 37.822152777777781 4910.0200000000013 3.5000000000000004 0.12813749444333472
decision_type=2 2 2 2 2 2 2 2 2 2 2 2 2 2 2 2 2 2 2 2 2 2 2 2 2 2 2 2 2 2
left_child=1 2 3 4 25 10 11 8 24 16 21 15 14 27 -7 -3 -2 -17 -19 -12 -10 -6 -15 28 29 -1 -11 -5 -23 -4
right_child=9 6 7 13 5 12 -8 -9 20 26 19 -13 -14 22 -16 17 -18 18 -20 -21 -22 23 -24 -25 -26 -27 -28 -29 -30 -31
leaf_value=0.030392860355016343 -0.032041689595360634 0.0016301640237382647 0.00039970465637407171 -0.010681253874612724 -0.00049238932154781884 -0.0058708564351069451 -0.0088586141807067854 0.0131036113527121 -0.011688969599051359 -0.0043537903548657034 0.013288154029690805 0.0031120489992137561 -0.0080935139202695169 0.036066715975485143 0.027753821487374899 0.0030547202094603852 0.0024352041363904977 0.061305674377210628 0.0078608564476889946 -0.012159510144442527 0.011830774383531537 -0.038487645793635998 0.00050013435285269482 0.0028019432358917938 0.0020774590858092341 -0.0031335425402043817 0.01457791829900915 0.0065438039964954495 0.0014632335479857609 -0.037453735322745714
leaf_weight=1.2869838689366675 2.3512410481598636 0.36981073087008498 0.089706581537029595 0.26124773969058823 0.37138924472674295 0.47056062778574492 0.42632738396787306 0.34880064148455847 0.50287977070547618 0.21902687801775744 0.43853935865627125 0.63377444435900532 0.91284426434867771 2.8977588553534592 1.7802248120715374 0.30975949424464522 0.50815424317261193 2.4416581253826739 0.53186910352087569 0.3082896250889462 0.62103943491820246 3.2165039471146892 0.33982728535920603 0.065911631245398783 0.11879950849106524 0.090913686144631245 0.37751906223275 0.15395945578347892 0.02967736031860102 2.8921694687342097
leaf_count=290 10742 255 40 136 232 29 117 32 987 285 121 338 39 240 75 383 198 440 182 195 231 7099 38 9 76 10 82 20 2 11133
internal_value=0 0.00860688 -0.00134761 0.00728148 -0.00362236 -0.0118934 0.038808 -0.0222003 -0.0270653 -0.0199583 -0.028591 0.0443274 0.0127405 0.0290855 0.0210806 0.0492723 -0.0268712 0.0530051 0.0561302 0.00183611 0.00075852 -0.0338349 0.0333325 -0.0365924 -0.0348763 0.0277933 0.00925371 -0.00418343 -0.0378638 -0.0365006
internal_weight=0 21.9112 17.198 12.6246 8.97184 7.59394 4.7132 4.5734 4.22459 3.45594 4.43031 4.28687 3.16363 3.65279 2.25079 3.6531 2.8594 3.28329 2.97353 0.746829 1.12392 3.68348 3.23759 3.31209 3.10068 1.3779 0.596546 0.415207 3.24618 2.98188
internal_count=34056 22749 21034 8535 8101 7801 1715 12499 12467 11307 7658 1598 143 434 104 1260 10940 1005 622 316 1218 7342 278 7110 11249 300 367 156 7101 11173
is_linear=0
shrinkage=0.05


Tree=128
num_leaves=31
num_cat=0
split_feature=17 13 32 19 3 24 32 15 39 32 38 30 14 30 36 20 20 14 10 12 14 9 2 0 30 0 32 24 23 30
split_gain=1.87894 1.3118 1.18058 1.02234 0.793528 0.755166 0.65349 0.575551 0.436327 0.393596 0.30485 0.427246 0.356101 0.287885 0.264521 0.376379 0.213094 0.194748 0.163997 0.219014 0.150863 0.126942 0.165746 0.120172 0.111408 0.103741 0.0987746 0.0962093 0.0908488 0.0876024
threshold=5.5000000000000009 12.500000000000002 0.063508064516129045 2.0870370370370375 2.4965913171622796 1.5000000000000002 0.28991596638655465 16564.500000000004 1.0000000180025095e-35 0.039607843137254913 0.22454207988967162 22.500000000000004 29174.240000000002 1.5000000000000002 44.750000000000007 2.5000000000000004 1.5000000000000002 31582.470000000005 2704.4300000000007 2825.4350000000004 10793.245000000001 1.5000000000000002 3.5876276440757437 1274.9350000000002 10.500000000000002 35003.370000000003 0.036038961038961044 1.5000000000000002 26.136741898148152 18.500000000000004
decision_type=2 2 2 2 2 2 2 2 2 2 2 2 2 2 2 2 2 2 2 2 2 2 2 2 2 2 2 2 2 2
left_child=4 14 3 7 8 9 17 10 13 21 -3 12 -12 -1 15 20 23 -4 27 -20 -2 -5 -23 -9 -6 -26 -14 -15 -11 -22
right_child=1 2 6 5 24 -7 -8 16 -10 28 11 -13 26 18 -16 -17 -18 -19 19 -21 29 22 -24 -25 25 -27 -28 -29 -30 -31
leaf_value=0.0050113035862906245 -0.00046901381380890601 -0.0038477947497195584 -0.0033412857187433429 -0.034416004101260438 0.015633826293161061 0.01642437163382825 -0.011297947971349413 0.0040616301282461274 0.0061521157439029337 -0.0075748141808933862 -0.0035383707204887775 -0.011571586830739283 0.035431433705187601 -0.038483901443860734 0.0068155861317908129 -0.0049007634916544557 0.0091842388521462606 0.038593094748495822 0.013199032030724348 -0.015498252523193793 0.053159208451475586 -0.014708963813928586 0.010322968616080187 -0.022557082858615379 0.0074617791396358185 -0.010468578395089637 -0.0010905624151281092 -0.0015104225980069501 0.011735954732834642 0.0042922426528924622
leaf_weight=0.29491230039275507 0.13483801887196412 0.95383143666549397 0.13654295097512648 2.8487284529328467 0.89501796664990285 0.63276029814005585 0.40875482331466617 0.19729961568373244 0.65411564141686529 0.1772519781225127 0.55151112197199914 0.23459293488849642 2.6830205041733284 3.0360828884986408 1.039400355388352 0.18042103631159978 0.31052132817785594 2.5493852906001848 0.22691091510205286 0.51787275089736795 1.9621035538730214 0.41224697363213625 0.30876218609046191 1.0210610074791473 0.63848364884324815 0.62724563095252961 0.13327402292634349 0.27168616163544346 0.45389910224912455 0.28734715790778853
leaf_count=137 293 822 230 11198 52 189 497 356 360 365 259 11 430 12933 1755 229 47 391 7 728 735 638 13 537 98 42 29 281 215 144
internal_value=0 0.0137696 0.00571389 -0.00264147 -0.0150805 -0.0179575 0.0286391 0.0103421 -0.0246451 -0.0252985 0.0183514 0.0237882 0.0283366 -0.0295628 0.0370476 0.0439507 -0.011345 0.0361332 -0.0325727 -0.00420129 0.0480031 -0.0305751 -0.00421984 -0.0183587 0.00785176 -0.00212247 0.0338702 -0.0365027 0.00499367 0.0501588
internal_weight=0 17.6176 14.0134 10.9188 7.16233 4.83365 3.09468 6.08511 5.00158 4.20089 4.55623 3.6024 3.36781 4.34747 3.60411 2.56471 1.52888 2.68593 4.05255 0.744784 2.38429 3.56974 0.721009 1.21836 2.16075 1.26573 2.81629 3.30777 0.631151 2.24945
internal_count=34021 19383 16227 15109 14638 12618 1118 2491 14446 12429 1551 729 718 14086 3156 1401 940 621 13949 735 1172 11849 651 893 192 140 459 13214 580 879
is_linear=0
shrinkage=0.05


Tree=129
num_leaves=31
num_cat=0
split_feature=32 19 21 23 24 15 5 2 32 30 2 13 23 13 12 36 10 19 10 15 11 36 36 2 3 0 15 11 23 15
split_gain=0.990303 0.918598 1.27049 1.20595 0.993038 0.883233 0.865196 1.3175 0.734125 0.430777 0.381248 0.381005 0.337563 0.238708 0.220011 0.162191 0.154085 0.151004 0.144842 0.131266 0.128934 0.124249 0.123485 0.122292 0.0948525 0.0812749 0.0729324 0.0586539 0.0623833 0.0505508
threshold=0.057983193277310933 0.80135995370370383 1.0000000180025095e-35 37.118038194444452 2.5000000000000004 80277.500000000015 1.0000000180025095e-35 0.12813749444333472 0.25462962962962971 4.5000000000000009 19.249882541093541 49.500000000000007 20.002528935185186 6.5000000000000009 3720.9350000000009 189.55000000000004 21695.500000000004 26.558802083333337 13984.17 182.50000000000003 2.5000000000000004 29.850000000000005 12.450000000000001 8.8199967649303783 -3.2337409725332322 106.38000000000001 25506.000000000004 6.5000000000000009 17.266365740740742 73523.500000000015
decision_type=2 2 2 2 2 2 2 2 2 2 2 2 2 2 2 2 2 2 2 2 2 2 2 2 2 2 2 2 2 2
left_child=1 2 6 4 9 -5 7 -1 14 26 -8 16 13 23 -2 25 -9 -7 24 -16 -14 -21 -15 -4 -11 -10 -3 28 29 -24
right_child=8 3 12 5 -6 17 10 11 15 18 -12 -13 20 22 19 -17 -18 -19 -20 21 -22 -23 27 -25 -26 -27 -28 -29 -30 -31
leaf_value=0.021840161604520063 0.00093330665172899744 0.012254692450555396 -0.011459343859967726 -0.013144815321133159 0.018781310371572976 0.049865261390862198 -0.0071258935031143535 -0.037532672553219022 0.0041857529208812177 0.00095461241636701712 0.023871528732693371 0.0086995746850241622 0.0088666736851121409 -0.0020580441007880495 -0.0021424639007015032 0.0087075008992547661 -0.00098047235986292096 -0.0024839716292661268 -0.00066298610086347302 0.004048763562331587 -0.01221682500891557 0.040396773122892048 0.036119145196126544 0.010444175728604102 -0.035055717765324595 -0.018880634784876241 -0.0060917779661280591 0.00027491223024263115 0.0014481477714858443 0.0010965269929847862
leaf_weight=0.7730012296815455 0.60957527813297874 0.33532005109009233 0.3160400575143284 0.52461680573469482 0.58791956189088512 0.3417697124859842 1.0536393783986568 3.1178427980303249 0.091298202329198608 0.13471090924577112 1.4620223911479115 0.17433913981949434 0.46078485395992164 0.15284891369810827 0.11930051032686639 0.2971226629379089 0.36874477165110864 0.052235183262382634 0.3833085833757649 0.51275022753543487 0.48167777607159223 2.2816714161599521 3.0507279100565952 0.24407703243196011 5.1128454392091927 0.7965214178620954 0.13762209881679155 0.15394288531388145 0.23547749694262154 0.17126994020873088
leaf_count=130 819 19 1077 1904 52 70 23 4926 19 80 28 35 56 101 33 124 37 363 297 204 55 402 410 5 21665 1031 63 50 14 57
internal_value=0 -0.00256123 0.00584664 -0.0151694 -0.0227344 0.0230651 -0.00790211 -0.0196831 0.0209769 -0.0288142 0.0125547 -0.0312555 0.0223542 0.0272781 0.030464 -0.00826423 -0.034747 0.0461218 -0.032292 0.0348251 -0.00265081 0.036552 0.0309233 -0.0013381 -0.0341265 -0.0155479 0.00640473 0.0324628 0.0335128 0.0349581
internal_weight=0 19.8268 12.2164 7.61035 6.69173 0.918622 6.94959 4.43393 4.70824 6.10381 2.51566 3.66093 5.26685 4.32438 3.5233 1.18494 3.48659 0.394005 5.63086 2.91372 0.942463 2.79442 3.76427 0.560117 5.24756 0.88782 0.472942 3.61142 3.45748 3.222
internal_count=34149 31517 7004 24513 22176 2337 5179 5128 2632 22124 51 4998 1825 1714 1458 1174 4963 433 22042 639 111 606 632 1082 21745 1050 82 531 481 467
is_linear=0
shrinkage=0.05


Tree=130
num_leaves=31
num_cat=0
split_feature=33 3 21 19 2 30 38 21 6 23 30 13 38 16 30 20 6 19 30 12 19 24 36 30 29 10 3 21 36 14
split_gain=1.20919 0.900869 1.41169 1.12444 1.06551 1.06051 0.396847 0.358004 0.313912 0.344706 0.306176 0.275239 0.202839 0.190438 0.190042 0.163214 0.179566 0.15486 0.154571 0.143286 0.139116 0.122741 0.116872 0.115798 0.112526 0.112512 0.112361 0.104895 0.213441 0.157385
threshold=1.0000000180025095e-35 0.80203339531218354 7.7567418981481486 18.741325231481486 0.24344554179186695 19.500000000000004 0.32957921763083442 22.871545138888894 1.0000000180025095e-35 23.394195601851855 18.500000000000004 49.500000000000007 2.1517133772149184 2.5000000000000004 10.500000000000002 2.5000000000000004 1.0000000180025095e-35 32.745989583333341 1.5000000000000002 50008.92500000001 24.329641203703705 1.5000000000000002 37.550000000000004 9.5000000000000018 1.0000000180025095e-35 21695.500000000004 3.4357288626039613 15.161574074074077 30.350000000000005 53405.834999999999
decision_type=2 2 2 2 2 2 2 2 2 2 2 2 2 2 2 2 2 2 2 2 2 2 2 2 2 2 2 2 2 2
left_child=1 4 8 10 14 12 13 -7 11 19 15 21 24 18 -1 16 23 27 -2 -10 -9 25 -16 -4 -6 -3 -5 28 -8 -30
right_child=6 2 3 26 5 7 17 20 9 -11 -12 -13 -14 -15 22 -17 -18 -19 -20 -21 -22 -23 -24 -25 -26 -27 -28 -29 29 -31
leaf_value=-0.0078487049015836096 0.008836468671181253 -0.031064095383656315 -0.0011641821540324057 -0.020489200860211117 -0.039748466973422818 -0.012504629641230816 0.019166050422911248 0.026122735445618619 -0.019853366588158575 0.017549481793467381 -0.00082370753269548475 0.0088913530906151554 0.0016054164024892096 0.012367686700484007 0.025401938446721829 0.0030160840785987031 -0.0034571995831078808 -0.0050265431769325932 -0.0148180021855173 0.004280057384433658 -0.0049212468677282328 0.0035987579235121241 -0.0034187239087598458 0.044043323447462611 0.002150849200237134 -0.00029304636737472362 0.0047415813943124767 0.031788562177442671 -0.015712874176015457 0.0082796384636301869
leaf_weight=0.1810868372413158 0.2344546146341594 2.066336146472167 0.094751871751215577 0.76301539840642352 3.9757174306796514 0.50969002249621531 0.88602539772546129 0.67913110445078928 0.64160322118550517 0.80398998904274765 0.56012306063712447 0.1685760629698051 0.24843675748343219 0.84223491842567444 0.89338864883757174 0.49299902933125839 0.073206876113545039 0.11025702931510739 1.207190209355758 0.51297613037604606 0.10897927353653358 0.10633121233695408 0.16859221923004952 2.5897169166601088 0.062796105794404755 0.35016809350054234 0.16548711527138948 3.0555137418268714 0.46285828886175295 0.42946477077566669
leaf_count=129 25 2018 140 2347 19867 1500 295 135 23 27 271 10 446 483 282 303 21 231 1339 26 596 39 363 954 68 17 13 870 862 268
internal_value=0 -0.00517639 0.00481324 0.0219085 -0.0177736 -0.0264185 0.018148 0.00849849 -0.0134042 0.00187366 0.0324969 -0.0220179 -0.0365971 0.000300332 0.0155281 0.0370815 0.0407481 0.024955 -0.00892756 -0.012121 0.0214785 -0.0260209 0.0213875 0.0425648 -0.0387994 -0.027996 -0.0158654 0.0263833 0.00899722 -0.00589236
internal_weight=0 16.2171 9.38928 4.7393 6.82782 5.58475 7.228 1.2978 4.64998 1.95857 3.8108 2.69141 4.28695 2.28388 1.24307 3.25067 2.75768 4.94412 1.44164 1.15458 0.78811 2.52284 1.06198 2.68447 4.03851 2.4165 0.928503 4.83386 1.77835 0.892323
internal_count=33968 29595 6209 4049 23386 22612 4373 2231 2160 76 1689 2084 20381 1847 774 1418 1115 2526 1364 49 731 2074 645 1094 19935 2035 2360 2295 1425 1130
is_linear=0
shrinkage=0.05


Tree=131
num_leaves=31
num_cat=0
split_feature=22 23 19 23 19 45 36 0 0 23 3 3 38 20 30 36 3 14 36 32 9 14 3 36 15 38 19 36 36 3
split_gain=1.33303 1.03788 0.924339 1.89251 1.28361 0.602734 0.462664 0.453045 0.533292 0.37069 0.348196 0.496901 0.340042 0.299099 0.248158 0.225753 0.221063 0.213811 0.181079 0.148924 0.125549 0.104204 0.102923 0.101607 0.0945076 0.0830691 0.0769086 0.0697582 0.0642032 0.101024
threshold=1.0000000180025095e-35 7.885422453703705 6.9059953703703716 30.395277777777782 26.558802083333337 1.0000000180025095e-35 41.45000000000001 1179.9500000000003 49226.510000000002 1.0000000180025095e-35 0.80203339531218354 -2.8212351170226846 0.22454207988967162 1.0000000180025095e-35 6.5000000000000009 326.35000000000008 4.641437745208993 10008.715000000002 17.550000000000004 0.21240601503759401 1.5000000000000002 144542.26500000004 2.0064716797994779 232.45000000000002 1462.5000000000002 1.6473747546946982 32.745989583333341 856.05000000000007 58.850000000000001 1.5665996026553377
decision_type=2 2 2 2 2 2 2 2 2 2 2 2 2 2 2 2 2 2 2 2 2 2 2 2 2 2 2 2 2 2
left_child=1 27 5 16 6 7 18 21 13 10 11 -2 -12 -9 26 -7 20 -15 -5 25 -4 -3 -22 -11 -8 28 -6 -1 -19 -30
right_child=9 2 3 4 14 15 24 8 -10 23 12 -13 -14 17 -16 -17 -18 19 -20 -21 22 -23 -24 -25 -26 -27 -28 -29 29 -31
leaf_value=-0.03207552538799479 0.016588897320864743 -0.015507390820894834 -0.036662572699615779 -0.002117280115606926 0.012234577377520282 -0.022577652843744401 0.0088979451827712937 -0.007926186021330172 -0.0086930294076641625 0.036541634990752025 -0.0085634393774819753 -0.022061232014336185 0.027375728817446446 -0.0048375740822674887 -0.023538915643339847 0.0072873324922580283 0.0040711142723230962 0.036945860433265316 0.051998482898745306 -0.0039678030562894312 -0.011743257390238591 0.0064356050207265078 0.0086568650989957644 0.00096727113415828389 -0.010272034407580307 -0.00036526732874711185 -0.0063363893951492488 0.0017612315477561658 -0.0064519400439212518 0.014456117650731671
leaf_weight=1.7011541110659951 0.51081304944818839 0.56081554699266956 2.974311768237385 0.085335020045022469 0.40349528577644356 0.69097960365615996 0.3234418467254726 0.18415220596216375 0.75066865555709217 2.5470996908843522 0.38089848520758085 0.98943467478966274 1.3093155574315458 0.18033091760298692 0.88625483999567223 0.40554330132363248 0.20981521531939495 3.7951333878154401 0.98787509495741688 0.084537988492229377 0.35412209414789675 0.15979630556830671 0.20133222383446991 0.27146505773998786 0.25341556509374641 0.16956145340009232 0.14325465141155291 0.055092917435103916 0.14722705042731821 1.1252188284488509
leaf_count=7156 25 1868 13345 227 55 966 96 627 38 342 55 417 81 137 5334 44 4 742 208 73 548 18 8 13 620 113 112 15 608 114
internal_value=0 -0.00251287 0.00248628 -0.0103276 0.0160409 0.0130496 0.0377233 0.0182283 0.0222455 0.0233148 0.00777177 -0.00752992 0.019104 0.0270192 -0.014169 -0.0133248 -0.0308646 0.029228 0.0487498 0.030965 -0.0333815 -0.00972921 -0.00353725 0.0342659 -0.000697092 0.0320746 0.00641802 -0.0307602 0.0330413 0.0102623
internal_weight=0 16.8329 15.0766 6.82265 3.08307 8.25397 1.65007 7.15744 6.43683 6.00903 3.19046 1.50025 1.69021 5.68616 1.433 1.09652 3.73958 5.50201 1.07321 5.32168 3.52977 0.720612 0.555454 2.81856 0.576857 5.23714 0.54675 1.75625 5.06758 1.27245
internal_count=34009 33076 25905 20557 6652 5348 1151 4338 2452 933 578 442 136 2414 5501 1010 13905 1787 435 1650 13901 1886 556 355 716 1577 167 7171 1464 722
is_linear=0
shrinkage=0.05


Tree=132
num_leaves=31
num_cat=0
split_feature=36 45 36 36 32 15 39 22 17 13 15 13 12 0 3 6 22 11 18 19 12 19 32 43 0 0 19 15 33 42
split_gain=1.06573 1.18632 1.29863 0.634088 0.602492 0.564606 0.496313 0.479893 0.479855 0.623991 0.466188 0.424901 0.386942 0.298299 0.235973 0.231931 0.25327 0.219351 0.192916 0.187549 0.173982 0.139581 0.131293 0.111508 0.0957093 0.0834793 0.133184 0.0819369 0.0719661 0.066924
threshold=56.850000000000001 1.0000000180025095e-35 17.550000000000004 682.20000000000016 0.065591397849462371 93744.500000000015 1.0000000180025095e-35 1.0000000180025095e-35 8.5000000000000018 15.500000000000002 43635.000000000007 6.5000000000000009 69815.130000000019 2676.8050000000007 -0.36351641937048479 1.5000000000000002 1.0000000180025095e-35 1.5000000000000002 1.0000000180025095e-35 33.04210069444445 2648.9000000000001 13.743252314814816 0.057983193277310933 1.0000000180025095e-35 3606.8500000000004 1212.7500000000002 21.025092592592596 165.50000000000003 1.0000000180025095e-35 1.0000000180025095e-35
decision_type=2 2 2 2 2 2 2 2 2 2 2 2 2 2 2 2 2 2 2 2 2 2 2 2 2 2 2 2 2 2
left_child=1 2 7 4 15 8 -3 12 9 10 11 -4 -1 -7 22 16 23 -16 -6 25 -13 27 -10 29 -15 -19 -27 -22 -14 -2
right_child=3 6 5 -5 18 13 -8 -9 14 -11 -12 20 28 24 17 -17 -18 19 -20 -21 21 -23 -24 -25 -26 26 -28 -29 -30 -31
leaf_value=-0.02975669003310278 -0.034088467497546959 -0.029679319688456791 -0.01032711973139154 0.017315547982350535 -0.0090622140241335119 0.00091257413282266246 0.012129996499892314 0.011741968010808098 -0.009515269962706541 -0.016551166423786172 -0.014246969302510111 -0.00054725926041836648 -0.0052253398949022494 0.064083246276295233 -0.0038950807620859208 0.0065689773569667324 -0.0017985398287669976 0.0021196280187548025 0.017294905523443815 -0.0043949271714884405 -0.00096709450182673798 0.00055826528644989371 0.011978726110473197 0.0025787866018711918 0.011442766681653754 0.040073313300711191 0.0019340690847032566 0.034515342125814662 0.012299068415810924 0.0017252926022306592
leaf_weight=1.4214122436023946 2.9915455785230733 1.3218441223434645 0.42610920069637215 0.91110211145860365 0.32776428270517477 0.33803455541055782 0.37991211255575752 1.1001464247237893 0.47441161013557565 1.3933483518630962 0.4624566987477009 0.50483877203078042 0.28011156935826864 0.62574127830885096 0.20888713072054121 0.20342057416564774 0.98744611424626771 0.30402374706318447 0.89456852441799128 0.094563418118923326 0.1149553312861834 0.40618379482475564 0.38084637135034427 0.083684132459893479 0.65090780882746913 2.9979347471307851 0.35403576152748417 2.243513800061919 0.37778642412740737 0.03827051196276432
leaf_count=6682 14206 2993 509 193 997 675 121 239 498 1772 1271 708 115 82 134 35 263 203 165 150 42 510 47 130 191 360 182 574 25 15
internal_value=0 0.0128333 0.0174132 -0.0098582 -0.0163046 0.0245392 -0.0193106 -0.00888558 0.0170897 0.00544285 0.0145929 0.0204674 -0.0200684 0.0475372 0.0272732 -0.0239706 -0.0264763 0.0314701 0.00932979 0.033845 0.0259596 0.0296595 0.00135364 -0.031963 0.0540592 0.0355656 0.0374151 0.0330129 0.00618643 -0.0333202
internal_weight=0 16.862 15.1602 6.4378 5.5267 11.9808 1.70176 3.17946 10.3661 5.55141 4.15806 3.6956 2.07931 1.61468 4.8147 4.30437 4.10095 3.95944 1.22233 3.75056 3.26949 2.76465 0.855258 3.1135 1.27665 3.65599 3.35197 2.35847 0.657898 3.02982
internal_count=34087 18083 14969 16004 15811 7908 3114 7061 6960 5386 3614 2343 6822 948 1574 14649 14614 1029 1162 895 1834 1126 545 14351 273 745 542 616 140 14221
is_linear=0
shrinkage=0.05


Tree=133
num_leaves=31
num_cat=0
split_feature=17 30 30 37 12 37 19 14 36 3 15 3 23 33 37 14 33 37 36 3 19 3 19 38 12 23 1 19 10 10
split_gain=0.747083 0.841951 0.930292 0.609169 0.820739 0.548473 0.504785 0.445903 0.420557 0.340496 0.285156 0.279406 0.262997 0.257062 0.234332 0.214923 0.183116 0.169342 0.12928 0.161061 0.126835 0.124759 0.122529 0.120954 0.108543 0.101195 0.0979138 0.0975322 0.0895009 0.0799102
threshold=8.5000000000000018 14.500000000000002 5.5000000000000009 104.45000000000002 5142.8200000000006 562.85000000000002 21.025092592592596 13540.130000000003 15.850000000000003 1.1735333649890258 91545.500000000015 3.4357288626039613 37.822152777777781 1.0000000180025095e-35 71.750000000000014 33122.295000000006 1.0000000180025095e-35 83.850000000000009 43.750000000000007 0.43005133957160074 18.741325231481486 -3.2337409725332322 0.98817129629629641 0.08294502958867693 47083.44000000001 8.0583275462962991 10.288616048115388 33.04210069444445 10456.185000000001 12302.900000000001
decision_type=2 2 2 2 2 2 2 2 2 2 2 2 2 2 2 2 2 2 2 2 2 2 2 2 2 2 2 2 2 2
left_child=1 2 13 4 7 11 14 -3 -9 16 22 21 -8 -1 26 -16 -5 -15 23 -20 25 -4 -11 -17 28 -10 -2 -14 -6 -23
right_child=6 3 5 9 24 -7 12 8 20 10 -12 -13 27 17 15 18 -18 -19 19 -21 -22 29 -24 -25 -26 -27 -28 -29 -30 -31
leaf_value=-0.0097802032262450569 -0.008169711344712921 -0.0016960901493068858 0.0024026954143931199 -0.021630652718630409 -0.015351725882304471 0.011079952581679667 -0.017505082217012895 -0.0054077015182222368 0.0017059877135291595 0.020302880548826899 -0.012258958386618715 -0.00085096393342806807 0.016339407497888817 -0.005501624707629953 -0.0013556829484817413 -0.0015991428186600872 0.0051162562327332559 0.023685740055759266 -0.0060317918970781738 0.016862088956398635 0.0012055428913494677 -0.036350747489232872 -0.0043402055732035061 0.037645157709079488 0.0071531252390126115 0.056303972067169375 0.0097926345642334791 -0.0058902490350773787 0.0048366509497825188 -0.001796148157746735
leaf_weight=0.37669409548107213 0.61148319391941075 0.55282847758644571 0.10943305375258283 1.4118490368273344 0.88571645152478573 0.50953004958864756 0.83427327540994134 0.18179213999246702 0.15479035458338319 1.4133648296556205 0.44149407470467839 0.84947267474490207 0.46387149880683864 0.21884821259300236 0.54510826095429354 0.12352322703736751 0.42959974631594366 1.4002931742579674 0.49712996666858122 1.6061410273396175 0.17153044656515692 3.1661774117274035 0.25193965504877258 2.7207218099792954 0.51803995710361039 1.2104299979073401 0.43501928534533363 0.13277809692590381 0.23240687647921732 0.28630765614070686
leaf_count=510 985 1619 58 5536 1538 183 2701 1119 165 173 120 63 114 59 728 43 873 148 817 462 338 13244 610 473 211 350 24 571 40 198
internal_value=0 -0.000731145 -0.0125372 0.00990562 0.0217389 -0.0229587 0.0175155 0.0363193 0.0446738 -0.00383213 0.00833442 -0.0282113 -0.006114 0.0122446 0.0228114 0.0263515 -0.0157862 0.0191464 0.0291189 0.0112509 0.0503945 -0.0331195 0.0163451 0.0359682 -0.00460121 0.0534521 0.000433553 0.0108016 -0.0108531 -0.0345322
internal_weight=0 14.7725 6.91676 7.85578 3.90753 4.92092 7.97005 2.27137 1.71854 3.94825 2.1068 4.41139 1.43092 1.99584 6.53913 5.49262 1.84145 1.61914 4.94752 2.10327 1.53675 3.56192 1.6653 2.84425 1.63616 1.36522 1.0465 0.59665 1.11812 3.45249
internal_count=34073 27155 14463 12692 5380 13746 6918 3591 1972 7312 903 13563 3386 717 3532 2523 6409 207 1795 1279 853 13500 783 516 1789 515 1009 685 1578 13442
is_linear=0
shrinkage=0.05


Tree=134
num_leaves=31
num_cat=0
split_feature=3 2 32 3 21 19 2 17 0 24 10 33 15 21 45 25 30 23 15 21 0 15 14 0 38 15 36 38 37 36
split_gain=1.10044 1.56502 1.09424 1.20749 0.598344 0.712114 0.668457 0.565399 0.547558 0.461525 0.34729 0.344106 0.293581 0.236468 0.222222 0.214825 0.211269 0.1767 0.161957 0.148357 0.142172 0.137103 0.126154 0.125253 0.118891 0.080426 0.0744577 0.0680717 0.0566577 0.0641699
threshold=0.80203339531218354 1.6385422311926139 0.039607843137254913 -2.6028089179770437 5.2896122685185194 2.0870370370370375 3.5876276440757437 8.5000000000000018 35003.370000000003 1.5000000000000002 1835.9400000000003 1.0000000180025095e-35 17249.000000000004 12.424479166666668 1.0000000180025095e-35 1.0000000180025095e-35 19.500000000000004 19.219704861111115 184309.50000000003 33.047112268518525 2140.5150000000008 691.50000000000011 20514.110000000004 49226.510000000002 1.293574066571888 545.50000000000011 37.550000000000004 0.80487953046583371 77.750000000000014 43.750000000000007
decision_type=2 2 2 2 2 2 2 2 2 2 2 2 2 2 2 2 2 2 2 2 2 2 2 2 2 2 2 2 2 2
left_child=2 22 3 26 8 14 -7 21 10 15 -3 12 23 -9 -6 16 18 -8 -5 28 27 -4 -2 -10 -16 -18 -1 -15 -19 -30
right_child=1 4 7 9 5 6 17 13 11 -11 -12 -13 -14 20 24 -17 25 19 -20 -21 -22 -23 -24 -25 -26 -27 -28 -29 29 -31
leaf_value=0.020617541191887308 0.064072739120722685 -0.029849614349795689 0.0058360330033242792 -0.038847459311142023 0.032290547804477009 -0.023483886317416637 -0.0062280802858150665 -0.0039416874638098284 0.014473026053325833 0.0081318589842565084 0.006753463396810034 0.020116276289066821 -0.019576817252147386 0.038278730034373543 0.010627353643048386 0.0046658008066314529 0.0059880005271044498 -0.0011813942494136105 0.00093184973741132536 -0.0057620226690307625 -0.0021125557770670898 -0.016025115427258801 -0.00042791028605415355 -0.0058827142865587392 -0.010658615965810218 -0.011438690703623378 -0.0026119014590415299 0.00035259380947438927 0.027165881536781705 0.0010762622004787193
leaf_weight=0.98429370539088246 0.47301383469675684 1.4286810692756242 0.54268338860856624 3.9780354334943713 3.077007459407469 1.0863530632195764 0.44879145354934769 0.29581367009814119 0.86666629211686108 0.42519728067418316 0.45481089024542587 1.3320110195199961 0.83039500215818396 1.1346290215005863 0.32143885233017488 0.15468426419829473 0.46253651170263754 0.14992224024899758 0.22106960454402713 0.16095935914927384 0.15486390168371134 0.73236096838445519 0.066012466340907849 0.55589890008559451 0.30272915586829185 0.29570555553800659 0.16967712923360523 0.14507966281234974 1.1009504897519944 0.36155680185765948
leaf_count=224 109 1795 180 20203 181 4038 208 142 48 370 151 39 48 195 36 153 142 65 854 108 162 1803 168 21 8 2017 207 106 74 144
internal_value=0 0.0131606 -0.00819579 -0.0186546 0.00671834 0.0155161 -0.00174707 0.0139334 -0.00521433 -0.0277385 -0.0217341 0.00631225 -0.00552417 0.0273101 0.028037 -0.0315643 -0.0332883 0.0128697 -0.0369768 0.0182057 0.0327265 -0.00824517 0.0610281 0.00737375 9.73472e-05 -0.00344862 0.0175751 0.0360198 0.0218881 0.0237723
internal_weight=0 13.0172 9.69663 6.6912 12.4782 7.00971 3.30853 3.00543 5.46846 5.53723 1.88349 3.58497 2.25296 1.73039 3.70118 5.11203 4.95735 2.22218 4.19911 1.77339 1.43457 1.27504 0.539026 1.42257 0.624168 0.758242 1.15397 1.27971 1.61243 1.46251
internal_count=33999 7241 26758 24170 6964 4862 4637 2588 2102 23739 1946 156 117 605 225 23369 23216 599 21057 391 463 1983 277 69 44 2159 431 301 283 218
is_linear=0
shrinkage=0.05


Tree=135
num_leaves=31
num_cat=0
split_feature=36 37 0 45 37 37 36 33 6 38 16 25 24 15 0 14 36 45 13 15 12 0 30 0 37 23 35 0 30 38
split_gain=1.38792 1.1078 0.676635 0.86628 0.666353 0.610684 0.875085 0.50785 0.475177 0.485166 0.285594 0.269875 0.28003 0.221953 0.215607 0.200672 0.220445 0.163173 0.156616 0.158061 0.15449 0.142999 0.138404 0.143863 0.11127 0.106432 0.0821265 0.0800014 0.0755176 0.0701421
threshold=60.050000000000004 134.95000000000002 2799.5800000000004 1.0000000180025095e-35 767.50000000000011 72.65000000000002 23.050000000000004 1.0000000180025095e-35 1.5000000000000002 2.9674897060337968 6.5000000000000009 1.0000000180025095e-35 2.5000000000000004 3054.5000000000005 29395.065000000006 7687.4050000000016 43.750000000000007 1.0000000180025095e-35 31.500000000000004 151058.00000000003 130343.04500000003 1145.075 18.500000000000004 1853.5800000000002 94.450000000000017 40.25133101851852 1.0000000180025095e-35 49226.510000000002 13.500000000000002 1.7196581197618641
decision_type=2 2 2 2 2 2 2 2 2 2 2 2 2 2 2 2 2 2 2 2 2 2 2 2 2 2 2 2 2 2
left_child=1 2 7 5 8 6 14 10 9 11 22 12 25 24 -4 -3 17 18 19 29 -15 -9 -1 -24 -7 26 -2 -16 -8 -17
right_child=4 15 3 -5 -6 13 28 21 -10 -11 -12 -13 -14 20 27 16 -18 -19 -20 -21 -22 -23 23 -25 -26 -27 -28 -29 -30 -31
leaf_value=-0.030356589336471118 -0.036487241896989923 -0.0029768936288343309 -0.013559246380717772 -0.022375965557649938 0.014763007309129779 -0.0049067119885910313 0.0015853468852638011 0.015917156364553559 0.012099396409427211 0.011226317102791074 0.0083197377439838544 0.0055198824267554221 0.0064426475233300903 -0.016097932614223123 0.01573040570396278 0.042919760280963642 0.006859543519259742 0.00066218870034440939 0.00044514303146844401 -0.0019687741328816037 0.0083230763723091596 -0.0060915022893801556 -0.012554871941509725 0.010383100358162055 0.016397967722248673 0.0013767661641506603 0.0019897590772928113 -0.0035638476665801112 0.052831368866723107 0.00041477698547851298
leaf_weight=1.9328435698516901 3.7834185464125767 0.30528525607587553 0.45408533695081166 0.68517437863556541 0.92523205121688068 0.34565134802687714 0.13964955409755919 0.98765772447586619 0.3993226369639159 0.32080096035497252 0.26479049756744633 0.23155325436528063 0.1450865827500819 1.1658555677531692 0.87913166011276167 3.2346942792573841 1.4253360242655615 0.35191281873994729 0.28623011421586841 0.12436519428592863 0.20971451731747937 0.50774213854674599 0.46217149494259491 0.3141994256657199 1.01781744674372 0.12551699003233796 0.039661761373281368 0.31627801590366289 1.2573163086781276 0.1194341947484644
leaf_count=8786 14587 252 1677 1086 193 133 122 861 56 60 105 101 14 1398 66 716 793 185 67 42 22 672 1214 293 166 364 1 24 171 53
internal_value=0 0.0125736 0.0024648 0.0120734 -0.0138524 0.0188496 0.0311917 -0.0111103 -0.0206739 -0.0251349 -0.0209412 -0.0294334 -0.0321061 0.000451488 0.00194459 0.0283649 0.0302825 0.0354668 0.0378984 0.0401927 -0.0104384 0.00899793 -0.025273 -0.00265255 0.0112061 -0.0345382 -0.0357583 0.0113275 0.0505071 0.0418491
internal_weight=0 16.7873 10.9401 6.47067 5.97059 5.7855 3.04646 4.4694 5.04536 4.64604 2.974 4.32524 4.09368 2.73904 1.6495 5.84726 5.54197 4.11664 3.76472 3.47849 1.37557 1.4954 2.70921 0.776371 1.36347 3.9486 3.82308 1.19541 1.39697 3.35413
internal_count=34280 18904 16796 4865 15376 3779 2060 11931 15183 15127 10398 15067 14966 1719 1767 2108 1856 1063 878 811 1420 1533 10293 1507 299 14952 14588 90 293 769
is_linear=0
shrinkage=0.05


Tree=136
num_leaves=31
num_cat=0
split_feature=22 2 32 2 3 17 19 37 37 32 23 13 3 3 3 0 10 21 37 12 30 36 36 36 2 13 23 21 3 0
split_gain=1.30246 1.34479 0.952737 0.911292 0.872097 0.772975 0.3812 0.32698 0.313808 0.288255 0.249704 0.355411 0.228634 0.212869 0.272654 0.174736 0.168711 0.15558 0.14276 0.138983 0.114679 0.0995801 0.1068 0.0887032 0.0813977 0.0738291 0.0729393 0.0644591 0.0541262 0.0433506
threshold=1.0000000180025095e-35 1.59610900237779 0.039607843137254913 1.6385422311926139 4.641437745208993 8.5000000000000018 14.048229166666669 280.05000000000007 562.85000000000002 0.22474747474747478 1.0000000180025095e-35 6.5000000000000009 3.4357288626039613 2.4965913171622796 -3.2337409725332322 2140.5150000000008 7541.1750000000002 11.712980324074076 93.050000000000011 3677.0700000000002 4.5000000000000009 57.850000000000001 25.350000000000005 232.45000000000002 2.2110177072425423 48.500000000000007 37.822152777777781 9.0861226851851864 -0.92562907532061811 16178.085000000001
decision_type=2 2 2 2 2 2 2 2 2 2 2 2 2 2 2 2 2 2 2 2 2 2 2 2 2 2 2 2 2 2
left_child=1 2 7 18 5 8 12 -1 16 15 11 -2 24 14 -13 17 20 -4 -3 -6 -5 22 -19 -12 -7 -16 -8 -10 -9 -18
right_child=10 3 9 4 19 6 26 28 27 -11 23 13 -14 -15 25 -17 29 21 -20 -21 -22 -23 -24 -25 -26 -27 -28 -29 -30 -31
leaf_value=-0.037075862519390893 0.025549183757557423 0.047577740230803162 -0.0059280280121855678 0.00084916971854269376 0.0015541357357485208 -0.0017787340678724489 -0.015757978871534187 0.0085446774235859377 -0.0055657769756353882 -0.014023895732708919 0.034765169936309896 0.011725530363940723 -0.0072683678309244564 0.013301117944305253 -0.020356809934319993 -0.0073807566700675002 0.0078171132698655887 -0.0029765950563836298 -0.0024939959809305366 0.026533258002826313 -0.030201464459467878 -0.003524467696759322 0.029061519589272042 0.0006066538504447839 0.026129456698744655 0.0035145013380996366 0.0037289547192586869 0.011938683060766732 -0.0065360218645169766 -0.0058157775703055479
leaf_weight=3.4661417160532468 0.71079142365488168 0.40646995073257031 0.13161490463608094 0.26415638331673053 0.8525490454048853 0.15492326661842604 0.56704490410629649 0.30425897343229735 0.11875608811169502 0.45390408419189032 2.1884427004260947 0.30105073307640884 0.25194241543067608 0.40382939646951843 1.4093181282514704 0.23128981717309205 0.22146192112995766 0.1002517083652491 0.052372336187545443 1.8792038817773571 2.832061920180422 0.075731222073954885 1.0548042386071754 0.24033993668854226 1.647282947982603 0.070188861602218711 0.23494851136638317 0.37531607667187927 0.15016319075220952 0.16300489807326812
leaf_count=20772 78 138 348 134 34 249 811 518 33 915 330 16 20 19 470 450 34 202 251 62 5445 359 162 11 264 2 152 60 1622 92
internal_value=0 -0.00386604 -0.02088 0.00724153 0.00146937 -0.00814126 0.0098362 -0.0329147 -0.0204398 0.00540224 0.0227629 0.00830578 0.0189965 -0.00356641 -0.0107998 0.0142088 -0.0249685 0.0194468 0.0440706 0.021243 -0.0279918 0.0236012 0.0261899 0.0325478 0.0239518 -0.0182637 -0.0111479 0.0068221 0.00249376 0.00201126
internal_weight=0 15.9897 5.96816 10.0215 9.56265 6.8309 2.85614 3.92056 3.97476 2.0476 5.32396 2.89518 2.05415 2.18439 1.78056 1.59369 3.48069 1.3624 0.458842 2.73175 3.09622 1.23079 1.15506 2.42878 1.80221 1.47951 0.801993 0.494072 0.454422 0.384467
internal_count=34053 33127 25348 7779 7390 7294 1496 22912 5798 2436 926 585 533 507 488 1521 5705 1071 389 96 5579 723 364 341 513 472 963 93 2140 126
is_linear=0
shrinkage=0.05


Tree=137
num_leaves=31
num_cat=0
split_feature=33 22 3 37 23 36 23 13 17 19 14 3 23 37 37 0 0 6 19 23 15 20 0 14 42 38 22 37 23 38
split_gain=1.54368 0.986782 0.902764 0.685653 0.298949 0.273458 0.230092 0.28525 0.211604 0.207115 0.200928 0.197104 0.188378 0.167764 0.154759 0.151855 0.13536 0.124029 0.106775 0.103338 0.100368 0.0919741 0.0896564 0.0876123 0.0620861 0.0557962 0.0383515 0.0311964 0.0305299 0.0299402
threshold=1.0000000180025095e-35 1.0000000180025095e-35 4.641437745208993 193.55000000000004 22.024583333333336 65.250000000000014 1.0000000180025095e-35 6.5000000000000009 13.500000000000002 23.137812500000006 36200.795000000006 2.4965913171622796 40.25133101851852 264.85000000000008 153.65000000000001 45425.610000000008 1989.0550000000001 2.5000000000000004 32.745989583333341 20.105468750000004 28249.500000000004 1.0000000180025095e-35 49226.510000000002 14341.955000000002 1.0000000180025095e-35 2.9674897060337968 1.0000000180025095e-35 102.05000000000001 40.654375000000009 2.9674897060337968
decision_type=2 2 2 2 2 2 2 2 2 2 2 2 2 2 2 2 2 2 2 2 2 2 2 2 2 2 2 2 2 2
left_child=1 2 3 8 22 18 7 14 12 15 -4 13 17 -9 -3 16 -6 24 21 27 26 -2 25 -8 -1 -5 -7 -10 -14 -22
right_child=5 6 10 4 9 20 23 11 19 -11 -12 -13 28 -15 -16 -17 -18 -19 -20 -21 29 -23 -24 -25 -26 -27 -28 -29 -30 -31
leaf_value=-0.034307736210080701 -0.0033437637230826476 -0.0059940569501820314 -0.0064253125057856797 -0.02002607129341074 -0.0046168109007587053 -0.0023896496153532759 -0.0014747031108628416 -0.023386101746167565 -0.0028379854694010639 -0.0094523049904553583 0.019603116799073828 0.0092230527732448473 0.0070266175737628807 0.0058465496497891005 0.024728297169999053 -0.0053468650521101687 0.026684718364134465 0.0030475077470497338 -0.0039531153841201342 -0.010356729223653613 -0.012408035914794356 0.024889749719017234 0.0047594995455228425 0.027118235022790888 0.0015778292888816066 0.002773886214309742 0.011766523965775563 0.01186638743631197 -0.0047924870661750114 0.0025558317351414141
leaf_weight=5.5377167739134165 0.071094542359786739 0.1326106958003942 0.51954816392390135 0.7587299586812154 0.10116936533813703 0.31107878352122476 0.19332225550897408 0.87415945204702417 0.059486106503754743 0.23284244252863562 1.2659497626591472 0.27903338754549611 0.16450031853310054 0.21225475058599841 0.30230328673496842 0.19255752599565301 1.0293495728255946 0.072823539172531926 0.085352721729577641 0.40252686175881536 0.50354695205533062 5.4841143127960095 0.12026288830384146 1.1219011745415626 0.035486811742884927 0.057482681382680312 0.31350955861853436 0.28159603338644956 0.10528852669085609 0.054402264446252957
leaf_count=21392 261 41 33 3493 564 793 13 371 93 2084 39 10 86 44 33 11 370 7 178 472 906 2178 11 135 17 6 33 68 416 5
internal_value=0 -0.00822686 -0.0150863 -0.0211535 0.00116936 0.0191583 0.0136681 0.000167702 -0.02857 0.012144 0.0124416 -0.0105457 -0.0313059 -0.01761 0.0177117 0.0183775 0.0230314 -0.0330108 0.0231179 -0.00133314 -0.00166722 0.0240735 -0.0139197 0.0240938 -0.033874 -0.0177772 0.00758495 0.00909796 0.00227236 -0.010245
internal_weight=0 14.0529 10.9373 9.15182 2.49239 6.8231 3.11559 1.80036 6.65942 1.55592 1.7855 1.36545 5.91582 1.08641 0.434914 1.32308 1.13052 5.64603 5.64056 0.743609 1.18254 5.55521 0.936476 1.31522 5.5732 0.816213 0.624588 0.341082 0.269789 0.557949
internal_count=34163 29809 29162 29090 6539 4354 647 499 22551 3029 72 425 21918 415 74 945 934 21416 2617 633 1737 2439 3510 148 21409 3499 826 161 502 911
is_linear=0
shrinkage=0.05


Tree=138
num_leaves=31
num_cat=0
split_feature=33 0 21 19 2 12 18 32 36 36 21 5 45 24 2 17 17 14 2 19 0 12 37 13 21 36 36 19 25 20
split_gain=0.901892 1.03882 1.05788 1.81924 0.526148 0.427846 0.398451 0.391229 0.354387 0.476016 0.298715 0.538413 0.274085 0.259742 0.214373 0.178569 0.139797 0.112527 0.111448 0.0957354 0.0824825 0.0720292 0.0686592 0.0657159 0.0655187 0.0556237 0.0496283 0.0452553 0.0433257 0.0427958
threshold=1.0000000180025095e-35 1212.7500000000002 15.925949074074076 21.025092592592596 0.16296717139927988 8667.3100000000031 1.0000000180025095e-35 0.10435571687840291 23.450000000000003 19.550000000000004 5.5592071759259269 1.0000000180025095e-35 1.0000000180025095e-35 1.5000000000000002 5.7313164596176085 4.5000000000000009 13.500000000000002 71164.604999999996 0.74625160907173338 32.745989583333341 6809.0350000000008 171661.18500000003 994.05000000000007 2.5000000000000004 23.092239583333335 236.25000000000003 15.850000000000003 0.027800925925925927 1.0000000180025095e-35 1.0000000180025095e-35
decision_type=2 2 2 2 2 2 2 2 2 2 2 2 2 2 2 2 2 2 2 2 2 2 2 2 2 2 2 2 2 2
left_child=1 4 6 5 -1 7 13 15 9 -8 11 21 19 16 -5 -4 22 27 -17 23 -12 -10 -3 -2 -7 29 -20 -14 -6 -25
right_child=12 2 3 14 28 24 8 -9 10 -11 20 -13 17 -15 -16 18 -18 -19 26 -21 -22 -23 -24 25 -26 -27 -28 -29 -30 -31
leaf_value=0.0081589884095599023 -0.0024965396607140415 -0.030486977021527247 -0.0016897809917106996 -0.024666514168984355 -0.033802410501843023 -0.0059360521972659916 -0.011537113906944937 -0.003893297967185193 -0.029317777887410447 0.029955328947985728 -0.0044010418557562554 0.0092152254343167827 0.011068654521533532 0.0074141655946209145 0.0054998005197252646 -0.0017161576114434992 0.0031690134735579108 -0.013667169392686944 0.00056297617891920679 -0.0035890840883298319 0.016751774536557955 0.0022572682694291728 0.0018606386067221278 -0.0015770448400565613 0.0094809277529505614 -0.00081977873809954596 0.052853129316862382 -0.004306336765780178 0.0008814076658820824 0.02573859269097703
leaf_weight=0.57636744243791627 0.050812923116608455 1.6829799252191135 0.10342870524982695 1.1206110458588225 2.1438550377388315 0.50409069258239458 0.4294684120613963 0.23476289569225617 1.4172549456889107 0.87706172381149372 0.17557418011710968 0.99392154999077309 0.3481024087705008 0.25590714038116846 0.38665562189999025 0.035102320845908586 0.17370460188976711 0.28806828046072042 0.067999992545083265 0.077195785630465141 0.50550363853108138 0.048598906432744005 0.057105118306935654 0.032545142417802597 0.30588998429448111 0.14628466975409526 2.2917186859012872 0.093856953939393861 0.041255210286180843 5.283704590263369
leaf_count=264 47 6488 337 6077 12137 699 467 99 1617 78 55 26 133 109 43 80 97 176 169 282 37 3 17 198 76 216 749 415 83 2863
internal_value=0 -0.00160297 0.00534907 0.020644 -0.0245889 0.0373285 -0.00750196 0.0445031 0.00177242 0.0172276 -0.00726445 -0.0144886 0.0198459 -0.021074 -0.0178209 0.0488638 -0.0261205 -0.00427339 0.0509018 0.0231659 0.0119246 -0.0277801 -0.0291338 0.0240341 0.00190758 0.024629 0.0519624 0.00708145 -0.0330764 0.0253482
internal_weight=0 14.4288 11.6673 5.05026 2.76148 3.54299 6.61708 2.73301 4.44738 1.30653 3.14085 2.45978 6.32057 2.1697 1.50727 2.49825 1.91379 0.730028 2.39482 5.59054 0.681078 1.46585 1.74009 5.51335 0.809981 5.46253 2.35972 0.441959 2.18511 5.31625
internal_count=34137 29807 17323 8329 12484 2209 8994 1434 2283 545 1738 1646 4330 6711 6120 1335 6602 724 998 3606 92 1620 6505 3324 775 3277 918 548 12220 3061
is_linear=0
shrinkage=0.05


Tree=139
num_leaves=31
num_cat=0
split_feature=36 12 0 0 34 2 16 38 38 19 22 21 20 2 3 19 12 37 17 23 23 19 38 12 23 0 0 3 32 37
split_gain=1.16033 1.46878 0.705667 0.907963 0.676077 0.603052 0.603028 0.50873 0.421673 0.412367 0.381067 0.287163 0.267913 0.262624 0.243486 0.228493 0.202639 0.183082 0.181607 0.170184 0.155846 0.155347 0.132079 0.131883 0.11879 0.111161 0.10131 0.0911196 0.0898706 0.0882173
threshold=60.050000000000004 258.90500000000003 2676.8050000000007 3750.3550000000005 1.0000000180025095e-35 2.8601106558260896 2.5000000000000004 0.99166719870901077 0.38443596201205771 15.250642361111113 1.0000000180025095e-35 20.097858796296297 2.5000000000000004 19.249882541093541 -2.3083771779771443 21.025092592592596 3910.9150000000004 767.50000000000011 5.5000000000000009 19.859947916666673 28.296371527777783 0.80135995370370383 2.9674897060337968 69815.130000000019 1.0000000180025095e-35 29395.065000000006 1499.7250000000001 2.0064716797994779 0.032522474881015347 103.35000000000001
decision_type=2 2 2 2 2 2 2 2 2 2 2 2 2 2 2 2 2 2 2 2 2 2 2 2 2 2 2 2 2 2
left_child=1 2 14 4 -4 22 10 8 23 12 11 13 18 -3 -1 26 17 -7 -10 -9 -20 -18 25 28 -12 29 -13 -5 -8 -2
right_child=5 6 3 27 -6 16 7 19 9 -11 24 15 -14 -15 -16 -17 21 -19 20 -21 -22 -23 -24 -25 -26 -27 -28 -29 -30 -31
leaf_value=0.015884823922541171 0.0016186843789868313 -0.022548577358588267 0.085375585941621188 -0.0083661661030443851 -0.0053262490934944933 -0.016886072320438816 -0.011184963472646215 0.0072170952945063002 -0.0020307774568377921 -0.0031704184605966983 -0.0011631528654900934 -0.0043818798015222002 -0.0049460533629524543 0.0048017374670054564 -0.013465758220799026 -0.0094241793265571749 0.016791016112208075 0.0087475790879541285 0.046249525402899283 -0.015251209847128917 -0.00017289343263868418 -0.0077441487150709991 0.0039405100795959075 0.012790326667589103 0.021021107591973676 0.002649580586231911 0.019834405843727802 0.010502059095807285 0.0060755219146111372 -0.032098835111259952
leaf_weight=0.47049809006421139 0.10858199603171659 2.6461541138087328 0.70213681498717029 0.19752317395978025 0.10655530540316249 0.77053521051493612 0.91069020382565236 0.75399993034079649 0.13998689475192927 0.54170659295414214 0.7812104447657473 0.16293283934282932 0.12546920928798488 0.75364241935312737 0.37907514299149914 0.8056612779655552 1.6329888854816088 0.36295720710768364 2.210237802646589 0.81243627449657652 0.1837091735251305 0.21104692471635633 0.10551960084558221 0.82288775134657033 0.70176002674270421 0.11377248772987503 0.80171693239026354 0.45984453579876572 0.44202962191047845 1.8455725689927929
leaf_count=79 431 6609 159 515 55 482 2528 507 141 668 179 213 126 25 1960 3098 139 27 410 552 47 287 49 182 70 78 183 63 309 13796
internal_value=0 0.0150355 0.0450979 0.0586928 0.0770873 -0.0106293 0.00717647 0.0165199 0.0229277 0.0322529 -0.00345883 -0.00975214 0.038363 -0.0167724 0.00258887 0.0049176 0.00423811 -0.00842506 0.0413002 -0.00583808 0.0436858 0.0122474 -0.0259143 0.00337114 0.0135729 -0.0282256 0.0155957 0.0032055 -0.00535972 -0.0303116
internal_weight=0 15.9119 2.31563 1.46606 0.808692 5.15097 13.5962 6.94315 5.37672 3.20111 6.65308 5.17011 2.6594 3.3998 0.849573 1.77031 2.97753 1.13349 2.53393 1.56644 2.39395 1.84404 2.17345 2.17561 1.48297 2.06793 0.96465 0.657368 1.35272 1.95415
internal_count=33967 18678 2831 792 214 15289 15847 5470 4411 1392 10377 10128 724 6634 2039 3494 935 509 598 1059 457 426 14354 3019 249 14305 396 578 2837 14227
is_linear=0
shrinkage=0.05


Tree=140
num_leaves=31
num_cat=0
split_feature=21 19 23 2 19 36 2 2 12 17 17 36 2 17 45 0 0 17 19 36 24 2 36 23 2 14 14 37 21 24
split_gain=1.45793 2.15191 1.33787 1.13002 1.05971 0.692383 0.640916 0.38111 0.618855 0.454811 0.378275 0.305196 0.245517 0.249774 0.224672 0.201903 0.197978 0.185258 0.177959 0.170221 0.114571 0.101148 0.0956348 0.0942188 0.116836 0.0790507 0.0774582 0.0568169 0.0521626 0.0499753
threshold=11.027870370370371 21.025092592592596 19.219704861111115 0.24344554179186695 6.052656250000001 57.850000000000001 1.624304152304858 1.747705563832741 5469.7650000000003 4.5000000000000009 4.5000000000000009 15.850000000000003 0.26943872157144344 14.500000000000002 1.0000000180025095e-35 49226.510000000002 539.06000000000006 15.500000000000002 0.90694444444444455 28.850000000000005 1.5000000000000002 3.973382124839397 856.05000000000007 15.862008101851854 1.0737895486534812 1191.5250000000003 356451.57500000007 110.75000000000001 20.790347222222227 3.5000000000000004
decision_type=2 2 2 2 2 2 2 2 2 2 2 2 2 2 2 2 2 2 2 2 2 2 2 2 2 2 2 2 2 2
left_child=3 2 4 19 23 10 26 27 20 -10 -4 -12 -3 -14 15 18 -13 -18 -11 -1 22 -7 25 24 -2 -9 29 -8 -6 -5
right_child=1 12 5 6 28 21 7 8 9 14 11 16 13 -15 -16 -17 17 -19 -20 -21 -22 -23 -24 -25 -26 -27 -28 -29 -30 -31
leaf_value=0.030459126391160024 0.00082484199997248328 0.008460309613143752 -0.0026474049776527256 -0.032692992995311518 -0.02263525593284273 -0.009661276890430056 -0.0023233073962785193 0.002016326218057338 -0.019040474698898208 0.025690938441782381 -0.0016329177388396858 0.0015030374952146621 -0.025254020746589487 0.0057349770212077105 -0.010082942123206713 -0.003034362373955238 0.064688300733228621 0.0027456437874628366 -0.0056496020388855936 -0.0047312928832183481 0.0033007793035313851 0.0098402421498643734 0.0029800283105466114 -0.00048612787892213813 0.030299193403326621 -0.031041163258382951 -0.00031327848042519757 0.024078605452704183 0.0017902082443419767 0.0014010989277785653
leaf_weight=1.2190691374198674 0.45104080660166745 0.4052053268787853 0.18564444882576969 2.1071633190731509 1.1811082226813594 0.33737780149749586 0.048609093169943551 0.069044519161252427 0.57568320736390921 2.0489614477555746 0.15583967732527559 0.1905719282003705 1.8855310206490687 0.42767774979074591 0.26530011508293672 0.74851876657339733 3.1112923334512748 0.21831648343504628 0.16124380955443474 0.12062873848844891 0.11639091724646267 0.32234681912814267 0.061250368133187183 0.32866321981055069 1.6313354986741613 1.5452426973388353 0.2276550875394604 0.37726803018449573 0.088965781735168892 0.028526939917355665
leaf_count=276 115 323 276 10532 4977 1281 240 101 270 259 439 111 10636 350 143 36 617 22 277 220 41 45 2 58 167 1681 248 260 73 3
internal_value=0 0.020654 0.0324923 -0.00501934 0.00701924 0.0482038 -0.0123762 -0.00221916 -0.00702397 0.0049388 0.0547263 0.0575702 -0.0141983 -0.0195229 0.0127145 0.0167894 0.0599726 0.0621991 0.0223569 0.0266226 -0.0250738 5.50909e-05 -0.0275418 0.0235349 0.0262538 -0.0293968 -0.0298887 0.0215492 -0.0208894 -0.031936
internal_weight=0 10.9209 8.2025 9.72056 3.68111 4.52139 8.38086 6.01751 5.59164 3.79971 3.86166 3.67602 2.71841 2.31321 3.22402 2.95872 3.52018 3.32961 2.21021 1.3397 1.79193 0.659725 1.67554 2.41104 2.08238 1.61429 2.36335 0.425877 1.27007 2.13569
internal_count=34079 19490 8181 14589 5390 2791 14093 3310 2810 985 1465 1189 11309 10986 715 572 750 639 536 496 1825 1326 1784 340 282 1782 10783 500 5050 10535
is_linear=0
shrinkage=0.05


Tree=141
num_leaves=31
num_cat=0
split_feature=15 3 32 38 15 2 37 31 32 24 3 21 6 36 37 3 36 25 21 6 37 33 22 36 38 3 17 2 30 37
split_gain=1.34474 1.09632 0.903879 0.90353 0.70394 0.884476 0.637837 0.622088 0.507223 0.446732 0.35881 0.255992 0.237882 0.224674 0.313244 0.216697 0.132898 0.130354 0.118843 0.110867 0.1093 0.105273 0.104429 0.101443 0.0957955 0.0912403 0.0892493 0.0832152 0.0805587 0.071794
threshold=93744.500000000015 0.80203339531218354 0.063508064516129045 0.27214387035758764 691.50000000000011 19.249882541093541 312.45000000000005 1.0000000180025095e-35 0.28991596638655465 2.5000000000000004 1.3582783326291494 38.384178240740745 1.0000000180025095e-35 28.350000000000005 64.050000000000011 0.58582827101377133 60.650000000000013 1.0000000180025095e-35 6.0765162037037044 1.5000000000000002 55.050000000000004 1.0000000180025095e-35 1.0000000180025095e-35 223.85000000000005 2.9674897060337968 -5.0641986381414457 5.5000000000000009 5.7313164596176085 11.500000000000002 994.05000000000007
decision_type=2 2 2 2 2 2 2 2 2 2 2 2 2 2 2 2 2 2 2 2 2 2 2 2 2 2 2 2 2 2
left_child=2 21 4 10 13 6 7 9 20 11 -3 17 -7 14 -1 22 -8 19 -17 24 -4 -2 -15 -10 25 -6 -22 -5 -16 -18
right_child=1 3 8 27 5 12 16 -9 23 -11 -12 -13 -14 15 28 18 29 -19 -20 -21 26 -23 -24 -25 -26 -27 -28 -29 -30 -31
leaf_value=-0.0082859638669135188 -0.012923026376614775 0.087749106318924283 -0.00074527845514899568 -0.0080495980768726071 0.0023338445400002952 -0.0021854429688419339 0.019989616460361827 0.0092383807634827848 -0.012178010139169229 0.011017836162133964 -0.0024682204118140231 0.0047585943693129159 0.027391177158548441 -0.016286961648932473 -0.0011615617317132837 -0.0056319018977976087 -0.01008872073017781 0.0031025719197546242 0.016178654289367978 -0.0010792992167939009 -0.00078292566624814624 0.0071361774734847441 0.0057239638117358655 0.0077055509898665891 0.0023129260566746531 -0.034376214401101564 0.034978661050455544 0.010191780360340297 0.03070453869952601 0.0065450225858019254
leaf_weight=0.25375699246797623 0.36746744378979102 0.38824765900790204 0.20475880733647489 0.18888741838964052 0.048095881938935103 0.84492343291640348 0.54645159914798547 1.01587282991386 0.6410128069037454 0.27651102084200818 0.061713980412605451 0.28644454813547771 0.90131765999831259 0.78098365439291262 0.13809646552545007 0.30655048329208501 0.35685109467885923 0.10608368207613228 1.1145438572457349 0.35528690937644558 0.13826731379231239 0.3767545452574268 0.18859208702633623 0.20885108162474353 0.062553232801292213 5.3686823888019672 2.4706773253601568 0.39003112554200925 1.5491244652876046 0.32045567288878374
leaf_count=461 2623 191 248 492 3 71 22 150 920 27 144 883 26 1253 63 56 1712 157 201 59 261 460 34 76 46 22375 626 19 257 62
internal_value=0 0.0418112 0.00414754 0.0610158 -0.00177783 -0.00864572 -0.0151266 -0.0203355 0.0233601 -0.0255705 0.082207 -0.0284949 0.0174957 0.0133557 0.0226316 0.00137104 0.0116319 -0.0305529 0.0110909 -0.0315292 0.0313634 -0.00449888 -0.0112732 -0.00576767 -0.0330323 -0.0337374 0.0333916 0.00291138 0.0286347 -0.00300868
internal_weight=0 1.7731 18.4847 1.02888 14.8212 10.4895 8.74329 7.51953 3.66357 6.50366 0.449962 6.22715 1.74624 4.33165 1.94098 2.39067 1.22376 5.9407 1.42109 5.83462 2.8137 0.744222 0.969576 0.849864 5.47933 5.41678 2.60894 0.578919 1.68722 0.677307
internal_count=33978 3929 30049 846 27918 25593 25496 23700 2131 23550 335 23523 97 2325 781 1544 1796 22640 257 22483 1135 3083 1287 996 22424 22378 887 511 320 1774
is_linear=0
shrinkage=0.05


Tree=142
num_leaves=31
num_cat=0
split_feature=19 21 23 19 19 30 36 37 2 6 21 23 36 36 24 15 23 21 2 0 0 24 23 23 12 37 14 2 32 17
split_gain=0.982747 1.45648 0.938067 0.936541 0.818043 0.699762 0.573867 0.767421 0.54542 0.461987 0.704163 0.38695 0.38531 0.479411 0.320026 0.285832 0.195601 0.189075 0.181587 0.171501 0.169399 0.156594 0.127127 0.116645 0.11456 0.0813675 0.0752573 0.0749585 0.0706711 0.0586702
threshold=21.025092592592596 11.027870370370371 19.219704861111115 0.027800925925925927 9.6991261574074095 20.500000000000004 28.350000000000005 93.750000000000014 0.5739348187714487 1.0000000180025095e-35 4.5479340277777789 37.822152777777781 57.350000000000001 30.850000000000005 1.5000000000000002 151058.00000000003 17.179432870370373 33.047112268518525 1.2048761011109621 1121.8150000000003 45425.610000000008 2.5000000000000004 18.057291666666668 9.9976736111111126 171661.18500000003 767.50000000000011 20729.515000000003 0.12813749444333472 0.084523809523809543 7.5000000000000009
decision_type=2 2 2 2 2 2 2 2 2 2 2 2 2 2 2 2 2 2 2 2 2 2 2 2 2 2 2 2 2 2
left_child=1 3 4 6 16 8 7 20 28 10 24 14 13 29 -2 23 18 -13 -3 -15 27 -5 -11 -9 -8 -14 -12 -1 -4 -10
right_child=11 2 5 21 -6 -7 9 15 12 22 26 17 25 19 -16 -17 -18 -19 -20 -21 -22 -23 -24 -25 -26 -27 -28 -29 -30 -31
leaf_value=0.0040057648473731137 -0.029153760225755637 -0.00087759639260436516 -0.0070763023296653224 -0.028806044054549756 -0.019646111730318633 -0.0073769484504373501 -0.031339320455413877 0.041359074721130831 -0.0052475230210240519 -0.003332542815806961 -0.0041881407810768776 0.017540734380649299 -0.005302118218012325 -0.00064338036706609555 0.0080587377570999798 -0.005311368727986418 -0.0066416130500725175 -0.0098185652431114177 0.029190115001699414 0.068026775839961973 0.0070874668338806934 0.0047895338781467059 0.020226360424437505 0.0020346501688525355 0.0032503550849509728 0.013133830955808626 0.017072751817193348 -0.018012120696950112 0.0092779909403413966 0.011124896172727286
leaf_weight=0.098464548180350997 1.7804594961853579 0.54883365410932983 0.3771669922316504 1.6049916787305845 1.1348163657203256 0.4144620765619037 1.6655777786800179 1.7192005589167827 0.13592166636954139 0.49013100477168314 0.1159849122086597 0.55938329155469535 0.3460185852163703 0.074411059369595356 0.26879193077911612 0.18042964090273006 0.18842689901794063 0.24415716249495745 1.6570650859102896 2.2066559231825522 0.89277380559360608 0.10459974687546481 0.72093718219548464 0.31808833092509292 0.070107835868839063 0.32672524369991152 0.66710766092000995 0.74384526279754937 0.28428272614837624 0.50405053808208322
leaf_count=31 9219 280 505 8010 4812 205 2927 243 390 26 85 249 981 121 135 30 48 1731 251 327 31 12 28 81 4 33 74 3078 39 223
internal_value=0 0.0137546 0.0278959 -8.63132e-05 0.0058216 0.0406094 0.00792984 0.0192377 0.0457977 -0.00558762 -0.0159916 -0.0144568 0.0519195 0.0582037 -0.0232306 0.0338363 0.0201241 0.00839288 0.0237689 0.0662733 -0.00497067 -0.0257415 0.0134968 0.0379106 -0.0292648 0.00615051 0.013341 -0.014661 0.00130628 0.00656818
internal_weight=0 17.5911 8.19884 9.39224 3.52914 4.66969 7.68265 3.9528 4.25523 3.72985 2.51878 2.85279 3.59378 2.92104 2.04925 2.21772 2.39433 0.80354 2.2059 2.28107 1.73508 1.70959 1.21107 2.03729 1.73569 0.672744 0.783093 0.84231 0.66145 0.639972
internal_count=34209 22875 8215 14660 5391 2824 6638 3494 2619 3144 3090 11334 2075 1061 9354 354 579 1980 531 448 3140 8022 54 324 2931 1014 159 3109 544 613
is_linear=0
shrinkage=0.05


Tree=143
num_leaves=31
num_cat=0
split_feature=19 21 23 2 19 3 15 15 3 23 24 3 30 38 37 33 12 19 14 1 21 1 24 38 24 23 2 21 38 15
split_gain=1.06954 1.68701 1.00568 0.856633 0.845571 0.811186 0.502812 0.443692 0.408817 0.356584 0.31569 0.311419 0.303552 0.203031 0.179849 0.177139 0.170605 0.170065 0.174152 0.169883 0.138271 0.132493 0.12098 0.120598 0.0861463 0.0787788 0.0693512 0.0643101 0.0571225 0.054374
threshold=21.025092592592596 11.027870370370371 19.859947916666673 0.24344554179186695 9.6991261574074095 0.80203339531218354 64639.000000000007 17980.500000000004 0.18248672038546535 25.254670138888894 1.5000000000000002 -2.439985648015996 5.5000000000000009 0.25807098338868012 666.85000000000014 1.0000000180025095e-35 3910.9150000000004 0.32731481481481489 13540.130000000003 8.7363640584496789 0.10381365740740742 6.7904177690486156 1.5000000000000002 1.2684547321291317 2.5000000000000004 2.9046527777777782 5.7313164596176085 22.218206018518522 0.022070947528348824 12036.500000000002
decision_type=2 2 2 2 2 2 2 2 2 2 2 2 2 2 2 2 2 2 2 2 2 2 2 2 2 2 2 2 2 2
left_child=1 3 4 20 21 24 9 13 -8 26 11 -2 -9 15 22 29 -11 18 -15 28 -1 -3 -14 -18 -5 -17 -4 -6 -10 -7
right_child=10 2 6 5 27 7 8 12 19 16 -12 -13 14 17 -16 25 23 -19 -20 -21 -22 -23 -24 -25 -26 -27 -28 -29 -30 -31
leaf_value=0.02951711126070676 0.0071593506776085926 -0.002922837635376322 -0.0090289247007925115 -0.030662620492788617 -0.020340455087965583 -0.017565181792626821 -0.0035100078232040942 0.0099517568146400871 -0.0005162171308207811 -0.0027107521928685487 0.009325504430031906 -0.030244720780581182 -0.028337095090485299 -0.0067429936192702532 0.0061811485088989968 -0.0055607071533744249 0.03493395438492769 -0.0070433080465116989 0.022053867411550857 4.7401913143260336e-05 -0.0042071803468098617 0.024587999094898824 0.0035244260807544428 -0.0019313990882836745 0.0025487266147498203 0.014506467316286832 0.0070707158157580982 0.0028696479559131103 0.077548565486062176 0.0025299532437142351
leaf_weight=1.0691637029376639 0.28072578829960626 0.2813639896994572 0.69687273618910772 2.139978835592045 1.2243103009859622 0.55958626463689121 0.093834475228504632 0.40906384632398873 0.010423525800433708 0.2275180576580168 0.30697046133718675 1.8845474265763176 1.368478265678277 0.15120992697120605 0.13778903504862672 0.10941955518137547 1.6272403326911442 0.21562271167567804 2.5920735192157736 0.076675576950947288 0.091672724065574474 2.0635859304202313 0.10828423465864023 0.13214731854532136 0.052925719879567512 0.41874389410077129 0.1972721325000748 0.085369803684443357 0.68021589079216938 0.14321014557935996
leaf_count=237 144 183 1026 10940 4883 499 488 42 47 308 154 11037 1461 141 12 15 338 485 247 73 243 432 33 81 5 76 21 31 237 91
internal_value=0 0.0116003 0.0279691 -0.00250431 0.00632776 -0.0088181 0.043313 0.00147639 0.0676939 0.0204611 -0.0189748 -0.0246655 -0.0139417 0.0101745 -0.0214862 -0.00452287 0.0288813 0.0158868 0.0190893 0.0734605 0.0261394 0.0214001 -0.0255211 0.0324685 -0.0293139 0.0094308 -0.00361924 -0.0182401 0.0767619 -0.0143894
internal_weight=0 16.9641 7.39683 9.56722 3.65463 8.40639 3.7422 6.21348 0.861149 2.88105 2.47224 2.16527 2.02362 4.18987 1.61455 1.23096 1.98691 2.95891 2.74328 0.767315 1.16084 2.34495 1.47676 1.75939 2.1929 0.528163 0.894145 1.30968 0.690639 0.702796
internal_count=34010 22675 8148 14527 5529 14047 2619 3102 845 1774 11335 11181 1548 1554 1506 681 727 873 388 357 480 615 1494 419 10945 91 1047 4914 284 590
is_linear=0
shrinkage=0.05


Tree=144
num_leaves=31
num_cat=0
split_feature=36 37 17 45 2 36 37 2 2 30 45 21 19 14 30 12 15 3 19 25 1 30 32 1 2 37 37 19 15 1
split_gain=0.95331 1.45722 0.660328 0.634754 0.570084 0.437116 0.626349 0.389082 0.4004 0.369635 0.257137 0.241672 0.278096 0.240941 0.228991 0.226464 0.194046 0.186609 0.169642 0.159683 0.136914 0.0952324 0.0873552 0.0867955 0.0841473 0.0820045 0.0802056 0.0782295 0.0749155 0.0745369
threshold=60.050000000000004 134.95000000000002 5.5000000000000009 1.0000000180025095e-35 2.2110177072425423 36.150000000000013 70.850000000000009 0.33429466981528083 2.2740365623802332 18.500000000000004 1.0000000180025095e-35 9.0861226851851864 6.2443113425925931 7687.4050000000016 19.500000000000004 94166.160000000018 1712.5000000000002 4.641437745208993 23.137812500000006 1.0000000180025095e-35 10.46322818499157 5.5000000000000009 0.31918505942275049 4.6763643659302874 0.12813749444333472 92.350000000000009 78.550000000000011 16.075364583333336 302.50000000000006 10.804207870327309
decision_type=2 2 2 2 2 2 2 2 2 2 2 2 2 2 2 2 2 2 2 2 2 2 2 2 2 2 2 2 2 2
left_child=1 2 9 5 19 7 -7 22 21 17 13 14 -13 -3 15 25 -8 23 -15 -2 -18 -9 -4 -1 -5 -6 -11 29 -27 -10
right_child=4 10 3 24 11 6 16 8 27 26 -12 12 -14 18 -16 -17 20 -19 -20 -21 -22 -23 -24 -25 -26 28 -28 -29 -30 -31
leaf_value=0.0022183996971121504 -0.029187755928057453 -0.0023953402213659474 0.025543555134655879 0.0036884462711044225 0.0033399368190729383 0.051984987372835328 0.015501945690031408 0.0024655190332154332 0.014290726325121572 0.013158715712041774 -0.0006653729037535979 0.022346974413861354 -0.0091651529542626613 0.041698289325038475 0.010619524120679529 0.0090622788857138131 -0.014891203880609803 0.005126980491436223 0.0016785677078055294 0.0044214417442609826 0.0080920814981082535 -0.024577359833117644 -0.00311276322061688 -0.029601011956625751 -0.021967751916238815 0.0024013399690699234 -0.005443997710445435 -0.0055808573615449024 -0.025778822466233343 -0.003461183397392314
leaf_weight=0.089041804640148547 1.555009898951538 0.25184781253847077 0.71393363121023856 0.081897899450268485 0.067136584315449332 0.62107826014835188 1.0435757690684111 0.18756692034367028 1.4123581585045033 0.55633665850473324 0.45361347951984488 1.2286405834383911 0.3719558612210675 4.0783019614573277 0.52085709350649256 0.21747433456766874 0.62522770964642393 0.18430729361716647 0.37023000555927854 0.13379712169262337 0.27436978905461729 0.96790861476983991 0.080408249428728595 1.6203602173154648 0.664051626870787 0.086307182449672726 0.2353788022446679 0.29496876803023031 1.0721762226639837 0.34519535623257969
leaf_count=29 13473 227 317 25 2 140 275 74 319 689 356 102 1037 1060 62 12 1549 10 464 94 13 4738 19 6149 1510 9 438 282 525 18
internal_value=0 0.0149724 0.00288632 0.0104742 -0.00837861 0.0158106 0.0286349 0.0035124 -0.00542935 -0.0150114 0.0341389 0.00376106 0.0143156 0.0370252 -0.00676854 -0.0148224 0.00604453 -0.0238716 0.039287 -0.0258709 -0.0073117 -0.0210803 0.0225246 -0.0277365 -0.0186517 -0.021228 0.00767644 0.00740088 -0.0235395 0.0108133
internal_weight=0 15.152 9.99797 7.31254 5.25335 6.56659 2.56425 4.00234 3.208 2.68542 5.15399 3.56455 1.6006 4.70038 1.96395 1.44309 1.94317 1.89371 4.44853 1.68881 0.899597 1.15548 0.794342 1.7094 0.74595 1.22562 0.791715 2.05252 1.15848 1.75755
internal_count=34017 18701 16594 9279 15316 7744 1977 5767 5431 7315 2107 1749 1139 1751 610 548 1837 6188 1524 13567 1562 4812 336 6178 1535 536 1127 619 534 337
is_linear=0
shrinkage=0.05


Tree=145
num_leaves=31
num_cat=0
split_feature=19 21 19 36 30 14 34 21 6 21 36 14 33 36 19 3 14 3 17 11 14 12 10 22 0 0 36 9 24 10
split_gain=0.825124 1.7565 0.7887 0.601143 0.542499 0.499796 0.467306 0.396099 0.385087 0.695183 0.383843 0.280754 0.255526 0.227268 0.211336 0.172618 0.14841 0.133559 0.129097 0.126464 0.113989 0.110903 0.0963278 0.0928932 0.0874101 0.0820783 0.0733206 0.0665207 0.0626342 0.0615569
threshold=11.97892939814815 11.027870370370371 0.027800925925925927 28.350000000000005 21.500000000000004 72604.070000000022 1.0000000180025095e-35 23.834565972222226 1.0000000180025095e-35 3.8986342592592598 19.550000000000004 30164.185000000001 1.0000000180025095e-35 17.550000000000004 33.04210069444445 -3.2337409725332322 20514.110000000004 4.641437745208993 7.5000000000000009 2.5000000000000004 356451.57500000007 171661.18500000003 3446.6450000000004 1.0000000180025095e-35 1053.4450000000004 106.38000000000001 56.850000000000001 2.5000000000000004 2.5000000000000004 41718.265000000007
decision_type=2 2 2 2 2 2 2 2 2 2 2 2 2 2 2 2 2 2 2 2 2 2 2 2 2 2 2 2 2 2
left_child=1 2 3 6 11 12 10 27 9 21 15 24 22 -13 26 -1 -11 20 -10 -14 -17 -5 28 -4 -3 -8 -9 -7 -2 -27
right_child=5 4 23 8 -6 7 25 14 18 16 -12 13 19 -15 -16 17 -18 -19 -20 -21 -22 -23 -24 -25 -26 29 -28 -29 -30 -31
leaf_value=0.016918260671037477 -0.031674018185693376 -0.0043907332902239325 -0.027883207380149756 -0.031504993996961182 -0.0099195800919161629 -0.016340073633796942 0.0060188236778958215 0.024506001707216514 -0.0025737779552736989 -0.0073605888226977991 0.037945134080254801 -0.00039088900198080089 -0.01078456812893527 0.048199830313899406 -0.0080548931220071947 -0.018662230216997183 0.018286349288837284 0.0086328916631831232 0.018067365704095156 0.0099338012944299794 0.0042329752040951452 0.0031317541945539229 0.0010102116646231449 0.00093892960832009918 0.01470346144276463 -0.016454992233607451 -0.0020173243635975518 0.0039038604172851469 0.0018148184074626957 0.0037640538674421084
leaf_weight=0.5094435333739965 1.687053872889009 0.29928838365958554 1.3612340009076422 1.6879312475793997 0.2681722888664807 0.78203441522055106 0.13520189805421967 1.365459178407036 0.98884321941295616 0.19218091824950523 1.4973021155492459 0.23957043528571409 0.35387921162327973 2.8609615546374698 0.19032712345870084 0.59361252643066309 0.72544113777985331 0.37506685976404697 0.67677590833045542 0.61951196825248189 0.36006060241561499 0.067496129835490026 0.19668669403108641 0.24503613589331497 1.3199408723958184 0.60695502666931134 0.13147907079110144 0.10402867426455487 0.037243354250676819 0.081077495327917859
leaf_count=145 12115 478 7825 2912 48 1728 9 712 27 104 240 133 940 589 794 1603 87 9 30 495 66 4 274 142 442 1395 744 28 6 7
internal_value=0 0.012182 -0.000487443 0.00623933 0.0336409 -0.00915978 0.0179588 0.0059577 -0.00625384 -0.015944 0.0249534 0.0374176 -0.0206789 0.0452656 0.017154 0.00473003 0.0118777 -0.00520129 0.00944474 0.000753478 -0.012276 -0.02952 -0.0280791 -0.0248132 0.0108453 -0.00852365 0.0223015 -0.0131536 -0.03055 -0.013254
internal_weight=0 15.0916 10.1037 8.49739 4.98793 5.4677 4.15872 2.57333 4.33867 2.67305 3.33549 4.71976 2.89438 3.10053 1.68727 1.83818 0.917622 1.32874 1.66562 0.973391 0.953673 1.75543 1.92098 1.60627 1.61923 0.823234 1.49694 0.886063 1.7243 0.688033
internal_count=34131 16295 14605 6638 1690 17836 3474 4006 3164 3107 2063 1642 13830 722 2250 1823 191 1678 57 1435 1669 2916 12395 7967 920 1411 1456 1756 12121 1402
is_linear=0
shrinkage=0.05


Tree=146
num_leaves=31
num_cat=0
split_feature=36 15 14 45 0 14 3 0 36 0 32 21 36 21 6 15 15 15 39 38 36 15 13 24 17 15 20 3 0 3
split_gain=0.8694 1.50722 0.685971 0.600463 0.587774 0.463109 0.439975 0.40646 0.294234 0.26509 0.263933 0.215142 0.457309 0.225415 0.219232 0.225408 0.185776 0.175079 0.170685 0.162504 0.136578 0.173538 0.109154 0.106047 0.101252 0.090272 0.0843387 0.078399 0.0582004 0.0553379
threshold=57.350000000000001 93744.500000000015 10625.925000000003 1.0000000180025095e-35 3750.3550000000005 13540.130000000003 1.5319487877656324 2676.8050000000007 145.95000000000002 106.38000000000001 0.25462962962962971 1.0000000180025095e-35 15.250000000000002 33.047112268518525 1.0000000180025095e-35 829.50000000000011 92680.500000000015 182.50000000000003 1.0000000180025095e-35 1.175915906667818 45.250000000000007 66175.500000000015 29.500000000000004 2.5000000000000004 9.5000000000000018 1712.5000000000002 3.5000000000000004 -3.2337409725332322 365.09500000000008 -2.8212351170226846
decision_type=2 2 2 2 2 2 2 2 2 2 2 2 2 2 2 2 2 2 2 2 2 2 2 2 2 2 2 2 2 2
left_child=1 3 -3 5 7 29 18 -4 24 -5 11 14 -13 17 15 -7 -10 -14 23 20 21 22 26 27 -8 -22 -19 -2 -17 -1
right_child=6 2 4 9 -6 10 8 -9 16 -11 -12 12 13 -15 -16 28 -18 19 -20 -21 25 -23 -24 -25 -26 -27 -28 -29 -30 -31
leaf_value=0.0029266769995779152 0.0022380537376817788 -0.0042461134362863874 0.0040459926838436059 0.008807195820259307 0.00012639566233376014 0.0074703669114953575 -0.016112349522798088 0.078597606971002709 0.019886284140812886 -0.025164826045439743 -0.010540784078442054 -0.0095177604583836298 -0.0022701016566732831 -0.005139236267221182 0.013779180193219482 0.0025320167444098131 -0.0060538926703871763 0.038417144020022977 0.0037775362943443915 0.0022057271395880254 0.013394642858307158 -0.0040455325873123482 0.0038749307162976895 0.0034858604038505805 0.0044582743983793442 -0.0045204987047408988 -0.0018393689491244232 -0.029376312383704861 -0.02135857643503657 -0.017078124394455951
leaf_weight=0.10979143116128398 0.066557190009916556 0.382948812100948 0.33180303285917012 0.22887988551519889 0.37510414143616788 0.72093322263389958 0.81353638033760967 0.72287515804782743 1.468655632514128 1.0203949385650046 0.37883641893131503 0.69524945535522409 0.39998478157212947 0.34441262971449749 1.0154323372771612 0.071853355882922187 0.42956296606280364 3.51743138684833 0.31650173422531214 0.78807232648614434 0.75851889373734571 0.095935287383326684 0.51340726163471107 0.073282557073980459 0.36883307707103086 0.52909724604614894 0.042516711520874995 1.6175084826882078 0.71860145738901338 0.74860124852784871
leaf_count=56 48 927 676 59 363 167 595 132 382 2758 319 3003 193 738 44 61 46 1513 462 828 94 372 308 6 102 716 114 14070 1500 3302
internal_value=0 0.0146991 0.048033 0.00678126 0.0580201 0.0106766 -0.00787578 0.0685277 0.00424455 -0.0177924 0.0137636 0.015525 0.0192782 0.0229754 0.00188104 -0.00841643 0.0139527 0.0249142 -0.0214035 0.0267284 0.0293798 0.0334785 0.0349854 -0.0256639 -0.0105929 0.00727502 0.0376384 -0.0277585 -0.0189856 -0.0143214
internal_weight=0 14.5107 1.81273 12.698 1.42978 11.4487 5.15444 1.05468 3.08059 1.24927 10.5903 10.2114 7.68463 6.98938 2.52682 1.51139 1.89822 6.64496 2.07385 6.24498 5.45691 4.16929 4.07336 1.75735 1.18237 1.28762 3.55995 1.68407 0.790455 0.858393
internal_count=33954 18243 2098 16145 1171 13328 15711 808 1125 2817 9970 9651 7879 4876 1772 1728 428 4138 14586 3945 3117 2307 1935 14124 697 810 1627 14118 1561 3358
is_linear=0
shrinkage=0.05


Tree=147
num_leaves=31
num_cat=0
split_feature=12 32 19 24 0 0 23 5 32 16 3 2 36 37 15 37 3 2 45 37 19 12 38 34 30 19 22 30 36 30
split_gain=1.09241 0.848663 1.15834 0.687264 0.643854 0.974024 0.620186 0.472205 0.458292 0.212932 0.208545 0.187458 0.179743 0.173464 0.163777 0.157814 0.138135 0.136121 0.127255 0.0999058 0.092163 0.0910619 0.0878676 0.0840839 0.0726716 0.0724936 0.0599528 0.0553696 0.0465157 0.0460945
threshold=348.16500000000002 0.057983193277310933 0.80135995370370383 1.5000000000000002 3466.3150000000005 3750.3550000000005 15.862008101851854 1.0000000180025095e-35 0.25462962962962971 1.5000000000000002 -2.3083771779771443 19.249882541093541 66.450000000000017 392.35000000000008 419.50000000000006 312.45000000000005 2.0064716797994779 3.973382124839397 1.0000000180025095e-35 994.05000000000007 33.04210069444445 56364.785000000011 2.9674897060337968 1.0000000180025095e-35 5.5000000000000009 2.0870370370370375 1.0000000180025095e-35 6.5000000000000009 56.850000000000001 18.500000000000004
decision_type=2 2 2 2 2 2 2 2 2 2 2 2 2 2 2 2 2 2 2 2 2 2 2 2 2 2 2 2 2 2
left_child=4 2 6 11 10 -6 9 13 20 17 -1 15 18 14 29 21 -7 27 -11 24 23 25 -10 -3 -12 -4 -5 -2 -18 -8
right_child=1 8 3 26 5 16 7 -9 22 12 19 -13 -14 -15 -16 -17 28 -19 -20 -21 -22 -23 -24 -25 -26 -27 -28 -29 -30 -31
leaf_value=0.015296043611491325 0.0033422128747539362 0.031363448769706689 -0.0010490867080574842 -0.0036413529174400849 0.074818136902031859 -0.0091280212232476045 -0.0057589711563123865 0.01455470082443878 -0.012658027815338563 0.028143806262680777 0.0030535025796532118 0.0052482159724430138 -0.0003613832808395626 0.0060682820681978956 -0.028341129695572637 0.00088015870246902828 0.017031280010513471 0.0097196375130005497 -0.0013221803223572208 0.0065719770221529007 -0.0029694534971188048 -0.0030030791177206445 0.0067371853327203484 0.0030567482537904051 -0.018659620979339691 -0.036608141124671471 0.016704761614729571 -0.014818276033078998 -0.00054869144040390607 0.0084920120330449454
leaf_weight=0.46947055989585351 0.15564442536560619 2.2607347454068081 0.21072986023136842 0.07841022430511646 0.35973246030334838 0.22043108425896196 0.16142062595463436 0.60373228602111328 0.67261500667154894 2.5825866370578305 0.18270212315838141 0.10640639625489701 0.78234923692616565 0.16522952915329359 1.5214216334534283 0.31938767653809907 0.60721742180612615 0.52465946689335397 0.31125772595987644 0.13035585700708907 0.062614232872874598 0.4413985971114015 0.14173972186108585 0.5388364905011257 0.59433445282047614 3.1547814785262744 0.48929254175163805 0.4895692880563729 0.41217808849614812 0.17719266741187312
leaf_count=129 20 772 844 277 68 945 76 23 957 1070 104 2 743 49 1954 1553 60 54 280 4 157 677 7 297 4058 17376 57 1342 65 9
internal_value=0 0.0010546 -0.0054581 -0.022374 0.0304188 0.045081 0.00676331 -0.0103993 0.0193169 0.0162602 0.00158506 -0.0288053 0.0210534 -0.0201903 -0.023829 -0.0305359 0.00690143 -0.0015629 0.0254489 -0.009809 0.0268802 -0.0328064 -0.00742958 0.0281536 -0.0147089 -0.035132 0.0133644 -0.0110687 0.0131713 0.00247132
internal_weight=0 15.952 12.2755 4.80041 2.97642 1.59956 7.47506 2.629 3.67654 4.84607 1.37686 4.2327 3.67619 2.02526 1.86003 4.1263 1.23983 1.16987 2.89384 0.907392 2.86219 3.80691 0.814355 2.79957 0.777037 3.36551 0.567703 0.645214 1.0194 0.338613
internal_count=34029 28596 26406 20786 5433 1138 5620 2111 2190 3509 4295 20452 2093 2088 2039 20450 1070 1416 1350 4166 1226 18897 964 1069 4162 18220 334 1362 125 85
is_linear=0
shrinkage=0.05


Tree=148
num_leaves=31
num_cat=0
split_feature=36 15 0 37 45 0 15 37 25 37 17 2 2 0 15 38 24 12 12 3 38 30 12 2 21 13 23 36 36 12
split_gain=0.939758 1.32535 0.64097 0.619043 0.497918 0.456837 0.445376 0.423386 0.341026 0.449375 0.286504 0.283974 0.241588 0.235576 0.185788 0.197113 0.163954 0.163751 0.157816 0.140447 0.134374 0.131649 0.117989 0.10932 0.104843 0.104836 0.149648 0.0883165 0.0709053 0.0690346
threshold=59.45000000000001 93744.500000000015 2799.5800000000004 55.050000000000004 1.0000000180025095e-35 3750.3550000000005 5749.5000000000009 139.95000000000002 1.0000000180025095e-35 767.50000000000011 7.5000000000000009 2.3119492112865339 0.12813749444333472 17191.650000000005 182.50000000000003 1.5819794665278972 1.5000000000000002 75955.055000000008 130343.04500000003 -2.3083771779771443 2.9674897060337968 12.500000000000002 130343.04500000003 4.8000462868304981 1.0000000180025095e-35 36.500000000000007 7.885422453703705 15.850000000000003 24.450000000000003 7668.0600000000013
decision_type=2 2 2 2 2 2 2 2 2 2 2 2 2 2 2 2 2 2 2 2 2 2 2 2 2 2 2 2 2 2
left_child=1 3 19 16 6 11 14 17 9 10 20 -4 -6 -12 28 24 18 -8 -1 -3 22 -9 -2 -7 29 26 -26 -28 -5 -16
right_child=8 2 5 4 12 23 7 21 -10 -11 13 -13 -14 -15 15 -17 -18 -19 -20 -21 -22 -23 -24 -25 25 -27 27 -29 -30 -31
leaf_value=-0.024748799394683958 -0.033250437207826736 0.011382360419297721 0.079921984398165002 0.0078987631273606911 0.0096041764455567433 -0.0077331105915803729 -0.015217032668231576 0.022250700865391979 0.013876469556744229 0.011483809844567185 -0.014417921926191469 0.0044192151464203843 -0.021805420969495865 0.012136773726573499 -0.0074366464634585631 -0.0033284921207325222 0.0066548594754667796 0.0079844908200797284 0.0048865859695993953 -0.011878505664447071 0.0034997982876176594 -0.0027539481630265246 0.0027273096398219981 0.013833778525387747 -0.00094775174696297242 -0.001176612645793166 -0.0020787361217551041 0.034723456811120282 -0.0080825660709422775 0.009162544901951496
leaf_weight=1.2704247773908743 2.0104688854662531 0.29214862085063931 0.44732674272381678 0.38276269406923891 0.24115518011967718 0.1795394269793178 2.0622950044380568 1.014653694037406 0.48424558763144876 0.69124699267194945 0.61399220786734054 0.2713825942191761 0.79365173847872938 0.73468250079167774 0.1712512647427501 0.33755824394029321 0.20591816429805465 0.32162341726507282 0.20073643105570216 0.30476189608088955 0.098595528656005516 0.44257851103975543 0.090989805168646742 0.42446616431698203 0.27419569360790808 0.18172751674865129 0.055980219931371145 3.5598225219036976 0.39387159307807451 0.42536238962202333
leaf_count=6652 10573 38 105 168 64 426 4601 318 124 185 4217 34 1489 168 136 204 110 75 51 1539 29 520 47 26 359 133 116 1206 271 70
internal_value=0 0.0143884 0.0448979 0.00662986 0.0112116 0.0567767 0.0148632 0.000993177 -0.0096918 -0.014518 -0.020994 0.0705714 -0.013363 -0.000943922 0.0225717 0.0255478 -0.0157999 -0.0106523 -0.020364 -0.000495282 -0.0291492 0.0166263 -0.0313156 0.00659863 0.0278546 0.0302736 0.0316831 0.0338268 -0.000193593 0.00272437
internal_weight=0 14.2552 1.91963 12.3356 10.6585 1.32271 9.62368 3.84115 4.72422 4.23998 3.54873 0.718709 1.03481 1.34867 5.78253 5.0059 1.67708 2.38392 1.47116 0.596911 2.20005 1.45723 2.10146 0.604006 4.66834 4.07173 3.89 3.6158 0.776634 0.596614
internal_count=34054 18711 2168 16543 9730 591 8177 5514 15343 15219 15034 139 1553 4385 2663 2224 6813 4676 6703 1577 10649 838 10620 452 2020 1814 1681 1322 439 206
is_linear=0
shrinkage=0.05


Tree=149
num_leaves=31
num_cat=0
split_feature=22 37 19 38 21 5 37 32 13 17 23 23 23 23 19 37 30 17 37 19 15 15 15 2 12 32 9 15 37 12
split_gain=0.933631 0.741915 0.778752 0.664978 0.592971 0.633857 0.445603 0.44177 0.309845 0.273755 0.251557 0.238215 0.193596 0.187811 0.158379 0.155461 0.134183 0.130452 0.129156 0.0856261 0.0787528 0.0776695 0.0734079 0.0711487 0.06636 0.0649233 0.0744062 0.051554 0.0504835 0.0503105
threshold=1.0000000180025095e-35 163.95000000000002 0.027800925925925927 0.16845636751959334 1.0000000180025095e-35 1.0000000180025095e-35 95.15000000000002 0.039607843137254913 9.5000000000000018 9.5000000000000018 1.0000000180025095e-35 20.002528935185186 30.395277777777782 9.3151215277777784 9.8377372685185218 55.050000000000004 6.5000000000000009 4.5000000000000009 767.50000000000011 21.025092592592596 172797.50000000003 11795.500000000002 237.50000000000003 5.7313164596176085 5028.2300000000005 0.054804804804804812 2.5000000000000004 55296.000000000007 70.050000000000011 2794.7200000000007
decision_type=2 2 2 2 2 2 2 2 2 2 2 2 2 2 2 2 2 2 2 2 2 2 2 2 2 2 2 2 2 2
left_child=1 2 4 11 5 22 15 -4 13 18 17 -3 -9 -5 -11 -6 -8 21 25 -13 -15 -2 -1 -18 -14 26 -10 -19 -7 -17
right_child=10 3 7 8 6 28 16 12 9 14 -12 19 24 20 -16 29 23 27 -20 -21 -22 -23 -24 -25 -26 -27 -28 -29 -30 -31
leaf_value=0.00037285482276505595 -0.00385522679248472 -0.0037020634604712659 -0.033957354816837433 -0.0076069786319513449 -0.0039362760346178692 -0.00051000040732128579 0.0085681931204195753 -0.01245697669529177 -0.025103819969223257 0.015873249048560394 0.031245621299470807 0.044272452372192246 -0.0044133208163281631 0.022548519473189015 -0.0090385778828201632 -5.8495010439377066e-05 -0.017978489342604122 0.0032120606958461633 0.0045365553572878732 -0.00049050339049115882 -0.003222494885220536 0.018832257449640073 -0.028873827626178367 0.0039765947114333592 0.0150556607998289 0.00044215248054427052 0.0023056374997060545 -0.0092347626695197648 0.016224393853906536 0.036188914526986318
leaf_weight=0.20872388200223402 0.10882418847177122 0.16620514081841875 2.7095668740530527 0.25290943515574316 0.085056660696864017 0.54351847525686026 0.2579098645801422 0.68757507619011426 1.3533739031990992 0.71569902046030609 2.0332332362304442 0.61826109887988423 0.09649765228459728 1.0887679895458857 0.21895232065071468 0.097162237732845602 0.46658596888300963 1.0511883091021443 0.25177536998671701 0.091135856231630896 0.081683210206392576 0.71673383877350716 1.3056132590536433 0.085308598936535418 0.62142853731711512 0.2921855940039676 0.10029851461149508 0.51185499270650314 0.61183747323229909 0.99745638808599324
leaf_count=119 49 832 15936 1114 219 16 12 1202 4633 241 340 216 293 1076 931 118 341 273 93 536 150 119 4074 5 207 474 66 157 27 80
internal_value=0 -0.0029788 -0.0114072 0.0107199 0.00281314 -0.0111065 0.0189589 -0.0249101 1.20997e-06 -0.00866559 0.0212949 0.0356109 -0.000602619 0.014064 0.00838194 0.0311746 -0.00622893 0.00610344 -0.0167771 0.041599 0.0200939 0.015368 -0.0262977 -0.0142092 0.0113931 -0.0203836 -0.0230437 -0.00287669 0.0117678 0.0344796
internal_weight=0 14.0055 8.77424 5.23125 4.65917 2.66969 1.98948 4.11507 4.35565 2.93228 4.42183 0.875602 1.4055 1.42336 0.934651 1.17968 0.809804 2.3886 1.99763 0.709397 1.17045 0.825558 1.51434 0.551895 0.717926 1.74586 1.45367 1.56304 1.15536 1.09462
internal_count=33949 33011 22649 10362 5011 4236 775 17638 8778 6438 938 1584 1702 2340 1172 417 358 598 5266 752 1226 168 4193 346 500 5173 4699 430 43 198
is_linear=0
shrinkage=0.05


Tree=150
num_leaves=31
num_cat=0
split_feature=15 34 0 17 19 23 0 38 15 19 21 12 24 14 30 3 38 17 16 23 20 0 13 3 17 3 24 21 21 23
split_gain=1.26509 0.68814 0.59801 0.58324 0.467306 0.497526 0.466951 0.306077 0.289991 0.280103 0.673921 0.252824 0.248656 0.248264 0.164514 0.193065 0.156175 0.154473 0.148841 0.125524 0.119098 0.11239 0.101976 0.0949006 0.0924588 0.0900953 0.0888355 0.0873289 0.0749622 0.0817749
threshold=96571.500000000015 1.0000000180025095e-35 2676.8050000000007 5.5000000000000009 6.9852141203703715 28.296371527777783 3750.3550000000005 0.98373761198024468 3540.5000000000005 0.027800925925925927 5.2896122685185194 9426.2850000000017 1.5000000000000002 31582.470000000005 4.5000000000000009 4.641437745208993 1.3311742996465707 10.500000000000002 2.5000000000000004 20.22527777777778 2.5000000000000004 1752.0950000000003 49.500000000000007 3.4357288626039613 9.5000000000000018 4.641437745208993 1.5000000000000002 21.362291666666668 5.5592071759259269 8.1406886574074093
decision_type=2 2 2 2 2 2 2 2 2 2 2 2 2 2 2 2 2 2 2 2 2 2 2 2 2 2 2 2 2 2
left_child=3 2 -2 9 5 7 -4 18 11 10 25 13 14 -6 -10 -16 24 -7 28 -15 22 -12 -20 -8 -9 -1 -11 -3 29 -5
right_child=1 27 6 4 8 17 23 16 12 26 21 -13 -14 19 15 -17 -18 -19 20 -21 -22 -23 -24 -25 -26 -27 -28 -29 -30 -31
leaf_value=-0.022356962799939567 -0.0027595783756251429 -0.011157160177943756 0.074597864174611381 0.0063649716938652722 -0.0088160472383424504 -0.016451380347030566 -0.0063914873205367685 -0.014327561871456144 0.0033116723079256484 -0.0270024632203003 -0.0043816157727400874 -0.0091416804062345852 0.0097551877361851044 -0.003458630061389481 -0.02885313831079251 0.005616408340349599 0.011217135026139767 0.0065653477936565762 0.035885177396972383 0.025527082435171496 -0.002031446695514502 0.020638590328604017 -0.0025064816611981198 0.01416944856689344 0.0060786814636417906 0.0023231391543001513 0.0023460703948555094 0.0074513947022160944 0.013303106888654196 -0.011118314270470225
leaf_weight=1.2867376656195184 0.36992356529299231 0.38279617599073379 0.57870086011826039 0.47223354509696747 0.28738799892380518 0.73091878808554589 0.19009651016858697 0.64678648986955511 0.3966915212440657 1.1490826244807975 0.17748642356309563 0.86873834587095178 0.28721429625875305 0.18764970548181725 1.3483873122277144 0.14491470903158177 1.0154046829065917 0.53933626613797969 2.6498396074312049 1.2568913379618605 0.12143308778649942 1.4003672636172266 0.050263442080904386 0.43979263806249946 0.16737704359547934 0.23280815413454536 0.12237533079314733 0.24742950648214901 0.73957917767074832 0.28067302580348041
leaf_count=3044 1929 639 232 521 1206 791 560 318 200 8653 92 1158 143 296 9716 3 427 223 1241 559 160 93 21 18 72 14 161 312 446 736
internal_value=0 0.0376001 0.0491686 0.00305945 0.00856618 0.0156976 0.0591157 0.0210604 -0.0033013 -0.0110409 -0.000946849 0.00696291 -0.0138945 0.0154303 -0.0196203 -0.0245971 0.0021589 -0.00809148 0.0271618 0.0218872 0.0329879 0.0172162 0.0346862 0.00784997 -0.00909418 -0.0191545 -0.0243885 -0.00376205 0.00733148 -0.00277722
internal_weight=0 2.20874 1.57851 16.5606 12.1917 7.41385 1.20859 6.14359 4.77788 4.36886 3.0974 2.60067 2.17721 1.73193 1.88999 1.4933 1.82957 1.27026 4.31402 1.44454 2.82154 1.57785 2.7001 0.629889 0.814164 1.51955 1.27146 0.630226 1.49249 0.752907
internal_count=33984 3690 2739 30294 18237 4956 810 3942 13281 12057 3243 3219 10062 2061 9919 9719 817 1014 3125 855 1422 185 1262 578 390 3058 8814 951 1703 1257
is_linear=0
shrinkage=0.05


Tree=151
num_leaves=31
num_cat=0
split_feature=12 0 0 22 6 15 14 0 15 37 23 23 30 2 35 2 3 20 12 37 2 30 21 12 23 14 21 38 3 21
split_gain=0.950792 0.737375 1.00027 0.626065 0.729303 0.53348 0.492241 0.422375 0.438323 0.421936 0.417102 0.377581 0.346128 0.249949 0.248607 0.248415 0.234543 0.196971 0.184315 0.150755 0.147638 0.139778 0.123732 0.104033 0.100884 0.0851926 0.0842116 0.0794392 0.0724205 0.0704755
threshold=348.16500000000002 3750.3550000000005 2572.9050000000002 1.0000000180025095e-35 1.0000000180025095e-35 3540.5000000000005 10008.715000000002 2841.4200000000005 237.50000000000003 312.45000000000005 1.0000000180025095e-35 2.9046527777777782 4.5000000000000009 5.7313164596176085 1.0000000180025095e-35 2.2110177072425423 -2.3083771779771443 1.5000000000000002 2794.7200000000007 66.250000000000014 0.12813749444333472 13.500000000000002 9.0861226851851864 447.15500000000003 8.0583275462962991 148642.81500000009 7.9919155092592602 1.5636852954461058 0.76239356637207889 13.053946759259262
decision_type=2 2 2 2 2 2 2 2 2 2 2 2 2 2 2 2 2 2 2 2 2 2 2 2 2 2 2 2 2 2
left_child=1 2 16 4 5 7 -4 8 -2 12 15 -6 -7 -9 -14 20 -1 -13 -10 -20 -5 -3 -15 -12 -21 27 -17 -26 -8 -11
right_child=3 21 6 10 11 9 28 13 18 29 23 17 14 22 -16 26 -18 -19 19 24 -22 -23 -24 -25 25 -27 -28 -29 -30 -31
leaf_value=0.014447609214552999 -0.013619701272626445 0.0091196809502084968 -0.0050667980811973067 0.0071731510108747221 -0.012656785713166835 0.0020476320102828737 0.0026887788701184193 -0.021817784655513067 -0.006836507551703651 -0.0055524843821449033 -0.0018353446318602547 0.025199098169913971 -0.034639525201401539 -0.0083530302333538736 0.0059445926287931576 -0.0033492518374599687 -0.014009041978730092 -0.0064988514939021864 -0.0041592917024260434 -0.0033336784187144568 -0.018667134036187829 -0.0113245492110619 0.014046643180415553 0.032334977549709536 0.030570868552562455 -0.0016559346116398603 0.017799633487282734 -0.0023658286857856036 0.072901524788832481 0.012734823048955969
leaf_weight=0.42429237326723523 0.57438438211829845 0.80852891733411503 0.1027919949083298 0.18252365605439924 0.30957403459979049 0.78039978925517095 0.11815796742303064 1.2327933402921187 0.15818139300427025 0.12242397041700304 0.12996574887074519 2.3796608432203361 2.901765209893711 0.21586914817453351 0.12402598466724146 0.28259215655270964 0.47290479920593786 0.1596568450986523 0.19530094702349776 0.071175690880409426 0.779778023425024 0.55617495151091134 0.46597287524491549 1.7399390041828153 1.9753100691359584 0.12928410626773246 0.59515738453774247 0.049430478380599996 0.77091558448591968 0.51809960417631373
leaf_count=114 1179 520 92 13 43 413 193 1633 1084 616 11 239 18970 20 3 16 3725 124 694 398 408 589 33 294 1173 61 48 153 158 859
internal_value=0 0.0294645 0.0437737 0.00267244 -0.00301207 -0.00963479 0.063519 0.0017178 0.0117267 -0.0205128 0.0182334 0.0158625 -0.0259723 -0.0131333 -0.0319126 -0.00022656 -2.97099e-05 0.021933 0.0196007 0.0228219 -0.0126081 -0.000477765 0.00620499 0.030148 0.0257454 0.0274586 0.0128332 0.0292505 0.0699332 0.00798555
internal_weight=0 3.25377 1.88906 16.0733 12.3633 9.51442 0.991866 5.0677 3.15307 4.44671 3.70996 2.84889 3.80619 1.91464 3.02579 1.84005 0.897197 2.53932 2.57868 2.4205 0.962302 1.3647 0.681842 1.8699 2.2252 2.15402 0.87775 2.02474 0.889074 0.640524
internal_count=33876 5391 4282 28485 27695 27289 443 6428 4742 20861 790 406 19386 1686 18973 485 3839 363 3563 2479 421 1109 53 305 1785 1387 64 1326 351 1475
is_linear=0
shrinkage=0.05


Tree=152
num_leaves=31
num_cat=0
split_feature=22 37 36 3 32 15 30 17 37 23 23 30 38 15 17 12 39 13 37 33 14 23 37 11 30 38 23 17 0 12
split_gain=0.646172 0.635005 0.726437 0.58708 0.505792 0.505623 0.453448 0.447031 0.360636 0.305083 0.302542 0.221581 0.210568 0.16214 0.161593 0.154683 0.149009 0.127263 0.120165 0.117394 0.100211 0.0974496 0.0909831 0.082434 0.0752207 0.0603563 0.0579913 0.0605825 0.0553368 0.0522114
threshold=1.0000000180025095e-35 189.95000000000002 58.850000000000001 4.641437745208993 0.051956815114709856 545.50000000000011 5.5000000000000009 9.5000000000000018 767.50000000000011 1.0000000180025095e-35 15.024895833333336 20.500000000000004 0.6240376150668171 182.50000000000003 4.5000000000000009 53067.835000000014 1.0000000180025095e-35 26.500000000000004 208.65000000000001 1.0000000180025095e-35 11109.660000000002 3.3675173611111116 73.550000000000011 3.5000000000000004 11.500000000000002 0.50949025793666214 40.25133101851852 9.5000000000000018 2084.4800000000005 130343.04500000003
decision_type=2 2 2 2 2 2 2 2 2 2 2 2 2 2 2 2 2 2 2 2 2 2 2 2 2 2 2 2 2 2
left_child=1 3 10 4 5 12 28 -6 11 14 -3 26 13 -1 20 16 -8 22 19 -16 -2 -17 -15 -12 -9 -21 27 29 -7 -4
right_child=9 2 8 -5 7 6 15 24 -10 -11 23 -13 -14 17 18 21 -18 -19 -20 25 -22 -23 -24 -25 -26 -27 -28 -29 -30 -31
leaf_value=-0.0083936637306058614 0.019651469357892658 -0.0058678747105991918 -0.026449851937575482 0.015497223524633756 -0.013466165706097863 -0.0045743510829396004 -0.037010124900794535 0.026114446246827384 0.015129930115465429 0.030451370494256131 0.042043797500712653 0.0077216227774922338 -0.012803896566938587 -0.003584248006746402 -0.017704501185169485 0.0072289245571244267 0.0014078836242973824 -0.005017258242203425 0.0081164432714787901 -0.0058443249423630614 -0.003886647673310427 -0.011904255401837194 0.02402190205012664 0.0029312593871882019 0.00044228149294864576 0.010341523336973815 0.0022560785584201178 -0.00039215067872590964 0.01039322567724482 0.0017798369590025362
leaf_weight=0.20110113453119982 0.67329053598950794 0.18082367234455787 1.0452621211152293 1.4057338125421672 0.72769746070116514 0.33089432642736927 3.1476724355597985 0.7023404767460304 0.76771080609614717 1.939415691536851 1.0594576621915619 0.39070359136712784 0.49178444488643425 0.076668897920171508 0.70336688913812373 0.33263156112661807 0.19254897643077118 0.17840165302186495 0.42647324807330722 0.19599577487679198 0.23196055468724808 0.46983632777119055 0.95205338927553385 0.31436778981151281 0.38482991576529457 0.26911348535213619 0.083707659217907238 0.32190444810839824 0.42141618388995994 0.047511155418760498
leaf_count=551 85 150 5719 52 1797 73 20459 59 170 354 166 483 521 112 287 79 474 80 81 26 90 691 144 68 189 21 171 882 51 28
internal_value=0 -0.000872999 0.0135642 -0.00762394 -0.0126187 -0.0183537 -0.0256159 0.00774555 -0.00350637 0.0193321 0.0326899 -0.0136955 0.00273735 0.0112278 0.00447112 -0.031052 -0.0349814 0.0168186 -0.0047957 -0.011078 0.0147458 -0.0043628 0.0212119 0.0380989 0.0215929 0.00418725 -0.0201354 -0.0218459 0.00495638 -0.0249585
internal_weight=0 14.2271 4.21145 10.0156 8.60988 6.79501 4.895 1.81487 2.6568 4.43962 1.55465 1.88909 1.90001 1.40823 2.5002 4.14269 3.34022 1.20712 1.59495 1.16848 0.905251 0.802468 1.02872 1.37383 1.08717 0.465109 1.49839 1.41468 0.752311 1.09277
internal_count=34113 33169 7837 25332 25280 23235 21827 2045 7453 944 384 7283 1408 887 590 21703 20933 336 415 334 175 770 256 234 248 47 6800 6629 124 5747
is_linear=0
shrinkage=0.05


Tree=153
num_leaves=31
num_cat=0
split_feature=36 15 0 45 0 19 21 0 36 13 32 3 32 19 6 21 19 21 36 3 21 3 32 13 13 6 6 24 36 22
split_gain=0.87054 1.30462 0.57989 0.479778 0.462056 0.39253 0.529053 0.298319 0.285125 0.285545 0.241573 0.235029 0.216634 0.576687 0.210429 0.205406 0.272518 0.154688 0.151524 0.121504 0.121039 0.107222 0.097431 0.087529 0.0758052 0.0620006 0.06182 0.0608805 0.0394645 0.0350915
threshold=60.050000000000004 93744.500000000015 2676.8050000000007 1.0000000180025095e-35 4525.8100000000004 0.027800925925925927 4.5479340277777789 106.38000000000001 1.0000000180025095e-35 6.5000000000000009 0.25462962962962971 4.641437745208993 0.059714795008912663 0.32731481481481489 1.5000000000000002 19.017795138888893 19.450028935185191 -1.0000000180025095e-35 29.350000000000005 -0.12925412072459744 9.0012500000000006 -2.3083771779771443 0.09449404761904763 11.500000000000002 53.500000000000007 1.5000000000000002 1.5000000000000002 2.5000000000000004 27.450000000000003 1.0000000180025095e-35
decision_type=2 2 2 2 2 2 2 2 2 2 2 2 2 2 2 2 2 2 2 2 2 2 2 2 2 2 2 2 2 2
left_child=1 3 21 8 -4 6 14 -5 11 -10 12 25 13 17 22 24 -17 18 -11 -8 -14 -3 -2 -18 -15 29 -20 -7 -22 -1
right_child=5 2 4 7 -6 27 19 -9 9 10 -12 -13 20 15 -16 16 23 -19 26 -21 28 -23 -24 -25 -26 -27 -28 -29 -30 -31
leaf_value=-0.021261455475794125 -0.024309401820211726 0.010544782567874941 0.069122428071281855 0.010123076590540271 -0.0018934269593641724 -0.027303065645901427 -0.0044332597748365935 -0.024730702877892002 -0.011590095400032821 0.013882710972817017 -0.0091720541752734319 0.01113494273035958 -0.0021369864141349139 -0.017265860511203362 0.0085607103005710759 0.017677720302353983 0.0049555678004221809 0.029565532093153903 -0.012204498135961233 0.020872759798560184 0.0019840162229102713 -0.010033637418854619 0.0026359362032578777 -0.014288418535892284 0.0042473598686761267 0.002165391207561537 0.0046646580078460688 0.0021078302392383598 0.033748983367443829 0.00087725120148248565
leaf_weight=0.7133455836356013 1.1352831832555232 0.27305864483787445 0.69392241156674572 0.25488554710682432 0.20460519365951768 1.2281081964392795 0.21388484492854343 0.90819714801182272 0.37850913295915134 0.84968308639145129 0.34956553714437255 0.40002139203716058 0.15682425087288754 1.2964277766004673 0.2009965432807802 0.92335167834971787 0.29192322206290533 1.7891400481348645 0.47780307216089568 1.3417065561698105 0.23732765484601248 0.26044517719128524 0.18354303617525136 0.72393586423277156 0.087692246324877376 0.18241115700220689 0.2036456260830164 0.043603783939033636 1.613026753941085 0.11427267208637204
leaf_count=4773 1875 41 237 66 384 13029 63 2821 909 323 244 14 73 3184 12 231 676 202 350 167 87 1497 104 2332 6 14 8 5 191 87
internal_value=0 0.0139092 0.0475259 0.00652299 0.0604717 -0.0100324 0.00122444 -0.0159438 0.010092 0.01313 0.0152246 -0.00717876 0.0170587 0.0100032 -0.0152814 -0.00445481 0.00536551 0.022156 0.00523772 0.0170201 0.0293198 0.000506863 -0.0210398 -0.00904334 -0.014693 -0.0163631 -0.00738723 -0.0258107 0.0318002 -0.0193972
internal_weight=0 13.384 1.43203 11.952 0.898528 4.34713 3.07541 1.16308 10.7889 9.37886 9.00035 1.41005 8.65078 6.6436 1.51982 3.32333 1.93921 3.32027 1.53113 1.55559 2.00718 0.533504 1.31883 1.01586 1.38412 1.01003 0.681449 1.27171 1.85035 0.827618
internal_count=34005 18750 2159 16591 621 15255 2221 2887 13704 8816 7907 4888 7663 7312 1991 6429 3239 883 681 230 351 1538 1979 3008 3190 4874 358 13034 278 4860
is_linear=0
shrinkage=0.05


Tree=154
num_leaves=31
num_cat=0
split_feature=12 32 22 0 0 3 34 12 32 3 39 9 23 3 30 3 3 6 21 36 12 10 17 17 38 13 3 21 38 13
split_gain=1.19905 0.846559 0.750155 0.614244 0.70334 0.57749 0.486756 0.462398 0.411066 0.273637 0.215627 0.250321 0.190399 0.217489 0.145412 0.132641 0.125278 0.107024 0.0953328 0.0914469 0.0903359 0.0902695 0.0899638 0.0895878 0.0765062 0.0730703 0.0714382 0.0664974 0.0569214 0.0563428
threshold=348.16500000000002 0.057983193277310933 1.0000000180025095e-35 2572.9050000000002 3750.3550000000005 4.641437745208993 1.0000000180025095e-35 108348.12500000001 0.25462962962962971 -2.6028089179770437 1.0000000180025095e-35 1.5000000000000002 1.0000000180025095e-35 2.1834855719553268 1.5000000000000002 2.0064716797994779 -3.2337409725332322 1.0000000180025095e-35 29.868975694444448 189.55000000000004 447.15500000000003 1135.8150000000003 6.5000000000000009 8.5000000000000018 2.9674897060337968 12.500000000000002 0.80203339531218354 27.264884259259265 0.26265131177875833 48.500000000000007
decision_type=2 2 2 2 2 2 2 2 2 2 2 2 2 2 2 2 2 2 2 2 2 2 2 2 2 2 2 2 2 2
left_child=3 2 5 9 6 7 26 10 25 -1 11 14 13 16 -2 -6 -4 -7 24 -10 -14 -20 -9 -13 -16 -3 -5 29 -24 -18
right_child=1 8 12 4 15 17 -8 22 19 -11 -12 23 20 -15 18 -17 27 -19 21 -21 -22 -23 28 -25 -26 -27 -28 -29 -30 -31
leaf_value=0.014163248090055378 0.0028393354067395927 0.00047978712511230785 0.007232595702379635 0.0023270401771841383 -0.0095887361177133517 -0.0017739754367943783 -0.0053709480720786022 -0.005792412869078719 -0.012776057325885199 -0.016672148481129218 0.0048893553727060897 -0.0099569383371427619 -0.0027635189878632131 0.014795785177845258 -0.032894597386951906 0.012033554992697258 -0.021227792453900468 0.01846934414627684 -0.012140152322531322 0.006724364678020428 0.02595166010580853 0.0066168359422211333 -0.002445515173628808 0.0070650025155947083 0.0019705624152528802 0.029344304953319057 0.069163673278998972 0.0030567480631796826 0.018631339444496797 0.0026460438582260981
leaf_weight=0.40673422434338169 0.18906388357572534 0.27148040081010538 0.16843465762212861 0.11416457693121662 0.23359321708085168 0.83915563666960202 0.10942515891656512 0.13833526939924912 0.54897245342726808 0.49249752397008972 0.36205431452981418 0.46015059954879667 0.11044758791103948 0.45166996587067831 4.2701845663141285 0.90263001235143747 0.70270733891811632 0.58842067839577794 0.36544923375913629 0.20036238681495888 1.0500676962547002 0.3449964887004171 0.14533506065708934 0.66110433281210135 0.049618116230703779 2.201234712421865 0.7715431814576732 0.1192043572300463 0.42162238514356432 0.053046578424982727
leaf_count=86 38 412 12 184 949 56 111 114 897 3791 676 858 9 21 18959 128 300 21 3949 107 196 497 46 385 33 810 151 100 100 2
internal_value=0 0.000279133 -0.00628 0.0310794 0.0415881 -0.0130721 0.0597256 -0.0183927 0.0196184 -0.00261117 -0.0222959 -0.0243028 0.0137122 -3.1151e-06 -0.0282335 0.00518055 -0.010515 0.0107409 -0.0296786 -0.0066986 0.0232046 -0.00448839 0.010023 -0.00132135 -0.032199 0.027226 0.0663513 -0.0159669 0.0151158 -0.0189994
internal_weight=0 14.7131 11.4911 3.03059 2.13136 8.83549 0.995133 7.40791 3.22205 0.899232 6.70262 6.34057 2.65558 1.49506 5.21931 1.13622 1.04339 1.42758 5.03025 0.749335 1.16052 0.710446 0.705293 1.12125 4.3198 2.47272 0.885708 0.874958 0.566957 0.755754
internal_count=33998 28598 26372 5400 1523 25732 446 25655 2226 3877 25395 24719 640 435 23476 1077 414 77 23438 1004 205 4446 260 1243 18992 1222 335 402 146 302
is_linear=0
shrinkage=0.05


Tree=155
num_leaves=31
num_cat=0
split_feature=21 19 2 6 23 30 19 3 14 12 17 22 30 17 14 17 10 17 2 37 21 38 23 38 2 23 23 23 2 3
split_gain=0.918825 0.948151 0.766034 0.575477 0.569968 0.813789 0.678914 0.444022 0.294419 0.249368 0.227105 0.198511 0.204692 0.187112 0.146649 0.140531 0.139416 0.134969 0.147218 0.130153 0.121409 0.105339 0.0892285 0.0873338 0.0859561 0.0691455 0.0601208 0.0552542 0.0531793 0.0436661
threshold=11.027870370370371 18.741325231481486 0.24344554179186695 1.5000000000000002 19.386325231481486 18.500000000000004 6.2443113425925931 -0.71523369335724563 73996.270000000019 8273.4250000000011 13.500000000000002 1.0000000180025095e-35 5.5000000000000009 4.5000000000000009 466359.55500000005 17.500000000000004 10103.265000000001 3.5000000000000004 4.8000462868304981 767.50000000000011 0.10381365740740742 1.7459230229238742 0.0040335648148148153 0.022070947528348824 8.8199967649303783 23.160665509259264 30.292042824074077 13.06559027777778 19.249882541093541 -2.186798405615956
decision_type=2 2 2 2 2 2 2 2 2 2 2 2 2 2 2 2 2 2 2 2 2 2 2 2 2 2 2 2 2 2
left_child=2 4 20 10 6 7 -2 -6 15 26 11 12 28 -9 16 21 19 -13 22 -14 -1 -3 -19 -15 29 -7 -10 -18 -4 -11
right_child=1 8 3 -5 5 25 -8 13 9 24 -12 17 14 23 -16 -17 27 18 -20 -21 -22 -23 -24 -25 -26 -27 -28 -29 -30 -31
leaf_value=0.026543976749083278 0.022247338303931989 -0.023078065685970862 -0.0053863542113053615 0.016077353572921903 -0.0019063007936218901 -0.011690029687224584 -0.016045538104132877 0.00027164028859264064 -0.002318385186719501 0.0026808254753971006 0.0072932309895644689 0.011635233086285546 -0.032874987953878373 -0.0011519094727775231 0.001305883671735217 0.006413922305008363 -0.0079554093227912886 -0.019945780592408032 0.008069484221396481 0.0010947913586047831 -0.0042024402380348826 0.0027877414884831388 0.0043640126663010799 0.058615951810646508 0.0063663186670307962 0.005531837495094818 0.021970064196449167 0.0070704674534866566 0.0095052097762568129 -0.015918856319676957
leaf_weight=0.9875569586656654 1.803462372756256 1.1880348117683754 0.30021107848006057 0.85326669641653996 0.31058451825629241 0.35479546926217143 1.063241114186894 0.15833060147815592 0.09180594413737686 0.079733634807780618 0.42680869920513931 0.36009465790993977 3.1396875393274977 0.023549666133476754 0.37116887153024425 0.15595388935980725 0.2002207955738412 0.61699985821906012 0.24905286740977317 0.23486312068416726 0.091418543950567255 0.23931332085339807 0.09454613144043833 2.0133238093076216 0.13692771876230836 0.24257017073432507 0.77148156538169133 0.25059080445134896 0.19373044744133949 0.5026434040228196
leaf_count=256 358 9165 294 57 315 95 4811 215 355 45 214 64 12816 101 138 79 169 150 24 54 245 675 14 629 6 170 325 65 2 2066
internal_value=0 0.0174176 -0.00453684 -0.0109371 0.0277719 0.0400429 0.00756814 0.0494229 -0.00408698 0.00875113 -0.0161977 -0.0186679 -0.0227244 0.0550088 -0.0257202 -0.0153395 -0.0280697 -0.00067716 -0.00887305 -0.0308009 0.0231706 -0.0193795 -0.0160532 0.0577732 -0.00801937 -0.00561168 0.0195291 -0.000486615 0.00290725 -0.0132875
internal_weight=0 9.13575 8.37022 7.29124 5.96986 3.10315 2.8667 2.50579 3.16589 1.58259 6.43797 6.01117 4.69047 2.1952 4.19653 1.5833 3.82536 1.32069 0.960599 3.37455 1.07898 1.42735 0.711546 2.03687 0.719305 0.597366 0.863288 0.450812 0.493942 0.582377
internal_count=33972 19410 14562 14061 6694 1525 5169 1260 12716 2797 14004 13790 13538 945 13242 9919 13104 252 188 12870 501 9840 164 730 2117 265 680 234 296 2111
is_linear=0
shrinkage=0.05


Tree=156
num_leaves=31
num_cat=0
split_feature=13 17 18 21 32 6 3 3 34 18 19 9 30 38 34 38 13 32 9 8 13 11 21 3 37 38 38 6 38 4
split_gain=0.707065 1.3909 0.583684 0.711516 0.627132 0.516102 0.49029 0.48333 0.449111 0.314463 0.252463 0.20834 0.195515 0.150999 0.145642 0.117689 0.113742 0.100663 0.0959566 0.0959062 0.092736 0.0904717 0.0771684 0.0713974 0.0534591 0.0524736 0.0477215 0.0465324 0.0493428 0.0399622
threshold=11.500000000000002 5.5000000000000009 1.0000000180025095e-35 4.5479340277777789 0.036038961038961044 1.0000000180025095e-35 2.0064716797994779 -3.2337409725332322 1.0000000180025095e-35 1.0000000180025095e-35 19.450028935185191 1.0000000180025095e-35 1.5000000000000002 1.293574066571888 1.0000000180025095e-35 0.0099424629060603665 5.5000000000000009 0.23303167420814483 1.5000000000000002 1785.5300000000002 10.500000000000002 3.5000000000000004 20.097858796296297 -2.3083771779771443 55.050000000000004 0.70378328933191281 0.59008990724112942 1.5000000000000002 1.7459230229238742 1.0000000180025095e-35
decision_type=2 2 2 2 2 2 2 2 2 2 2 2 2 2 2 2 2 2 2 2 2 2 2 2 2 2 2 2 2 2
left_child=1 9 4 5 6 7 12 -4 10 -1 13 25 -2 15 16 -3 26 24 29 -14 21 27 -16 -10 -13 -6 -11 28 -18 -8
right_child=2 8 3 -5 11 -7 18 -9 23 14 -12 17 19 -15 22 -17 20 -19 -20 -21 -22 -23 -24 -25 -26 -27 -28 -29 -30 -31
leaf_value=-0.016609015070585448 0.0040209439274108512 -0.00029242771807064846 0.01347023837792371 0.02994780650810841 -0.011746869223638129 0.015336019973772836 -0.0092881189191112972 -0.026463329741366667 0.0094361570845362466 -0.0087278946769463218 -0.0013199184198979194 -0.0019549335719680028 -0.0323687163215629 0.0006890429786281971 -0.011704789324353992 0.061123926896936298 0.025076350616620786 -0.0044717633377171061 0.013687973714096656 0.0022312348912345318 -0.0038515117734961865 -0.0035568184519424624 0.0058795330909732248 -0.007333503586854178 0.022366026143111315 0.0032587070295261897 0.0051171487134989459 -0.0012995555709459945 -0.0015708066476628889 0.0035919099956806741
leaf_weight=0.91603873754684428 0.20778849010821288 0.070877948546695158 0.36555362648505241 1.7697174111708589 0.38696120596250727 1.1947531669284215 0.37918234490643932 1.563108768545135 0.2146262532005494 0.29177612088096871 0.15714896438475978 0.083622358735737978 2.6804247788495563 0.14047771677905974 0.54375102780068107 1.3371595971730128 1.3741309105498656 0.11126776111632342 0.40035896414337913 0.081099181839817791 0.14703327832285129 0.1046408133861404 0.26634827966336161 0.33992540091458057 1.1617732309059645 0.42026581335994706 0.30439984121767338 0.093000303953885921 0.065667996244883287 0.35236064122000244
leaf_count=7669 27 167 126 194 1115 46 341 1546 17 801 685 82 16895 114 639 584 465 146 34 61 72 82 18 611 297 651 387 2 38 77
internal_value=0 0.0196122 -0.000318826 0.0113983 -0.00977936 -0.00382578 -0.0197299 -0.0168794 0.0439961 0.000204906 0.0524092 0.00935504 -0.0281817 0.0562402 0.00784345 0.0591948 0.0128655 0.0175089 0.00526085 -0.0310296 0.017272 0.0199099 -0.00586915 0.00105179 0.0205896 -0.00645421 -0.00288169 0.0222837 0.0237153 -0.0045927
internal_weight=0 6.367 11.1582 4.89313 6.2651 3.12342 4.10121 1.92866 2.26022 4.10679 1.70566 2.16389 2.96931 1.54852 3.19075 1.40804 2.38065 1.35666 1.1319 2.76152 1.78447 1.63744 0.810099 0.554552 1.2454 0.807227 0.596176 1.5328 1.4398 0.731543
internal_count=33989 12351 21638 1912 19726 1718 17435 1672 2178 10173 1550 2291 16983 865 2504 751 1847 525 452 16956 659 587 657 628 379 1766 1188 505 503 418
is_linear=0
shrinkage=0.05


Tree=157
num_leaves=31
num_cat=0
split_feature=36 12 1 45 12 37 38 6 3 14 1 37 1 37 23 23 19 23 24 3 1 38 13 37 19 36 13 32 6 36
split_gain=1.00077 0.810618 0.511293 0.498356 0.47825 0.351654 0.316738 0.354948 0.294246 0.282821 0.361983 0.261183 0.242137 0.215027 0.203092 0.183798 0.152996 0.153487 0.138353 0.123087 0.111976 0.102935 0.141903 0.0956036 0.0876629 0.0855273 0.0866007 0.0897451 0.0796062 0.0659161
threshold=60.050000000000004 676.85500000000013 7.8927527079247577 1.0000000180025095e-35 2648.9000000000001 767.50000000000011 2.9674897060337968 1.0000000180025095e-35 -2.439985648015996 4570.7200000000012 8.2298723869251464 55.050000000000004 4.6763643659302874 175.85000000000005 23.394195601851855 7.885422453703705 21.025092592592596 36.948790509259261 2.5000000000000004 2.0064716797994779 9.8157734611561924 1.694021936689617 31.500000000000004 103.35000000000001 0.32731481481481489 15.250000000000002 6.5000000000000009 0.31414473684210531 1.5000000000000002 42.350000000000001
decision_type=2 2 2 2 2 2 2 2 2 2 2 2 2 2 2 2 2 2 2 2 2 2 2 2 2 2 2 2 2 2
left_child=1 2 8 4 13 6 7 18 -1 -4 -11 20 -5 -3 28 24 17 21 23 -12 -6 22 25 -2 -13 -17 -27 -28 -9 -18
right_child=5 3 9 12 11 -7 -8 14 -10 10 19 15 -14 -15 -16 16 29 -19 -20 -21 -22 -23 -24 -25 -26 26 27 -29 -30 -31
leaf_value=0.016790447952608836 0.0017635129409067985 -0.019620820269494264 -0.0027909242366339487 0.008745830516724484 -0.01293373388692879 0.01196946041209223 0.011275590638115786 -0.015847803771470079 -0.014864100166729698 0.065455083619823634 -0.007459229229760782 0.0069342292922296191 -0.02380616758491981 0.0089073080750253861 0.015101150934915666 -0.0019651381321431865 -0.0064913401363064826 -0.0044337022605522268 0.0040162536252865656 0.015614314216725451 0.0056889063631911279 -0.0016219967373067665 0.0011559630051303231 -0.031944076865979658 -0.010093654275152767 -0.0017266083722976694 0.03237592945563092 -0.0017782011949915189 0.0048833045386309365 0.0083967679228867925
leaf_weight=0.52268388043376046 0.11717089116609791 0.88830106490058536 0.1561221891279273 0.2260918287283864 0.39371633338850909 0.69684778544615245 0.30283377402520262 0.41299802196226643 0.42969375055509151 0.75395389389814205 0.17178409166444908 0.858508770164917 0.81423759797144157 0.3093597907172807 0.49442455435564625 0.08949252353158943 0.46591393378366752 0.15987027053415648 0.08662094036117185 0.63247529727232177 1.0074855936909441 0.21250653106471862 0.56600250729024981 2.180287503719228 0.27396427718122141 0.099711566130281315 4.2332080975465942 0.094978156077558995 0.13697943628358189 0.54573732982498768
leaf_count=105 447 3704 75 61 3193 186 55 89 2773 212 485 418 2607 129 93 128 1160 82 14 69 188 163 226 14350 726 37 1565 54 22 628
internal_value=0 0.0154181 0.036175 0.00793984 0.0115766 -0.0100457 -0.015818 -0.0202169 0.00221035 0.0472778 0.0514244 0.0155013 -0.0159126 -0.0115519 0.00280123 0.0187951 0.0216417 0.0244966 -0.0281486 0.00928324 -0.00275094 0.0259354 0.0271647 -0.0302115 1.33043e-05 0.0296233 0.0305061 0.0314334 -0.0108651 0.0017217
internal_weight=0 13.9058 2.66671 11.2391 10.1988 4.42816 3.73132 3.42848 0.952378 1.71434 1.55821 9.0011 1.04033 1.19766 1.0444 7.59989 6.46742 5.45577 2.38408 0.804259 1.4012 5.2959 5.08339 2.29746 1.13247 4.51739 4.4279 4.32819 0.549977 1.01165
internal_count=34044 18788 3719 15069 12401 15256 15070 15015 2878 841 766 8568 2668 3833 204 5187 4043 2255 14811 554 3381 2173 2010 14797 1144 1784 1656 1619 111 1788
is_linear=0
shrinkage=0.05


Tree=158
num_leaves=31
num_cat=0
split_feature=22 3 21 14 13 13 23 37 23 12 21 13 36 17 37 33 37 36 37 6 37 15 15 36 18 14 10 10 16 3
split_gain=0.8028 0.575075 0.522142 0.400208 0.358813 0.420366 0.329274 0.327838 0.314786 0.311693 0.233114 0.2201 0.198826 0.147535 0.116957 0.103841 0.0957496 0.10112 0.0669913 0.0669096 0.0572776 0.0570974 0.0511034 0.0491995 0.0467725 0.0378181 0.0393667 0.134799 0.0323797 0.0366152
threshold=1.0000000180025095e-35 4.641437745208993 16.098478009259264 466359.55500000005 21.500000000000004 29.500000000000004 30.395277777777782 562.85000000000002 1.0000000180025095e-35 3677.0700000000002 28.068697916666668 6.5000000000000009 35.650000000000013 13.500000000000002 71.750000000000014 1.0000000180025095e-35 55.050000000000004 56.850000000000001 232.15000000000001 1.5000000000000002 994.05000000000007 184309.50000000003 691.50000000000011 189.55000000000004 1.0000000180025095e-35 1191.5250000000003 2792.145 2833.6750000000006 4.5000000000000009 2.4965913171622796
decision_type=2 2 2 2 2 2 2 2 2 2 2 2 2 2 2 2 2 2 2 2 2 2 2 2 2 2 2 2 2 2
left_child=1 2 3 13 6 10 7 21 11 -3 16 -2 14 19 -8 18 -6 -18 23 20 25 -4 -15 -13 -5 -1 -27 -28 29 -14
right_child=8 9 4 24 5 -7 12 -9 -10 -11 -12 15 28 22 -16 -17 17 -19 -20 -21 -22 -23 -24 -25 -26 26 27 -29 -30 -31
leaf_value=0.00018491982345830016 0.016556033929053925 -0.0085123248977210571 -0.028090501587714242 -0.0035700290447434977 -0.0027908685049891288 -0.01186983505578249 -0.0056035973018254935 0.0098839277375355125 0.029387350539569923 0.02313397241539325 -0.0057605623628093688 -0.018676022007994876 -0.014356923770827867 0.0077712243680945793 0.019549728633089042 0.0050714082160922026 0.033222716654733205 -0.0027242677736499027 0.0032407401831344692 -3.8162988306074584e-05 0.00056030421760442099 0.00073030462360749787 -0.0068558155436472968 0.0026660652816322935 0.01162005404984966 -0.032822304265177397 0.0088188378684518429 -0.014262900023125653 0.0028662814279074873 0.0023804780488325458
leaf_weight=0.096916169610267722 0.6350077701936242 0.52277824192424382 1.3544479047504867 0.2089679254022484 0.058783835307622545 0.50609543290374848 0.12603367594783754 0.25785596382411302 1.7472908011986872 1.4578684656007679 0.24035329995967902 0.76443027053755919 0.39808014834488847 0.25775798688846396 0.90800493158531026 0.60319860937306646 1.2280055292285394 0.057591965405663248 0.18727981289703166 0.22622452092764422 0.1319289592138374 0.13173456006916229 0.15425634771600016 0.053271460608812049 0.47575394330488052 2.8612856487652611 0.17616288155477366 0.74999989183561411 0.076668132722261362 0.10242398302943911
leaf_count=659 86 38 6253 198 203 1526 1042 111 337 56 1167 362 2957 24 561 74 373 607 64 16 35 232 224 2 33 15611 17 1091 62 32
internal_value=0 -0.00545037 -0.0100912 -0.019851 0.00107241 0.0139646 -0.00832311 -0.0192703 0.0179619 0.0147276 0.0236153 0.00274512 0.00636844 -0.0245242 0.0152363 -0.00696513 0.0290841 0.031125 -0.0131157 -0.0268065 -0.0280061 -0.0262696 0.00131794 -0.0165838 0.00761686 -0.0288924 -0.0295197 -0.00757344 -0.00910604 -0.011628
internal_weight=0 12.766 10.7853 5.33925 5.44608 2.09083 3.35525 1.74404 3.99048 1.98065 1.58473 2.24319 1.61121 4.65453 1.03404 1.60818 1.34438 1.2856 1.00498 4.24252 4.01629 1.48618 0.412014 0.817702 0.684722 3.88436 3.78745 0.926163 0.577172 0.500504
internal_count=34053 33128 33034 17908 15126 3876 11250 6596 925 94 2350 588 4654 17677 1603 502 1183 980 428 17429 17413 6485 248 364 231 17378 16719 1108 3051 2989
is_linear=0
shrinkage=0.05


Tree=159
num_leaves=31
num_cat=0
split_feature=45 23 19 24 19 15 15 14 39 37 17 14 30 30 30 2 38 23 19 37 14 20 0 11 15 23 22 15 30 23
split_gain=0.540917 0.410234 0.648367 0.594921 0.545047 0.449336 0.348163 0.460375 0.305485 0.265019 0.263648 0.236664 0.219075 0.196774 0.161823 0.148617 0.126909 0.12326 0.118753 0.112527 0.110423 0.114376 0.100323 0.0976521 0.0879167 0.0846291 0.0577234 0.0528892 0.0538308 0.0520102
threshold=1.0000000180025095e-35 35.057256944444454 0.80135995370370383 1.5000000000000002 33.04210069444445 758.50000000000011 13175.500000000002 19286.810000000005 1.0000000180025095e-35 994.05000000000007 4.5000000000000009 9729.510000000002 4.5000000000000009 16.500000000000004 6.5000000000000009 19.249882541093541 0.73625514515960822 19.219704861111115 20.272037037037041 562.85000000000002 14341.955000000002 1.0000000180025095e-35 1989.0550000000001 9.5000000000000018 302.50000000000006 31.346209490740744 1.0000000180025095e-35 264005.00000000006 21.500000000000004 30.395277777777782
decision_type=2 2 2 2 2 2 2 2 2 2 2 2 2 2 2 2 2 2 2 2 2 2 2 2 2 2 2 2 2 2
left_child=1 2 6 5 13 17 10 11 9 -2 16 -8 29 18 -9 -14 -1 -4 -3 27 -12 -22 -15 25 -19 -23 -5 28 -16 -7
right_child=8 4 3 26 -6 12 7 14 -10 -11 20 -13 15 22 19 -17 -18 24 -20 -21 21 23 -24 -25 -26 -27 -28 -29 -30 -31
leaf_value=-0.012727921347996203 -0.029032008008599682 -0.0075167943620888912 -0.0094707241180316121 -0.0027356055682826166 -0.011761233132728052 -0.0063937045477998073 -0.0058748395265363325 0.0058175490438084863 0.010196719238147064 0.007517862934543206 -0.0012796183340018754 0.022998395649262888 -0.033123999931453443 -0.001832724306576036 -0.025077464106691674 0.003972983457536057 0.008521785190485031 -0.0046072497410036472 0.013698059568188216 0.0046492630105256141 -0.0035999591902521376 0.03115618066346329 0.045880623165854284 -0.0019090078709853684 0.013863471083334904 -0.00089971407947597249 0.020868467026090218 0.0021878541906034574 0.0015751980542797234 0.0083783873515138035
leaf_weight=0.36184721350582361 1.2453116244378186 0.3328544456271636 0.45782043863800836 0.057831084825011092 0.30583320050391183 0.16737963637569953 0.55445561833767021 0.37197169194405422 0.30885348385527311 0.19168475504557125 0.27878233659248541 1.177312745416202 2.0232253835874876 0.037981198645866243 1.246136738647692 0.078342884778976329 0.49044984680404013 0.36463543560603273 0.50945646108630172 0.10922645610480675 0.075429265449202254 3.1056854643338747 0.80939976790068613 0.1352796294777362 1.0363455684928338 0.15873013843884098 0.69899839826393872 0.044954600154596736 0.083463330731319618 0.27457545277866302
leaf_count=914 5468 579 737 283 2349 303 1238 46 220 33 249 625 16819 282 1024 1 264 421 472 14 323 717 184 41 234 58 90 7 37 52
internal_value=0 0.00861151 0.00448487 -0.00843353 0.0255093 -0.0156424 0.0126515 0.000380725 -0.0156166 -0.0230722 0.0204359 0.0149876 -0.0261441 0.0341199 -0.0137253 -0.030906 -0.00250078 0.00284629 0.00578503 -0.0189942 0.0250741 0.0270018 0.0439076 0.0283446 0.00913943 0.029752 0.0185343 -0.0220397 -0.0234464 0.00222962
internal_weight=0 15.3484 13.3529 5.15915 1.99553 4.40232 8.19373 3.58752 1.74585 1.437 4.6062 1.73177 2.54352 1.68969 1.85575 2.10157 0.852297 1.8588 0.842311 1.48378 3.75391 3.47512 0.847381 3.3997 1.40098 3.26442 0.756829 1.37455 1.3296 0.441955
internal_count=34084 28363 24497 18940 3866 18567 5557 2991 5721 5501 2566 1863 17175 1517 1128 16820 1178 1392 1051 1082 1388 1139 466 816 655 775 373 1068 1061 355
is_linear=0
shrinkage=0.05


Tree=160
num_leaves=31
num_cat=0
split_feature=45 21 12 15 36 37 36 36 13 24 2 39 37 33 13 14 39 23 37 32 14 2 17 12 1 15 38 37 38 17
split_gain=0.625638 0.686913 0.436276 0.406197 0.323712 0.301077 0.299236 0.276456 0.266413 0.279304 0.242684 0.217867 0.269829 0.217604 0.16841 0.134293 0.123232 0.0913174 0.113224 0.0885936 0.0877898 0.0842834 0.0767984 0.0712955 0.0664311 0.0655501 0.0587772 0.0576817 0.0571175 0.0510175
threshold=1.0000000180025095e-35 18.53696180555556 9426.2850000000017 17980.500000000004 50.050000000000004 93.750000000000014 17.550000000000004 41.45000000000001 6.5000000000000009 1.5000000000000002 2.7962566456686622 1.0000000180025095e-35 994.05000000000007 1.0000000180025095e-35 5.5000000000000009 10793.245000000001 1.0000000180025095e-35 12.974947916666668 562.85000000000002 0.22474747474747478 36200.795000000006 5.7313164596176085 5.5000000000000009 56364.785000000011 10.804207870327309 182.50000000000003 0.1129189330673228 108.65000000000002 1.5636852954461058 5.5000000000000009
decision_type=2 2 2 2 2 2 2 2 2 2 2 2 2 2 2 2 2 2 2 2 2 2 2 2 2 2 2 2 2 2
left_child=1 3 4 5 6 13 -3 22 14 16 27 12 -2 21 -5 -8 -10 -6 -19 25 -12 -1 -7 -4 -22 -17 -27 -9 -24 -15
right_child=11 2 23 8 17 7 15 10 9 -11 20 -13 -14 29 -16 19 -18 18 -20 -21 24 -23 28 -25 -26 26 -28 -29 -30 -31
leaf_value=-0.019028569277100761 -0.028633485903376318 -0.0011082832331537353 -0.0084197768840449713 -0.0085305675965943011 0.012542721554717343 -0.00058951518018476163 -0.0022393707561925787 0.0028770212972105648 -0.028210668690196207 0.0088791151882980299 -0.0049278297221832289 0.0078297277029686346 0.0068904262248848814 -0.0033055330785548235 0.016912988535999141 -0.0012018522045554451 0.0013414012436636577 -0.011406971065800702 0.0088558952004300587 -0.0016691164522052296 0.0191406154700321 0.0020237563519819183 0.02774226497596656 0.0065971504895708565 -0.0012369601195256041 -0.0008009826639275825 0.043298240781474984 -0.015941542525656258 -0.0013837032788390489 0.013558221206739253
leaf_weight=0.98498076268697177 1.2308124417722872 0.45998489876728976 0.85270851034510975 0.36851728861438493 0.39196241996069126 0.24398320227010151 0.084310101168739826 0.18351720722421339 1.619968986244203 0.24261619764001796 0.20122579241433403 0.25051395107766428 0.27047876393771719 0.1825543105660471 0.42418400548012869 0.032334126379283457 0.30631538548004744 0.73988159544751397 0.23503891791551723 0.04351113782468008 0.78403253619762814 0.3930250962584978 1.6943692326894959 0.44526418022724101 0.36742699897149578 0.040520868737076277 2.5535454315231618 0.74397144770773593 0.0815687580834491 0.45207859325091704
leaf_count=3014 5521 1872 2117 1484 179 361 463 327 5853 129 182 212 36 168 382 51 126 4567 125 69 100 34 474 348 15 169 1564 3878 60 212
internal_value=0 0.00961141 0.0215851 0.000659113 0.0276917 0.00758737 0.0346447 0.0140862 -0.0122962 -0.0192892 0.000652405 -0.016473 -0.0220373 -0.00636438 0.00692418 0.0393206 -0.0246588 0.00361217 -0.00451127 0.0408856 0.0112793 -0.0146981 0.0240132 -0.00263918 0.0150856 0.0418564 0.0425782 -0.0126572 0.026388 0.00965271
internal_weight=0 15.1534 5.87906 9.27434 4.58109 6.31273 3.21421 4.3001 2.9616 2.1689 2.28017 1.75181 1.50129 2.01264 0.792701 2.75422 1.92628 1.36688 0.974921 2.66991 1.35269 1.37801 2.01992 1.29797 1.15146 2.6264 2.59407 0.927489 1.77594 0.634633
internal_count=34092 28323 11524 16799 9059 8825 4188 5397 7974 6108 4502 5769 5557 3428 1866 2316 5979 4871 4692 1853 297 3048 895 2465 115 1784 1733 4205 534 380
is_linear=0
shrinkage=0.05


Tree=161
num_leaves=31
num_cat=0
split_feature=15 36 19 21 0 2 6 4 14 33 0 30 2 0 14 13 37 22 15 36 2 15 2 25 2 15 17 9 2 32
split_gain=0.749457 0.726238 0.726019 0.861618 0.64486 0.566228 0.636991 0.332682 0.331491 0.323854 0.285937 0.2597 0.257321 0.223074 0.206719 0.192634 0.160032 0.147485 0.113234 0.0863736 0.070062 0.0667374 0.0580393 0.0566557 0.0546698 0.0428474 0.0421163 0.0415692 0.0401161 0.0382939
threshold=90446.500000000015 57.350000000000001 6.9852141203703715 6.0765162037037044 2676.8050000000007 0.24344554179186695 1.0000000180025095e-35 1.0000000180025095e-35 4570.7200000000012 1.0000000180025095e-35 3750.3550000000005 21.500000000000004 19.249882541093541 1156.6200000000001 356451.57500000007 49.500000000000007 767.50000000000011 1.0000000180025095e-35 1712.5000000000002 28.850000000000005 4.8000462868304981 237.50000000000003 0.56926702782596383 1.0000000180025095e-35 0.12813749444333472 829.50000000000011 7.5000000000000009 3.5000000000000004 0.53745100852181704 0.30151515151515157
decision_type=2 2 2 2 2 2 2 2 2 2 2 2 2 2 2 2 2 2 2 2 2 2 2 2 2 2 2 2 2 2
left_child=2 4 3 5 24 19 15 9 -6 17 -10 13 14 -5 -8 21 -3 27 -11 29 -12 -7 -15 -23 -2 -19 -9 -4 -20 -1
right_child=1 16 7 11 8 6 12 26 10 18 20 -13 -14 22 -16 -17 -18 25 28 -21 -22 23 -24 -25 -26 -27 -28 -29 -30 -31
leaf_value=0.024258776046239921 0.0051750733122010728 -0.016018487568412728 -0.028915620866653037 -0.0025587008879647214 -0.0047645082095581258 -0.0011295292730249464 -0.017557004804127842 -0.0028972234879371434 0.064763713016409138 0.012563683217394412 -0.0059795376612663716 -0.006467420117320862 0.02162633549743713 -0.001327386280749726 0.0087890332672754395 0.0060818830103563188 0.0087973050048672837 0.0073148163698235295 0.003140045205198424 -0.0036376197404233632 0.011942191568398205 -0.030450515125041738 0.030967002053600652 0.0015212256810761236 -0.011105042050011817 -0.0060612513974208542 0.013448497368300963 0.0010916969077090896 -0.010368573607626623 -0.0012003355977359743
leaf_weight=0.76444784603518368 0.11329520880826693 0.5242452421953202 2.5212398415878852 0.42137700385683308 0.096221167343173764 0.30921379680512551 0.50109710955075548 0.12977062185382227 0.7366496651447958 0.40104147338934104 0.13326427281026554 0.28033933172082459 0.65566428145393718 0.060998492885119382 0.61128834378177999 0.1266949169912549 0.30281798469513888 0.20280254358658556 0.28733538871529163 0.078136089861800428 0.38167581154266372 2.1641258205690979 3.3033943291284231 0.048543553330091416 0.2915667489360203 0.20652060385327786 0.4741126082953997 0.045871879385231185 0.53065405150846345 0.062170883815269917
leaf_count=226 7 2037 16419 541 80 347 75 53 169 69 395 53 26 53 57 40 20 30 290 139 25 8265 834 51 1576 260 50 40 1635 13
internal_value=0 0.0266602 0.000981754 0.00883527 0.0393767 -0.00445491 -0.0121418 -0.0132543 0.0498221 -0.0179807 0.0542709 0.0236745 0.0085305 0.0267915 -0.0057722 -0.0244974 -0.00709051 -0.0249449 0.00260196 0.0197435 0.00641863 -0.0273243 0.0302115 -0.0294939 -0.00610844 0.00105388 0.0103196 -0.0282237 -0.00650631 0.0227351
internal_weight=0 2.57974 14.1868 9.38749 1.75267 5.32138 4.41663 4.79935 1.34781 4.19547 1.25159 4.06611 1.76805 3.78577 1.11239 2.64858 0.827063 2.97643 1.21903 0.904755 0.51494 2.52188 3.36439 2.21267 0.404862 0.409323 0.603883 2.56711 0.817989 0.826619
internal_count=33875 4309 29566 10720 2252 9239 8861 18846 669 18743 589 1481 158 1428 132 8703 2057 16749 1994 378 420 8663 887 8316 1583 290 103 16459 1925 239
is_linear=0
shrinkage=0.05


Tree=162
num_leaves=31
num_cat=0
split_feature=17 13 3 14 32 19 21 30 15 6 22 20 15 30 32 36 14 24 19 36 1 2 1 2 23 3 15 36 13 35
split_gain=0.436703 0.785784 0.606388 0.456873 0.196176 0.24932 0.351948 0.242541 0.207712 0.216292 0.192021 0.190336 0.184211 0.168099 0.144892 0.141417 0.134007 0.132969 0.101482 0.100038 0.0879861 0.0832938 0.0794289 0.0794147 0.0654558 0.0632428 0.0564439 0.0440713 0.0421038 0.0397704
threshold=5.5000000000000009 12.500000000000002 2.4965913171622796 29773.365000000002 0.059714795008912663 17.402025462962964 15.925949074074076 21.500000000000004 614.00000000000011 1.0000000180025095e-35 1.0000000180025095e-35 2.5000000000000004 614.00000000000011 5.5000000000000009 0.29705882352941182 856.05000000000007 14341.955000000002 1.5000000000000002 2.0870370370370375 65.950000000000017 4.6763643659302874 8.8199967649303783 4.6763643659302874 0.74625160907173338 16.889502314814816 3.4357288626039613 52007.000000000007 236.25000000000003 10.500000000000002 1.0000000180025095e-35
decision_type=2 2 2 2 2 2 2 2 2 2 2 2 2 2 2 2 2 2 2 2 2 2 2 2 2 2 2 2 2 2
left_child=2 11 12 10 5 6 8 -8 18 20 -3 16 23 -14 26 22 -2 25 24 -18 -10 -11 -15 -1 -5 -7 -6 -22 -4 -24
right_child=1 3 28 4 14 17 7 -9 9 21 -12 -13 13 15 -16 -17 19 -19 -20 -21 27 -23 29 -25 -26 -27 -28 -29 -30 -31
leaf_value=-0.0080597470663344526 0.0016483980384583261 -0.023871440932685048 0.01715888709435948 0.018541961203680169 0.02283400813640634 -0.020261696841272256 0.025946860803177731 -0.0082480710385787592 0.0039451380808192436 -0.0057022419878545241 0.0053909215382909924 -0.0028986086084311505 0.002173532610003805 0.002240525390518007 -0.005553455539913054 0.0040326320304683192 0.039987354754540495 0.0067193821493986231 -0.0059757318022782982 0.001288376777734346 -0.02262673530193782 0.01319804029776922 -0.031041785488320695 0.0090250562183650761 -0.0031085279078294039 0.0029545433983606357 -0.0014919447685812954 0.0013913724517894931 -0.00033270542338128921 0.0011990707286553505
leaf_weight=0.24816711454514306 0.39860116376803478 1.0438592473310544 1.0945540363863981 0.63190739835408782 1.6967800653656016 0.93746880473190664 1.4237166961738692 0.15528608161366708 0.084113494958728885 0.26345143742946664 0.34228171434369858 0.2363051154243293 0.44789435047277981 0.059773849670819224 0.18648765277248447 0.11405098548129888 1.6830932948942061 0.16398225857847126 0.19618695735698566 0.25081703780779196 1.2433044111639899 0.39230653585400432 1.8490664125074543 0.54554226880100032 0.12307752796914428 0.075417007319629192 0.13289042362157477 0.087571809293876757 0.36684700457044517 0.023952847346663364
leaf_count=473 1018 5958 124 102 346 4442 599 24 6 84 145 568 346 33 345 24 897 49 254 694 3521 27 13295 313 47 5 105 237 66 1
internal_value=0 0.0102199 -0.00657828 0.00222677 0.00730303 0.00161166 0.0069955 0.0206898 -0.00352511 -0.0110062 -0.0174146 0.0301566 -0.0170947 -0.0220899 0.0176711 -0.02637 0.0333703 -0.0129809 0.0100553 0.0371182 -0.0186206 0.00674689 -0.0289273 0.00216796 0.0152524 -0.017924 0.0211643 -0.0211274 0.0144168 -0.0303556
internal_weight=0 11.7489 4.74985 9.18009 7.79395 5.77779 4.60092 1.579 3.02192 2.07075 1.38614 2.56882 3.28845 2.49474 2.01616 2.04684 2.33251 1.17687 0.951172 1.93391 1.41499 0.655758 1.93279 0.793709 0.754985 1.01289 1.82967 1.33088 1.4614 1.87302
internal_count=34148 19473 14675 16296 10193 9397 4901 623 4278 3875 6103 3177 14485 13699 796 13353 2609 4496 403 1591 3764 111 13329 786 149 4447 451 3758 190 13296
is_linear=0
shrinkage=0.05


Tree=163
num_leaves=31
num_cat=0
split_feature=36 15 0 37 34 33 37 22 36 0 38 3 22 14 3 14 3 15 15 23 32 12 23 33 12 3 38 38 14 0
split_gain=0.589364 0.818138 0.555032 0.554299 0.415452 0.385219 0.333081 0.399279 0.28429 0.28134 0.237225 0.22808 0.222707 0.209089 0.169263 0.144793 0.12793 0.102052 0.0881847 0.0859328 0.0727584 0.0695694 0.0650029 0.0631243 0.0622713 0.0597009 0.0522418 0.0437044 0.0435307 0.0394589
threshold=59.45000000000001 80277.500000000015 2676.8050000000007 93.750000000000014 1.0000000180025095e-35 1.0000000180025095e-35 767.50000000000011 1.0000000180025095e-35 45.250000000000007 2013.9800000000002 0.27214387035758764 2.8025866982932452 1.0000000180025095e-35 466359.55500000005 2.0821601211680192 12205.340000000002 -2.3083771779771443 17249.000000000004 482.50000000000006 33.176452546296304 0.057983193277310933 108348.12500000001 1.0000000180025095e-35 1.0000000180025095e-35 8667.3100000000031 2.0064716797994779 0.0047210179234691068 0.12210810793820352 356451.57500000007 10404.465000000002
decision_type=2 2 2 2 2 2 2 2 2 2 2 2 2 2 2 2 2 2 2 2 2 2 2 2 2 2 2 2 2 2
left_child=1 3 16 5 10 12 7 13 9 15 -4 28 18 19 20 -5 -3 -7 25 -2 26 -20 -14 -9 27 -1 -10 -17 -11 -12
right_child=6 2 4 8 -6 17 -8 23 14 11 29 -13 22 -15 -16 24 -18 -19 21 -21 -22 -23 -24 -25 -26 -27 -28 -29 -30 -31
leaf_value=-0.007938177771495334 -0.028910992494755774 0.0098103088520418054 0.063463260319253839 -0.0028659269749660922 -0.0019618197771027429 0.016320083994914313 0.014257580585219249 -0.0026774578332739128 0.0030406361368069722 -0.013518562506741043 -0.0028076904739339449 0.014592324346010833 -0.0051066016195475345 0.0050163947149392913 0.011658919278653533 -0.00049913511109296734 -0.012577231749970967 -0.0042168874201654041 -0.027942129473380185 -0.0017134527631828258 0.0035942516248199797 0.0012677859974035985 0.01172762432937443 0.014907458635695817 0.0020680399171920496 0.007177429407727292 -0.017436534772955051 0.034536552948547072 0.0024177746283066382 0.011811785138942852
leaf_weight=0.562342007997361 1.6546850471913792 0.25356899238249764 0.79777901538182028 0.16545149986450303 0.31679625927245059 0.87712134188041069 0.64582237013019028 0.38785783079947567 0.060954096596105733 0.66266146220732458 0.22368508581530477 0.81160925996664446 0.267439902301703 0.33700007200422977 0.43139653953403456 0.062637421646287161 0.34246989046732712 0.39504172991837549 1.3278398955771988 0.474516169329945 0.28421690194227267 0.13133917994491628 0.29381681990344077 0.44855120938154869 0.30855880002491165 0.16762432968243957 0.73598956839123275 2.0220501812200382 0.22231281620406662 0.35687196996332204
leaf_count=640 12076 53 337 560 279 567 178 230 7 1049 270 62 156 225 58 134 2258 671 8025 2656 145 96 36 56 259 9 1704 1024 97 87
internal_value=0 0.0145026 0.0363136 0.00650602 0.0460463 -0.00680509 -0.00631017 -0.0127111 0.0154232 0.0209543 0.0532659 0.00256401 -0.0157133 -0.0209362 -0.00228426 0.0290013 -0.00287377 0.0108936 -0.021207 -0.0253343 -0.0107766 -0.0258666 0.00557313 0.00973546 0.0313997 -0.00232467 -0.0150498 0.0336633 -0.0103564 0.0079664
internal_weight=0 12.0816 2.29117 9.7904 1.69513 4.02257 3.94843 3.30261 5.76784 4.25528 1.37834 1.69658 2.7504 2.4662 1.51256 2.5587 0.596039 1.27216 2.18915 2.1292 1.08116 1.45918 0.561257 0.836409 2.39325 0.729966 0.796944 2.08469 0.884974 0.580557
internal_count=34004 18583 3284 15299 973 10200 15421 15243 5099 3185 694 1208 8962 14957 1914 1977 2311 1238 8770 14732 1856 8121 192 286 1417 649 1711 1158 1146 357
is_linear=0
shrinkage=0.05


Tree=164
num_leaves=31
num_cat=0
split_feature=13 34 12 14 24 33 12 12 12 38 15 45 14 21 14 15 37 39 23 10 30 0 30 30 0 0 14 36 13 11
split_gain=0.705229 0.63204 0.572081 0.769627 0.424609 0.371022 0.335963 0.367801 0.31932 0.240969 0.181164 0.169816 0.16628 0.165363 0.143848 0.133096 0.124224 0.11834 0.112238 0.107291 0.10169 0.0812221 0.0937784 0.0736794 0.0718755 0.0706423 0.0699995 0.0689874 0.0678519 0.0629195
threshold=11.500000000000002 1.0000000180025095e-35 6107.5550000000012 10008.715000000002 1.5000000000000002 1.0000000180025095e-35 6253.3750000000009 8952.8150000000023 130343.04500000003 0.017733858832087983 29531.000000000004 1.0000000180025095e-35 104142.41 20.097858796296297 300907.25500000006 177357.00000000003 562.85000000000002 1.0000000180025095e-35 7.9839583333333346 9040.1100000000024 5.5000000000000009 106.38000000000001 19.500000000000004 9.5000000000000018 8425.6500000000033 1212.7500000000002 161448.52000000005 21.150000000000002 18.500000000000004 2.5000000000000004
decision_type=2 2 2 2 2 2 2 2 2 2 2 2 2 2 2 2 2 2 2 2 2 2 2 2 2 2 2 2 2 2
left_child=1 2 3 20 5 6 14 25 19 -5 29 15 -4 -3 16 23 17 -2 -12 21 -1 -9 -23 -11 -10 -8 -21 -15 -27 -7
right_child=4 13 12 9 -6 10 7 8 24 11 18 -13 -14 27 -16 -17 -18 -19 -20 26 -22 22 -24 -25 -26 28 -28 -29 -30 -31
leaf_value=0.0088847634432708683 -0.029676712383949651 -0.014508182183826566 -0.010489833623927858 -0.003761551039707255 0.021816545110425072 -0.0015001304396725142 -0.0024622798790640875 0.003520631894158556 -0.0043279790401266963 0.001810031723331983 0.0076724128412779084 -0.0018238304622862805 0.011901639343171382 -0.0055486420061443232 0.0049579250297158168 -0.00042562456954471205 0.003281852128568857 0.0027353572978000701 -0.012327673713419657 0.0085573490873434958 -0.010402479513226587 -0.025381446954224673 0.0001703696666424361 0.055057699538711938 0.016815083749753292 -0.0026972817808900637 -0.0072713146312026362 0.012494311923622201 0.022170332179698386 0.020200169104078167
leaf_weight=0.253816423995889 1.7879422068053799 0.78890263351968293 0.77463985011127057 0.080983102543541796 0.9451780358867844 0.23783069593628203 0.19479976360889828 0.075244988362101917 0.091666952124796697 0.13735744466430455 0.38210741060174758 0.085650607918068888 0.55615919344199938 0.11791510621333146 0.13109284454003489 0.10277795849106031 0.15198163060631475 0.13666143390037166 0.56778633196518058 0.32735008339295735 0.57241315220198885 1.4536093804272239 0.40510911855199072 2.1493495963350142 0.44381607276955037 0.089217324497440131 0.47561536457033071 0.54852869358546741 0.85704497617552988 1.290027743538303
leaf_count=72 10537 2549 1340 651 380 535 721 26 65 280 238 422 288 244 92 172 153 284 780 146 3775 4370 504 1823 92 547 385 869 639 923
internal_value=0 0.021039 0.0286404 0.0373594 0.000461704 -0.00369723 -0.00958083 -0.000513103 -0.00891045 0.0475066 0.0102592 0.0497837 -4.06862e-05 -0.00521671 -0.0218972 0.0516259 -0.024653 -0.0272269 -0.00447361 -0.0154197 -0.00285678 -0.0198541 -0.0217009 0.0533831 0.0127342 0.0164831 0.000348833 0.00788799 0.0196445 0.0175651
internal_weight=0 6.16849 4.71315 3.38235 10.0441 9.0989 6.62115 4.41347 3.27241 2.55612 2.47775 2.47514 1.3308 1.45535 2.20768 2.38948 2.07659 1.9246 0.949894 2.73693 0.82623 1.93396 1.85872 2.28671 0.535483 1.14106 0.802965 0.666444 0.946262 1.52786
internal_count=33902 12485 8823 7195 21417 21037 18561 7495 5588 3348 2476 2697 1628 3662 11066 2275 10974 10821 1018 5431 3847 4900 4874 2103 157 1907 531 1113 1186 1458
is_linear=0
shrinkage=0.05


Tree=165
num_leaves=31
num_cat=0
split_feature=15 19 32 34 21 5 0 24 3 0 3 32 0 15 17 10 15 14 45 12 0 15 36 23 3 37 22 37 17 3
split_gain=0.922193 0.538905 0.625851 0.53556 0.504669 0.799037 0.585508 0.49389 0.468937 0.276039 0.232703 0.176149 0.16127 0.157491 0.153332 0.137894 0.126983 0.116098 0.108086 0.104372 0.101574 0.0960188 0.0737372 0.0714595 0.0601509 0.0532768 0.0401448 0.03896 0.0378861 0.0364901
threshold=96571.500000000015 0.027800925925925927 0.036038961038961044 1.0000000180025095e-35 -1.0000000180025095e-35 1.0000000180025095e-35 106.38000000000001 1.5000000000000002 0.80203339531218354 3750.3550000000005 2.0064716797994779 0.23303167420814483 2799.5800000000004 758.50000000000011 4.5000000000000009 21695.500000000004 62525.000000000007 31582.470000000005 1.0000000180025095e-35 9949.1150000000016 29395.065000000006 165.50000000000003 45.250000000000007 1.0000000180025095e-35 -2.6028089179770437 666.85000000000014 1.0000000180025095e-35 232.15000000000001 7.5000000000000009 -3.2337409725332322
decision_type=2 2 2 2 2 2 2 2 2 2 2 2 2 2 2 2 2 2 2 2 2 2 2 2 2 2 2 2 2 2
left_child=1 4 7 8 5 6 -1 10 29 12 25 17 -10 -12 -7 -8 18 -4 21 -19 -11 -6 -20 28 -5 -3 -9 -18 -23 -2
right_child=3 2 11 24 16 14 15 26 9 20 13 -13 -14 -15 -16 -17 27 19 22 -21 -22 23 -24 -25 -26 -27 -28 -29 -30 -31
leaf_value=0.014279171133203861 0.0054418866904192217 -0.033246272799270685 -0.0057218558707210453 0.0054675664587586804 -0.002371728607576019 -0.0022518148333877403 -0.031238868769844691 -0.0029258519912932928 -0.001949500242374916 -0.0074951405417685961 0.011113627007952209 -0.0091509986274047588 0.062448437798112488 -0.012348163806015224 0.023510447833065863 0.0019817123711259083 -0.0071972452386203428 0.022919053919321763 -0.0091501341313298696 -0.0006293011945552278 0.013275813038828519 0.0085082196438321638 0.0083754617395780228 0.031472228213465757 -0.011377552133498718 0.00083828888701151835 0.014383825475991749 0.0056890392266356728 -0.004219066573343918 -0.0070166432655976406
leaf_weight=0.42480105069262242 0.11783009567443514 2.3397734822137877 0.14764874666070715 0.11678483821015107 0.1261637285133469 0.56163716298760835 1.7664271508183444 0.062086116755381116 0.040529086458263697 0.20790269047756738 0.39065619870234503 0.31173507337371109 0.66489712740440154 0.48468977619450015 1.2237261976115403 0.22342426364775736 0.2697365511303359 1.1237396432679814 0.17868643442125165 0.53739738199328702 0.3265894091782684 0.47547202881469308 0.223986686905846 1.9121474954772564 0.37432325078225392 0.068611992639489361 0.39668907958548516 0.13520093091210583 0.20046895719133317 0.32704515997102257
leaf_count=168 10 20959 787 9 69 13 4501 308 251 213 35 872 88 446 47 35 176 452 61 483 26 80 96 545 967 163 55 38 8 2136
internal_value=0 0.000786463 -0.00974769 0.0307759 0.00898536 -0.00286275 -0.0186404 -0.0202498 0.0399552 0.0493321 -0.0263829 0.00933698 0.0597749 -0.00153463 0.0175073 -0.0280936 0.0206233 0.0146469 0.0233028 0.0179272 0.00557719 0.0259728 -0.000380477 0.0276305 -0.00639145 -0.0323142 0.0116414 -0.00190784 0.0044684 -0.00223431
internal_weight=0 13.5849 5.86303 2.1759 7.72188 4.20002 2.41465 3.74251 1.68479 1.23992 3.28373 2.12052 0.705426 0.875346 1.78536 1.98985 3.52186 1.80879 3.11693 1.66114 0.534492 2.71425 0.402673 2.58809 0.491108 2.40839 0.458775 0.404937 0.675941 0.444875
internal_count=34097 30397 24560 3700 5837 4764 4704 21966 2724 578 21603 2594 339 481 60 4536 1073 1722 859 935 239 702 157 633 976 21122 363 214 88 2146
is_linear=0
shrinkage=0.05


Tree=166
num_leaves=31
num_cat=0
split_feature=36 15 0 45 14 37 6 38 19 21 15 0 32 19 0 15 13 30 20 32 37 24 21 11 3 37 36 2 13 13
split_gain=0.69908 0.937466 0.541674 0.368227 0.396645 0.351354 0.273902 0.244112 0.218925 0.317019 0.263852 0.184649 0.16944 0.181481 0.166858 0.159018 0.147315 0.134399 0.113216 0.109618 0.0976408 0.0925364 0.0908243 0.0835778 0.0730777 0.0723578 0.054991 0.0489578 0.0461635 0.0450448
threshold=59.45000000000001 93744.500000000015 2676.8050000000007 1.0000000180025095e-35 13540.130000000003 767.50000000000011 1.0000000180025095e-35 2.9674897060337968 0.027800925925925927 11.027870370370371 17249.000000000004 106.38000000000001 0.036038961038961044 14.810335648148149 3750.3550000000005 25506.000000000004 11.500000000000002 10.500000000000002 1.0000000180025095e-35 0.21583850931677021 103.35000000000001 2.5000000000000004 17.232905092592596 9.5000000000000018 -2.6028089179770437 213.35000000000005 16.450000000000003 4.8000462868304981 6.5000000000000009 11.500000000000002
decision_type=2 2 2 2 2 2 2 2 2 2 2 2 2 2 2 2 2 2 2 2 2 2 2 2 2 2 2 2 2 2
left_child=1 3 24 4 -1 6 7 20 10 -10 18 -5 13 22 -4 -8 -15 29 -6 26 -2 -22 -11 28 -3 -19 -14 -16 -20 -12
right_child=5 2 14 11 8 -7 15 -9 9 12 17 -13 19 16 27 -17 -18 25 23 -21 21 -23 -24 -25 -26 -27 -28 -29 -30 -31
leaf_value=-0.015139480903317924 0.0024187120082081147 0.0073432476337098145 0.059159147882979705 0.0078441029705487234 -0.0036669805273697263 0.013389343606005313 0.012836148026506469 0.0075911246271321009 -0.015267776341588128 -0.0038796753899244052 -0.003506672865534053 -0.020949345399526906 -0.0021514800013857347 0.0069580909903253748 -0.0050566075968549035 -0.010923269843557045 -0.015773469203965055 -0.014769765801735397 -8.6250600589016951e-05 -0.0044223709388090419 -0.029315550738177956 0.0028676753069769418 0.017065721250795324 -0.0016333828812361219 -0.010201039348245266 0.0047770706218592919 0.022902515522105094 0.010235547493467022 0.029902022812038444 0.01343609739627012
leaf_weight=0.57946661656569709 0.12827302519508554 0.17988076537585573 0.76353288081372717 0.19948046322315427 0.078641979853271926 0.66228617964952707 0.76885187112748077 0.19998236516039458 0.70258401856153785 0.31146188909588168 0.0722416751887065 0.76578801301548083 0.063398331694770493 0.40255494240045653 0.11166832319395326 0.23964111191162374 1.0080889047003436 0.50534008150862064 0.1268705309503283 0.13124958112894081 1.9757553575273052 0.060450790333561488 0.58560488761941087 0.12796260834147677 0.26267196699518447 0.13017744418175425 1.4817964520152598 0.28319384195492603 2.8042695815984189 0.45489613785684924
leaf_count=3400 492 21 174 67 604 188 142 58 2187 859 48 2788 187 721 414 61 3596 523 65 197 14496 12 87 39 1514 16 305 22 553 200
internal_value=0 0.0142052 0.0413794 0.00684437 0.01008 -0.00812979 -0.0144507 -0.0215062 0.0130592 0.00415177 0.0201521 -0.0140354 0.00995248 1.69365e-05 0.0518172 0.00456278 -0.00909111 -0.000483876 0.0260674 0.0185129 -0.0257439 -0.0277303 0.0115818 0.0275469 -0.00292288 -0.0102931 0.0214331 0.00538614 0.0289123 0.0103384
internal_weight=0 12.1328 1.60095 10.5319 9.56661 4.03524 3.37295 2.36446 8.98714 4.68674 4.3004 0.965268 3.98415 2.30771 1.1584 1.00849 1.41064 1.16266 3.13774 1.67644 2.16448 2.03621 0.897067 3.0591 0.442553 0.635518 1.54519 0.394862 2.93114 0.527138
internal_count=34036 18587 2145 16442 13587 15449 15261 15058 10187 8139 2048 2855 5952 5263 610 203 4317 787 1261 689 15000 14508 946 657 1535 539 492 436 618 248
is_linear=0
shrinkage=0.05


Tree=167
num_leaves=31
num_cat=0
split_feature=12 20 22 6 21 23 18 23 38 23 13 2 2 23 21 2 37 14 14 13 30 14 21 32 37 21 20 2 2 2
split_gain=0.678998 0.5726 0.426344 0.476962 0.611362 0.435049 0.358203 0.315679 0.26647 0.29026 0.194124 0.186983 0.178635 0.154909 0.152181 0.171603 0.150552 0.1479 0.155638 0.136962 0.0996007 0.0943149 0.0890122 0.0841878 0.0828546 0.0758993 0.0755203 0.0627449 0.0566765 0.0563217
threshold=348.16500000000002 1.5000000000000002 1.0000000180025095e-35 1.0000000180025095e-35 5.5592071759259269 1.0000000180025095e-35 1.0000000180025095e-35 16.64859953703704 0.74908285352010295 15.024895833333336 49.500000000000007 0.74625160907173338 1.5332945103566735 7.885422453703705 8.1814872685185218 5.7313164596176085 55.050000000000004 16185.540000000001 7687.4050000000016 13.500000000000002 4.5000000000000009 17296.435000000001 6.9529571759259268 0.10435571687840291 666.85000000000014 32.914224537037043 2.5000000000000004 19.249882541093541 0.12813749444333472 0.12813749444333472
decision_type=2 2 2 2 2 2 2 2 2 2 2 2 2 2 2 2 2 2 2 2 2 2 2 2 2 2 2 2 2 2
left_child=1 17 3 4 10 12 27 -3 9 -6 -2 20 28 -8 -10 24 -13 18 -1 26 -11 -18 -14 25 29 -23 -9 -5 -4 -16
right_child=2 7 5 6 8 -7 13 19 14 11 -12 16 22 -15 15 -17 21 -19 -20 -21 -22 23 -24 -25 -26 -27 -28 -29 -30 -31
leaf_value=-0.0069006993206755241 -0.030047621894301452 -0.0029952772008686327 0.0032154503055198702 -0.014765562527660619 -0.013152165691470034 0.029672758675670652 -0.0018605223852887175 0.054867078548196072 0.0069943456715734296 0.0073738857781313651 0.0055083226783931606 -0.0062572766516235407 -0.0056061759158094818 0.026980866029754448 0.0019235050007691816 0.006613396881940012 -0.0023031510935097323 -0.011053832869188623 0.017817149444076166 -0.0020482893931052168 -0.012451082337852359 0.026360114987313745 0.014384203889716974 -0.0027734390786479509 0.0030871462825465532 -0.0018861085417644597 -0.00059493137859790903 0.0044077102714425017 -0.017275099890566133 -0.0248805284589859
leaf_weight=0.35552578818351432 1.9103090702437824 0.19377093213188323 0.083401938434689571 0.41213247084124316 0.49335487768530617 1.4097625471767967 0.42682743145269353 0.7790307594150363 0.33702197788534238 0.27430936888413304 0.12360998312215077 0.14278959468538266 0.21165904184454121 1.3765727189020251 0.065781075390986987 0.22389409586321551 0.22077599494696221 0.42141238742988196 0.66785517904099834 0.042598875781550305 0.42127064572559902 2.0869975977057047 0.55550335374573478 0.098962967364059184 0.096238005105988012 0.11956430513055227 0.041539914927852806 0.086613945662975311 0.55957757214491721 1.2488630419938997
leaf_count=1098 8261 1000 9 336 3356 307 20 462 592 68 41 1601 33 54 25 30 1139 1388 914 285 2743 2318 96 165 55 728 315 1 309 6384
internal_value=0 0.0273949 0.00236049 -0.0027418 -0.00857657 0.016657 0.0137504 0.0443763 0.000766957 0.00788615 -0.0267834 0.0132775 -0.00326799 0.021926 -0.0111289 -0.0161018 0.0180567 0.00190212 0.0100635 0.0509106 -0.00489493 0.0208157 0.00881747 0.0230566 -0.0209544 0.0247187 0.0532748 -0.0107166 -0.0142779 -0.0232878
internal_weight=0 2.50173 12.9858 10.1659 7.86374 2.8199 2.30215 1.05694 5.82982 3.85803 2.03392 3.36467 1.41014 1.8034 1.9718 1.63478 2.66909 1.44479 1.02338 0.86317 0.69558 2.5263 0.767162 2.30552 1.41088 2.20656 0.820571 0.498746 0.64298 1.31464
internal_count=34133 5462 28671 27917 27506 754 411 2062 19204 12118 8302 8762 447 74 7086 6494 5951 3400 2012 1062 2811 4350 129 3211 6464 3046 777 337 318 6409
is_linear=0
shrinkage=0.05


Tree=168
num_leaves=31
num_cat=0
split_feature=36 12 14 22 45 37 38 6 0 0 36 36 19 3 23 38 23 23 12 9 3 14 38 14 37 37 37 30 3 19
split_gain=0.492261 0.821916 0.424415 0.298753 0.28814 0.287329 0.287301 0.325085 0.215283 0.285652 0.215058 0.217475 0.237883 0.21166 0.163582 0.155369 0.148501 0.138433 0.12742 0.120031 0.0993339 0.0907309 0.0906017 0.0836762 0.0833211 0.0804203 0.0767334 0.0745326 0.0626003 0.0616591
threshold=57.350000000000001 676.85500000000013 10625.925000000003 1.0000000180025095e-35 1.0000000180025095e-35 767.50000000000011 2.9674897060337968 1.0000000180025095e-35 3750.3550000000005 2676.8050000000007 19.550000000000004 39.550000000000004 13.743252314814816 4.641437745208993 23.261041666666671 0.30600685713706371 33.833084490740745 1.0000000180025095e-35 56364.785000000011 1.5000000000000002 -2.3083771779771443 13540.130000000003 1.6473747546946982 552762.34500000009 68.15000000000002 103.35000000000001 183.25000000000003 19.500000000000004 2.0064716797994779 30.700000000000003
decision_type=2 2 2 2 2 2 2 2 2 2 2 2 2 2 2 2 2 2 2 2 2 2 2 2 2 2 2 2 2 2
left_child=1 2 27 4 10 6 7 25 9 20 13 12 15 23 -9 -12 -14 26 19 24 -4 -17 -23 -3 -13 -2 -5 -1 -10 -18
right_child=5 3 8 17 -6 -7 -8 14 28 -11 11 18 16 -15 -16 21 29 -19 -20 -21 -22 22 -24 -25 -26 -27 -28 -29 -30 -31
leaf_value=-0.010920435657523923 0.0017737178852067993 -0.021543180678314629 0.012435527816487551 -0.0067580705067421844 -0.020639483318283691 0.011735316882521028 0.011510290330886257 -0.0093212224789048833 -0.0067651128594182781 0.057241127260232477 -0.0037133658221657944 0.0039281869194066109 -0.014627423380891373 0.0089807578215009894 0.014973637123178297 -0.0033434958999853863 0.013098262797558411 0.024661429148950892 0.0086334121434621779 0.0052251758362090433 -0.007937376766144642 0.027140930479455219 -0.001934276245034512 0.0032080608424678043 -0.018920465209832482 -0.027297304319513879 0.0095323269945773101 0.0068658217701204746 0.0094365259486642421 -0.0048763884619898419
leaf_weight=0.26877312865872172 0.13115945028767084 0.91779443844097641 0.32546054594422458 0.64709149073314598 0.63762747255168495 0.7042676110031606 0.31042694385905623 0.41169291085680004 0.15327125588919432 0.76398526902630692 0.34096479459913176 0.12572031872696277 0.46945051037437213 0.34965882275719185 0.45457335214450723 0.071212588156413736 0.34093115991709055 0.94597417043405585 0.45337862629821746 0.41671245371253451 0.19678558129817225 1.9147835070561998 0.1553419619485793 0.13256581604218809 1.0346927470891385 2.0612007070130858 0.29117279092315584 0.19941500966706371 0.3426496144165867 0.10692064185423078
leaf_count=1434 576 5709 64 241 2508 193 64 107 434 179 418 64 1256 12 93 303 100 229 101 117 1226 737 88 32 2322 14841 17 163 49 373
internal_value=0 0.0112575 0.0329822 0.00334884 -0.00171239 -0.00746081 -0.0132411 -0.0179703 0.0405527 0.0472201 0.0024648 0.00697668 0.0134071 -0.0106504 0.00461968 0.0196175 -0.00486526 0.0170469 -0.00466098 -0.0103498 0.0045876 0.023332 0.0250398 -0.0183783 -0.0157726 -0.0255473 0.0006071 -0.00382825 0.00325414 0.00840286
internal_weight=0 11.6023 2.25034 9.35199 7.46776 4.07332 3.36905 3.05863 1.78215 1.28623 6.83013 5.43011 3.39961 1.40002 0.866266 2.4823 0.917302 1.88424 2.0305 1.57713 0.522246 2.14134 2.07013 1.05036 1.16041 2.19236 0.938264 0.468188 0.495921 0.447852
internal_count=34050 18176 3549 14627 14140 15874 15681 15617 1952 1469 11632 5879 3275 5753 200 1546 1729 487 2604 2503 1290 1128 825 5741 2386 15417 258 1597 483 473
is_linear=0
shrinkage=0.05


Tree=169
num_leaves=31
num_cat=0
split_feature=36 12 14 13 0 37 16 14 3 15 15 21 12 0 37 19 36 19 21 30 0 15 37 38 2 0 15 38 2 12
split_gain=0.655399 0.655613 0.587116 0.450524 0.469179 0.356622 0.355072 0.293283 0.258051 0.242322 0.165928 0.145827 0.15464 0.143168 0.128213 0.126825 0.121164 0.118769 0.106952 0.104875 0.0742684 0.0707716 0.0670251 0.065007 0.0636742 0.0481558 0.0438556 0.0430503 0.0429244 0.038549
threshold=60.050000000000004 6334.2650000000012 10625.925000000003 11.500000000000002 3750.3550000000005 92.350000000000009 3.5000000000000004 29773.365000000002 1.3582783326291494 829.50000000000011 182.50000000000003 11.027870370370371 23914.870000000006 23218.055000000004 43.050000000000004 6.4836111111111121 56.350000000000001 0.90694444444444455 7.9035879629629635 19.500000000000004 1179.9500000000003 182.50000000000003 223.05000000000004 2.9674897060337968 4.8000462868304981 1313.4450000000004 177357.00000000003 0.48258202456526905 4.8000462868304981 171661.18500000003
decision_type=2 2 2 2 2 2 2 2 2 2 2 2 2 2 2 2 2 2 2 2 2 2 2 2 2 2 2 2 2 2
left_child=1 2 19 4 10 13 9 -7 23 21 -4 12 27 -5 -12 -13 22 20 -9 -1 -8 -3 -11 29 25 -19 -16 -10 -6 -2
right_child=8 6 3 5 28 7 17 18 11 16 14 15 -14 -15 26 -17 -18 24 -20 -21 -22 -23 -24 -25 -26 -27 -28 -29 -30 -31
leaf_value=-0.015069987813462317 -0.024078401438892744 -0.0061412732947908454 -0.0017893293285605476 -0.014898835126254624 -0.0084826472414223485 -0.0067436628760703613 -0.0017615342498812994 -0.0011072025587856998 0.00043983180832427265 -0.022234891349148356 -0.0019382660089384233 0.016917913545288529 0.0075754983158506277 0.0082358683800142201 0.053142792438674417 -0.0067471670330596966 0.0050034274533326522 0.0035540122348241784 0.029245004581391315 0.0062785034525610827 0.022506868088221884 0.010550877181414297 0.0024119934623028781 0.0026364251779872599 0.007837358600882768 -0.011548660616164233 -0.00017077402483527311 -0.01857034406135882 0.0052057331564938645 0.0012020933354497051
leaf_weight=0.56907001611034314 1.1441080804142996 0.1801406177619358 0.087067222666519561 0.82708672647095249 0.19858415265480278 0.43019227333388732 0.21388098788156662 0.24678272783057753 0.31409801340487342 1.7460432711850447 0.040322929429748799 0.83584442193023256 0.48777138215518789 0.2707035292260116 1.7911811812391532 0.18767735379151418 0.1526263110081344 0.25729998301176227 1.6009497709601417 0.2225770716486295 0.91605312148385565 0.88270404069226061 0.10398614595032984 0.067409480772766872 0.24975257128244266 0.41916168036004819 0.032632190373988013 0.51954070581268752 0.19279621081295772 0.063544351902237284
leaf_count=3319 13772 163 78 4325 523 1287 168 224 230 3649 696 81 53 41 1147 780 122 409 712 350 215 228 39 45 25 863 82 283 26 44
internal_value=0 0.0135689 0.0229761 0.0280605 0.0419542 0.0110344 -0.00018812 0.0198417 -0.00884388 -0.00984171 0.0488591 0.00199568 -0.00705166 -0.00798751 0.0510235 0.0113887 -0.0175272 0.0127153 0.0262259 -0.00891354 0.0192429 0.00611612 -0.0204893 -0.0208935 -0.00110382 -0.00711078 0.0524662 -0.0150741 -0.0028445 -0.0228062
internal_weight=0 11.6316 6.50995 5.7183 2.34258 3.37572 5.12165 2.27792 3.61999 3.0655 1.9512 2.34493 1.32141 1.09779 1.86414 1.02352 2.00266 2.05615 1.84773 0.791647 1.12993 1.06284 1.85003 1.27506 0.926214 0.676462 1.82381 0.833639 0.39138 1.20765
internal_count=33979 18691 12810 9141 2552 6589 5881 2223 15288 4201 2003 1427 566 4366 1925 861 3810 1680 936 3669 383 391 3688 13861 1297 1272 1229 513 549 13816
is_linear=0
shrinkage=0.05


Tree=170
num_leaves=31
num_cat=0
split_feature=3 3 0 0 3 30 12 22 23 30 13 37 10 14 3 23 23 37 20 36 38 3 30 14 24 0 38 38 15 13
split_gain=0.552922 0.771473 0.659818 0.555133 0.418868 0.36078 0.250895 0.304519 0.32043 0.215714 0.213755 0.15793 0.143618 0.127153 0.109283 0.0965793 0.095983 0.0951459 0.0876552 0.0873745 0.0712998 0.0644008 0.0617826 0.060215 0.0600476 0.0422888 0.038072 0.0338607 0.0315467 0.0314974
threshold=0.58582827101377133 -1.7021190208573007 3818.1050000000005 2572.9050000000002 1.3837656997793986 19.500000000000004 35354.160000000011 1.0000000180025095e-35 34.427575231481491 7.5000000000000009 11.500000000000002 767.50000000000011 7300.630000000001 29174.240000000002 2.1834855719553268 25.156313657407413 15.436921296296299 93.750000000000014 1.0000000180025095e-35 57.850000000000001 0.68541035399701178 1.1330830612240095 4.5000000000000009 98214.710000000021 2.5000000000000004 1212.7500000000002 0.70902430493345459 1.4326951057975696 264005.00000000006 44.500000000000007
decision_type=2 2 2 2 2 2 2 2 2 2 2 2 2 2 2 2 2 2 2 2 2 2 2 2 2 2 2 2 2 2
left_child=1 17 3 13 10 9 7 8 11 26 -5 12 22 -2 -9 -6 -7 -1 -8 -19 -10 -20 -4 -23 -11 -18 -3 -25 29 -24
right_child=2 5 6 4 15 16 18 14 20 24 -12 -13 -14 -15 -16 -17 25 19 21 -21 -22 23 28 27 -26 -27 -28 -29 -30 -31
leaf_value=-0.0015629237351604435 -0.011433266511654263 -0.0060740603968083345 0.0011374200229926363 0.055443603887049026 -0.0087735815896443515 -0.0075313613199162049 -0.0050996261217864719 -0.0056373411997439676 -0.0040002592386841375 -0.030710942929442427 -0.0022164854325606139 0.0055761351097976461 0.0041418838203732709 0.0092858553395383358 0.018137678258261628 0.010533238396490029 -0.0027907283316699494 0.023286406834323412 -0.0034524246624934893 -0.0035482320162462766 0.014511515400020519 -0.0019427042737962096 -0.026895051134235955 0.021038344210398106 0.0018004321276217394 0.014493109291779122 0.0055800437076340761 -0.00072763772402303234 0.00060051808629883524 0.0010756131883447124
leaf_weight=0.44470297700900019 0.48408877647670889 0.40564436336171894 0.14443692651548357 0.96881059142469872 0.28423707795445796 0.18894138450923481 0.1106492995913867 0.14288250870595209 0.2649666228389832 2.2238270128027584 0.093809436464653118 0.23497757480799908 0.21903070555526927 0.49317286599398358 0.71912452328251675 0.32601266586061683 0.096237726897015818 1.1037754812587079 0.080073096369232988 0.076324716075759969 0.51105382038986136 0.17336781332051021 2.0321259604525048 1.5119218954405367 0.036948899505659827 0.59823315551875567 0.40056105210351234 0.12212524471033237 0.067412621123366878 0.026601234858389833
leaf_count=707 3382 640 63 389 387 971 42 52 306 19148 604 37 87 664 86 210 703 447 211 834 172 28 2363 254 5 689 368 33 54 15
internal_value=0 -0.00666147 0.0121595 0.0291307 0.0409423 -0.0175164 0.00209173 -0.00465467 -0.0110428 -0.0240627 0.0517466 -0.0178723 -0.0210491 -0.00156914 0.0132857 0.00167666 0.00591996 0.0163488 0.013461 0.0207194 0.00949735 0.0159384 -0.0240026 0.0177212 -0.0297904 0.0118645 -0.000400163 0.0197529 -0.025528 -0.0263001
internal_weight=0 5.5752 9.01088 2.65013 1.67287 3.95039 6.36075 4.36261 3.50061 3.06698 1.06262 2.72459 2.48961 0.977262 0.862007 0.61025 0.883412 1.6248 1.99814 1.1801 0.77602 1.88749 2.27058 1.80741 2.26078 0.694471 0.806205 1.63405 2.12614 2.05873
internal_count=33951 24512 9439 5636 1590 22524 3803 3235 3097 20161 993 2619 2582 4046 138 597 2363 1988 568 1281 478 526 2495 315 19153 1392 1008 287 2432 2378
is_linear=0
shrinkage=0.05


Tree=171
num_leaves=31
num_cat=0
split_feature=33 2 14 37 39 36 14 37 45 2 24 13 15 36 30 36 24 19 13 36 18 17 19 37 14 36 6 10 14 30
split_gain=0.521819 0.531301 0.334773 0.249436 0.236057 0.223203 0.229415 0.288546 0.167819 0.157974 0.139401 0.121571 0.0911174 0.187388 0.0716585 0.0654066 0.0593609 0.0567079 0.0414095 0.0410745 0.03813 0.0362834 0.0461238 0.0312409 0.0294354 0.0248616 0.0202793 0.0187274 0.0185502 0.0175305
threshold=1.0000000180025095e-35 1.624304152304858 552762.34500000009 69.15000000000002 1.0000000180025095e-35 25.350000000000005 30499.280000000002 562.85000000000002 1.0000000180025095e-35 2.7962566456686622 1.5000000000000002 34.500000000000007 43635.000000000007 30.350000000000005 16.500000000000004 10.850000000000003 1.5000000000000002 32.745989583333341 12.500000000000002 285.65000000000003 1.0000000180025095e-35 8.5000000000000018 5.77388888888889 37.850000000000001 37624.17500000001 133.75000000000003 4.5000000000000009 5532.0800000000008 245686.04000000001 21.500000000000004
decision_type=2 2 2 2 2 2 2 2 2 2 2 2 2 2 2 2 2 2 2 2 2 2 2 2 2 2 2 2 2 2
left_child=1 2 4 16 10 14 7 27 12 24 -1 21 17 18 -5 -10 26 19 -14 23 -4 22 28 -2 -8 -15 -3 -7 -11 -26
right_child=8 3 20 5 -6 6 9 -9 15 11 -12 -13 13 25 -16 -17 -18 -19 -20 -21 -22 -23 -24 -25 29 -27 -28 -29 -30 -31
leaf_value=-0.027267297377037637 0.0017913157924264803 -0.017182872792078498 -0.0025591287675827907 0.024418996946703114 0.0059176342604006262 -0.021331606041215034 0.0027974338175732368 0.010646551550213792 0.0057841403233116146 0.0094454624656029156 0.0033255878224273563 -0.0064344525326679022 0.016570744741435744 -0.011293463021473917 -0.0021778521338445245 -0.010883878801368978 0.003655877220045635 -0.0023588404438922897 -0.0018502165875492573 -0.0016844905811318354 0.014056443900017805 0.020698125261654654 -0.0057190043360950968 0.025280930086906291 -0.0120289889987585 0.0019170234938624569 0.0012379813451916133 0.0008484236936222297 -0.0016151448375822015 0.0015175993112520659
leaf_weight=2.9418287110102024 0.31619413922453743 0.59599084448927886 0.11443382251673018 1.0404695157012609 0.33001575875277911 0.94332973263408326 0.1127297632647245 0.40720677701028762 0.21990654255932884 0.6438283092484206 0.18810092513376719 0.14315284798431083 0.70074408180516889 0.57858559937631071 0.11399483334389504 0.34823426537150226 0.086602684641547967 0.048988594558977527 0.14756509918515803 0.033991937722021137 0.23342424099246273 1.2060058792703783 0.15007823582891433 2.213818048747271 0.311347774873866 0.1318175309097569 0.024728154763579369 0.021973795428493759 0.16038942310842685 0.045634568134119036
leaf_count=21773 355 1680 180 290 632 2518 218 68 209 103 349 51 332 726 133 515 37 145 212 74 6 169 226 1484 1101 298 1 14 14 39
internal_value=0 -0.0043696 -0.0168842 0.00484018 -0.021449 0.00890457 0.00169072 -0.0107925 0.0143163 0.00909191 -0.0250687 0.0137371 0.017362 0.00406508 0.0220009 -0.00485792 -0.0129926 0.0219734 0.014099 0.0229697 0.0107471 0.0166868 0.00362034 0.0236843 -0.00753518 -0.00915455 -0.016138 -0.0206519 0.007567 -0.0104551
internal_weight=0 9.81527 3.8078 6.00746 3.45995 5.30014 4.14568 1.37251 4.73985 2.77317 3.12993 2.30345 4.17171 1.55871 1.15446 0.568141 0.707322 2.61299 0.848309 2.564 0.347858 2.1603 0.954296 2.53001 0.469712 0.710403 0.620719 0.965304 0.804218 0.356982
internal_count=33952 29602 22940 6662 22754 4944 4521 2600 4350 1921 22122 563 3626 1568 423 724 1718 2058 544 1913 186 512 343 1839 1358 1024 1681 2532 117 1140
is_linear=0
shrinkage=0.05


Tree=172
num_leaves=31
num_cat=0
split_feature=45 21 3 36 36 15 5 22 39 37 15 17 23 23 20 37 32 23 37 1 37 1 11 16 15 2 37 2 17 37
split_gain=0.46996 0.40705 0.390096 0.388466 0.424019 0.366711 0.209779 0.217146 0.198569 0.197542 0.182654 0.15437 0.13423 0.127347 0.119846 0.116519 0.0850415 0.0835803 0.0691301 0.0677924 0.0716379 0.0665416 0.0652586 0.0617956 0.0562009 0.0541364 0.0522419 0.0499888 0.0486369 0.044434
threshold=1.0000000180025095e-35 16.944832175925928 4.641437745208993 48.550000000000004 29.850000000000005 758.50000000000011 1.0000000180025095e-35 1.0000000180025095e-35 1.0000000180025095e-35 994.05000000000007 302.50000000000006 5.5000000000000009 20.418009259259261 16.321562500000002 2.5000000000000004 562.85000000000002 0.22474747474747478 21.809947916666669 69.15000000000002 7.9680026212197728 121.65000000000002 7.4691380760658852 5.5000000000000009 2.5000000000000004 302.50000000000006 0.12813749444333472 160.25000000000003 4.8000462868304981 4.5000000000000009 173.75000000000003
decision_type=2 2 2 2 2 2 2 2 2 2 2 2 2 2 2 2 2 2 2 2 2 2 2 2 2 2 2 2 2 2
left_child=1 2 5 4 21 12 7 25 9 -2 -6 -8 18 -5 16 22 28 -4 -1 20 -9 26 -15 -23 -20 -7 -3 -21 -12 -26
right_child=8 3 17 13 10 6 11 19 -10 -11 14 -13 -14 15 -16 -17 -18 -19 24 27 -22 23 -24 -25 29 -27 -28 -29 -30 -31
leaf_value=-0.0033905207332418116 -0.026154383046750808 -0.011169371932398755 0.023127970994934965 0.010832932980427781 -0.0021088678077961116 0.0017646010133352545 -0.0096320539241500983 -0.0052395600783959302 0.0080448269785549642 0.0057654015468144408 -0.0006051830750592801 0.013955458555855942 -0.0069438099884342949 -0.017529856607014185 -0.00175130086045712 0.0070579863727374056 -0.0017789040057788912 0.0013844136632349853 0.00026803506157291893 -0.012168166786159779 0.012197306875112198 0.011805100583552899 0.0028768970408992759 -0.0045391543088405739 0.022395436779481047 -0.026703500040750207 0.0047449548317387491 0.0040302967686932784 0.04169502095375506 -0.0015050707258730627
leaf_weight=0.14431713674275481 1.0081653979423215 0.38265431996660504 0.93863056818372548 0.3636182993177498 0.19745326101110583 0.051488958983100575 0.33183331237523805 0.25796768486179644 0.24372078789201612 0.23213496019889124 0.040496821047783071 0.56959279305010568 0.3194550833395623 0.78520187732919999 0.096102498466279829 0.24071112690035079 0.036800791764107887 0.74739500356372446 0.43795400923227124 0.35465814077178948 0.47843010352517013 0.68894400391582167 0.18302422558008402 0.23805821803762228 0.92949417877571228 1.7363667313611584 0.12894349280395545 0.14313831535400823 2.117757977815927 0.083085747051882208
leaf_count=235 5493 2131 51 321 90 20 28 96 208 31 225 37 183 5921 363 181 47 34 558 60 77 1052 518 500 170 13971 56 17 1139 95
internal_value=0 0.00973739 0.00159637 0.0189154 0.0258377 -0.00492098 -0.0127093 -0.0178143 -0.0142563 -0.0202734 0.0352794 0.00477331 0.00992527 -0.00169558 0.0381633 -0.00866207 0.039912 0.0175932 0.014678 -0.000194634 0.00658931 0.00173535 -0.0141706 0.00743041 0.0171257 -0.0255448 -0.0066728 -0.00792933 0.040961 0.0206609
internal_weight=0 13.0236 7.52381 5.49977 3.92721 5.83778 3.92348 3.02205 1.48402 1.2403 2.48861 0.901426 1.91431 1.57256 2.29116 1.20894 2.19506 1.68603 1.59485 1.23419 0.736398 1.4386 0.968226 0.927002 1.45053 1.78786 0.511598 0.497796 2.15825 1.01258
internal_count=33908 28176 15632 12544 5603 15547 14306 14241 5732 5524 1864 65 1241 6941 1774 6620 1411 85 1058 250 173 3739 6439 1552 823 13991 2187 77 1364 265
is_linear=0
shrinkage=0.05


Tree=173
num_leaves=31
num_cat=0
split_feature=17 13 17 22 16 23 14 14 45 32 23 35 2 23 20 38 9 23 2 3 11 23 3 2 23 3 38 21 17 2
split_gain=0.563977 1.28619 0.403236 0.305714 0.305422 0.296541 0.138604 0.117082 0.169983 0.110838 0.160379 0.108103 0.121422 0.0997757 0.0899354 0.0864104 0.07039 0.0693773 0.0651079 0.0624526 0.0504622 0.0451113 0.0435106 0.0646186 0.0428141 0.036711 0.0364882 0.0346072 0.0337172 0.0288164
threshold=5.5000000000000009 12.500000000000002 14.500000000000002 1.0000000180025095e-35 3.5000000000000004 1.0000000180025095e-35 73996.270000000019 15162.230000000001 1.0000000180025095e-35 0.051956815114709856 15.862008101851854 1.0000000180025095e-35 8.8199967649303783 25.156313657407413 2.5000000000000004 1.2684547321291317 1.5000000000000002 15.024895833333336 2.8601106558260896 0.18248672038546535 4.5000000000000009 31.346209490740744 0.80203339531218354 0.26943872157144344 3.3675173611111116 -1.7896011373355216 0.17778135142181586 33.190399305555566 6.5000000000000009 0.12813749444333472
decision_type=2 2 2 2 2 2 2 2 2 2 2 2 2 2 2 2 2 2 2 2 2 2 2 2 2 2 2 2 2 2
left_child=3 5 4 11 9 -2 25 -7 14 10 17 12 13 -1 20 27 -12 24 29 -4 -9 -15 23 -5 -3 -6 -24 28 -8 -11
right_child=1 2 19 22 6 7 15 8 -10 18 16 -13 -14 21 -16 -17 -18 -19 -20 -21 -22 -23 26 -25 -26 -27 -28 -29 -30 -31
leaf_value=-0.02470522606241142 -0.0039827724417118493 0.0026370819697737013 -0.001068420606212683 0.0073993306839704818 0.0041196948283594255 0.0036395392119391527 -0.0016510910132216461 0.048849659492178503 -0.0022683514876435801 0.003714813313201316 -0.023125658379388667 0.0056478766907962332 0.0020614170119671029 0.0052651693580016336 -0.00039934001744271192 -0.0039648928168282962 0.001262452649403327 0.0089228747575937368 0.0095742381776591397 0.022299044087040424 -8.5429809332968317e-05 -0.0078275507964103899 -0.001554049105907473 -0.0088154961923789191 -0.010116369312160318 -0.0088264422846871613 0.015316187092932185 -0.001803265544258416 0.020474559805479228 -0.0080035805833263522
leaf_weight=1.8020078481340553 0.23160515766903556 0.54144527924745511 0.23143632163373673 0.20155171961232532 0.13459079754466086 0.3932166677041099 0.0339909088315834 1.7762487953923485 0.094789385439071228 0.085412329732207359 1.928428751610227 0.12015281245112408 0.51197234653227486 0.43940630238648726 0.082561462277226272 0.16478684793582932 0.21817245814781916 0.26382252334315115 0.33185140847126604 0.97240847320972534 0.050146563260568544 0.23063528044531267 0.19079471788427327 0.28298549038663623 0.66115531004925288 0.54363012622434348 0.54813608420226956 0.036848541029030346 1.1177980759284762 0.6316318176468485
leaf_count=10748 57 342 385 27 166 1305 83 1179 304 13 7328 3 66 1680 282 180 221 217 60 272 57 1911 30 197 2892 2230 47 108 732 1020
internal_value=0 0.0119503 0.00055747 -0.00795729 -0.00490112 0.0365926 0.00864719 0.0405315 0.0441493 -0.0112899 -0.0146643 -0.0150664 -0.0171087 -0.0205292 0.0464417 0.0149424 -0.0210335 -0.000593172 0.00181789 0.0193603 0.0479512 -0.00122999 0.00874378 -0.00162978 -0.00578405 -0.00533338 0.0125715 0.0181775 0.0193577 -0.00525717
internal_weight=0 10.526 7.89741 4.32764 6.69357 2.62857 2.03165 2.39696 2.00375 4.66192 3.61302 3.10417 2.98402 2.47205 1.90896 1.35342 2.1466 1.46642 1.0489 1.20384 1.8264 0.670042 1.22347 0.484537 1.2026 0.678221 0.738931 1.18864 1.15179 0.717044
internal_count=34142 19433 16249 14709 15592 3184 3499 3127 1822 12093 11000 14408 14405 14339 1518 1103 7549 3451 1093 657 1236 3591 301 224 3234 2396 77 923 815 1033
is_linear=0
shrinkage=0.05


Tree=174
num_leaves=31
num_cat=0
split_feature=3 0 3 3 11 23 34 0 12 25 21 19 32 21 21 30 0 0 16 3 30 3 38 32 3 16 19 37 13 0
split_gain=0.516156 0.651788 0.534976 0.421487 0.35667 0.35616 0.322187 0.233178 0.191313 0.178224 0.173702 0.287555 0.219368 0.156133 0.168259 0.141396 0.0898421 0.075728 0.0731445 0.0626148 0.0601255 0.0585805 0.0583741 0.0568358 0.0496818 0.0479889 0.0462857 0.0421307 0.0395385 0.0385661
threshold=0.80203339531218354 3818.1050000000005 -1.7021190208573007 4.641437745208993 1.5000000000000002 28.190798611111116 1.0000000180025095e-35 2572.9050000000002 3508.9600000000005 1.0000000180025095e-35 5.2896122685185194 6.9852141203703715 0.065591397849462371 16.944832175925928 28.983298611111113 21.500000000000004 6809.0350000000008 610.0100000000001 2.5000000000000004 1.215571487446977 18.500000000000004 3.4357288626039613 1.4463686506693341 0.45643939393939398 -0.5910057845433655 5.5000000000000009 13.223767361111113 37.850000000000001 14.500000000000002 1224.8700000000001
decision_type=2 2 2 2 2 2 2 2 2 2 2 2 2 2 2 2 2 2 2 2 2 2 2 2 2 2 2 2 2 2
left_child=2 4 17 10 6 9 7 -2 -7 20 12 15 19 -10 -15 16 -12 23 -6 -3 25 -13 -5 27 28 -4 -20 -1 -22 -16
right_child=1 3 5 22 18 8 -8 -9 13 -11 11 21 -14 14 29 -17 -18 -19 26 -21 24 -23 -24 -25 -26 -27 -28 -29 -30 -31
leaf_value=-0.0019231689109375939 -0.0033155266096775529 0.00053687041909099785 -0.028481250185692787 0.021106273814559384 -0.0064757135126076578 -0.012327257096086494 -0.0037198676908791737 0.052935174887639561 -0.0081506049873362515 0.0062649784163739501 -0.0020779519197131799 -0.015453592650130105 0.0086008983735803898 0.023698251435133499 0.0042442886568026753 -0.006657950199081367 0.021605261558549464 -0.0029167008999058416 0.012628549257415812 -0.023185258565441329 0.008813439375456358 0.0033080437329951295 0.00025518689430370679 -0.0026530383367270116 -0.009708136284378964 0.00064556835889253983 -0.0036816462166211102 0.021593854138360988 -0.0047219685023547038 -0.0088515571941041715
leaf_weight=0.039914942548420096 0.078654479469149385 0.26928767484696425 1.7573027943635704 1.7330148904002274 0.30957448827302847 0.3250295304605969 0.17728603333489434 1.0656358118194473 0.19175851950421918 0.16460128156359122 0.29265982351353192 0.76296394107703225 0.27449309758958396 0.85675404572066305 0.23448895922410884 0.2051691785964066 1.119089856458231 0.19748423453802377 0.64362597635408747 1.1064741473073807 0.27743842973632127 0.1502470618870575 0.41082311025820661 0.064304340099624713 0.37424192071466666 0.10306002706965944 0.09296291382452182 1.2973732002992617 0.1218690037203487 0.21367048118554521
leaf_count=250 710 312 14249 119 1392 3681 429 362 729 129 76 1826 67 538 667 13 160 541 533 545 456 26 17 40 1965 269 607 1167 347 1750
internal_value=0 0.0146641 -0.00334651 0.00443491 0.0325564 -0.0116459 0.0436725 0.0493256 0.00441257 -0.0205089 -0.00493429 0.00329574 -0.0140348 0.0115293 0.0167028 0.0134026 0.0178698 0.0158875 0.00403305 -0.0202704 -0.0234457 -0.0122512 0.0184627 0.0186483 -0.00416122 -0.0272061 0.00963539 0.0203694 0.0042601 -0.00380024
internal_weight=0 8.69196 6.21929 6.32422 2.36774 4.62021 1.32158 1.14429 1.8217 2.79851 4.18038 2.53013 1.65025 1.49667 1.30491 1.61692 1.41175 1.59908 1.04616 1.37576 2.63391 0.913211 2.14384 1.40159 0.773549 1.86036 0.736589 1.33729 0.399307 0.448159
internal_count=33972 7194 26778 3161 4033 24780 1501 1072 7365 17415 3025 2101 924 3684 2955 249 236 1998 2532 857 17286 1852 136 1457 2768 14518 1140 1417 803 2417
is_linear=0
shrinkage=0.05


end of trees

feature_importances:
payee_relation_age_d=368
login_to_transfer_s=365
session_duration_s=340
time_since_last_s=323
device_age_d=320
amount_zscore=315
amount_ratio=289
sum_7d=273
payee_age_d=270
amount_try=260
hour=226
distinct_payees_7d=195
typing_deviation=179
sum_24h=168
night_ratio_7d=166
cnt_7d=137
sum_1h=120
is_new_device=119
device_customers_7d=112
near_threshold_cnt_24h=107
hour_unusual=98
vulnerable_customer=73
is_new_payee=62
paste_used=48
near_threshold=47
amount_log=36
payee_fan_in_24h=36
cnt_1h=35
distinct_payees_24h=29
cnt_24h=27
is_new_location=22
channel_change=16
channel_unknown=15
first_large_transfer=14
is_night=9
is_rooted=9
remote_access=8
active_call=5
purpose_risk=4
is_high_risk_country=2
sum_1m=1
ip_country_mismatch=1
is_foreign=1

parameters:
[boosting: gbdt]
[objective: binary]
[metric: binary_logloss]
[tree_learner: serial]
[device_type: cpu]
[data_sample_strategy: bagging]
[data: ]
[valid: ]
[num_iterations: 300]
[learning_rate: 0.05]
[num_leaves: 31]
[num_threads: 1]
[seed: 42]
[deterministic: 1]
[force_col_wise: 0]
[force_row_wise: 1]
[histogram_pool_size: -1]
[max_depth: -1]
[min_data_in_leaf: 20]
[min_sum_hessian_in_leaf: 0.001]
[bagging_fraction: 0.8]
[pos_bagging_fraction: 1]
[neg_bagging_fraction: 1]
[bagging_freq: 1]
[bagging_seed: 400]
[feature_fraction: 0.8]
[feature_fraction_bynode: 1]
[feature_fraction_seed: 30056]
[extra_trees: 0]
[extra_seed: 12879]
[early_stopping_round: 0]
[first_metric_only: 0]
[max_delta_step: 0]
[lambda_l1: 0]
[lambda_l2: 1]
[linear_lambda: 0]
[min_gain_to_split: 0]
[drop_rate: 0.1]
[max_drop: 50]
[skip_drop: 0.5]
[xgboost_dart_mode: 0]
[uniform_drop: 0]
[drop_seed: 17869]
[top_rate: 0.2]
[other_rate: 0.1]
[min_data_per_group: 100]
[max_cat_threshold: 32]
[cat_l2: 10]
[cat_smooth: 10]
[max_cat_to_onehot: 4]
[top_k: 20]
[monotone_constraints: ]
[monotone_constraints_method: basic]
[monotone_penalty: 0]
[feature_contri: ]
[forcedsplits_filename: ]
[refit_decay_rate: 0.9]
[cegb_tradeoff: 1]
[cegb_penalty_split: 0]
[cegb_penalty_feature_lazy: ]
[cegb_penalty_feature_coupled: ]
[path_smooth: 0]
[interaction_constraints: ]
[verbosity: -1]
[saved_feature_importance_type: 0]
[use_quantized_grad: 0]
[num_grad_quant_bins: 4]
[quant_train_renew_leaf: 0]
[stochastic_rounding: 1]
[linear_tree: 0]
[max_bin: 255]
[max_bin_by_feature: ]
[min_data_in_bin: 3]
[bin_construct_sample_cnt: 200000]
[data_random_seed: 175]
[is_enable_sparse: 1]
[enable_bundle: 1]
[use_missing: 1]
[zero_as_missing: 0]
[feature_pre_filter: 1]
[pre_partition: 0]
[two_round: 0]
[header: 0]
[label_column: ]
[weight_column: ]
[group_column: ]
[ignore_column: ]
[categorical_feature: ]
[forcedbins_filename: ]
[precise_float_parser: 0]
[parser_config_file: ]
[objective_seed: 16083]
[num_class: 1]
[is_unbalance: 0]
[scale_pos_weight: 1]
[sigmoid: 1]
[boost_from_average: 1]
[reg_sqrt: 0]
[alpha: 0.9]
[fair_c: 1]
[poisson_max_delta_step: 0.7]
[tweedie_variance_power: 1.5]
[lambdarank_truncation_level: 30]
[lambdarank_norm: 1]
[label_gain: ]
[lambdarank_position_bias_regularization: 0]
[eval_at: ]
[multi_error_top_k: 1]
[auc_mu_weights: ]
[num_machines: 1]
[local_listen_port: 12400]
[time_out: 120]
[machine_list_filename: ]
[machines: ]
[gpu_platform_id: -1]
[gpu_device_id: -1]
[gpu_use_dp: 0]
[num_gpu: 1]

end of parameters

pandas_categorical:null
