tree
version=v4
num_class=1
num_tree_per_iteration=1
label_index=0
max_feature_idx=47
objective=binary sigmoid:1
feature_names=amount_try amount_log amount_ratio amount_zscore first_large_transfer near_threshold near_threshold_cnt_24h cnt_1m sum_1m cnt_1h sum_1h cnt_24h sum_24h cnt_7d sum_7d time_since_last_s distinct_payees_24h distinct_payees_7d is_new_payee payee_relation_age_d payee_fan_in_24h payee_age_d device_missing is_new_device device_age_d device_customers_7d is_new_location ip_country_mismatch is_anonymized_ip is_foreign is_high_risk_country hour is_night night_ratio_7d hour_unusual is_cash_channel channel_change channel_unknown login_to_transfer_s session_duration_s typing_deviation paste_used is_emulator is_rooted remote_access active_call purpose_risk vulnerable_customer
feature_infos=[1.52:503304.87] [0.9242589015233319:13.12895335572048] [0.00013428840949095364:320.21085436722205] [-14.87742571362821:9.6862019654952913] [0:1] [0:1] [0:6] [0:2] [0:39994.339999999997] [0:15] [0:458792.64000000001] [0:20] [0:671035.56000000006] [0:77] [0:1419508.5699999998] [0:604800] [0:18] [0:28] [0:1] [-1:42.359583333333333] [0:8] [-1:42.474259259259256] none [0:1] [0:42.374641203703703] [1:4] [0:1] [0:1] [0:1] [0:1] none [0:23] [0:1] [0:1] [0:1] [0:1] [0:1] [0:1] [-1:2677.4000000000001] [-1:3557.9000000000001] [0:12.388731964634449] [0:1] none [0:1] [0:1] [0:1] [0:1] [0:1]
tree_sizes=3321 3365 3374 3382 3387 3386 3376 3372 3383 3369 3399 3403 3416 3389 3403 3388 3418 3385 3425 3404 3391 3432 3400 3426 3379 3405 3391 3397 3446 3422 3426 3429 3424 3444 3457 3435 3424 3444 3434 3415 3427 3433 3437 3409 3435 3411 3416 3426 3433 3438 3416 3444 3425 3439 3423 3433 3426 3444 3429 3439 3397 3421 3436 3422 3452 3432 3417 3427 3417 3424 3417 3414 3403 3416 3430 3421 3436 3416 3421 3402 3423 3426 3410 3442 3433 3415 3411 3416 3428 3421 3433 3445 3430 3438 3419 3379 3442 3435 3429 3443 3413 3423 3425 3414 3415 3440 3427 3412 3428 3405 3418 3407 3392 3418 3419 3426 3410 3408 3401 3427 3425 3408 3432 3409 3418 3423 3406 3412 3412 3402 3428 3407 3406 3416 3416 3433 3433 3420 3438 3416 3416 3428

Tree=0
num_leaves=31
num_cat=0
split_feature=2 2 21 19 0 15 19 21 39 2 19 21 0 23 34 33 19 33 2 2 10 24 15 12 25 34 2 15 25 12
split_gain=3627.48 2459.15 307.432 358.34 231.969 156.912 301.494 775.347 70.4284 48.4672 57.5171 125.67 44.6936 39.762 37.4755 31.4452 30.8283 22.4724 21.9286 19.2851 16.4052 10.5337 11.9402 10.4288 8.99389 17.848 10.0184 7.00973 6.28835 6.04331
threshold=0.076593605290356553 5.858487696356609 0.79092592592592603 25.623368055555559 37348.545000000006 834.50000000000011 0.078871527777777797 3.8250000000000006 59.050000000000004 2.582929053384841 0.026869212962962966 17.353651620370375 49440.475000000013 1.0000000180025095e-35 1.0000000180025095e-35 0.033615819209039555 17.028998842592596 0.52086956521739147 3.1351865016191298 2.0936472763529914 16734.975000000002 11.678350694444445 151.50000000000003 77999.130000000019 1.5000000000000002 1.0000000180025095e-35 1.2825578730753107 495.50000000000006 1.5000000000000002 2590.4600000000005
decision_type=2 2 2 2 2 2 2 2 2 2 2 2 2 2 2 2 2 2 2 2 2 2 2 2 2 2 2 2 2 2
left_child=-1 5 4 8 -3 6 7 13 -4 24 11 14 -6 19 29 20 17 21 -16 -2 23 -17 -23 -8 -7 -26 -27 -22 -12 -11
right_child=1 2 3 -5 12 9 15 -9 -10 10 28 -13 -14 -15 18 16 -18 -19 -20 -21 27 22 -24 -25 25 26 -28 -29 -30 -31
leaf_value=-2.2498747193730848 -3.7161514140147447 -3.7076876472797506 -3.547510915156967 -3.6701780972864659 -2.9238319659036613 -3.7259118121208985 -3.7172596932589319 -2.7093032845956948 -2.5090732136510754 -3.7309392577263996 -3.7061819921800714 -3.1463145988776575 -3.5795770926956987 -3.4170064152688822 -3.7157241345197711 -3.6615915151601661 -3.7101819111994221 -3.7193451572992302 -3.3828025754838524 -3.5425241618159742 -3.531990058356179 -3.6552046191798686 -3.3090752817418547 -3.583553384757276 -3.7138623283173331 -3.5189931202100753 -3.7176390295797481 -3.7146760469400126 -3.6113385898439101 -3.6544460553806375
leaf_weight=3.3035148307681075 8.1879974734038061 2.6664083991199714 0.49552722461521614 0.92026484571397293 1.0618440527468918 689.58512438833714 46.390786837786436 1.9349158294498909 4.0822004694491625 4.6249207630753464 41.128759643062949 0.49552722461521703 0.778685638681054 0.66070296615362245 0.5427202936261899 0.73149256967008103 2.9023737441748381 0.73149256967008103 0.77868563868105412 0.94386138021946031 0.84947524219751247 0.61350989714264847 0.70789603516459465 0.51912375912070174 9.013876181095835 1.1798267252743251 0.63710643164813507 0.49552722461521626 0.82587870769202609 3.7754455208778381
leaf_count=140 347 113 21 39 45 29224 1966 82 173 196 1743 21 33 28 23 31 123 31 33 40 36 26 30 22 382 50 27 21 35 160
internal_value=-3.6977 -3.70528 -2.96281 -2.72535 -3.37645 -3.71525 -3.64167 -3.42277 -2.5744 -3.72173 -3.67557 -3.57499 -3.06201 -3.64227 -3.64623 -3.6934 -3.59173 -3.49758 -3.4684 -3.68466 -3.70729 -3.43735 -3.38225 -3.71343 -3.7252 -3.68121 -3.571 -3.57783 -3.70235 -3.69562
internal_weight=0 828.262 10.0049 5.49799 4.50694 818.257 65.6692 11.7275 4.57773 752.588 52.1719 10.2173 1.84053 9.79256 9.72177 53.9417 5.68676 2.78439 1.32141 9.13186 48.2549 2.0529 1.32141 46.9099 700.416 10.8308 1.81693 1.345 41.9546 8.40037
internal_count=35241 35101 424 233 191 34677 2783 497 194 31894 2211 433 78 415 412 2286 241 118 56 387 2045 87 56 1988 29683 459 77 57 1778 356
is_linear=0
shrinkage=1


Tree=1
num_leaves=31
num_cat=0
split_feature=2 2 41 25 2 19 21 31 33 9 9 19 21 38 14 38 39 14 0 39 19 14 0 3 19 14 41 19 21 39
split_gain=1222.17 1095.34 228.169 179.912 149.054 171.778 161.187 52.1561 129.58 77.377 32.3888 36.2293 105.528 26.0758 26.3404 21.3422 50.4573 16.8025 16.7398 23.9515 14.1466 12.61 11.7331 11.2676 10.6202 8.64327 8.3223 18.6845 54.2133 6.75684
threshold=8.6113472687705315 0.14112139419481282 1.0000000180025095e-35 2.5000000000000004 3.366521105234225 0.026869212962962966 1.0000000180025095e-35 5.5000000000000009 0.2752525252525253 1.0000000180025095e-35 1.5000000000000002 0.078871527777777797 10.925381944444446 54.050000000000004 40911 54.050000000000004 117.25000000000001 135042.17000000004 37348.545000000006 66.250000000000014 8.819178240740742 311885.57500000001 171.94500000000002 4.6584016898942666 23.777048611111116 534166.49000000011 1.0000000180025095e-35 1.769155092592593 10.46471064814815 66.250000000000014
decision_type=2 2 2 2 2 2 2 2 2 2 2 2 2 2 2 2 2 2 2 2 2 2 2 2 2 2 2 2 2 2
left_child=1 2 20 4 7 6 17 8 9 15 26 12 -12 14 -7 16 -3 -6 19 -16 22 -13 -1 -2 -21 -23 -9 28 -28 -29
right_child=23 3 -4 -5 5 13 -8 10 -10 -11 11 21 -14 -15 18 -17 -18 -19 -20 24 -22 25 -24 -25 -26 -27 27 29 -30 -31
leaf_value=0.19165022528525219 0.30687723863684913 -0.011810052524603295 0.50474029716996227 0.49119741593649052 0.00034502913895412762 -0.0017467211025930106 0.50155064540144456 -0.025897194628503092 -0.016616176332899853 0.49023023809791594 0.0013385545054318516 -0.012850246021076817 0.40252031486674655 -0.035200986740342805 -0.0028589992034283624 -0.01914190642317486 0.38778664860830037 0.19074069616734585 -0.0066888542784303093 0.30700796623775384 -0.021463900019056164 0.15859225364698215 -0.020646574047109467 0.56208320219675956 0.016586972047344904 -0.021198392220714197 -0.024275493292516992 0.068547207406728081 0.33824619250004262 -0.028002845019090252
leaf_weight=1.2593777291476698 5.9528611116111261 1.5687483772635489 11.333168987184763 0.75157922133803268 3.8623268287628916 6.0769274141639489 3.2437856234610081 702.22600255906582 17.818051531910896 1.2152695227414367 5.662901956588029 26.397261610254649 1.3108025062829254 11.290231075137852 1.0883506983518603 2.1552022136747837 0.48332229442894448 0.6576788444072007 1.2458625994622705 1.6480673775076868 2.308111360296607 0.91207219474017509 0.66402404755353917 6.5639977585524321 0.49268172308802594 0.70567109249532223 2.7581147383898528 1.0974499434232701 0.54139220155775536 14.135218681767581
leaf_count=33 137 68 141 18 155 248 76 30471 769 29 229 1137 23 439 44 93 20 25 41 44 78 38 26 143 21 30 120 47 12 614
internal_value=0 -0.00692384 0.395582 -0.0151431 -0.0162199 0.0920767 0.279142 -0.0204486 0.0518876 0.244525 -0.0227387 0.023732 0.11777 0.0162749 0.0696321 0.0930389 0.178527 0.0575841 0.149178 0.196677 0.0626299 -0.0029288 0.136366 0.472393 0.266732 0.102028 -0.0250243 0.00768399 0.100044 -0.0172525
internal_weight=0 824.91 15.5647 809.345 808.593 29.6059 7.76379 778.987 23.2406 5.42254 755.747 34.9887 6.9737 21.8421 10.5519 4.20727 2.05207 4.52001 4.47496 3.2291 4.23151 28.015 1.9234 12.5169 2.14075 1.61774 720.758 18.5322 3.29951 15.2327
internal_count=35369 35089 278 34811 34793 1093 256 33700 979 210 32721 1457 252 837 398 181 88 180 150 109 137 1205 59 280 65 68 31264 793 132 661
is_linear=0
shrinkage=0.05


Tree=2
num_leaves=31
num_cat=0
split_feature=3 0 25 41 15 3 32 33 12 10 3 18 34 19 17 19 20 14 0 13 14 24 24 24 0 24 32 33 38 38
split_gain=737.648 739.722 194.257 138.136 106.995 128.611 60.9094 52.6239 43.9451 34.576 34.0834 79.7632 37.6044 27.0231 32.6932 26.5824 26.1975 13.0947 16.8641 12.0905 11.9597 11.4217 10.8154 8.34502 8.18303 7.77184 6.37405 22.6784 22.5217 19.039
threshold=2.7927096088431913 108.27000000000002 2.5000000000000004 1.0000000180025095e-35 834.50000000000011 1.603011741098838 1.0000000180025095e-35 0.29705882352941182 30375.235000000004 2745.9550000000004 1.7664787029012319 1.0000000180025095e-35 1.0000000180025095e-35 2.8061574074074076 5.5000000000000009 20.780341435185189 1.5000000000000002 311885.57500000001 3869.3100000000004 14.500000000000002 13073.825000000003 18.066562500000003 7.4267013888888895 23.903530092592597 1566.6200000000001 0.041122685185185193 1.0000000180025095e-35 0.20416666666666669 54.050000000000004 24.450000000000003
decision_type=2 2 2 2 2 2 2 2 2 2 2 2 2 2 2 2 2 2 2 2 2 2 2 2 2 2 2 2 2 2
left_child=1 3 4 20 5 6 13 -8 15 -7 26 -12 21 14 19 22 24 -15 -19 -3 -1 -13 25 -22 -16 -2 -6 28 29 -28
right_child=8 2 -4 -5 10 9 7 -9 -10 -11 11 12 -14 17 16 -17 -18 18 -20 -21 23 -23 -24 -25 -26 -27 27 -29 -30 -31
leaf_value=-0.03831112428109773 0.15209787850960757 -0.02860849292843945 0.45776886294706109 0.3347440941846897 -0.026254767310699131 0.04553973429476782 0.35470947662554875 -0.011374118736356978 0.40422207752080014 0.35588372070641827 -0.01039367233427777 0.0022001588297589181 0.349584093321611 -0.019074375648790259 -0.00076128535020346345 0.018929414689052262 0.26884966182359565 0.20335521774421955 -0.014560639375820188 0.099808153467412855 0.15553760808714376 0.156521688901296 0.25581283595772281 -0.021552930259546431 0.11287369794555678 0.0069113210170266203 0.00028257070705897517 -0.024383008828812728 -0.031680521411217327 0.27060828866596381
leaf_weight=2.893842181190851 1.6827327664941614 7.8194161318242568 1.1580034252256144 17.203895017504692 665.0607620831579 1.5916726831346739 1.4548665620386594 1.5355135370045898 5.6523282192647448 2.914569303393364 27.049939224496484 2.7461306843906637 1.3664730396121738 41.033870728686452 2.9804307390004388 1.8236705772578705 1.6462339796125887 0.57544557563960497 1.7560658305883405 1.3141704108566044 0.92772969976067521 1.1689500920474527 12.220363389700649 0.68650000914931297 2.3500972427427769 1.555990222841501 0.96383986808359923 15.82774152420461 1.6245095785707233 1.0224769338965414
leaf_count=117 29 318 21 148 29603 64 22 63 80 63 1108 99 31 1787 124 51 33 21 71 41 21 42 207 21 87 40 40 696 72 37
internal_value=0 -0.00799434 -0.0161137 0.273334 -0.0173963 0.0426168 0.0218323 0.210989 0.273661 0.274444 -0.0230547 0.0265055 0.187057 0.00899013 0.0622553 0.211188 0.136214 -0.0117552 0.0841195 -0.00210559 0.0207528 0.0707475 0.23134 0.100789 0.0592538 0.100432 -0.0254309 0.00266149 0.100786 0.183455
internal_weight=0 806.673 784.961 21.712 783.803 66.9724 62.4661 2.99038 22.9351 4.50624 716.831 32.3315 5.28155 59.4757 16.1103 17.2828 6.97676 43.3654 2.33151 9.13359 4.50807 3.91508 15.4591 1.61423 5.33053 3.23872 684.499 19.4386 3.61083 1.98632
internal_count=35157 34750 34443 307 34422 2694 2567 85 407 127 31728 1280 172 2482 603 327 244 1879 92 359 159 141 276 42 211 69 30448 845 149 77
is_linear=0
shrinkage=0.05


Tree=3
num_leaves=31
num_cat=0
split_feature=0 4 25 14 18 21 41 5 10 17 38 39 21 38 9 14 13 39 12 0 19 41 21 24 0 38 0 0 38 14
split_gain=515.623 529.705 151.597 85.7313 66.7196 479.811 56.5182 29.9359 26.6651 23.8533 21.2029 43.9663 18.4232 18.2858 17.9328 14.4467 12.9663 11.8873 11.9686 11.7279 11.3626 10.1999 9.54856 40.2762 7.69779 8.60163 11.0697 8.56055 9.66001 7.4511
threshold=108.27000000000002 1.0000000180025095e-35 2.5000000000000004 14418.470000000003 1.0000000180025095e-35 10.028182870370372 1.0000000180025095e-35 1.0000000180025095e-35 4283.130000000001 4.5000000000000009 60.150000000000013 166.65000000000001 2.4798726851851858 15.450000000000001 3.5000000000000004 13073.825000000003 19.500000000000004 54.750000000000007 17530.560000000001 46137.765000000007 7.0448958333333342 1.0000000180025095e-35 1.1262615740740742 9.16439814814815 2783.3700000000003 69.050000000000011 4159.7600000000011 3553.1000000000004 36.650000000000013 63025.295000000006
decision_type=2 2 2 2 2 2 2 2 2 2 2 2 2 2 2 2 2 2 2 2 2 2 2 2 2 2 2 2 2 2
left_child=6 2 4 12 8 7 15 22 -2 19 11 14 -3 -7 16 -1 17 -10 -19 -5 -14 -12 24 -24 -6 26 27 -26 -29 -11
right_child=1 3 -4 9 5 13 -8 -9 10 29 21 -13 20 -15 -16 -17 -18 18 -20 -21 -22 -23 23 -25 25 -27 -28 28 -30 -31
leaf_value=-0.0363769592380263 -0.023122150732865374 -0.032586234505464814 0.35109430906650319 -0.002283779742610766 -0.033512887585754457 0.054059038345894296 0.2558491743809525 0.20222356020931553 -0.018279044261427881 0.17517243931307921 -0.035139916188408352 0.25097521642015747 0.16269222491710866 0.36624756187206087 0.17993577825494675 0.12369929072250936 -0.02804255219407541 0.16507850101852029 0.023076833656956623 0.1514135551903325 -0.0080688147884409832 0.094860719991264858 -0.011016625122709628 0.25566086614440536 0.019868032129942793 -0.03273709997717765 -0.0089265816371616735 0.20087682839566667 -0.016851031314623933 0.29535183632085354
leaf_weight=2.3970440346747668 631.80926357209682 4.1960886605083934 1.8392412178218354 1.9965519066900039 55.739668792113662 0.89552548341452975 20.439411967992783 0.58055519312620063 3.5933258943259805 8.787050789222123 14.587413368746635 1.4749169368296851 1.9988674931228163 8.5060928389430028 0.72780557163059612 1.5560275781899688 9.7684938721358758 2.0067238193005323 3.7052453700453043 2.1580408941954374 1.3087963480502365 0.70890700817108232 10.192993182688948 0.63137139379978258 3.2382875923067358 9.9046471845358592 8.4876682013273221 0.98758991062641122 0.49096913635730743 12.072417896240948
leaf_count=99 28605 129 22 52 2528 28 140 15 159 149 641 42 34 159 19 39 416 83 153 27 41 22 438 20 144 441 374 42 22 139
internal_value=0 -0.00524079 -0.0136949 0.189352 -0.0150239 0.0229754 0.223604 -0.0139331 -0.0207154 0.23244 0.020371 0.05167 0.0352717 0.344567 0.0254732 0.0388859 0.0109092 0.0505532 0.0901267 0.0914382 0.108937 -0.0236638 -0.0175474 0.0248444 -0.0236052 0.000691183 0.026305 0.0801741 0.150949 0.255056
internal_weight=0 802.395 769.877 32.5178 768.037 99.6554 24.3925 90.2538 668.382 25.0141 36.5728 21.2765 7.50375 9.40162 19.8016 3.95307 19.0738 9.3053 5.71197 4.15459 3.30766 15.2963 89.6732 10.8244 78.8488 23.1092 13.2045 4.71685 1.47856 20.8595
internal_count=35222 34944 34373 571 34351 4211 278 4024 30140 367 1535 872 204 187 830 138 811 395 236 79 75 663 4009 458 3551 1023 582 208 64 288
is_linear=0
shrinkage=0.05


Tree=4
num_leaves=31
num_cat=0
split_feature=2 2 15 19 21 2 25 19 21 19 9 2 2 21 12 18 21 6 33 33 15 19 12 19 10 19 31 33 19 21
split_gain=483.047 516.215 100.978 81.6348 98.7908 38.5488 30.203 26.2486 48.9527 24.7461 21.4889 21.413 21.0045 18.1753 60.8204 17.9002 17.4017 16.4309 19.2831 24.1021 14.1106 12.3096 12.2162 9.49335 7.67718 6.51075 7.27195 20.8501 11.035 22.0996
threshold=4.9270446026585448 0.14112139419481282 834.50000000000011 0.078871527777777797 1.1262615740740742 8.6113472687705315 2.5000000000000004 5.8182118055555563 6.9328414351851864 2.0146585648148156 3.5000000000000004 2.582929053384841 2.1453730025006843 0.79092592592592603 47612.530000000006 1.0000000180025095e-35 17.353651620370375 1.0000000180025095e-35 0.054804804804804812 0.2752525252525253 167.50000000000003 20.996261574074079 2590.4600000000005 8.819178240740742 3180.4850000000006 33.244577546296306 5.5000000000000009 0.20416666666666669 13.276649305555557 0.54864004629629637
decision_type=2 2 2 2 2 2 2 2 2 2 2 2 2 2 2 2 2 2 2 2 2 2 2 2 2 2 2 2 2 2
left_child=1 9 3 4 12 7 11 8 -2 -1 17 25 -3 14 -7 -13 22 18 -5 21 -6 -20 -17 -11 -9 26 27 28 29 -4
right_child=5 2 6 10 20 13 -8 24 -10 23 -12 15 -14 -15 -16 16 -18 -19 19 -21 -22 -23 -24 -25 -26 -27 -28 -29 -30 -31
leaf_value=0.2107348027979028 0.0072244763562391255 -0.028467846328997726 -0.025084439110055458 -0.01636394351049095 0.079626932767600467 0.025761632624442789 0.19334784121439921 -0.014219712941018564 0.27298687687592643 0.13024575113178316 0.16366630358634457 -0.0059679678343362835 0.13957754713254825 0.24472243881663736 0.24989567638355839 -0.030538300242549884 0.19322420113466598 0.15185855316543362 0.20946743224726286 -0.024232900514835006 0.26963981247167801 -0.018372527378647061 0.083135676174835083 -0.0090377564175593613 0.091165841166167993 -0.040168967723553689 -0.024524161484054369 -0.022349240677698164 -0.009465032277819703 0.23881556913341473
leaf_weight=25.721814086660746 3.1898297276347858 7.8387669846415537 0.95972949080169545 43.539680266752839 2.3545584306120855 6.6047504395246524 0.62895910441875358 5.5161166060715914 2.9445043504238129 1.1881019752472632 1.0983382500708092 39.939891060814261 1.3579347301274536 14.951811406761406 5.0244947448372841 3.8614387419074756 1.2314930260181425 0.72794005461037059 1.8675175663083785 2.7485576067119837 6.9435767326503992 0.55665997974574555 3.8278467636555433 2.5052557550370693 1.389147264882922 67.593279518187046 551.71220660768449 12.932821286842225 1.4177944827824829 1.2420223355293272
leaf_count=175 84 338 42 1945 32 122 7 153 27 28 42 1778 39 121 42 157 14 26 48 119 67 23 128 83 16 3157 25729 595 57 40
internal_value=0 -0.00850434 -0.0166257 0.0406193 0.127547 0.168323 -0.0224426 0.0877674 0.155175 0.193473 0.00695008 -0.0229225 0.00759992 0.203225 0.13472 0.00881971 0.0689547 0.000292841 -0.00498128 0.0779579 0.233928 0.167063 0.0291055 0.0539723 0.0158314 -0.0253716 -0.0235441 0.00865972 0.10031 0.151877
internal_weight=0 783.796 754.381 69.0335 18.4948 39.6207 685.347 13.0396 6.13433 29.4152 50.5387 684.719 9.1967 26.5811 11.6292 48.8607 8.92078 49.4404 48.7124 5.17274 9.29814 2.42418 7.68929 3.69336 6.90526 635.858 568.265 16.5524 3.61955 2.20175
internal_count=35234 34669 34383 2679 476 565 31704 280 111 286 2203 31697 377 285 164 2077 299 2161 2135 190 99 71 285 111 169 29620 26463 734 139 82
is_linear=0
shrinkage=0.05


Tree=5
num_leaves=31
num_cat=0
split_feature=2 0 15 19 21 41 2 21 19 38 39 25 2 18 34 38 39 15 2 3 0 25 15 14 3 18 15 12 0 38
split_gain=412.096 392.334 73.479 77.1728 85.3546 34.7693 27.0792 40.9531 62.102 25.9931 25.7038 23.0746 21.3871 18.6677 35.8056 18.2205 25.9872 21.7191 17.0365 13.0935 11.1523 10.7505 10.4331 9.94288 8.14282 10.7394 6.23239 6.82843 6.21761 6.88495
threshold=4.4398121770160843 108.27000000000002 834.50000000000011 0.078871527777777797 1.1262615740740742 1.0000000180025095e-35 18.681431251286991 8.2611979166666689 8.0801273148148169 59.050000000000004 78.050000000000011 2.5000000000000004 2.582929053384841 1.0000000180025095e-35 1.0000000180025095e-35 60.850000000000001 124.35000000000001 167.50000000000003 2.1453730025006843 1.1472526679698334 3943.4450000000002 1.5000000000000002 167.50000000000003 13073.825000000003 2.540744237811754 1.0000000180025095e-35 24901.500000000004 2590.4600000000005 3445.1350000000007 44.45000000000001
decision_type=2 2 2 2 2 2 2 2 2 2 2 2 2 2 2 2 2 2 2 2 2 2 2 2 2 2 2 2 2 2
left_child=1 5 3 4 18 23 7 24 -9 10 -10 12 -4 19 26 16 21 -18 -3 -14 -19 -5 -6 -1 25 -2 -15 -28 -21 -30
right_child=6 2 11 15 22 -7 -8 8 9 -11 -12 -13 13 14 -16 -17 17 20 -20 28 -22 -23 -24 -25 -26 -27 27 -29 29 -31
leaf_value=-0.036756204838086295 -0.026613184854232932 -0.03391748097492419 -0.023718970111794958 -0.0099579922045668016 0.071840901383498426 0.18330573445901127 0.1955107228217241 0.23367656423510408 -0.03419517436453131 -0.034473867339993122 0.16396457532359016 0.17176506748797127 0.13600568399382981 -0.038191198676243737 0.23126426169490311 -0.03267874896949776 -0.0065351641196511939 0.21694771693046733 0.11710998374891897 -0.036494913253342219 0.004554213032241781 0.11833430064348692 0.22878137597527737 0.09126199210372217 -0.010301165671548223 0.14593230121124845 -0.0065771421428475769 0.11449696766748432 0.033431677737476372 -0.018563544265671646
leaf_weight=2.487269880250099 1.0571173653006571 7.7542984411120432 618.05172986350954 20.838260361924775 2.5527376011013976 26.84197786450386 16.953821785748005 9.5256132278591412 1.8473568018525819 4.3168439213186502 4.9058611337095499 0.56300745904445548 0.60912725888192554 2.8123850859701625 1.6414574701339004 23.335076063871384 2.3797766361385575 2.5391259603202347 1.3737793210893867 12.722317501902578 0.80161529779434193 0.76491140760481258 8.3507205098867399 1.7763796746730802 7.0939004477113485 1.2778213582932949 2.3695395644754176 1.1129348985850809 10.828497169539334 12.840866135433314
leaf_count=106 38 346 29483 921 34 145 139 68 55 115 88 6 28 100 32 1044 103 93 36 578 28 22 68 39 152 34 97 36 474 582
internal_value=0 -0.00824529 -0.0157058 0.0324401 0.112953 0.162862 0.142809 0.107707 0.145737 0.0569752 0.112339 -0.020876 -0.021298 0.0117901 0.0766577 -0.000966587 0.0263139 0.112182 -0.00186911 -0.00377448 0.178774 -0.000381171 0.20116 0.0237856 0.0186296 0.0832583 0.0101665 0.0490271 -0.00968889 0.0056147
internal_weight=0 765.348 734.242 70.6903 20.0315 31.1056 46.9783 30.0245 20.5957 11.0701 6.75322 663.552 662.989 44.9371 7.93632 50.6588 27.3237 5.72052 9.12808 37.0008 3.34074 21.6032 10.9035 4.26365 9.42884 2.33494 6.29486 3.48247 36.3917 23.6694
internal_count=35090 34401 34111 2695 484 290 689 550 326 258 143 31416 31410 1927 265 2211 1167 224 382 1662 121 943 102 145 224 72 233 133 1634 1056
is_linear=0
shrinkage=0.05


Tree=6
num_leaves=31
num_cat=0
split_feature=2 2 15 19 14 33 19 25 41 2 33 41 10 3 19 6 6 31 33 19 2 24 14 0 15 0 39 24 10 14
split_gain=359.89 330.989 74.3883 62.9151 29.2721 26.3567 23.873 20.9372 17.9524 17.775 16.0739 15.0401 14.9696 25.4265 15.9151 13.5227 13.2184 10.3793 18.1809 15.7294 9.27623 8.60429 7.98074 8.40244 7.77442 7.6354 7.55492 7.43167 8.17666 7.04137
threshold=4.9270446026585448 0.14112139419481282 834.50000000000011 0.026869212962962966 10338.595000000001 0.033615819209039555 17.028998842592596 2.5000000000000004 1.0000000180025095e-35 1.2825578730753107 0.52086956521739147 1.0000000180025095e-35 1913.7050000000002 4.6584016898942666 10.01113425925926 1.0000000180025095e-35 1.0000000180025095e-35 5.5000000000000009 0.20416666666666669 12.44971064814815 2.582929053384841 14.963761574074075 283205.79000000004 5725.130000000001 73905.500000000015 37348.545000000006 559.15000000000009 21.92125578703704 672.90500000000009 26316.540000000005
decision_type=2 2 2 2 2 2 2 2 2 2 2 2 2 2 2 2 2 2 2 2 2 2 2 2 2 2 2 2 2 2
left_child=1 8 3 4 -3 15 10 17 27 11 -7 -6 13 14 21 22 -15 18 19 -4 -19 25 -5 -24 -16 -2 -22 28 -1 -23
right_child=12 2 7 5 9 6 -8 -9 -10 -11 -12 -13 -14 16 24 -17 -18 20 -20 -21 26 29 23 -25 -26 -27 -28 -29 -30 -31
leaf_value=0.11905726356336765 0.076656089359796065 -0.013008705367331039 0.15035522855663552 -0.022887958944483682 0.028580729150059565 0.1894399026118454 -0.024450375476260982 0.15543884390351162 0.15870508797746141 0.1907716530192437 -0.023588632113587981 0.17661038003628637 0.18236728295651475 0.097006142390062805 -0.028829658409071451 0.12696416408947617 0.2155491229055346 -0.024992560888433258 -0.014546065269899572 -0.017062290697344169 -0.006049054856615492 0.043907597938522787 0.12417898621648576 -0.027373316464869558 0.07219884592867741 -0.02310835369858507 0.091179308738507228 -0.032374421595907726 -0.026256600294171668 0.16872339034577369
leaf_weight=2.2002971470355983 5.7598738390952366 3.9707701168954399 2.7086517792195108 41.49116100743413 6.8204971719533187 3.3357172235846511 2.7684666030108929 0.6788412481546392 28.037215910851955 7.1928223967552176 0.85646434128284443 1.5623645745217798 12.189287498593329 8.1679734215140325 4.9775994066148987 0.68781457468867202 6.2213498577475539 587.7348423153162 15.437678331509231 1.9588605985045431 46.507063057273626 2.5640198513865471 0.99910706281661932 1.1446110680699346 1.7971459943801162 2.1404770892113447 1.0861111767590035 1.6187590304762123 0.94503694772720326 4.5017025414854288
leaf_count=56 102 140 86 1905 202 86 117 6 136 106 40 12 82 70 112 22 40 28759 737 84 2005 49 35 48 41 29 29 57 25 48
internal_value=0 -0.00938237 -0.0164726 0.0318959 0.105826 0.00223253 0.0861018 -0.0217348 0.14359 0.135078 0.149757 0.0720522 0.129993 0.107888 0.0685985 -0.0125478 0.158935 -0.0221548 0.0126996 0.0894802 -0.023276 0.0958512 -0.0175422 0.0602923 0.00380959 0.050067 -0.00199951 0.0425336 0.0795952 0.134489
internal_weight=0 759.743 726.942 70.8298 19.5465 51.2833 6.96065 656.112 32.8013 15.5757 4.19218 8.38286 48.3194 36.1301 21.7408 44.3227 14.3893 655.433 20.1052 4.66751 635.328 14.9661 43.6349 2.14372 6.77475 7.90035 47.5932 4.76409 3.14533 7.06572
internal_count=35266 34693 34419 2713 460 2253 243 31706 274 320 126 214 573 491 381 2010 110 31700 907 170 30793 228 1988 83 153 131 2034 138 81 97
is_linear=0
shrinkage=0.05


Tree=7
num_leaves=31
num_cat=0
split_feature=2 2 15 19 33 19 15 14 2 17 19 19 25 14 5 39 17 2 31 18 14 15 24 40 39 15 15 17 14 33
split_gain=301.43 294.625 50.9084 46.0247 42.3182 42.305 38.3927 28.9131 26.4976 22.8653 22.5989 20.5237 19.2831 15.489 13.6554 28.7323 10.5619 10.5173 6.84045 20.0921 12.4693 15.4191 6.39187 6.35997 5.14422 10.4921 11.1313 5.04314 5.03651 4.90421
threshold=3.366521105234225 0.17068616326010347 760.50000000000011 2.8061574074074076 0.025807525807525811 8.819178240740742 905.50000000000011 359846.21000000002 8.6113472687705315 2.5000000000000004 5.6275173611111127 0.078871527777777797 2.5000000000000004 10338.595000000001 1.0000000180025095e-35 1.0000000180025095e-35 4.5000000000000009 0.74391835099110049 6.5000000000000009 1.0000000180025095e-35 8871.5300000000007 33282.500000000007 13.979224537037039 0.084172703581043548 520.60000000000002 834.50000000000011 24167.000000000004 16.500000000000004 8677.5600000000013 0.25657894736842107
decision_type=2 2 2 2 2 2 2 2 2 2 2 2 2 2 2 2 2 2 2 2 2 2 2 2 2 2 2 2 2 2
left_child=1 5 4 9 7 16 -5 11 -8 22 -6 13 18 -3 15 -11 -1 -15 19 -4 -21 -22 -2 -19 25 -17 -27 -13 -28 -12
right_child=3 2 12 6 10 -7 8 -9 -10 14 29 27 -14 17 -16 24 -18 23 -20 20 21 -23 -24 -25 -26 26 28 -29 -30 -31
leaf_value=0.037078323203493531 -0.037691589402743753 -0.038861753814685492 -0.015950844413641061 0.1512591571600892 0.16004317719722694 -0.022491906414218797 -0.015655077010061292 0.17074831742547183 0.1039832786109523 -0.026555125109508495 0.057849403444356684 -0.025998745345011422 0.14415061542305382 -0.0017195677549905924 0.19436788020011034 0.16423256594978808 0.14990231355766634 0.018669166199952486 -0.023036249611632587 -0.025697508270915659 -0.021363699450308658 0.21659280617708193 0.076135253776019859 0.13718510481338522 0.17192995747023043 0.021715111706235777 0.010682672836050552 0.061789875340597072 0.12309227819297219 -0.022607972111612955
leaf_weight=3.0495658386498681 2.5632395390421148 3.1052441149950019 18.895128680393103 5.5431343149393824 6.6955348122864944 4.1596737504005423 18.349069606512789 1.4775252025574435 5.1045538485050193 2.9707855116575947 3.530167430639267 36.845794137567282 0.767505943775176 2.8650309387594444 9.6671501006931049 5.5235778111964526 31.214547576382756 1.8572096806019542 598.77285155653954 1.0054768379777663 0.71694270893931422 1.416954359039664 0.88683492504060257 4.6395222507417202 8.0734763164073211 6.6481709014624348 1.3519955351948718 0.78069056756794353 7.7480801306664944 2.5304137486964464
leaf_count=56 72 133 884 64 84 162 701 47 43 91 107 1727 6 90 66 36 201 60 29859 44 33 38 8 78 51 110 32 35 98 108
internal_value=0 -0.00959135 -0.0172077 0.0954293 0.0248565 0.123355 0.0440571 0.00399337 0.013571 0.126562 0.102781 -0.00417074 -0.0215939 0.0490693 0.136503 0.113878 0.141197 0.0791713 -0.0220303 0.00511992 0.105156 0.155338 0.0021012 0.110315 0.128501 0.105039 0.0757111 -0.0226247 0.109103 0.0258126
internal_weight=0 724.326 685.902 74.4301 64.3271 38.4238 28.9968 51.571 23.4536 45.4333 12.7561 50.0935 621.575 12.467 41.9832 32.3161 34.2641 9.36176 620.807 22.0345 3.13937 2.1339 3.45007 6.49673 29.3453 21.2718 15.7482 37.6265 9.10008 6.06058
internal_count=35124 33752 33333 1372 2469 419 808 2170 744 564 299 2123 30864 361 484 418 257 228 30858 999 115 71 80 138 327 276 240 1762 130 215
is_linear=0
shrinkage=0.05


Tree=8
num_leaves=31
num_cat=0
split_feature=18 21 1 6 2 25 15 38 39 21 9 24 19 19 21 6 24 23 24 15 17 15 38 14 1 1 1 15 1 24
split_gain=300.07 174.355 160.531 131.245 117.406 34.7933 21.8467 22.7194 37.3832 18.6761 14.755 14.7352 14.5484 14.0319 15.1749 13.3524 11.9002 10.8172 8.49833 8.07673 7.83439 6.99968 9.43582 9.1118 10.4464 22.4442 6.48806 7.11582 6.96548 5.91016
threshold=1.0000000180025095e-35 10.028182870370372 4.6938208115486804 1.0000000180025095e-35 5.858487696356609 2.5000000000000004 1360.5000000000002 60.850000000000001 157.75000000000003 1.1262615740740742 1.5000000000000002 11.312141203703705 24.009386574074078 9.1286168981481506 8.2611979166666689 1.0000000180025095e-35 10.855173611111114 1.0000000180025095e-35 40.1263425925926 200.50000000000003 15.500000000000002 33282.500000000007 35.750000000000007 5159.1000000000013 8.5324817203446788 7.9317769125942172 6.8651974036786543 432.50000000000006 7.9459573988294236 7.0979456018518521
decision_type=2 2 2 2 2 2 2 2 2 2 2 2 2 2 2 2 2 2 2 2 2 2 2 2 2 2 2 2 2 2
left_child=4 2 -2 9 5 6 7 8 10 21 18 17 19 14 29 -6 -5 -11 -1 -10 -9 -4 23 -23 25 -25 -15 28 -28 -12
right_child=1 -3 3 16 15 -7 -8 20 12 11 13 -13 -14 26 -16 -17 -18 -19 -20 -21 -22 22 -24 24 -26 -27 27 -29 -30 -31
leaf_value=-0.018077876731284866 0.13331890951610462 0.1729253970660781 -0.036358821912400717 0.035849588470405695 0.12687401289791123 0.16890094850804979 -0.024573731588806887 -0.032579153989024306 0.028670685842386648 -0.0036885568905021971 -0.020379530930790386 0.17460414518818557 -0.021120308460738212 -0.040158506704886181 0.19312642955949039 0.012143619667093767 0.18342994462271345 0.10608495550403103 0.098379265721505738 0.23979787872038358 0.069238247055859792 -0.030569302010817607 -0.025485824292806849 0.019968546514457407 -0.023633543855551685 0.21794968488997013 0.12685048234763979 -0.030781516056607935 -0.022161278993594904 0.07706332544960709
leaf_weight=24.595425881445411 31.233516754582524 27.126300480216742 45.253210186958313 2.2337743230164042 14.334915278479459 1.4329776391386975 529.9600665345788 30.979768037796021 0.88530623912811268 11.209140984341497 2.2122977357357723 0.7487146835774191 0.69974664598703373 3.6540036089718342 1.8062213398516176 3.3092579059302798 9.038027895614503 1.7869587987661368 0.67900646291673084 2.0629768837243319 1.0860096011310805 3.9314002655446521 22.29064460285008 4.6492889393120986 2.5654393900185823 1.2332898061722515 1.5304800160229213 1.5052967984229324 0.75976138561964024 2.4762219749391079
leaf_count=1114 150 241 2046 41 123 10 26860 1464 34 444 89 11 29 170 32 42 61 34 31 43 50 197 1048 239 85 55 62 68 32 84
internal_value=0 0.0594249 0.0357193 0.00568628 -0.0165108 -0.0202802 -0.0210064 0.00421472 0.027754 -0.0143111 0.0115575 0.037705 0.161929 0.0510134 0.0993203 0.107161 0.159488 0.0179064 -0.011324 0.199719 -0.0271411 -0.0236119 -0.00642112 0.0272463 0.0545394 0.0871117 0.00212785 0.0427225 0.0857062 0.0355847
internal_weight=0 163.3 136.173 104.94 623.97 606.326 604.893 74.9325 42.8667 93.6681 39.2187 13.7448 3.64803 13.9443 6.49474 17.6442 11.2718 12.9961 25.2744 2.94828 32.0658 79.9233 34.6701 12.3794 8.44802 5.88258 7.44954 3.79554 2.29024 4.68852
internal_count=34989 4652 4411 4261 30337 30172 30162 3302 1788 4159 1682 489 106 537 205 165 102 478 1145 77 1514 3670 1624 576 379 294 332 162 94 173
is_linear=0
shrinkage=0.05


Tree=9
num_leaves=31
num_cat=0
split_feature=2 2 15 19 21 5 19 31 10 15 9 2 25 19 21 34 25 31 19 24 15 24 25 2 24 19 21 3 19 24
split_gain=264.135 225.965 41.7575 29.9417 30.0705 60.9182 29.9307 29.5097 26.2941 23.5724 16.4157 13.9885 12.7798 12.1821 23.7006 10.4913 9.6554 8.09581 10.7476 14.2336 10.8682 9.05406 7.72219 6.44719 5.56476 9.80754 19.9977 5.31617 5.17473 5.10685
threshold=3.4926638588452632 0.17068616326010347 834.50000000000011 2.8061574074074076 4.35738425925926 1.0000000180025095e-35 8.819178240740742 6.5000000000000009 2173.0650000000001 560.50000000000011 3.5000000000000004 18.681431251286991 2.5000000000000004 0.026869212962962966 9.1417245370370388 1.0000000180025095e-35 1.5000000000000002 5.5000000000000009 12.109392361111114 11.312141203703705 8074.0000000000009 27.22579282407408 2.5000000000000004 1.2825578730753107 14.857407407407409 13.149421296296298 12.616666666666669 2.540744237811754 6.0514293981481488 18.066562500000003
decision_type=2 2 2 2 2 2 2 2 2 2 2 2 2 2 2 2 2 2 2 2 2 2 2 2 2 2 2 2 2 2
left_child=1 6 7 4 5 9 -1 28 11 -2 13 16 17 14 23 -11 -5 18 19 -4 -21 -22 24 -9 -15 26 -26 -17 -3 -10
right_child=3 2 12 8 -6 -7 -8 10 29 15 -12 -13 -14 22 -16 27 -18 -19 -20 20 21 -23 -24 -25 25 -27 -28 -29 -30 -31
leaf_value=0.11908099247547384 0.14147230462640206 0.1399431709453246 -0.0014838551793464722 -0.011284433195355778 0.14919411746203753 0.15301802847425225 -0.02113767811432244 -0.037614790778299961 0.022214454339353359 -0.035516347698536392 0.11475276317277079 0.12597053095495184 0.11432038404083328 -0.035081530827975542 0.11219235184032979 0.11128529899644442 0.1075952326534351 -0.022187244550336757 -0.024083560084604945 -0.022542578765935895 0.19325984079373668 -0.016025218361113262 0.096181752904504328 0.039361353001582278 -0.014665969494515905 -0.013679675362614115 0.17831944704205932 -0.010323579039569188 0.022882307765168544 0.13899327019685068
leaf_weight=35.683520656079054 1.7570138741284633 4.5507738944143048 6.020422453060748 19.125206978991638 23.907182887196541 11.422371266409757 3.9387077856808892 6.2564491350203735 1.5961061511188734 12.680102797225116 2.4690351746976367 1.4199283942580212 0.77033357322215934 17.689118944108486 5.6877944581210604 1.1452996823936694 0.86655920743942161 576.78736708685756 10.158193625509737 0.78986248001456294 1.8552599698305132 0.45480621978640545 0.65030178427696128 3.386510044336319 3.1369081232696798 21.717871151864529 1.1820228118449447 1.2799530457705257 1.6768497955054043 5.5284450277686119
leaf_count=251 18 32 269 627 124 71 160 260 34 293 49 8 5 826 32 24 13 30034 505 39 58 20 4 98 144 1031 48 18 59 49
internal_value=0 -0.0095448 -0.0165124 0.0854036 0.10784 0.0689855 0.104965 0.0202712 0.042106 0.00668315 0.00900418 0.0124297 -0.0207551 0.00281297 0.039804 -0.0168059 -0.00125138 -0.0211208 0.0103064 0.0472047 0.119062 0.159663 -0.010562 -0.00942321 -0.0142645 0.000652896 0.0617465 0.0628284 0.11595 0.118786
internal_weight=0 704.862 665.24 80.7282 52.1919 28.2847 39.6222 68.4036 28.5362 16.8624 62.176 21.4117 596.836 59.707 15.3308 15.1054 19.9918 596.066 19.2785 9.12035 3.09993 2.31007 44.3762 9.64296 43.7259 26.0368 4.31893 2.42525 6.22762 7.12455
internal_count=35203 33924 33513 1279 548 424 411 2583 731 353 2492 648 30930 2443 390 335 640 30925 891 386 117 78 2053 358 2049 1223 192 42 91 83
is_linear=0
shrinkage=0.05


Tree=10
num_leaves=31
num_cat=0
split_feature=18 23 2 24 2 2 15 15 19 24 15 25 41 40 2 20 15 24 19 10 19 19 2 0 14 31 12 13 14 10
split_gain=226.316 100.335 87.9028 72.7521 39.8636 32.7349 24.6364 23.7077 15.3025 18.6456 14.9471 12.6346 10.7282 10.4815 10.448 9.16312 9.14229 8.86163 11.1557 8.80554 6.78152 7.18801 6.7506 9.862 9.88658 6.37182 5.11499 5.13103 5.08395 4.85018
threshold=1.0000000180025095e-35 1.0000000180025095e-35 5.858487696356609 10.56056712962963 3.0414034089767705 0.29234631205464162 834.50000000000011 200.50000000000003 11.806255787037038 10.56056712962963 1286.5000000000002 2.5000000000000004 1.0000000180025095e-35 0.013159796934906274 2.4552459487799996 1.5000000000000002 375.50000000000006 23.903530092592597 23.777048611111116 1777.2100000000003 33.930873842592597 0.078871527777777797 18.681431251286991 46137.765000000007 23211.615000000009 20.500000000000004 2298.1750000000006 37.500000000000007 2332.9600000000005 4206.6600000000008
decision_type=2 2 2 2 2 2 2 2 2 2 2 2 2 2 2 2 2 2 2 2 2 2 2 2 2 2 2 2 2 2
left_child=2 3 6 10 5 -5 7 14 9 16 12 20 -2 -11 -1 -7 -9 -10 19 -19 21 -8 23 24 -4 -12 -20 -28 -3 -23
right_child=1 28 22 4 -6 15 11 8 17 13 25 -13 -14 -15 -16 -17 -18 18 26 -21 -22 29 -24 -25 -26 -27 27 -29 -30 -31
leaf_value=-0.025351156222212463 0.0092819318493297647 0.0019327545891615209 -0.0011900844634806782 0.1049543908040521 0.10780640211858704 -0.0039891774250054414 -0.039165931144240176 0.083881084199799838 -0.031907790773549757 0.016925049866996052 -0.029572624780927606 0.11438065358970065 0.12274089487895448 0.15876196646775864 0.09074687044980001 0.075462034143921275 -0.020214083256792727 -0.019261745244320339 0.071674412460045842 0.16833802384959978 -0.036167395956203385 -0.017326698958967251 0.12506765240143994 -0.013500214640202682 0.1099248317912348 0.039104310615295547 -0.041750756996624068 0.054989172065032212 0.12390409917123153 0.010892313985995085
leaf_weight=27.887819048017267 7.9030279479920846 0.905740175396203 2.6676684096455592 10.250926049426196 29.057479042559862 29.203545693308115 37.125151390209794 2.268302923068406 6.8453087396919718 1.9415168538689611 42.632133711129427 0.76861833035945792 1.9252440389245746 5.6582449097186327 1.1041157357394684 3.1310660280287257 5.1594645529985428 0.60469972342252543 1.0361086949706075 1.2710200548171995 59.859065592288971 413.38050343096256 7.481003761291503 3.3616827074438325 6.7732140589505434 2.8085091430693856 4.4480921942740679 0.89425337314605702 38.77449812181294 15.167166044935582
leaf_count=1273 224 44 40 81 257 1424 1955 79 322 73 2093 5 13 106 32 57 220 29 45 39 3219 21862 34 38 59 117 212 39 356 783
internal_value=0 0.052775 -0.0128647 0.0305896 0.0634951 0.0314803 -0.0164677 0.0139524 0.044341 0.0783965 -0.012435 -0.0199047 0.0407899 0.128708 -0.0180514 0.00573732 0.0177557 0.00768358 0.0404172 0.122192 -0.020318 -0.0182075 0.0870117 0.0573242 0.0814207 -0.0245773 0.00306817 -0.0194405 0.121236 -0.0163049
internal_weight=0 166.592 605.703 126.912 71.643 42.5855 585.419 59.1189 30.127 15.0275 55.2689 526.301 9.82827 7.59976 28.9919 32.3346 7.42777 15.0995 8.25417 1.87572 525.532 465.673 20.2836 12.8026 9.44088 45.4406 6.37845 5.34235 39.6802 428.548
internal_count=35130 4666 30464 4266 1819 1562 30293 2469 1164 478 2447 27824 237 179 1305 1481 299 686 364 68 27819 24600 171 137 99 2210 296 251 400 22645
is_linear=0
shrinkage=0.05


Tree=11
num_leaves=31
num_cat=0
split_feature=2 2 9 38 19 10 18 15 15 2 32 33 38 40 38 6 39 34 33 25 38 12 14 39 13 19 14 24 26 3
split_gain=211.74 186.922 32.2862 28.0597 23.1671 16.7382 18.2113 14.1458 16.7089 14.0123 13.9932 26.6893 19.2776 13.3622 10.924 9.23618 17.1256 9.50736 8.54844 8.4131 7.27503 7.15404 7.6174 6.70287 9.76566 7.60828 8.48857 8.63263 6.89539 9.21095
threshold=3.366521105234225 0.17068616326010347 1.5000000000000002 56.750000000000007 25.117436342592597 2113.1050000000005 1.0000000180025095e-35 619.50000000000011 200.50000000000003 8.6113472687705315 1.0000000180025095e-35 0.19615384615384621 57.95000000000001 0.11156998162421 1.0000000180025095e-35 1.0000000180025095e-35 418.65000000000003 1.0000000180025095e-35 0.093073593073593086 2.5000000000000004 88.450000000000017 2050.6450000000004 154320.10500000001 446.25000000000006 16.500000000000004 10.093015046296298 20010.915000000005 21.92125578703704 1.0000000180025095e-35 0.83216246042181174
decision_type=2 2 2 2 2 2 2 2 2 2 2 2 2 2 2 2 2 2 2 2 2 2 2 2 2 2 2 2 2 2
left_child=1 3 10 14 5 6 9 8 18 -2 19 12 13 -12 -1 16 17 -8 21 23 -10 -4 -23 28 25 -25 27 -27 -3 -30
right_child=4 2 7 -5 -6 -7 15 -9 20 -11 11 -13 -14 -15 -16 -17 -18 -19 -20 -21 -22 22 -24 24 -26 26 -28 -29 29 -31
leaf_value=-0.013512863196239603 0.0032950888658697438 -0.02112147182254024 0.058479415587056487 -0.031355339885682634 -0.016996403593043188 0.11985844948860869 0.012759901826378199 -0.014406809679465615 0.11592711054205487 0.087067423777939495 -0.0068891729861037219 -0.018209452729395378 -0.022129202768460646 0.18290664427611458 0.11230237030207038 0.12610513950293098 0.12017875937212306 0.093864516155267266 0.086285688996910276 0.093352337171510494 0.0080984444792094341 -0.037505072132384423 0.067851961351885148 -0.0081258878024632053 -0.034973635602595025 0.20084078284691784 0.0079944808978220407 0.01674283898887757 -0.013541884071004746 0.1220593777361112
leaf_weight=1.5982563644647587 16.847513502463702 564.10229921713471 2.6561111789196756 3.6363051217049351 6.2453265376389018 20.862303225323558 14.066448120400315 12.329236870631574 8.0183177944272739 6.1440258398652068 1.0770230479538465 14.203366205096243 2.1394364386796951 3.5327163226902485 35.550429405644536 11.016174973919986 8.7630221545696241 4.0624192729592314 2.3640101589262477 0.67708231508731742 2.0834009665995827 9.5518875401467067 1.1046705655753601 3.6564884949475509 5.3161734212189904 0.98954221792519126 2.4067510180175304 1.2298237718641756 2.8863949552178378 1.0031832847744224
leaf_count=48 595 30241 128 138 256 142 225 605 169 37 34 712 83 52 239 62 47 34 38 4 66 430 40 183 289 54 129 67 145 42
internal_value=0 -0.00857801 -0.015232 0.0939145 0.0734108 0.0804385 0.0652162 0.0288828 0.049352 0.0283775 -0.0180621 0.0213386 0.0961756 0.145239 0.106677 0.0862556 0.0659954 0.0348911 0.0150587 -0.0195141 0.096421 -0.00273436 -0.0216997 -0.0198055 0.0140705 0.0459259 0.0824992 0.135715 -0.0206399 0.0392423
internal_weight=0 682.113 641.328 40.785 88.0072 81.7619 60.8996 38.1076 25.7784 22.9915 603.22 20.9525 6.74918 4.60974 37.1487 37.9081 26.8919 18.1289 15.6767 582.268 10.1017 13.3127 10.6566 581.591 13.5988 8.28261 4.62612 2.21937 567.992 3.88958
internal_count=35334 33936 33511 425 1398 1142 1000 1476 871 632 32035 881 169 86 287 368 306 259 636 31154 235 598 470 31150 722 433 250 121 30428 187
is_linear=0
shrinkage=0.05


Tree=12
num_leaves=31
num_cat=0
split_feature=41 2 18 25 39 31 33 15 2 33 31 18 21 9 31 38 39 13 14 38 21 15 21 3 20 15 31 21 40 21
split_gain=179.28 176.033 30.2489 27.4133 24.1177 23.2162 23.7481 17.4396 24.5645 13.4325 10.7729 9.15106 9.36952 7.82018 7.22713 6.87711 28.0038 13.9682 18.1784 13.0784 12.7817 8.19049 10.1926 10.2466 8.60111 7.36434 6.43893 6.02749 5.88185 5.74366
threshold=1.0000000180025095e-35 3.4926638588452632 1.0000000180025095e-35 2.5000000000000004 67.250000000000014 6.5000000000000009 0.35147058823529415 834.50000000000011 8.6113472687705315 0.029857397504456332 8.5000000000000018 1.0000000180025095e-35 1.2131365740740743 3.5000000000000004 7.5000000000000009 72.950000000000017 166.65000000000001 16.500000000000004 13073.825000000003 60.150000000000013 31.374803240740743 10279.500000000002 40.795000000000009 1.603011741098838 1.5000000000000002 4936.5000000000009 18.500000000000004 0.089456018518518532 0.50951665710033245 11.007876157407409
decision_type=2 2 2 2 2 2 2 2 2 2 2 2 2 2 2 2 2 2 2 2 2 2 2 2 2 2 2 2 2 2
left_child=1 3 4 5 -2 6 9 -3 10 11 -9 -1 -13 15 -6 16 21 18 -18 20 -20 22 23 27 25 -25 -12 -7 -28 -10
right_child=2 7 -4 -5 14 13 -8 8 29 -11 26 12 -14 -15 -16 -17 17 -19 19 -21 -22 -23 -24 24 -26 -27 28 -29 -30 -31
leaf_value=-0.02299371602155377 0.16614496374877294 0.11380554460082962 0.10564073029202257 0.1200118413397656 0.075173219870491581 -0.034474981000259093 -0.016980936178326803 0.0871624157168326 0.055840546300990612 0.1225832894630198 -0.0095538574424028685 -0.02500664125274207 0.14062591788816156 0.063370911144953385 -0.015602396466148747 -0.025828524247993701 -0.012432197343304982 -0.0096622279485070479 0.1636642440478896 -0.0014656954069994265 -0.022735701515602346 -0.024653248627937673 0.092511480794645107 0.13828720481724521 -0.021737363214603574 -0.0050559146973157242 -0.016046520290021155 -0.0081330310674341388 0.085694860795444652 0.10348302532558823
leaf_weight=4.3227793127298373 1.5207222905010009 14.043783959001301 42.229310523718596 2.7148519307374945 1.604295091703533 26.233368383720517 13.634455800056456 3.5202613808214691 19.345922406762838 6.2025054898113012 20.354196818545464 0.94725394062697921 1.2898119967430828 1.9534877333790053 12.879829332232474 223.72992780245841 4.2151165585964945 8.3896904718130809 5.6414991766214353 2.0503942091017962 0.80631133727729309 198.57341903820634 1.4442382063716639 1.9046245403587811 2.0433825924992561 1.1968840043991802 1.8151892125606526 112.67242876626551 2.8654839377850294 15.161901816725729
leaf_count=187 55 94 279 13 40 1384 686 82 160 116 666 39 12 52 669 12214 229 411 216 113 45 10940 74 77 85 60 61 5887 62 76
internal_value=0 -0.00678509 0.0838164 -0.0156743 0.0234063 -0.0164643 0.0286647 0.0639732 0.0512725 0.0751201 0.0161075 0.0199637 0.0844322 -0.0185254 -0.00134237 -0.0189041 -0.0146027 0.0400794 0.0712156 0.109646 0.140432 -0.018063 -0.00896168 -0.0106098 0.0527935 0.0952248 0.00315205 -0.0133188 0.0503599 0.0790983
internal_weight=0 697.073 58.2342 619.966 16.0048 617.252 26.3968 77.1067 63.063 12.7624 28.5551 6.55985 2.23707 590.855 14.4841 588.901 365.171 21.103 12.7133 8.4982 6.44781 344.068 145.495 144.051 5.14489 3.10151 25.0349 138.906 4.68067 34.5078
internal_count=35084 34041 1043 32840 764 32827 1040 1201 1107 354 871 238 51 31787 709 31735 19521 1014 603 374 261 18507 7567 7493 222 137 789 7271 123 236
is_linear=0
shrinkage=0.05


Tree=13
num_leaves=31
num_cat=0
split_feature=15 2 19 2 19 21 5 31 19 21 33 17 14 0 3 23 19 0 25 2 33 39 14 21 0 21 19 21 3 15
split_gain=155.775 118.962 55.2481 25.3287 19.968 28.4905 61.4737 17.9637 20.7523 15.8055 15.4603 13.9187 13.4184 13.0358 10.7288 10.6821 8.2431 7.3275 7.33741 7.07998 6.72352 6.52547 5.57641 5.7585 5.21025 4.97806 13.6957 10.76 15.2518 11.7381
threshold=834.50000000000011 3.2431217894498432 0.026869212962962966 3.366521105234225 2.8061574074074076 4.35738425925926 1.0000000180025095e-35 6.5000000000000009 12.109392361111114 10.028182870370372 0.065591397849462371 4.5000000000000009 311885.57500000001 3869.3100000000004 0.52179737775173418 1.0000000180025095e-35 20.780341435185189 189.56500000000003 2.5000000000000004 8.6113472687705315 0.35388994307400384 117.25000000000001 8677.5600000000013 14.81623263888889 2354.9400000000005 1.3163020833333337 2.0146585648148156 9.8378356481481486 -1.0283734664783202 6584.5000000000009
decision_type=2 2 2 2 2 2 2 2 2 2 2 2 2 2 2 2 2 2 2 2 2 2 2 2 2 2 2 2 2 2
left_child=2 7 11 10 5 6 -3 8 9 20 12 14 -4 -14 -1 19 24 22 25 -6 -2 -11 -9 -24 -12 -19 27 28 29 -27
right_child=1 4 3 -5 15 -7 -8 17 -10 21 16 -13 13 -15 -16 -17 -18 18 -20 -21 -22 -23 23 -25 -26 26 -28 -29 -30 -31
leaf_value=-0.040673035532966001 0.064128066439307727 -0.02646800947843661 -0.014805698435283482 0.096634936185205272 -0.010850014324157685 0.11641654447322521 0.11369878983752878 -0.02056196361239215 -0.024836791690274952 0.0070308841768646352 0.11959798852280777 0.093443263888366213 0.16868801717881904 -0.026582879988543303 0.071292763828158495 0.10271940374806506 -0.028973584259842467 -0.029753093709758566 0.082920851019876438 0.050859086305885842 -0.014284151554208752 0.18557785686503964 0.079272778702226265 -0.016308038601867508 0.014036693832620108 0.19287194609919917 -0.01964367086733404 0.082983328986591984 -0.018684234118206376 0.011227036748581014
leaf_weight=3.513580009341239 5.0024924911558646 16.860730489715934 41.595601810142398 7.6284798793494693 19.614003989845521 18.31535853818059 13.128245119005443 3.9382402151823026 10.497768169268964 0.70949527807533685 3.7490813303738824 55.334310371428728 1.0366620961576694 1.0679067168384788 3.121226591989398 2.0376935042440882 1.3046325594186781 105.32081179507077 0.77503319084644218 5.0055481493473044 4.4676861427724361 2.1138488426804543 3.9168937616050243 1.8848584182560442 1.9413472656160591 0.64427726529539286 395.49160802364349 4.2053538244217625 16.073329091072083 2.2311530709266663
leaf_count=149 135 384 2023 62 780 95 71 205 553 28 61 426 18 41 48 43 62 5955 4 34 228 45 85 93 59 34 22361 146 885 122
internal_value=0 -0.00901717 0.0528352 0.0174338 0.0497101 0.0685995 0.0365816 -0.0169918 0.0256875 0.0674545 0.00387707 0.0853481 -0.0076525 0.0929564 0.0144382 0.0142387 0.0678536 -0.0188563 -0.0196644 0.00319188 0.0293048 0.154284 0.0224571 0.0503884 0.0910655 -0.0199738 -0.0174485 0.019308 0.00172488 0.0911928
internal_weight=0 632.234 120.293 58.3237 74.9616 48.3043 29.989 557.273 22.7913 12.2935 50.6952 61.9691 43.7002 2.10457 6.63481 26.6572 6.99506 534.482 524.742 24.6196 9.47018 2.82334 9.73999 5.80175 5.69043 523.967 418.646 23.1541 18.9488 2.87543
internal_count=35235 32286 2949 2326 1407 550 455 30879 989 436 2264 623 2082 59 197 857 182 29890 29507 814 363 73 383 178 120 29503 23548 1187 1041 156
is_linear=0
shrinkage=0.05


Tree=14
num_leaves=31
num_cat=0
split_feature=18 21 0 5 2 23 25 15 15 38 39 21 24 5 2 24 12 14 2 38 36 19 2 20 40 12 38 19 14 14
split_gain=146.157 84.9249 84.8778 60.9917 53.2919 21.6727 21.5276 15.6216 18.357 22.2581 28.9955 12.1455 12.8918 10.4802 9.19579 8.0363 7.60413 12.9621 6.47477 9.02452 15.6724 10.0714 7.44293 8.46997 6.82289 5.95947 7.36043 5.80484 5.65331 5.28208
threshold=1.0000000180025095e-35 10.925381944444446 108.27000000000002 1.0000000180025095e-35 5.858487696356609 1.0000000180025095e-35 2.5000000000000004 834.50000000000011 200.50000000000003 60.850000000000001 124.35000000000001 1.1262615740740742 11.312141203703705 1.0000000180025095e-35 2.4552459487799996 1.0000000180025095e-35 2298.1750000000006 18247.585000000003 2.582929053384841 44.45000000000001 1.0000000180025095e-35 0.52984953703703719 4.0947603852986338 1.5000000000000002 1.0183682953880597 10622.585000000003 21.450000000000003 20.996261574074079 11461.700000000003 15604.335000000003
decision_type=2 2 2 2 2 2 2 2 2 2 2 2 2 2 2 2 2 2 2 2 2 2 2 2 2 2 2 2 2 2
left_child=4 2 -2 5 6 11 7 8 14 10 16 -4 28 -6 -1 -7 17 -10 -9 20 24 -22 23 -23 -20 -18 -27 -28 -13 -12
right_child=1 -3 3 -5 13 15 -8 18 9 -11 29 12 -14 -15 -16 -17 25 -19 19 -21 21 22 -24 -25 -26 26 27 -29 -30 -31
leaf_value=-0.027672497667170483 0.090297842850959154 0.11239359282100035 -0.028936588871896568 0.10062905240977052 0.078162643314700728 0.023838800112530499 0.11891188370872462 -0.020033625975663473 -0.026922261206079975 -0.024558261729613999 0.017770570712577562 0.037726219227850515 0.1391358332934016 -0.018919231364026071 0.077285682937464129 0.13339412600414993 -0.034816859243248802 0.16513823874823863 -0.027679420262646404 -0.021086520764666081 -0.014447453175711715 0.19156693395251734 -0.0022986971043909713 0.027325192898412645 0.054503481498107215 -0.025614005725613648 0.093284237327255465 -0.02457896467974488 -0.027622252297866762 0.16129927134696664
leaf_weight=26.508700322359804 34.391777141019702 32.493057006970048 72.08105693757534 12.343651510775087 18.12927809543908 5.6366682294756165 2.0106550455093375 450.71836259588599 1.1105972807854478 10.060750160366295 1.0100893154740322 5.0719034448266012 1.0351141411811102 2.8499683979898682 1.3003784511238325 1.8013802021741865 5.1563897356390935 1.063935352489352 9.7162451818585414 20.722496369853616 1.7588506136089552 2.094682421535254 1.0619030911475418 1.5654123891144989 2.3226838838309041 2.9161578435450792 3.2170139066874981 0.9183511734008788 6.2801629453897476 5.3916571568697691
leaf_count=1263 154 220 3579 71 131 238 10 25924 54 490 18 226 10 35 30 10 237 29 470 1052 87 99 43 79 108 118 71 40 231 108
internal_value=0 0.0408475 0.0233947 0.00067528 -0.0116961 -0.0136878 -0.0147194 -0.0154246 0.00883758 0.0348767 0.0634533 -0.0211024 0.0232411 0.0647136 -0.0202522 0.0630357 0.0205161 0.089466 -0.0183412 0.00111245 0.0257595 0.0826566 0.11503 0.142259 -0.00885975 0.00239063 0.0305435 0.0674207 0.00226484 0.144113
internal_weight=0 171.135 138.642 104.25 571.605 91.9063 550.625 548.615 58.654 30.8449 20.7842 84.4682 12.3872 20.9792 27.8091 7.43805 14.3824 2.17453 489.961 39.2423 18.5198 6.48085 4.722 3.66009 12.0389 12.2079 7.05152 4.13537 11.3521 6.40175
internal_count=35235 4739 4519 4365 30496 4294 30330 30320 2458 1165 675 4046 467 166 1293 248 549 83 27862 1938 886 308 221 178 578 466 229 111 457 126
is_linear=0
shrinkage=0.05


Tree=15
num_leaves=31
num_cat=0
split_feature=15 2 19 3 19 21 5 38 13 24 21 38 2 19 19 38 21 14 24 2 38 38 24 0 39 13 40 0 40 19
split_gain=128.002 105.176 48.3626 18.8704 15.8888 21.6808 37.179 18.8584 15.5085 14.0994 13.5467 11.6548 11.4366 11.184 9.93812 9.66826 18.3912 8.94424 7.53894 5.04236 16.8161 9.54081 7.39977 11.8825 4.779 11.1657 8.34814 8.85615 8.4897 5.15374
threshold=760.50000000000011 3.2431217894498432 5.6275173611111127 -0.008861936523609967 2.0864004629629633 6.9328414351851864 1.0000000180025095e-35 69.65000000000002 4.5000000000000009 15.217690972222224 15.355787037037038 1.0000000180025095e-35 0.076593605290356553 30.207569444444449 28.0437962962963 60.150000000000013 10.46471064814815 14589.780000000001 27.491875000000004 2.4984811328393861 42.550000000000004 23.450000000000003 15.994907407407409 4948.7350000000015 431.70000000000005 16.500000000000004 0.4465580618421931 3606.1500000000001 0.82168782708867072 10.093015046296298
decision_type=2 2 2 2 2 2 2 2 2 2 2 2 2 2 2 2 2 2 2 2 2 2 2 2 2 2 2 2 2 2
left_child=2 12 8 -4 5 6 -3 10 -1 -5 -6 -10 -2 17 18 -13 -17 -12 -11 24 21 -21 -23 -24 -14 26 -26 28 29 -28
right_child=1 4 3 9 7 -7 -8 -9 11 14 13 15 19 -15 -16 16 -18 -19 -20 20 -22 22 23 -25 25 -27 27 -29 -30 -31
leaf_value=-0.029004200196201525 0.059468022179851809 -0.017436887584344418 -0.020456561032443782 -0.026069953647496747 -0.010966233314071237 0.10465783302845177 0.096076117391130852 -0.036299274210386742 -0.0028340358081445733 0.038472802691314464 -0.0018080078466168451 0.093106775975830752 -0.018827291238329973 -0.011704752100347104 -0.0045839369785034053 -0.01646212546235231 0.092740055481294534 0.11865068543127628 0.13357326438742417 0.0090757401028599607 -0.031713661309190205 0.013960368643302724 0.013925455280622716 0.21765376423297528 -0.015879822693124018 -0.042618995902216926 0.01278880474795286 -0.027168283580805936 0.024914600756323884 0.20503579850152587
leaf_weight=3.0727986786514512 3.9949335083365431 15.444020373746753 25.858995141461492 4.6327381953597095 6.7765356786549154 18.830796668305993 12.130347453057766 10.094510326161979 4.1378178019076577 5.0212033819407207 1.8326502349227647 51.894453350454569 492.374885186553 2.740434242412447 3.3059980385005465 6.8597492203116399 7.110591622069478 7.7882616948336363 4.8280872721225023 8.1684841681271809 14.539304424077271 2.0664016213268033 1.3250490073114636 1.0498760752379892 3.3064286801964027 5.1668700091540805 0.58392316661775101 1.1447067167609928 2.3046861980110407 1.1522300932556389
leaf_count=137 21 364 1221 205 199 88 64 360 153 167 52 406 28636 107 152 258 34 155 82 425 784 97 68 47 187 309 33 66 125 63
internal_value=0 -0.00842219 0.0484957 0.00658729 0.046401 0.0643438 0.0341138 0.0167314 0.0731003 0.044898 0.0451165 0.0779276 -0.0162135 0.0743811 0.0699661 0.0829677 0.0416015 0.0976952 0.0931056 -0.0168908 0.00396997 0.0444209 0.0958128 0.141793 -0.0180156 0.0105327 0.0439553 0.0785068 0.107894 0.168682
internal_weight=0 612.815 116.722 43.647 75.6376 46.4052 27.5744 29.2324 73.0754 17.788 19.1379 70.0026 537.178 12.3613 13.1553 65.8648 13.9703 9.62091 9.84929 533.183 27.1491 12.6098 4.44133 2.37493 506.034 13.6588 8.49197 5.18555 4.04084 1.73615
internal_count=35065 32250 2815 1827 1389 516 428 873 988 606 513 851 30861 314 401 698 292 207 249 30840 1421 637 212 115 29419 783 474 287 221 96
is_linear=0
shrinkage=0.05


Tree=16
num_leaves=31
num_cat=0
split_feature=15 2 38 39 41 2 41 25 2 2 39 31 0 39 40 19 2 14 10 17 10 38 12 31 40 31 38 9 40 2
split_gain=127.008 98.5383 43.1326 33.0984 22.7059 18.9824 14.2763 13.5196 12.5193 10.3058 12.7162 10.3351 9.67569 8.22032 8.0323 11.6488 7.60684 7.37441 6.64418 6.644 6.20034 6.06797 6.77055 6.60908 6.99849 5.54616 8.29082 5.46027 5.15052 5.13674
threshold=834.50000000000011 4.4398121770160843 60.850000000000001 123.65000000000002 1.0000000180025095e-35 2.0936472763529914 1.0000000180025095e-35 2.5000000000000004 2.4984811328393861 18.681431251286991 600.80000000000007 11.500000000000002 5307.0950000000012 155.25000000000003 0.40288397134415194 4.9688136574074084 0.14112139419481282 8677.5600000000013 2897.1550000000002 16.500000000000004 1180.6800000000001 375.60000000000008 1297.7300000000002 14.500000000000002 0.76408844833924039 16.500000000000004 39.550000000000004 3.5000000000000004 0.54804270279682765 5.858487696356609
decision_type=2 2 2 2 2 2 2 2 2 2 2 2 2 2 2 2 2 2 2 2 2 2 2 2 2 2 2 2 2 2
left_child=2 7 3 4 5 27 19 8 12 10 11 13 16 -3 -10 17 -2 -16 20 29 21 -18 23 -23 -25 -17 -27 -1 -19 -4
right_child=1 9 6 -5 -6 -7 -8 -9 14 -11 -12 -13 -14 -15 15 25 18 28 -20 -21 -22 22 -24 24 -26 26 -28 -29 -30 -31
leaf_value=-0.015645886429380442 0.040842587729074446 0.079179398108631463 -0.030074245768693109 0.098209958245865703 0.086290866643313063 0.070649375130804257 0.071411492110034766 0.10118136483339549 -0.016042490380609391 0.078369388000267465 0.092967206560428783 -0.0078147560139092877 -0.036547976988044358 -0.0086523071817911756 -0.0085623423465324301 -0.019626281332566591 -0.018131699657215044 -0.0058834728501309776 0.014366843206548833 0.073502891547457525 -0.044259338101109644 0.0013986424658532369 -0.010007557485571967 0.17511799623168545 -0.0157894088865565 0.10803623313714238 -0.0078759665544288707 0.071068003101071461 0.10371793173373976 0.041434913034829275
leaf_weight=24.639704225584868 4.753068955615162 7.544381948187949 24.616567952558409 38.472465400584042 14.326186472550033 9.1613741591572744 4.3156157191842786 1.4371073842048634 20.295058446004987 22.21589383110404 6.157984096556901 16.705652456730604 72.238932710140944 3.606199249625206 2.3756256019696611 11.772816073149444 374.4031164990738 1.1383270844817159 15.09927336219698 0.91953173838555713 21.791002474725246 1.8827209509909137 6.3596904166042805 0.77348463423550107 0.44847387075424194 1.5185604020953167 3.6646995600312948 0.96807561442255874 6.1759671606123447 1.9140445180237282
leaf_count=1063 73 100 1170 399 85 125 55 7 1000 124 31 309 4287 61 104 619 22295 39 872 26 1298 103 374 42 24 66 201 16 181 10
internal_value=0 -0.0103292 0.0459285 0.0638573 0.0355146 0.0127654 -0.00393608 -0.0168432 -0.0173394 0.0521263 0.0332373 0.017269 -0.0196648 0.0523995 0.00721387 0.0248668 -0.0167195 0.0657435 -0.0174651 -0.0178756 -0.0186823 -0.0171192 0.02084 0.0710726 0.12948 -0.000853534 0.0380635 -0.00982001 0.0880045 -0.0235976
internal_weight=0 602.358 119.334 87.5678 49.0953 34.7692 31.7658 546.128 544.691 56.2301 34.0142 27.8562 497.75 11.1506 46.9411 26.646 425.511 9.68992 420.758 27.4501 405.658 383.867 9.46437 3.10468 1.22196 16.9561 5.18326 25.6078 7.31429 26.5306
internal_count=35159 32210 2949 1688 1289 1204 1261 31585 31578 625 501 470 29368 161 2210 1210 25081 324 25008 1206 24136 22838 543 169 66 886 267 1079 220 1180
is_linear=0
shrinkage=0.05


Tree=17
num_leaves=31
num_cat=0
split_feature=18 23 21 3 5 1 25 9 21 38 38 12 1 47 17 39 38 39 39 19 3 39 20 1 19 38 13 13 17 40
split_gain=127.782 64.6891 58.3516 45.8319 44.2955 28.5313 25.0189 18.458 12.0528 10.9423 9.49925 8.37543 8.74714 8.03306 6.19659 5.96853 13.4394 25.5448 8.71725 10.3085 7.23736 8.12517 7.10683 6.86777 5.80017 5.44119 6.22722 5.29249 6.30849 7.05512
threshold=1.0000000180025095e-35 1.0000000180025095e-35 10.925381944444446 3.3351611547134037 1.0000000180025095e-35 4.6938208115486804 2.5000000000000004 1.5000000000000002 0.35560763888888897 60.850000000000001 12.65 157003.97 9.5388527470077218 1.0000000180025095e-35 6.5000000000000009 82.15000000000002 64.350000000000009 235.95000000000002 151.25000000000003 25.864438657407412 -0.6862206336261697 168.45000000000002 2.5000000000000004 9.015224110786928 23.777048611111116 56.750000000000007 20.500000000000004 30.500000000000004 4.5000000000000009 1.0183682953880597
decision_type=2 2 2 2 2 2 2 2 2 2 2 2 2 2 2 2 2 2 2 2 2 2 2 2 2 2 2 2 2 2
left_child=3 2 4 6 5 -2 7 11 -7 10 -9 15 24 27 -10 -1 17 18 -17 20 -20 22 23 25 -13 26 -22 28 -12 -30
right_child=1 -3 -4 -5 -6 8 -8 9 14 -11 13 12 -14 -15 -16 16 -18 -19 19 -21 21 -23 -24 -25 -26 -27 -28 -29 29 -31
leaf_value=-0.026011132227533186 0.070945916766474534 0.087864240022461335 0.089397953975243027 0.07456317449129056 0.087541149873442969 -0.028952984017245467 0.10949193063312997 -0.013200727127358539 0.0042392292314867904 -0.016096851368073598 -0.023798209149325372 0.12848599586739404 -0.031393328750668817 -0.032012903191594513 0.083758910305224643 -0.011263723868538062 -0.022012713970244277 0.1207335543645721 -0.017936616422896647 -0.034378061170753628 0.1923587836113054 0.018465357928805003 -0.0055739781500570825 -0.017818129380855162 -0.018759172321235942 0.007191361254889595 0.0096225759831131338 0.0035376879768100641 0.1136075775817601 0.013016689605276986
leaf_weight=155.14727360103279 8.7616995796561223 46.050601435825229 22.795333776623011 14.06936353817582 12.333647685125468 65.368870327249169 3.0911485701799384 5.5815676907077458 13.900657220743595 12.476760937832294 0.86090396158396743 1.706776577979326 1.5990645652636883 1.5627474449574954 2.0064584482461205 108.67320513259619 207.37146270368248 3.1336883660405865 3.4747355524450603 5.0875361571088424 2.4578612931072703 7.089905196800828 1.2233158331364391 0.53328272700309742 0.58403821662068356 0.73602709919214238 0.66534521244466294 2.5144067108631143 8.5627193264663202 2.476106170564889
leaf_count=9089 50 427 165 79 64 3396 14 254 627 639 37 56 89 65 35 6176 12371 100 177 291 105 304 68 28 35 42 37 94 211 82
internal_value=0 0.0378274 0.0188676 -0.0115083 0.00244946 -0.0100402 -0.0138995 -0.0148179 -0.0195269 0.0203777 0.0412648 -0.0172521 0.04836 0.0599492 0.0186303 -0.0178634 -0.014085 -0.00165925 -0.0055104 0.023073 0.0420866 0.0586126 0.0988457 0.123567 0.0966532 0.142751 0.165205 0.0713495 0.0842931 0.0939996
internal_weight=0 171.217 125.167 550.679 102.371 90.0377 536.61 533.519 81.276 34.0352 21.5585 499.484 3.88988 15.9769 15.9071 495.594 340.446 133.075 129.941 21.268 16.1805 12.7057 5.61583 4.39252 2.29081 3.85923 3.12321 14.4141 11.8997 11.0388
internal_count=35207 4764 4337 30443 4172 4108 30364 30350 4058 1382 743 28968 180 489 662 28788 19699 7328 7228 1052 761 584 280 212 91 184 142 424 330 293
is_linear=0
shrinkage=0.05


Tree=18
num_leaves=31
num_cat=0
split_feature=18 17 2 15 41 21 5 15 21 38 39 15 25 2 15 38 40 40 0 17 3 33 19 21 19 21 0 38 15 12
split_gain=105.199 52.7409 38.8593 23.5695 21.9605 32.0832 41.0117 21.1027 21.0587 19.1282 18.5615 10.8037 9.2637 7.64598 7.1628 6.98911 6.50426 6.22695 5.92815 5.72293 5.66629 6.05739 5.42959 6.39919 6.80153 21.7911 14.4757 7.5797 13.0493 8.44304
threshold=1.0000000180025095e-35 4.5000000000000009 8.6113472687705315 834.50000000000011 1.0000000180025095e-35 1.0000000180025095e-35 1.0000000180025095e-35 151.50000000000003 10.028182870370372 60.850000000000001 124.35000000000001 33282.500000000007 2.5000000000000004 1.3864714171529346 167.50000000000003 61.45000000000001 0.39337638986644918 0.82168782708867072 1878.8200000000004 14.500000000000002 1.4487043663701498 0.029857397504456332 31.296290509259261 0.089456018518518532 4.8845254629629631 9.8378356481481486 1966.2150000000004 33.95000000000001 9207.5000000000018 26841.945000000003
decision_type=2 2 2 2 2 2 2 2 2 2 2 2 2 2 2 2 2 2 2 2 2 2 2 2 2 2 2 2 2 2
left_child=2 8 3 7 5 6 11 18 17 10 20 -3 22 -10 -7 -4 -13 -2 -1 -11 21 -9 23 -5 25 27 -27 28 -25 -29
right_child=1 4 15 12 -6 14 -8 9 13 19 -12 16 -14 -15 -16 -17 -18 -19 -20 -21 -22 -23 -24 24 -26 26 -28 29 -30 -31
leaf_value=-0.036699019468194025 -0.02647041727686298 -0.034667147737847216 0.089150199299277352 -0.034957731711385338 0.085666175899880584 -0.0092607945947880774 0.090852227885306336 -0.0085063050865494434 -0.017543373920271135 -0.025407151831538084 0.10473208323618473 0.058448050097657495 0.084875129358340684 0.08833590759050898 0.088178695960351355 0.0097494418511085926 -0.0094439121719083526 0.014866027357588883 0.021567206857481147 0.06385216537292572 0.076837550527206519 0.06455046870582172 -0.028403216877152235 0.066310168945811099 -0.014551762596929871 -0.0090142152055193991 0.18266472768094597 -0.024395679202556267 -0.011590733615430126 0.043356109880179849
leaf_weight=16.318926301784817 36.482815445400774 22.381383705884218 10.452929720282553 30.552184854634106 39.43696123547852 1.8406129162758613 11.503255948424338 11.666155171580618 1.8301780000328998 11.454237125813959 11.940992185845969 5.3833732604980451 1.3269683867692936 6.4553172755986452 24.787150994874537 4.008825108408927 7.3639889750629663 11.312942069955168 5.0944450087845317 1.1266217343509186 2.951789926737546 2.6772124618291846 70.329170914366841 7.9645984983071711 296.78452840261161 1.408889485523104 1.7010474819689987 36.756070489063859 12.825688275508581 4.3105278005823484
leaf_count=831 1879 1098 52 1936 207 17 50 545 42 577 163 276 6 41 254 23 379 509 222 38 46 61 4393 464 17774 83 59 2219 753 253
internal_value=0 0.0361114 -0.00898559 -0.0112571 0.0556845 0.0386085 0.0130057 0.0171854 -0.00350763 0.0375545 0.0591546 -0.014295 -0.015162 0.0655777 0.0813519 0.0691942 0.0213937 -0.0165822 -0.0224932 -0.0133009 0.0236822 0.00844818 -0.0156314 -0.0132754 -0.0113529 0.00325959 0.114764 -0.00408304 0.019926 -0.0164226
internal_weight=0 168.778 541.652 527.19 112.697 73.2598 46.632 63.2304 56.0813 41.817 29.2361 35.1287 463.96 8.2855 26.6278 14.4618 12.7474 47.7958 21.4134 12.5809 17.2952 14.3434 462.633 392.304 361.751 64.9668 3.10994 61.8569 20.7903 41.0666
internal_count=35250 4752 30498 30423 2281 2074 1803 2483 2471 1430 815 1753 27940 83 271 75 655 2388 1053 615 652 606 27934 23541 21605 3831 142 3689 1217 2472
is_linear=0
shrinkage=0.05


Tree=19
num_leaves=31
num_cat=0
split_feature=18 23 2 21 5 2 10 14 31 19 33 31 24 31 14 1 33 21 2 39 25 31 24 24 39 14 19 24 2 38
split_gain=101.446 47.7659 44.5118 35.0673 28.3595 24.0528 19.1834 13.0014 11.421 10.6971 15.2281 8.34184 7.62975 7.07316 6.47334 24.6454 7.81096 6.68604 6.12212 5.84284 5.44359 5.42109 5.58281 5.20207 5.08648 8.20122 6.90912 7.657 5.08556 5.82527
threshold=1.0000000180025095e-35 1.0000000180025095e-35 8.6113472687705315 10.925381944444446 1.0000000180025095e-35 0.20005925151607171 4283.130000000001 79465.265000000014 5.5000000000000009 12.222783564814817 0.52086956521739147 13.500000000000002 26.053217592592596 3.5000000000000004 236325.32500000004 7.0264978474694786 0.01709526592635886 21.589432870370374 4.4398121770160843 170.35000000000005 1.5000000000000002 6.5000000000000009 8.3901446759259262 16.071620370370375 446.25000000000006 19817.810000000001 10.093015046296298 21.92125578703704 1.8517028422813187 44.45000000000001
decision_type=2 2 2 2 2 2 2 2 2 2 2 2 2 2 2 2 2 2 2 2 2 2 2 2 2 2 2 2 2 2
left_child=2 3 6 4 5 -2 8 11 9 10 13 12 19 -1 24 16 17 -16 -9 -8 -17 22 -7 -6 28 26 -26 -28 -10 -30
right_child=1 -3 -4 -5 23 21 7 18 14 -11 -12 -13 -14 -15 15 20 -18 -19 -20 -21 -22 -23 -24 -25 25 -27 27 -29 29 -31
leaf_value=0.031219554076595903 0.065867592160902794 0.077999370845419469 0.072769444427241189 0.073531180529438286 0.016115704379439239 -0.027141209177714256 0.13984751919111421 -0.0097888943752064191 -0.021644266555025094 -0.012893018157462905 -0.035678172843940877 0.012309915992085694 -0.010604257100742863 0.14756127869625699 0.02475928743127204 -0.017698999884989731 -0.0030963889966030157 0.21691279157250182 0.063169438832939018 0.019217152212764554 0.081882213151633257 -0.018194254099244148 0.089593849152586807 0.090884064799985675 -0.027444551022011262 -0.020046965466705133 0.14684115420183302 0.0055113487722906005 0.0060298562473160983 -0.02052680306653314
leaf_weight=3.0343742184340972 9.3173104114830476 45.065551077947021 14.757910910993813 21.912154871970415 3.6920136623084536 1.1312108049169176 4.2386558894067985 22.069624683819715 348.54322675708681 9.3716584835201484 2.3319750409573317 6.0016070678830147 1.3178816772997377 2.8013242669403553 0.95835274737328591 21.553121098317209 0.87614116538316 1.0158785190433262 2.2848905883729449 1.6833561714738605 0.47728857770562072 73.213855244219303 1.4593495242297647 8.9167562425136548 1.1699402602389435 6.6906285407021642 1.5315017998218539 1.6727460660040376 39.633419751189649 41.323504410684109
leaf_count=103 88 419 73 160 27 56 129 1056 21668 508 130 259 58 40 38 1312 32 20 17 43 15 3830 51 39 69 391 74 94 2075 2366
internal_value=0 0.0346787 -0.0100803 0.0178499 0.00474727 -0.00590084 -0.012564 0.0214392 -0.0152497 0.0234247 0.0619569 0.0593891 0.0921857 0.100484 -0.0167541 0.00779513 0.12465 0.163322 -0.00072261 0.113288 -0.0120799 -0.0154648 0.0452573 0.0717839 -0.018155 0.014317 0.0608289 0.0919211 -0.0190229 -0.00761074
internal_weight=0 164.708 535.339 119.643 97.7305 85.1217 520.581 37.596 482.985 17.5393 8.16767 13.2415 7.23989 5.8357 465.446 24.8808 2.85037 1.97423 24.3545 5.92201 22.0304 75.8044 2.59056 12.6088 440.565 11.0648 4.37419 3.20425 429.5 80.9569
internal_count=35240 4670 30570 4251 4091 4025 30497 1562 28935 781 273 489 230 143 28154 1417 90 58 1073 172 1327 3937 107 66 26737 628 237 168 26109 4441
is_linear=0
shrinkage=0.05


Tree=20
num_leaves=31
num_cat=0
split_feature=18 21 0 6 2 25 15 15 38 39 3 12 6 14 0 38 14 21 39 17 19 19 13 17 0 17 14 14 0 38
split_gain=81.8147 42.3946 49.4174 39.9339 37.5951 15.1065 11.2565 11.1304 13.1233 16.1996 8.40936 8.10991 7.99412 7.3687 7.21723 7.898 6.6498 5.53286 5.3488 6.27502 8.39824 5.18739 5.70252 5.12095 4.75365 5.31509 6.54546 4.71613 4.62403 5.42728
threshold=1.0000000180025095e-35 10.925381944444446 108.27000000000002 1.5000000000000002 5.858487696356609 2.5000000000000004 834.50000000000011 200.50000000000003 60.850000000000001 124.35000000000001 0.83216246042181174 2980.0700000000006 1.0000000180025095e-35 42023.69000000001 5861.6050000000005 69.050000000000011 18247.585000000003 1.1262615740740742 180.75000000000003 7.5000000000000009 9.3633101851851865 22.813211805555557 23.500000000000004 6.5000000000000009 189.56500000000003 7.5000000000000009 3955.4600000000005 14907.040000000003 3175.6100000000001 26.350000000000005
decision_type=2 2 2 2 2 2 2 2 2 2 2 2 2 2 2 2 2 2 2 2 2 2 2 2 2 2 2 2 2 2
left_child=4 2 -2 10 5 6 7 13 9 11 17 16 -6 -1 15 28 -9 -4 19 -15 -21 22 -11 27 25 26 -8 -19 -12 -30
right_child=1 -3 3 -5 12 -7 24 8 -10 21 14 -13 -14 18 -16 -17 -18 23 -20 20 -22 -23 -24 -25 -26 -27 -28 -29 29 -31
leaf_value=-0.035965688987356755 0.074539292749217237 0.081257915094010535 -0.027751414139807442 0.091273353576641639 0.065497785043787907 0.0917829356648589 -0.028029513291617125 -0.0081553033187504852 -0.019501292748082984 0.1411167537814037 0.017866399168045225 -0.0079940633024224318 -0.0089796705788114228 -0.010270761295518438 -0.0096844588758931809 -0.01551416829880879 0.12376232158899339 0.026560794809503508 -0.037128252767082558 0.14272593099196609 0.011230611945530822 0.0084433125795753683 0.026647273226478287 0.08133407884055488 -0.014872491089955413 -0.033291125683453646 0.086802788349255144 -0.041327186919962136 0.018987661369885084 0.12618297025745648
leaf_weight=15.42431544698775 29.715437607839704 34.191101321950555 46.569934705272317 10.139114523306487 19.383986016735438 2.5747192353010169 1.2304408401250828 1.3510502697900002 9.3862569509074074 4.9471161738038045 4.6866011563688499 10.93497857172042 4.1057229675352565 3.9030630588531476 18.811924739740789 4.6484973942860952 1.520834060385823 4.7015220001339895 2.6109636034816495 1.3137267455458639 2.9563047531992197 1.5081777833402155 2.0012295283377171 1.1737395506352175 435.52192040532827 1.7942968718707559 2.9698652476072311 3.6526079922914505 2.3109116796404123 2.8047241289168596
leaf_count=815 149 224 2894 45 134 11 79 66 477 49 235 432 41 182 354 249 41 220 132 44 130 42 33 24 27482 97 147 159 75 86
internal_value=0 0.032521 0.0190999 0.00196603 -0.00788504 -0.0108167 -0.0115281 0.00908572 0.0286449 0.0489091 -0.00906501 0.0133318 0.0526449 -0.0147189 0.0106547 0.0360452 0.0756249 -0.0207394 0.0161433 0.0353536 0.0710927 0.0994435 0.115648 0.012914 -0.0142438 0.0270283 0.0542424 -0.00436623 0.0596688 0.0887819
internal_weight=0 163.406 129.215 99.4996 525.439 501.949 499.375 57.858 31.6496 22.2634 89.3605 13.8069 23.4897 26.2084 33.2627 14.4507 2.87188 56.0978 10.7841 8.17309 4.27003 8.45652 6.94835 9.52787 441.517 5.9946 4.20031 8.35413 9.80224 5.11564
internal_count=35148 4714 4490 4341 30434 30259 30248 2443 1140 663 4296 539 175 1303 999 645 107 3297 488 356 174 124 82 403 27805 323 226 379 396 161
is_linear=0
shrinkage=0.05


Tree=21
num_leaves=31
num_cat=0
split_feature=15 2 38 39 31 19 34 39 13 19 33 2 19 20 38 39 19 0 38 14 3 14 2 15 3 31 13 14 15 0
split_gain=90.1654 65.0899 24.7677 17.2781 13.7088 17.2948 11.6269 13.5521 11.5144 11.2741 9.629 8.11374 7.41113 6.96806 7.09322 16.8989 10.979 9.89703 8.96852 9.30861 8.52489 9.24409 7.28662 6.51338 6.65509 9.89535 16.5348 9.8413 9.07722 9.18284
threshold=560.50000000000011 3.2431217894498432 60.850000000000001 123.65000000000002 6.5000000000000009 0.95651620370370372 1.0000000180025095e-35 600.80000000000007 5.5000000000000009 0.078871527777777797 0.037749287749287756 18.681431251286991 0.026869212962962966 1.0000000180025095e-35 64.350000000000009 145.75000000000003 25.864438657407412 5307.0950000000012 34.350000000000001 9623.215000000002 1.7664787029012319 23211.615000000009 2.95752475360328 10462.500000000002 -0.6106415096023079 14.500000000000002 22.500000000000004 21348.580000000002 1218.5000000000002 3445.1350000000007
decision_type=2 2 2 2 2 2 2 2 2 2 2 2 2 2 2 2 2 2 2 2 2 2 2 2 2 2 2 2 2 2
left_child=2 4 3 9 5 8 7 10 -2 -1 11 -3 -4 -6 15 20 17 18 19 -17 23 -22 -23 24 25 26 27 -15 -29 -30
right_child=1 6 12 -5 13 -7 -8 -9 -10 -11 -12 -13 -14 14 -16 16 -18 -19 -20 -21 21 22 -24 -25 -26 -27 -28 28 29 -31
leaf_value=0.058586836243683708 -0.030671034460021059 -0.0089761328323008632 0.034782622184454534 0.083151611387072985 -0.039771975129121208 -0.0075396760862836004 0.066520406686630243 0.074943630880944564 0.10672810897733383 0.0073308604524386896 0.059579416622463161 0.041995092301208133 -0.020672991038566915 0.018744863251578283 -0.020600920544652446 -0.024036975322986171 -0.028676511932873256 -0.03023098108865508 0.029226728287737688 0.12595385901347797 -0.032031047195437166 0.14182749788201773 -0.0046333232401249234 -0.020695485122796894 -0.011488892614315158 -0.011932261276240058 -0.029463924141197962 -0.019340289528074504 0.18769211759819071 -0.016215321091442574
leaf_weight=22.377652188763022 1.4520468413829828 34.292510407045484 8.4910157378762978 35.520635217428207 26.346763046458364 15.569600901566444 20.545733840204775 9.4675750695168954 6.2135453000664711 20.428649781271815 7.8763087280094615 9.0287356600165349 15.496316373348234 3.3228732813149708 201.50092341285199 0.89496280625463498 5.7972375601530066 3.0917109241709104 11.946527887135742 5.2714209919795394 1.6855357158929098 1.581418799236417 1.1740253735333679 136.13319248706102 62.309244820848107 11.855904325842856 3.6894553396850824 0.58440829440951381 2.8892070585861807 0.46828977670520533
leaf_count=251 66 1003 144 331 1794 829 219 55 120 800 119 59 882 209 13032 53 362 161 656 215 88 66 56 8674 3836 737 227 23 161 29
internal_value=0 -0.00659555 0.0440651 0.0575273 -0.0133045 0.0235093 0.0346782 0.0229902 0.0801655 0.0348514 0.0121311 0.00235479 -0.000436453 -0.0151297 -0.013616 -0.00798697 0.0287169 0.0449928 0.0587428 0.103868 -0.0124855 0.0496276 0.0948072 -0.0139499 -0.00304658 0.0195288 0.0517293 0.0915395 0.136693 0.162057
internal_weight=0 584.989 102.314 78.3269 503.778 23.2352 81.2109 60.6651 7.66559 42.8063 51.1976 43.3212 23.9873 480.543 454.196 252.695 27.0019 21.2046 18.1129 6.16638 225.694 4.44098 2.75544 221.253 85.1194 22.8101 10.9542 7.26478 3.94191 3.3575
internal_count=35257 32849 2408 1382 31394 1015 1455 1236 186 1051 1181 1062 1026 30379 28585 15553 1447 1085 924 268 14106 210 122 13896 5222 1386 649 422 213 190
is_linear=0
shrinkage=0.05


Tree=22
num_leaves=31
num_cat=0
split_feature=2 2 19 31 19 21 6 19 38 15 21 24 38 25 33 37 24 19 39 13 14 24 19 38 39 38 14 0 21 2
split_gain=78.8273 73.3706 14.9689 14.1074 17.2153 10.0489 23.122 17.1057 16.0943 10.2285 9.71505 9.32647 9.16826 8.57613 7.94317 5.45191 5.35031 6.24793 5.23409 6.69703 6.7586 6.47706 7.09672 6.3091 19.4699 11.4251 8.68222 9.86571 10.9247 10.7516
threshold=3.2431217894498432 0.17068616326010347 4.7784953703703712 6.5000000000000009 4.2394270833333341 8.2611979166666689 1.0000000180025095e-35 8.0801273148148169 66.050000000000011 560.50000000000011 0.54864004629629637 10.855173611111114 18.250000000000004 2.5000000000000004 0.46589147286821714 1.0000000180025095e-35 24.927552083333335 30.207569444444449 418.65000000000003 11.500000000000002 9979.880000000001 24.766464120370376 11.067482638888892 71.65000000000002 137.65000000000001 40.050000000000004 9255.340000000002 5307.0950000000012 28.052719907407411 0.79300528280178695
decision_type=2 2 2 2 2 2 2 2 2 2 2 2 2 2 2 2 2 2 2 2 2 2 2 2 2 2 2 2 2 2
left_child=1 2 -1 4 10 6 9 -7 12 -2 -3 -8 -9 15 -12 18 -14 -18 23 20 -20 22 -22 24 -5 26 -26 28 29 -28
right_child=5 3 -4 13 -6 7 11 8 -10 -11 14 -13 16 -15 -16 -17 17 -19 19 -21 21 -23 -24 -25 25 -27 27 -29 -30 -31
leaf_value=0.072269943325731542 0.062725121072147255 -0.0056348209837247115 -0.015232777567387249 -0.014893574256500284 -0.012769749179553803 0.084382007642315016 -0.011554236752381881 -0.009932542908221445 -0.027597912524814468 -0.02351783967084467 0.10942204432048941 0.08705081073136052 0.029192657432480812 0.073935845276685633 -0.010923060828764139 0.08841887313902913 0.11170782657695957 0.0032703999709553493 -0.016759004569279101 -0.010194060251127748 0.022142217943372816 -0.022036027954679932 0.17375804712760914 -0.021467067996365052 -0.034135690093202407 0.00071061805661457923 0.032071198265724868 -0.021967528474090989 -0.012858379902085158 0.13947158224018183
leaf_weight=33.238638874143362 3.1492742523551014 3.4015257600694921 5.337092828936874 271.02723757736385 14.280484731309114 27.749395508319139 2.6773098465055218 4.4286383111029926 8.4163835821673256 19.444836150854826 7.4180140327662212 11.944773791357873 6.728347945958375 1.8894181102514256 1.4337430307641623 0.34464453347027202 7.0962914694100601 1.6626944076269863 1.9492872487753619 9.9308225940912944 1.7025465145707137 0.76465190574526776 1.2219572626054285 176.73491504881531 2.0394691852852729 31.365778977051377 4.6366196591407043 2.456856118515133 2.4055644962936631 5.9797289846464992
leaf_count=217 24 148 198 17049 772 136 27 148 318 503 70 57 134 8 68 3 78 58 112 621 81 47 58 11598 125 1697 191 131 138 264
internal_value=0 -0.00565307 0.0600846 -0.0104428 0.0245009 0.043635 0.0226032 0.0569513 0.0281241 -0.00934787 0.0656238 0.0694123 0.0518655 -0.0122892 0.0907993 -0.0127503 0.0690675 0.0935678 -0.0129906 0.0148577 0.0538696 0.086804 0.113625 -0.0138917 -0.00965281 0.0191196 0.050262 0.0627789 0.0791944 0.099364
internal_weight=0 579.559 38.5757 540.983 26.5338 93.2979 37.2162 56.0818 28.3324 22.5941 12.2533 14.6221 19.916 514.449 8.85176 512.56 15.4873 8.75899 512.215 15.5693 5.63844 3.68916 2.9245 496.646 319.911 48.884 17.5182 15.4788 13.0219 10.6163
internal_count=35079 33596 415 33181 1058 1483 611 872 736 527 286 84 418 32123 138 32115 270 136 32112 919 298 186 139 31193 19595 2546 849 724 593 455
is_linear=0
shrinkage=0.05


Tree=23
num_leaves=31
num_cat=0
split_feature=23 3 24 9 12 19 39 17 13 24 19 2 35 21 19 13 39 38 3 19 24 19 21 38 38 3 0 6 15 15
split_gain=82.203 48.3181 43.4702 21.3327 16.3798 15.6279 11.2993 9.94651 16.5584 7.95315 7.47911 11.9378 7.19976 6.66363 9.7639 13.9397 16.5164 21.7333 6.43048 5.95746 5.70337 8.09553 6.87987 6.6597 6.80187 6.02622 5.28475 12.7196 5.23656 5.01174
threshold=1.0000000180025095e-35 1.7261706761296711 1.0000000180025095e-35 1.5000000000000002 15958.700000000003 1.0000000180025095e-35 251.25000000000003 6.5000000000000009 28.500000000000004 40.896730324074078 9.0554513888888906 1.1293861179578433 1.0000000180025095e-35 1.0000000180025095e-35 0.026869212962962966 5.5000000000000009 89.250000000000014 69.65000000000002 -1.6231960982235651 1.1685011574074078 10.032690972222225 15.911203703703706 3.9350057870370376 18.250000000000004 70.950000000000017 1.8135750540266267 5307.0950000000012 1.0000000180025095e-35 18441.000000000004 254.50000000000003
decision_type=2 2 2 2 2 2 2 2 2 2 2 2 2 2 2 2 2 2 2 2 2 2 2 2 2 2 2 2 2 2
left_child=1 3 5 13 6 12 9 18 10 20 -9 -12 -2 -1 15 -15 -17 29 -5 -4 -3 22 -22 -24 -25 -23 27 -16 -6 -18
right_child=2 4 19 7 28 -7 -8 8 -10 -11 11 -13 -14 14 26 16 17 -19 -20 -21 21 25 23 24 -26 -27 -28 -29 -30 -31
leaf_value=-0.028324966349206435 0.063481676143216176 -0.034557841295409834 0.076988553468359311 0.036049816202982962 0.067609034875832349 -0.012033689791027475 0.050494872300821253 0.083638625624286117 -0.021089763596611827 0.084343813422952663 -0.031881406810473419 0.098418461116973541 -0.023000862310645711 -0.027097036401295363 -0.011888167822114675 -0.032993495364586817 -0.016283883989516391 -0.0081010306262485083 -0.029411459090280263 0.14434725116466948 -0.0030476279756323369 0.049378094778114341 -0.021576375925495633 0.09744484898739246 -0.0018139110933771019 -0.037469398076493146 -0.027342456553582375 0.091141338216870482 -0.0026475314392028016 0.13965550916509228
leaf_weight=69.371958069503307 13.825354047119619 10.346407287754117 29.342326685786247 4.5395073965191832 24.53212223388255 23.474262748844922 14.671773334033785 13.412872457876807 7.360226619988679 1.7072199275717128 4.2222706330940118 1.6727128596976397 2.3414216684177509 9.4714013431221264 315.73254706524312 4.0383914737030855 0.34448393620550444 4.4230840820819139 10.796721005812286 5.0512582948431364 10.599868471734228 1.5009884182363737 1.926549119874833 5.6492449501529336 2.2823412381112576 10.992097358219324 58.03921417798847 2.0357189159840337 2.8774037715047589 6.0699610775336623
leaf_count=4553 277 328 139 153 253 1494 207 166 328 25 218 76 127 567 20503 124 5 156 515 31 202 84 60 98 60 403 3764 80 83 112
internal_value=0 -0.00514511 0.0503669 -0.0110164 0.0290756 0.0140195 0.0139299 0.0227523 0.0406862 0.001171 0.0641143 0.0140031 0.0503462 -0.0140793 -0.0115452 0.0186037 0.0475751 0.0778484 -0.00901435 0.0906801 -0.0039385 0.00641045 0.0253278 0.053309 0.0718776 -0.0241489 -0.0135426 -0.0109443 0.0604 0.130214
internal_weight=0 598.617 74.0346 511.531 87.086 39.641 59.6765 42.0043 26.6681 45.0047 19.3079 5.89498 16.1668 469.527 400.155 24.3473 14.8759 10.8375 15.3362 34.3936 43.2975 32.9511 20.458 9.85814 7.93159 12.4931 375.807 317.768 27.4095 6.41445
internal_count=35191 33123 2068 31320 1803 1898 1467 1456 788 1260 460 294 404 29864 25311 964 397 273 668 170 1235 907 420 218 158 487 24347 20583 336 117
is_linear=0
shrinkage=0.05


Tree=24
num_leaves=31
num_cat=0
split_feature=41 2 19 31 19 19 38 38 31 10 24 19 17 12 17 13 17 2 24 3 31 2 31 14 0 17 24 31 38 15
split_gain=59.794 61.2416 18.3832 15.3264 12.4121 9.2384 12.5637 9.73174 8.70032 8.21254 7.90049 7.48406 8.66136 7.10616 6.73474 5.86745 6.59866 5.99412 5.44347 5.35956 4.22802 4.20705 4.12372 4.03041 28.161 14.4446 10.8578 6.1937 4.44308 5.02615
threshold=1.0000000180025095e-35 3.2431217894498432 1.769155092592593 6.5000000000000009 10.515636574074076 2.8061574074074076 60.150000000000013 15.450000000000001 3.5000000000000004 12791.080000000004 10.032690972222225 22.813211805555557 6.5000000000000009 30375.235000000004 2.5000000000000004 24.500000000000004 7.5000000000000009 5.858487696356609 29.36061342592593 0.32467096591710154 5.5000000000000009 1.0805542499668672 1.5000000000000002 283205.79000000004 3869.3100000000004 11.500000000000002 17.034589120370374 15.500000000000002 238.35000000000005 52898.000000000007
decision_type=2 2 2 2 2 2 2 2 2 2 2 2 2 2 2 2 2 2 2 2 2 2 2 2 2 2 2 2 2 2
left_child=1 3 -2 4 8 14 7 -7 21 23 -10 12 -11 -14 -3 16 17 -9 20 -20 -4 -1 -23 28 25 26 -25 -28 -5 -30
right_child=2 5 18 9 -6 6 -8 15 10 11 -12 -13 13 -15 -16 -17 -18 -19 19 -21 -22 22 -24 24 -26 -27 27 -29 29 -31
leaf_value=-0.021686705124769598 0.069900556941312905 -0.013680889463728606 0.054419801777947169 -0.015446344981112071 -0.014553396653159426 -0.02594011182210941 -0.028970240133309868 -0.012519938584647939 0.021694677154547561 -0.0063712387274261779 0.12931935519913215 -0.036184482254313935 0.14648700962634062 0.019165789052563935 0.05210713999983823 -0.012259249573663804 0.10276367779692304 0.061059853421519997 -0.015762595215038405 0.084112239451157172 -0.031277401142466098 0.065994193705071591 -0.017990947478351858 -0.0022776784688381853 -0.027117787837515197 -0.0016781095453336677 0.032012889979645236 0.25797967430906371 -0.01062814933216668 0.030199170467017186
leaf_weight=3.6958743231371098 37.286871249787509 3.8107174308970562 0.76373463403433461 435.54479468334466 11.110375460237263 4.704086750745776 10.877875101752577 4.142017565667631 3.3080489085987201 3.4774233391508442 4.0176617410033941 2.4231299897655845 1.9127177959308026 2.3173270411789417 50.265729719772935 2.8520790319889775 5.3856250224634996 5.8902944810688496 1.8664392167702306 2.1679650880396366 8.4662621878087503 3.6630822941660881 1.6090591028332708 0.73460017424077095 13.794853429310022 1.9923308193683622 0.73002812452614296 1.0759739605709908 20.159891030751172 10.733216166496275
leaf_count=161 313 84 13 28006 642 175 418 165 79 184 57 138 32 97 490 60 65 33 114 84 495 69 68 25 931 102 23 26 1336 697
internal_value=0 -0.00374841 0.0523257 -0.0102616 0.0255264 0.0346206 0.0135791 0.0340937 0.0521172 -0.0122908 0.0891627 0.0303545 0.0530266 0.0937381 0.0473069 0.0500949 0.0616736 0.0322999 0.0014851 0.043954 -0.0195599 0.0159469 0.0415802 -0.0132426 0.00935266 0.105183 0.165789 0.210599 -0.0141486 0.00405865
internal_weight=0 610.229 50.5513 522.3 27.4041 87.9284 33.852 22.9741 16.2937 494.896 7.32571 10.1306 7.70747 4.23004 54.0764 18.27 15.4179 10.0323 13.2644 4.0344 9.23 8.96802 5.27214 484.766 18.3278 4.53293 2.5406 1.806 466.438 30.8931
internal_count=35182 34163 1019 32673 1076 1490 916 498 434 31597 136 451 313 129 574 323 263 198 706 198 508 298 137 31146 1107 176 74 49 30039 2033
is_linear=0
shrinkage=0.05


Tree=25
num_leaves=31
num_cat=0
split_feature=18 21 0 2 6 10 3 23 31 21 24 24 2 19 24 21 40 24 20 10 12 24 19 14 0 31 13 12 40 21
split_gain=67.8503 33.0158 37.224 27.1273 22.6521 11.5552 13.6791 9.66746 9.41399 8.30725 10.2985 6.96771 6.90425 6.5885 6.97357 6.1554 5.7467 5.64247 5.44117 5.20724 8.90986 9.34661 10.9845 7.14021 21.1706 6.36892 6.08468 5.79936 5.78507 5.11235
threshold=1.0000000180025095e-35 10.028182870370372 108.27000000000002 2.582929053384841 1.0000000180025095e-35 6527.3750000000009 1.2456925852098848 1.0000000180025095e-35 5.5000000000000009 0.35560763888888897 11.312141203703705 12.232320601851853 18.681431251286991 10.515636574074076 10.032690972222225 9.6631539351851874 2.278984058812735 39.066880787037043 1.5000000000000002 2745.9550000000004 17530.560000000001 12.007285879629633 18.145758101851857 283205.79000000004 1200.4600000000003 14.500000000000002 16.500000000000004 13032.700000000003 0.58612750371886702 3.9350057870370376
decision_type=2 2 2 2 2 2 2 2 2 2 2 2 2 2 2 2 2 2 2 2 2 2 2 2 2 2 2 2 2 2
left_child=3 2 -2 8 9 6 -5 12 13 -4 18 -6 17 14 -1 -9 -15 -8 -11 23 21 -21 26 -10 25 -25 -23 -24 -28 -22
right_child=1 -3 4 5 11 -7 7 15 19 10 -12 -13 -14 16 -16 -17 -18 -19 -20 20 29 22 27 24 -26 -27 28 -29 -30 -31
leaf_value=0.0039223837725396232 0.066586538098096434 0.070304134669232438 -0.017574246093975038 0.1332533548065081 -0.0039991762861210879 0.062778403908621438 -0.012263027199833638 -0.025575544144156928 -0.018100189444731584 0.046390296191439973 0.10776222789882291 0.07722093945734787 0.059933990782360183 -0.018986066281794445 0.09048017924187704 0.091799259993515833 0.087396128115039801 0.053884907286027545 -0.015383045784932221 -0.02031454655602721 0.026651898616358912 0.12810496376406147 -0.025758244719225921 0.016158780096245731 -0.014521089221616951 0.17294314787299961 -0.031812033911829671 0.063299873786203303 0.078816265908676464 -0.034926674653970279
leaf_weight=4.4646124010905641 27.05451849848032 35.926213376224041 63.609056262299418 1.1759013449773181 3.3288324289023867 12.211309974081813 42.681925159879029 0.98289630934595962 360.09198782779276 4.1763825472444323 1.880621314048766 10.221195466816424 3.1339033544063559 9.6831246195360983 4.0855935923755169 3.6888083862140775 0.44559080991894084 2.4955092342570415 10.491332447156308 6.8190991943702128 3.5101027637720135 3.4894847581163031 4.973802070133388 1.2079549003392451 11.44814432505518 1.3463515574112532 1.6333640562370422 1.6346515668556092 1.2752022184431551 14.499039186164735
leaf_count=181 154 250 3572 63 48 115 1817 45 24466 146 12 50 13 560 81 69 18 97 490 376 193 123 295 50 820 27 88 97 61 815
internal_value=0 0.0288649 0.0160607 -0.00876935 0.000924198 0.0207731 0.0103357 0.00518977 -0.0133604 -0.00938511 0.0213003 0.0583641 -0.00201893 0.0205849 0.0504261 0.0669491 -0.00687334 -0.00752137 0.00404413 -0.0149457 0.00266785 0.0251965 0.048804 -0.0167295 0.0173773 0.124205 0.0906557 0.00169528 0.0244464 -0.0221539
internal_weight=0 156.688 120.762 496.978 93.7074 66.3703 54.1589 52.983 430.608 80.1574 16.5483 13.55 48.3113 18.6789 8.55021 4.6717 10.1287 45.1774 14.6677 411.929 37.8347 19.8256 13.0065 374.094 14.0025 2.55431 6.39805 6.60845 2.90857 18.0091
internal_count=35192 4722 4472 30470 4318 2219 2104 2041 28251 4220 648 98 1927 840 262 114 578 1914 636 27411 2048 1040 664 25363 897 77 272 392 149 1008
is_linear=0
shrinkage=0.05


Tree=26
num_leaves=31
num_cat=0
split_feature=18 21 0 2 6 10 15 15 38 25 14 38 21 24 0 0 14 40 19 24 40 19 38 12 12 38 21 12 12 40
split_gain=61.279 26.8487 29.9649 23.2896 20.7142 11.9914 11.0085 13.1129 11.84 7.58754 6.99361 6.80132 6.86677 9.46682 6.63216 16.8842 7.60929 6.14917 5.7258 6.29955 7.37078 8.12992 6.83164 5.59713 4.91136 4.92072 4.87469 6.04229 5.33201 4.87147
threshold=1.0000000180025095e-35 10.028182870370372 108.27000000000002 3.2431217894498432 1.5000000000000002 2173.0650000000001 619.50000000000011 200.50000000000003 60.850000000000001 1.5000000000000002 55553.280000000006 69.65000000000002 1.1262615740740742 9.16439814814815 2783.3700000000003 5861.6050000000005 12414.490000000002 0.13827162506309498 28.0437962962963 20.354629629629631 0.59093590177273747 9.0554513888888906 31.150000000000002 18415.165000000005 11927.365000000003 101.85000000000001 3.9350057870370376 2658.8900000000008 464.75500000000005 0.91545078932600854
decision_type=2 2 2 2 2 2 2 2 2 2 2 2 2 2 2 2 2 2 2 2 2 2 2 2 2 2 2 2 2 2
left_child=3 2 -2 6 11 9 7 10 18 -5 -1 12 14 26 29 16 -16 -18 19 20 21 -9 -21 -19 25 -12 27 28 -14 -4
right_child=1 -3 4 5 -6 -7 -8 8 -10 -11 24 -13 13 -15 15 -17 17 23 -20 22 -22 -23 -24 -25 -26 -27 -28 -29 -30 -31
leaf_value=-0.031076558907144648 0.064665920882139002 0.066085110533881858 -0.031833076053646971 0.00018995535860042746 0.074300144342730703 0.062383670809896846 -0.013029129608286725 0.092818909027945679 -0.02201860044311485 0.082939386558571693 0.098285297449935138 -0.020612091067649736 -0.0023971120539929584 0.11286683957147417 -0.0039277605904944777 -0.016955408757674106 0.0090324825798058072 0.14939367258588804 -0.016420552900195125 0.027814690337323346 -0.028517076505722872 -0.020037873426070871 0.14006350083465993 -0.014596849874414466 -0.0057308452676486368 -0.022065548659631822 -0.023399165919316456 -0.012056763558934955 0.13760575154594451 0.023038380639791634
leaf_weight=16.435207397677008 25.153046170249581 36.318198898807168 17.48253856878728 28.259312292560939 8.4885651189833862 14.784272644668816 400.57820961531252 4.3715239791199618 5.5146317724138489 2.0718291271477929 1.93784644640982 33.952045194804668 0.97008088789880131 2.3423614818602791 2.1940701566636589 12.384643943049012 1.510321141220629 3.189318867400289 1.894071734510361 2.7321705352514973 2.6350603578612208 1.8335283063352106 3.7978189773857594 0.40291441231966008 5.5706895552575588 0.75441931374371041 4.2734659407287836 2.2499810047447681 1.038260808214545 4.3946757493540636
leaf_count=930 146 259 1190 941 40 128 27456 105 312 22 78 1798 44 19 118 364 80 123 81 81 80 68 47 26 256 41 124 78 34 276
internal_value=0 0.0289611 0.0172747 -0.00686739 0.00416674 0.0269978 -0.0103299 0.0122437 0.0388154 0.0083091 -0.0128199 -0.0034963 0.00776514 0.0413012 -0.00177415 0.0187883 0.0741878 0.102917 0.058389 0.0680477 0.0343634 0.0613182 0.103029 0.131827 0.0229278 0.0677186 0.0118734 0.0449896 0.0916631 -0.0202853
internal_weight=0 156.344 120.026 493.171 94.8732 45.1154 448.055 47.477 22.7788 30.3311 24.6982 86.3847 52.4326 10.8742 41.5585 19.6813 7.29662 5.10255 17.2642 15.3701 8.84011 6.20505 6.52999 3.59223 8.26296 2.69227 8.53179 4.25832 2.00834 21.8772
internal_count=35345 4719 4460 30626 4314 1091 29535 2079 774 963 1305 4274 2476 299 2177 711 347 229 462 381 253 173 128 149 375 119 280 156 78 1466
is_linear=0
shrinkage=0.05


Tree=27
num_leaves=31
num_cat=0
split_feature=41 3 31 19 19 21 33 21 25 17 19 31 31 38 39 21 21 15 38 21 19 0 15 39 15 38 19 40 38 14
split_gain=56.754 41.5797 12.5472 11.181 11.072 11.7259 10.2703 11.014 9.70272 9.27901 8.18651 7.44183 10.1343 7.04948 22.2473 11.2137 12.9141 9.58571 9.86129 8.63791 10.0338 9.48724 11.5454 11.0883 8.10752 7.29479 8.27329 7.30475 6.81491 6.70966
threshold=1.0000000180025095e-35 1.7261706761296711 5.5000000000000009 12.109392361111114 20.090196759259264 19.972673611111116 0.52086956521739147 0.54864004629629637 2.5000000000000004 3.5000000000000004 12.790792824074076 8.5000000000000018 14.500000000000002 64.350000000000009 137.65000000000001 25.989797453703705 22.934369212962967 9915.5000000000018 48.850000000000001 2.4798726851851858 15.911203703703706 3606.1500000000001 3019.5000000000005 118.05000000000001 6703.5000000000009 40.050000000000004 9.0554513888888906 0.84895895933955356 14.65 19623.825000000001
decision_type=2 2 2 2 2 2 2 2 2 2 2 2 2 2 2 2 2 2 2 2 2 2 2 2 2 2 2 2 2 2
left_child=1 2 3 6 5 11 7 -1 13 -2 -11 -3 -13 14 17 16 25 18 -4 -20 21 22 -21 24 -24 26 27 28 -16 -14
right_child=9 4 8 -5 -6 -7 -8 -9 -10 10 -12 12 29 -15 15 -17 -18 -19 19 20 -22 -23 23 -25 -26 -27 -28 -29 -30 -31
leaf_value=-0.031717716793839799 -0.035327667434707291 0.062828599007528158 -0.0070141902015416792 -0.016936085545686666 -0.011401936373047041 0.073709420116243526 -0.018315916478768426 0.093458049381287545 0.071898144076938966 0.067842099262790986 0.011306185166031598 -0.012042912123040985 -0.011317175041840231 -0.018879596510999824 -0.021599453268174872 -0.023448765307005594 0.12646914507101098 -0.020871832969911526 -0.036634309540657106 0.030073488300245605 0.0058907777458567269 -0.025467510129042692 0.26695321937857319 -0.015443379155565743 0.015331590671605975 0.0057298765284831696 0.00068154488314620034 -0.0037545024298982692 0.12319834839848312 0.04433385112933716
leaf_weight=1.6026546610519314 2.1887865439057341 9.7119307983666641 90.063477450981736 8.9832965284585935 14.782140667550264 14.982279645279048 3.56478227674961 9.3618385139852744 2.5310102403163901 36.772329827770591 8.2516558617353422 19.146755040623248 6.3614989761263159 191.29101726412773 0.62169679254293608 7.8985309954732648 2.9538591029122463 135.9916290352121 2.5781366843730202 2.6309121390804631 6.060235470533371 0.99502264708280552 1.20529221277684 0.43735705316066731 0.52440087776631106 16.797623680904508 4.5342175951227546 1.8002257412299512 5.3540627639740705 25.520413571037352
leaf_count=66 122 132 5532 540 587 110 185 144 11 454 461 479 202 13377 23 499 114 9604 169 118 390 60 77 30 35 809 233 75 199 346
internal_value=0 -0.00344016 -0.00911856 0.02583 0.0275496 0.035203 0.0516598 0.0740397 -0.0109019 0.0529839 0.0579514 0.024665 0.0163336 -0.0114973 -0.00641267 0.0276952 0.0406229 -0.0121714 -0.000757944 0.0362105 0.0536721 0.0954322 0.120573 0.186257 0.224231 0.028 0.0556746 0.0840098 0.107197 0.0332231
internal_weight=0 588.286 497.781 23.5126 90.505 75.7229 14.5293 10.9645 474.269 47.2128 45.024 60.7406 51.0287 471.738 280.447 39.9602 32.0617 240.486 104.495 14.4314 11.8532 5.79298 4.79796 2.16705 1.72969 29.1078 12.3102 7.77599 5.97576 31.8819
internal_count=35183 34146 32290 935 1856 1269 395 210 31355 1037 915 1159 1027 31344 17967 1952 1453 16015 6411 879 710 320 260 142 112 1339 530 297 222 548
is_linear=0
shrinkage=0.05


Tree=28
num_leaves=31
num_cat=0
split_feature=15 2 23 38 39 14 24 23 24 18 38 21 47 39 11 38 39 14 24 3 0 38 12 38 14 15 40 24 3 24
split_gain=46.5706 32.067 21.0081 11.123 19.4077 8.21461 7.86216 7.70964 16.0856 9.83652 7.1693 7.10911 6.75622 6.1651 5.6387 6.84463 13.7591 7.41015 8.61764 12.3873 12.4479 7.2939 9.41957 7.25958 6.60244 6.83766 6.51007 6.14907 5.89187 5.87896
threshold=1360.5000000000002 8.6113472687705315 1.0000000180025095e-35 62.650000000000013 153.65000000000001 10338.595000000001 1.0000000180025095e-35 1.0000000180025095e-35 3.18504050925926 1.0000000180025095e-35 203.55000000000004 8.2611979166666689 1.0000000180025095e-35 38.600000000000009 2.5000000000000004 78.450000000000017 178.55000000000004 21589.935000000005 20.354629629629631 0.90139531082845969 797.87000000000012 18.750000000000004 1557.2450000000001 285.95000000000005 144248.57500000001 167246.50000000003 0.87046792447858068 27.22579282407408 2.540744237811754 10.855173611111114
decision_type=2 2 2 2 2 2 2 2 2 2 2 2 2 2 2 2 2 2 2 2 2 2 2 2 2 2 2 2 2 2
left_child=2 7 3 4 5 -1 -4 14 9 -9 -5 -12 13 -7 15 16 17 -2 -19 20 21 -20 -23 -17 25 -22 -25 28 -21 -18
right_child=1 -3 6 10 -6 12 -8 8 -10 -11 11 -13 -14 -15 -16 23 29 18 19 27 24 22 -24 26 -26 -27 -28 -29 -30 -31
leaf_value=-0.043119731734134727 -0.014215037894553148 0.041069202853925922 -0.00052840575364103577 -0.023709930677678199 0.074657796352691347 -0.008456845803633142 0.076408031477298868 -0.015016504164631267 0.13121781415910078 0.044554628510540512 -0.036711011170030942 0.051314428132793605 -0.031604315077071718 0.036676601639286092 -0.017991722926041644 -0.022872400809199965 -0.0072598117432089541 -0.0090104794829732465 -0.0078753027980670263 0.13909104580442894 -0.026585867133797715 -0.00072330451517425777 0.1852820844656381 0.037977712109633459 0.044455729844905839 0.069227194697229502 -0.031346321572424896 0.031858693960502317 -0.017015176658413966 0.079311279647851618
leaf_weight=4.9962450843304387 82.274378824979067 32.89867003262043 3.8223996730521348 21.216556313447658 15.903400157578288 9.4899834189563972 23.623475648462772 21.375335766933858 1.6913757836446155 9.0457949489355105 2.4187288777902705 6.8229815829545259 4.919151776470243 30.887689165771008 174.38183573260903 79.725925592705607 2.4538933262228948 39.607939473353326 1.3511831387877493 2.8488423731178032 19.73864116799087 0.99082432314753566 1.1212317049503324 9.309221485629676 4.1373282624408594 1.0894911810755719 4.1531773954629889 6.1096008820459247 0.47794517315924157 6.4009754611179233
leaf_count=249 5571 232 167 1238 185 465 129 1484 12 238 129 219 220 889 11737 5536 142 2570 99 132 1435 61 76 526 287 78 269 340 13 331
internal_value=0 -0.00591654 0.0281791 0.0168588 0.0282331 0.0123836 0.0660512 -0.00929794 0.0140353 0.00355135 -0.0079733 0.0269415 0.0193048 0.0261208 -0.011044 -0.00636516 -0.00033193 -0.0038458 0.00720689 0.0239661 0.00661764 0.0835873 0.125829 -0.0171615 -0.00686764 -0.0186322 0.0159024 0.070589 0.117915 0.0570181
internal_weight=0 501.184 124.101 96.6547 66.1965 50.2931 27.4459 468.285 32.1125 30.4211 30.4583 9.24171 45.2968 40.3777 436.172 261.791 168.602 159.747 77.473 37.8651 28.4287 3.46324 2.11206 93.1883 24.9655 20.8281 13.4624 9.43639 3.32679 8.85487
internal_count=35059 31169 3890 3594 2008 1823 296 30937 1734 1722 1586 348 1574 1354 29203 17466 11135 10662 5091 2521 2036 236 137 6331 1800 1513 795 485 145 473
is_linear=0
shrinkage=0.05


Tree=29
num_leaves=31
num_cat=0
split_feature=23 24 2 9 39 38 39 15 15 19 18 15 19 24 24 13 38 12 19 24 24 13 6 11 39 10 39 3 15 13
split_gain=42.0792 36.1357 26.4574 16.7148 11.5408 11.8745 22.5592 10.5674 11.1346 16.5614 9.61403 8.43522 8.27209 7.33727 6.42131 6.57968 6.41675 8.40011 9.59087 6.33504 6.14963 5.98694 5.87697 6.96422 7.83591 6.84945 12.258 5.5772 5.51508 6.7971
threshold=1.0000000180025095e-35 1.0000000180025095e-35 5.858487696356609 1.5000000000000002 446.25000000000006 64.350000000000009 147.35000000000005 9724.5000000000018 8221.0000000000018 30.103443287037042 1.0000000180025095e-35 495.50000000000006 26.993692129629633 11.195353009259263 21.046747685185188 15.500000000000002 312.40000000000003 307.52500000000003 0.95651620370370372 10.189988425925927 7.4267013888888895 10.500000000000002 1.5000000000000002 2.5000000000000004 83.65000000000002 3976.1050000000005 113.95000000000002 -2.1708291864637368 155298.50000000003 18.500000000000004
decision_type=2 2 2 2 2 2 2 2 2 2 2 2 2 2 2 2 2 2 2 2 2 2 2 2 2 2 2 2 2 2
left_child=2 10 3 4 5 6 7 8 22 14 -2 21 13 -8 15 -10 -6 -18 -19 -17 -4 -5 23 24 -1 -26 -27 -23 29 -15
right_child=1 -3 20 11 16 -7 12 -9 9 -11 -12 -13 -14 28 -16 19 17 18 -20 -21 -22 27 -24 -25 25 26 -28 -29 -30 -31
leaf_value=-0.0082699604666487923 -0.014143037033256582 0.079463898447531156 -0.023635154998295896 -0.014603115527626538 0.10940077007541529 -0.021379198651141518 0.008432667912897358 -0.01849825735808391 -0.0098501566395097113 0.17238891345416063 0.036906658839242053 -0.010078376192756871 -0.023987579882348595 0.088186585274272811 -0.037607621400803301 -0.0035481097616924823 0.097170967974376452 0.056992722779854281 -0.029542172320485283 0.13682980680884224 0.038690134147318832 -0.01567801937895574 0.066155347063353784 -0.015494283474107804 0.021968623277011969 0.18319493043763496 -0.02320605143099334 0.055030327125122215 -0.031442603122541858 0.014511656913660973
leaf_weight=18.203788049519066 23.542453119531274 28.382728995755315 3.72043771483004 4.2209933744743493 1.3170761028304685 178.42017381917685 9.8878238927572983 147.59778348822147 2.6767742168158275 1.2438566070049999 13.800852173939345 13.004636681638656 4.6196295162662855 11.961021925322717 2.7496841661632061 1.1338154841214421 1.7050177045166481 3.849583455361425 8.4245818285271508 1.4013958303257821 39.835596523247659 2.7391241630539325 1.9763084715232242 58.013515501283109 11.937906797043977 0.92434056010097154 0.82904722355306149 21.698406036011875 0.91135020274668832 4.7206526566296807
leaf_count=1153 1612 160 51 179 25 12775 477 10304 182 85 288 658 311 384 184 77 91 103 541 91 299 77 28 3633 676 44 41 567 38 227
internal_value=0 0.0379764 -0.00402579 -0.00720408 -0.00988173 -0.0113277 -0.00488757 -0.0100132 0.00243528 0.0519909 0.00519374 0.0228087 0.0339245 0.0441602 0.0160437 0.045846 0.0315598 0.017412 -0.000153053 0.0908041 0.0329555 0.0375688 -0.00303575 -0.00526765 0.013239 0.0404534 0.112619 0.0468001 0.0627067 0.0693376
internal_weight=0 65.726 559.724 516.168 474.505 459.209 280.789 248.688 101.09 9.20553 37.3433 41.6632 32.1005 27.4808 7.96167 5.21199 15.2963 13.9792 12.2742 2.53521 43.556 28.6585 91.8849 89.9086 31.8951 13.6913 1.75339 24.4375 17.593 16.6817
internal_count=35361 2060 33301 32951 31470 30710 17935 16498 6194 619 1900 1481 1437 1126 534 350 760 735 644 168 350 823 5575 5547 1914 761 85 644 649 611
is_linear=0
shrinkage=0.05


Tree=30
num_leaves=31
num_cat=0
split_feature=23 24 2 2 16 18 24 19 24 19 38 38 39 12 24 15 16 19 19 21 31 31 2 19 2 15 24 39 13 12
split_gain=44.2986 32.8943 29.3572 14.5705 13.7184 10.6419 10.433 7.2613 5.90678 11.8148 13.5837 11.7076 18.6282 11.9789 9.46381 8.97599 8.91607 8.94092 7.0449 13.1628 9.58521 9.20354 6.37699 6.36714 6.05935 5.67394 5.66993 5.4108 5.39824 5.14538
threshold=1.0000000180025095e-35 1.0000000180025095e-35 4.4398121770160843 0.25486809548808337 2.5000000000000004 1.0000000180025095e-35 7.4267013888888895 17.028998842592596 20.206365740740743 29.931024305555557 23.450000000000003 64.350000000000009 136.45000000000002 2233.7700000000004 21.124479166666671 77718.500000000015 2.5000000000000004 24.202546296296301 4.8845254629629631 1.0000000180025095e-35 20.500000000000004 9.5000000000000018 2.1707698854209663 19.058859953703706 2.2007905464206332 16916.500000000004 33.205995370370381 163.05000000000004 19.500000000000004 6616.3200000000006
decision_type=2 2 2 2 2 2 2 2 2 2 2 2 2 2 2 2 2 2 2 2 2 2 2 2 2 2 2 2 2 2
left_child=2 5 3 4 -1 -2 -4 -6 18 10 -10 12 13 -12 -13 23 17 28 19 -5 21 29 -19 24 -15 -20 -25 -22 -14 -21
right_child=1 -3 6 8 7 -7 -8 -9 9 -11 11 14 16 15 -16 -17 -18 22 25 20 27 -23 -24 26 -26 -27 -28 -29 -30 -31
leaf_value=-0.0095229077382410366 -0.011935014735893604 0.079806887730160106 -0.031877884620592649 -0.027377843668548063 0.080660130829288801 0.040888065107539638 0.037720962897105879 -0.0099915747035150982 -0.017887940117902432 -0.020355083312131358 -0.027013939165372654 0.06781060023666162 0.15204175630886621 0.02622433838991935 -0.0066656024684397675 0.141536991752573 0.020401817587036828 -0.032738538507467031 -0.012036310647420684 0.013555256174316414 0.016259067992521001 -0.006490958178181884 0.10110666147159485 -0.013918562336704084 0.12215161968295823 -0.032132596886042815 0.069351547330222904 0.11767485351828399 0.0056108914496246325 0.077331563268999814
leaf_weight=11.567978257313372 23.433465554378927 28.111000690609217 5.2485395185649386 41.557752568274736 10.313174019567667 14.712558677420018 50.851197429001331 2.4908621674403539 43.778829180635512 64.871110061183572 11.598228233866392 3.6440290436148635 5.4402135945856553 7.2050622636452371 51.343292193487287 0.82360807526856561 4.680992421694099 1.8053312562406065 77.750171862542629 9.1885774368420225 3.1117953825741997 59.587962719611824 0.31949704699218262 11.203279568813739 1.5264728022739289 66.179151461459696 1.455643001012503 1.8948773713782427 0.7845889814198016 4.3133589094504705
leaf_count=490 1618 163 103 3001 204 285 533 134 2993 4763 790 259 183 386 3648 57 167 114 5127 405 192 3639 13 749 45 4782 68 97 45 192
internal_value=0 0.0397594 -0.0032057 -0.00708313 0.0298738 0.0089624 0.0307652 0.0635787 -0.009042 -0.00277623 0.00514084 0.015119 0.0332062 0.0126971 -0.000607016 0.0337013 0.0817258 0.110246 -0.014016 -0.00498868 0.00712083 0.00210184 0.0133023 0.0234133 0.0538235 -0.0214346 3.29846e-05 0.0678426 0.136916 0.037857
internal_weight=0 66.257 554.536 498.436 24.372 38.146 56.0997 12.804 474.064 210.48 145.609 101.83 46.8429 33.8123 54.9873 22.2141 13.0306 8.34963 263.584 119.654 78.0966 73.0899 2.12483 21.3905 8.73154 143.929 12.6589 5.00667 6.2248 13.5019
internal_count=35245 2066 33179 32543 828 1903 636 338 31715 14280 9517 6524 2617 2095 3907 1305 522 355 17435 7526 4525 4236 127 1248 431 9909 817 289 228 597
is_linear=0
shrinkage=0.05


Tree=31
num_leaves=31
num_cat=0
split_feature=15 6 38 39 9 34 19 21 24 15 19 39 38 20 24 19 0 21 40 38 12 17 12 0 24 29 16 24 11 14
split_gain=38.4717 20.814 15.0399 11.2723 9.77903 9.36491 10.0244 13.5317 10.7571 8.38174 10.8508 7.15647 7.09245 6.94533 6.75389 9.85207 12.4799 13.3239 13.4546 10.9191 7.05106 6.64314 6.49246 10.7959 7.2059 5.49475 7.29723 5.48856 5.38055 6.74284
threshold=560.50000000000011 1.5000000000000002 60.850000000000001 983.30000000000007 1.5000000000000002 1.0000000180025095e-35 4.4207118055555563 10.19287615740741 17.20380208333334 24167.000000000004 30.103443287037042 178.55000000000004 28.750000000000004 1.0000000180025095e-35 23.206012731481483 22.513964120370375 2295.8550000000005 14.81623263888889 0.44160254373269681 111.95000000000002 1297.7300000000002 7.5000000000000009 892.5350000000002 1356.9600000000003 30.194548611111113 1.0000000180025095e-35 1.5000000000000002 26.980086805555558 8.5000000000000018 54771.750000000007
decision_type=2 2 2 2 2 2 2 2 2 2 2 2 2 2 2 2 2 2 2 2 2 2 2 2 2 2 2 2 2 2
left_child=2 3 4 5 11 13 7 28 -8 -10 12 -1 -11 -2 25 16 -16 -18 -19 -20 21 22 -17 24 -24 -15 -27 -14 29 -7
right_child=1 -3 -4 -5 -6 6 8 -9 9 10 -12 -13 27 14 15 20 17 18 19 -21 -22 -23 23 -25 -26 26 -28 -29 -30 -31
leaf_value=0.0047987705151310896 -0.036827112181956979 0.064452218635853292 -0.0058796892086972422 0.054823729142575162 0.057353497206093486 0.021428070628941545 -0.031046372787889027 0.092720281176372696 -0.018993270645171811 -0.0080866823797124589 -0.028041901053048397 0.064349686228559827 0.042635291319528756 -0.013314430453523825 -0.0069409153589973741 0.012047099891120211 0.0049899397879113322 0.012382688558998919 0.14604406362232761 0.00019297398133866111 -0.015932548556165892 -0.029116835555841214 0.0025923523708755616 -0.027815231735925823 0.17147451381725209 -0.027849887886934377 0.11338669691831159 0.13992789428752381 0.092632332635885772 -0.036266552437066245
leaf_weight=22.520256227813665 20.70411873050034 9.8662798227742297 20.911705851554871 6.6413519373163572 41.566442963667214 18.502821958623837 20.580014139413834 5.989447019994258 8.457520226947965 2.2140557859092933 3.4338884484022847 5.5732776261866084 4.7831343589350581 258.27958814240992 23.353613314218819 16.485355768352754 12.147177227772774 5.2182820206508023 5.6127474224194884 1.5955121079459784 74.157443538308144 5.9793302305042735 0.8893711594864725 1.2146350406110284 1.4787211939692495 1.1078125294297927 0.99558717012405384 2.5513031892478466 0.98782188445329566 5.863870025612413
leaf_count=740 1652 101 1016 87 604 965 1424 56 556 141 254 48 224 16775 1615 1217 525 185 160 73 5343 445 66 89 112 56 50 143 31 293
internal_value=0 -0.00404109 0.0311052 -0.00549188 0.0421341 -0.0063962 0.0100147 0.0309541 -0.00596106 0.0184286 0.0424224 0.0184184 0.0680193 -0.00921798 -0.0077322 0.000792161 0.0192085 0.0433592 0.0777008 0.117717 -0.00811901 0.0138929 0.0274815 0.0803746 0.12765 -0.0125662 0.0539958 0.0892072 0.0133987 0.00666145
internal_weight=0 519.091 90.5717 509.225 69.66 502.583 73.3639 31.344 42.0199 21.4399 12.9824 28.0935 9.54849 429.219 408.515 148.132 47.9273 24.5737 12.4265 7.20826 100.205 26.0474 20.0681 3.58273 2.36809 260.383 2.1034 7.33444 25.3545 24.3667
internal_count=35046 32638 2408 32537 1392 32450 4087 1345 2742 1318 762 788 508 28363 26711 9830 2558 943 418 233 7272 1929 1484 267 178 16881 106 367 1289 1258
is_linear=0
shrinkage=0.05


Tree=32
num_leaves=31
num_cat=0
split_feature=41 2 19 25 31 33 19 21 19 34 21 19 38 38 21 38 10 38 39 21 13 39 15 12 1 21 14 38 38 21
split_gain=39.5843 29.0901 10.0017 8.91271 8.06938 8.0189 7.87878 8.78785 7.35071 7.30519 6.54538 7.60045 6.91801 5.60648 5.48032 14.0377 5.15176 4.88449 4.81059 4.76169 10.7541 10.5849 4.8131 4.65329 13.1501 8.99247 14.0966 8.19968 9.16104 7.85697
threshold=1.0000000180025095e-35 3.2431217894498432 12.790792824074076 2.5000000000000004 6.5000000000000009 0.33771929824561409 31.296290509259261 29.081539351851855 20.780341435185189 1.0000000180025095e-35 9.9441087962962982 10.01113425925926 66.050000000000011 57.95000000000001 9.9441087962962982 29.250000000000004 5845.9450000000006 21.450000000000003 78.050000000000011 40.297361111111115 15.500000000000002 156.95000000000002 72666.000000000015 6186.0900000000011 8.5769882922616674 1.3163020833333337 12414.490000000002 55.750000000000007 48.350000000000001 2.8986111111111117
decision_type=2 2 2 2 2 2 2 2 2 2 2 2 2 2 2 2 2 2 2 2 2 2 2 2 2 2 2 2 2 2
left_child=1 3 14 4 5 8 7 9 13 10 -3 -12 18 17 15 -2 -4 -1 -13 23 -21 22 -22 -6 25 -25 -27 28 -28 -29
right_child=2 6 16 -5 19 -7 -8 -9 -10 -11 11 12 -14 -15 -16 -17 -18 -19 -20 20 21 -23 -24 24 -26 26 27 29 -30 -31
leaf_value=-0.0065465247335177827 0.059499004865004972 -0.0037895260362513609 -0.018439476573635101 0.066778482781975484 -0.013518555672452871 -0.0099437060916802173 -0.040214726131608342 0.07262394231581551 -0.033356872043119386 0.049394056451277868 0.066102848706251965 -0.018979620895896589 -0.036475623952091418 0.002934990924093538 0.091717425184526288 -0.030352965595009634 0.071389933589071766 0.094585647015565683 0.051822482589690244 -0.028623605701792617 0.15089761104144592 -0.027267904867789586 -0.013134314329108039 -0.023005016921835184 -0.024368998894735781 0.15581555672183345 0.014872672213251885 0.076335322970989009 0.076936727894561296 -0.01077820890008638
leaf_weight=1.2621747124940172 22.611065019853417 28.888957031071186 7.6529548428952676 3.0911651849746695 281.44026233721524 11.905460208654402 3.5238764435052863 9.1521869795396906 1.8947407398372877 17.111641301773489 8.5511340489611047 2.82870732154697 4.8096774322912088 3.3110371949151149 8.8449434954673034 4.6731918016448608 0.95780888106673945 6.8362260442227125 6.8996679848060012 3.550532078370451 1.9311066847294576 1.1620224537327883 0.3497963361442088 20.553216299042106 49.014467081055045 0.69646473694592614 44.682373110204935 1.757976566441356 6.0233636386692515 42.211223058402538
leaf_count=56 193 543 466 14 20032 697 165 116 117 182 60 98 184 104 128 233 28 76 124 264 118 92 27 1428 3469 40 2766 119 304 2974
internal_value=0 -0.00210534 0.0462572 -0.00679798 -0.00741146 0.0196168 0.0252866 0.0287069 0.0449154 0.0219362 0.0121351 0.03139 0.00803198 0.0595545 0.0575178 0.0435803 -0.00205895 0.0798366 0.0313853 -0.00895423 0.0294443 0.0822914 0.129406 -0.00962029 -0.00292718 0.00626958 0.0127517 0.0100817 0.0235907 -0.00567519
internal_weight=0 563.439 44.74 481.674 478.582 25.2096 81.7658 78.242 13.3042 69.0898 51.9781 23.0892 14.5381 11.4094 36.1292 27.2843 8.61076 8.0984 9.72838 453.373 6.99346 3.44293 2.2809 446.379 164.939 115.925 95.3714 94.6749 50.7057 43.9692
internal_count=35217 34169 1048 32697 32683 1050 1472 1307 353 1191 1009 466 406 236 554 426 494 132 222 31633 501 237 145 31132 11100 7631 6203 6163 3070 3093
is_linear=0
shrinkage=0.05


Tree=33
num_leaves=31
num_cat=0
split_feature=23 24 6 39 38 39 14 39 12 41 19 21 41 1 14 2 24 2 14 1 31 40 3 3 2 19 19 21 21 1
split_gain=41.0159 29.2527 22.2018 14.3293 17.3544 21.7281 10.4048 8.5096 10.1198 8.14723 7.90825 6.96226 6.67579 6.58338 6.52733 8.18289 8.01074 9.86476 8.79432 13.9154 10.5896 9.71472 8.56782 7.66555 11.9455 7.56104 9.00777 7.50167 7.9488 7.30613
threshold=1.0000000180025095e-35 1.0000000180025095e-35 1.5000000000000002 492.2000000000001 64.350000000000009 234.15000000000001 30884.450000000004 159.35000000000005 3617.4350000000004 1.0000000180025095e-35 0.026869212962962966 4.1632812500000007 1.0000000180025095e-35 6.8752940687734023 34040.570000000007 1.0663134700683445 16.940295138888892 1.0534356778676288 200322.30000000002 8.4624032448941957 15.500000000000002 0.58068131301325543 1.8135750540266267 -0.33024890566436299 0.8924632302926554 4.06441550925926 1.1685011574074078 1.0000000180025095e-35 30.343680555555562 8.1278828888973447
decision_type=2 2 2 2 2 2 2 2 2 2 2 2 2 2 2 2 2 2 2 2 2 2 2 2 2 2 2 2 2 2
left_child=2 9 3 4 5 6 7 12 11 -2 -5 -9 -1 -10 15 -8 17 25 23 20 -20 -22 -21 -18 -25 26 -16 -17 -29 -28
right_child=1 -3 -4 10 -6 -7 14 8 13 -11 -12 -13 -14 -15 16 27 18 -19 19 22 21 -23 -24 24 -26 -27 29 28 -30 -31
leaf_value=-0.016836219006663992 -0.00097235676488489258 0.077153532819417767 0.063984573789690039 0.062928873535299218 -0.019087022441638263 0.081568863627079505 -0.0052495771515661963 0.049243018506443442 -0.013145428523824035 0.067142129916925503 0.00038390625120671704 -0.034633676268517807 0.035258420121081942 0.12074031425490261 0.0070776435114634773 -0.025350150909063209 -0.019477706958772906 -0.029833078021895831 0.042064074560901971 -0.018916751013530575 0.034532606101493384 0.25956703019700239 0.068212675533160197 0.099658183536056599 0.0086468237095660757 -0.0098939375801398721 0.13112491900243903 0.13643584992319122 -0.01136532484337123 -0.0058319168967011703
leaf_weight=138.91919274441898 31.899634450674057 26.465257901698351 10.679165839217601 10.439789453521373 193.86035116016865 6.9402329334989181 4.492067667655645 2.9406122062355262 0.9975301874801511 4.0856478419154874 9.0760974846780282 5.6612418778240681 5.5180534785613409 2.5143727185204625 8.2883356250822562 0.93609717674553383 20.288180439732969 29.25672944355756 5.1071938136592534 8.4001260390505177 1.1988314585760234 0.61203822121024121 3.0471444986760607 2.9932313878089181 40.127687560394406 18.461832845583558 2.5203213691711421 3.2388648353517056 0.97345377504825581 1.2325082458555696
leaf_count=9324 1825 167 103 128 13638 138 308 102 44 63 536 270 219 80 417 47 1331 1610 128 586 43 27 41 213 2154 1227 117 171 46 77
internal_value=0 0.0382741 -0.0042235 -0.00572128 -0.00736088 -9.90168e-05 -0.00219914 -0.0111994 0.0275598 0.00836741 0.0352781 -0.00381756 -0.0146173 0.0882262 0.00713358 0.0449221 0.00426253 -0.00956034 0.0143576 0.0438672 0.0948789 0.175876 0.00789303 0.00526226 0.0170799 0.0102139 0.0394383 0.0824316 0.106652 0.0943821
internal_weight=0 62.4505 538.721 528.042 508.526 314.666 307.726 156.551 12.1138 35.9853 19.5159 8.60185 144.437 3.5119 151.175 9.64048 141.534 59.7597 81.7744 18.3653 6.91806 1.81087 11.4473 63.4091 43.1209 30.503 12.0412 5.14842 4.21232 3.75283
internal_count=35180 2055 33125 33022 32358 18720 18582 10039 496 1888 664 372 9543 124 8543 572 7971 3448 4523 825 198 70 627 3698 2367 1838 611 264 217 194
is_linear=0
shrinkage=0.05


Tree=34
num_leaves=31
num_cat=0
split_feature=41 2 25 23 1 14 1 20 39 38 39 15 32 10 12 38 20 12 38 2 40 14 21 2 3 38 24 15 14 12
split_gain=31.5056 29.6284 9.38818 8.75657 7.52664 14.3042 7.79922 7.41106 7.16341 8.62777 9.51601 8.6074 6.986 7.39915 7.01797 6.93701 6.5135 6.42004 6.23536 5.86902 5.68044 5.47806 5.43457 5.90209 5.6411 5.56092 5.84173 5.48005 5.4808 8.47166
threshold=1.0000000180025095e-35 2.6937648020564087 1.5000000000000002 1.0000000180025095e-35 8.5769882922616674 283205.79000000004 7.0912927606868328 1.0000000180025095e-35 261.05000000000007 60.850000000000001 141.35000000000005 65287.000000000007 1.0000000180025095e-35 7250.9000000000005 17944.925000000007 50.95000000000001 1.5000000000000002 34934.875000000007 52.550000000000004 0.40165897991267691 1.8056789731042444 19623.825000000001 32.083258101851861 0.77678881868132355 -0.56244437660746449 35.750000000000007 28.968200231481486 1915.5000000000002 30119.955000000002 7354.7700000000013
decision_type=2 2 2 2 2 2 2 2 2 2 2 2 2 2 2 2 2 2 2 2 2 2 2 2 2 2 2 2 2 2
left_child=1 2 4 16 5 7 -7 -1 9 10 11 21 13 17 18 -2 -4 22 -15 -14 -6 -3 23 24 25 -9 -27 28 -24 -30
right_child=15 8 3 -5 20 6 -8 12 -10 -11 -12 -13 19 14 -16 -17 -18 -19 -20 -21 -22 -23 27 -25 -26 26 -28 -29 29 -31
leaf_value=-0.037139686259504145 0.055311570918042591 -0.010118857191633083 -0.029261624281061771 0.092500056553839277 -0.026979457977236578 0.11027822730925529 0.005854049458667636 0.0061541346716732339 0.048983389960607172 -0.0086948070255186971 0.067536900108811623 -0.022833253545470032 0.077989013720090761 0.11878841820266246 -0.0042716594983841913 0.011939956086953174 0.049594361327575755 0.043431949588400021 -0.011847170952988838 0.0084626724878374901 0.033743013043031886 0.037372479563352566 -0.026441056865891183 0.00033946171781928393 -0.040183694827553657 -0.024512923509572793 0.018757789550548541 -0.030851206756870406 0.11888984643361444 -0.015983146549337902
leaf_weight=17.444025662727654 30.636377514339983 7.2084100786596528 5.0391115779057127 3.4463311135768881 60.130664139054716 3.0818255478516212 3.393132958561182 35.714539656415582 20.93271572701633 23.795601239427924 10.579478831030427 10.163923800922928 3.2979865614324799 2.2841879008337851 4.3489937735721469 13.945502959191797 3.6373858293518424 5.1636528475210062 1.0325622372329233 11.356201535090802 3.2769059967249623 28.097462909296155 3.1357913380488744 171.36864373646677 16.886911260895431 53.218841760419309 8.3553395299240929 39.401464712806046 1.3608397319912913 1.8911750204861162
leaf_count=1447 494 275 322 17 4431 84 192 2359 350 750 142 345 59 51 203 581 180 345 52 524 206 553 219 12287 1245 3725 600 3151 89 124
internal_value=0 -0.000924619 -0.00633203 0.0354009 -0.00754266 -0.00486713 0.0636598 -0.00621201 0.0234852 0.0162772 0.0268455 0.0161282 -0.00460941 -0.00607917 0.0396036 0.0423042 0.0055055 -0.00723413 0.0847961 0.0280923 -0.0233661 0.0276645 -0.00815205 -0.00554148 -0.0142946 -0.00943781 -0.0184353 -0.0239653 0.0169354 0.0551432
internal_weight=0 559.044 458.267 12.1228 446.144 382.736 6.47496 376.261 100.778 79.8449 56.0493 45.4698 358.817 344.163 7.66574 44.5819 8.6765 336.497 3.31675 14.6542 63.4076 35.3059 331.334 285.544 114.176 97.2887 61.5742 45.7893 6.38781 3.25201
internal_count=35402 34327 31912 519 31393 26756 276 26480 2415 2065 1315 1173 25033 24450 306 1075 502 24144 103 583 4637 828 23799 20216 7929 6684 4325 3583 432 213
is_linear=0
shrinkage=0.05


Tree=35
num_leaves=31
num_cat=0
split_feature=23 24 3 39 38 39 19 24 21 15 21 1 12 19 24 14 1 38 15 15 16 15 15 3 24 19 12 19 39 24
split_gain=33.8738 28.7304 17.7241 11.1489 13.1166 22.3097 14.1135 14.9581 13.3988 10.2065 11.3844 7.98787 11.0709 7.27558 11.1862 6.96786 15.4164 6.94204 6.72747 6.68152 6.67907 6.64607 7.27355 6.4705 6.20242 6.16299 7.45765 6.16288 7.15502 6.05811
threshold=1.0000000180025095e-35 1.0000000180025095e-35 4.6584016898942666 418.65000000000003 64.350000000000009 135.75000000000003 24.202546296296301 23.206012731481483 3.3163194444444448 10839.500000000002 40.795000000000009 7.1616452762532345 9825.0050000000028 12.790792824074076 6.4297685185185189 144248.57500000001 8.5070893187715431 49.95000000000001 8370.5000000000018 23491.000000000004 1.5000000000000002 7773.5000000000009 2231.5000000000005 -0.58594719533830653 35.324913194444456 6.9722569444444451 62099.650000000001 -1.0000000180025095e-35 94.850000000000009 9.9625520833333354
decision_type=2 2 2 2 2 2 2 2 2 2 2 2 2 2 2 2 2 2 2 2 2 2 2 2 2 2 2 2 2 2
left_child=2 11 3 4 5 9 7 13 -9 10 17 -2 20 14 -7 19 24 18 25 -11 -13 22 -22 27 -17 26 -1 -20 -29 -5
right_child=1 -3 -4 29 -6 6 -8 8 -10 15 -12 12 -14 -15 -16 16 -18 -19 23 -21 21 -23 -24 -25 -26 -27 -28 28 -30 -31
leaf_value=-0.00083881913604385509 -0.023769448024446273 0.074783514779120305 0.042423906295635 -0.017317244581762471 -0.017685734536496273 -0.012883214693628148 -0.026497652051868128 -0.031771743642647017 0.11029735763715287 -0.040505690421696341 0.10965350664342342 0.015735309239815011 -0.026679890442540984 -0.018161771953533763 0.054497078677951394 0.037263137987788492 -0.016549305285126194 0.030490172665286287 -0.022156074914373353 -0.013255348380006433 0.01452916789574586 0.021844050178862411 0.16975754394823298 0.0050263340380818297 0.18005184940077093 -0.019869792022478641 0.070407919583880735 0.14598197660667975 -0.0188147366585006 0.041033630794580507
leaf_weight=37.820176376029849 13.201286129653452 25.606931939721107 19.214124999940395 5.1829351270571378 178.7790889441967 8.4146823687478918 9.2205134993419033 1.5278377449139942 9.0273139169439656 30.022782992571592 1.4754765788093198 9.4484799271449464 6.9047474712133399 7.9784589875489464 19.061083275824785 3.0710666747763748 10.182556734420357 16.432422063313425 0.76319710817188058 88.711813786998391 1.3050863863900297 3.4006629223003983 1.8353379825130103 8.5115097146481258 0.51866842433810223 50.125549000687897 3.0653633037582031 1.7995968777686351 0.58941263705492009 18.027986022643745
leaf_count=1975 763 168 119 273 13138 410 579 59 215 2170 68 453 390 406 532 176 703 887 57 6450 41 161 75 579 29 3077 127 128 42 755
internal_value=0 0.0353519 -0.00350947 -0.00531854 -0.00695174 -0.000690579 0.0278102 0.039026 0.0887632 -0.00699508 0.00352277 0.00611649 0.0236228 0.0221899 0.0341336 -0.0165211 0.0162518 0.00130602 -0.00361375 -0.0204265 0.0456368 0.0810147 0.124338 0.0306015 0.0926284 -0.0082836 0.00605628 0.0818169 0.111769 0.0278269
internal_weight=0 61.7025 529.524 510.309 487.099 308.319 55.2299 46.0094 10.5552 253.09 120.583 36.0956 22.8943 35.4542 27.4758 132.507 13.7723 119.107 102.675 118.735 15.9896 6.54109 3.14042 11.6637 3.58974 91.0111 40.8855 3.15221 2.38901 23.2109
internal_count=35005 2051 32954 32835 31807 18669 2201 1622 274 16468 6940 1883 1120 1348 942 9528 908 6872 5985 8620 730 277 116 806 205 5179 2102 227 170 1028
is_linear=0
shrinkage=0.05


Tree=36
num_leaves=31
num_cat=0
split_feature=23 24 3 38 39 0 12 39 24 24 21 21 14 14 3 14 24 38 13 0 14 15 24 3 19 21 40 24 14 10
split_gain=28.6674 23.0694 15.6842 9.85568 24.5484 8.92891 9.74395 7.65859 7.41868 11.3829 15.8222 8.15928 7.29172 8.574 7.31785 10.949 6.93333 6.86694 7.34858 6.6729 12.3468 9.25264 8.20326 10.7071 7.926 6.29777 8.37952 7.34006 6.09951 6.04971
threshold=1.0000000180025095e-35 1.0000000180025095e-35 3.3351611547134037 64.350000000000009 234.15000000000001 1261.7700000000002 9825.0050000000028 107.15000000000002 23.206012731481483 29.747951388888893 23.23221643518519 13.92920138888889 31640.960000000003 34040.570000000007 0.30408525187160368 32834.950000000004 37.204652777777788 161.05000000000004 11.500000000000002 2990.7250000000004 144248.57500000001 8687.0000000000018 20.354629629629631 0.90139531082845969 29.55813078703704 8.0015682870370384 0.71821206848944852 21.92125578703704 13239.450000000004 4371.7800000000007
decision_type=2 2 2 2 2 2 2 2 2 2 2 2 2 2 2 2 2 2 2 2 2 2 2 2 2 2 2 2 2 2
left_child=2 5 3 4 7 -2 -7 12 -9 10 11 28 29 14 -14 -16 -11 -5 25 20 -15 -22 -21 -24 -25 -19 27 -27 -10 -1
right_child=1 -3 -4 17 -6 6 -8 8 9 16 -12 -13 13 19 15 -17 -18 18 -20 22 21 -23 23 24 -26 26 -28 -29 -30 -31
leaf_value=-0.018480997315855851 -0.023546311701884138 0.071769545952495808 0.030404786824153207 -0.021231935452076731 0.082587428625894743 0.047117179339670308 -0.019682246364773795 -0.00110777878790419 0.095642051557390681 -0.018908875907336465 0.013302389273290728 0.1553883116584126 0.0021039525419971256 0.0016916360352739286 -0.022102013761837912 0.1723744824205807 0.040329554690539282 -0.008481485678228708 -0.013534142936696539 -0.033037859106139031 0.019866164557722249 0.14644407448626362 -0.023950375036391192 0.057212664295283072 -0.035209362325430309 0.11408051957832631 -0.0038073099388293606 0.015755280575087471 -0.031025481204830143 0.059714428488980287
leaf_weight=103.3832940403372 13.247747927904127 22.633743312209845 31.678286287933588 123.09957834053785 7.7849533520638934 16.153276725672189 7.3325675064697853 59.540527989156544 0.5900546340271825 12.771757381968202 8.537662882357834 3.6391606517136097 2.7949750861152998 38.249822800979018 0.76825333386659655 1.2358411084860561 6.7057263869792214 10.372026775032284 43.265109128318727 25.708679175004363 3.8321857424452892 1.7570544043555854 13.123087112791838 9.8763446100056154 2.2192581472918382 3.8671103930100781 5.8095661830157042 3.719699589535594 1.5313070267438886 1.581247679889201
leaf_count=7479 776 159 245 9464 135 736 409 2971 22 757 457 93 203 2635 50 59 374 719 3055 1697 133 95 973 324 136 239 376 243 78 61
internal_value=0 0.0332119 -0.00315892 -0.00536046 0.000208249 0.00818179 0.0263095 -0.00221409 0.00959094 0.0279404 0.0602219 0.117508 -0.00762055 0.00207544 0.0610968 0.115283 0.00245929 -0.0142662 -0.0013503 -0.00152022 0.0126262 0.0758435 -0.0137063 0.00650923 0.0388616 0.0204787 0.0419325 0.0733221 0.0235606 -0.0167506
internal_weight=0 59.3673 527.443 495.764 305.631 36.7336 23.4858 297.846 93.3162 33.7757 14.2982 5.76052 204.53 99.5655 4.79907 2.00409 19.4775 190.133 67.0335 94.7664 43.8391 5.58924 50.9274 25.2187 12.0956 23.7684 13.3964 7.58681 2.12136 104.965
internal_count=35153 2080 33073 32828 18732 1921 1145 18597 4752 1781 650 193 13845 6305 312 109 1131 14096 4632 5993 2863 228 3130 1433 460 1577 858 482 100 7540
is_linear=0
shrinkage=0.05


Tree=37
num_leaves=31
num_cat=0
split_feature=18 34 41 25 23 2 33 0 38 24 2 33 12 2 40 14 24 38 17 13 19 38 0 13 13 24 38 19 19 24
split_gain=27.1313 16.5849 11.9125 11.2711 7.96623 7.49948 6.56136 7.76789 5.87597 6.92264 5.33839 9.06014 8.20471 7.30099 4.87953 4.64346 4.5498 7.37408 6.3284 8.72092 4.31143 4.30408 4.38196 4.39017 7.82873 5.06606 4.3032 3.90244 5.79374 10.9114
threshold=1.0000000180025095e-35 1.0000000180025095e-35 1.0000000180025095e-35 1.5000000000000002 1.0000000180025095e-35 8.6113472687705315 0.072751322751322761 816.59500000000014 58.45000000000001 2.3170254629629636 0.25486809548808337 0.065591397849462371 7880.5100000000011 0.20005925151607171 0.87762944462546766 10904.390000000001 40.317285879629637 56.250000000000007 5.5000000000000009 18.500000000000004 34.212112268518524 417.55000000000007 5983.880000000001 19.500000000000004 15.500000000000002 28.524768518518524 36.650000000000013 1.0000000180025095e-35 4.8845254629629631 9.872158564814816
decision_type=2 2 2 2 2 2 2 2 2 2 2 2 2 2 2 2 2 2 2 2 2 2 2 2 2 2 2 2 2 2
left_child=3 2 6 5 14 10 7 -2 9 -8 11 12 -1 -14 -5 -4 20 18 -18 -20 27 22 23 24 26 -26 -9 -12 29 -29
right_child=1 -3 15 4 -6 -7 8 21 -10 -11 16 -13 13 -15 -16 -17 17 -19 19 -21 -22 -23 -24 -25 25 -27 -28 28 -30 -31
leaf_value=-0.033445488020724431 -0.034352994441818163 0.048884484569628309 -0.027654821437122352 -0.018668519792447075 0.086370811385146865 0.034563223620868021 -0.025663991016932425 0.031884624616608771 -0.0065782012245094203 0.101411727706503 -0.027631139068385886 0.078792468291864037 -0.011474294997253985 0.099155958505911621 0.049183794790762736 0.058975697813667322 -0.027917285219924592 -0.0280587535793662 0.12220734487857328 -0.011566793341429123 -0.026427487044526965 0.048214482818344388 -0.016378598158789573 -0.023586424869717567 0.028517314150226531 0.14904993680854708 -0.0081844174569448685 -0.0054710663324309024 -0.0097836498810811284 0.040138046265191824
leaf_weight=7.5060810800641757 14.451030311174689 36.052301494404674 1.1548999557271589 5.7970960633829218 4.3965925127267829 9.7911429740488511 0.95001037232577701 10.432090548798447 3.4703582292422652 3.5470803305506706 22.760499422438443 3.7154947379603973 2.6586808692663908 1.9356695618480442 3.3828680887818336 12.870343726128338 1.217279089614747 3.4493302991613746 2.7862674752250314 1.5598142202943561 34.076304112561047 4.3317321995273224 21.175019917078316 6.3178193401545277 3.040305575355887 0.75469872727990139 15.448608890175818 48.740524445660412 275.26635112892836 16.847296175546944
leaf_count=455 892 614 55 339 23 56 38 580 111 69 1883 69 99 107 151 128 86 276 112 98 2748 70 558 395 153 51 986 3363 19780 813
internal_value=0 0.0203598 0.0094722 -0.00521809 0.0380599 -0.00666192 0.00210552 -0.00263644 0.0425623 0.0747818 -0.00769659 0.0199908 -0.0027008 0.0445286 0.00871068 0.0504764 -0.00881969 0.0246046 0.0565565 0.0810128 -0.00963699 0.00524657 0.00121793 0.0117329 0.019776 0.0785727 0.00855207 -0.00799529 -0.00660712 0.00667122
internal_weight=0 133.996 97.944 445.887 13.5766 432.311 83.9188 75.9513 7.96745 4.49709 422.52 15.8159 12.1004 4.59435 9.17996 14.0252 406.704 9.01269 5.56336 4.34608 397.691 61.5003 57.1685 35.9935 29.6757 3.795 25.8807 363.615 340.854 65.5878
internal_count=35158 4700 4086 30458 513 29945 3903 3685 218 107 29889 730 661 206 490 183 29159 572 296 210 28587 2793 2723 2165 1770 204 1566 25839 23956 4176
is_linear=0
shrinkage=0.05


Tree=38
num_leaves=31
num_cat=0
split_feature=23 24 6 39 24 9 19 24 41 0 3 3 13 19 3 5 0 0 13 39 33 19 40 40 3 19 40 33 39 8
split_gain=26.0497 19.4515 13.5425 7.90154 8.20746 7.65361 6.68707 8.11867 5.97784 5.10415 9.73025 8.8993 4.73934 5.26103 4.47196 4.59178 4.44153 4.85244 9.60337 6.89877 4.21059 6.02508 6.23344 5.04555 5.33472 4.91421 4.8216 5.22773 4.78801 4.70909
threshold=1.0000000180025095e-35 1.0000000180025095e-35 2.5000000000000004 246.95000000000002 40.896730324074078 3.5000000000000004 31.92651041666667 28.863113425925928 1.0000000180025095e-35 1700.1800000000001 0.24101137516795668 -0.45470929671437227 16.500000000000004 6.2479629629629638 4.6584016898942666 1.0000000180025095e-35 1064.7550000000003 1667.3400000000004 11.500000000000002 159.35000000000005 0.02409988385598142 2.8061574074074076 0.2089006590888807 0.87046792447858068 0.56767218674181819 35.720017361111118 1.948873082699526 0.2752525252525253 143.45000000000002 342.27500000000003
decision_type=2 2 2 2 2 2 2 2 2 2 2 2 2 2 2 2 2 2 2 2 2 2 2 2 2 2 2 2 2 2
left_child=2 8 3 4 5 14 7 12 16 -9 11 -11 -5 -14 20 -16 -2 18 19 -18 25 22 -22 24 -24 -1 27 -23 -28 -29
right_child=1 -3 -4 6 -6 -7 -8 9 -10 10 -12 -13 13 -15 15 -17 17 -19 -20 -21 21 26 23 -25 -26 -27 28 29 -30 -31
leaf_value=-0.0083725316458357988 -0.02600353859506209 0.069335059899871473 0.063880898570954678 0.019504144081193858 0.0397814619746071 0.048248441235068197 -0.031453371881418363 0.0054289499249979053 0.059618371692057276 -0.015736077693406996 0.034762971531791503 0.19748827378090394 0.020869753600633256 -0.030993491387822578 -0.00056496281244843287 0.065043233285816612 0.0197950721282215 0.00050928956233138925 -0.011556729974626076 0.18028442241890863 -0.019481803575285422 0.0059050143441054474 0.097187498885686188 -4.5991800217597325e-05 -0.00026180655786927178 -0.033632932409584607 0.10354951861212924 -0.037793995984970505 -0.022038122200791807 0.065337070596108632
leaf_weight=340.22920021042228 9.0110926227644068 21.961467158049345 6.7508688103407613 33.175110227428377 8.9104161355644447 5.357727891765534 6.8429006887599817 4.3503533564507952 4.2627176716923705 0.45033427607268084 6.8784132767468691 1.2133131418377141 7.082035616971555 11.676219779998062 7.1027944386005384 3.2539306133985519 1.5543042318895488 17.987939612939954 2.8336937827989459 0.73350656870752562 3.6592786386609069 22.122882073745131 4.8580428166314942 3.2973599657416344 1.8402229398488996 19.574912994168699 0.93500856682658084 14.331811791285869 0.76819310151040554 0.29651886597275812
leaf_count=23435 629 163 55 1953 449 69 561 320 69 35 195 80 308 895 55 16 86 870 196 42 243 1414 138 99 59 1620 53 980 58 13
internal_value=0 0.0332619 -0.00171917 -0.00271432 -0.00524529 -0.00627413 0.012562 0.0176155 0.0102154 0.0516256 0.0721184 0.155531 0.00835666 -0.0113477 -0.00707826 0.0239604 0.00205698 0.0136234 0.0520757 0.110434 -0.0079148 0.00528756 0.0325909 0.0516921 0.0738588 -0.00983622 -0.00498796 -0.0094884 0.0597076 -0.0316566
internal_weight=0 58.3447 514.958 508.207 436.538 427.628 71.6687 64.8258 36.3833 12.8924 8.54206 1.66365 51.9334 18.7583 422.27 10.3567 32.1205 23.1094 5.1215 2.28781 411.913 52.1093 13.6549 9.99563 6.69827 359.804 38.4544 36.7512 1.7032 14.6283
internal_count=35158 2055 33103 33048 28701 28252 4347 3786 1892 630 310 115 3156 1203 28183 71 1823 1194 324 128 28112 3057 539 296 197 25055 2518 2407 111 993
is_linear=0
shrinkage=0.05


Tree=39
num_leaves=31
num_cat=0
split_feature=41 2 19 24 25 19 21 21 31 17 12 0 24 19 19 40 3 24 0 40 38 38 14 11 10 19 0 14 25 19
split_gain=20.0037 20.6152 8.67279 8.59683 6.88194 6.60583 7.29682 6.36334 5.87622 5.84472 5.31298 5.26796 7.61823 5.17216 8.04455 11.092 5.08861 6.38825 9.67325 5.32512 5.01903 7.43606 8.53488 10.3016 15.1104 9.26284 8.65997 8.13688 8.28425 7.74995
threshold=1.0000000180025095e-35 2.54118527046001 1.769155092592593 9.0817418981481506 2.5000000000000004 30.103443287037042 29.19094907407408 11.451168981481482 20.500000000000004 4.5000000000000009 17944.925000000007 1236.8450000000003 22.167482638888895 33.244577546296306 32.974317129629632 0.61768807048572205 2.540744237811754 12.119021990740743 5194.9100000000008 0.36304370240403766 13.350000000000003 57.350000000000001 10904.390000000001 2.5000000000000004 2672.6500000000001 18.971915509259262 451.75500000000005 13734.110000000002 1.5000000000000002 15.225694444444446
decision_type=2 2 2 2 2 2 2 2 2 2 2 2 2 2 2 2 2 2 2 2 2 2 2 2 2 2 2 2 2 2
left_child=1 4 9 7 13 6 10 8 -3 -2 16 -4 -13 14 20 -16 17 19 -19 -5 -1 22 -22 24 27 -26 29 -24 -29 -25
right_child=2 3 11 5 -6 -7 -8 -9 -10 -11 -12 12 -14 -15 15 -17 -18 18 -20 -21 21 -23 23 26 25 -27 -28 28 -30 -31
leaf_value=-0.017160558395122687 -0.00069933767815597481 -0.031069942697954739 -0.037103000092413428 -0.0018674052634151655 0.060038936770766382 -0.022129649572675911 0.069452588264576801 0.03421366713529491 0.042760986223439774 0.061312234861819186 0.0447607450425207 -0.019661930227584785 0.065796584746861966 -0.024590358385273098 0.14541710052215717 -0.027658299512670001 -0.0056490423103160471 -0.016903053328434895 0.049872819597707035 0.10398874297532915 -0.02164804871522763 -0.01039732307048523 0.066575780838763629 0.073303037639764076 0.13741776878123174 -0.022948143225050833 -0.010621886141400298 0.004238997843244852 0.10403609200303265 -0.032385172961595259
leaf_weight=83.607912054285407 4.5518821431323913 17.422290847636766 4.6466330448165527 1.6092960694804812 2.8134560436010352 5.9249336551874867 9.352017358876763 6.0331583218649021 2.2624994041398159 21.33199433516711 18.926639191806316 4.5693852799013239 4.1550958277657628 39.324793583713472 1.0433338293805712 1.2052181791514156 19.747704233974218 11.170258927159013 8.9144503222778422 3.192704439163208 23.378210579045117 167.91454519703984 6.3177806157618752 5.110379575751721 3.3868050733581176 0.80929486453533162 52.352463013492525 42.306028002873063 1.1936654234305013 1.7565982611849902
leaf_count=6530 106 657 303 60 14 353 127 141 35 212 241 248 183 3352 83 103 238 571 298 80 1647 12977 374 158 96 40 3072 2775 56 119
internal_value=0 -0.0021226 0.0344185 0.0176975 -0.00694362 0.0258063 0.0299483 -0.00719523 -0.0209271 0.0507866 0.0231501 0.00140391 0.023619 -0.00752056 -0.00574261 0.0726918 0.0132063 0.0278084 0.0136946 0.0743057 -0.00638264 -0.00337707 0.00526468 0.010962 0.0265441 0.108024 -0.00345515 0.0176904 0.00925387 0.0455876
internal_weight=0 537.076 39.255 104.556 432.52 78.838 72.9131 25.7179 19.6848 25.8839 63.5611 13.3711 8.72448 429.707 390.382 2.24855 44.6344 24.8867 20.0847 4.802 388.134 304.526 136.611 113.233 54.0136 4.1961 59.2194 49.8175 43.4997 6.86698
internal_count=35249 34197 1052 2801 31396 1968 1615 833 692 318 1488 734 431 31382 28030 186 1247 1009 869 140 27844 21314 8337 6690 3341 136 3349 3205 2831 277
is_linear=0
shrinkage=0.05


Tree=40
num_leaves=31
num_cat=0
split_feature=41 2 19 19 17 3 21 25 15 39 24 24 19 12 31 19 0 2 24 14 29 2 40 15 3 3 40 14 40 0
split_gain=23.7534 14.9075 9.07249 8.62109 8.51303 6.58738 5.8417 5.76273 5.6872 5.6908 5.43438 6.73151 6.75663 6.29858 6.14432 11.0749 6.89508 6.83271 14.4107 6.25021 5.30196 6.58337 5.28359 10.1166 8.26213 13.9558 9.14075 11.2843 8.13648 6.56411
threshold=1.0000000180025095e-35 2.54118527046001 34.87191550925926 12.790792824074076 4.5000000000000009 1.2260553863924313 31.102002314814818 2.5000000000000004 560.50000000000011 983.30000000000007 20.206365740740743 20.829855324074078 19.341290509259263 1497.2550000000003 20.500000000000004 4.4207118055555563 189.56500000000003 0.75454406320902301 4.4667418981481495 9786.7400000000016 1.0000000180025095e-35 1.6700231766618254 0.074034626179080645 137900.50000000003 0.38741146839462365 -0.36458494436112016 0.39337638986644918 16746.645000000004 0.21375847640982906 4501.4800000000005
decision_type=2 2 2 2 2 2 2 2 2 2 2 2 2 2 2 2 2 2 2 2 2 2 2 2 2 2 2 2 2 2
left_child=1 2 7 4 -2 -3 -5 10 -7 -10 14 12 13 -12 16 17 19 -16 -19 -1 -18 -22 23 -13 25 -24 27 -27 -26 -29
right_child=3 5 -4 6 -6 8 -8 -9 9 -11 11 22 -14 -15 15 -17 20 18 -20 -21 21 -23 24 -25 28 26 -28 29 -30 -31
leaf_value=-0.018988510050269705 -0.0096083495092616506 0.098058495961535444 -0.030439655869618599 -0.03532478669249367 0.061713981855923472 0.044680917560984842 0.041545556399046744 0.05785619578974182 0.0058717633621743559 0.054735362384365716 -0.0079837498774689795 -0.022411054350565909 -0.011768747074789835 0.15251045241083513 -0.0041821599064341157 -0.016593141350523751 -0.012371058350430401 0.14770367941987975 -0.028357821289435821 0.065869271922592093 -0.01305946906121485 0.13856378116616774 -0.0030040359178695186 0.069158845214286377 0.042309331575727561 -0.010572358412118869 0.022051518195068509 0.13177976351696666 -0.023462413456323758 0.0142418479271001
leaf_weight=2.9556998694315544 4.6542199347168234 1.4261298589408387 31.232142091728747 5.2674667341634613 26.124130890704691 12.284958913922308 3.0932284547016025 2.8747679293155661 84.226719059050083 5.4489173386245957 0.71701908670365755 32.565078268758953 1.583341018296778 1.1831634789705274 2.2218580711632949 7.8207730948925018 222.89116709586233 2.8721611760556698 1.2591026993468402 4.5880552437156439 1.22752185165882 0.32353463862091292 42.682708406820893 2.3435693131759754 4.6568497084081164 2.4789355471730214 25.899745034985244 5.2789341444149613 28.293132291175425 1.7900214111432431
leaf_count=166 163 66 2738 331 380 123 170 15 2600 36 41 2625 114 60 140 626 16326 173 89 104 78 16 3037 195 284 175 1852 367 2128 115
internal_value=0 -0.000813053 -0.00491985 0.0390709 0.0509658 0.016141 -0.00548479 -0.00284861 0.0140539 0.00941173 -0.00343446 0.00406885 0.0644235 0.110078 -0.00798863 0.0229361 -0.00996841 0.0672361 0.0989755 0.0342903 -0.0116015 0.0604862 0.0022002 -0.0145088 0.00753385 0.0163319 0.039058 0.0787258 -0.0131944 0.10747
internal_weight=0 533.126 429.739 39.139 30.7784 103.387 8.3607 398.507 101.961 89.6756 395.632 149.472 3.48352 1.90018 246.16 14.1739 231.986 6.35312 4.13126 7.54376 224.442 1.55106 145.989 34.9086 111.08 78.1303 35.4476 9.54789 32.95 7.06896
internal_count=35333 34289 31464 1044 543 2825 501 28726 2759 2636 28711 10993 215 101 17718 1028 16690 402 262 270 16420 94 10778 2820 7958 5546 2509 657 2412 482
is_linear=0
shrinkage=0.05


Tree=41
num_leaves=31
num_cat=0
split_feature=23 19 21 5 34 15 3 17 33 14 39 38 15 14 3 21 39 19 0 0 17 11 0 9 17 21 31 33 14 14
split_gain=22.8306 11.971 32.2539 11.5053 10.8602 9.94616 8.28624 6.91032 7.249 9.12704 7.02837 6.68816 6.99956 6.10831 5.49904 5.22788 4.98565 4.96501 6.71796 6.51564 4.84457 6.27972 4.94555 4.80428 4.76355 4.92541 4.76185 4.57224 4.57084 4.50249
threshold=1.0000000180025095e-35 4.9688136574074084 7.7562557870370377 1.0000000180025095e-35 1.0000000180025095e-35 83009.500000000015 2.540744237811754 7.5000000000000009 0.03509852216748769 13073.825000000003 93.450000000000017 74.950000000000017 260737.50000000003 11078.990000000002 1.3398905844066535 0.089456018518518532 148.15000000000001 0.95651620370370372 6854.0400000000009 758.59500000000014 9.5000000000000018 2.5000000000000004 630.97500000000014 1.5000000000000002 1.5000000000000002 40.083640046296303 21.500000000000004 0.49528301886792458 10904.390000000001 13566.395000000002
decision_type=2 2 2 2 2 2 2 2 2 2 2 2 2 2 2 2 2 2 2 2 2 2 2 2 2 2 2 2 2 2
left_child=1 2 3 6 14 13 7 15 9 28 -10 16 -13 -4 23 26 24 -15 19 -19 -11 -22 -23 -2 -3 -26 27 -1 -9 -18
right_child=4 11 5 -5 -6 -7 -8 8 10 20 -12 12 -14 17 -16 -17 29 18 -20 -21 21 22 -24 -25 25 -27 -28 -29 -30 -31
leaf_value=-0.024445157639780793 -0.0083582273161066489 0.083098363413113316 0.0017961928554819648 0.043657015211699624 0.060885282611335079 -0.016599202395628832 -0.043369648433237373 -0.016426522559417119 -0.023889146337714828 -0.023637881422942198 0.11242672499607348 -0.01920467642714601 0.076880794333120547 0.055088609721729992 0.042585098439475361 0.002893239311390238 -0.025638240694665471 0.025719134960279007 0.0010886421313742896 0.18449071693462527 0.08112262633997197 0.044714643641270431 -0.0250112154703543 0.043484587101853621 -0.0081103485946039094 0.037278086457564405 0.046356164311110198 0.05698212159477728 0.12529625312692277 0.023707644578383244
leaf_weight=49.251020034775138 21.660108895972375 0.5000447379425158 3.8336547594517496 11.97524217981845 19.360277398489416 4.2918044840916982 12.128046839497982 0.47833831980825081 0.88077131751924698 11.226779611781241 2.4930166406556964 109.4102589758113 0.96324358321726222 21.543918495066468 11.256841933354734 58.038254677318037 4.702324039302769 1.2790046529844397 1.0237637395039199 2.1359856678172946 2.1947596268728367 2.9406508831307274 6.171030473895371 4.5686843590810886 165.70491230022162 5.2214336693286887 1.7674017464742053 0.86180436052381892 1.2850274536758659 26.421259263530374
leaf_count=3919 1428 40 73 86 375 105 180 35 61 746 107 8915 72 194 193 3861 282 30 31 103 117 83 407 88 11726 358 82 56 45 1212
internal_value=0 -0.00178174 0.00789038 -0.00153237 0.0313653 0.0513309 -0.00541256 -0.00177796 0.0201183 0.00905348 0.0795142 -0.00783956 -0.0176834 0.0613302 0.0149332 -0.00742173 -0.00241496 0.0697222 0.11756 0.144321 -0.00140224 0.0208034 -0.000311658 0.00193742 -0.00577325 -0.00651507 -0.0187975 -0.0219574 0.0948197 0.0156862
internal_weight=0 508.724 195.8 161.692 56.8459 34.1081 149.717 137.589 27.6704 24.2966 3.37379 312.923 110.374 29.8163 37.4856 109.918 202.55 25.9827 4.43875 3.41499 22.5332 11.3064 9.11168 26.2288 171.426 170.926 51.8802 50.1128 1.76337 31.1236
internal_count=35010 32926 10321 9785 2084 536 9699 9519 1601 1433 168 22605 8987 431 1709 7918 13618 358 164 133 1353 607 490 1516 12124 12084 4057 3975 80 1494
is_linear=0
shrinkage=0.05


Tree=42
num_leaves=31
num_cat=0
split_feature=41 2 39 19 21 19 34 38 38 38 39 14 35 21 40 15 19 18 39 17 2 31 0 14 39 3 19 21 12 39
split_gain=20.7253 17.6326 6.80029 9.45557 6.76996 10.9293 8.33786 7.21639 6.7311 11.9836 10.8914 5.82911 5.82738 5.79235 5.53394 5.21016 5.74689 5.55351 5.16142 4.91254 4.85927 4.76128 4.45844 11.0408 9.2439 7.93835 7.61039 8.02741 9.12915 9.39434
threshold=1.0000000180025095e-35 3.2431217894498432 67.250000000000014 1.769155092592593 9.9441087962962982 10.01113425925926 1.0000000180025095e-35 66.050000000000011 13.350000000000003 64.350000000000009 234.15000000000001 8100.5800000000008 1.0000000180025095e-35 34.927974537037045 1.323945742415259 159535.50000000003 39.875763888888891 1.0000000180025095e-35 166.65000000000001 4.5000000000000009 1.4064255448035927 12.500000000000002 5307.0950000000012 68152.785000000018 54.750000000000007 1.5340532917739704 34.060989583333338 26.572285879629636 1239.5300000000002 135.75000000000003
decision_type=2 2 2 2 2 2 2 2 2 2 2 2 2 2 2 2 2 2 2 2 2 2 2 2 2 2 2 2 2 2
left_child=1 8 -2 19 6 -6 -3 18 15 10 11 -10 13 22 -5 16 -1 -17 -7 -4 -18 -14 23 24 -13 -24 27 28 29 -26
right_child=2 4 3 14 5 7 -8 -9 9 -11 -12 12 21 -15 -16 17 20 -19 -20 -21 -22 -23 25 -25 26 -27 -28 -29 -30 -31
leaf_value=-0.020499530322759488 0.097177266220275393 -0.0080364706416311497 -0.0017658903399218791 -0.027317762421369213 0.065187361210954073 0.013404679385847624 0.042062484044736684 -0.028100338706127038 -0.019637462586205367 -0.010026542349817619 0.068669576907355798 0.07518969790500217 -0.017871198925699661 -0.022566309466781065 0.047235058836063153 -0.0081218380034429518 -0.021059030124853398 0.085528022971827711 0.077946776483407851 0.057602095363753963 0.11457532848538128 0.12309756959510304 -0.021617800108292486 0.045202668056773719 0.012946157756474112 0.054122330063828029 0.1145175876844419 -0.033396818513188938 -0.0017963191796495999 0.089605913743165733
leaf_weight=86.505066345445812 3.5337213203310958 28.040744562633336 4.1669545145705369 8.5316066648811084 16.967990908771753 13.256761571392422 10.663214538246391 6.7909880559891453 19.046868283301592 172.70811753720045 6.1915820576250544 3.729171165265142 0.54121553432196268 13.409007455222307 2.3904182910919181 3.7225156407803288 0.71082656364887842 1.571540863253176 3.2964964518323532 18.599654869176447 0.515680898912251 0.94181181769818068 19.562593512237076 22.736163073219359 13.09857792966068 3.1797754829749456 0.5174400769174089 12.958352591842411 60.334523873403668 5.0382594857364884
leaf_count=6955 82 558 103 521 118 350 113 297 1412 14125 133 245 35 1066 139 326 56 114 36 201 33 27 1314 1190 903 126 43 944 3526 224
internal_value=0 7.02372e-05 0.0382027 0.0293935 0.0216901 0.0357851 0.00647791 0.0126139 -0.00379123 -0.000630842 0.00832621 0.00581454 0.00902644 0.00775299 -0.0084076 -0.0156829 -0.0186651 0.02885 0.0299663 0.0471189 0.0618149 0.0851738 0.0107717 0.0146512 0.00699865 -0.00919448 0.00345378 0.00159305 0.00771863 0.0378112
internal_weight=0 526.035 37.2224 33.6886 79.0162 40.3122 38.704 23.3442 447.019 353.993 181.285 175.094 156.047 154.564 10.922 93.0256 87.7316 5.29406 16.5533 22.7666 1.22651 1.48303 141.155 118.412 95.6763 22.7424 91.9472 91.4297 78.4714 18.1368
internal_count=35315 34269 1046 964 1472 801 671 683 32797 25313 11188 11055 9643 9581 660 7484 7044 440 386 304 89 62 8515 7075 5885 1440 5640 5597 4653 1127
is_linear=0
shrinkage=0.05


Tree=43
num_leaves=31
num_cat=0
split_feature=41 2 25 21 19 6 38 17 19 31 19 31 21 21 12 0 38 15 2 2 21 39 39 31 14 31 21 38 16 12
split_gain=24.5295 15.6499 6.1133 5.8789 13.1147 9.08657 7.5326 5.4317 6.4327 5.3392 7.01108 5.30978 4.93816 4.75612 4.54791 12.3609 9.59245 6.27383 5.38159 5.06673 6.85937 7.92154 7.06847 5.85068 6.21501 4.65369 5.39531 5.83896 8.83521 8.39777
threshold=1.0000000180025095e-35 3.366521105234225 2.5000000000000004 8.2611979166666689 7.3275636574074081 1.5000000000000002 66.050000000000011 4.5000000000000009 12.109392361111114 6.5000000000000009 8.918553240740744 20.500000000000004 40.795000000000009 8.4035879629629644 11726.730000000001 797.87000000000012 31.650000000000002 151.50000000000003 1.8320688648099643 1.9135279314198024 23.12068865740741 98.250000000000014 253.75000000000003 10.500000000000002 65076.790000000015 16.500000000000004 1.3163020833333337 42.550000000000004 2.5000000000000004 998.62000000000012
decision_type=2 2 2 2 2 2 2 2 2 2 2 2 2 2 2 2 2 2 2 2 2 2 2 2 2 2 2 2 2 2
left_child=1 2 9 5 -5 11 -6 -2 -9 10 13 -3 14 -1 18 16 17 -16 -11 20 21 -20 23 -23 -25 -21 -27 28 29 -28
right_child=7 3 -4 4 6 -7 -8 8 -10 12 -12 -13 -14 -15 15 -17 -18 -19 19 25 -22 22 -24 24 -26 26 27 -29 -30 -31
leaf_value=0.0135337419129171 -0.0029353736089570998 -0.019463600435549473 0.056578906329572277 0.06068268035252683 0.022381162652942779 0.051511803278878256 -0.035553297804368202 0.058356838922898481 0.0042406116638249343 -0.015151242540473576 -0.014735536038994253 0.039283173636273712 0.033347842189251208 0.074271982698254538 -0.017813429474212779 -0.0048713728342071744 0.0025356231332665539 0.14590396277140977 -0.011815350519810575 -0.013194354097097447 -0.031203478157541709 -0.012755705516213037 -0.018145374149303662 0.21065795807019569 -0.00097724320791741748 -0.036524804464667403 -0.0063083809872982038 -0.00045002490481268792 -0.028799795571486254 0.13819957147307119
leaf_weight=9.0906132748350519 6.6483911080285898 24.45659475680441 2.7630902007222167 17.991863725706935 17.761279364116493 6.3068084754049769 7.0203039320185772 23.918323664925996 7.2550632925704113 270.11419236566871 10.715738887898622 3.5769650647416702 5.8707402115687719 4.5471254140138617 0.47106237616389934 84.343077803961933 3.3843892589211464 2.1971926195546985 1.5874175867065781 34.40904298145324 1.6077059088274834 0.33654954470694098 0.55349726043641556 1.1068270625546572 0.40426646731793869 2.5024569546803823 1.2656499184668049 5.9726912323385477 1.307500911876559 2.693277602083981
leaf_count=347 248 496 15 118 364 40 309 386 421 21217 698 39 413 32 15 6100 202 88 125 2401 139 27 40 84 20 169 88 453 90 152
internal_value=0 -0.00340625 -0.00699939 0.017256 0.0294066 0.0017178 0.00522664 0.0377806 0.0462855 -0.00752074 0.0148272 -0.0108729 -0.00884831 0.0374757 -0.00952517 0.000390145 0.0640037 0.120024 -0.0122854 0.00213102 0.0432471 0.073496 0.116787 0.149386 0.176197 -0.00343033 0.0202554 0.0348492 0.0685656 0.100045
internal_weight=0 524.358 447.244 77.1138 42.7734 34.3404 24.7816 37.8218 31.1734 444.481 24.3535 28.0336 420.128 13.6377 414.257 90.3957 6.05264 2.66825 323.861 53.7469 5.59626 3.98856 2.40114 1.84764 1.51109 48.1506 13.7416 11.2391 5.26643 3.95893
internal_count=35336 34281 32915 1366 791 575 673 1055 807 32900 1077 535 31823 379 31410 6405 305 103 25005 3788 435 296 171 131 104 3353 952 783 330 240
is_linear=0
shrinkage=0.05


Tree=44
num_leaves=31
num_cat=0
split_feature=23 24 2 2 11 33 24 24 15 39 0 12 18 14 10 39 39 2 13 24 15 3 13 21 31 0 15 21 24 31
split_gain=17.8724 16.8473 9.89719 7.71833 7.9902 8.49234 7.65031 7.15413 13.7901 7.49925 6.73259 7.66869 5.79165 5.50765 7.79102 6.02497 8.75578 7.85465 5.44484 6.75485 6.72979 6.47894 5.98352 5.20283 5.02681 4.8683 4.88103 4.71144 4.55401 4.38643
threshold=1.0000000180025095e-35 1.0000000180025095e-35 18.681431251286991 0.25486809548808337 3.5000000000000004 0.12310606060606062 20.206365740740743 21.124479166666671 8370.5000000000018 238.05000000000004 1288.0300000000002 9825.0050000000028 1.0000000180025095e-35 75416.615000000034 2983.6000000000004 73.050000000000011 94.15000000000002 1.0262069859028309 18.500000000000004 40.1263425925926 1360.5000000000002 -0.008861936523609967 9.5000000000000018 -1.0000000180025095e-35 15.500000000000002 856.15500000000009 24167.000000000004 3.0621527777777784 12.119021990740743 11.500000000000002
decision_type=2 2 2 2 2 2 2 2 2 2 2 2 2 2 2 2 2 2 2 2 2 2 2 2 2 2 2 2 2 2
left_child=2 10 3 4 5 -1 13 8 24 -10 23 -12 18 14 -5 -16 17 -17 19 27 21 -20 -21 -2 -8 -14 -27 -9 -18 -28
right_child=1 -3 -4 6 -6 -7 7 12 9 -11 11 -13 25 -15 15 16 28 -19 20 22 -22 -23 -24 -25 -26 26 29 -29 -30 -31
leaf_value=-0.022596391681764371 0.026069375068135933 0.066785943880602064 0.033917428500997798 -0.009667378608859193 0.054256604326423236 0.068938299176125054 0.11847574486046374 -0.037622971038014166 -0.037122874125995534 0.071789204066742038 0.040844539368900076 -0.021223215470454096 -0.030085968535348923 -0.024911824334289224 -0.030803546353822056 0.1926179304397716 -0.0083502689896446502 0.01019142985890692 -0.02169213160667724 -0.029661545848085946 -0.02246651297994201 0.044015390341931866 0.068387769155318662 -0.040671634077864442 -0.0015075136145612194 0.0077398042809114324 0.087012212785776089 0.0030593904479758963 0.057967636361025456 0.017955665941292703
leaf_weight=10.655064607039096 3.3725064760074028 17.557537019252777 17.320246083661914 183.62381927762181 10.481595266610382 2.2394019728526464 3.637746502645312 6.691962673328816 5.109546635299921 1.1457038903608916 16.174751385115091 6.278376728296279 3.0521200932562378 53.630495266057551 2.6980183245614162 0.64449869748204847 5.988411436788736 1.1055942820385096 5.7969304360449314 1.4042359916493286 53.146802574396133 7.6606173543259484 5.648063788190484 8.7265842519700492 1.0446920916438101 11.759761696681382 4.4663424035534245 94.167788969352841 3.2942126709967852 5.1142023736611009
leaf_count=522 121 152 120 13441 286 40 142 601 344 61 717 379 222 3660 139 28 257 31 359 109 4228 314 313 663 72 411 145 6984 101 205
internal_value=0 0.0283338 -0.00216578 -0.00352373 0.0239132 -0.00288198 -0.00496426 0.00207851 0.0396737 -0.0100294 0.00746554 0.0233241 -0.000176912 -0.0108375 -0.00690658 0.028164 0.043946 0.122985 -0.00340501 0.00353582 -0.0145365 0.0161688 0.0476054 -0.0214983 0.096152 0.0221432 0.0306254 1.72878e-05 0.0185332 0.0553301
internal_weight=0 52.1098 501.528 484.208 23.3761 12.8945 460.832 209.847 10.9377 6.25525 34.5522 22.4531 198.909 250.985 197.355 13.7307 11.0327 1.75009 174.516 107.912 66.6044 13.4575 7.0523 12.0991 4.68244 24.3924 21.3403 100.86 9.28262 9.58054
internal_count=35167 2032 33135 33015 848 562 32167 14510 619 405 1880 1096 13891 17657 13997 556 417 59 12908 8007 4901 673 422 784 214 983 761 7585 358 350
is_linear=0
shrinkage=0.05


Tree=45
num_leaves=31
num_cat=0
split_feature=23 24 2 0 14 31 39 33 3 31 2 3 17 2 2 10 11 24 2 15 3 10 10 24 14 39 2 33 12 39
split_gain=18.41 17.0868 12.8878 7.13632 11.2621 8.05664 7.99622 7.93757 8.08355 6.97909 6.29414 6.53375 6.61072 8.93191 13.1925 5.97402 6.03887 5.53422 5.41314 5.08063 6.37822 4.44075 5.15515 4.98841 4.42547 4.31003 4.2452 8.40405 4.09654 5.91544
threshold=1.0000000180025095e-35 1.0000000180025095e-35 1.8320688648099643 4315.4450000000006 283205.79000000004 15.500000000000002 127.25000000000001 0.077935222672064791 -0.31897112467359762 2.5000000000000004 18.681431251286991 0.96514559837554825 7.5000000000000009 1.9135279314198024 1.9954938499267516 3180.4850000000006 3.5000000000000004 7.8117766203703711 1.9361852068680558 85187.000000000015 1.603011741098838 12791.080000000004 14639.065000000002 4.4667418981481495 78204.200000000026 196.55000000000004 0.70085763927830025 0.33771929824561409 15958.700000000003 71.250000000000014
decision_type=2 2 2 2 2 2 2 2 2 2 2 2 2 2 2 2 2 2 2 2 2 2 2 2 2 2 2 2 2 2
left_child=2 19 3 4 7 -6 -7 -1 9 -9 11 12 -4 -14 -15 16 17 18 -13 20 -2 -5 -23 -24 -17 -10 27 -11 -18 -30
right_child=1 -3 10 21 5 6 -8 8 25 26 -12 15 13 14 -16 24 28 -19 -20 -21 -22 22 23 -25 -26 -27 -28 -29 29 -31
leaf_value=-0.0089963147145236521 -0.015088150917385532 0.067075945769158374 0.01394012844800447 -0.030733885042514564 -0.00083052695688242491 0.16749635808221347 0.010087429318981777 -0.033136885659701347 -0.034192488886167584 0.069730813445820869 0.036260199199797276 0.061413243817664546 -0.020354825997035308 0.23898524903203133 -0.017965959863014063 0.053734925783440524 -0.035925941121120665 0.011463912510216293 -0.032869778226561334 0.043427083232481192 0.040458942681945796 0.084977587415859007 0.053928241328410148 -0.035778340615910141 0.0029499232416605801 0.039368542907565897 0.1204234290615698 -0.01810467865538434 0.06404407176747906 -0.020618226122373112
leaf_weight=279.03862002585083 22.2018240923062 17.218400521203876 5.5390723263844839 44.975186237134039 3.1136668175458899 1.2476757951080801 1.47194377053529 1.8371691936627055 6.5665204953402263 6.4740803558379394 18.25211825594306 0.79025894589722057 0.67086624726653088 0.55271186865866162 0.54468037188053131 7.9476540284231332 17.497139311395589 58.575541226193309 12.411495771259068 6.5191234638914457 5.6529763964936128 0.84689226746559043 1.2289097271859644 4.2103232340887189 8.4768289783969504 1.7813830161467192 1.5252014510333527 3.7450023489072919 2.03057996649295 5.5236404817551374
leaf_count=21480 1471 158 401 3822 117 32 36 111 487 199 129 62 55 30 38 142 961 2888 768 313 97 60 53 257 202 133 92 222 87 245
internal_value=0 0.0279062 -0.00319961 -0.00820876 -0.00528001 0.0582438 0.107918 -0.00670001 0.0216372 0.044258 0.00968762 0.0053995 0.0482067 0.111736 0.163691 0.00223973 -0.00258473 0.00483779 -0.023299 0.00694391 -0.0028037 -0.0253011 0.0124523 -0.0102831 0.0291979 -0.0159628 0.0580151 0.038797 -0.0232211 0.00696554
internal_weight=0 51.5923 496.875 358.063 306.801 5.83329 2.71962 300.968 21.9294 13.5815 138.813 120.56 7.30733 1.76826 1.09739 113.253 96.8287 71.7773 13.2018 34.3739 27.8548 51.2613 6.28613 5.43923 16.4245 8.3479 11.7443 10.2191 25.0514 7.55422
internal_count=35148 2039 33109 27101 22909 185 68 22724 1244 624 6008 5879 524 123 68 5355 5011 3718 830 1881 1568 4192 370 310 344 620 513 421 1293 332
is_linear=0
shrinkage=0.05


Tree=46
num_leaves=31
num_cat=0
split_feature=41 2 15 39 39 15 25 21 14 13 39 10 2 15 21 39 21 2 3 10 21 31 15 34 24 13 24 3 12 21
split_gain=13.255 9.83204 7.00107 9.79546 6.33601 6.7194 5.37728 5.37401 5.24648 4.79712 6.42994 6.77703 7.83951 8.19299 10.3634 10.5017 8.84588 5.89237 11.2138 7.35009 5.66661 5.54985 4.78067 4.49338 7.07049 7.46707 4.86641 4.79314 6.19456 7.07232
threshold=1.0000000180025095e-35 2.4552459487799996 760.50000000000011 66.250000000000014 248.75000000000003 495.50000000000006 1.5000000000000002 19.394768518518521 30884.450000000004 18.500000000000004 302.75000000000006 4283.130000000001 1.0872463707927806 200.50000000000003 0.90163194444444461 113.35000000000001 26.271516203703708 0.85658605622083994 -0.12024538817194771 2672.6500000000001 25.453020833333337 8.5000000000000018 760.50000000000011 1.0000000180025095e-35 14.857407407407409 29.500000000000004 36.072893518518526 1.8574835372230856 27950.060000000005 29.576973379629631
decision_type=2 2 2 2 2 2 2 2 2 2 2 2 2 2 2 2 2 2 2 2 2 2 2 2 2 2 2 2 2 2
left_child=1 6 -2 -4 5 -3 9 -8 -7 10 11 -1 13 -13 -15 16 22 21 20 -20 -19 -12 -16 24 -10 26 27 28 29 -26
right_child=2 4 3 -5 -6 8 7 -9 23 -11 17 12 -14 14 15 -17 -18 18 19 -21 -22 -23 -24 -25 25 -27 -28 -29 -30 -31
leaf_value=-0.0062204399686095853 0.053276073880814248 0.046042386302106164 0.094031114145365843 -0.0055690427715532516 0.037727918260833958 -0.013238024742607594 -0.00044086507815779727 0.067934070556817994 -0.025717590677781565 -0.013309030176986064 0.057075274841044604 -0.017009735423449922 -0.022610203271867191 -0.029446551048940256 0.015223820673217914 0.028856467926265089 -0.015176631883037398 0.17940328255923718 0.0043702308850365537 0.10645025222446101 -0.012493880867710987 -0.022707338055768203 0.22506271586285626 0.040591944741107805 0.13004886628897869 -0.038674161763416155 -0.023514494259310528 0.021691359541238832 -0.025759252117478572 -0.012490206275523243
leaf_weight=226.97192527260631 16.36292564868927 8.5760491620749217 1.873951176181438 16.867964117787778 19.290026961825788 33.015100413933396 6.6732127889990789 4.0303144613280892 12.111250882968305 130.55309566948563 1.8253952208906437 2.7672712886705977 4.584495752118527 1.3768075639382003 0.47587079182267267 3.2111118761822581 0.42555195745080698 0.95784622523933716 10.386085279285902 1.1482396358624107 0.32557067554444075 8.60744411498308 1.5321631543338297 9.9912847504019719 3.1097656050697031 3.5674603283405295 2.5965432161465278 11.096135841682552 0.73994070943444956 0.89590193144977082
leaf_count=18194 221 104 61 791 432 1388 321 183 383 10236 51 109 262 96 13 125 28 66 739 38 22 632 66 154 139 126 92 194 30 45
internal_value=0 -0.000996851 0.0303494 0.00864827 0.0125693 0.00653658 -0.00452854 0.0289098 0.00161045 -0.00550499 -0.00161882 -0.0040693 0.0280949 0.0517369 0.0775737 0.10418 0.166219 0.0229365 0.0443722 0.0222142 0.146571 -0.00497683 0.196927 0.0127716 0.00370045 0.0203053 0.0331192 0.0432468 0.0811003 0.102042
internal_weight=0 510.842 35.1048 18.7419 104.989 85.6994 405.852 10.7035 77.1234 395.149 264.596 241.345 14.3733 9.78878 7.02151 5.6447 2.43359 23.2506 12.8177 11.5343 1.28342 10.4328 2.00803 44.1083 34.117 22.0057 18.4383 15.8417 4.74561 4.00567
internal_count=35341 34268 1073 852 3087 2655 31181 504 2551 30677 20441 18893 699 437 328 232 107 1548 865 777 88 683 79 1163 1009 626 500 408 214 184
is_linear=0
shrinkage=0.05


Tree=47
num_leaves=31
num_cat=0
split_feature=9 6 34 19 31 0 3 21 19 15 15 15 31 40 38 40 19 15 15 25 40 12 38 38 17 3 13 19 40 15
split_gain=13.0149 9.85617 7.48017 8.90953 11.378 8.46577 9.4202 8.28097 16.4866 7.23779 13.5221 7.75791 7.13818 6.56004 6.09213 6.36213 5.81691 5.70793 5.44286 6.3917 5.88212 5.87643 5.24716 7.07757 10.337 9.57619 6.93443 6.29276 6.09698 6.90539
threshold=3.5000000000000004 2.5000000000000004 1.0000000180025095e-35 4.4207118055555563 18.500000000000004 5194.9100000000008 -0.74159102522071063 1.3163020833333337 2.0146585648148156 10462.500000000002 7930.5000000000009 8370.5000000000018 8.5000000000000018 0.77629535307343189 53.550000000000004 1.1293916864852374 20.996261574074079 66904.000000000015 99965.000000000015 1.5000000000000002 1.3508990212800367 4075.9550000000004 56.250000000000007 46.350000000000001 9.5000000000000018 -0.6106415096023079 32.500000000000007 29.931024305555557 0.81548143118443506 2925.0000000000005
decision_type=2 2 2 2 2 2 2 2 2 2 2 2 2 2 2 2 2 2 2 2 2 2 2 2 2 2 2 2 2 2
left_child=1 2 7 4 12 6 -6 -1 17 10 22 16 -4 -8 15 -13 -12 -9 19 20 -5 -22 23 28 25 27 -27 -25 29 -10
right_child=-2 -3 3 18 5 -7 13 8 9 -11 11 14 -14 -15 -16 -17 -18 -19 -20 -21 21 -23 -24 24 -26 26 -28 -29 -30 -31
leaf_value=-0.015742425045746352 0.052908959295460238 0.057206964060533022 0.041589358207069674 -0.025104977531722791 0.0034417826508423861 0.0093561462361183585 0.18286673127292186 0.039731059945506547 0.0060001768246348095 -0.010204486660407294 0.030498828052919869 0.071544801815711601 -0.0071217707464046737 0.035758889638335234 -0.010941739047268684 -0.029582286926823149 0.15753314543692179 -0.0024312429537856448 0.038976607365195003 0.056643855613511054 -0.022145824565657304 0.078217990456207476 -0.01211259022462882 0.15295669935020084 -0.034584539421992126 0.00032066960142353341 0.12269740277553831 -0.015867760349751292 0.024326535742790534 -0.03366175995643475
leaf_weight=91.147839576005936 11.327249235473571 6.6708517884835592 12.454578417353334 27.543274585157636 1.687576016411185 3.4446968212723732 2.5156300906091911 32.638110164552927 28.620264110155404 163.26904460042715 2.4332369035109909 6.1653442429378611 16.502174535766244 1.7194301281124351 6.5713951559737325 1.384870142675936 1.4042876083403824 10.397716159000991 5.7114733885973683 2.2989563075825563 2.1110271932557216 2.0907403975725174 56.50897319894284 2.3666047025471921 2.7620484773069611 6.0223348690196863 0.43459381721913803 0.45048194006085385 18.610225693322718 16.559736049734056
leaf_count=6239 154 62 242 2107 65 76 147 864 1426 13186 154 409 899 60 565 95 112 397 351 51 138 146 4471 97 161 307 15 25 973 1290
internal_value=0 0.000939488 0.000118423 0.0142973 0.0311741 0.0762945 0.108251 -0.00238049 0.00106934 -0.00294495 0.00495661 0.044449 0.0145183 0.141381 0.0237573 0.0517055 0.0999405 0.0297205 -0.00233753 -0.0101831 -0.0166047 0.0332301 -0.000696032 0.00785899 0.0414307 0.0652327 0.023907 0.128875 0.000982927 -0.00895116
internal_weight=0 532.498 525.827 78.0796 38.3241 9.36733 5.92264 447.747 356.599 313.563 150.294 17.9591 28.9568 4.23506 14.1216 7.55021 3.83752 43.0358 39.7555 34.044 31.745 4.20177 132.335 75.8263 12.0361 9.27402 6.45693 2.81709 63.7902 45.18
internal_count=35284 35130 35068 4282 1489 348 272 30786 24547 23286 10100 1335 1141 207 1069 504 266 1261 2793 2442 2391 284 8765 4294 605 444 322 122 3689 2716
is_linear=0
shrinkage=0.05


Tree=48
num_leaves=31
num_cat=0
split_feature=41 2 3 19 21 5 39 19 31 40 19 24 24 14 0 14 40 24 40 31 2 3 13 20 0 33 17 24 39 39
split_gain=15.62 10.5463 9.35791 6.41925 12.0474 13.3729 6.20639 7.9884 5.47856 5.05753 4.99138 5.26151 4.93099 4.90013 5.38144 9.32507 6.78603 4.72977 4.51419 4.85035 7.04105 4.44045 5.14788 4.41027 5.32752 6.9698 4.78539 9.32445 7.69722 6.72433
threshold=1.0000000180025095e-35 2.54118527046001 1.2456925852098848 4.9688136574074084 4.35738425925926 1.0000000180025095e-35 67.250000000000014 1.769155092592593 5.5000000000000009 1.323945742415259 8.819178240740742 8.2539583333333351 41.051469907407416 7893.6500000000005 4501.4800000000005 311885.57500000001 0.50951665710033245 14.164861111111113 0.033003257884480205 14.500000000000002 1.3393172848473913 2.540744237811754 15.500000000000002 1.0000000180025095e-35 758.59500000000014 0.15192307692307697 3.5000000000000004 3.8583333333333338 84.350000000000009 47.150000000000013
decision_type=2 2 2 2 2 2 2 2 2 2 2 2 2 2 2 2 2 2 2 2 2 2 2 2 2 2 2 2 2 2
left_child=1 8 -3 4 5 21 -2 -8 10 -9 11 -1 -5 18 15 23 -17 -18 19 20 -10 22 -4 -15 25 -25 27 -26 29 -29
right_child=6 2 3 12 -6 -7 7 9 13 -11 -12 -13 -14 14 -16 16 17 -19 -20 -21 -22 -23 -24 24 26 -27 -28 28 -30 -31
leaf_value=0.0020720505588069297 0.089433341701750713 0.10107861645022212 -0.019282420689640808 -0.0076794059342952864 0.055398397528586746 0.048531968615824074 0.043888300317822815 -0.026289932684655671 -0.0064936416704423836 0.044177780529090868 -0.0084582732461162997 0.06761347116009718 0.06727711461987991 -0.030875548500874046 -0.0175034315373504 -0.0098281659289623929 -0.010045614281888627 0.12095186252549368 -0.029130457688831046 -0.029419709852372689 0.099289709168258244 -0.037928813466253646 0.037786329263349794 -0.016257891964516422 0.07141468644171943 0.050602946564439505 0.0011105335599847542 -0.012749755154550561 -0.031593110630096698 0.11543999903543933
leaf_weight=5.332789718173446 3.5663543008267871 2.0072118686512104 9.0680454252287763 39.750446625985205 17.349016872234643 11.246650972403584 18.791410584002737 8.7037322465330345 3.5499242860823852 2.4758649477735153 8.4070009691640717 6.4036271506920457 1.3216476375237096 11.697771828621624 56.623018600046635 2.0562914786860338 0.67993085552006993 2.4574087774381042 34.89712537266314 3.7523708324879408 1.6725582415238021 10.581399387679992 5.5132529605180016 66.300119917839766 6.3188651986420146 3.176415503025054 182.36844905372709 1.6483420794829711 6.7332386486232281 1.1028705108910797
leaf_count=207 75 86 423 1642 181 78 283 536 330 135 596 101 28 1188 4826 79 19 48 2887 345 150 166 179 5158 452 160 14054 137 521 79
internal_value=0 -0.000727601 0.0140108 0.0111324 0.0223448 0.00553501 0.0340339 0.0247669 -0.00427591 -0.00833808 0.0205331 0.0403337 -0.00372564 -0.00562364 -0.00356912 -0.000744624 0.0599432 0.0969957 -0.0211647 0.00962406 0.0378968 -0.0148033 0.00333577 -0.00208273 -0.000714076 -0.0125264 0.00346929 0.029003 -0.0033695 0.0557126
internal_weight=0 502.016 96.8377 94.8305 53.7584 36.4093 33.5374 29.971 405.178 11.1796 20.1434 11.7364 41.0721 385.035 341.163 284.54 5.19363 3.13734 43.872 8.97485 5.22248 25.1627 14.5813 279.346 267.648 69.4765 198.172 15.8033 9.48445 2.75121
internal_count=35149 34120 2783 2697 1027 846 1029 954 31337 671 904 308 1670 30433 26721 21895 146 67 3712 825 480 768 602 21749 20561 5318 15243 1189 737 216
is_linear=0
shrinkage=0.05


Tree=49
num_leaves=31
num_cat=0
split_feature=23 24 6 39 38 38 14 14 24 15 39 31 0 24 19 19 15 13 14 15 39 13 24 24 33 38 14 39 24 38
split_gain=12.9709 18.1854 8.31779 6.72409 12.0355 8.57229 6.07166 8.3393 11.3407 10.7676 8.77429 7.97888 7.34444 8.85928 6.97236 6.48141 6.41442 6.29856 8.04722 6.73954 6.18906 5.9093 5.64831 5.24301 5.16929 4.93455 5.14271 4.80483 6.22241 4.76708
threshold=1.0000000180025095e-35 1.0000000180025095e-35 1.5000000000000002 274.25000000000006 61.45000000000001 74.950000000000017 31640.960000000003 33596.780000000006 18.159965277777783 4105.5000000000009 138.45000000000002 18.500000000000004 3035.1700000000005 17.034589120370374 23.107251157407411 1.1685011574074078 77718.500000000015 22.500000000000004 37640.625000000007 9724.5000000000018 160.35000000000005 15.500000000000002 10.855173611111114 34.064554398148154 0.12310606060606062 51.45000000000001 12580.715000000004 43.350000000000001 33.205995370370381 161.05000000000004
decision_type=2 2 2 2 2 2 2 2 2 2 2 2 2 2 2 2 2 2 2 2 2 2 2 2 2 2 2 2 2 2
left_child=2 21 3 5 -5 6 20 8 9 -8 11 15 17 -14 -15 -11 -16 18 24 27 -1 -2 -20 -18 -9 26 -22 -19 -29 -7
right_child=1 -3 -4 4 -6 29 7 12 -10 10 -12 -13 13 14 16 -17 23 19 22 -21 25 -23 -24 -25 -26 -27 -28 28 -30 -31
leaf_value=-0.0094909488051649164 0.021138471145165583 0.066625340062984859 0.04271197685508589 0.078655815163251416 0.0063245826263878067 -0.020504463394493546 -0.023473222917572117 -0.036652725059481889 -0.015825933816994455 0.015379664163058207 -0.01647103244250327 -0.012660274181422871 -0.0246882299472466 0.024966143684180892 -0.028092087080047307 0.25233380679867418 0.088050381809178471 -0.020385900251596409 -0.00032550061114555181 -0.029503480556654693 -0.0035934631011385783 -0.019954259615241932 0.05333322836154443 -0.019049274102665548 0.057333505379358045 -0.0086055364733559417 0.071417562565293607 0.042755778750407182 -0.035547229085411247 0.0055594810952314493
leaf_weight=141.24786076275632 20.249186563305557 16.944426653906703 9.9390622144564968 5.5445432392880312 49.430584057234228 88.902175010181963 0.8505618749186391 5.5012680916115633 2.5609450219199061 0.49165696743875775 0.47616931237280358 0.32980359625071276 32.603236557450145 26.75147033855319 14.954716214910151 1.1460646037012336 1.5258970987051719 5.603416075930002 6.1537736877799061 10.842313637025653 3.3815432703122479 13.90282497461885 22.923027811571956 1.5533748716115949 0.93672656919807185 6.9231841312721363 5.5010647131130099 13.923501287586989 2.2655261652544132 21.337244153022766
leaf_count=10440 1020 167 116 56 3226 7441 52 379 164 29 27 22 2115 1250 1043 79 112 439 391 895 148 852 1302 104 15 379 192 805 150 1693
internal_value=0 0.0258627 -0.000394854 -0.00138746 0.0148945 -0.00355574 0.000733302 0.0078522 0.0617811 0.111749 0.151964 0.184541 0.00527576 -0.00524556 0.00913854 0.213998 -0.0144182 0.0171266 0.0313931 0.00112917 -0.00613529 0.0043184 0.0423437 0.0425974 -0.0171081 0.0226328 0.0453873 0.0169955 0.0303674 -0.0154551
internal_weight=0 51.0964 483.601 473.662 54.9751 418.687 308.447 151.393 5.8552 3.29426 2.44369 1.96753 145.538 77.3887 44.7855 1.63772 18.034 68.1496 35.5148 32.6348 157.054 34.152 29.0768 3.07927 6.43799 15.8058 8.88261 21.7924 16.189 110.239
internal_count=35103 2039 33064 32948 3282 29666 20532 9373 373 209 157 130 9000 4624 2509 108 1259 4376 2087 2289 11159 1872 1693 216 394 719 340 1394 955 9134
is_linear=0
shrinkage=0.05


Tree=50
num_leaves=31
num_cat=0
split_feature=23 24 24 2 0 0 14 31 24 15 40 0 0 40 12 12 12 40 0 31 10 31 31 40 24 12 31 31 2 15
split_gain=11.738 17.2761 7.6147 8.01814 7.59919 5.72455 10.8211 12.1041 5.65862 6.16286 6.7587 6.10589 5.4758 10.8951 12.2525 6.07429 5.47546 5.91069 5.17212 5.08754 5.07098 4.93296 4.75856 4.70743 6.15488 6.55578 5.01034 8.36941 5.85992 5.35133
threshold=1.0000000180025095e-35 1.0000000180025095e-35 16.798599537037042 2.54118527046001 1415.4550000000002 3869.3100000000004 294915.69 15.500000000000002 34.064554398148154 260737.50000000003 0.50951665710033245 2823.1350000000007 3326.0600000000009 0.91545078932600854 10003.145000000002 12587.950000000003 9825.0050000000028 0.11156998162421 189.56500000000003 12.500000000000002 1913.7050000000002 20.500000000000004 13.500000000000002 0.83482731035855073 37.204652777777788 7880.5100000000011 13.500000000000002 9.5000000000000018 1.6137938707039796 981.50000000000011
decision_type=2 2 2 2 2 2 2 2 2 2 2 2 2 2 2 2 2 2 2 2 2 2 2 2 2 2 2 2 2 2
left_child=2 4 18 5 -2 6 8 -8 9 11 -11 -4 13 15 19 -13 17 -6 -1 -15 -5 22 -20 24 -10 26 27 -26 -29 -28
right_child=1 -3 3 20 16 -7 7 -9 23 10 -12 12 -14 14 -16 -17 -18 -19 21 -21 -22 -23 -24 -25 25 -27 29 28 -30 -31
leaf_value=0.032919572632127324 -0.025566254198958079 0.065974678491228886 0.0030864725233119917 0.014912787171203347 -0.01733145830211073 -0.016455402863323941 -0.021260174905282942 0.13101694960442242 -0.025433531524830289 0.15317315165995393 -0.019225195868096043 -0.025893222889247627 -0.0011122424328587315 0.016165160436188455 -0.0086106899189865426 0.070346744765526395 -0.016544651304235349 0.053080849630664832 -0.0023691853593811891 0.24645080566110558 0.053489423887269238 0.019083225110001354 -0.01763203091586453 -0.035820722432248736 -0.016077672241610049 -0.038146848648890175 0.074723411368928475 0.12076264868318798 -0.019062816906835811 -0.019203390461403406
leaf_weight=7.0441084494814268 12.377445359714327 16.313080545514822 113.02474658889696 43.852259248495102 3.3465138887986567 35.81406868994236 1.7041466971859325 2.4551358483731747 12.65573345217854 0.47492928523570188 0.60440785251557827 3.0608897814527136 5.0304659800603986 0.45403076987713598 0.86367991194128979 1.8152033900842068 5.9420841075479975 11.832607235759495 102.52108601527289 0.68504460621625185 10.051050144247709 14.771422843914477 101.46635381737724 13.563303585164247 1.8996958546340446 2.9613324599340549 0.99019230064004649 3.3794766534119849 0.6056684162467717 5.3921401156112552
leaf_count=244 852 166 8707 1339 173 2941 70 44 1079 37 41 251 369 21 49 86 377 470 7090 54 134 932 7369 1124 154 242 54 298 59 500
internal_value=0 0.0254113 0.000157049 0.00595734 0.0043181 0.00145297 0.0052638 0.076598 0.00304787 0.00831353 0.0938157 0.00683576 0.0394228 0.0654447 0.140783 0.0158083 0.022195 0.0374454 -0.0065527 0.205128 0.0229492 -0.00796774 -0.0100101 -0.0127801 -0.000720615 0.0201189 0.0359995 0.0656004 0.0999507 0.00351694
internal_weight=0 49.8117 487.141 261.338 33.4987 207.434 171.62 4.15928 167.461 126.013 1.07934 124.934 11.9093 6.87885 2.00276 4.87609 21.1212 15.1791 225.803 1.13908 53.9033 218.759 203.987 41.4475 27.8842 15.2285 12.2672 5.88484 3.98515 6.38233
internal_count=35326 2038 33288 17653 1872 16180 13239 114 13125 9615 78 9537 830 461 124 337 1020 643 15635 75 1473 15391 14459 3510 2386 1307 1065 511 357 554
is_linear=0
shrinkage=0.05


Tree=51
num_leaves=31
num_cat=0
split_feature=23 24 3 31 19 24 24 24 20 39 15 39 39 12 40 16 13 12 0 15 40 15 12 13 33 19 33 2 40 15
split_gain=14.1288 12.0193 9.81291 5.15359 10.3117 14.6055 7.78233 6.73568 7.29252 5.26853 5.06507 5.80519 11.4116 8.72553 6.16972 5.57174 5.50507 5.0254 6.21524 5.59139 4.99156 5.7654 7.16325 10.8099 6.35053 5.79241 5.05737 5.03629 4.9672 6.18276
threshold=1.0000000180025095e-35 1.0000000180025095e-35 4.6584016898942666 11.500000000000002 12.109392361111114 9.9625520833333354 23.320318287037043 28.863113425925928 1.0000000180025095e-35 446.25000000000006 10279.500000000002 47.150000000000013 57.750000000000007 3236.8350000000005 0.62951379264307283 3.5000000000000004 28.500000000000004 9825.0050000000028 1125.0800000000002 7628.5000000000009 1.0692337377441612 7930.5000000000009 2658.8900000000008 12.500000000000002 0.097619047619047633 -1.0000000180025095e-35 0.52086956521739147 0.96963600768059333 0.48834553254800223 2231.5000000000005
decision_type=2 2 2 2 2 2 2 2 2 2 2 2 2 2 2 2 2 2 2 2 2 2 2 2 2 2 2 2 2 2
left_child=2 17 3 4 5 -1 9 8 -7 -6 16 15 13 14 -13 -12 20 18 -2 28 21 24 23 25 -5 -23 27 -26 -20 -30
right_child=1 -3 -4 10 6 7 -8 -9 -10 -11 11 12 -14 -15 -16 -17 -18 -19 19 -21 -22 22 -24 -25 26 -27 -28 -29 29 -31
leaf_value=-0.006225193769436658 -0.014403679208009057 0.06113706701987949 0.034345158015414053 8.0644325492554427e-05 -0.035522868205252599 -0.024709366011298653 0.0040604657469461448 -0.0039680658905137389 0.051730215879476772 0.052744981882988318 -0.038413933669724648 0.16819279127642064 -0.011004328923095774 -0.026210601267174779 0.003688353018352717 0.037673541818081836 -0.019949613522916909 -0.027471437589952175 0.0069191579235425588 0.015101264159719555 -0.015856777903166055 -0.012132592719147612 0.011649380886591048 0.00685015246308362 0.10751367605816649 0.18221708998749703 -0.014533865781793574 -0.0056241190446791652 0.0024915079361239223 0.14513411244906957
leaf_weight=38.846758268307894 9.1646465007215756 15.377345344051717 16.977955032140017 85.280869837850332 25.730043230112646 2.8583387164399019 38.43701640330255 8.5263120271265489 32.272431910037994 0.93768664170056482 28.128560504876081 1.0586597574874752 124.71527971699834 1.068933395668864 0.85151863005012263 1.836508891545235 28.903859233949333 6.6969328513368955 1.9985894132405544 13.359265643171964 25.008627588395029 0.31580591388046753 10.412431999109684 2.4707264024764299 2.6109398743137713 1.3642171854153262 1.7436759015545247 1.2207454582676289 1.0760819334536793 1.9095620624721048
leaf_count=2717 646 170 128 5504 2005 258 2965 482 1348 57 2512 84 9773 85 68 157 2017 424 101 628 1680 31 741 177 74 106 50 75 33 50
internal_value=0 0.0258677 -0.00190847 -0.00330421 0.00439279 0.0160471 -0.0103955 0.035561 0.0449991 -0.030625 -0.0068909 -0.0132147 -0.0084274 0.0751054 0.121326 -0.0326846 -0.000590067 0.00872561 0.0181924 0.0343805 0.00381931 0.0085922 0.0367251 0.0851549 0.00373211 0.154788 0.0510785 0.0777649 0.0748963 0.107247
internal_weight=0 49.5824 481.578 464.6 147.609 82.5038 65.1047 43.6571 35.1308 26.6677 316.991 157.659 127.694 2.97911 1.91018 29.9651 159.332 34.2051 27.5081 18.3435 130.428 105.419 14.5632 4.15075 90.8562 1.68002 5.57536 3.83169 4.98423 2.98564
internal_count=35146 2052 33094 32966 9832 4805 5027 2088 1606 2062 23134 12679 10010 237 152 2669 10455 1882 1458 812 8438 6758 1055 314 5703 137 199 149 184 83
is_linear=0
shrinkage=0.05


Tree=52
num_leaves=31
num_cat=0
split_feature=23 24 2 21 2 24 24 21 11 12 38 38 12 1 2 3 19 24 17 2 21 24 24 3 3 24 24 12 1 19
split_gain=13.4469 11.0609 8.24372 6.61442 5.43565 6.48074 11.5875 6.38283 5.97494 4.8639 6.98673 10.8138 9.55507 8.6845 11.9841 7.77914 6.90597 15.1789 14.5044 10.7194 8.81212 6.1156 6.01425 5.21781 5.91044 6.10331 6.92042 4.70307 5.51022 4.66866
threshold=1.0000000180025095e-35 1.0000000180025095e-35 8.6113472687705315 39.876035879629633 0.25486809548808337 29.36061342592593 11.678350694444445 17.854901620370374 2.5000000000000004 2761.5600000000004 16.050000000000004 25.450000000000003 4392.7750000000005 9.1560494278036106 0.60812888456247483 1.0702477336806655 20.915665509259263 19.878454861111113 5.5000000000000009 2.1177338564402026 5.6488425925925929 6.8058391203703712 33.205995370370381 0.43304509495984228 1.4199469963241909 26.324704861111115 10.956846064814817 9669.0450000000019 7.1410629943713939 4.7784953703703712
decision_type=2 2 2 2 2 2 2 2 2 2 2 2 2 2 2 2 2 2 2 2 2 2 2 2 2 2 2 2 2 2
left_child=2 27 3 4 5 6 -1 -8 9 -6 23 13 16 14 -12 22 17 20 -19 -20 -13 -14 -16 -11 25 26 -25 28 -2 -23
right_child=1 -3 -4 -5 8 -7 7 -9 -10 10 11 12 21 -15 15 -17 -18 18 19 -21 -22 29 -24 24 -26 -27 -28 -29 -30 -31
leaf_value=-0.020042563093386315 -0.010836475425862047 0.060407395308494753 0.023370508203152854 0.03313086898753597 -0.0060413795004531558 -0.034466172877386618 0.079644349875029607 -0.003045597233112045 -0.012629819406295359 -0.038322296096423653 -0.026771106043326911 0.067646703131498162 -0.044421390877868144 -0.014931228318556231 0.17837672952680542 -0.0064450719107435692 -0.0095897911232862496 -0.016320130157982799 0.22909657279884446 -0.0058220977193815743 -0.021500966315307624 0.038067553273106375 -0.012362265073446366 -0.0065332398509323764 -0.032449842468326447 -0.028136990498068906 0.13180502259451601 -0.025371726784228693 0.034921516228437824 -0.0059631318003124309
leaf_weight=6.5272028511390152 9.7631517276167887 14.443109445273874 28.704183127731085 10.805729934014378 146.62136352807283 3.776209886185824 8.555578211322425 2.9929264821112147 189.55573461856693 10.786492839921268 1.1141502046957601 4.0318405693396944 6.9339322866871944 1.8926752200350163 2.9126396793872127 0.74106002133339632 5.1030307337641707 0.9817712409421796 1.6796311317011716 0.53371107392013062 5.3924509128555655 6.9029735531657961 0.3234385848045348 1.2836536243557923 3.0263526905328035 1.2489979201927779 1.4702773243188856 6.9255912909284225 17.003036863170564 24.46037817094475
leaf_count=261 674 170 238 760 11581 194 206 164 13773 975 82 289 562 81 172 33 443 56 116 14 402 270 29 121 114 115 134 466 728 1935
internal_value=0 0.025315 -0.00214985 -0.00382721 -0.00481048 0.0189658 0.03135 0.0596794 -0.00609882 -0.000624245 0.00915716 0.0169393 0.00900786 0.0714623 0.100758 0.134684 0.0382984 0.0569456 0.136497 0.188267 0.0194683 -0.00517626 0.160895 -0.0178013 0.0145394 0.0494501 0.08276 0.00896387 0.0184418 0.00460469
internal_weight=0 48.1349 478.358 449.654 438.848 21.8519 18.0757 11.5485 416.997 227.441 80.8195 63.0037 56.0197 6.98396 5.09129 3.97714 17.7224 12.6194 3.19511 2.21334 9.42429 38.2973 3.23608 17.8158 7.02928 4.00293 2.75393 33.6918 26.7662 31.3634
internal_count=35158 2038 33120 32882 32122 825 631 370 31297 17524 5943 4484 4087 397 316 234 1320 877 186 130 691 2767 201 1459 484 370 255 1868 1402 2205
is_linear=0
shrinkage=0.05


Tree=53
num_leaves=31
num_cat=0
split_feature=41 6 39 38 38 39 31 19 21 12 0 24 9 13 21 20 31 19 14 34 24 24 19 39 13 0 0 0 31 39
split_gain=10.9358 7.90669 6.07415 6.33228 10.6413 8.37757 8.31793 6.10494 5.94258 8.85971 8.57757 5.98898 5.40768 5.35768 5.28563 5.17024 5.14299 5.54037 7.61362 5.57055 5.38798 5.01758 4.6775 5.40718 4.47962 7.70527 7.41863 15.4866 13.5724 13.5379
threshold=1.0000000180025095e-35 2.5000000000000004 418.65000000000003 64.350000000000009 14.65 191.45000000000002 22.500000000000004 20.780341435185189 26.877094907407411 1439.4000000000003 749.34000000000015 1.4903125000000002 1.0000000180025095e-35 7.5000000000000009 0.35560763888888897 2.5000000000000004 10.500000000000002 11.806255787037038 66043.510000000009 1.0000000180025095e-35 14.963761574074075 40.317285879629637 1.769155092592593 67.250000000000014 17.500000000000004 3553.1000000000004 1737.7300000000002 967.06000000000006 13.500000000000002 145.05000000000004
decision_type=2 2 2 2 2 2 2 2 2 2 2 2 2 2 2 2 2 2 2 2 2 2 2 2 2 2 2 2 2 2
left_child=1 2 3 4 8 6 13 14 11 10 -10 -1 24 -6 -7 -12 17 18 19 -15 -20 -19 -2 -24 26 -26 27 -5 29 -29
right_child=22 -3 -4 12 5 7 -8 -9 9 -11 15 -13 -14 16 -16 -17 -18 21 20 -21 -22 -23 23 -25 25 -27 -28 28 -30 -31
leaf_value=0.0140135381797635 0.042985739789994787 0.05253945160629038 0.022458538995362438 -0.010656523771561049 -0.016721131240237618 -0.023367912554154269 0.071940910322818671 -0.010289947308556374 -0.029582581165110363 -0.0089743787708437463 0.11360443032790069 -0.023270386839222616 -0.027301779046454307 -0.034457531690890324 0.072137515131921806 -0.018643195090160204 0.012228566564933685 -0.036954472275700451 3.8881205226527534e-05 0.032380115507351447 0.081291171242664287 0.05061390004836569 0.059566802413721955 -0.012219201339509846 -0.033387386271288469 0.011739041374146055 -0.013063007073257993 -0.012658377706266117 0.0041097873410671183 0.11978847000487847
leaf_weight=12.068516252096741 20.364686642773449 5.9060609890148035 24.440023167990148 24.022658350877464 26.573149268049747 1.190501739270984 3.5740318978205314 3.6937833065167061 1.4077171860262776 13.745181597303597 3.3427774719893937 68.091085713356733 36.112883039284497 9.1552330963313597 9.8350251000374538 0.58353403490036715 118.80894917016849 15.756664300803095 3.6009142724797121 3.5919961230829349 3.7106346348300576 0.94495076127350408 2.4044778421521178 10.500087700784205 28.114609530195594 13.391140150837598 45.222934242337942 2.3149096872657555 9.0627070842310768 6.9221390783786774
leaf_count=935 337 60 1083 2211 1852 38 149 136 129 1133 266 5531 2808 470 231 52 7059 1142 154 102 62 51 59 678 2658 952 3375 187 827 588
internal_value=0 -0.000589145 -0.00133631 -0.00263291 0.00170267 0.0083218 0.00532455 0.0433941 -0.0116158 0.0129627 0.0619843 -0.0175536 -0.0104623 0.00363172 0.0607395 0.094155 0.00719283 -0.00897541 0.00863664 -0.0146382 0.0460939 -0.0294206 0.028616 0.00447853 -0.00557637 -0.0188944 0.000879889 0.015736 0.0491392 0.0886017
internal_weight=0 495.185 489.279 464.839 299.675 200.436 185.717 14.7193 99.2388 19.0792 5.33403 80.1596 165.164 182.142 11.0255 3.92631 155.569 36.7604 20.0588 12.7472 7.31155 16.7016 33.2693 12.9046 129.051 41.5057 87.5453 42.3224 18.2998 9.23705
internal_count=35315 34241 34181 33098 19492 11446 11041 405 8046 1580 447 6466 13606 10892 269 318 9040 1981 788 572 216 1193 1074 737 10798 3610 7188 3813 1602 775
is_linear=0
shrinkage=0.05


Tree=54
num_leaves=31
num_cat=0
split_feature=41 38 39 39 39 31 14 31 24 0 2 16 0 14 14 10 0 21 13 0 2 21 13 13 16 2 2 21 38 39
split_gain=12.5248 7.53945 19.4908 7.48511 7.02119 6.23818 5.70991 5.45107 5.31016 5.54619 8.11578 5.15864 5.02972 5.01911 7.9271 7.43479 7.01087 6.03102 5.84405 10.1224 6.00873 5.75895 5.52608 4.62722 6.13071 4.46645 4.1806 4.16003 4.15777 6.77254
threshold=1.0000000180025095e-35 57.95000000000001 137.65000000000001 234.15000000000001 659.9000000000002 16.500000000000004 8285.2050000000017 5.5000000000000009 26.980086805555558 5861.6050000000005 0.79300528280178695 3.5000000000000004 471.49500000000006 32834.950000000004 34040.570000000007 8648.4300000000021 3229.2300000000005 23.392488425925929 18.500000000000004 2990.7250000000004 0.5348898670062664 40.083640046296303 15.500000000000002 11.500000000000002 3.5000000000000004 0.55165921224615555 2.4984811328393861 8.2611979166666689 161.05000000000004 287.55000000000007
decision_type=2 2 2 2 2 2 2 2 2 2 2 2 2 2 2 2 2 2 2 2 2 2 2 2 2 2 2 2 2 2
left_child=1 2 7 5 25 6 -4 -1 9 10 12 -12 -8 15 16 21 -15 -16 19 20 -19 -9 -23 -22 -25 -3 -7 -6 -27 -30
right_child=-2 4 3 -5 27 26 8 13 -10 -11 11 -13 -14 14 17 -17 -18 18 -20 -21 23 22 -24 24 -26 28 -28 -29 29 -31
leaf_value=0.031422240811584311 0.031169315813398397 -0.026040113876019805 -0.026709170781986855 0.070231394704680386 -0.030982939193921949 -0.026260059669316799 0.057115870403599944 -0.01384715977263319 -0.0041157123281920635 0.0032344411231313291 0.10467811308590003 0.0080408612790486868 -0.017957539459254789 0.0006107067340452067 -0.0059417228524093766 0.083952864750776596 0.1298634484124592 0.011590520164967706 -0.0020302794386823607 0.0081761739190156675 0.0029899166801458494 -0.010946951947002993 0.11119215548184405 0.16488298764961806 -0.014090513338720077 -0.011632248466041708 0.032950200006942071 0.045864033068978557 0.025452056533525946 -0.010305163108436507
leaf_weight=11.044098031707106 32.534916486591101 33.756725408136845 2.8385639190673855 9.6213785037398321 1.4422930125147093 8.4878695672377926 3.2550480235368111 110.90042677195743 5.2348805097863069 4.9707939131185404 8.5556607889011485 1.8192764967679966 3.9447008855640888 1.9270427483133965 74.231328944209963 1.0672054514288891 1.3280959017574785 2.05933122429997 15.604532642755656 10.164331833366303 0.74762517586350474 1.5312802800908678 0.8526225397363304 2.4245111728087072 0.38328850176185358 111.74637155840173 3.3843366168439379 8.0369146279990655 22.519506658893079 29.422122127842158
leaf_count=432 1071 2897 173 136 74 439 71 8762 256 132 298 60 165 135 4807 19 41 112 1170 640 38 116 46 154 26 8931 50 203 1706 2125
internal_value=0 -0.000408194 0.00483988 0.0321877 -0.00765976 0.0221565 0.0337867 -0.0013546 0.0406814 0.050816 0.0633752 0.0899291 0.0188099 -0.00310917 0.00455561 -0.0103828 0.0714717 0.00184217 0.0198683 0.0403549 0.0885652 -0.0119983 0.0526869 0.120818 0.143167 -0.00973293 -0.00813281 0.0323307 -0.00623226 0.00538546
internal_weight=0 493.302 286.378 52.1125 206.924 42.4911 30.6189 234.266 27.7804 22.5455 17.5747 10.3749 7.19975 223.222 108.87 114.352 3.25514 105.615 31.3836 15.7791 5.61476 113.284 2.3839 3.55542 2.8078 197.445 11.8722 9.47921 163.688 51.9416
internal_count=35285 34214 18278 1780 15936 1644 1155 16498 982 726 594 358 236 16066 7123 8943 176 6947 2140 970 330 8924 162 218 180 15659 489 277 12762 3831
is_linear=0
shrinkage=0.05


Tree=55
num_leaves=31
num_cat=0
split_feature=9 19 24 3 19 3 19 3 26 3 0 13 38 12 9 38 0 19 38 24 12 24 24 31 24 24 31 14 19 40
split_gain=9.32755 7.51541 8.39792 6.90186 6.75923 6.37934 7.62083 6.32253 6.2202 6.18279 14.0608 17.9213 12.2096 8.40379 6.54243 5.63003 5.08179 4.8657 11.1028 7.78518 7.12016 13.7 10.6511 4.61277 10.6648 6.86269 7.94018 7.15844 8.88466 14.7244
threshold=3.5000000000000004 35.720017361111118 23.320318287037043 -0.36458494436112016 29.55813078703704 -0.67378904370804216 7.6583333333333341 -2.1708291864637368 1.0000000180025095e-35 -0.14123085144761463 768.30500000000018 19.500000000000004 23.450000000000003 20054.305000000004 1.0000000180025095e-35 114.95000000000002 916.24500000000012 16.665486111111115 30.250000000000004 29.747951388888893 1439.4000000000003 30.979421296296298 34.064554398148154 20.500000000000004 8.1708159722222238 14.963761574074075 12.500000000000002 74150.680000000008 15.797488425925929 0.47792376558425648
decision_type=2 2 2 2 2 2 2 2 2 2 2 2 2 2 2 2 2 2 2 2 2 2 2 2 2 2 2 2 2 2
left_child=1 2 7 5 9 6 -4 -1 16 10 -5 12 -12 14 -14 17 -9 18 -8 -20 21 -19 -23 25 -25 26 27 28 -18 -30
right_child=-2 -3 3 4 -6 -7 15 8 -10 -11 11 -13 13 -15 -16 -17 23 20 19 -21 -22 22 -24 24 -26 -27 -28 -29 29 -31
leaf_value=0.02764458605396361 0.048684156579297061 -0.02383434391660666 -0.036872105251534282 -0.034375407065303863 -0.0055564196774927389 -0.034884176590728615 -0.027952819828365019 -0.016310779621320815 0.050858979001984474 0.020023288185464089 -0.0021320931922117837 -0.030882934306681077 0.2395056432615269 -0.013330417272333056 0.024375595016324025 -0.021516668231809609 0.006085885995538786 -0.018678854923535864 0.18588463635449556 0.0031124836909240325 -0.00088414331091951821 0.20775205812543962 0.0012263473091127187 0.062178323790385605 -0.015098477600105385 0.0097827694243406531 -0.019245172329482866 -0.024557278637675428 -0.030709101643343357 0.14317093275564277
leaf_weight=15.613915210124103 9.2628324236720783 28.79675718722865 6.9029242149554184 2.1036186092533162 22.749766346998513 11.710080116987227 1.1967101059854095 73.228152345865965 4.091559214051812 77.600188126787543 1.0733845890499649 1.5520436330698428 2.1008022455498585 0.35598922614008177 0.6769577907398342 5.8989328257739535 49.194045282434672 2.1467544743791249 1.0916956244036553 0.85553195234388102 13.315287342295049 0.93764864187687613 0.93865750636905432 7.8256967798806754 8.404379594139753 68.90629916684702 84.915457495022565 16.299949032720178 1.523796898312866 2.0781088545918465
leaf_count=586 156 2614 439 174 1870 1030 78 5980 149 4194 92 122 141 26 29 541 2961 179 48 46 1016 83 77 402 504 4405 6126 1101 112 124
internal_value=0 0.000542084 0.00203461 0.0116782 0.0184723 -0.00470802 0.00661644 -0.00243622 -0.00400276 0.0248589 0.0649386 0.100933 0.146153 0.185173 0.207408 0.0189267 -0.00488135 0.0310339 0.080403 0.133885 0.0181856 0.0689122 0.140781 -0.00132826 0.0236084 -0.00324116 -0.00909372 0.00347849 0.0124297 0.0789221
internal_weight=0 514.085 485.288 153.207 108.213 44.9942 33.2841 332.081 316.467 85.463 7.8628 5.75918 4.20713 3.13375 2.77776 26.3812 312.376 20.4823 3.14394 1.94723 17.3383 4.02306 1.87631 239.148 16.2301 222.918 154.011 69.0959 52.796 3.60191
internal_count=35405 35249 32635 10185 6648 3537 2507 22450 21864 4778 584 410 288 196 170 2068 21715 1527 172 94 1355 339 160 15735 906 14829 10424 4298 3197 236
is_linear=0
shrinkage=0.05


Tree=56
num_leaves=31
num_cat=0
split_feature=41 39 6 25 13 24 24 19 21 31 24 21 0 11 24 17 17 0 33 11 0 0 12 40 0 33 31 15 11 13
split_gain=9.00196 7.29606 7.01812 5.8851 4.88289 4.73175 10.2725 6.89896 9.98277 11.0684 8.22717 11.5626 6.80646 6.79109 6.44909 6.29035 7.16839 12.6314 6.61987 6.14398 15.13 9.51731 8.51134 7.00032 5.58282 5.40332 5.37572 5.23711 5.23627 4.62635
threshold=1.0000000180025095e-35 446.25000000000006 1.5000000000000002 2.5000000000000004 16.500000000000004 24.100549768518523 26.324704861111115 9.1286168981481506 9.6631539351851874 20.500000000000004 10.56056712962963 1.1262615740740742 1990.8700000000001 2.5000000000000004 7.0979456018518521 4.5000000000000009 7.5000000000000009 3127.7050000000004 0.048809523809523817 6.5000000000000009 1966.2150000000004 8800.965000000002 15958.700000000003 0.96874173116631013 1076.4600000000003 0.072751322751322761 9.5000000000000018 143961.50000000003 1.5000000000000002 34.500000000000007
decision_type=2 2 2 2 2 2 2 2 2 2 2 2 2 2 2 2 2 2 2 2 2 2 2 2 2 2 2 2 2 2
left_child=1 2 3 5 -3 7 13 8 9 10 19 25 24 15 -11 -7 17 18 26 -1 -21 22 -22 -24 -13 -12 -17 -28 -14 -8
right_child=-2 4 -4 -5 -6 6 29 -9 -10 14 11 12 28 -15 -16 16 -18 -19 -20 20 21 -23 23 -25 -26 -27 27 -29 -30 -31
leaf_value=-0.019970208608508594 0.025621291333219887 0.042317559866891369 0.039147881900404816 0.053377748087623925 -0.0077545698026597817 -0.0019052336727582301 -0.0055319153119614151 -0.01680756970733658 0.027797215017107142 0.064055216917002 -0.021600975929763604 0.030218435446353983 0.044441928389274687 0.0014426854048171208 -0.013252424933704505 -0.012472554838462409 0.0067284763390033017 -0.0098572526409796551 -0.016119120061288683 -0.039674385262302866 0.0018817171124276577 -0.024956816355194662 0.21814423922130055 -0.011246577978149614 0.1160196601880471 0.064045421368723376 0.17569977743141646 -0.011142031556093316 -0.030852237267442351 0.029914607796065935
leaf_weight=101.47782838204876 31.604858552105725 14.270065064541997 8.7561023617163283 3.4749314188957205 6.7462854245677581 3.6490553529001799 117.48483008658513 125.10989126935601 24.019890136085451 7.4205609001219255 19.280609278939668 5.6202270463108999 3.2759452713653436 10.482174715958534 3.5314152524806559 0.32713088719174077 3.0903467354364693 1.8529388746246693 0.46524280589073885 3.566877430304884 0.89663745835423547 0.92423487966880191 1.0456950287334619 0.28473727218806733 2.9628943651914597 1.0579662020318199 3.860829075332731 0.28203268256038416 4.0329721746966243 8.9878189763985556
leaf_count=7929 1062 527 117 25 355 230 9034 10068 740 372 1358 267 103 685 212 29 196 108 37 276 51 52 67 22 152 51 257 23 202 688
internal_value=0 -0.00151231 -0.00283199 -0.00371721 0.0266222 -0.00426937 0.00297085 -0.00784537 -0.00153673 -0.00622021 -0.00998466 0.0104296 0.0411187 0.0322554 0.0401045 0.0543885 0.0734466 0.0990564 0.134719 -0.0168535 0.0267117 0.0933089 0.134914 0.185291 0.068853 -0.0143532 0.150496 0.163287 0.00418259 -0.00279798
internal_weight=0 488.238 467.222 458.466 21.0164 454.991 150.482 304.508 179.398 155.379 144.427 36.2306 15.892 24.0098 10.952 13.5276 9.87852 6.78817 4.93524 108.196 6.71818 3.1513 2.22707 1.33043 8.58312 20.3386 4.46999 4.14286 7.30892 126.473
internal_count=35295 34233 33351 33234 882 33209 11287 21922 11854 11114 10530 2133 724 1565 584 880 650 454 346 8397 468 192 140 89 419 1409 309 280 305 9722
is_linear=0
shrinkage=0.05


Tree=57
num_leaves=31
num_cat=0
split_feature=34 19 24 19 24 24 19 12 19 21 38 39 2 12 3 39 21 12 33 12 19 40 24 24 38 31 21 31 31 12
split_gain=9.55707 9.45091 8.93681 7.54484 7.46721 7.55398 6.73069 6.86782 5.77777 7.6819 5.45323 10.399 6.36092 6.62572 6.89478 6.55567 5.85114 7.43079 6.42714 5.34338 5.53371 5.18111 5.98795 8.46373 9.2125 5.0604 5.74252 5.05093 8.04514 5.05047
threshold=1.0000000180025095e-35 4.4207118055555563 8.9288773148148177 9.7303761574074095 20.206365740740743 20.956145833333338 19.341290509259263 1497.2550000000003 13.648599537037038 16.947013888888893 57.95000000000001 137.65000000000001 0.81082457355914261 11726.730000000001 -1.0433723614878934 82.850000000000009 9.9441087962962982 23374.365000000002 0.088932806324110686 40664.680000000015 4.7784953703703712 0.20377016552911634 24.313153935185188 29.885040509259262 105.85000000000001 20.500000000000004 40.297361111111115 18.500000000000004 9.5000000000000018 11132.640000000001
decision_type=2 2 2 2 2 2 2 2 2 2 2 2 2 2 2 2 2 2 2 2 2 2 2 2 2 2 2 2 2 2
left_child=4 27 -3 -4 8 6 7 -6 9 10 11 12 13 -1 -15 -16 17 -12 -18 20 -19 -5 -23 24 -24 26 29 28 -2 -7
right_child=1 2 3 21 5 25 -8 -9 -10 -11 16 -13 -14 14 15 -17 18 19 -20 -21 -22 22 23 -25 -26 -27 -28 -29 -30 -31
leaf_value=-0.0016533226381089364 0.044006207780777115 -0.044911304001236885 0.061870019247346732 -0.036747194321528766 -0.020728062350937035 -0.00016438536939744158 -0.0034232865758584588 0.12729097633625294 -0.019658016386176196 0.043054009977055073 -0.028893063627727745 0.034460242222362755 -0.015448564071618279 0.0030175958885018191 0.1284212285788465 0.0033273199890036516 -0.0030963780025875503 0.11230172870834949 0.074544698010853241 -0.011114343626205401 -0.021326414704839931 -0.013231838149940693 0.12423188224915456 -0.0033880587035272029 -0.025371962196014508 -0.028623617402875026 0.04605378373447943 0.062019971556029889 -0.0056631381130029072 0.019569552621549545
leaf_weight=23.476891529280692 17.762590135447685 7.7131926650181404 5.1731024254113462 6.0394435548223582 0.68668715562671367 127.9432016457431 2.5784082654863596 2.4936338057741523 59.67559423437342 8.06330458819866 49.061212653759867 20.245700147934258 51.493729807436466 4.6179515509866178 2.3511682692915188 1.6026644548401234 15.581880582962187 1.4565160651691251 2.1982156597077838 3.6396894278004766 0.72880968824028958 9.8997800098732132 2.8448964906856404 5.1413069656118751 1.001672147773206 9.6327312025241536 7.919057108461856 11.086669531650839 14.055170742329208 42.419870022684336
leaf_count=1791 389 668 254 529 51 9573 188 89 4877 199 3917 652 3689 232 190 87 1194 114 82 242 71 699 146 372 80 668 429 364 794 2594
internal_value=0 0.0181576 -0.0001605 0.0123823 -0.000467955 0.00684436 0.0588123 0.0980179 -0.00627173 -0.00185979 -0.00414324 0.00321301 -0.0046775 0.0125725 0.0476373 0.0886225 -0.014551 -0.0225277 0.00996088 0.0274629 0.0750321 0.000121932 0.013166 0.0406558 0.0880772 0.0049489 0.00691239 0.0339379 0.0225613 0.00483483
internal_weight=0 80.7178 37.8134 30.1002 437.867 193.674 5.75873 3.18032 244.193 184.518 176.454 103.788 83.5424 32.0487 8.57178 3.95383 72.6663 54.8862 17.7801 5.82502 2.18533 24.9271 18.8877 8.98788 3.84657 187.915 178.282 42.9044 31.8178 170.363
internal_count=35224 4295 2748 2080 30929 13592 328 140 17337 12460 12261 6641 5989 2300 509 277 5620 4344 1276 427 185 1826 1297 598 226 13264 12596 1547 1183 12167
is_linear=0
shrinkage=0.05


Tree=58
num_leaves=31
num_cat=0
split_feature=19 34 31 24 19 15 31 40 24 40 14 14 25 12 39 39 24 40 17 17 3 39 20 10 19 0 39 14 14 10
split_gain=8.36844 8.24962 8.96157 8.24395 8.67656 8.23744 7.73369 7.54442 5.88844 8.10277 6.07229 6.60116 5.57851 5.57262 5.4758 7.2446 5.43156 6.25569 6.39161 5.75329 5.30559 5.14752 5.11246 4.70144 4.36371 4.27657 4.22582 4.06409 4.53373 4.49899
threshold=4.8845254629629631 1.0000000180025095e-35 18.500000000000004 16.386087962962968 13.648599537037038 260737.50000000003 8.5000000000000018 0.53776343336078036 27.22579282407408 0.064345408791703682 27287.440000000006 9623.215000000002 1.5000000000000002 17944.925000000007 150.35000000000005 161.05000000000004 40.896730324074078 0.82848042985809955 5.5000000000000009 11.500000000000002 -0.029207747954434548 187.85000000000005 2.5000000000000004 2448.7650000000003 10.093015046296298 4402.8150000000014 216.75000000000003 4904.5150000000012 20205.935000000009 1819.9200000000003
decision_type=2 2 2 2 2 2 2 2 2 2 2 2 2 2 2 2 2 2 2 2 2 2 2 2 2 2 2 2 2 2
left_child=1 13 6 -2 8 12 -3 -7 9 -5 11 -11 16 14 -1 27 22 18 -18 25 -17 -13 23 -6 -12 -20 -22 -16 29 -29
right_child=3 2 -4 4 5 7 -8 -9 -10 10 24 21 -14 -15 15 20 17 -19 19 -21 26 -23 -24 -25 -26 -27 -28 28 -30 -31
leaf_value=-0.0080767498116266438 -0.014651672078623902 0.039357685877035649 0.064663013752602513 -0.0285791638542129 -0.005841759601108722 0.14483851881621893 -0.010201099456979291 -0.021536785102544483 -0.0027416049486861096 -0.0086133093314528231 0.052509736248930843 0.14163894097077673 0.042793495293131006 0.024805257242768303 -0.023014752586753427 -0.017020227147135133 -0.026502551142190259 -0.028374491092914768 0.13462643340563113 -0.020540900181208868 -0.0063231975799339689 0.013934507517554021 -0.025436238159856791 0.023051886181760295 -0.018934891352365656 -0.0021196087846574955 0.032512575542198503 0.13689851620286142 0.018568649337094494 -0.0067752903884300683
leaf_weight=82.920080203097314 111.87444307049736 13.975479655899109 11.435572200920431 2.3898029509000507 118.62053672038019 0.79195035062730201 15.91804030491039 0.73490774445235729 9.0689835008233768 1.1109400531277041 4.3962971400469542 3.6312157157808542 5.416535645723342 25.761167152784765 0.82255801605060597 16.362124488689005 1.0819404516369093 2.0418259566649795 2.4329251600429425 0.67320043966174115 10.848769132047893 1.2354803439229725 28.637500524520874 14.966082535684107 2.8607030287384987 0.64923360664397467 17.41701124375686 1.9660218888893726 2.7904543387703598 0.55611769575625647
leaf_count=5637 9126 293 368 158 9718 55 924 58 488 67 180 189 232 1197 64 1091 81 138 104 44 543 76 2439 832 162 28 683 115 116 13
internal_value=0 0.00921454 0.028844 -0.00383954 0.00222893 -0.00172292 0.0134921 0.087927 0.0293733 0.0470576 0.0617638 0.0958675 -0.00300374 0.00397839 -0.00018939 0.0126015 -0.00471362 0.0358937 0.0632349 0.0892252 0.00500472 0.117121 -0.00664493 -0.0024575 0.025464 0.112359 0.0179002 0.0594155 0.0738024 0.11229
internal_weight=0 200.773 41.3291 312.615 200.74 176.047 29.8935 1.52686 24.6934 15.6244 13.2346 5.97764 174.52 159.444 133.683 50.7631 169.103 6.87913 4.8373 3.75536 44.6279 4.8667 162.224 133.587 7.257 3.08216 28.2658 6.13515 5.31259 2.52214
internal_count=35219 11044 1585 24175 15049 13729 1217 113 1320 832 674 332 13616 9459 8262 2625 13384 395 257 176 2317 265 12989 10550 342 132 1226 308 244 128
is_linear=0
shrinkage=0.05


Tree=59
num_leaves=31
num_cat=0
split_feature=0 10 31 14 9 14 33 24 12 24 3 31 24 0 15 12 13 3 31 34 16 40 40 15 0 0 14 15 17 14
split_gain=7.88341 6.65148 6.80263 4.86364 5.70778 4.62676 4.47123 4.30458 4.83346 5.18258 4.11701 9.38878 4.10999 5.57118 5.43418 4.6876 5.43179 4.1128 3.90908 6.47176 4.89654 7.58375 4.18191 4.21811 8.14524 6.77088 6.91019 9.29219 7.63191 6.53347
threshold=171.94500000000002 4283.130000000001 5.5000000000000009 79465.265000000014 1.5000000000000002 3955.4600000000005 0.35147058823529415 23.320318287037043 4611.5100000000011 34.064554398148154 -0.78529501709620875 15.500000000000002 39.984236111111123 946.07000000000005 8855.5000000000018 998.62000000000012 18.500000000000004 0.34531914310334705 17.500000000000004 1.0000000180025095e-35 2.5000000000000004 0.0044851470309864886 1.3000996624083621 46272.500000000007 977.43000000000018 4009.8850000000007 24528.895000000008 159535.50000000003 8.5000000000000018 83506.435000000012
decision_type=2 2 2 2 2 2 2 2 2 2 2 2 2 2 2 2 2 2 2 2 2 2 2 2 2 2 2 2 2 2
left_child=5 2 6 -3 -5 -1 -2 -8 9 -9 11 -4 18 15 17 -14 -17 -15 22 20 21 -20 23 -12 -25 29 27 -27 -28 -26
right_child=1 3 10 4 -6 -7 7 8 -10 -11 12 -13 13 14 -16 16 -18 -19 19 -21 -22 -23 -24 24 25 26 28 -29 -30 -31
leaf_value=-0.031948108984539356 0.042799090168850647 0.037621586038636995 0.0016188119456688015 -0.014727060917170139 0.030544529480610275 0.04211189749778043 -0.021772352717153162 0.12152169704119004 -0.026297729589858151 -0.01923985986296179 -0.0069744950392195224 -0.033535208976887602 -0.017659082229445736 -0.022907970091022814 -0.020291522085462053 0.15268220017207956 -0.014900037977432777 0.082220583404430211 -0.036644048998167034 0.035776142030472045 -0.01943782217801503 0.019552855731338564 -0.019211808643602168 -0.023447942851728434 0.019494030129485071 0.064109456935631207 -0.028038894333008935 -0.035586114262819261 0.04589775809497329 0.091451192224801414
leaf_weight=1.6575801782310033 13.694016687572004 19.716360799502581 48.961666352581233 15.121906621847303 11.291561936959623 16.703811927698553 6.8941451171413046 1.0341172739863398 1.0740241222083566 0.61016303207725275 123.60144314356148 29.941310993395746 0.53599884919822161 0.81628610659390544 5.5925609315745533 1.065195463132113 0.41657167021185149 2.0831416971050203 6.1921842205338171 16.915464871563017 18.29918017052114 36.681389391422272 34.830322422552854 17.438126353081316 46.923929267562926 5.9502609451301378 21.884523680433634 2.7411607806570828 3.1913449345156542 2.5116097582504144
leaf_count=122 270 620 4116 819 331 426 416 71 86 49 9207 2542 48 56 352 49 36 87 593 904 1386 2494 2494 1685 3776 221 1444 155 174 192
internal_value=0 0.00159429 -0.000277274 0.0194653 0.00503445 0.0341213 0.0254535 -0.000961716 0.0434789 0.0817652 -0.00173935 -0.0119738 0.000611015 0.0299923 0.0082298 0.088505 0.118549 0.0543388 -0.000390824 0.0093445 0.00157776 0.0107862 -0.00334984 -0.000811731 0.00675118 0.0132838 -0.00393586 0.0322392 -0.0172299 0.0248906
internal_weight=0 496.01 449.88 46.1298 26.4135 18.3614 23.3065 9.61245 2.7183 1.64428 426.574 78.903 347.671 10.5098 8.49199 2.01777 1.48177 2.89943 337.161 78.0882 61.1728 42.8736 259.073 224.242 100.641 83.2028 33.7673 8.69142 25.0759 49.4355
internal_count=35221 34673 32903 1770 1150 548 892 622 206 120 32011 6658 25353 628 495 133 85 143 24725 5377 4473 3087 19348 16854 7647 5962 1994 376 1618 3968
is_linear=0
shrinkage=0.05


Tree=60
num_leaves=31
num_cat=0
split_feature=38 39 38 17 13 38 14 0 15 13 13 19 21 19 38 2 2 31 16 2 38 20 15 2 40 17 38 0 39 38
split_gain=9.30842 15.3813 9.13774 7.37117 11.291 7.22241 6.42941 8.00273 7.46072 6.17809 6.16769 8.13564 7.11998 6.00077 5.76144 10.9129 8.94854 8.71489 7.40857 7.38299 5.59669 5.20145 5.09941 5.75892 9.64875 8.00989 6.01637 7.14372 7.65077 7.16089
threshold=57.95000000000001 137.65000000000001 161.05000000000004 7.5000000000000009 18.500000000000004 136.45000000000002 126487.625 1162.3100000000002 10462.500000000002 27.500000000000004 11.500000000000002 2.3059664351851858 10.19287615740741 30.320046296296301 26.350000000000005 1.1669268738200327 0.52365641765863968 11.500000000000002 2.5000000000000004 1.1895902122092745 11.050000000000002 2.5000000000000004 155298.50000000003 1.7497598180965854 1.159796027165432 4.5000000000000009 34.350000000000001 1428.9500000000003 159.35000000000005 46.350000000000001
decision_type=2 2 2 2 2 2 2 2 2 2 2 2 2 2 2 2 2 2 2 2 2 2 2 2 2 2 2 2 2 2
left_child=1 3 5 21 14 -2 8 -8 -6 -9 12 -12 -4 -14 17 16 -16 19 -18 -5 -21 -1 23 25 -25 -3 -27 -28 -29 -30
right_child=2 22 10 4 6 -7 7 9 -10 -11 11 -13 13 -15 15 -17 18 -19 -20 20 -22 -23 -24 24 -26 26 27 28 29 -31
leaf_value=-0.00062971231401677628 -0.0097906122624672881 -0.026266105191999019 -0.0011566037304172787 0.0017616522706129746 0.0082314517278684642 -0.044876475938432171 0.096572347249748947 0.052314453359650452 -0.033862466817749036 -0.017534206489805911 0.031444446155733066 -0.016285960669521118 0.060297003798968532 -0.020019038245421308 0.010378504965089632 0.014471241574136016 0.19063018039693222 -0.017086386565379731 0.027386462360702569 0.17579865234259129 0.003565315455034899 -0.02467908602111954 -0.029870553492079406 0.073374712009709617 -0.016390281644378134 0.054455999271593516 -0.020579231997411063 -0.022873160703978698 0.0024776575281891741 0.11516921312571876
leaf_weight=136.5681856344454 123.83692314941436 6.4784170230850568 13.767094688490035 2.214828444644811 27.156762897968292 15.82528832554817 2.4948533084243527 4.0817073225043696 15.895626213401554 7.5120809185318649 11.038060936611144 33.660325960721821 12.875502385199068 2.2873590071685603 1.7740907920524458 5.7543595200404525 2.2973012216389184 7.1982781286351383 1.3670628955587742 0.76694738818332531 0.701048175804317 25.927309005521238 2.6186732063069931 14.325952320359649 3.3195946784690014 14.326830163132401 8.5112063358537871 2.5486527718603602 2.3045998979359865 2.8219405552372336
leaf_count=9800 10006 311 890 137 1761 1376 85 205 1290 493 409 2943 645 201 89 220 141 503 69 50 28 1949 127 286 87 437 365 144 69 74
internal_value=0 0.00706775 -0.0065774 0.00150293 0.0139119 -0.014057 0.00195634 0.0300955 -0.00772618 0.00925807 0.00760857 -0.004069 0.0251842 0.0476921 0.0434344 0.0672466 0.112167 0.0153417 0.148657 0.0688378 0.128319 -0.00459444 0.0301311 0.033492 0.0565142 0.0213116 0.0319261 0.00997622 0.0423263 0.0731828
internal_weight=0 298.966 213.291 241.71 79.2149 139.662 57.141 14.0886 43.0524 11.5938 73.6283 44.6984 28.93 15.1629 22.0739 11.1928 5.43845 10.8811 3.66436 3.68282 1.468 162.495 57.2559 54.6372 17.6455 36.9916 30.5132 16.1864 7.67519 5.12654
internal_count=35190 18720 16470 16820 5071 11382 3834 783 3051 698 5088 3352 1736 846 1237 519 299 718 210 215 78 11749 1900 1773 373 1400 1089 652 287 143
is_linear=0
shrinkage=0.05


Tree=61
num_leaves=31
num_cat=0
split_feature=2 2 11 19 3 20 21 19 0 14 33 19 33 3 3 0 2 0 10 0 20 6 21 15 19 19 3 14 17 19
split_gain=7.32191 8.29372 6.37108 5.76005 5.21528 6.03453 4.99473 8.64109 5.59695 12.1729 6.81868 8.17193 5.6674 5.23566 8.03451 4.90312 5.76351 4.39959 4.39168 4.1796 4.03131 3.90391 3.67431 3.38832 3.52343 3.4902 4.63971 3.45074 3.29608 3.23647
threshold=2.582929053384841 0.25486809548808337 3.5000000000000004 34.87191550925926 1.2456925852098848 1.5000000000000002 0.089456018518518532 0.13513888888888892 3869.3100000000004 311885.57500000001 0.039230769230769243 6.1376446759259267 0.52086956521739147 0.48859681951472911 0.56767218674181819 2327.0800000000004 0.79300528280178695 3668.4500000000003 18633.405000000002 4402.8150000000014 2.5000000000000004 2.5000000000000004 10.30722800925926 5272.5000000000009 4.7784953703703712 6.8977893518518529 -3.0077828663543817 236325.32500000004 7.5000000000000009 25.623368055555559
decision_type=2 2 2 2 2 2 2 2 2 2 2 2 2 2 2 2 2 2 2 2 2 2 2 2 2 2 2 2 2 2
left_child=1 2 -1 6 5 -2 13 15 9 -9 -10 12 -12 17 28 16 -8 -3 21 -19 -18 -6 -17 24 -4 -25 -27 -26 -15 -13
right_child=4 3 23 -5 18 -7 7 8 10 -11 11 29 -14 14 -16 22 20 19 -20 -21 -22 -23 -24 25 27 26 -28 -29 -30 -31
leaf_value=-0.00024848636386116019 0.12789279045617902 -0.033736152070021876 0.048603801955663634 -0.025822615454466631 0.0054703785747988801 -0.020984414648302432 0.0097699891790615518 -0.00071418355137354683 -0.025362431559040985 0.081972420668825735 0.12143745798014632 -0.027239048591816358 -0.019819123976461479 0.10564757262340384 -0.0075525247014383142 -0.029238834799645449 0.085491276055743401 0.07142773135523417 0.050224179025122509 -0.011095106421649374 0.011178375390727852 0.052162538193388897 0.028946202662575846 -2.7278474152294395e-05 -0.03704991097622435 -0.0029017095102448899 0.17542390981560571 0.046282196406467718 -0.015349080033885821 0.037422173489572851
leaf_weight=13.664361133705826 0.97876502294093259 31.506816784851253 8.2127590370364469 27.275481076445431 86.967697041574866 0.66358047816902399 8.7529638572596067 219.87839537300169 43.179101713001728 3.5427363794296971 1.5464028669521197 5.378845538944006 0.64041931368410576 1.4972215117886687 15.101947250775991 5.0704061235301179 6.5336793237365764 1.0490673426538695 5.6597123807296148 5.3321609287522733 2.8505403748713434 3.748495226725935 3.9170556291937828 0.63180734124034532 2.4704616367816921 0.4351590508595109 0.54951521847397089 0.95607940200716246 0.43177419574931253 1.8089214731007812
leaf_count=593 34 2985 152 2698 2588 28 341 18123 3882 72 57 449 48 114 1221 312 216 75 58 501 128 31 44 20 133 16 33 15 35 157
internal_value=0 -0.00219574 0.0241294 -0.00409275 0.0129426 0.0825632 -0.00236996 0.00016262 -0.00251929 0.000956378 -0.0170373 0.0200566 0.0868316 -0.0161003 0.00666846 0.0265686 0.0408834 -0.0262433 0.0109205 0.0103105 0.0661683 0.00794745 -0.00352057 0.0475133 0.0324169 0.10228 0.134862 -0.00859557 0.0825706 -0.00838296
internal_weight=0 412.214 26.9201 385.294 98.0183 1.64235 358.018 303.099 275.975 223.421 52.5537 9.37459 2.18682 54.919 17.0309 27.1246 18.1372 37.888 96.3759 6.38123 9.38422 90.7162 8.98746 13.2558 11.6393 1.61648 0.984674 3.42654 1.929 7.18777
internal_count=35159 32420 962 31458 2739 62 28760 23829 22788 18195 4593 711 105 4931 1370 1041 685 3561 2677 576 344 2619 356 369 300 69 49 148 149 606
is_linear=0
shrinkage=0.05


Tree=62
num_leaves=31
num_cat=0
split_feature=23 24 19 38 39 14 10 14 19 19 31 46 24 0 13 24 20 19 14 19 15 15 14 24 15 31 3 13 14 47
split_gain=8.865 13.2375 6.91945 5.55107 10.1656 7.13402 7.37288 6.7378 6.16505 8.38939 8.14856 5.92657 5.3899 9.06353 6.03899 7.30505 5.87999 6.16649 5.11595 6.36924 5.91536 5.42693 5.07456 7.31798 5.75581 5.57036 9.36828 6.85153 4.84802 4.69485
threshold=1.0000000180025095e-35 1.0000000180025095e-35 5.0473958333333337 71.65000000000002 248.75000000000003 31640.960000000003 4371.7800000000007 34040.570000000007 21.977303240740742 6.5424131944444452 17.500000000000004 1.0000000180025095e-35 18.066562500000003 2208.7500000000005 27.500000000000004 6.9349016203703711 1.5000000000000002 5.2524305555555566 15926.905000000004 41.256585648148153 10631.500000000002 26593.000000000004 10904.390000000001 28.968200231481486 2827.5000000000005 17.500000000000004 0.74988945924890649 7.5000000000000009 44912.084999999999 1.0000000180025095e-35
decision_type=2 2 2 2 2 2 2 2 2 2 2 2 2 2 2 2 2 2 2 2 2 2 2 2 2 2 2 2 2 2
left_child=3 2 -2 4 5 6 18 8 9 -7 -11 -5 13 14 15 -9 17 28 20 21 22 -20 -1 24 -24 26 27 -26 -17 -16
right_child=1 -3 -4 11 -6 7 -8 12 -10 10 -12 -13 -14 -15 29 16 -18 -19 19 -21 -22 -23 23 -25 25 -27 -28 -29 -30 -31
leaf_value=-0.0038691185957310625 0.025928213237423611 0.065345556642639857 -0.018225839080768774 -0.010406230680231342 0.058015781183387682 0.0051153463950358172 0.061040209255385815 -0.022442153172907243 -0.016782353470909641 0.15901380588945155 -0.018527086955030189 0.04702736210799955 0.014759654494951521 -0.018728218112135816 -0.031607017963851756 -0.023503849248358195 0.090652186030453136 -0.026959533914859824 -0.032720103464495422 0.085874394388186573 -0.010132773369095046 -0.0033518413377935478 0.018358891309304255 -0.035198140346114862 -0.01507495661800675 -0.0053796147742332543 -0.011884992298033567 0.16634410450394332 0.089153993196382744 0.046975875117236214
leaf_weight=14.069962230511011 17.770139075350016 11.649981753900645 15.875834884587674 154.54174604779109 7.0906882546842089 2.4896719469688824 2.9379458334296933 3.3091217209585038 1.9470316166989503 2.094646312296391 0.57384756114333857 3.6499798893928519 80.825813690200448 40.405150206759572 6.7387670176103693 0.85674141533672665 5.2381391958333552 3.1892623817548156 37.654134054668248 0.4638625904917707 50.47424695873633 26.947247521486133 7.3875331366434676 2.2320321938022962 0.42389469500631127 1.2197894058190284 1.0745421694591639 2.6723097455687821 2.2627444993704557 1.5653534112498162
leaf_count=1110 669 165 1278 12867 119 141 80 207 142 121 40 31 4697 2672 455 67 263 225 2687 21 4094 2032 287 164 37 95 63 184 102 125
internal_value=0 0.0217237 0.00516943 -0.00121878 0.00271137 0.0012111 -0.0065915 0.00880423 0.0532159 0.0780725 0.126191 -0.00879397 0.00626783 -0.00459123 0.0198265 0.0380361 0.0557753 0.018376 -0.00837518 -0.0186593 0.000163174 -0.0207075 0.0177766 0.0370409 0.0512982 0.0865036 0.109219 0.14389 0.0600187 -0.0133371
internal_weight=0 45.296 33.646 464.336 306.144 299.054 147.558 151.496 7.1052 5.15817 2.66849 158.192 144.391 63.5653 23.1601 14.856 11.5469 6.30875 144.62 65.0652 79.5543 64.6014 29.0801 15.0101 12.7781 5.39054 4.17075 3.0962 3.11949 8.30412
internal_count=35240 2112 1947 33128 20230 20111 10854 9257 444 302 161 12898 8813 4116 1444 864 657 394 10774 4740 6034 4719 1940 830 666 379 284 221 169 580
is_linear=0
shrinkage=0.05


Tree=63
num_leaves=31
num_cat=0
split_feature=23 24 12 21 19 15 15 40 24 19 31 20 24 33 3 24 19 15 15 11 21 24 24 24 38 24 38 13 31 5
split_gain=6.34604 12.5383 4.42697 4.65224 10.8855 7.36199 7.15826 7.15403 7.2675 5.75109 9.64637 5.71396 6.69378 5.60989 5.55312 5.3674 6.55693 7.40355 8.9317 6.887 6.33559 5.93582 10.3912 5.6544 5.63805 5.2455 5.56773 6.09438 5.20234 4.69238
threshold=1.0000000180025095e-35 1.0000000180025095e-35 94732.095000000016 0.35560763888888897 2.0146585648148156 66904.000000000015 260737.50000000003 0.53228148869054104 17.656232638888891 1.5167303240740744 11.500000000000002 2.5000000000000004 14.963761574074075 0.49528301886792458 0.16939102209279305 16.386087962962968 17.973755787037039 63659.500000000007 60508.500000000007 2.5000000000000004 15.109623842592594 21.764444444444447 18.419166666666669 17.305133101851855 56.250000000000007 25.191388888888891 28.750000000000004 15.500000000000002 9.5000000000000018 1.0000000180025095e-35
decision_type=2 2 2 2 2 2 2 2 2 2 2 2 2 2 2 2 2 2 2 2 2 2 2 2 2 2 2 2 2 2
left_child=2 -2 3 13 5 9 15 8 -8 -5 11 12 -11 29 -15 -6 17 18 19 21 -21 22 -17 -18 25 -23 -27 -28 -24 -1
right_child=1 -3 -4 4 6 -7 7 -9 -10 10 -12 -13 -14 14 -16 16 23 -19 -20 20 -22 24 28 -25 -26 26 27 -29 -30 -31
leaf_value=-0.016724900434214904 0.004407803510810525 0.063898389587182622 0.027300301043618309 0.02428907183913552 -0.010539784108453248 -0.010878827474626894 -0.0073338190399046509 -0.024920698838434254 0.16837871406421917 0.19254509769164818 0.0077110257130556283 -0.013670886744427478 -0.012762711165549522 0.11111595475439613 -0.019237150196831032 0.019718502535843455 0.084290494039965247 -0.013592382934729639 0.12732940852813843 -0.022883883813214365 0.029132462776909646 -0.025517924277829229 -0.0014486339541016 -0.0035319301425578197 -0.03690943200191707 -0.0086233593325605647 0.14437889956171471 -0.0066843032569583564 0.16201590388118386 0.026311947884849776
leaf_weight=72.381877998821437 32.827092769555748 11.215554958209394 14.436279791407285 38.429873631801456 114.67973991716281 12.276143990457056 0.74968543183058434 0.96396127762272943 0.82836555130779743 1.4645085111260407 2.7600169680081308 0.36921412032097567 0.33213943429291237 0.8548936159349968 1.0138721400871871 4.3619291642680746 0.85729534970596333 12.885487210936843 1.2429205253720272 10.413096663542094 11.042015162762253 1.496571702416986 0.55087550403550301 142.47553335595876 2.6353138359263539 1.3876947704702618 1.4611302223056557 0.79941119253635395 2.2798889921978116 6.0420009950175873
leaf_count=5540 1904 161 556 1371 9517 607 45 80 55 91 169 29 19 52 46 301 77 879 85 621 648 75 21 11626 202 98 40 26 144 42
internal_value=0 0.0206395 0.000974557 6.53742e-05 0.00245807 0.0226213 -0.00120838 0.0694754 0.114438 0.0321383 0.0789423 0.138606 0.163598 -0.0107593 0.0583412 -0.00201323 0.00305818 0.0183527 0.0293486 0.0226929 0.00399186 0.0475627 0.077493 -0.00242629 0.0142177 0.0421511 0.069428 0.105292 0.138131 -0.0131197
internal_weight=0 44.0426 461.472 447.035 366.743 55.6319 311.111 2.54201 1.57805 43.3558 4.92588 2.16586 1.79665 80.2926 1.86877 308.569 193.889 50.5563 37.6708 36.4279 21.4551 14.9728 7.19269 143.333 7.78012 5.14481 3.64824 2.26054 2.83076 78.4239
internal_count=35127 2065 33062 32506 26826 2286 24540 180 100 1679 308 139 110 5680 98 24360 14843 3140 2261 2176 1269 907 466 11703 441 239 164 66 165 5582
is_linear=0
shrinkage=0.05


Tree=64
num_leaves=31
num_cat=0
split_feature=19 21 3 3 2 23 24 14 21 19 20 19 24 0 19 39 0 3 38 24 36 21 39 31 39 20 15 24 21 24
split_gain=6.13315 7.96848 6.75918 7.45973 6.32513 5.70548 6.4475 5.87731 5.69478 5.89626 5.38784 13.865 9.01626 6.70093 5.47853 4.91083 4.86857 5.70509 6.6422 6.78384 7.31055 5.62934 6.2693 6.86542 6.18582 5.6832 5.275 5.29991 5.43732 6.72595
threshold=33.244577546296306 32.354155092592599 0.24101137516795668 0.56767218674181819 3.4926638588452632 1.0000000180025095e-35 1.0000000180025095e-35 8285.2050000000017 24.803362268518523 5.0473958333333337 2.5000000000000004 8.2608796296296312 6.4297685185185189 1371.8750000000002 4.0000925925925932 228.55000000000004 225.82000000000002 -0.50212667890168139 13.350000000000003 2.0436111111111117 1.0000000180025095e-35 0.35560763888888897 128.65000000000001 16.500000000000004 104.35000000000001 1.5000000000000002 170853.50000000003 9.0817418981481506 11.172540509259262 5.7278414351851863
decision_type=2 2 2 2 2 2 2 2 2 2 2 2 2 2 2 2 2 2 2 2 2 2 2 2 2 2 2 2 2 2
left_child=1 5 -3 15 -5 7 8 -1 9 -7 16 12 -12 -14 -15 -4 -9 21 19 20 -19 -18 23 24 -23 -26 27 28 29 -20
right_child=-2 2 3 4 -6 6 -8 10 -10 -11 11 -13 13 14 -16 -17 17 18 26 -21 -22 22 -24 -25 25 -27 -28 -29 -30 -31
leaf_value=-0.01606292823202448 -0.016921381346414768 -0.0054248077210007429 0.15214998316501888 -0.016978099026989459 0.057376708998345995 0.015964305530831367 0.052939074910917164 0.038377551233243136 0.057848638294489399 -0.031405339945521762 -0.013416035392841528 -0.031793114536648924 -0.0079412495513908037 0.026318550551299516 0.11326879138646045 -0.013382646363436806 -0.038543406995324291 -0.023390478029524108 0.0090760229971525736 -0.014575249148517603 0.13583074704165574 0.0098557353128306754 -0.017720475750049564 -0.022127136194200623 0.089624605391621787 -0.0060033184933243576 -0.036124016795359919 0.018298062845483454 0.047694499879696525 -0.035119165758406908
leaf_weight=47.442222844809294 38.951918712351471 7.0241001094691482 1.5574915502220381 3.8804896390065533 6.9680068669840693 16.982041428796954 9.8675823565572482 9.6269349344074708 3.7861131373792878 9.3526303954422456 11.186034453567119 33.291786715853959 3.5952643565833551 4.5937038231641054 3.2369136870838702 0.35931847849860776 11.449107177089898 0.85730095766484626 19.671353579498827 39.613683506380767 0.61065675038844347 18.400800050236288 31.394951689988375 9.4029387850314361 4.6619149423204354 1.9765221974812446 4.5413406216539434 134.79267806885764 3.6887852889485648 13.890901337843387
leaf_count=3971 3697 584 115 272 66 641 153 345 265 749 820 2770 165 81 204 32 1136 78 1360 3295 49 1307 2409 747 326 141 256 7997 235 985
internal_value=0 0.00348923 0.0337537 0.0541396 0.0315919 0.0020799 0.0198625 0.000292388 0.00767375 -0.00139226 0.00248335 -0.0116529 0.0180904 0.0475327 0.0710175 0.12717 0.00510761 0.00389571 0.00803155 -0.0099003 0.071044 -0.00770615 -0.00184709 0.0127137 0.0261447 0.064094 0.0122356 0.0137135 -0.00292052 -0.00970256
internal_weight=0 467.704 19.7894 12.7653 10.8485 447.914 39.9884 407.926 30.1208 26.3347 360.484 55.9037 22.6119 11.4259 7.83062 1.91681 304.58 294.953 217.667 41.0816 1.46796 77.2862 65.8371 34.4422 25.0392 6.63844 176.585 172.044 37.251 33.5623
internal_count=35251 31554 1069 485 338 30485 1808 28677 1655 1390 24706 4040 1270 450 285 147 20666 20321 14255 3422 127 6066 4930 2521 1774 467 10833 10577 2580 2345
is_linear=0
shrinkage=0.05


Tree=65
num_leaves=31
num_cat=0
split_feature=13 17 19 0 40 2 39 39 39 19 19 2 0 15 0 40 39 40 24 40 36 0 19 20 11 12 3 36 0 24
split_gain=5.40817 7.71497 6.65417 6.72629 8.20208 6.52812 6.41678 9.22048 6.81578 6.27445 5.9389 5.90354 11.3024 8.85921 8.77358 7.2054 7.09375 6.75494 5.62649 7.44504 8.55478 7.09857 7.96249 6.27606 6.20388 5.95223 7.34024 5.36943 7.84291 5.42939
threshold=18.500000000000004 6.5000000000000009 13.069149305555557 451.75500000000005 0.82168782708867072 1.9135279314198024 149.65000000000001 168.45000000000002 192.75000000000003 11.806255787037038 7.9256134259259268 0.85658605622083994 1648.7350000000004 6459.0000000000009 826.09000000000003 0.10692259959909288 216.75000000000003 0.67589314983365845 37.204652777777788 0.43139727784315884 1.0000000180025095e-35 1174.1850000000002 31.92651041666667 2.5000000000000004 1.5000000000000002 6435.3350000000009 0.38741146839462365 1.0000000180025095e-35 2657.3400000000006 1.8396990740740742
decision_type=2 2 2 2 2 2 2 2 2 2 2 2 2 2 2 2 2 2 2 2 2 2 2 2 2 2 2 2 2 2
left_child=1 6 3 4 -2 -5 27 -8 -9 -3 -6 -10 13 -13 -15 -16 -17 -18 19 -11 21 -21 23 -23 -20 26 -26 -1 -29 -30
right_child=2 9 -4 5 10 -7 7 8 11 18 -12 12 -14 14 15 16 17 -19 24 20 -22 22 -24 -25 25 -27 -28 28 29 -31
leaf_value=-0.012275700469552172 0.00097428485857674926 0.032208030239386391 -0.016084875194022925 -0.012889607473657583 0.030194194051946444 0.017339510048406819 0.040995834595682637 -0.025782945743095316 -0.011332611180211722 -0.027482069112083896 0.16182488027453901 -0.01971720960186589 0.0047887643822288276 -0.0033226438885519982 -0.020494394023601939 0.00021495209597329788 0.19052170630870935 0.04621018534342286 -0.0206703717712267 -0.0086702591567159037 -0.032945029599249193 0.09082006236523682 -0.031182673196333041 -0.012918342455688084 0.14375718055913536 0.00092869286364982749 -0.0033338500354287413 -0.010102216815148855 0.077080548782698211 0.015780350073255272
leaf_weight=103.73952350206673 5.5136406202800554 39.472025669179857 81.807981954421848 45.529203815851361 2.6663199341855948 27.990549843292683 18.823123663663864 15.6128015932627 20.632814444135875 16.499112017918378 0.90881488984450687 2.2313300264067939 31.03997925017029 2.1798264589160663 0.67643902637064446 0.97489705588668574 2.6973163899965584 2.100505658891052 2.3263028813526025 6.1512681879103246 5.8005672283470622 7.4358555912040156 1.609951261896639 1.4857739000581203 2.0148640912957494 2.2004965702071786 1.1183161782100794 27.931898111011833 3.7461420455947545 18.701912657823414
leaf_count=7808 327 1805 6830 3584 109 867 1265 1203 1631 1308 55 177 1662 190 52 76 178 157 190 527 469 477 161 112 146 121 83 2425 225 1116
internal_value=0 0.00496915 -0.00606394 0.00393357 0.0422193 -0.00130249 0.000518896 0.0105349 0.00277249 0.0177901 0.0917121 0.0101956 0.0208137 0.0623493 0.0834143 0.109242 0.125226 0.146209 0.00516871 -0.00285906 0.015611 0.0334021 0.0565965 0.0739831 0.0416355 0.0677835 0.103152 -0.00581029 0.00748272 0.0288612
internal_weight=0 337.203 164.417 82.6085 9.08878 73.5198 251.089 96.969 78.1459 86.1145 3.57513 62.5331 41.9003 10.8603 8.62898 6.44916 5.77272 4.79782 46.6425 38.9825 22.4834 16.6828 10.5316 8.92163 7.65998 5.33368 3.13318 154.119 50.38 22.4481
internal_count=35336 23564 11772 4942 491 4451 18165 6591 5326 5399 164 4123 2492 830 653 463 411 335 3594 3054 1746 1277 750 589 540 350 229 11574 3766 1341
is_linear=0
shrinkage=0.05


Tree=66
num_leaves=31
num_cat=0
split_feature=19 21 0 0 19 31 19 21 3 3 14 12 12 0 24 24 21 3 0 13 13 38 6 3 24 13 14 39 3 14
split_gain=7.60331 8.491 10.1528 11.0561 10.9085 8.64331 7.79659 13.6792 7.12674 14.0726 7.50649 9.44396 9.24162 8.82962 6.84137 12.3369 8.52444 6.59057 6.34417 6.08101 5.63175 5.57305 5.53872 7.60926 5.51102 8.24968 5.47971 5.16882 5.14477 5.10664
threshold=33.930873842592597 24.431944444444447 749.34000000000015 787.86500000000012 20.780341435185189 13.500000000000002 4.9688136574074084 7.7562557870370377 0.69784207731132641 0.23100085666297024 74150.680000000008 42834.370000000003 3236.8350000000005 1301.3000000000002 25.191388888888891 26.179114583333337 20.695943287037039 0.63591393364361271 108.27000000000002 16.500000000000004 14.500000000000002 28.750000000000004 1.0000000180025095e-35 2.540744237811754 26.179114583333337 16.500000000000004 41431.730000000003 185.45000000000002 -0.11114325895960257 10532.940000000001
decision_type=2 2 2 2 2 2 2 2 2 2 2 2 2 2 2 2 2 2 2 2 2 2 2 2 2 2 2 2 2 2
left_child=1 6 -3 5 -5 27 7 18 9 19 12 17 13 -11 -8 21 -17 24 -1 20 28 -16 23 -20 -12 -26 -22 -4 -6 -9
right_child=-2 2 3 4 8 -7 14 29 -10 10 11 -13 -14 -15 15 16 -18 -19 22 -21 26 -23 -24 -25 25 -27 -28 -29 -30 -31
leaf_value=0.040899540401735233 -0.020458908782863008 -0.017952868810393319 0.22684304300179203 0.058117369466558745 0.027691466488987709 -0.016609048548342019 -0.011273182180766166 -0.0098117989623920203 -0.010630098658938927 -0.012598665653084895 0.013415206086622637 -0.020574220894706594 -0.019745300485434724 0.11905058871111707 -0.01826597888529119 -0.018856891994625063 0.045265389846662854 -0.013355553806208904 -0.00035698351301549159 -0.021118234832140599 0.12785254718193442 0.12560361612855034 0.029562450247873545 -0.040947985047762842 0.029003968286228133 0.27033638423801365 0.0046568803870239454 -0.0083174610297802789 -0.038890088326704805 0.048111623303626866
leaf_weight=8.5563451237976533 35.453094173688442 16.681239924393594 0.44367372896522173 14.655348643194882 7.9347621230408496 0.48907804302871227 158.91067269211635 4.163608142174783 23.026444975752383 1.6451892736367861 0.57203207584098015 0.68029678193852294 3.8702399469912052 2.8274190854281187 0.55887182895094456 15.006965320557358 6.6670518144965163 0.35823940485715855 129.60610372014344 12.532828441821037 1.244201643392443 2.2481512995436788 12.477325926069168 11.676885075867174 0.76790482550859429 0.87107589328661561 1.6415852457284925 0.19712591078132391 3.3158520329743695 22.917676080018282
leaf_count=168 3496 1478 36 299 652 47 12674 98 1469 140 57 55 324 218 39 952 386 32 9958 1080 102 92 201 190 35 72 107 20 289 431
internal_value=0 0.00325122 0.0166163 0.0242323 0.0207828 0.137472 -0.000145474 0.00695181 0.0110655 0.0240605 0.0676313 0.123654 0.0349108 0.0771717 -0.00747315 0.0166679 0.00199393 0.156908 0.00136885 0.00336156 0.0250258 0.0996856 -0.00108099 -0.003976 0.180063 0.211103 0.0770059 0.193522 0.00649541 0.0391739
internal_weight=0 466.544 93.7545 77.0733 75.9434 1.12988 372.79 189.398 61.2881 38.2616 11.5924 3.24955 8.34285 4.47261 183.392 24.481 21.674 2.56925 162.317 26.6692 14.1364 2.80702 153.76 141.283 2.21101 1.63898 2.88579 0.6408 11.2506 27.0813
internal_count=35197 31701 6512 5034 4931 103 25189 11046 4632 3163 933 251 682 358 14143 1469 1338 196 10517 2230 1150 131 10349 10148 164 107 209 56 941 529
is_linear=0
shrinkage=0.05


Tree=67
num_leaves=31
num_cat=0
split_feature=14 0 34 23 24 19 24 16 12 15 31 3 16 39 15 15 19 39 39 38 17 12 13 39 38 2 2 39 14 39
split_gain=7.24265 7.41864 5.51875 5.0354 8.09955 7.61404 4.9364 4.89488 6.14913 6.77699 4.77829 3.71137 3.64582 3.54113 4.5452 16.7489 9.01999 10.4626 8.3839 5.42238 5.56865 8.22806 5.3591 5.14486 7.47761 9.80565 11.9855 7.12649 6.57815 6.12799
threshold=7696.3699999999999 225.82000000000002 1.0000000180025095e-35 1.0000000180025095e-35 8.3901446759259262 12.109392361111114 26.179114583333337 2.5000000000000004 4288.3950000000004 26593.000000000004 20.500000000000004 -0.28351899661147534 1.5000000000000002 446.25000000000006 9724.5000000000018 7930.5000000000009 31.13651620370371 149.65000000000001 271.65000000000003 65.450000000000017 15.500000000000002 7354.7700000000013 40.500000000000007 102.35000000000001 75.65000000000002 0.77678881868132355 0.87405324450336563 138.45000000000002 51479.660000000003 134.25000000000003
decision_type=2 2 2 2 2 2 2 2 2 2 2 2 2 2 2 2 2 2 2 2 2 2 2 2 2 2 2 2 2 2
left_child=12 -2 13 4 10 -6 -7 8 -8 -10 -4 -5 -1 14 15 19 18 -18 -17 22 -21 -22 -3 -16 25 -25 27 28 -27 -28
right_child=1 2 3 11 5 6 7 -9 9 -11 -12 -13 -14 -15 23 16 17 -19 -20 20 21 -23 -24 24 -26 26 29 -29 -30 -31
leaf_value=-0.025477553754976179 0.035810743081073286 0.0088640794115123055 -0.033525257119183582 -0.013860867950211742 0.03832631268337669 -0.027748764561009366 0.0033143836683661009 -0.034350221203604758 0.0017417702033359209 0.15182890700158902 0.033144334421348058 0.066253819981882095 0.0025512595026259619 0.022726411909285291 -0.016967748774584554 0.016489629758706457 0.18116477972627346 -0.019775320053321638 0.12967869212192074 -0.018403034639119121 0.10750930885306714 -0.030144193690795996 -0.034435678793517242 -0.021493763705090999 -0.01146160790764233 0.20586074321249354 -0.0059413417363321447 0.011270309111170843 0.0086261864573255725 0.037345378648238219
leaf_weight=34.029478507116437 16.047985980287194 97.969565496779978 12.379825616721062 1.4283101344481108 24.795068606734276 9.3143814411014336 4.6134306383319181 2.1078150989487767 1.2535269358195367 0.97279766853898753 2.5092658372595897 6.1535758036188772 17.093841593712568 15.056301352102308 72.824039084836841 13.313131229020655 1.3705562385730439 0.64312928915023793 0.94321023998782116 47.07928149914369 1.2564978296868496 1.4403865053318439 6.7226183097809544 12.696934675332157 59.875662275590003 0.95150401303544574 14.720561180729421 1.4121640259400008 0.65581784956157207 16.742936318274587
leaf_count=2912 582 5438 991 81 929 777 316 190 84 69 102 171 1345 692 6213 917 88 69 76 3983 47 112 428 1076 5351 80 1109 84 44 871
internal_value=0 0.0034565 0.00217231 0.0154186 0.00993233 0.0208303 -0.00368122 0.0216439 0.0410801 0.0940553 -0.0209106 0.051305 -0.0162366 -0.000236964 -0.00128489 0.00454497 0.0512436 0.131722 0.0319874 -0.000671733 -0.0140966 0.0457226 0.00578416 -0.00681302 0.000187784 0.014903 0.0285326 0.110265 0.159559 0.017534
internal_weight=0 447.25 431.202 65.528 57.9461 43.057 18.262 8.94757 6.83976 2.22632 14.8891 7.58189 51.1233 365.674 350.618 170.738 16.27 2.01369 14.2563 154.468 49.7762 2.69688 104.692 179.88 107.056 47.1799 34.483 3.01949 1.60732 31.4635
internal_count=35227 30970 30388 3710 3458 2365 1436 659 469 153 1093 252 4257 26678 25986 11158 1150 157 993 10008 4142 159 5866 14828 8615 3264 2188 208 124 1980
is_linear=0
shrinkage=0.05


Tree=68
num_leaves=31
num_cat=0
split_feature=33 33 19 31 40 33 12 21 19 0 0 12 39 15 12 15 39 0 40 0 16 39 40 17 15 40 40 24 15 0
split_gain=6.04129 7.45478 6.87408 7.32195 5.8506 5.52759 4.08477 4.62071 9.96057 7.31597 7.02373 7.00954 6.9096 6.50531 5.58497 6.91225 5.3003 5.02173 6.48419 4.6111 7.03284 9.21101 4.50475 4.61546 5.39258 5.28712 4.69638 8.34079 7.32811 4.28596
threshold=0.072751322751322761 0.35147058823529415 17.028998842592596 14.500000000000002 1.8410081548765878 0.1012820512820513 94732.095000000016 1.1262615740740742 4.8845254629629631 171.94500000000002 826.09000000000003 11500.530000000002 201.95000000000002 8687.0000000000018 525.22000000000014 6186.5000000000009 327.60000000000008 9470.5650000000023 1.0997364839910928 2823.1350000000007 3.5000000000000004 105.05000000000001 1.0511279134985219 1.5000000000000002 260737.50000000003 0.51488517957495328 0.98509788553362276 8.2539583333333351 11518.500000000002 1274.1850000000002
decision_type=2 2 2 2 2 2 2 2 2 2 2 2 2 2 2 2 2 2 2 2 2 2 2 2 2 2 2 2 2 2
left_child=6 2 3 -2 -3 -4 7 9 10 -1 11 -9 13 19 -14 -16 17 18 -17 20 21 -12 23 25 26 -10 -25 28 -28 -15
right_child=1 4 5 -5 -6 -7 -8 8 22 -11 12 -13 14 29 15 16 -18 -19 -20 -21 -22 -23 -24 24 -26 -27 27 -29 -30 -31
leaf_value=0.039443857529418591 0.074207549497901024 -0.010405425489255 0.043313579176539829 0.0027375771778976343 0.068836513826951176 -0.040393051584896478 0.030423189654669038 -0.021896442557903521 -0.019370167822428078 -0.01593073740561322 0.12870344591381086 0.087863028435358093 -0.019073283750977443 0.036234304727761013 0.016290271947056116 0.16781743803420573 0.032344272536315589 0.017920818156231085 -0.014227120893364429 0.0061651707503509456 -0.0064261763008936421 0.018607934020525477 -0.015808600039093162 -0.0038355108751600732 0.068395867784375841 0.13181450336059783 0.1773213556435197 0.0060038941924207799 -0.016549975105185435 -0.013361448526635126
leaf_weight=5.4585102442651978 11.257801156956708 22.150562352966521 2.3408916695043436 5.1754814865998915 1.5911222966387857 3.8522963812574744 8.742842111270873 15.497696047183126 0.6183938761241724 86.18883204460144 3.4347168942913431 0.61082931281998831 2.0654844245873418 4.4266022052615908 6.0658015324734142 2.8557370104826973 3.8363815350458026 1.2742122346535323 0.39072290714830149 8.9987426749430579 3.2195609761402011 4.0215512048453093 63.011074902955443 199.85728114936501 1.7347913766279806 0.37237045262008905 0.53785581188276299 6.7878920347429812 0.48460919968783855 21.225699442904443
leaf_count=138 315 1421 166 217 86 297 289 968 52 6298 176 30 77 314 196 167 120 30 34 328 145 183 5156 16204 115 27 47 510 43 1106
internal_value=0 0.0171572 0.0370446 0.053147 -0.00252722 -0.00713079 -0.00161001 -0.00230934 0.000309212 -0.0122425 0.015962 -0.012842 0.023553 0.0129168 0.0503818 0.0609202 0.088111 0.121005 0.147717 0.0337967 0.0545647 0.0785458 -0.00419394 -0.000657117 -0.00137099 0.0751218 -0.00227878 0.0334699 0.122684 -0.00376472
internal_weight=0 46.3682 22.6265 16.4333 23.7417 6.19319 451.718 442.975 351.328 91.6473 77.9237 16.1085 61.8152 45.3269 16.4883 14.4229 8.35705 4.52067 3.24646 19.6746 10.6758 7.45627 273.404 210.393 209.402 0.990764 207.668 7.81036 1.02247 25.6523
internal_count=35255 2502 995 532 1507 463 32753 32464 26028 6436 3874 998 2876 2252 624 547 351 231 201 832 504 359 22154 16998 16919 79 16804 600 90 1420
is_linear=0
shrinkage=0.05


Tree=69
num_leaves=31
num_cat=0
split_feature=38 21 18 20 17 14 13 13 0 24 11 3 12 38 24 0 17 14 24 47 38 3 14 3 16 21 20 15 15 3
split_gain=5.11817 6.37651 8.55956 6.79007 5.21913 7.00431 7.82966 6.52887 4.92623 7.60699 4.84886 6.93868 6.46502 9.93286 7.88254 7.01581 6.52952 6.61227 5.80308 5.71479 6.46615 5.15935 5.06174 4.90046 5.0999 4.84032 4.75644 7.66544 4.80184 4.54348
threshold=57.95000000000001 9.9441087962962982 1.0000000180025095e-35 2.5000000000000004 7.5000000000000009 50657.960000000006 29.500000000000004 24.500000000000004 189.56500000000003 22.008049768518521 2.5000000000000004 1.5681246126471886 3105.2850000000003 16.050000000000004 8.2539583333333351 19624.755000000005 8.5000000000000018 94650.185000000027 1.8396990740740742 1.0000000180025095e-35 40.050000000000004 -1.1536305033659389 24020.375000000004 1.8574835372230856 2.5000000000000004 0.089456018518518532 3.5000000000000004 54312.500000000007 81643.500000000015 1.603011741098838
decision_type=2 2 2 2 2 2 2 2 2 2 2 2 2 2 2 2 2 2 2 2 2 2 2 2 2 2 2 2 2 2
left_child=8 4 3 -3 26 -6 7 -7 9 -1 12 25 -10 18 22 16 17 19 -14 20 21 -16 -15 24 -13 -12 -2 -28 -29 -23
right_child=1 2 -4 -5 5 6 -8 -9 10 -11 11 23 13 14 15 -17 -18 -19 -20 -21 -22 29 -24 -25 -26 -27 27 28 -30 -31
leaf_value=0.04946109243012007 -0.024686505322013219 0.0048129388651215526 0.042769258039794839 -0.025934692241010471 -0.025618556218492839 0.021985949806170944 -0.0070791382917237931 0.1463704903598565 0.0033196765041288985 -0.037022965310195138 -0.034258926295324905 0.11257505510358255 0.054201342974624402 0.04232525518189368 -0.018608111149844786 -0.0094375664010490148 0.120782397562751 -0.0060697074973288644 -0.016470770584755413 -0.027029258398902158 0.02587297382906957 0.12418239695519398 -0.031188128207618883 0.0070720098355276807 0.01930255486067857 -0.0035334823276358079 -0.021194727653391084 0.14899065542274981 -0.014601228486993656 0.0041658300388934429
leaf_weight=12.219920317642389 59.008062229957432 93.169958921615034 11.337111643515525 21.187032736372203 6.7440266390331081 2.8200702317990345 4.6478588953614235 1.2418389781378207 96.882410096935928 2.3728222413919857 14.106167367193846 1.6162891737185443 2.5143000730313387 2.8227509800344697 0.5683510806411548 3.5775249707512549 3.5576374856755129 4.3595426380634299 15.875319281127302 1.1368760778568692 5.9830506551079452 6.0506750848144319 5.0535704330541193 19.261395995505154 4.5778887099586427 86.732822040095925 2.3773139966651793 0.50588592281565059 0.40656973235309124 0.96778405923396338
leaf_count=303 4524 8294 119 2072 523 154 292 72 7052 126 1310 61 186 177 39 81 173 276 1280 82 256 324 330 367 163 6079 195 45 43 22
internal_value=0 -0.0037659 0.00320038 -0.00105914 -0.0149253 0.0105601 0.0383269 0.0814173 0.00655712 0.033926 0.0049908 -0.00221563 0.011059 0.0250204 0.0406311 0.0533886 0.0633023 0.0470923 -0.00451116 0.0622343 0.0710546 0.0995228 -0.00304187 0.0206189 0.0559058 -0.0081258 -0.0213142 0.0308278 0.106578 0.110217
internal_weight=0 203.446 125.694 114.357 77.7516 15.4538 8.70977 4.06191 290.237 14.5927 275.644 126.295 149.35 52.4674 34.0778 26.2014 22.6239 19.0663 18.3896 14.7067 13.5699 7.58681 7.87632 25.4556 6.19418 100.839 62.2978 3.28977 0.912456 7.01846
internal_count=35020 16333 10485 10366 5848 1041 518 226 18687 429 18258 7980 10278 3226 1760 1253 1172 999 1466 723 641 385 507 591 224 7389 4807 283 88 346
is_linear=0
shrinkage=0.05


Tree=70
num_leaves=31
num_cat=0
split_feature=19 17 14 13 20 19 20 0 40 13 19 17 15 0 15 15 39 19 31 13 0 39 12 39 40 39 14 13 40 31
split_gain=4.73841 14.4454 6.31131 6.28159 5.97082 5.85474 5.75554 5.41071 5.03757 4.95087 4.85147 6.4934 4.84273 4.47772 4.60224 8.35549 9.43453 9.24902 9.17795 4.88962 7.86025 4.73813 7.68379 5.16128 5.00454 4.46368 4.2734 4.35553 4.25149 4.07818
threshold=11.067482638888892 6.5000000000000009 70423.565000000017 18.500000000000004 1.5000000000000002 7.114994212962964 1.5000000000000002 2783.3700000000003 0.069221390795832755 1.5000000000000002 6.5424131944444452 7.5000000000000009 260737.50000000003 1371.8750000000002 2827.5000000000005 4936.5000000000009 157.75000000000003 0.078871527777777797 16.500000000000004 12.500000000000002 998.18000000000018 152.75000000000003 429.94000000000005 312.05000000000007 1.159796027165432 61.550000000000004 8100.5800000000008 7.5000000000000009 0.53228148869054104 10.500000000000002
decision_type=2 2 2 2 2 2 2 2 2 2 2 2 2 2 2 2 2 2 2 2 2 2 2 2 2 2 2 2 2 2
left_child=1 2 7 6 8 10 12 13 -3 -9 -6 -12 26 14 -1 16 17 -16 -19 20 -17 -22 -23 24 -24 -7 -2 -28 -14 -4
right_child=3 4 29 -5 5 25 -8 9 -10 -11 11 -13 28 -15 15 19 -18 18 -20 -21 21 22 23 -25 -26 -27 27 -29 -30 -31
leaf_value=-0.020677743490054069 -0.02299981193013996 -0.0099434717782979198 0.0071664820549322064 -0.01381009757192376 0.044755872599784537 0.059765027476735066 -0.0078304264269379777 -0.038285083095311895 0.021294165895729064 0.020256157420278378 0.18788634519878367 -0.013814909558955266 0.12360110835572623 -0.019097444915700874 -0.0032685350562799719 -0.0016867392444552304 -0.027809128053675133 0.21087582054703755 -0.014848120092759431 -0.022016939987199901 0.016646451103517961 -0.022415074911241745 0.17182435636381083 -0.014017338027330409 -0.011647668320994002 -0.02162115090372007 -0.023351860526410199 0.017613411541756854 -0.016522083043328414 -0.035937324293517509
leaf_weight=14.17360429279506 7.9717375747859469 16.161878364160657 7.1502193212509182 86.049617515876889 18.146461057011045 1.3227568957954634 65.429237945470959 3.0149129070341578 54.484677822329104 43.44812580710277 0.46751520736142893 0.37235978711396456 0.72101270966231712 34.216266049537808 1.0962331588380037 21.848767459392551 1.2167887347750364 1.1042568529956041 0.41477027069777239 12.03956079808995 4.9495949358679336 0.79301342414692078 1.695205975789577 0.38013096805661906 0.29076371900737275 5.134620662778616 6.3264343035407355 65.508636483922601 0.48346269549801946 19.056064571253955
leaf_count=891 725 1149 357 7354 516 88 5452 249 2618 1962 30 28 38 2575 103 1911 119 81 36 1114 471 68 111 27 21 381 538 4776 42 1338
internal_value=0 0.00660992 -0.0022982 -0.00316979 0.0219457 0.042349 0.0031338 0.00195164 0.0141089 0.0157309 0.0557223 0.139557 0.0119766 -0.00493731 0.00331814 0.0110225 0.0733088 0.115034 0.167815 0.0037663 0.0145048 0.053528 0.0934169 0.127365 0.150058 0.000828987 0.00982603 0.0137346 0.085376 -0.0243456
internal_weight=0 262.979 166.888 232.49 96.0903 25.4437 146.441 140.682 70.6466 46.463 18.9863 0.839875 81.0113 94.219 60.0027 45.8291 3.83205 2.61526 1.51903 41.997 29.9575 8.10871 3.15911 2.3661 1.98597 6.45738 79.8068 71.8351 1.20448 26.2063
internal_count=35169 16244 11434 18925 4810 1043 11571 9739 3767 2211 574 58 6119 7528 4953 4062 339 220 117 3723 2609 698 227 159 132 469 6039 5314 80 1695
is_linear=0
shrinkage=0.05


Tree=71
num_leaves=31
num_cat=0
split_feature=38 40 15 13 17 40 31 11 2 3 38 40 13 21 16 13 16 24 21 13 0 3 13 38 47 0 21 2 3 11
split_gain=6.46843 6.29731 6.41099 6.95583 9.69249 7.7922 6.32877 7.9753 7.27851 6.13294 5.10749 7.55619 5.54743 9.03053 6.09721 5.90767 4.96663 5.20401 4.56686 3.90106 7.28148 7.05234 11.5882 6.00986 3.51642 4.92728 4.15932 5.21637 5.41809 5.12818
threshold=63.750000000000007 0.069221390795832755 159535.50000000003 18.500000000000004 6.5000000000000009 0.80292018723814218 16.500000000000004 2.5000000000000004 0.59710216847601894 1.3398905844066535 178.25000000000003 0.92156620895317898 13.500000000000002 5.3107928240740749 2.5000000000000004 11.500000000000002 7.5000000000000009 25.296458333333337 26.115862268518523 35.500000000000007 1990.8700000000001 -0.46679676326926028 45.500000000000007 122.65000000000002 1.0000000180025095e-35 1454.9850000000004 24.431944444444447 1.0068816274737136 1.1472526679698334 1.5000000000000002
decision_type=2 2 2 2 2 2 2 2 2 2 2 2 2 2 2 2 2 2 2 2 2 2 2 2 2 2 2 2 2 2
left_child=1 -1 3 4 -3 6 -6 8 -8 -10 19 12 13 -12 24 -16 17 -5 -7 -2 21 -21 23 -23 26 -26 -15 -28 29 -29
right_child=10 2 -4 16 5 18 7 -9 9 -11 11 -13 -14 14 15 -17 -18 -19 -20 20 -22 22 -24 -25 25 -27 27 28 -30 -31
leaf_value=-0.0069536646460950291 -0.015586606262804557 0.0083168748257927017 -0.029203103743879924 0.004236354926549956 0.035657037825098555 0.02576346950584087 -0.018870931063605233 0.0011946398284001548 0.16591624005752895 0.011011475729198019 -0.0098181549838129867 -0.022620203407826875 -0.0032029362617234159 -0.0048231336124373858 0.16943091901912641 -0.014019537221407544 0.053140823351810876 -0.024972692032320529 -0.028004084977160667 -0.011451836640806594 -0.024840106388632016 0.21643819966261921 -0.022260573791618957 -0.010109604186440517 -0.019812662516794761 0.10792238571280027 -0.011511152892483256 0.1734389587923823 -9.7218367217580511e-05 -0.012111672759788363
leaf_weight=88.378314989618957 116.23232601676136 95.906995699275285 9.64255831716582 48.213332240935415 17.966642041690651 12.239729911088945 0.57000131439417501 1.7936307210475204 3.3830255782231688 0.92295982129871834 7.9119146009907153 17.398358365986496 20.47581355785951 6.5019974089227599 0.94118245132267364 0.38247832749038935 2.8908105259761205 21.153775850310922 4.6965018287301055 1.5681615774519744 3.7097072578035295 0.68744626035913714 0.77862333972007036 0.25039941817522049 0.63827854581177179 2.0760353789664805 1.5654218834824862 0.7865372281521561 1.0282782725989816 0.3148452783934772
leaf_count=7570 10438 5573 667 2711 744 529 30 102 149 23 519 1299 1564 397 39 34 86 1380 326 167 306 69 68 28 45 65 121 53 44 29
internal_value=0 0.00426106 0.00879002 0.010667 0.0172295 0.0371125 0.0545475 0.0941507 0.122322 0.141046 -0.00757714 0.00433602 0.0156057 0.0323822 0.0549422 0.133201 -0.00188367 -0.00489937 0.0101234 -0.013368 0.020839 0.0661862 0.115221 0.181948 0.037921 0.0806379 0.0203641 0.0562721 0.0938546 0.139875
internal_weight=0 307.758 219.38 209.737 137.479 41.5725 24.6363 6.66962 4.87599 4.30599 183.248 60.0211 42.6228 22.147 14.2351 1.32366 72.2579 69.3671 16.9362 123.227 6.99434 3.28463 1.71647 0.937846 12.9114 2.71431 10.1971 3.69508 2.12966 1.10138
internal_count=35175 19890 12320 11653 7476 1903 1048 304 202 172 15285 4209 2910 1346 827 73 4177 4091 855 11076 638 332 165 97 754 110 644 247 126 82
is_linear=0
shrinkage=0.05


Tree=72
num_leaves=31
num_cat=0
split_feature=14 0 24 39 24 40 14 0 15 2 40 24 24 24 31 12 12 11 12 39 14 0 11 12 2 39 17 16 24 17
split_gain=4.31405 5.85246 4.72595 4.57459 5.07921 6.60376 6.0288 8.10812 9.11585 7.77173 6.54102 7.00669 8.25945 5.95718 5.92641 5.23184 8.89201 6.577 10.7111 7.58138 6.07092 5.13252 4.92591 5.27871 5.4622 6.04148 7.91766 9.56845 8.67054 7.57566
threshold=7696.3699999999999 189.56500000000003 21.92125578703704 446.25000000000006 23.320318287037043 1.2381533259338835 144248.57500000001 12709.080000000002 12832.500000000002 0.57552840189194643 0.91545078932600854 38.954207175925937 25.940445601851856 34.064554398148154 11.500000000000002 3270.3000000000006 7063.6400000000003 3.5000000000000004 2298.1750000000006 112.65000000000002 101040.22000000002 1547.9150000000002 2.5000000000000004 2903.5150000000003 1.466000650943236 156.05000000000004 4.5000000000000009 1.5000000000000002 31.89191550925926 8.5000000000000018
decision_type=2 2 2 2 2 2 2 2 2 2 2 2 2 2 2 2 2 2 2 2 2 2 2 2 2 2 2 2 2 2
left_child=-1 2 -2 4 -3 6 13 8 -8 -10 11 12 -11 15 -15 17 -17 22 19 -19 21 -18 23 24 25 -6 -27 28 29 -28
right_child=1 3 -4 -5 5 -7 7 -9 9 10 -12 -13 -14 14 -16 16 20 18 -20 -21 -22 -23 -24 -25 -26 26 27 -29 -30 -31
leaf_value=-0.01284611512155427 0.046686857604443049 -0.0039670448710631299 -0.022473550306776335 0.025362122440713231 0.014084360341069788 -0.01512557053046054 0.021378337094519379 -0.0050651572025983155 -0.003904090277849678 -0.012629433267947385 -0.015268099422423876 0.0054557701547309741 0.21657054139802195 0.019433028603896663 -0.022494744093139323 -0.023108702787218507 -0.0033071628559742058 0.23290323911625169 -0.0055453769411960927 -0.011486282995277427 -0.033048749740365299 0.050829822450414432 -0.035970450470397541 0.10308171253894008 -0.0063605902128558893 -0.026424640446691947 0.18248108088224335 -0.024053157281245019 -0.018814218468661086 -0.014557457571823024
leaf_weight=50.324557395186275 11.18263503955677 259.1243901764974 2.4531026915647081 18.04306353488937 10.605124766938401 25.893600822426379 7.445293324999513 7.0582891525700679 1.1289320550858972 0.33067704411223653 0.42506042821332801 0.68032780429348338 1.9926449004560707 11.636849279049782 24.705859383102506 17.091153550893068 6.1863282816484633 0.41142825223505397 1.2217212305404244 0.29357938468456268 3.2025963198393574 13.071121438872067 2.4240927761420599 1.2780789891257871 10.471302750054745 1.0827658870257426 2.5958679085597405 0.89992340840399254 0.59076783340424288 0.40220602927729476
leaf_count=4276 272 18709 146 795 890 1914 389 372 86 28 35 37 162 859 2158 1261 479 27 112 28 212 751 212 101 556 85 162 82 51 33
internal_value=0 0.00246378 0.0335593 0.00140286 0.000295389 0.00748737 0.0121715 0.0373926 0.0608291 0.109833 0.139707 0.159974 0.189964 0.00742539 -0.00890869 0.0156988 0.00331711 0.0303153 0.103032 0.184086 0.0235539 0.0341339 0.0225597 0.0287082 0.0215418 0.0389221 0.076862 0.102052 0.132024 0.159018
internal_weight=0 443.929 13.6357 430.293 412.25 153.126 127.232 19.0612 12.0029 4.55764 3.42871 3.00365 2.32332 108.171 36.3427 71.8281 39.5512 32.2769 1.92673 0.705008 22.46 19.2574 30.3501 27.926 26.648 16.1767 5.57153 4.48877 3.58884 2.99807
internal_count=35280 31004 418 30586 29791 11082 9168 1109 737 348 262 227 190 8059 3017 5042 2703 2339 167 55 1442 1230 2172 1960 1859 1303 413 328 246 195
is_linear=0
shrinkage=0.05


Tree=73
num_leaves=31
num_cat=0
split_feature=14 0 2 0 12 39 2 12 2 2 10 14 0 16 2 13 39 14 0 13 0 14 2 12 24 11 13 13 40 19
split_gain=4.93119 5.14665 5.34764 7.81386 9.4096 11.5954 6.66587 4.77148 7.14381 5.19781 6.73651 5.07362 5.05452 6.43411 4.49187 4.87964 11.8832 10.8002 7.98591 7.01249 6.84037 10.0727 8.75918 7.078 7.99278 7.08876 6.77576 6.00404 5.80664 4.95271
threshold=3687.4450000000002 171.94500000000002 1.8517028422813187 5307.0950000000012 11313.460000000001 100.25000000000001 0.77678881868132355 13265.665000000003 1.2063655655006851 0.64204835588701736 923.85500000000013 38140.115000000013 658.28500000000008 4.5000000000000009 0.78202549751442285 16.500000000000004 156.95000000000002 47037.305000000008 640.34500000000014 38.500000000000007 2132.1150000000002 10904.390000000001 1.7003122213157635 3063.5750000000003 20.206365740740743 1.5000000000000002 8.5000000000000018 12.500000000000002 1.0997364839910928 0.52984953703703719
decision_type=2 2 2 2 2 2 2 2 2 2 2 2 2 2 2 2 2 2 2 2 2 2 2 2 2 2 2 2 2 2
left_child=-1 -2 3 4 5 -3 -7 8 9 -6 11 -11 13 -9 -8 20 17 18 -17 -19 21 -16 -22 24 29 26 -26 -28 -25 -23
right_child=1 2 -4 -5 7 6 14 12 -10 10 -12 -13 -14 -15 15 16 -18 19 -20 -21 22 23 -24 28 25 -27 27 -29 -30 -31
leaf_value=-0.023162593030513497 0.030844087258702003 -0.017631628236839232 0.0097382149142494941 -0.022824639958517447 0.01630472472534818 -0.0079818865712828549 0.094027826208526122 0.10299768978129775 -0.020266015994304533 0.0063997665845200091 0.01415524323886257 0.1593541643508305 0.0052398542706037082 -0.025269625003151337 -0.0033802891916415024 0.076571913138495734 -0.031437242468022049 0.10444278950669246 -0.027345265307293094 -0.024318721663780289 -0.023370315516278505 0.052170075634155266 0.069047231220237579 0.098220045319044921 -0.024019505934032674 -0.0087780762894108227 0.14437804596156675 0.026004497487297291 0.0010685266719466856 -0.025993810920194118
leaf_weight=18.904817616567016 14.225526865571736 89.298610616475344 132.0449637863785 39.107191180344671 3.9111416023224574 57.531153892632574 0.73183777881786127 1.9652747004292899 2.6241449024528256 0.75089560775086317 2.0681721437722445 2.3267847485840321 37.552300694398582 0.96707825129851688 13.863933673128484 1.363091681618245 16.774690650869161 4.11041295249015 7.5454846587963402 0.91885522380471218 13.377836386207489 1.7206338727846793 2.1289093680679789 7.8043767181225103 0.83769210055470278 2.5762861263938248 2.7723996317945421 2.2348104026168585 1.8904303172603247 7.0541791738942266
leaf_count=1799 446 7972 5918 3683 259 4986 61 69 185 60 103 181 2610 59 1171 131 1555 293 652 70 1006 83 131 479 53 197 175 150 138 563
internal_value=0 0.00224377 0.00128987 -0.00215343 0.000735743 -0.00355549 0.00516058 0.019733 0.0466363 0.066108 0.0951492 0.132757 0.0110334 0.065027 0.0137742 0.0120378 -0.00392393 0.0290771 -0.00532186 0.0807862 0.0206675 0.0312162 -0.00726806 0.0485346 0.026699 0.0587227 0.0854111 0.104669 0.0811473 -0.00689764
internal_weight=0 472.079 457.854 325.809 286.701 234.536 145.237 52.1658 11.6811 9.05699 5.14585 3.07768 40.4847 2.93235 87.7059 86.974 30.7125 13.9378 8.90858 5.02927 56.2615 40.7547 15.5067 26.8908 17.196 8.42119 5.8449 5.00721 9.69481 8.77481
internal_count=35238 33439 32993 27075 23392 19866 11894 3526 788 603 344 241 2738 128 6908 6847 2701 1146 783 363 4146 3009 1137 1838 1221 575 378 325 617 646
is_linear=0
shrinkage=0.05


Tree=74
num_leaves=31
num_cat=0
split_feature=19 21 23 38 33 33 38 0 24 12 38 39 21 21 14 31 14 14 38 0 0 24 38 15 40 38 39 39 38 19
split_gain=5.7371 9.95343 5.53785 7.09614 4.99052 6.56876 4.72993 4.66035 4.00038 3.81009 3.60015 4.78575 3.56993 4.55328 4.55252 3.34753 4.57365 12.0965 5.62216 4.78062 4.14059 3.55882 3.40029 3.22429 3.32708 3.01812 7.81949 5.47353 7.82916 8.11584
threshold=31.748449074074077 31.102002314814818 1.0000000180025095e-35 40.050000000000004 0.032522474881015347 0.097619047619047633 39.050000000000004 584.02500000000009 1.0000000180025095e-35 131428.65000000002 130.35000000000005 253.75000000000003 24.803362268518523 15.873964120370372 38140.115000000013 12.500000000000002 47688.385000000017 60114.135000000017 77.050000000000011 2866.4050000000002 171.94500000000002 39.178206018518523 92.65000000000002 60508.500000000007 0.73195708981174579 74.950000000000017 274.25000000000006 92.750000000000014 33.95000000000001 9.9401909722222239
decision_type=2 2 2 2 2 2 2 2 2 2 2 2 2 2 2 2 2 2 2 2 2 2 2 2 2 2 2 2 2 2
left_child=1 2 9 12 15 6 -6 -3 10 25 -5 23 13 -4 -14 16 21 18 19 -18 -17 -2 -23 24 -12 26 27 -1 29 -29
right_child=4 7 3 8 5 -7 -8 -9 -10 -11 11 -13 14 -15 -16 20 17 -19 -20 -21 -22 22 -24 -25 -26 -27 -28 28 -30 -31
leaf_value=-0.0069993720462893779 -0.039052373666013968 -0.031524511966358727 0.038971918916557768 -0.029169134765604683 0.10235353583133169 -0.026652522486656696 -0.00021225427254418141 0.046632896184502781 0.048416170568432747 0.031304074679425149 0.11879178510184958 -0.018771368964256172 -0.01433437192190647 -0.025768333389586236 0.11582400413711376 0.055279865087413671 0.1897271281412356 -0.015308407329332705 -0.014704340910650086 -0.010070723460081301 -0.036867961863513009 -0.015529989614542673 0.078718416010227527 -0.01852016391157852 -0.0059804490015691525 -0.0079589035409321184 0.058000466418139218 0.045677525041406458 -0.00047627700062208186 -0.0013608999934705201
leaf_weight=128.70634533511475 7.7325049214996415 1.4512102329172218 14.030521996784961 10.397061451803895 1.7679780093021684 3.1905446611344814 1.8857029383070765 15.851332115940748 2.1791797652840605 8.071563642472027 1.0016612270846956 3.4079713323153555 0.61797063238918726 2.5827304138801983 1.8179636676795778 0.41939979372546332 0.66587894642725476 4.6761227189563215 0.41127458866685629 0.24751054216176271 24.397629276383668 1.8380866195075216 0.55140666803345073 0.57330078445374955 0.60369063355028618 121.37616900634021 4.995545277837663 21.600616657640785 89.418944573029876 15.335950182285158
leaf_count=10210 799 121 577 618 97 311 164 866 21 278 53 187 43 139 48 33 51 458 49 19 2461 135 55 43 38 10192 67 883 5379 896
internal_value=0 0.00260642 0.00105526 0.0192199 -0.015456 0.0218009 0.0607476 0.0387134 -0.00324638 -0.000724901 -0.012726 0.0176583 0.0397344 0.0280157 0.0882424 -0.0220558 -0.00392 0.0279761 0.121629 0.158619 -0.0332298 -0.0236447 0.0230267 0.0626216 0.0875851 -0.00148275 0.00155876 0.000231121 0.00759327 0.0266263
internal_weight=0 444.02 426.717 37.2121 47.784 6.84423 3.65368 17.3025 18.1629 389.505 15.9837 5.58662 19.0492 16.6133 2.43593 40.9398 16.1228 6.00079 1.32466 0.913389 24.817 10.122 2.38949 2.17865 1.60535 381.434 260.057 255.062 126.356 36.9366
internal_count=35291 30659 29672 1767 4632 572 261 987 960 27905 939 321 807 716 91 4060 1566 577 119 70 2494 989 190 134 91 27627 17435 17368 7158 1779
is_linear=0
shrinkage=0.05


Tree=75
num_leaves=31
num_cat=0
split_feature=23 3 39 39 31 3 10 0 21 3 17 38 39 40 38 3 0 13 16 2 38 36 16 10 19 40 2 13 17 40
split_gain=6.57582 6.18757 4.03923 8.03343 8.94453 5.94625 6.801 7.6691 10.7592 9.20477 9.01402 5.86308 5.71258 5.62933 5.88113 6.17368 7.48625 9.32008 7.32001 6.9538 6.1156 6.89959 5.43905 5.35407 4.75904 4.65676 4.63849 6.24918 7.41498 6.11635
threshold=1.0000000180025095e-35 4.6584016898942666 145.75000000000003 161.05000000000004 17.500000000000004 0.12010613799420138 3358.8150000000005 957.33500000000015 29.081539351851855 -0.95919502539795343 7.5000000000000009 118.05000000000001 149.65000000000001 1.159796027165432 60.150000000000013 -0.86074373259916437 225.82000000000002 15.500000000000002 2.5000000000000004 0.97605898461855489 161.05000000000004 1.0000000180025095e-35 2.5000000000000004 1005.2300000000001 26.993692129629633 0.62951379264307283 0.85658605622083994 26.500000000000004 10.500000000000002 0.46731309286500095
decision_type=2 2 2 2 2 2 2 2 2 2 2 2 2 2 2 2 2 2 2 2 2 2 2 2 2 2 2 2 2 2
left_child=1 2 -1 4 5 6 7 22 9 -9 12 -7 -11 14 24 16 17 -16 -19 23 -21 -22 -4 26 -5 -24 27 -17 29 -29
right_child=-2 -3 3 13 -6 11 -8 8 -10 10 -12 -13 -14 -15 15 19 -18 18 -20 20 21 -23 25 -25 -26 -27 -28 28 -30 -31
leaf_value=-0.0081429771346795913 0.017218904077165007 0.028913775143979956 -0.013572112164737882 0.031674249409078307 -0.028422481517389842 -0.0038154225576713845 -0.023425789911324758 -0.018925081600601138 -0.024007178982163358 0.015047263320866477 0.014659564214689525 0.090872971392586252 0.22459098079689574 -0.023077307178700889 -0.03140580355041888 0.00012532267449060725 -0.045911436352516134 0.18561254884204673 -0.016282064374034982 -0.02676143585975084 0.021524833243460592 -0.031827536860576801 -0.007191884933027518 -0.027782058657246089 -0.035138052262069425 0.11348163772648792 0.066881785131473456 -0.013006289562331019 -0.021546799371137591 0.18777043198626309
leaf_weight=262.71000477392226 42.256770027801394 13.53281385079026 3.4833236518316024 20.381134651135657 5.6123532005585721 10.63943521911278 1.6472214991226781 0.58327123802155245 0.90374794183298934 0.52950358903035599 1.0067340903915463 0.9169267010875054 2.2467855922877789 27.757559183519334 1.5844359332695597 11.826625411864375 13.316195962484924 0.27243717201054085 0.46612150501459837 23.076224789954722 21.312705849297348 7.3526045223698011 1.0629994841292503 3.4000797839835277 2.2065995614975682 1.2605726579204199 6.2282198569737366 0.3473890391178418 0.74464223673567176 0.4708549021743238
leaf_count=20344 2077 125 288 554 434 665 60 45 92 46 62 56 128 2247 107 1193 1370 23 33 2077 1415 544 68 323 150 80 541 41 83 50
internal_value=0 -0.00319679 -0.00426381 0.00172114 0.0248163 0.0377598 0.0600984 0.0734303 0.112593 0.140072 0.163418 0.0103364 0.199194 -0.00332456 0.00168802 -0.0040717 -0.0316202 0.0394652 0.122118 0.00203259 -0.00815069 0.00722846 0.0265684 0.0243098 0.0239344 0.0727219 0.0342477 0.0154748 0.0862571 0.142257
internal_weight=0 446.88 433.347 170.637 29.8929 24.2805 12.7242 11.0769 5.27004 4.36629 3.78302 11.5564 2.77629 140.744 112.986 90.3985 15.6392 2.32299 0.738559 74.7593 51.7415 28.6653 5.8069 23.0178 22.5877 2.32357 19.6177 13.3895 1.56289 0.818244
internal_count=35321 33244 33119 12775 2024 1590 869 809 373 281 236 721 174 10751 8504 7800 1533 163 56 6267 4036 1959 436 2231 704 148 1908 1367 174 91
is_linear=0
shrinkage=0.05


Tree=76
num_leaves=31
num_cat=0
split_feature=19 21 0 0 19 13 13 15 19 21 13 5 0 38 24 19 38 21 0 15 39 19 40 38 35 15 39 2 10 0
split_gain=4.49091 6.74755 9.77231 11.755 7.11177 7.11385 6.81966 6.36878 5.93906 6.78791 8.95778 7.16853 7.51807 6.11509 7.05169 11.5726 7.00389 6.83287 6.53371 7.42602 8.76375 7.23294 6.6263 5.96133 6.55545 7.54177 5.85346 5.58649 8.26424 5.9234
threshold=33.930873842592597 22.934369212962967 739.40500000000009 797.87000000000012 21.886267361111113 9.5000000000000018 10.500000000000002 11077.500000000002 2.8061574074074076 1.3163020833333337 15.500000000000002 1.0000000180025095e-35 22807.955000000005 13.350000000000003 14.963761574074075 15.988454861111114 100.85000000000001 8.0764062500000016 509.22500000000008 5045.5000000000009 113.35000000000001 13.276649305555557 0.66347075311287018 36.150000000000013 1.0000000180025095e-35 52898.000000000007 113.35000000000001 1.466000650943236 1054.4450000000004 15310.470000000001
decision_type=2 2 2 2 2 2 2 2 2 2 2 2 2 2 2 2 2 2 2 2 2 2 2 2 2 2 2 2 2 2
left_child=1 8 6 -4 5 -5 7 -3 9 11 -11 12 23 -10 -15 16 17 -16 19 -19 -21 -20 -22 24 25 26 -1 28 -6 -29
right_child=-2 2 3 4 27 -7 -8 -9 13 10 -12 -13 -14 14 15 -17 -18 18 21 20 22 -23 -24 -25 -26 -27 -28 29 -30 -31
leaf_value=-0.0082693946046914057 -0.014597098512590828 0.085164619999649568 0.11542770139354111 -0.0093228189715363549 0.032800158249829812 0.062553309766898532 -0.035047438496804438 -0.014814606622127727 -0.025436738092104835 0.0086618733211641288 0.05335275069982659 0.0410817034387271 -0.050388528599356774 -0.011464727040489706 -0.0065738508879890772 -0.0095371981167678994 -0.0099782899052721415 0.026975253862577458 0.058897164864313969 -0.0028719485570271371 0.029420814875996931 -0.0017567228829795728 0.26173282870686715 -0.013650532454114062 -0.011626264556671415 0.064686082209514828 0.045726371435317222 -0.018254810926896098 -0.022282098419781952 0.0354403466505527
leaf_weight=14.607256009709095 33.637124976143241 1.7572739766910697 2.2711758385412386 4.220855385996404 33.178780752699822 13.318458003923295 13.589044400490819 3.201259140856564 30.275019405875355 37.864143597893417 15.243604280520229 8.7702753907069546 6.9658134956844142 82.026038790587336 6.1924051633104709 39.841353681869805 8.8337155841290933 2.603216054383668 11.49436143692583 0.64378450531512488 0.73488287301734068 8.0095517537556571 0.59764296188950539 39.737294871360064 17.2051015580073 8.0973243881016952 6.4646097333170465 22.283473792020235 7.7501387177035204 5.6139115472324184
leaf_count=1013 3526 132 174 156 2809 348 1281 312 2722 1621 443 72 187 6849 315 3074 781 70 489 39 32 519 28 3085 1966 578 219 1603 568 252
internal_value=0 0.00408675 0.0149866 0.0218665 0.018113 0.0456864 -0.0173283 0.0289639 0.000678763 0.00792704 0.0222385 0.000320747 -0.00391583 -0.00520459 -0.00126598 0.00934088 0.0283305 0.0394697 0.0510986 0.100667 0.156058 0.0351179 0.201154 0.000378757 0.0124346 0.0265416 0.00961708 0.0105327 0.0220873 -0.006597
internal_weight=0 453.392 107.184 88.6368 86.3656 17.5393 18.5476 4.95853 346.207 154.955 53.1077 101.848 93.0774 191.252 160.977 78.9509 39.1096 30.2758 24.0834 4.57953 1.97631 19.5039 1.33253 86.1116 46.3743 29.1692 21.0719 68.8263 40.9289 27.8974
internal_count=35263 31737 7635 5910 5736 504 1725 444 24102 9184 2064 7120 7048 14918 12196 5347 2273 1492 1177 169 99 1008 60 6861 3776 1810 1232 5232 3377 1855
is_linear=0
shrinkage=0.05


Tree=77
num_leaves=31
num_cat=0
split_feature=14 31 38 39 38 38 1 13 12 15 12 38 12 24 2 40 15 31 15 31 15 15 40 13 20 24 11 24 38 1
split_gain=3.85333 6.46019 3.70597 7.25698 6.04513 5.45696 8.02681 5.30703 5.82011 5.84483 6.84806 5.381 5.50516 5.05242 6.30456 4.80263 4.59499 4.28829 4.27719 4.22574 4.17869 7.75114 7.30726 7.63329 5.35576 6.51578 4.7336 5.3575 6.33744 6.75554
threshold=2332.9600000000005 20.500000000000004 64.350000000000009 137.65000000000001 34.350000000000001 62.650000000000013 8.0947812940536519 38.500000000000007 7354.7700000000013 7930.5000000000009 20054.305000000004 375.60000000000008 1267.3950000000002 9.9625520833333354 1.4455111780570542 0.63499972068646204 84381.000000000015 9.5000000000000018 143961.50000000003 17.500000000000004 10839.500000000002 8221.0000000000018 1.0348896707706865 8.5000000000000018 1.5000000000000002 39.984236111111123 2.5000000000000004 1.8396990740740742 33.95000000000001 7.1616452762532345
decision_type=2 2 2 2 2 2 2 2 2 2 2 2 2 2 2 2 2 2 2 2 2 2 2 2 2 2 2 2 2 2
left_child=1 -1 3 5 -5 20 -7 11 15 -10 -11 17 13 -13 -15 -9 -6 -4 19 -18 21 26 23 -23 -22 -26 27 28 29 -2
right_child=2 -3 7 4 16 6 -8 8 9 10 -12 12 -14 14 -16 -17 18 -19 -20 -21 24 22 -24 -25 25 -27 -28 -29 -30 -31
leaf_value=-0.037521320764581055 -0.011215510829230835 0.070092044757126201 0.011014632790269164 0.040767427997220836 0.0017227807172236998 -0.0037019137533473427 0.13545057727332829 0.13311548798998296 -0.028163684982325406 -0.024091093108578987 0.12521468430886637 -0.021811365995195047 0.0021823310686575142 0.12596943095863933 0.00077056517785013259 -0.00033049101601214151 0.092726463132997428 -0.011527118740612012 -0.013903380497198546 -0.020160064350642909 0.002582297179930118 -0.031810480850327193 -0.031899644699030526 0.071503834588628454 -0.023760768343458211 0.062157830152758053 -0.0040726771119388751 0.010420258406864183 -0.024477675455163397 0.14023000202112662
leaf_weight=10.293083598837253 0.82042946340516554 0.66005178494379002 24.521062346640974 23.662202975247055 34.50362442061305 2.1906896950677033 0.88304193224757899 1.1050321282818907 3.9821805576793849 0.90898654144257285 0.70856640208512545 0.99102102359757083 12.006283777765928 2.1040268242359166 1.5056491340510545 0.98467389494180668 3.0398054649122055 124.79260504385456 1.640266037546098 0.65017885901033867 77.101336374413222 1.5314552877098311 2.1664963704533866 10.254574142396448 40.127614985220134 1.3879818632267404 70.809895348735154 27.538462802767754 0.922939475160092 1.7088775634765623
leaf_count=1020 58 46 1852 717 1334 173 63 83 339 87 65 46 623 95 45 60 89 11406 85 35 6114 119 167 723 3493 80 4386 1635 65 93
internal_value=0 -0.025715 0.00303651 0.00638486 0.0212602 0.00233449 0.0597112 -0.00277093 0.0353519 0.00418675 0.0641622 -0.0047389 0.0214631 0.0624059 0.0852431 0.09048 0.00895789 -0.00777655 0.0481214 0.0727783 0.00133151 0.00805552 0.0416791 0.0566414 -0.00524266 -0.0194938 0.00308655 0.0190605 0.0701623 0.101847
internal_weight=0 10.9531 474.55 300.94 63.4961 237.444 3.07373 173.61 7.68944 5.59973 1.61755 165.921 16.607 4.6007 3.60968 2.08971 39.8339 149.314 5.33025 3.68998 234.37 115.753 13.9525 11.786 118.617 41.5156 101.801 30.9907 3.45225 2.52931
internal_count=35196 1066 34130 19429 2260 17169 236 14701 634 491 152 14067 809 186 140 143 1543 13258 209 124 16933 7246 1009 842 9687 3573 6237 1851 216 151
is_linear=0
shrinkage=0.05


Tree=78
num_leaves=31
num_cat=0
split_feature=23 24 3 12 5 21 40 13 14 3 12 24 19 40 24 24 21 15 19 15 40 17 38 12 13 17 12 40 40 2
split_gain=5.5743 7.1526 4.27643 3.80841 3.41805 7.25985 3.27077 5.33934 4.52785 4.78276 5.16841 6.06846 7.81044 9.43132 4.18013 6.84998 4.3484 8.23626 7.18195 5.2254 5.17293 4.96251 4.45879 3.24845 7.15576 3.72367 3.61234 3.65845 3.58465 3.20827
threshold=1.0000000180025095e-35 1.0000000180025095e-35 4.6584016898942666 9825.0050000000028 1.0000000180025095e-35 0.79092592592592603 1.0511279134985219 14.500000000000002 21103.745000000006 -0.23200721880514971 763.77500000000009 15.739600694444446 25.117436342592597 1.7514249058662787 22.266192129629633 10.032690972222225 11.087783564814815 4194.5000000000009 19.888692129629636 4936.5000000000009 1.8780531582388285 10.500000000000002 29.250000000000004 7544.8600000000015 14.500000000000002 11.500000000000002 307.52500000000003 0.45624728770303319 0.40752169525917697 1.32966616350894
decision_type=2 2 2 2 2 2 2 2 2 2 2 2 2 2 2 2 2 2 2 2 2 2 2 2 2 2 2 2 2 2
left_child=2 3 6 23 5 -4 29 -8 9 -9 -11 -12 13 -13 15 -10 17 -17 -18 21 22 -20 -19 25 28 26 -2 -28 -25 -1
right_child=1 -3 4 -5 -6 -7 7 8 14 10 11 12 -14 -15 -16 16 18 20 19 -21 -22 -23 -24 24 -26 -27 27 -29 -30 -31
leaf_value=0.0052667040456830976 0.030138861532962032 0.055871948784805607 -0.045623409228168432 -0.025658721480926201 0.053405723590907506 0.043209444100561559 -0.023375572077804066 -0.011773798762692283 -0.031945054166314789 -0.025664325218485301 -0.0087685493963770463 0.19151594443290515 -0.0027525636613074389 -0.016969024664693837 -0.023171946135034122 -0.021661601501692596 -0.016569531868720008 0.0012458117911628062 0.15609554583278934 -0.0061637669838192606 -0.017244698997713911 -0.01381320300652236 0.15205609657267616 0.0072654568206792841 -0.026628415037691696 0.07002905043748936 -0.037456108507950177 0.0093912959377603911 0.14747630301725925 -0.0046272698734635383
leaf_weight=209.23293670453131 6.7413743515499069 9.1135104987770301 3.2095202654600126 6.063523376826196 5.6252661906182766 4.0761066637933254 37.364168133120984 3.5547355823218822 6.1958881793543723 1.0122432885691504 1.3191094677895305 1.4706278960220518 1.1011746064759789 0.50012492528185237 17.754414557944983 1.5737735093571235 8.0268506468273682 0.61401128210127431 0.69014500267803602 1.2562559004873035 0.51022933889180411 0.37430407106876373 1.8053717594593761 0.76220009662210875 1.0891071115620432 1.2305545047856856 6.3987153656780711 8.8384508369490487 0.76066406490281224 133.31614054460078
leaf_count=17498 316 159 34 434 39 38 2992 314 545 84 101 107 105 39 1413 81 583 28 40 108 39 33 128 20 72 62 455 478 25 8785
internal_value=0 0.019178 0.00011338 0.00730973 0.0273965 0.00329282 -0.000772252 -0.00948361 0.00164119 0.0317654 0.0577746 0.078202 0.10853 0.150706 -0.00593693 0.00899353 0.0270111 0.0630138 0.00717008 0.0695435 0.102438 0.118599 0.12534 0.0157197 0.0600309 0.00845916 0.00211436 -0.0113771 0.107996 0.00141382
internal_weight=0 40.9981 440.583 31.8846 12.9109 7.28563 427.673 85.1234 47.7593 8.95802 5.40328 4.39104 3.07193 1.97075 38.8012 21.0468 14.8509 4.50339 10.3476 2.3207 2.92961 1.06445 2.41938 25.8211 2.61197 23.2091 21.9785 15.2372 1.52286 342.549
internal_count=35155 2021 33134 1862 111 72 33023 6740 3748 750 436 352 251 146 2998 1585 1040 276 764 181 195 73 156 1428 117 1311 1249 933 45 26283
is_linear=0
shrinkage=0.05


Tree=79
num_leaves=31
num_cat=0
split_feature=38 39 38 14 39 0 36 0 40 38 0 21 14 12 24 21 13 24 0 0 14 31 0 31 31 24 38 20 13 31
split_gain=3.49789 5.97404 4.38651 5.44778 7.77143 7.77111 8.80861 7.27148 5.41932 4.28483 4.23425 5.45215 5.88743 6.99652 5.0832 7.00461 11.0803 4.98335 4.82163 7.95736 7.03352 6.4516 5.58983 5.36322 6.49903 5.25359 4.6673 5.11877 4.58716 4.36183
threshold=64.350000000000009 248.75000000000003 161.05000000000004 24528.895000000008 251.25000000000003 826.09000000000003 1.0000000180025095e-35 1840.6250000000002 0.69558516846023555 139.35000000000005 189.56500000000003 23.392488425925929 53844.445 17530.560000000001 33.927563657407411 32.762899305555564 15.500000000000002 41.051469907407416 1032.6800000000003 749.34000000000015 27942.010000000002 14.500000000000002 8487.260000000002 19.500000000000004 7.5000000000000009 24.927552083333335 63.150000000000013 1.5000000000000002 12.500000000000002 10.500000000000002
decision_type=2 2 2 2 2 2 2 2 2 2 2 2 2 2 2 2 2 2 2 2 2 2 2 2 2 2 2 2 2 2
left_child=1 10 9 4 5 -4 7 8 -7 -2 -1 26 17 14 15 29 -17 18 19 23 21 25 -20 24 -13 -21 -12 -28 -25 -14
right_child=2 -3 3 -5 -6 6 -8 -9 -10 -11 11 12 13 -15 -16 16 -18 -19 22 20 -22 -23 -24 28 -26 -27 27 -29 -30 -31
leaf_value=0.030717650325154056 -0.0075614095930028637 0.044190216576059531 -0.0080041304616522198 -0.0083508848427060033 0.0057576689786887026 0.21102352337460287 -0.018956157292921265 0.020449434601917969 0.015394592001920596 -0.03798483852441481 -0.0039814414982767147 0.073722722845120936 -0.019084171776422423 -0.0014188921580722408 0.0089319543548742521 -0.020645495663243623 0.17901712840616987 0.059043838492054947 -0.021836316854037696 -0.014827987234675589 -0.028785018559611825 0.0089353476748060458 0.049377403551975153 0.11313569810879259 -0.035945866811996956 0.14339300699379406 0.096211383222022787 -0.024020480200315053 -0.02030333940025526 0.054520199018052024
leaf_weight=11.709361409302799 96.261765462812036 7.8453297019004813 2.4169901022687581 36.261739843990654 24.861839411780238 1.2906424356624486 1.018305401317775 1.43779876595363 0.61737756663933385 12.313687083777038 204.73283230746165 0.61295551294461148 2.0360478488728466 11.659836241509764 6.3542450349777928 0.68904117494821493 1.6109278653748331 2.4846324902027837 26.872971557546411 0.41461495077237431 1.3123198403045533 2.150404738727957 2.1120736477896562 0.52878641337156185 9.0693112951703352 2.3511688001453876 1.3826311370357864 0.88661743840202678 0.67077408079057932 8.0654669008217734
leaf_count=403 8954 136 223 2747 1741 90 73 101 55 1215 13705 55 121 755 390 65 111 93 2024 40 118 173 47 44 912 197 95 66 70 496
internal_value=0 0.003688 -0.0051324 0.00479294 0.0196497 0.0632969 0.0969162 0.128429 0.174785 -0.0113269 0.0024763 0.00121704 0.0123067 0.0291755 0.0473042 0.0648317 0.131071 0.00136984 -0.0029266 0.017512 0.0582621 0.0824362 -0.0151735 -0.00875292 -0.0227516 0.122035 -0.00305379 0.0562572 0.0632117 0.0393019
internal_weight=0 305.552 176.48 67.9047 31.643 6.78111 4.36412 3.34582 1.90802 108.575 297.707 285.998 78.9956 30.4156 18.7557 12.4015 2.29997 48.58 46.0954 17.1103 6.22851 4.91619 28.985 10.8818 9.68227 2.76578 207.002 2.26925 1.19956 10.1015
internal_count=35315 20116 15199 5030 2283 542 319 246 145 10169 19980 19577 5711 1938 1183 793 176 3773 3680 1609 528 410 2071 1081 967 237 13866 161 114 617
is_linear=0
shrinkage=0.05


Tree=80
num_leaves=31
num_cat=0
split_feature=38 38 21 12 13 14 34 24 26 14 24 19 15 15 19 21 15 40 11 9 15 0 40 24 24 40 14 10 21 38
split_gain=6.16864 4.60757 6.78366 7.8958 8.59445 5.19764 4.79734 4.41759 4.88619 4.64634 8.03576 11.6001 4.60128 5.84231 6.36902 5.51402 5.36692 4.90992 4.62948 4.5676 4.37487 4.34208 4.30475 4.27564 5.11111 4.75906 4.27205 5.91659 4.50541 5.26122
threshold=57.95000000000001 1.0000000180025095e-35 26.877094907407411 5116.9850000000015 15.500000000000002 7893.6500000000005 1.0000000180025095e-35 38.161336805555564 1.0000000180025095e-35 12912.475000000002 7.0206770833333341 13.276649305555557 10462.500000000002 77718.500000000015 6.0514293981481488 32.083258101851861 167246.50000000003 1.4436129890364338 6.5000000000000009 3.5000000000000004 74578.500000000015 499.35000000000008 1.531005993755252 24.100549768518523 15.031215277777781 0.54289272674367295 38140.115000000013 4283.130000000001 11.781747685185186 19.250000000000004
decision_type=2 2 2 2 2 2 2 2 2 2 2 2 2 2 2 2 2 2 2 2 2 2 2 2 2 2 2 2 2 2
left_child=1 2 -1 4 -4 -3 7 8 9 10 -7 22 18 -14 -15 16 17 23 26 -20 -9 -6 -12 24 25 -16 27 -11 29 -28
right_child=-2 5 3 -5 21 6 -8 20 -10 12 11 -13 13 14 15 -17 -18 -19 19 -21 -22 -23 -24 -25 -26 -27 28 -29 -30 -31
leaf_value=-0.012849523396513466 -0.0062637104857594904 -0.015943016078610466 0.0083832182944540284 -0.016829043739749503 -0.014799630585530099 -0.028533573534472379 0.028433705265697041 0.050381347758745566 0.076256418849655394 -0.010310874954886536 0.099415871630810407 -0.0045303845893441656 -0.019344728736110622 -0.029958578047700093 0.12126702353623964 -0.032606001822741253 -0.028698486212370547 -0.02450950968665503 -0.032624343884890189 0.040593134530065716 -0.029661835113698388 0.12625150573805363 -0.0095912252202963247 0.11758992247943295 -0.016465156839678096 -0.003578033379728176 0.052137648005792361 0.055297373666716068 0.037454118705485324 -0.012540615060147206
leaf_weight=60.055695380549878 195.5825206451118 18.35915145277977 4.9300480266101641 6.1288038338534525 0.41233595227822695 4.0355527568608549 32.951860496308655 8.8764770939014834 1.4012190094217647 23.950228040106598 6.0528098521754128 6.1128494022414088 41.388320054393262 4.5891100279986849 1.0376554355025276 1.802422476466744 1.2975692036561657 0.92924782121554006 9.7822824283502978 1.7535564079880703 1.3737085801549245 2.6686997707001865 0.84843496372923244 2.8253908469341695 2.3219685293734074 1.1316288020461795 3.1189028588123611 2.9857214158400884 24.004457500297576 12.320641741622238
leaf_count=5587 16431 1498 453 542 40 297 1343 431 53 1307 276 467 2881 241 80 165 102 71 491 37 104 222 33 143 160 87 128 53 1070 476
internal_value=0 0.0052057 -0.00548593 0.0245721 0.0545983 0.00889936 0.0112846 0.0076862 0.00543398 0.00428912 0.0281183 0.0464681 0.00110062 -0.00955751 0.0155043 0.03483 0.0494508 0.0635222 0.00896364 -0.0191443 0.0379711 0.108374 0.0864968 0.0763053 0.0336493 0.0755607 0.01406 -0.0013194 0.0243354 0.00290159
internal_weight=0 289.447 74.1956 14.1399 8.01108 215.251 196.892 163.94 153.69 152.289 17.0496 13.0141 135.239 57.3233 15.935 11.3459 9.54346 8.24589 77.9158 11.5358 10.2502 3.08104 6.90124 7.31664 4.49125 2.16928 66.38 26.9359 39.444 15.4395
internal_count=35269 18838 6844 1257 715 11994 10496 9153 8618 8565 1073 776 7492 3930 1049 808 643 541 3562 528 535 262 309 470 327 167 3034 1360 1674 604
is_linear=0
shrinkage=0.05


Tree=81
num_leaves=31
num_cat=0
split_feature=31 14 14 31 3 24 2 13 13 24 15 14 38 38 3 12 39 38 0 3 41 20 2 40 40 3 12 38 15 15
split_gain=4.16793 3.09193 5.10946 7.50669 6.8985 6.07374 5.70505 6.09297 4.56097 5.11183 5.50833 5.26369 4.4499 7.65686 4.43828 4.04651 4.03244 4.91366 3.4696 4.00236 3.42137 3.31647 3.63896 2.88797 5.51169 8.10444 10.9732 9.98568 7.69265 13.4576
threshold=5.5000000000000009 8285.2050000000017 12912.475000000002 13.500000000000002 0.31510412394349768 33.205995370370381 1.8517028422813187 9.5000000000000018 3.5000000000000004 2.0436111111111117 148168.50000000003 2332.9600000000005 30.650000000000002 20.350000000000005 -0.47801780578887215 2083.5650000000005 216.75000000000003 221.15000000000001 1648.7350000000004 -0.22129364334224019 1.0000000180025095e-35 2.5000000000000004 1.0944900682073873 1.0511279134985219 0.60738163206932638 0.31510412394349768 11132.640000000001 120.35000000000001 55724.500000000007 4194.5000000000009
decision_type=2 2 2 2 2 2 2 2 2 2 2 2 2 2 2 2 2 2 2 2 2 2 2 2 2 2 2 2 2 2
left_child=-1 8 3 6 5 21 -3 -8 9 16 11 -11 13 -6 -13 -9 -2 18 19 -18 23 -5 -23 24 -4 26 -26 28 29 -28
right_child=1 2 20 4 12 -7 7 15 -10 10 -12 14 -14 -15 -16 -17 17 -19 -20 -21 -22 22 -24 -25 25 -27 27 -29 -30 -31
leaf_value=0.018696145568099475 -0.019017669059570013 -0.022750156527492228 -0.0050352751194804842 0.076515413536022259 -0.020070547378123485 -0.028871523812974111 -0.0245630723261696 0.091600891267069259 -0.022831560797551022 -0.014868004359353157 -0.0086618865520259325 -0.0097911122381511562 -0.018389644637579295 0.096117193699840509 0.18629063773637225 -0.01147954800864491 -0.011540563111479135 -0.025322415543473472 -0.014103463952396523 0.15703116429517899 0.019517123532676803 -0.031289672069488128 0.073502446981987185 -0.011934569157781242 0.0071429417672223333 -0.0073540356967317705 0.029614806659865808 -0.021866247670725421 -0.026285705560611362 0.14991215005402431
leaf_weight=26.730766207911074 10.026183719281105 14.907971650827678 195.55430997861549 10.60489277308807 2.2643163129687292 1.3319737398996938 2.403525337111204 2.5720603112131362 34.18128146789968 0.41562979575246506 1.3917429326102135 0.24013088876381516 7.476852516643703 1.8470040513202546 0.47992581501603127 1.0208438839763401 0.29616614058613777 1.0015615439042447 0.38556356495246291 0.44670500792562895 16.809382097329944 1.6153154214844097 0.21349817467853416 70.101853327360004 28.494749292731285 33.655053239315748 5.1350154746323806 2.4991729930043212 1.0763940676115442 4.4536362024955451
leaf_count=1087 1056 1292 14869 837 191 151 126 104 3015 42 126 26 511 67 45 57 35 101 40 34 735 155 20 5373 2312 1972 253 249 101 322
internal_value=0 -0.00127148 0.000177823 0.0156317 0.0334005 0.0560752 -0.00646009 0.0315024 -0.0130182 0.00982496 0.0628757 0.11355 0.00415017 0.0407193 0.153224 0.0661903 -0.00514577 0.0453654 0.0905257 0.121764 -0.00185825 0.066647 0.00260276 -0.00296602 -0.000609559 0.0107973 0.0252899 0.0612925 0.0809833 0.0943702
internal_weight=0 452.903 404.038 46.2583 25.3539 13.7657 20.9044 5.99643 48.8649 14.6836 2.52743 1.13569 11.5882 4.11132 0.720057 3.5929 12.1562 2.13 1.12843 0.742871 357.78 12.4337 1.82881 340.97 270.868 75.314 41.659 13.1642 10.665 9.58865
internal_count=35304 34217 29697 3511 1932 1163 1579 287 4520 1505 239 113 769 258 71 161 1266 210 109 69 26186 1012 175 25451 20078 5209 3237 925 676 575
is_linear=0
shrinkage=0.05


Tree=82
num_leaves=31
num_cat=0
split_feature=19 21 0 19 15 14 38 40 3 21 0 3 19 14 38 9 2 38 15 15 38 3 15 34 19 15 24 16 0 0
split_gain=4.11566 9.66377 8.2665 5.2722 6.30387 8.4991 7.17189 6.25546 4.95969 4.35821 5.8346 7.58222 5.38772 4.54224 5.01989 4.19985 4.16795 4.15078 5.45971 4.62646 4.11197 4.37448 4.61522 3.92337 6.51381 8.9978 7.4571 6.34943 5.31902 4.12276
threshold=29.239780092592596 23.392488425925929 480.15500000000003 19.988211805555562 26593.000000000004 98798.775000000009 39.050000000000004 0.24996136382430595 0.63591393364361271 28.511250000000004 3080.3700000000003 -0.28351899661147534 23.408582175925929 36638.334999999999 50.95000000000001 3.5000000000000004 0.35858561188632904 154.95000000000002 8370.5000000000018 6319.5000000000009 63.150000000000013 0.34531914310334705 11733.500000000002 1.0000000180025095e-35 4.4207118055555563 84381.000000000015 25.679039351851856 1.5000000000000002 2906.1900000000001 18428.955000000005
decision_type=2 2 2 2 2 2 2 2 2 2 2 2 2 2 2 2 2 2 2 2 2 2 2 2 2 2 2 2 2 2
left_child=1 15 -3 -4 16 9 -7 -8 -9 10 11 -6 -13 14 -14 23 -5 20 19 -19 21 -18 -23 29 27 26 -26 -25 -27 -1
right_child=-2 2 3 4 5 6 7 8 -10 -11 -12 12 13 -15 -16 -17 17 18 -20 -21 -22 22 -24 24 25 28 -28 -29 -30 -31
leaf_value=-0.0028236089696592969 -0.011780867869035455 -0.03572889365608891 0.050005079674244807 0.06437585774945187 -0.011478614535594593 -0.0040790406561649365 -0.014497048464260781 0.18696027637579338 -0.010190570938787065 -0.015906039657338191 -0.019652480513495298 -0.021751937412729055 0.032287837437888295 -0.00045970977797135957 0.15389399582965785 0.037755957001509036 -0.024514200742384168 0.013793299545000854 -0.030038107119662844 0.1339321912503689 -0.044004801864511431 0.041756574609911029 -0.03357882181444518 -0.0008339290650221918 -0.036774999293163392 0.081611242771426798 0.05212293085349004 0.042214464776821031 -0.017993768735756404 -0.023882395722582404
leaf_weight=258.18753381120041 62.509840294718742 5.4996173135004929 14.12875162437558 1.3504696018062556 2.8437236123718348 1.1534475334919982 0.4017637595534328 1.5219989931210873 0.25142637593671668 5.4590535736642769 3.0931644756346932 0.7462784424424197 2.0113096074201167 1.004862788133323 2.4200453399680555 5.6661230269819489 8.1525655006989926 2.1124878409318621 1.4551937798969445 0.62296392070129503 6.5570274302735916 6.8561129113659245 1.9072940326295791 15.225200980901716 16.84889808297158 2.678988078609108 1.8258636719547201 18.471719271037728 1.6281203115358946 24.591457917355001
leaf_count=20325 6045 505 370 70 252 84 38 108 22 425 209 58 148 85 172 143 597 181 125 35 629 338 132 682 1417 202 96 763 93 816
internal_value=0 0.00188521 0.018748 0.023903 0.0156786 0.0359246 0.0992588 0.138083 0.165413 0.0192345 0.0350691 0.0539112 0.0813988 0.0967387 0.114806 -0.00155733 0.00037883 -0.00488226 0.0359395 0.0696833 -0.0133409 0.000337857 0.0236005 -0.00232251 0.00957568 -0.0106807 -0.0258758 0.0233006 0.0476638 -0.00473266
internal_weight=0 414.673 69.5496 64.0499 49.9212 20.9071 3.32864 2.17519 1.77343 17.5784 12.1194 9.02622 6.1825 5.43622 4.43135 345.124 29.0141 27.6636 4.19065 2.73545 23.473 16.916 8.76341 339.458 56.6788 22.9819 18.6748 33.6969 4.30711 282.779
internal_count=35165 29120 4583 4078 3708 1601 252 168 130 1349 924 715 463 405 320 24537 2107 2037 341 216 1696 1067 470 24394 3253 1808 1513 1445 295 21141
is_linear=0
shrinkage=0.05


Tree=83
num_leaves=31
num_cat=0
split_feature=19 23 12 34 21 21 14 33 19 21 41 14 15 19 21 19 28 0 15 14 34 33 3 3 33 33 19 19 40 40
split_gain=4.37538 4.81899 4.32574 3.91956 5.04074 5.40357 4.61142 3.55659 3.68342 3.4432 4.03207 3.45998 3.40946 4.34654 3.67932 4.51536 3.1045 3.0486 2.7485 2.62924 2.62012 2.44598 6.52007 4.7637 4.63575 3.16137 4.42505 3.44119 2.91173 2.84216
threshold=34.87191550925926 1.0000000180025095e-35 94732.095000000016 1.0000000180025095e-35 24.803362268518523 28.272054398148153 23463.225000000002 0.52086956521739147 23.914004629629634 41.245567129629642 1.0000000180025095e-35 7117.085 174817.50000000003 33.702372685185189 37.920746527777787 28.867309027777782 1.0000000180025095e-35 1288.0300000000002 6073.5000000000009 1661.9350000000002 1.0000000180025095e-35 0.077935222672064791 -0.29492658572323976 -0.34255911035749748 0.51668520578420474 0.15587044534412958 17.028998842592596 4.0000925925925932 1.8410081548765878 2.0459502751668266
decision_type=2 2 2 2 2 2 2 2 2 2 2 2 2 2 2 2 2 2 2 2 2 2 2 2 2 2 2 2 2 2
left_child=1 2 12 4 16 6 -6 8 -4 10 11 -2 14 19 21 -16 -3 -11 -7 20 -14 29 23 24 -23 26 27 -24 -26 -1
right_child=9 3 7 -5 5 18 -8 -9 -10 17 -12 -13 13 -15 15 -17 -18 -19 -20 -21 -22 22 25 -25 28 -27 -28 -29 -30 -31
leaf_value=-0.0010463206352961387 0.031258100766292131 -0.0090737384097831913 0.046587210108358534 0.042228255561094802 -0.014840563674925908 0.043962220227062761 0.12418035480712515 -0.029302471247092912 -0.024312653205722443 0.068968874194270446 0.045641149198919803 -0.033948599325211812 -0.015209679182813123 0.067405206159302775 0.072367316875901269 -0.026402202975920688 0.051941433466314371 -0.014348167401901792 -0.028505207370245686 -0.044068630784177595 0.066286898048026677 0.041102799851970628 -0.00063697761410447392 0.11732035194152751 -0.0385897973956177 -0.022082590320764487 -0.030709280302650133 0.099440737813621227 0.047054235849174189 -0.027229521763608613
leaf_weight=342.24819214036688 1.4519791770726538 21.086472979281105 10.376611742656676 10.933853863272814 0.52664901455864255 1.2602167986333372 1.5069785988889632 1.6857225019484747 1.5374476797878731 1.0889580682851367 1.0664021070115257 22.999484730884433 3.2622834416106321 0.27564714616164643 2.6031550574116404 1.0831293468363581 1.3057876541279245 1.7325662607327101 2.1123280939646065 9.548734095413236 0.28739310009405006 9.6989820664748532 1.4486839850433164 0.70601296517998235 3.1233886266127224 11.591626485809682 1.5321890725754199 1.0657980670221148 0.39155949279665936 9.6923384536057693
leaf_count=26007 169 1180 304 343 46 61 63 116 103 84 74 2587 399 24 54 95 26 125 170 756 20 428 60 24 197 745 129 71 8 729
internal_value=0 0.00155706 -4.59616e-05 0.018187 0.00759301 0.0467218 0.0951538 0.0266863 0.0362638 -0.0183687 -0.0242777 -0.0290005 -0.00102264 -0.024932 -0.000130067 0.043905 -0.00344734 0.0274408 0.00243487 -0.0315184 0.00450787 -0.000669235 0.0129037 0.0366132 0.0243505 -0.00913271 0.0249874 0.058007 -0.0207404 -0.00184251
internal_weight=0 450.891 412.159 38.7323 27.7984 5.40617 2.03363 13.5998 11.9141 28.3394 25.5179 24.4515 398.559 13.3741 385.185 3.68628 22.3923 2.82152 3.37254 13.0984 3.54968 381.499 29.5582 13.9199 13.2139 15.6383 4.04667 2.51448 3.51495 351.941
internal_count=35197 32158 30269 1889 1546 340 109 523 407 3039 2830 2756 29746 1199 28547 149 1206 209 231 1175 419 28398 1662 657 633 1005 260 131 205 26736
is_linear=0
shrinkage=0.05


Tree=84
num_leaves=31
num_cat=0
split_feature=3 5 12 14 12 24 3 15 0 15 31 15 0 36 14 3 24 0 13 15 34 0 3 15 13 12 34 17 40 40
split_gain=3.13224 4.23808 3.21939 4.14067 9.2087 10.2376 3.37401 5.75739 5.35016 6.32435 5.19984 8.7594 6.52131 6.89017 9.34227 6.80338 5.6599 5.83246 8.59758 8.06934 5.00656 5.00399 5.91246 15.9974 7.30043 8.79539 8.43219 8.5951 7.03875 6.76227
threshold=4.6584016898942666 1.0000000180025095e-35 52527.235000000008 255953.81500000003 11726.730000000001 17.034589120370374 -0.35289929181780261 11297.500000000002 320.06000000000006 83683.500000000015 15.500000000000002 6073.5000000000009 499.35000000000008 1.0000000180025095e-35 79465.265000000014 -0.44337661837674891 29.049270833333335 518.00000000000011 15.500000000000002 151.50000000000003 1.0000000180025095e-35 749.34000000000015 -0.10127898516340363 12156.000000000002 19.500000000000004 6523.9450000000006 1.0000000180025095e-35 6.5000000000000009 0.0044851470309864886 0.71821206848944852
decision_type=2 2 2 2 2 2 2 2 2 2 2 2 2 2 2 2 2 2 2 2 2 2 2 2 2 2 2 2 2 2
left_child=1 2 3 6 -5 -6 7 10 9 -9 11 16 -13 14 15 20 17 18 -1 -20 -14 -8 23 -23 25 26 27 -25 -27 -28
right_child=-2 -3 -4 4 5 -7 21 8 -10 -11 -12 12 13 -15 -16 -17 -18 -19 19 -21 -22 22 -24 24 -26 28 29 -29 -30 -31
leaf_value=-0.0054773735055476305 0.025621998992989378 -0.029961929534502902 -0.015736527505106204 -0.029191634195810785 -0.016983546940559365 0.08825914053014168 -0.017682533570066699 -0.0085952398535771874 -0.020262133055481031 0.068109595931341985 -0.011886733041242303 -0.0070406057570001779 0.17030984322428755 1.8266990830874678e-05 -0.02290243541895514 -0.016019950190621874 -0.036409092061274934 -0.0063322635610562582 0.0046439985187325186 0.10726598928153522 -0.011309139976219329 -0.013817162247715221 0.0049485974760527206 -0.012912580845330594 -0.011189161530731356 -0.016297148910714432 0.15395590825223265 0.079376250339664306 0.15821535078195664 -0.017329584257272726
leaf_weight=6.7427978930063563 13.473561951890586 9.157257027924059 21.533225646242499 3.8835274879820636 2.9825780410319549 6.222967772744596 19.890862982720137 7.5506608299911004 55.89495380083099 3.0193418585695326 25.140023136045784 2.7445184770040196 3.0651564178988342 1.9718239391222594 0.82507241889834393 0.46292241383343968 6.000557765364646 17.281161352526397 3.1512158382683992 4.2881601057015359 0.28678982658311714 12.94721679762006 228.01525746565312 6.847602728754282 2.9562284755520514 0.4752720645628864 1.4335568728856749 2.8013389664702117 2.8068094444461167 0.51161202834919084
leaf_count=358 135 156 1485 254 280 370 2024 598 5589 218 2023 231 239 187 78 42 518 1178 142 241 24 1001 16360 542 238 49 83 186 183 31
internal_value=0 0.00198931 0.00270176 0.00365902 0.0303282 0.0558377 0.0027516 -0.00361175 -0.0141192 0.0173086 0.00615381 0.0158867 0.0566072 0.0804811 0.108609 0.135901 0.00450975 0.0131948 0.0358386 0.0694978 0.155743 0.00591394 0.00778863 0.0280099 0.0574995 0.0709944 0.0435813 0.0188191 0.13504 0.118317
internal_weight=0 460.89 451.733 430.2 13.0891 9.20555 417.111 138.425 66.465 10.57 71.9602 46.8202 9.35628 6.61177 4.63994 3.81487 37.4639 31.4633 14.1822 7.43938 3.35195 278.686 258.795 30.7796 17.8324 14.8762 11.5941 9.64894 3.28208 1.94517
internal_count=35043 34908 34752 33267 904 650 32363 11666 6405 816 5261 3238 801 570 383 305 2437 1919 741 383 263 20697 18673 2313 1312 1074 842 728 232 114
is_linear=0
shrinkage=0.05


Tree=85
num_leaves=31
num_cat=0
split_feature=26 16 33 3 3 38 33 19 33 33 40 0 2 19 33 31 0 38 40 31 31 11 10 40 40 10 40 38 3 2
split_gain=3.52622 4.13855 3.33223 7.58558 5.02681 4.75611 4.53618 4.73835 4.26926 6.70572 3.70477 3.11927 3.03192 2.99106 3.1374 2.90061 2.56386 2.54215 2.51799 3.86038 2.95521 2.92816 5.49417 4.52356 4.48623 3.00228 7.77207 3.34951 3.6966 3.33223
threshold=1.0000000180025095e-35 1.5000000000000002 0.077935222672064791 -0.31897112467359762 0.24101137516795668 107.85000000000001 0.12701612903225809 15.911203703703706 0.52086956521739147 0.49528301886792458 0.097527895140098617 7701.2450000000017 1.6700231766618254 15.797488425925929 0.097619047619047633 12.500000000000002 49440.475000000013 183.45000000000002 1.0511279134985219 22.500000000000004 5.5000000000000009 8.5000000000000018 1387.4600000000003 0.088660163661069935 0.68834689313913511 2745.9550000000004 0.69558516846023555 64.350000000000009 0.20004677664228573 1.8919020767739523
decision_type=2 2 2 2 2 2 2 2 2 2 2 2 2 2 2 2 2 2 2 2 2 2 2 2 2 2 2 2 2 2
left_child=2 -2 18 5 -5 8 7 15 9 10 -4 17 -3 -12 -15 -6 -13 -8 20 -20 -1 25 23 -23 -25 -22 -27 28 -28 -29
right_child=1 12 3 4 6 -7 11 -9 -10 -11 13 16 -14 14 -16 -17 -18 -19 19 -21 21 22 -24 24 -26 26 27 29 -30 -31
leaf_value=0.030523065710430439 -0.01514309798308741 0.011789493399472412 -0.027184622575090196 -0.039027729367023069 0.11417481394860865 -0.015385876227698759 -0.038998312541567048 -0.020185136845919122 0.0014805512879100928 0.14487665787120785 0.065453668006222127 0.028310085461318121 0.1135491450521162 0.061049874389524111 -0.032323357427056484 0.0080712294830738371 -0.034557959879823449 0.028011197325002898 -0.01035466242604352 0.062745343611612964 -0.002488321676209946 0.10882916989867567 -0.016443905103648616 -0.024265912516833601 0.068558132829989557 -9.920252686187645e-05 0.10624923353539417 -0.03221072632721201 0.020924505071374971 0.061444371745835648
leaf_weight=7.139317844528704 1.6994341448880721 1.5624760878272357 1.1503492631018186 6.5587619538418975 1.357700054533783 3.0720816501416257 5.8818963537923974 1.1721574668772516 3.7464713552035382 1.2487152041867364 6.5847054636105877 6.7720402716659009 1.012678006198257 0.34770618705078993 1.708217231556773 1.1106608160771427 1.1473925448954103 1.0136729734949765 82.895630138926208 0.8610159158706655 289.25667276559398 1.5145585755817572 3.8027703952975571 2.3272785628214483 1.2003353992477057 28.274616401642561 2.6540682641789308 1.7428772840648892 2.8868001233786345 0.45282625453546632
leaf_count=150 98 84 94 532 38 238 401 87 224 58 154 300 28 23 126 46 30 54 6525 52 23534 110 178 143 55 1380 94 162 73 27
internal_value=0 0.0413057 0.000193506 0.0133138 -0.00456597 0.0372723 0.00905763 0.0522313 0.0484945 0.0630012 0.040101 -0.00418333 0.072374 0.0509495 -0.0017217 0.0825247 0.0163483 -0.0268476 -0.00115814 -0.00887176 0.000755474 3.02156e-05 0.0268963 0.0568949 0.0154853 -0.000780545 0.0126336 0.0538528 0.0717904 0.000287238
internal_weight=0 4.27459 467.881 42.8725 25.0143 17.8582 18.4555 3.64052 14.7862 11.0397 9.79098 14.815 2.57515 8.64063 2.05592 2.46836 7.91943 6.89557 425.009 83.7566 341.252 334.113 8.84494 5.04217 3.52761 325.268 36.0112 7.73657 5.54087 2.1957
internal_count=35098 210 34888 2405 1488 917 956 171 679 455 397 785 112 303 149 84 330 455 32483 6577 25906 25756 486 308 198 25270 1736 356 167 189
is_linear=0
shrinkage=0.05


Tree=86
num_leaves=31
num_cat=0
split_feature=20 15 38 39 38 15 38 40 13 40 21 21 15 38 13 17 3 2 38 0 13 17 24 14 21 39 38 15 2 40
split_gain=3.97181 3.54677 3.42961 5.90666 4.1822 3.83608 3.76818 4.89794 4.65518 4.75165 6.26901 6.90006 6.57898 8.23895 7.26348 5.69945 5.5789 7.7742 7.66177 5.55124 6.15466 5.40531 5.67292 7.76912 12.6914 11.1121 6.5294 4.6475 4.60618 4.98498
threshold=1.0000000180025095e-35 432.50000000000006 64.350000000000009 165.65000000000001 60.150000000000013 155298.50000000003 161.05000000000004 0.31282616967272303 38.500000000000007 1.0511279134985219 1.7931423611111115 6.2687268518518531 9915.5000000000018 133.55000000000004 14.500000000000002 5.5000000000000009 0.90139531082845969 1.3784005220032529 110.95000000000002 1076.4600000000003 16.500000000000004 8.5000000000000018 23.034079861111113 34838.470000000001 28.052719907407411 187.85000000000005 98.15000000000002 26593.000000000004 0.5696911657770799 0.65166411912415623
decision_type=2 2 2 2 2 2 2 2 2 2 2 2 2 2 2 2 2 2 2 2 2 2 2 2 2 2 2 2 2 2
left_child=1 -1 3 -2 5 -5 7 -4 9 10 -9 16 13 -13 15 -15 17 19 -19 20 -12 22 28 26 25 -25 -24 -28 29 -14
right_child=2 -3 6 4 -6 -7 -8 8 -10 -11 11 12 21 14 -16 -17 -18 18 -20 -21 -22 -23 23 24 -26 -27 27 -29 -30 -31
leaf_value=0.041046386296805938 0.0031677026083253134 -0.028878689117520912 -0.026911959607411131 0.032648307103086402 -0.034681145796054046 -0.037906300931281597 0.0061601265984510172 -0.029545641910181289 0.047868108728238212 -0.022776112343684405 0.005346079013909405 -0.042386764216619729 -0.021745370689220892 -0.014579604377702005 -0.026603522285921461 0.16812830911588278 -0.027042884372182236 0.21289266827994641 -0.013181604083374786 -0.0202124513412162 0.1482691629704031 -0.034642501824054844 -0.035762238979277598 0.2380699958796956 -0.0061117376877447786 -0.015084819336494214 -0.023003429686692365 0.093210923364192691 -0.011470992600304238 0.10812513895454062
leaf_weight=1.1603053594008113 253.85608304245397 15.158651158213614 26.826270167250186 32.361679715104401 1.953247986268251 1.2310544727370132 67.511978880967945 10.245349626988171 3.3546374742873004 24.740500227548182 1.6593670444563025 10.506668144371359 0.75137520302087668 0.40637745568528671 1.1135057276114819 0.37386817019432783 1.1379747823812065 0.51940849050879467 0.35120955808088183 2.3032826269045472 0.51057766005396832 3.0215459410101166 2.4206312289461485 0.90533738164231203 1.2613436798565087 0.41487509896978736 0.7645310242660347 1.7853912324644623 8.7693038955330831 0.89240766549482942
leaf_count=49 17175 1902 2637 872 111 56 5034 807 312 2463 143 1060 87 48 135 32 98 44 31 212 45 336 253 66 136 35 58 179 855 87
internal_value=0 -0.0218239 0.00256771 0.00588673 0.024687 0.0290417 -0.00300089 -0.00889172 -0.00244896 -0.00530525 0.00359664 0.0126279 0.00281576 -0.0248854 0.0533062 0.118232 0.0560378 0.0752039 0.1634 0.0313201 0.0751399 0.019571 0.0300349 0.0602365 0.116832 0.186302 0.0161977 0.0617024 0.0047725 0.0629902
internal_weight=0 16.319 461.95 289.402 35.546 33.5927 172.548 105.036 78.2095 74.8548 50.1143 39.869 33.3872 12.4004 1.89375 0.780246 6.48182 5.34385 0.870618 4.47323 2.16994 20.9867 17.9652 7.55211 2.58156 1.32021 4.97055 2.54992 10.4131 1.64378
internal_count=35358 1951 33407 18214 1039 928 15193 10159 7522 7210 4747 3940 3367 1275 215 80 573 475 75 400 188 2092 1756 727 237 101 490 237 1029 174
is_linear=0
shrinkage=0.05


Tree=87
num_leaves=31
num_cat=0
split_feature=15 33 40 13 33 24 21 24 15 39 14 24 21 0 0 17 2 24 17 17 39 3 14 0 0 2 17 0 2 12
split_gain=5.23497 3.90577 6.26472 5.99319 7.2838 5.6275 5.36154 4.96335 4.90559 4.8317 4.66338 4.85183 4.56412 5.35767 7.31365 4.80949 4.51792 3.87282 5.94041 8.49198 8.89759 6.18291 7.12155 6.96581 5.93984 7.65448 6.44414 7.07769 8.97297 12.5064
threshold=174817.50000000003 0.02409988385598142 1.9125174217886294 13.500000000000002 0.063508064516129045 10.56056712962963 1.3163020833333337 17.119913194444447 43.500000000000007 161.05000000000004 65076.790000000015 35.324913194444456 1.9196817129629633 3553.1000000000004 1200.4600000000003 1.5000000000000002 18.681431251286991 17.034589120370374 3.5000000000000004 6.5000000000000009 137.65000000000001 0.99897836208340618 53844.445 1401.2300000000002 594.29500000000019 0.72172702368467456 4.5000000000000009 1274.1850000000002 1.0136033989195277 3144.2750000000005
decision_type=2 2 2 2 2 2 2 2 2 2 2 2 2 2 2 2 2 2 2 2 2 2 2 2 2 2 2 2 2 2
left_child=1 6 3 5 10 -3 -1 -7 -6 -4 -5 -12 13 14 -8 -14 17 -17 -19 20 21 22 -20 -24 -22 -26 -27 -28 -29 -30
right_child=-2 2 9 4 8 7 12 -9 -10 -11 11 -13 15 -15 -16 16 -18 18 19 -21 24 -23 23 -25 25 26 27 28 29 -31
leaf_value=-0.012277927310486006 -0.02728017304236326 -0.0071752598555765799 0.094153081732692476 -0.0086144579422921929 0.064988257357325593 0.077195925160467291 -0.012307824303722899 0.018702467088524952 -0.030151329103750575 -0.010234041955531898 0.057247251163460224 -0.020645650125915144 0.078266269779107556 -0.0259659954203279 0.109476595299424 -0.0062392933191516764 0.048865591330621488 -0.033036465895772298 -0.023179550663849822 -0.0027812835374240656 0.088472257175951585 0.037648988142253224 0.10828939446262911 0.0038978199277746881 -0.027738825611625075 -0.011157825992298797 -0.0092449973784545624 0.1359642318490081 0.08453596192342154 -0.017302688806909123
leaf_weight=80.191046366468072 15.884762424509971 7.7556677144020822 2.8133906843140712 8.5452892859466392 0.52450002171099441 5.7327413489110759 1.6182837458327402 9.8248452115803939 19.560742576606572 1.3081481754779813 7.5234296829439682 2.043771977070719 1.014024145901202 1.5006654635071752 2.5014707921072841 136.01019350765273 3.7997616194188586 8.6271524257026595 20.247892595827583 87.702865283936262 4.5774178849533227 9.042944561224429 1.1750138076022256 6.3281990382820368 4.2463765866123167 4.4085647487081614 3.3215744867920902 2.9537385599687687 5.8270442220382375 4.8864641068503261
leaf_count=5969 1376 466 102 645 24 198 129 525 1293 95 382 164 83 77 122 10845 36 667 1756 6890 386 473 49 536 388 317 235 186 312 363
internal_value=0 0.00107057 0.0122583 0.00770077 -0.00454068 0.0271197 -0.000838829 0.043617 -0.0247025 0.0654922 0.0179398 0.0402285 0.00215223 0.0432256 0.0685782 0.00125413 0.000740051 -3.14724e-05 0.00514401 0.00747146 0.0207328 0.00396054 -0.0079448 0.0310583 0.0403721 0.0287879 0.0407434 0.0540832 0.069055 0.0405753
internal_weight=0 455.613 65.6325 61.511 38.1977 23.3133 389.981 15.5576 20.0852 4.12154 18.1125 9.5672 309.79 5.62042 4.11975 304.169 303.155 299.355 163.345 154.718 67.0152 36.7941 27.7511 7.50321 30.2212 25.6438 21.3974 16.9888 13.6672 10.7135
internal_count=35089 33713 3894 3697 2508 1189 29819 723 1317 197 1191 546 23850 328 251 23522 23439 23403 12558 11891 5001 2814 2341 585 2187 1801 1413 1096 861 675
is_linear=0
shrinkage=0.05


Tree=88
num_leaves=31
num_cat=0
split_feature=19 21 24 38 15 20 5 1 19 24 38 21 12 21 14 13 15 39 31 39 24 13 39 13 14 11 15 2 21 33
split_gain=5.03996 12.3887 7.07363 6.61607 6.07865 5.90166 5.00763 6.53483 4.82017 9.80616 7.25489 5.84395 5.65336 5.26429 4.683 4.6625 6.66488 4.62874 4.47714 7.14292 5.53155 6.641 6.87725 8.34793 9.50267 5.69226 4.99511 5.37633 4.74946 6.07628
threshold=4.9688136574074084 3.3163194444444448 16.386087962962968 442.30000000000001 260737.50000000003 1.5000000000000002 1.0000000180025095e-35 10.034908422013215 13.648599537037038 27.22579282407408 16.050000000000004 16.821122685185191 5318.3650000000007 17.232853009259262 19817.810000000001 22.500000000000004 14437.500000000002 114.55000000000001 13.500000000000002 53.050000000000004 25.191388888888891 22.500000000000004 47.150000000000013 17.500000000000004 7501.0100000000011 3.5000000000000004 5384.0000000000009 1.3196388058447253 34.264976851851863 0.032522474881015347
decision_type=2 2 2 2 2 2 2 2 2 2 2 2 2 2 2 2 2 2 2 2 2 2 2 2 2 2 2 2 2 2
left_child=1 6 3 -2 8 -6 7 -1 9 10 -4 12 15 -11 -5 -12 -17 -14 20 -20 -10 22 23 24 -22 -24 -27 -28 -21 -30
right_child=2 -3 4 14 5 -7 -8 -9 18 13 11 -13 17 -15 -16 16 -18 -19 19 28 21 -23 25 -25 -26 26 27 -29 29 -31
leaf_value=0.00055572757236980899 -0.014176925192076584 0.027786996389865027 -0.033420573130950364 0.11099005830233447 0.11792421532524858 -0.021743275560659501 0.034237098402605415 -0.045733031638854442 -0.02662665065290002 -0.038437184146395798 0.061768291509084555 -0.00085504507362511818 0.058870939169163354 0.045425398931057959 -0.0072971978151436471 0.012415790338428297 0.23923767295878579 -0.027668848639170348 -0.025485632386133845 0.019797401656852145 0.11390185835246158 -0.030626539294024147 -0.0090295230546986651 0.12214058425412777 -0.031271426099359588 -0.0050597916841123858 0.11990109306522717 0.0010978597049309548 -0.024135748340990887 0.057218096210312458
leaf_weight=109.76511594559997 98.642664330080152 59.29552696691826 1.9117068788036764 0.85185982752591316 1.2121685091406096 0.74201169051229943 8.9766505416482669 7.192135104443877 26.808569442015141 6.6947875884361547 5.4755440684966725 3.3566370033659032 2.5238612769171596 1.5577195174992082 1.3169777076691387 0.57441510260105122 0.38145420653745532 1.9472695295698939 12.845663676504044 60.160951048601419 0.52327835140749757 11.419354693964122 25.842755143065006 1.8636509729549287 3.3688568449579179 3.1693418812938026 1.6401094803586604 1.5187555220909414 12.908961425535379 1.7747704666107882
leaf_count=8672 8990 2290 152 38 64 55 83 220 2258 439 235 159 72 39 102 29 23 125 1213 4560 52 1039 2110 115 282 184 139 104 1381 160
internal_value=0 0.00914951 -0.0013799 -0.0120222 0.00429352 0.0754833 0.000224334 -0.00265432 0.00315968 0.0234161 0.0451285 0.0571595 0.073592 -0.0194089 0.0595267 0.100927 0.178971 0.0230127 1.64471e-05 0.0076787 -0.00879163 0.00123414 0.0113674 0.0572327 0.00753942 0.00168352 0.040695 0.0767799 0.0136317 -0.0112815
internal_weight=0 185.229 291.034 100.812 190.223 1.95418 125.934 116.957 188.268 24.4234 16.1709 14.2592 10.9025 8.25251 2.16884 6.43141 0.955869 4.47113 163.845 87.6903 76.1547 49.3461 37.9267 5.75579 3.89214 32.171 6.32821 3.15887 74.8447 14.6837
internal_count=35384 11265 24119 9130 14989 119 8975 8892 14870 1273 795 643 484 478 140 287 52 197 13597 7314 6283 4025 2986 449 334 2537 427 243 6101 1541
is_linear=0
shrinkage=0.05


Tree=89
num_leaves=31
num_cat=0
split_feature=15 15 36 38 15 31 20 24 24 3 15 12 33 19 18 19 24 39 39 1 24 24 12 31 31 16 38 39 31 15
split_gain=3.91754 9.88414 9.37172 11.4262 6.31052 6.12341 6.07058 5.54835 9.48084 7.47543 4.51235 4.46498 4.30127 4.12768 6.97332 6.88835 6.89251 5.53968 8.38005 5.1116 10.3734 8.59142 7.74273 4.84214 4.3389 4.66743 4.31836 6.12858 4.0949 4.0399
threshold=9724.5000000000018 7930.5000000000009 1.0000000180025095e-35 1.0000000180025095e-35 23491.000000000004 18.500000000000004 2.5000000000000004 10.855173611111114 21.046747685185188 1.3186307324003761 8370.5000000000018 2083.5650000000005 0.02409988385598142 24.09822916666667 1.0000000180025095e-35 29.239780092592596 30.194548611111113 130.05000000000004 180.75000000000003 7.5389313054132296 33.205995370370381 39.178206018518523 892.5350000000002 9.5000000000000018 9.5000000000000018 2.5000000000000004 161.05000000000004 251.25000000000003 11.500000000000002 2231.5000000000005
decision_type=2 2 2 2 2 2 2 2 2 2 2 2 2 2 2 2 2 2 2 2 2 2 2 2 2 2 2 2 2 2
left_child=1 12 3 5 11 6 -3 -5 9 -9 -10 -2 -1 14 -6 17 -17 -15 24 20 -18 -22 -23 -24 -19 -26 -20 -28 -4 -14
right_child=4 2 28 7 13 -7 -8 8 10 -11 -12 -13 29 15 -16 16 19 18 26 -21 21 22 23 -25 25 -27 27 -29 -30 -31
leaf_value=-0.0012340434691517532 -0.037303757534598768 0.18961897481609336 0.051801364422851021 -0.010661893472083944 -0.0096714190287044404 -0.014131164993611799 -0.011794563226908472 0.14510104958130343 0.061555456083268456 -0.0085724840762695931 -0.025000205644107893 -0.0083097255216075996 0.031341280779882012 0.0062845023024786133 0.014437575857397758 -0.043720839448978574 0.10049785551406534 0.0016461538963456577 -0.034329394610465143 -0.013742203663526598 -0.034357589965964143 -0.026423675995958136 -0.014240051844069852 0.14722517459488951 0.13710643273808118 -0.014023343427821293 0.11275482288653599 -0.006400039026947699 -0.028215801360268185 -0.0033214222880380314
leaf_weight=159.50604020152241 17.363405162002891 1.7262241267599199 1.1213525198400009 4.4187844344414753 101.59662542724982 0.38643508683890093 0.30373545782640565 2.3148454516194765 1.3014643285423515 0.89941539149731387 3.3853575056418777 51.160041706170887 20.822212275117636 8.6424426762387174 41.407234224490821 6.3330094702541855 2.9680321458727139 0.91932852799072673 2.0792608130723238 9.3571187709458155 5.2364969351328909 1.0952604468911888 0.39076718268916 1.0226720720529554 3.3893439574167137 0.38095726305618871 0.83784253662452135 2.3736320734024048 5.7364818481728435 13.385676925536243
leaf_count=10996 1575 124 66 331 8821 33 27 160 86 24 245 4362 732 719 2172 651 261 72 179 898 649 118 36 87 225 32 61 154 416 874
internal_value=0 0.0059121 0.0372111 0.0585233 -0.00321541 0.141077 0.165536 0.0329555 0.0558064 0.11027 0.00563282 -0.0160875 0.00224988 0.00153583 -0.0026388 0.0145638 -0.00203654 0.0370041 0.0606106 0.0125673 0.0347579 0.0009546 0.0634478 0.115182 0.102924 0.122097 0.0127052 0.0440782 -0.0102046 0.0180685
internal_weight=0 215.308 21.5941 14.7363 256.553 2.41639 2.02996 12.3199 7.90108 3.21426 4.68682 68.5234 193.714 188.03 143.004 45.0262 26.4034 18.6228 9.98037 20.0703 10.7132 7.7452 2.5087 1.41344 4.68963 3.7703 5.29074 3.21147 6.85783 34.2079
internal_count=35186 14114 1512 1030 21072 184 151 846 515 184 331 5937 12602 15135 10993 4142 2700 1442 723 2049 1151 890 241 123 329 257 394 215 482 1606
is_linear=0
shrinkage=0.05


Tree=90
num_leaves=31
num_cat=0
split_feature=15 15 36 17 19 21 40 40 39 19 12 12 21 0 40 2 12 15 24 40 40 3 19 11 3 20 21 17 31 3
split_gain=4.67165 8.19425 8.72182 6.00272 5.06295 6.97768 5.49755 7.62886 7.84644 6.25248 5.87139 5.7756 5.73187 5.38557 5.93083 8.61676 8.50087 4.72767 6.38081 6.49823 8.27397 10.8684 6.36222 8.48564 6.32949 6.02809 5.97808 5.48941 5.44522 5.77968
threshold=9724.5000000000018 7930.5000000000009 1.0000000180025095e-35 4.5000000000000009 34.212112268518524 32.354155092592599 0.71240845165647937 0.74444342497990046 49.550000000000004 9.1286168981481506 8822.4300000000021 9238.9400000000023 18.96125578703704 758.59500000000014 0.70693232270049544 1.4064255448035927 13802.615000000002 26593.000000000004 24.100549768518523 0.54289272674367295 0.32318355803471577 0.37730365570440627 10.797089120370371 6.5000000000000009 -0.95919502539795343 2.5000000000000004 9.3503125000000029 3.5000000000000004 14.500000000000002 -0.44337661837674891
decision_type=2 2 2 2 2 2 2 2 2 2 2 2 2 2 2 2 2 2 2 2 2 2 2 2 2 2 2 2 2 2
left_child=1 4 3 -3 5 6 9 10 11 12 -8 -9 -1 -7 15 16 -15 -2 22 20 28 24 23 26 -22 -26 -19 -28 29 -20
right_child=17 2 -4 -5 -6 13 7 8 -10 -11 -12 -13 -14 14 -16 -17 -18 18 19 -21 21 -23 -24 -25 25 -27 27 -29 -30 -31
leaf_value=0.0022881999237243803 -0.013451375622907614 -0.010026729783859958 -0.011699407193233506 0.068281876313084522 -0.028616940292987864 -0.029468912362958944 0.11096870944343147 -0.016514015763371668 0.0067820834067791394 -0.017169996761128393 -0.016110159837157325 0.1464025350912718 0.056099430724592052 0.19060056620158106 0.0069883355136681983 0.0092075349819301482 -0.011954454604289413 -0.0075987870633316386 -0.020752074647613753 -0.0023837342303238735 -0.0015060750589785581 0.0021947643514339675 -0.020962859781503231 0.09096251996479135 0.14913219294072821 -0.015347231097294073 -0.031409347613722209 0.037302208918390367 -0.021558968169759132 0.043253593709353874
leaf_weight=60.455033361446112 72.900778563693166 2.6894561988301602 6.5745213092304757 12.781864791642873 10.36060717422515 1.2584020136855523 2.3602221296168859 0.52317627705633529 60.678449661005288 45.835718225222081 0.93311808165162791 0.74956787051633 4.4003502624109379 1.4739131778478625 2.9891450176946819 1.8541816622018812 0.51296623283997167 58.806693990714848 4.0451110792346325 31.233546726405621 1.0473338658921418 3.9655360113829374 41.264967123512179 1.6558592105284322 3.6470204559154791 0.43383528245612968 2.774709076620641 14.445408207364379 7.2857606192119411 12.94119802163914
leaf_count=3623 6346 217 461 798 1125 111 110 39 3712 3458 53 29 40 77 160 71 35 4751 414 2358 96 256 3989 95 243 40 131 652 635 975
internal_value=0 0.00718309 0.0353834 0.0548868 0.00382007 0.00579107 0.00356311 0.0149602 0.0103143 -0.00322847 0.0795969 0.101634 0.00673564 0.0485275 0.0648259 0.0990945 0.151811 -0.00277213 0.00151934 0.01405 0.0290553 0.0672526 -0.00534635 0.00311011 0.108993 0.132067 4.06139e-05 0.0251144 0.0126495 0.027705
internal_weight=0 216.431 22.0458 15.4713 194.385 184.024 175.936 65.2445 61.9512 110.691 3.29334 1.27274 64.8554 8.08861 6.83021 3.84106 1.98688 256.448 183.547 64.5993 33.3658 9.09373 118.948 77.6827 5.12819 4.08086 76.0268 17.2201 24.2721 16.9863
internal_count=35100 14119 1476 1015 12643 11518 11064 3943 3780 7121 163 68 3663 454 343 183 112 20981 14635 5017 2659 635 9618 5629 379 283 5534 783 2024 1389
is_linear=0
shrinkage=0.05


Tree=91
num_leaves=31
num_cat=0
split_feature=19 31 21 16 34 3 13 38 35 19 36 3 17 17 10 3 13 13 20 13 19 38 21 0 3 21 31 3 13 38
split_gain=3.42332 6.90871 7.86088 5.00432 4.55921 4.40704 5.5785 4.26422 7.19938 6.83721 5.50576 6.36364 4.22337 4.34291 4.09782 3.91471 4.74322 4.47081 4.28743 4.48073 6.75486 7.56537 6.56515 10.1611 4.80184 4.50175 8.71238 6.28332 6.70676 5.66212
threshold=4.4207118055555563 20.500000000000004 3.3163194444444448 1.0000000180025095e-35 1.0000000180025095e-35 0.38741146839462365 3.5000000000000004 11.850000000000003 1.0000000180025095e-35 1.769155092592593 1.0000000180025095e-35 1.2260553863924313 1.5000000000000002 7.5000000000000009 1486.1750000000002 0.33443838644115537 11.500000000000002 28.500000000000004 2.5000000000000004 26.500000000000004 20.996261574074079 50.45000000000001 22.934369212962967 694.71000000000015 -0.34255911035749748 24.967916666666671 13.500000000000002 -0.17978419614116445 14.500000000000002 133.55000000000004
decision_type=2 2 2 2 2 2 2 2 2 2 2 2 2 2 2 2 2 2 2 2 2 2 2 2 2 2 2 2 2 2
left_child=1 2 7 -4 -3 15 -7 8 9 10 -1 12 -12 14 -14 17 -17 18 19 22 21 -21 -2 -24 -23 -25 27 29 -29 -27
right_child=5 4 3 -5 -6 6 -8 -9 -10 -11 11 -13 13 -15 -16 16 -18 -19 -20 20 -22 24 23 25 -26 26 -28 28 -30 -31
leaf_value=0.023690750052907772 -0.0037452736055646977 0.013135900650475336 -0.017246384488004862 0.026433491166284503 0.068245335685741162 0.073791432498507267 -0.010521484992322576 -0.0094238186938952334 -0.013447231781612591 -0.035945631193203591 -0.012716789586731336 -0.0075675998289821871 0.17979747567706397 -0.0046565186781591999 -0.0091009289757645485 -0.028607107520608795 0.061889471053164336 -0.018259997880088422 -0.013404923449862563 -0.00093968614953704249 -0.017121135168528749 0.16680694793533762 -0.015906209987184922 0.068182696713498678 -0.011731107691035792 -0.0055436940500337819 -0.0011278568058497591 0.021454427490034206 0.12617770886736185 0.079709679091772512
leaf_weight=11.970065337605776 66.651719628367573 9.1518642734736186 6.9735363321378818 43.731225125491619 6.1780444444157174 1.0078179165720929 114.71135825663805 81.030496124178171 15.083979620598255 2.3974870517849913 0.33641164423897851 1.1050937003456054 1.6598542090505364 0.38702529203146685 0.21761728497222055 1.2972457660362113 4.5236664828844368 22.892161784693599 25.23427104530856 1.4676157454960042 1.9613464656285939 1.2430645693093536 14.014255682937799 6.6169725139625362 0.30286829313263286 6.7089204736985248 17.061812055297196 3.1628676340915289 3.2377247465774417 1.680242854170501
leaf_count=736 5660 428 286 1520 187 79 8562 5369 1868 189 37 31 134 26 16 124 350 2191 2558 109 186 77 1457 376 35 550 1480 264 240 138
internal_value=0 0.00712769 0.00402958 0.0202087 0.0381644 -0.00160643 -0.00916127 -0.00326779 0.0116118 0.0321343 0.0440775 0.0908987 0.123219 0.141123 0.162349 0.0033272 0.0404842 0.001845 0.00502775 0.00885272 0.0511899 0.0888381 0.00667339 0.0197274 0.14096 0.032783 0.0235773 0.0503443 0.0843201 0.0182024
internal_weight=0 180.223 164.893 50.7048 15.3299 293.776 115.719 114.188 33.1575 18.0736 15.6761 3.706 2.60091 2.2645 1.87747 178.057 5.82091 172.236 149.344 124.109 4.9749 3.01355 119.135 52.4828 1.54593 38.4685 31.8516 14.7898 6.40059 8.38916
internal_count=35263 10827 10212 1806 615 24436 8641 8406 3037 1169 980 244 213 176 150 15795 474 15321 13130 10572 407 221 10165 4505 112 3048 2672 1192 504 688
is_linear=0
shrinkage=0.05


Tree=92
num_leaves=31
num_cat=0
split_feature=13 41 3 21 19 31 40 39 20 38 24 39 2 47 39 38 2 3 2 38 21 38 14 24 39 24 3 12 1 1
split_gain=2.98229 2.93689 3.42398 4.80718 5.09137 4.0664 3.09654 7.54667 6.5054 9.63378 7.77901 6.78532 6.74671 5.15524 4.93129 7.60647 7.36187 9.2992 7.2563 6.56337 6.10272 5.42501 7.25617 5.39875 5.33351 5.44861 5.78397 5.17959 5.13183 7.10442
threshold=1.5000000000000002 1.0000000180025095e-35 -0.75446777901007034 4.6232118055555569 10.093015046296298 10.500000000000002 1.1489927532088655 161.05000000000004 1.5000000000000002 60.150000000000013 31.541979166666668 126.45000000000002 2.2007905464206332 1.0000000180025095e-35 145.75000000000003 84.65000000000002 0.78729537720922893 0.24101137516795668 2.1453730025006843 32.550000000000004 0.21225115740740744 154.95000000000002 34040.570000000007 34.888709490740744 161.05000000000004 33.068182870370372 0.38741146839462365 62099.650000000001 6.8213746103462167 7.3145095557496331
decision_type=2 2 2 2 2 2 2 2 2 2 2 2 2 2 2 2 2 2 2 2 2 2 2 2 2 2 2 2 2 2
left_child=-1 6 -3 -4 -5 -6 14 8 9 -8 11 -11 13 -13 27 16 -16 19 -19 -18 -21 24 28 -22 -17 -26 -27 -2 -23 -30
right_child=1 2 3 4 5 -7 7 -9 -10 10 -12 12 -14 -15 15 21 17 18 -20 20 23 22 -24 -25 25 26 -28 -29 29 -31
leaf_value=-0.027920283756412798 -0.0041279646875013471 0.04162875899944684 -0.03837910343026809 0.050865578582349413 0.041014004081400678 -0.030296587639849215 0.00021382855918822844 -0.029611087417314105 -0.020393130067792458 0.0053710666179938695 -0.029084813599833632 0.16001678088497717 -0.0067654611167646695 -0.012590394709423448 -0.0046034862671583019 0.023244484505465044 -0.0047950304317526272 -0.01036116689281982 0.042231502054680618 -0.022366367842172108 0.11043716591568689 -0.0040839417832959921 -0.010786745467980651 -0.018902370334681378 -0.029961098433786561 0.066804328447695654 -0.033013957737189924 0.028929009648512555 0.074739133345331263 0.016127865454233163
leaf_weight=7.7901835450902572 210.56610561348498 8.5425081951543707 3.9995865453965989 5.5768615482375008 1.9391742809675632 5.3840533983893692 22.208673456683758 26.481001693988219 17.189436472486705 2.014151982497423 1.3475922741927204 2.7928240015171477 0.81160677736625064 0.33172247698530544 14.858474388252942 7.3040359341539434 2.1592434928752473 11.595110345166178 13.194771557115017 0.76988567179068823 7.9044547798112017 9.7440512930043024 21.836168687324971 0.59347167285159219 27.466027561109517 2.413052766583859 1.7157755182124672 11.558173694182186 7.7138623087666955 14.585925942752509
leaf_count=846 16835 319 144 136 86 335 1380 2329 1418 197 145 266 39 35 780 711 77 648 305 52 329 953 1738 56 2742 285 165 609 509 794
internal_value=0 0.00147872 0.0176624 0.00389887 0.0188249 -0.00875474 0.000503134 -0.00881563 0.00335092 0.0173984 0.0633657 0.0854756 0.117073 0.143082 0.00238535 0.0095642 0.024858 0.0367439 0.0181841 0.0723042 0.0889845 0.000969578 0.0111594 0.100365 -0.0130706 -0.0219214 0.0269746 -0.00228591 0.0259884 0.03874
internal_weight=0 464.598 25.4422 16.8997 12.9001 7.32323 439.156 73.177 46.696 29.5066 7.2979 5.95031 3.93615 3.12455 365.979 143.854 51.0754 36.2169 24.7899 11.4271 9.26781 92.7789 53.88 8.49793 38.8989 31.5949 4.12883 222.124 32.0438 22.2998
internal_count=35263 34417 1020 701 557 421 33397 5809 3480 2062 682 537 340 301 27588 10144 2247 1467 953 514 437 7897 3994 385 3903 3192 450 17444 2256 1303
is_linear=0
shrinkage=0.05


Tree=93
num_leaves=31
num_cat=0
split_feature=20 19 21 38 2 15 2 40 40 5 17 38 31 0 33 5 21 15 15 19 38 24 24 24 15 17 16 20 17 24
split_gain=6.15997 3.41766 6.73772 8.11752 5.95954 5.7095 6.52041 5.30635 5.99589 5.02636 4.85576 5.20563 4.50178 4.87999 4.71224 4.34602 4.33782 4.19009 4.88135 4.24464 3.89728 3.88152 3.82652 8.09777 7.86758 7.52619 8.06637 6.12467 5.47974 5.20233
threshold=1.0000000180025095e-35 4.8845254629629631 3.3163194444444448 36.650000000000013 1.3864714171529346 78286.500000000015 1.8723181680582281 0.47792376558425648 1.1934050327529648 1.0000000180025095e-35 9.5000000000000018 24.950000000000003 20.500000000000004 11519.865000000002 0.33771929824561409 1.0000000180025095e-35 2.2861863425925928 24167.000000000004 48712.500000000007 0.77240162037037041 171.35000000000005 30.285543981481485 25.191388888888891 26.324704861111115 137900.50000000003 7.5000000000000009 1.0000000180025095e-35 1.5000000000000002 4.5000000000000009 38.76815393518519
decision_type=2 2 2 2 2 2 2 2 2 2 2 2 2 2 2 2 2 2 2 2 2 2 2 2 2 2 2 2 2 2
left_child=-1 2 3 16 10 6 7 -6 -9 17 -4 -12 14 -14 15 22 -2 -5 19 20 21 -19 -3 25 -25 26 -24 29 -28 -26
right_child=1 12 4 9 5 -7 -8 8 -10 -11 11 -13 13 -15 -16 -17 -18 18 -20 -21 -22 -23 23 24 27 -27 28 -29 -30 -31
leaf_value=-0.029441772227157589 0.022245870245404413 -0.002945288023711269 -0.0011910469349322762 -0.02627937010863874 0.023560596883898697 -0.0066889006810946427 0.0309390760391277 0.17330682159243083 0.0082575659747010418 0.031442218314109018 0.12537574170037663 0.0078631254130235913 -0.038437159589403316 0.025484238082797695 -0.032926274426869066 -0.046519153137891192 -0.02222231170581454 0.11052492085998496 -0.010122002337301164 -0.026965541283601929 -0.020085685751907237 -0.016577446812999795 -0.026348313894545131 0.00073872642424287682 0.10533876730848678 -0.012557986894571502 -0.0060732541964796192 -0.0076169420339151726 0.12193502987005606 -0.020288934015882679
leaf_weight=15.500065740197895 38.725880643352866 152.23959254939109 28.538280015345666 35.176115721464157 2.1843253360129955 5.3418092550709835 15.784224175848065 1.667180479038507 0.82467079022899259 5.3737926827743641 0.66213967092335169 2.5177333513274789 13.645596607122572 3.0031201918609431 9.4823825787752849 3.6762756844982496 5.5404304834082714 2.0735523537732696 20.3649507984519 1.0228639966808257 0.64190392149612296 0.45350052183493961 1.0765976407565157 89.633288626093417 3.4497710620053104 2.8552542650140822 0.88554441789165128 2.4943234845995903 4.238110865931958 0.65890682628378261
leaf_count=1955 2188 13302 1369 2629 105 148 337 84 43 47 16 57 1280 186 783 84 340 121 1564 68 39 25 81 7397 256 220 55 230 233 55
internal_value=0 0.00165766 0.00732615 -5.4107e-07 0.0210196 0.0383999 0.0499348 0.0973071 0.136692 -0.0111706 0.00613943 0.0564736 -0.00164873 -0.0261163 -5.3278e-05 0.0012611 0.0163122 -0.0154588 0.000462748 0.0439311 0.0677939 0.0894823 0.00212047 0.00940375 0.00488926 0.0521236 0.0795171 0.0537235 0.102432 0.0851641
internal_weight=0 454.232 166.893 109.373 57.5204 25.8022 20.4604 4.67618 2.49185 65.1067 31.7182 3.17987 287.339 16.6487 270.69 261.208 44.2663 59.7329 24.5568 4.19182 3.16896 2.52705 257.531 105.292 96.2363 9.05551 6.20025 6.603 5.12366 4.10868
internal_count=35297 33342 9180 7021 2159 717 569 232 127 4493 1442 73 24162 1466 22696 21913 2528 4446 1817 253 185 146 21829 8527 7938 589 369 541 288 311
is_linear=0
shrinkage=0.05


Tree=94
num_leaves=31
num_cat=0
split_feature=21 19 31 11 31 2 31 13 13 21 40 0 12 19 40 38 35 40 31 39 0 40 3 2 40 38 38 40 40 0
split_gain=5.07612 9.40911 8.26788 6.1737 4.42243 4.29344 5.97961 4.14327 4.12703 3.90225 8.75404 4.59001 3.8455 4.00963 3.72561 3.65185 3.43283 3.56349 6.03956 5.46477 5.96837 8.13926 11.4776 16.4173 11.0708 7.24026 6.23542 5.97887 5.80391 4.90998
threshold=3.3163194444444448 4.8845254629629631 20.500000000000004 7.5000000000000009 5.5000000000000009 1.3864714171529346 15.500000000000002 9.5000000000000018 24.500000000000004 3.9350057870370376 0.059951114033162257 1301.3000000000002 1672.4850000000004 0.88125000000000009 1.2153318481347195 44.95000000000001 1.0000000180025095e-35 1.1489927532088655 17.500000000000004 145.75000000000003 4009.8850000000007 0.43139727784315884 0.26109326460773347 1.1293861179578433 0.47210012332807422 77.050000000000011 156.75000000000003 0.093120113074044747 0.055113197309053126 1187.4650000000004
decision_type=2 2 2 2 2 2 2 2 2 2 2 2 2 2 2 2 2 2 2 2 2 2 2 2 2 2 2 2 2 2
left_child=2 5 3 4 -1 8 14 12 9 10 11 -2 13 -4 -7 -10 17 18 19 -3 21 25 23 26 -24 27 -23 28 -21 -29
right_child=1 16 7 -5 -6 6 -8 -9 15 -11 -12 -13 -14 -15 -16 -17 -18 -19 -20 20 -22 22 24 -25 -26 -27 -28 29 -30 -31
leaf_value=0.02028104771800808 0.17928233453817016 -0.00048169977015550061 0.13969158574771273 0.031816030166091212 -0.017767172798376408 0.026546091033708974 0.066515427493969853 0.0059477541124362014 0.083820242074908 -0.0058617326999034595 -0.0069193872178180005 -0.011011392462753955 0.016347527596506279 -0.01295850118215401 -0.033753195271472629 -0.0025924949713338513 0.054570095424697422 -0.011728366079904406 -0.012806349525167815 0.0025837444086643717 -0.0076769165192021819 0.065069078532078439 0.11151321350914503 0.19394622946280182 -0.021111187082997342 -0.014892495485988068 0.0057589619960837224 -0.036684249471954623 0.14755527359036019 0.039969849983805948
leaf_weight=7.4606482461094847 0.30731781525538027 108.58785030432045 1.0944622936658546 6.6583034419454625 97.082083155401051 13.62317236652598 9.7087852074764651 6.6780660371296108 2.1725458335131398 23.841531018260866 2.6519176242873073 0.27424416784197092 2.4944495605304837 0.34258892759680737 2.2116677425801745 1.8944337661378083 1.8963775453157712 52.902756425784901 49.494133940897882 1.1158510772511383 18.123086971696466 12.314074080437431 0.85110687930136819 1.2422715192660678 9.4974990524351579 17.191989082843065 6.9559653801843515 2.5195399830117822 0.97958954796195019 4.2386845061555505
leaf_count=220 24 9100 67 351 7799 362 288 266 58 1062 175 19 112 26 75 90 78 4757 4244 46 1312 992 64 71 805 1709 635 160 36 155
internal_value=0 0.00410407 -0.00773077 -0.0118305 -0.0148854 0.0225354 0.0373756 0.0325571 0.00957887 0.00176186 0.04608 0.139323 0.0673844 0.112915 0.0166193 0.0510007 0.000409761 -0.000138221 0.00253093 0.00671207 0.0169928 0.0248462 0.0418017 0.0626168 -0.00133865 0.00395329 0.045 0.0383455 0.0961303 0.0103474
internal_weight=0 344.596 121.811 111.201 104.543 56.6856 25.5436 10.6096 31.142 27.075 3.23348 0.581562 3.9315 1.43705 15.8348 4.06698 287.911 286.014 233.112 183.618 75.0297 56.9066 30.8609 20.5123 10.3486 26.0457 19.27 8.85367 2.09544 6.75822
internal_count=35158 26317 8841 8370 8019 2153 725 471 1428 1280 218 43 205 93 437 148 24164 24086 19329 15085 5985 4673 2567 1698 869 2106 1627 397 82 315
is_linear=0
shrinkage=0.05


Tree=95
num_leaves=31
num_cat=0
split_feature=2 0 2 3 14 39 38 3 10 10 0 14 38 31 19 21 0 14 11 40 38 40 16 3 0 38 3 21 14 5
split_gain=4.77521 6.70327 6.59317 10.6616 11.046 7.38566 6.45468 6.55575 6.09968 5.61544 5.17464 4.86511 4.86405 3.8519 3.48442 7.68945 5.54544 6.69741 4.97197 6.18469 6.01661 5.44985 8.12698 7.17944 4.70683 4.40848 4.40084 4.36735 4.25557 3.97881
threshold=1.8320688648099643 1415.4550000000002 1.32966616350894 0.43304509495984228 68152.785000000018 128.65000000000001 95.450000000000017 1.2939814117005641 799.04500000000019 180.32500000000002 527.96500000000015 6932.3400000000011 197.45000000000002 18.500000000000004 30.103443287037042 29.081539351851855 12709.080000000002 154320.10500000001 3.5000000000000004 0.12525581622646839 71.65000000000002 0.50444278182467528 1.5000000000000002 1.6835916897396341 1777.4850000000004 14.65 4.6584016898942666 19.777152777777783 7117.085 1.0000000180025095e-35
decision_type=2 2 2 2 2 2 2 2 2 2 2 2 2 2 2 2 2 2 2 2 2 2 2 2 2 2 2 2 2 2
left_child=2 6 3 11 12 8 7 9 -6 13 -4 -1 -5 -2 15 16 17 18 19 -3 24 22 -22 27 -21 -26 -18 -24 -16 -28
right_child=1 14 10 4 5 -7 -8 -9 -10 -11 -12 -13 -14 -15 28 -17 26 -19 -20 20 21 -23 23 -25 25 -27 29 -29 -30 -31
leaf_value=-0.020876526126291456 0.15935694490107558 -0.014059356552307112 0.073060597934733559 -0.023299420931735339 0.2377742338987392 -0.013308858126025547 -0.01547099187916688 0.0056638076895952853 -0.0089996988761906864 -0.015601855800291692 -0.01832771235871623 0.0027602568178833127 0.084325178148118171 -0.010108843908802474 0.072201888476362441 0.048824264638121541 -0.021848019321781997 0.080013422363128764 -0.012057597045268723 -0.027278628485352448 -0.015710030726236193 -0.023166931272235795 0.18128581820657286 -0.0084389965832859428 -0.027625360335375021 0.055450792141770414 -0.0093403178772893929 -0.0098577221684913868 -0.027421428472562976 0.047565813673068384
leaf_weight=22.851969186682254 2.0935668502934277 10.558002964593468 0.62270634667947788 2.6583536160178478 0.56201873905956723 0.35796265956014395 1.9920451208017764 1.9814581712707875 0.21416644612327218 0.44418590143322934 58.696025369223207 248.50534387188964 0.4851046772673725 0.24787138774991024 0.22633712366223235 10.360625678673385 24.602495670784265 2.6396082672290495 17.780452749226242 1.5523479059338594 2.857472018338739 8.1327692833729071 0.7255487455986438 0.91154201095923781 1.1421996140852595 19.651815664954484 6.6855894504114968 0.2422185274772346 10.279125205473973 4.2979991361498833
leaf_count=2397 189 779 74 249 48 42 184 132 15 39 5447 20523 34 21 22 301 849 73 977 106 186 575 57 45 67 758 71 24 853 36
internal_value=0 0.0100771 -0.00119773 0.00207188 0.0724575 0.160442 0.0552164 0.0823157 0.202952 0.12094 -0.016173 0.000700376 0.00965237 0.14376 0.00716296 0.00977913 0.0053682 0.0138538 0.00990904 0.0185171 0.0284024 0.000884047 0.0390183 0.0987878 0.0435338 0.0498293 -0.0103631 0.152748 -0.0191862 0.0150387
internal_weight=0 129.405 334.954 275.635 4.27761 1.13415 6.75913 4.76708 0.776185 2.78562 59.3187 271.357 3.14346 2.34144 122.646 112.141 101.78 66.194 63.5544 45.7739 35.2159 12.8696 4.73678 1.87931 22.3464 20.794 35.5861 0.967767 10.5055 10.9836
internal_count=35173 6344 28829 23308 388 105 565 381 63 249 5521 22920 283 210 5779 4904 4603 3647 3574 2597 1818 887 312 126 931 825 956 81 875 107
is_linear=0
shrinkage=0.05


Tree=96
num_leaves=31
num_cat=0
split_feature=23 24 21 5 33 33 19 5 2 0 17 31 2 24 24 10 38 2 0 12 10 38 0 2 2 14 14 24 2 14
split_gain=4.22868 7.05835 3.53413 6.56976 5.09877 4.46507 4.44634 4.47947 3.89606 5.9931 6.03132 7.73854 6.19274 5.32708 4.56092 3.90689 3.59974 3.57173 3.79202 4.62231 6.1829 5.65129 4.91547 6.34106 6.56845 5.86846 9.27643 5.19536 6.68327 5.72688
threshold=1.0000000180025095e-35 1.0000000180025095e-35 1.0000000180025095e-35 1.0000000180025095e-35 0.52086956521739147 0.51389961389961403 0.13513888888888892 1.0000000180025095e-35 0.65876845887843383 2184.4600000000005 2.5000000000000004 11.500000000000002 1.3964059937686353 2.6112500000000005 18.066562500000003 1637.5550000000003 35.250000000000007 8.6113472687705315 5307.0950000000012 6186.0900000000011 692.7600000000001 19.850000000000005 2389.5750000000003 0.64763503065436689 0.28149004720727994 36119.215000000004 79465.265000000014 22.008049768518521 0.73833182729688496 43750.505000000012
decision_type=2 2 2 2 2 2 2 2 2 2 2 2 2 2 2 2 2 2 2 2 2 2 2 2 2 2 2 2 2 2
left_child=2 -2 3 16 5 6 8 17 -4 10 11 -10 13 -13 15 -11 -1 18 19 -8 22 -22 23 24 -21 -25 27 28 -27 -30
right_child=1 -3 4 -5 -6 -7 7 -9 9 14 -12 12 -14 -15 -16 -17 -18 -19 -20 20 21 -23 -24 25 -26 26 -28 -29 29 -31
leaf_value=-0.0046493405601881086 0.0057127676458373303 0.057083057874379318 -0.0090725127853478887 0.033526954749701687 -0.033661310297487264 0.091831879715026363 -0.00162638934383046 -0.042558302397012103 -0.019161200076238505 -0.024159698560912823 0.027662321153036053 0.20635148066958087 -0.012929571646726951 -0.0096452950160167052 0.044800103043611178 0.03102479344819524 -0.029875057629958724 0.039394133813205279 -0.011730129611624861 0.058763352804628792 0.031502630871746665 -0.016145087880876128 0.0038023778874357373 0.011704702101610299 -0.013565081300527275 0.22459856623003624 0.0028303841047845365 0.041222602026921545 -0.023747903216621138 0.096807075383513796
leaf_weight=30.759543072897941 31.378862488549203 7.5956090213730922 9.0421329955570382 6.4664022019132963 8.8687622393481416 0.40272796386852761 173.00930819567293 4.9310685070231548 0.60274836095050188 9.0553152635693568 7.2588253822177649 1.1424241345375774 0.34336666110903014 0.22991566732525814 5.2283937046304336 3.7413380313664666 25.895279562100768 5.036216363310813 51.237729595974088 3.4519331189803806 7.245450516697022 24.526145902462304 20.474659957457334 6.1589920516125884 9.7794538671150786 0.8181772166863065 3.4792967247776678 3.895449401345104 0.88332146592438254 2.7227554935961962
leaf_count=2936 1931 163 391 59 676 22 15405 118 55 357 247 115 37 11 64 69 2040 36 4104 155 440 1627 1716 530 930 63 247 331 84 234
internal_value=0 0.0169017 -0.000105052 -0.0109298 0.00179914 0.00277792 0.00241851 0.000491401 0.0186667 0.0277532 0.0577283 0.115159 0.152027 0.181352 0.00962932 -0.0069462 -0.0164975 0.00130372 0.000554646 0.00304518 0.0126365 -0.00464941 0.0231532 0.0353435 0.00810788 0.0539244 0.0733265 0.0993409 0.133479 0.0685321
internal_weight=0 38.9745 426.687 63.1212 363.566 354.697 354.294 317.65 36.6445 27.6023 9.57728 2.31845 1.71571 1.37234 18.025 12.7967 56.6548 312.719 307.683 256.445 83.4356 31.7716 51.664 31.1894 13.2314 17.958 11.799 8.3197 4.42425 3.60608
internal_count=35193 2094 33099 5035 28064 27388 27366 26020 1346 955 465 218 163 126 490 426 4976 25902 25866 21762 6357 2067 4290 2574 1085 1489 959 712 381 318
is_linear=0
shrinkage=0.05


Tree=97
num_leaves=31
num_cat=0
split_feature=39 40 3 0 13 19 40 14 21 3 14 0 14 39 14 13 39 21 13 14 24 40 0 36 13 39 40 40 14 19
split_gain=4.0999 5.26351 5.1926 5.44084 4.06283 9.54511 6.01659 6.13067 5.82005 5.74815 5.41526 3.70206 3.49927 3.21441 3.20947 5.44068 3.1869 4.32026 4.86646 3.95688 5.04612 4.39544 4.5555 4.00147 11.4345 5.22736 9.54925 4.94797 4.60441 5.37642
threshold=228.55000000000004 0.92156620895317898 -0.92576770551078658 8226.3900000000012 14.500000000000002 3.6676446759259265 0.25536703836205943 23747.250000000004 13.18408564814815 1.603011741098838 96475.11500000002 3553.1000000000004 28321.844999999998 359.2000000000001 5654.3300000000008 5.5000000000000009 168.45000000000002 40.297361111111115 15.500000000000002 236325.32500000004 16.252025462962965 0.53776343336078036 31574.355000000003 1.0000000180025095e-35 9.5000000000000018 139.05000000000004 0.81548143118443506 0.84895895933955356 51479.660000000003 19.341290509259263
decision_type=2 2 2 2 2 2 2 2 2 2 2 2 2 2 2 2 2 2 2 2 2 2 2 2 2 2 2 2 2 2
left_child=16 2 -2 4 5 -4 8 9 -7 14 -6 -9 -3 -12 -8 -16 17 19 -19 23 -21 -22 -23 25 -25 -1 -27 -28 -26 -30
right_child=1 12 3 -5 10 6 7 11 -10 -11 13 -13 -14 -15 15 -17 -18 18 -20 20 21 22 -24 24 28 26 27 -29 29 -31
leaf_value=-0.009438181228637578 -0.014632123590423022 -0.030712415315919697 0.0050663847503312339 -0.0049946545598392881 -0.0011724984058775088 0.081119897052918333 0.0092218163926392552 -0.029537222381767005 -0.017678755699951101 -0.017333257492133616 0.10254051714501725 0.062039071069622843 0.0084640120979226473 -0.0085048945791260985 -0.013905753710957536 0.15007699942370603 -0.011512882169329962 -0.0073795894854227252 0.070776472413664956 -0.0099722372261360423 0.0075845852534911972 0.077121986083524469 -0.018337275570413477 0.035205667914415033 -0.014468452234736218 -0.0080728663922923528 0.11518196712239806 0.027817147174681586 -0.0046426917487001939 0.041756898347613675
leaf_weight=164.32577421795577 8.948086600750683 9.4747558599337953 8.6942058261483925 11.062852647621183 12.863139179535208 1.3438233332708467 0.67876263801008274 1.3829925865866246 3.3634033743292093 0.51022749533876766 1.2870603562332679 1.1625322657637296 11.783515780000014 0.71150494599714864 0.37586675537750114 5.1628377102315426 60.789030712563545 3.2158962199464431 3.5885073873214424 8.7900652908720094 7.4454079950228316 6.0505650392733514 1.1103804842568932 24.916428899392486 39.863249268848449 25.537140640895814 1.0933862444944669 13.570851886179296 16.755906439386312 8.7906412403099221
leaf_count=13017 698 796 493 461 1108 87 58 107 213 29 118 77 950 52 26 283 4959 212 178 674 483 319 31 1928 3266 1736 61 924 1093 674
internal_value=0 0.0113443 0.0191101 0.0254925 0.0343742 0.0473482 0.0715491 0.0933346 0.0197979 0.115826 0.0128426 0.0179873 -0.00959217 0.0733551 0.127642 0.138524 -0.00110339 0.00087265 0.0376258 -2.85535e-05 0.0193258 0.0364665 0.0618868 -0.00162444 0.00709072 -0.00548913 0.0104902 0.0412685 -0.00398791 0.0122951
internal_weight=0 78.8056 57.5473 48.5992 37.5364 22.6747 13.9804 9.27322 4.70723 6.72769 14.8617 2.54552 21.2583 1.99857 6.21747 5.5387 385.843 325.054 6.8044 318.25 23.3964 14.6064 7.16095 294.853 90.3262 204.527 40.2014 14.6642 65.4098 25.5465
internal_count=35111 5556 3810 3112 2651 1373 880 580 300 396 1278 184 1746 170 367 309 29555 24596 390 24206 1507 833 350 22699 6961 15738 2721 985 5033 1767
is_linear=0
shrinkage=0.05


Tree=98
num_leaves=31
num_cat=0
split_feature=23 1 1 14 14 21 39 15 40 1 39 20 21 15 17 13 12 15 12 21 21 1 21 10 1 40 13 17 40 1
split_gain=2.73401 2.90633 3.72238 4.13668 2.86959 2.8682 2.74263 2.49936 4.813 2.8652 2.93604 2.426 4.09604 4.68502 5.22647 7.83576 4.58687 4.78599 4.39039 4.84282 6.37901 4.96728 4.62619 4.84944 4.84138 4.56156 4.36624 4.25611 4.24874 4.23486
threshold=1.0000000180025095e-35 9.8217323320959213 7.7243339570018126 112404.05000000003 13073.825000000003 34.649965277777788 256.15000000000003 89567.000000000015 0.54804270279682765 4.983572064312237 659.9000000000002 2.5000000000000004 8.4035879629629644 260737.50000000003 1.5000000000000002 7.5000000000000009 1323.4950000000001 170853.50000000003 7772.8100000000013 21.191707175925931 41.04879050925927 8.9819983317697183 20.074189814814819 1777.2100000000003 7.5492748984867744 0.64540709646853289 35.500000000000007 3.5000000000000004 0.53228148869054104 9.3986783730365406
decision_type=2 2 2 2 2 2 2 2 2 2 2 2 2 2 2 2 2 2 2 2 2 2 2 2 2 2 2 2 2 2
left_child=11 2 7 4 -4 6 -6 9 -9 -2 -11 12 -1 14 -14 -16 17 27 19 22 21 -21 23 26 -25 -26 -18 -17 -15 -20
right_child=1 -3 3 -5 5 -7 -8 8 -10 10 -12 -13 13 28 15 16 18 -19 29 20 -22 -23 -24 24 25 -27 -28 -29 -30 -31
leaf_value=-0.0035922288243142573 0.037823698463847255 -0.02502712546495351 -0.0041968801670373068 -0.014643855080406085 0.073823813356971676 -0.020244751406548377 -9.8767673805569633e-05 0.0908621468475653 -0.016375925421573879 -0.018462643931130746 0.059403333261453695 -0.0072111249275545967 0.092865566012562184 0.099934400152669745 -0.024543592579569389 -0.032684535199785265 -0.0082584211839965473 -0.035899121198049243 0.019688198892581256 -0.023804043715356174 0.056903687462013686 0.043506972371820496 0.053993304081505912 -0.0030407303493807042 -0.009355382156999199 0.13363193739311888 0.065082929909630258 0.030793138202121213 -0.019965097941414572 -0.010260013832009262
leaf_weight=140.4563704719767 2.4365731244906845 3.2125534429214886 2.0624815355986348 2.7339616501703849 8.6587555669248051 0.65039902692660767 1.4390033413656063 1.1513238498009735 1.5414444766938684 13.854364361148324 0.34801601245999414 67.375995781039819 0.73854518961161275 1.4523267596960061 18.57776638166979 2.0292969369329503 32.145423687528819 2.4106160867959252 56.500440528383479 38.901611639885232 1.9644764615222801 2.0376927489414802 4.0257587423548093 2.2155868555419143 0.60594183299690463 0.97349293017759919 1.1647357647307206 39.187516369391233 0.64717577537521709 14.17797777848318
leaf_count=10696 104 95 66 176 318 49 50 87 80 1032 8 5716 48 69 1455 168 2533 214 4138 3561 105 92 280 120 34 32 103 2974 57 839
internal_value=0 0.0152498 0.019554 0.0369825 0.0482628 0.0578298 0.0642297 0.00441011 0.041664 -0.00363912 -0.0127726 0.00142978 0.00306151 0.00731122 0.00641102 0.00569187 0.00863282 0.0227674 0.0045264 -0.00319321 -0.0147816 -0.0194962 0.00895863 0.00278383 0.0498266 0.0964155 -0.00387178 0.0269677 0.068458 0.0136213
internal_weight=0 38.0889 34.8763 15.5446 12.8106 10.7482 10.0978 19.3317 2.69277 16.639 14.2024 427.589 360.213 219.756 217.657 216.918 198.341 43.6274 154.713 84.0347 42.9038 40.9393 41.1309 37.1052 3.79502 1.57943 33.3102 41.2168 2.0995 70.6784
internal_count=35299 2065 1970 659 483 417 368 1311 167 1144 1040 33234 27518 16822 16696 16648 15193 3356 11837 6860 3758 3653 3102 2822 186 66 2636 3142 126 4977
is_linear=0
shrinkage=0.05


Tree=99
num_leaves=31
num_cat=0
split_feature=14 41 11 15 39 36 39 31 10 1 31 2 24 2 39 12 14 31 2 19 24 15 2 14 15 36 17 17 24 1
split_gain=4.56241 3.5657 3.87796 5.10829 7.79361 6.02258 6.36992 6.80042 6.27899 5.53772 5.51001 5.43749 6.47456 4.53825 4.17603 4.10384 6.60844 4.64489 6.60707 9.04053 4.81001 4.73933 6.46441 5.21034 5.06929 4.43593 4.00935 5.42043 6.82788 8.78213
threshold=3687.4450000000002 1.0000000180025095e-35 2.5000000000000004 10279.500000000002 192.75000000000003 1.0000000180025095e-35 131.45000000000002 17.500000000000004 1913.7050000000002 8.5070893187715431 19.500000000000004 0.63637457052436541 3.5733391203703708 2.95752475360328 274.25000000000006 6117.6500000000015 46306.975000000013 13.500000000000002 0.25486809548808337 14.258877314814816 30.194548611111113 200.50000000000003 1.3196388058447253 33596.780000000006 59343.500000000007 1.0000000180025095e-35 8.5000000000000018 4.5000000000000009 9.9625520833333354 6.9823616827709785
decision_type=2 2 2 2 2 2 2 2 2 2 2 2 2 2 2 2 2 2 2 2 2 2 2 2 2 2 2 2 2 2
left_child=-1 2 3 5 -5 -2 7 8 13 10 11 -6 -13 -7 -8 16 -4 21 19 -19 -21 -17 24 25 -23 -24 27 -14 -29 -30
right_child=1 -3 15 4 9 6 14 -9 -10 -11 -12 12 26 -15 -16 17 -18 18 -20 20 -22 22 23 -25 -26 -27 -28 28 29 -31
leaf_value=-0.024475546574435153 0.0054888175726434405 0.019697737489728862 -0.021179292885761446 -0.0065955739187344474 -0.0054126705822672653 0.10785127910491206 -0.017543762168099896 -0.015459761343811827 0.0081482668870664996 -0.013504116090359859 -0.02750166518371527 -0.022533029044712487 0.015415794109703663 0.00011307518027033094 0.052580978284540197 -0.030231066237189665 0.023840514352373644 -0.028435825278441153 -0.012543976720327761 0.14847362752311163 -0.0027630475529370358 0.034645209166723874 -0.0059748886223838504 -0.018738160245918234 -0.026162492715496723 0.081546598196210143 -0.0049422971820458819 -0.011936204702077943 0.014336294519993182 0.11644626191065462
leaf_weight=16.749151914380491 44.902465153951198 24.05920338910073 56.961153708864003 121.09689211007208 6.412483063060793 6.7647113264538365 6.4912606328725797 2.2775890082120887 3.043105901684612 10.018985105678437 3.2857665601186445 2.5443604267202344 5.1962353871204021 1.1206026785075662 1.9650990990921853 5.5864194347523144 8.6334924465045315 1.5414581047371023 63.650324549293146 0.99838724965229608 0.66467874217778444 30.199554902501404 2.7734423945657936 17.378106071613729 3.1191556230187407 1.766846298240125 2.3415647656656793 1.5846582809463132 3.1366494661197057 8.1545580015517753
leaf_count=1797 2941 1014 4998 10308 546 462 434 148 128 622 269 196 389 18 115 272 617 57 4867 42 22 2190 176 1071 329 78 199 138 219 507
internal_value=0 0.00137119 0.000286383 0.00465944 -0.00011216 0.0162271 0.0372613 0.0577184 0.0729869 0.0180152 0.0277993 0.0346878 0.0456468 0.0942762 0.00258904 -0.00492245 -0.0149848 0.000323364 -0.00871172 0.0522865 0.109689 0.0102347 0.014792 -0.00616496 0.0283562 0.0366553 0.0548002 0.0623941 0.0788756 0.0915547
internal_weight=0 447.669 423.61 230.337 163.772 66.5648 21.6624 13.206 10.9284 42.6753 32.6563 29.3705 22.958 7.88531 8.45636 193.273 65.5946 127.678 66.8548 3.20452 1.66307 60.8235 55.2371 21.9184 33.3187 4.54029 20.4137 18.0721 12.8759 11.2912
internal_count=35169 33372 32358 17639 13393 4246 1305 756 608 3085 2463 2194 1648 480 549 14719 5615 9104 4988 121 64 4116 3844 1325 2519 254 1452 1253 864 726
is_linear=0
shrinkage=0.05


Tree=100
num_leaves=31
num_cat=0
split_feature=25 40 31 13 40 39 14 14 31 24 40 13 0 0 40 14 39 41 31 17 40 24 31 12 14 40 21 19 12 19
split_gain=2.63522 2.50656 5.61288 3.46355 2.99584 3.28947 2.77002 6.6402 5.7174 4.3917 3.84357 3.48211 4.73166 4.32628 3.55193 2.80382 2.76158 2.62057 2.59856 2.32224 3.09505 2.26352 3.81553 3.70466 5.2819 5.09538 4.8517 4.39744 4.23653 4.11429
threshold=2.5000000000000004 1.3000996624083621 22.500000000000004 18.500000000000004 1.2886462660851996 136.45000000000002 31640.960000000003 42023.69000000001 17.500000000000004 31.89191550925926 1.9980759306283311 14.500000000000002 875.36000000000013 442.12500000000006 1.4257421691954246 19623.825000000001 96.250000000000014 1.0000000180025095e-35 10.500000000000002 2.5000000000000004 1.8410081548765878 24.100549768518523 20.500000000000004 1439.4000000000003 53844.445 0.79629766688385073 41.649855324074075 28.867309027777782 3703.1450000000009 24.93559606481482
decision_type=2 2 2 2 2 2 2 2 2 2 2 2 2 2 2 2 2 2 2 2 2 2 2 2 2 2 2 2 2 2
left_child=1 4 3 6 21 16 11 8 9 10 -8 -3 13 -13 -15 -16 -6 -5 -19 -9 -21 -1 23 -23 25 26 27 -25 -26 -27
right_child=-2 2 -4 17 5 -7 7 19 -10 -11 -12 12 -14 14 15 -17 -18 18 -20 20 -22 22 -24 24 28 29 -28 -29 -30 -31
leaf_value=-0.0010646588273967967 0.043619526838462784 -0.02454600910722439 0.06676239715182003 -0.030980894331510508 -0.0044422387355024214 -0.019146821171584307 0.13196242907637568 0.055170796632316423 -0.027347334444821486 -0.017655159652790752 -0.0092928821855057294 -0.018356321925875711 -0.019133395398652525 -0.013409402867561144 0.14787110509402487 -0.0088453863778312544 0.12593066266885958 0.070708579122966506 -0.016861627063148567 -0.032986116636123684 0.01929909804728162 0.022612414711541018 -0.025392811447380273 -0.0060389628720269109 0.063697439224675648 0.046312934633685125 0.069677834550937165 -0.041053334263082546 0.01099775521248246 -0.0086115790245522503
leaf_weight=265.98432178422809 2.5775463823229066 15.560631257947536 1.3791478378698219 21.84399910946377 0.47694016946479567 0.60541640361770988 2.0001113200560217 0.37737359525635739 0.87137110577896226 0.50670690368860949 0.42452884512022127 0.76991301914676968 3.0220728819258511 0.3595584752038119 0.7640895307995379 0.21223112009465694 0.41889595985412598 0.4582955501973619 1.3324997145682571 6.4790967474691552 3.7236822573468089 34.9054139778018 7.6705779316835097 24.813710749614984 3.3329356918111435 6.0165487956255657 0.6369292032904913 13.430699049495159 39.018356988206506 6.1189657705835998
leaf_count=20444 30 1418 59 1770 22 61 103 14 50 38 25 73 213 34 62 24 36 26 73 506 214 2602 605 1734 197 304 19 1359 2555 585
internal_value=0 0.000539411 -0.00890248 -0.0117684 0.00196419 0.0565249 -0.00162747 0.0146483 0.0634819 0.0905702 0.111738 -0.0130963 0.019984 0.0642075 0.0992793 0.126566 0.0907893 -0.0261396 0.0228552 -0.00686975 -0.0138844 0.00162062 0.00684396 0.00895318 0.00366121 -0.00712475 -0.0159036 -0.0190681 0.0165187 0.0200716
internal_weight=0 463.515 60.0853 58.7062 403.43 1.50125 35.0714 14.3829 3.80272 2.93135 2.42464 20.6885 5.12787 2.10579 1.33588 0.976321 0.895836 23.6348 1.7908 10.5802 10.2028 401.928 135.944 128.274 93.3681 51.0169 38.8813 38.2444 42.3513 12.1355
internal_count=35255 35225 4702 4643 30523 119 2774 950 216 166 128 1824 406 193 120 86 58 1869 99 734 720 30404 9960 9355 6753 4001 3112 3093 2752 889
is_linear=0
shrinkage=0.05


Tree=101
num_leaves=31
num_cat=0
split_feature=23 24 0 0 19 40 2 2 0 15 47 0 0 0 38 21 19 0 0 0 38 2 17 15 24 0 24 38 12 17
split_gain=2.75624 5.33294 2.7901 3.66083 3.54541 2.64525 3.82456 2.62141 6.5629 11.2 7.11027 5.85328 7.33644 4.82349 4.66342 4.43394 5.14527 6.80425 6.93473 7.42275 6.69745 5.953 6.72077 6.26461 5.15935 5.86109 5.01561 4.81222 9.9305 4.90541
threshold=1.0000000180025095e-35 1.0000000180025095e-35 1125.0800000000002 1667.3400000000004 2.3059664351851858 0.71240845165647937 1.5253300363888571 1.8320688648099643 1415.4550000000002 37814.000000000007 1.0000000180025095e-35 2823.1350000000007 3801.6300000000006 787.86500000000012 69.65000000000002 0.089456018518518532 10.914253472222223 2261.7450000000003 1921.1950000000004 2014.9600000000003 45.45000000000001 0.44882089026242628 6.5000000000000009 260737.50000000003 23.699421296296297 294.91000000000003 15.341915509259261 56.750000000000007 1213.0800000000002 4.5000000000000009
decision_type=2 2 2 2 2 2 2 2 2 2 2 2 2 2 2 2 2 2 2 2 2 2 2 2 2 2 2 2 2 2
left_child=7 2 -2 4 -4 6 -6 15 9 -9 13 -10 14 -11 -13 -1 17 18 -17 -20 21 22 24 -23 -18 -26 -19 28 -22 -30
right_child=1 -3 3 -5 5 -7 -8 8 11 10 -12 12 -14 -15 -16 16 20 26 19 -21 27 23 -24 -25 25 -27 -28 -29 29 -31
leaf_value=-0.017733398154136184 -0.020185256146845604 0.04993960618536844 -0.010686739526834089 0.0021540494656762123 0.11947744867758819 0.00059531991713300753 -0.014806989090826748 -0.0089555409845770047 -0.020879996542067052 -0.012504973965141709 -0.019669205259719026 0.057246602424867468 0.0024760490553557761 0.15680379470582548 -0.0062666044365227271 0.011052662337527733 -0.0074140443025936965 -0.022918793092506384 0.11926466536714193 0.015206674687355273 -0.039860859562375686 -0.025360125980794027 -0.021920660200531985 0.077818196913913507 -0.022207915266737443 0.10660706056595542 0.025394417384357854 -0.0021561855173398872 -0.029230378550866156 0.05518176675445683
leaf_weight=38.915421715937555 7.6150061730295446 7.2175436522811642 1.4803084479644919 18.13154934393242 1.6312434431165463 0.95888623362407077 0.41125997062772501 3.7805512412451199 19.318512927740812 0.32436463376507241 0.62490296643227328 10.101779082324354 75.024809769820422 2.1263177804648876 3.6592181203886858 73.385071144904941 2.4335109894163889 22.503428054973487 2.2429988658986977 4.3745347782969475 3.5983537682332125 59.442444969899952 5.7839264189824462 0.55987077206373115 0.75995853822678361 2.7679051766172051 6.0666417246684423 73.752523699309677 1.3428760096430767 12.332077817991374
leaf_count=4227 690 167 73 893 103 72 32 328 1527 26 46 518 3061 153 338 5248 186 1990 116 300 306 5343 419 38 60 173 293 7597 106 770
internal_value=0 0.0141975 0.00433747 0.0131006 0.048915 0.0736354 0.0964593 0.000217128 0.00663344 0.0507736 0.108376 0.0033943 0.00884976 0.137265 0.0410773 -0.00217397 0.000114428 0.00850066 0.0159335 0.0615034 -0.00549708 -0.0168116 0.0147847 -0.0231375 0.0484307 0.080082 -0.012148 0.00350695 0.0264818 0.0454655
internal_weight=0 37.4458 30.2283 22.6132 4.4817 3.00139 2.0425 425.222 114.96 6.85614 3.07559 108.104 88.7858 2.45068 13.761 310.262 271.346 108.573 80.0026 6.61753 162.773 71.7476 11.7453 60.0023 5.96137 3.52786 28.5701 91.0258 17.2733 13.675
internal_count=35199 2030 1863 1173 280 207 135 33169 5997 553 225 5444 3917 179 856 27172 22945 7947 5664 416 14998 6219 838 5381 419 233 2283 8779 1182 876
is_linear=0
shrinkage=0.05


Tree=102
num_leaves=31
num_cat=0
split_feature=19 14 14 24 40 21 15 15 12 39 38 38 31 20 0 14 23 24 15 0 2 31 38 12 14 31 33 33 19 2
split_gain=3.27629 3.99021 4.91008 4.76054 4.24201 3.65543 3.13306 5.93335 7.64813 6.29397 5.33929 3.23639 3.13984 3.05261 4.69022 2.79843 2.73023 4.26097 3.52051 4.05264 3.99086 5.59035 3.01814 3.55166 2.89514 4.18625 2.82115 4.52452 3.97638 2.69009
threshold=29.931024305555557 8871.5300000000007 6100.7300000000005 33.068182870370372 0.87046792447858068 34.122447916666673 10462.500000000002 7930.5000000000009 4861.3200000000006 149.65000000000001 19.850000000000005 19.250000000000004 14.500000000000002 1.5000000000000002 1648.7350000000004 17133.035000000003 1.0000000180025095e-35 1.0000000180025095e-35 85187.000000000015 2479.4800000000005 1.5862591785139919 9.5000000000000018 65.450000000000017 9669.0450000000019 29421.520000000008 11.500000000000002 0.52086956521739147 0.51389961389961403 -1.0000000180025095e-35 1.8320688648099643
decision_type=2 2 2 2 2 2 2 2 2 2 2 2 2 2 2 2 2 2 2 2 2 2 2 2 2 2 2 2 2 2
left_child=5 2 -2 -4 -5 16 7 11 -9 10 -10 12 13 -3 -15 -7 26 18 19 -18 21 -20 23 -21 25 -23 27 29 -28 -1
right_child=1 6 3 4 -6 15 -8 8 9 -11 -12 -13 -14 14 -16 -17 17 -19 20 22 -22 24 -24 -25 -26 -27 28 -29 -30 -31
leaf_value=-0.00019899787546795528 -0.01870712172597605 -0.0010478180727875699 -0.020514258502600836 0.13252533656039672 -0.014416648502145857 -0.01404317248845245 -0.023780780648798093 -0.029919511369593095 0.0054445295781475056 -0.020280308111719141 0.16759073896767063 -0.022560459754823039 -0.019756196078194205 0.1307097711828106 -0.016826085354971265 0.055687237215112456 -0.021013161828173536 0.049074154650844505 -0.014183037884290576 0.0639878289816386 -0.010968220150781504 0.089852262927761356 -0.014001585520083355 -0.0076945102700173608 0.14752533369228499 -0.023131194749155894 0.020430417110989665 0.092905476396796888 -0.044376907674491602 0.0094512429407102409
leaf_weight=255.67325872112997 2.1539204376749685 1.656387257855392 0.68332329671829972 1.1854756879620252 0.40080626308917988 1.4627584503032256 28.009663643315434 1.4407472861930721 0.76679645804688368 0.67031715856865037 1.0507147880271075 14.681094923755152 2.1533068935386837 0.64978032419458009 0.49802831001579762 4.7090083193033934 12.213281946256762 6.9201721809804431 1.2805080083198839 3.8297117557376605 2.349028218537569 0.42726632440462742 3.5693002603948116 2.3869518125429749 0.75681613013148297 1.2156903832219539 2.8182043614797294 0.39117445331066747 6.175995094701646 99.620527059771121
leaf_count=21864 244 105 78 118 57 85 3005 136 44 74 55 1490 187 37 49 156 873 164 46 103 78 33 197 139 34 78 96 17 533 4867
internal_value=0 -0.00870147 0.0324333 0.0718447 0.104179 0.00410317 -0.0127792 0.000731979 0.0499941 0.091583 0.125394 -0.0110675 0.0210417 0.0493279 0.0886655 0.0395069 0.00345916 0.0166102 0.00718054 -0.00255002 0.0379965 0.0649153 0.0203046 0.0392123 0.0988791 0.0291308 0.00215686 0.00288535 -0.0240581 0.00252576
internal_weight=0 56.0004 4.42353 2.26961 1.58628 405.8 51.5768 23.5672 3.92858 2.48783 1.81751 19.6386 4.9575 2.8042 1.14781 6.17177 399.628 34.9487 28.0286 21.9992 6.02931 3.68028 9.78596 6.21666 2.39977 1.64296 364.679 355.685 8.9942 355.294
internal_count=35042 5679 497 253 175 29363 5182 2177 309 173 99 1868 378 191 86 241 29122 1745 1581 1312 269 191 439 242 145 111 27377 26748 629 26731
is_linear=0
shrinkage=0.05


Tree=103
num_leaves=31
num_cat=0
split_feature=21 1 19 17 24 1 31 19 38 1 1 1 1 6 3 13 21 15 15 14 1 14 21 19 21 38 31 15 15 24
split_gain=3.14142 6.82005 5.41361 7.21438 5.88841 5.8447 7.57667 6.9799 6.64566 5.69744 4.7169 6.48801 5.45476 5.43527 4.87962 13.3433 7.70513 4.68456 10.9227 4.28496 5.92637 6.79309 4.38375 11.9782 11.5897 8.36876 4.70446 4.35874 4.18531 4.94231
threshold=16.947013888888893 6.5939071752842047 18.145758101851857 8.5000000000000018 15.739600694444446 6.8956573937711951 10.500000000000002 23.408582175925929 163.05000000000004 7.1927161467851439 8.6763493230124489 7.9611627085758725 7.2246623589876942 1.5000000000000002 0.47837096474538349 12.500000000000002 8.0764062500000016 55724.500000000007 1675.5000000000002 9786.7400000000016 6.5189702810163634 26316.540000000005 8.7414930555555568 10.16840277777778 13.078842592592595 21.450000000000003 17.500000000000004 83683.500000000015 58714.500000000007 20.829855324074078
decision_type=2 2 2 2 2 2 2 2 2 2 2 2 2 2 2 2 2 2 2 2 2 2 2 2 2 2 2 2 2 2
left_child=10 -2 3 9 -5 6 -4 -8 17 -3 11 12 14 -12 19 16 -16 18 -9 -1 -21 22 -22 24 25 -24 -27 -23 29 -6
right_child=1 2 5 4 28 -7 7 8 -10 -11 13 -13 -14 -15 15 -17 -18 -19 -20 20 21 27 23 -25 -26 26 -28 -29 -30 -31
leaf_value=-0.017279266868730495 -0.012104820125548262 -0.029331212973987993 -0.026966365941278367 -0.019389975739150661 0.14085566129590188 0.0033074871656105388 -0.012401859792979086 0.14446390171938828 -0.026377672050215174 0.02697941318502738 -0.01776121436091653 0.019607275208832223 -0.013249124374902208 0.034344634450198364 0.11729398218175564 -0.017248359584135075 -0.0093568768156213847 0.13625553559532264 0.0056608821067680136 0.022611267680600802 -0.0048273528380848698 -0.03418834148629929 -0.016873169344515302 -0.015728563955289123 -0.022810755851648472 0.20059170620461864 0.0016008535103006123 0.044114739818389953 -0.012137271910753984 0.039705277950132935
leaf_weight=21.993407276226208 34.093485394725576 4.8275056560523835 3.2344735963270059 1.2501382185146193 2.6256178254261613 111.69065432343632 2.9255418749526134 1.0468941810540835 1.0827486449852575 20.037243762984872 52.314323331229389 45.359434050042182 61.446841785684228 4.5982826119288793 3.7589993569999915 5.6254256232641637 1.419584870804101 2.4744282681494951 4.8943441277369857 33.350196707295254 12.751501482445748 17.058513399213556 0.48641218151897181 4.3129428657703102 1.1397955995053051 1.5692278500646351 0.35414850432425726 1.1147399526089419 0.77141960058361281 3.506130559835583
leaf_count=2283 3438 305 298 59 158 9036 264 76 107 878 3024 2983 4868 63 335 519 119 206 422 2308 1094 1475 40 400 34 92 20 104 57 66
internal_value=0 0.00794898 0.0122609 0.030017 0.0682241 0.00745928 0.0350975 0.0520605 0.0712052 0.0153353 -0.000381111 0.00306423 -0.00153598 -0.0130309 0.00538323 0.0356899 0.0866804 0.0852281 0.0474079 0.00156613 0.00746945 -0.00579092 0.0135881 0.0406292 0.0975128 0.144423 0.177033 -0.0273349 0.0845364 0.0966952
internal_weight=0 194.461 160.367 33.0181 8.15331 127.349 15.6584 12.424 9.49842 24.8647 268.654 211.741 166.382 56.9126 104.935 10.804 5.17858 8.41567 5.94124 94.1309 72.1375 38.7873 20.614 7.86253 3.54958 2.40979 1.92338 18.1733 6.90317 6.13175
internal_count=35131 15370 11932 1523 340 10409 1373 1075 811 1183 19761 16674 13691 3087 8823 973 454 704 498 7850 5567 3259 1680 586 186 152 112 1579 281 224
is_linear=0
shrinkage=0.05


Tree=104
num_leaves=31
num_cat=0
split_feature=39 12 21 2 12 39 21 13 17 31 31 24 0 14 12 33 2 39 14 24 0 2 13 17 13 11 25 39 12 39
split_gain=3.33138 6.61098 7.44649 8.46234 6.15007 6.43131 7.15907 4.33024 6.40882 4.18602 3.75204 3.4166 5.54741 3.38803 4.31624 3.21653 3.81409 5.36876 3.50415 4.65123 5.40461 8.99812 3.8928 3.69089 7.16827 3.40217 3.1172 3.02753 6.68143 6.59197
threshold=61.550000000000004 3356.6950000000006 26.877094907407411 1.255769670124226 1383.0500000000002 43.350000000000001 11.451168981481482 1.5000000000000002 1.5000000000000002 9.5000000000000018 15.500000000000002 1.0000000180025095e-35 1371.8750000000002 2332.9600000000005 4611.5100000000011 0.031498015873015879 2.8855634008926985 51.350000000000001 4165.8750000000009 17.034589120370374 1942.4900000000002 0.58127367855804168 17.500000000000004 5.5000000000000009 14.500000000000002 1.5000000000000002 2.5000000000000004 81.350000000000009 15571.095000000003 83.65000000000002
decision_type=2 2 2 2 2 2 2 2 2 2 2 2 2 2 2 2 2 2 2 2 2 2 2 2 2 2 2 2 2 2
left_child=1 2 4 -4 5 11 9 -2 10 -7 13 12 -1 -9 -15 16 17 18 -6 20 21 22 -20 -21 25 -25 27 28 -10 -29
right_child=7 -3 3 -5 15 6 -8 8 26 -11 -12 -13 -14 14 -16 -17 -18 -19 19 23 -22 -23 -24 24 -26 -27 -28 29 -30 -31
leaf_value=0.088021588321026675 -0.042574375157597863 -0.0026627622676344467 0.010725488763992075 0.10558694879365878 -0.020512472321432721 -0.014843601488612447 -0.02783317077525136 -0.014097425206379618 -0.026170123760307265 0.12585533793151168 -0.019208781585801079 -0.03196290198207527 -0.030300678107604596 0.14623366170820004 -0.0096581368056790542 -0.021813073925611715 -0.020008503072624289 -0.027471811962020965 0.14746434171710215 -0.02975505281934894 0.1680922312109441 -0.0097227312862938221 -0.011156449669460937 -0.010055623660022849 -0.013101585835585719 0.15577643786383003 0.046395252611639917 0.049605103235951888 0.023743727897283601 -0.0010131920459892883
leaf_weight=0.80764042632654964 5.2082673376426092 50.652900771936402 4.6951317470520717 4.2778156674467027 0.68427727045491238 0.43797417869791333 1.3570575700141487 0.38388777291402165 28.437947945203632 1.26675593201071 0.60936481179669488 12.419596676249055 1.3958744136616585 1.0247437935322521 0.41838536132127035 1.5644030226394523 1.5435677617788304 1.2546349009498943 1.0184997767209987 1.414816343225539 1.2863737680017946 2.6836848058737814 0.31457716086879361 0.24739277455955777 1.6790192350745199 0.45590265654027462 2.4236873444169751 5.5624271505512288 7.8307445310056201 322.39536306587979
leaf_count=86 613 4362 440 298 86 30 105 38 2064 103 62 1433 97 64 33 131 74 117 83 162 122 332 32 27 189 41 24 361 381 23382
internal_value=0 0.00943359 0.0241538 0.0620029 0.0119212 -0.00771105 0.0488293 -0.00116271 -0.000464879 0.0975841 0.0675023 -0.0219172 0.0270062 0.0929876 0.115584 0.0353518 0.0435417 0.0533516 0.0653016 0.0731462 0.100188 0.0492699 0.121295 0.0223675 0.0529675 0.125787 -0.00109889 -0.0015411 -0.0150453 -6.48026e-06
internal_weight=0 91.4579 40.805 8.97295 31.832 17.6849 3.06179 374.295 369.087 1.70473 2.43638 14.6231 2.20351 1.82702 1.44313 14.1471 12.5827 11.0392 9.78454 9.10027 5.30314 4.01676 1.33308 3.79713 2.38231 0.703295 366.65 364.226 36.2687 327.958
internal_count=35372 8350 3988 738 3250 1854 238 27022 26409 133 197 1616 183 135 97 1396 1265 1191 1074 988 569 447 115 419 257 68 26212 26188 2445 23743
is_linear=0
shrinkage=0.05


Tree=105
num_leaves=31
num_cat=0
split_feature=23 15 15 19 11 31 13 34 14 19 13 12 3 3 12 12 12 13 17 34 38 3 14 14 3 3 15 31 3 15
split_gain=2.7953 3.43469 6.14602 4.31604 3.30698 4.01782 4.67256 5.70046 4.23531 3.65378 3.73439 3.45062 3.87477 10.0326 7.71277 11.1635 8.97785 7.43575 6.38644 5.08376 4.31338 4.94846 4.48373 5.80758 8.45136 4.25528 4.19797 3.84789 6.07935 3.40466
threshold=1.0000000180025095e-35 260737.50000000003 174817.50000000003 14.96795138888889 2.5000000000000004 15.500000000000002 37.500000000000007 1.0000000180025095e-35 76811.225000000035 14.424033564814817 41.500000000000007 26841.945000000003 0.81993359181906522 1.1472526679698334 3105.2850000000003 5524.0650000000014 892.5350000000002 9.5000000000000018 3.5000000000000004 1.0000000180025095e-35 69.65000000000002 2.0726716727724552 27942.010000000002 43750.505000000012 1.3186307324003761 0.68420605713584803 3507.5000000000005 18.500000000000004 1.5065341239183319 65892.500000000015
decision_type=2 2 2 2 2 2 2 2 2 2 2 2 2 2 2 2 2 2 2 2 2 2 2 2 2 2 2 2 2 2
left_child=1 2 4 -3 11 29 -7 8 9 -8 -11 12 25 14 16 19 17 18 -14 26 21 22 27 24 -24 -1 -16 -15 -29 -6
right_child=-2 3 -4 -5 5 6 7 -9 -10 10 -12 -13 13 20 15 -17 -18 -19 -20 -21 -22 -23 23 -25 -26 -27 -28 28 -30 -31
leaf_value=-0.0003017652900888992 0.013166566294574184 0.00092722930369370572 -0.044237302070519249 0.07788618071918918 0.0019951931803327641 -0.019506043153694027 -0.020491654226866576 0.094811178606090132 -0.026352569561928548 0.13373466718137003 -0.01388268155260884 0.032680174832854757 -0.00014658096456002587 -0.010716640555042466 -0.003163985000564697 0.010665681389265248 -0.027376744512149016 -0.00037972413157156182 0.14977713864783934 -0.012026678895327662 -0.018830715598676342 -0.011874400444279508 -0.023746103311308546 0.013241889783066833 0.12944547929807224 -0.038046421409673403 0.18462384808824267 0.11054698900270737 -0.025394776844051614 -0.035220587076479098
leaf_weight=138.64361809263937 37.754114444367588 4.4831111857201895 7.2335598752833894 2.09750199271366 116.12008629576303 61.089944324456155 0.67999492026865371 0.99356684228405345 4.5225598472170532 0.35847699781879783 0.37707678414881229 8.733947631204499 0.99084885651245924 8.8498888327740151 0.29376106336712826 2.8130110511556268 5.1719214417971671 2.9807393746450543 1.491630279459059 0.30684678023681033 17.137285246048123 12.930400121491401 0.84064639080315684 5.1675109677016735 2.5396165973506868 6.8932940119411787 1.9692942737601695 0.85392262646928319 0.93480815552175045 5.4858583975583306
leaf_count=12367 2050 520 655 116 8571 4970 67 47 364 27 33 541 97 580 17 238 442 271 114 23 943 281 51 264 96 695 149 51 49 558
internal_value=0 -0.000862263 -0.00146602 0.0324956 -0.000603877 -0.00542564 -0.0150608 0.0216361 -0.00250811 0.0530447 0.0936634 0.00356658 0.00221179 0.0122363 0.045333 0.0891537 0.0173972 0.0574614 0.107078 0.148013 0.000784997 0.0115044 0.0270679 0.0519649 0.0946243 -0.00233696 0.166748 0.00431785 0.0558718 4.27504e-05
internal_weight=0 422.985 416.404 6.58061 409.171 189.628 68.0216 6.93168 5.93811 1.41555 0.735554 219.543 210.809 65.2721 16.0181 5.38291 10.6351 5.46322 2.48248 2.5699 49.2541 32.1168 19.1864 8.54777 3.38026 145.537 2.26306 10.6386 1.78873 121.606
internal_count=35247 33197 32561 636 31906 14637 5508 538 491 127 60 17269 16728 3666 1351 427 924 482 211 189 2315 1372 1091 411 147 13062 166 680 100 9129
is_linear=0
shrinkage=0.05


Tree=106
num_leaves=31
num_cat=0
split_feature=19 38 21 19 24 14 24 17 15 24 38 39 39 15 15 21 3 21 40 38 40 40 2 3 39 14 39 39 39 40
split_gain=5.25465 3.48951 3.14293 7.85222 5.06754 5.98919 4.39539 7.30081 4.7763 5.60283 4.30741 12.0471 5.19853 6.00894 6.00279 6.90859 5.70561 7.22527 4.17385 5.58768 4.17141 4.01873 6.36808 5.09949 4.74658 5.36093 4.4804 6.30675 3.99865 3.83776
threshold=35.720017361111118 19.250000000000004 9.6631539351851874 9.1286168981481506 10.56056712962963 15604.335000000003 25.191388888888891 8.5000000000000018 60508.500000000007 30.285543981481485 36.650000000000013 93.450000000000017 274.25000000000006 6825.0000000000009 14697.000000000002 4.9774305555555562 0.0097777445063280035 0.79092592592592603 0.32863146942355154 15.450000000000001 0.85596919552403306 1.9125174217886294 0.84587975665882109 -1.3721818134750432 446.25000000000006 41431.730000000003 184.25000000000003 100.25000000000001 80.65000000000002 0.12028123172430998
decision_type=2 2 2 2 2 2 2 2 2 2 2 2 2 2 2 2 2 2 2 2 2 2 2 2 2 2 2 2 2 2
left_child=2 -2 10 4 -4 -6 21 -8 -9 28 11 -1 -12 -14 15 -15 17 -16 -13 -20 -17 24 23 -23 29 -26 27 -25 -10 -5
right_child=1 -3 3 6 5 -7 7 8 9 -11 12 18 13 14 16 20 -18 -19 19 -21 -22 22 -24 26 25 -27 -28 -29 -30 -31
leaf_value=-0.0077451723683665116 0.009869585305538121 -0.034069753841223432 0.051993888731506545 0.00737735719438057 -0.029654561515631242 0.025140060962877627 0.017697091469728234 -0.022316699299173026 0.12691573116171284 -0.02203635039662126 -0.016270779616438458 0.062242594432443302 -0.022382845489599592 0.019525235293284617 0.11233360250784102 0.19686086543681502 -0.022203636357221588 -0.014501672641689042 0.064981067373805781 0.00049139780493540769 -0.0085112377811717623 -0.019969798078071199 -0.011021482343445991 -0.014163107203932027 0.061989978563217835 -0.030877847566846008 -0.01417307491804733 0.17480674990648859 0.0086903770445086771 -0.014681415790974435
leaf_weight=61.04780594422482 5.5050750654190805 17.192907777614892 11.273847409989683 24.615081031806767 5.681184665765616 19.413229244295508 66.287191662471741 22.317153851501647 0.68443977553397362 2.2636111807078123 83.962386823259294 7.5207359036430743 6.7510769949294653 2.2461620164103802 1.3348436029627904 0.41593749029561866 5.1869516028091311 1.7776661892421541 3.5543741369619992 12.854619678109882 0.20298867020756006 0.64300858322531018 3.7773248753510416 0.38716405071318039 3.8351258183829477 1.5591957960277794 0.39046034403145302 0.9878635797649622 1.5219145673327146 88.507397572742775
leaf_count=5248 539 2071 325 2470 170 428 4711 1847 37 199 6464 316 451 137 95 32 323 158 164 563 25 56 299 35 176 131 48 60 109 7597
internal_value=0 -0.0234461 0.000721372 0.00433358 0.025509 0.0120739 0.000696891 0.00886752 -0.0128326 0.0299417 -0.00418856 0.00410035 -0.0110751 0.0128477 0.03424 0.0858676 0.00910029 0.0539818 0.0334183 0.0173908 0.165853 -0.00542345 0.030988 0.0807769 -0.00756728 0.0345161 0.111423 0.138039 0.0735097 -0.00985891
internal_weight=0 22.698 441.001 254.145 36.3683 25.0944 217.777 93.0743 26.7871 4.46997 186.856 84.9775 101.878 17.9156 11.1645 2.86509 8.29946 3.11251 23.9297 16.409 0.618926 124.703 6.18582 2.4085 118.517 5.39432 1.76549 1.37503 2.20635 113.122
internal_count=35284 2610 32674 18698 923 598 17775 6903 2192 345 13976 6291 7685 1221 770 194 576 253 1043 727 57 10872 498 199 10374 307 143 95 146 10067
is_linear=0
shrinkage=0.05


Tree=107
num_leaves=31
num_cat=0
split_feature=0 24 19 21 5 2 31 14 13 15 19 40 14 0 38 26 3 0 14 24 19 24 38 40 40 38 21 39 13 19
split_gain=3.41732 4.3716 6.682 5.89828 5.42096 5.02859 4.56719 3.67894 3.23195 8.25341 9.15086 5.84056 4.16047 4.15879 3.76207 3.16321 4.28213 3.13394 4.03304 2.84142 2.62755 4.56483 5.23415 4.26416 4.75566 4.79557 4.15226 4.11488 3.79225 6.14901
threshold=5194.9100000000008 14.857407407407409 13.648599537037038 11.781747685185186 1.0000000180025095e-35 3.1351865016191298 20.500000000000004 64020.635000000002 15.500000000000002 48712.500000000007 26.866394675925928 0.16050152343897492 68152.785000000018 21001.865000000005 14.050000000000002 1.0000000180025095e-35 0.83216246042181174 8487.260000000002 112404.05000000003 23.206012731481483 2.6435590277777781 17.034589120370374 44.45000000000001 0.20377016552911634 0.39337638986644918 118.05000000000001 3.213726851851852 151.25000000000003 8.5000000000000018 0.20820023148148151
decision_type=2 2 2 2 2 2 2 2 2 2 2 2 2 2 2 2 2 2 2 2 2 2 2 2 2 2 2 2 2 2
left_child=15 6 3 4 5 7 -2 -3 14 12 11 -11 -10 19 17 20 -17 -4 -19 -13 21 22 28 -23 25 -25 -22 -24 -1 -30
right_child=1 2 8 -5 -6 -7 -8 -9 9 10 -12 13 -14 -15 -16 16 -18 18 -20 -21 26 23 27 24 -26 -27 -28 -29 29 -31
leaf_value=0.0093890961536447944 -0.022976694300732313 0.068601636984673545 -0.026264767203672674 0.052036131356579945 0.041784997177646152 -0.039034427157941032 0.026194238926374448 -0.00619887210510724 0.035490888264687777 -0.017895605865625951 -0.022226546390817215 0.01536773888660992 -0.030009446725605578 -0.011706818028901077 -0.035645029350642489 -0.0020893843948994809 0.094434093357010154 0.10603089847015555 -0.019628971005139172 0.18043726312100394 -0.040564341057022328 -0.030436357713500874 -0.01780468086499563 0.00844101169577555 -0.0076231016722943983 0.10798092403733957 0.0022664365944134431 0.016180959884447132 0.023986392116519893 0.081115938132637219
leaf_weight=15.771988713648168 39.434980392688885 1.439873960800474 1.073076135944578 8.9224776611663383 5.5121330888941875 7.2654364854097366 4.5057308154646298 4.5995763665996492 2.169126721564683 0.53928265115246121 1.8915387319866566 0.52613187953829754 10.571373855927957 0.28775456361472596 14.709222043398766 2.2304098254535343 1.2810412351973353 0.59633467160165288 0.62559661921113729 1.1311655221506951 4.7923596650362006 10.320782468887048 13.685367294820024 3.3641354008577791 12.443357095122336 1.0744970231316981 245.83643081202172 21.679156053811312 17.779586886521432 6.2221814184449604
leaf_count=1299 2689 74 96 188 45 131 239 414 79 49 148 67 890 19 985 147 38 39 59 47 394 1114 1058 116 696 43 21054 1643 1100 298
internal_value=0 -0.00559077 0.00298671 0.0208239 0.00414498 -0.01328 -0.017464 0.0188464 -0.0116947 0.00366125 0.0560103 0.104862 -0.0170864 0.133417 -0.0264967 0.00460499 0.0462509 0.0251602 0.0618165 0.153538 0.0040612 0.0107708 0.0170645 -0.00660218 0.00885605 0.0479613 0.0012895 0.00290124 0.0292777 0.0414486
internal_weight=0 105.801 61.8601 27.7395 18.817 13.3049 43.9407 6.03945 34.1206 17.1164 4.37587 2.48433 12.7405 1.94505 17.0042 356.481 3.51145 2.29501 1.22193 1.6573 352.97 102.341 75.1383 27.2028 16.882 4.43863 250.629 35.3645 39.7738 24.0018
internal_count=35258 6258 3330 852 664 619 2928 488 2478 1299 330 182 969 133 1179 29000 185 194 98 114 28815 7367 5398 1969 855 159 21448 2701 2697 1398
is_linear=0
shrinkage=0.05


Tree=108
num_leaves=31
num_cat=0
split_feature=34 31 38 39 19 0 24 31 19 15 15 36 24 19 18 38 12 3 19 19 12 39 2 0 3 15 47 19 19 39
split_gain=2.86492 4.99791 5.96978 8.52344 5.17575 5.02482 4.2345 4.82739 4.62339 4.09966 10.6106 5.77352 5.61445 5.67947 5.34526 4.77344 5.67988 8.07231 5.9131 4.29003 4.01714 3.84842 3.66073 12.6626 6.39102 6.97779 6.42916 6.25911 5.29164 7.0662
threshold=1.0000000180025095e-35 17.500000000000004 19.850000000000005 56.150000000000013 4.4207118055555563 5194.9100000000008 18.419166666666669 11.500000000000002 24.416319444444447 9724.5000000000018 8074.0000000000009 1.0000000180025095e-35 21.046747685185188 31.13651620370371 1.0000000180025095e-35 238.35000000000005 2796.3650000000007 -0.16885834762047489 26.866394675925928 15.448790509259261 4184.2500000000009 302.75000000000006 1.8320688648099643 1415.4550000000002 1.2939814117005641 54943.500000000007 1.0000000180025095e-35 21.748489583333338 28.0437962962963 130.05000000000004
decision_type=2 2 2 2 2 2 2 2 2 2 2 2 2 2 2 2 2 2 2 2 2 2 2 2 2 2 2 2 2 2
left_child=9 2 -2 -4 5 -3 7 -5 -8 10 -1 12 14 -14 21 22 -17 18 -18 -13 -19 -12 27 24 25 -24 -27 -11 29 -29
right_child=1 4 3 6 -6 -7 8 -9 -10 15 11 19 13 -15 -16 16 17 20 -20 -21 -22 -23 23 -25 -26 26 -28 28 -30 -31
leaf_value=0.0013172103552905822 -0.029819896712791973 0.076815252043908641 0.11282104449330672 0.011490041249505254 0.0032233146303555708 0.0065692525750895656 0.04378757967792251 -0.034205692057884429 -0.014457263878398184 -0.019466616436409245 0.11167155380429164 -0.036253329045646342 -0.017516200691688893 0.077595780494042282 -0.0037032655148396781 -0.0058579170444671797 0.13651918612682135 0.0613562505976658 -0.017460869680776325 0.040657769406561628 -0.017990829421427598 -0.015030119927845715 6.3595959596112224e-05 -0.0039625487063507806 -0.0078831899561137408 0.18723743905904788 -0.012915413045423929 -0.0070727702849332948 -0.011682254782040441 0.0500041156026979
leaf_weight=171.60074909613468 10.400577936321495 6.772678139619531 0.96880603395402332 12.831674550659956 9.4641196567099524 4.0853062383830547 9.8297707051970047 9.0160334089305234 4.3812704524025312 87.724229212617502 5.506661915220322 3.1169750774279228 3.9906689934432507 1.3345282906666396 1.3675475800409911 10.29808389535174 1.93345442134887 1.3537420351058234 0.52860130043700326 2.2434598975814879 4.0434794770553708 0.41767625510692585 0.97197495307773341 47.025449717417359 1.3342661117203531 1.3060503466986118 0.33744089351966966 10.395965603180231 25.716451229760423 9.8623151890933496
leaf_count=11778 821 332 32 616 772 107 394 800 364 9033 376 234 252 94 73 656 149 76 60 142 272 29 86 2866 104 80 28 986 2835 774
internal_value=0 0.0110412 0.00195942 0.0114353 0.0311506 0.0531681 0.0057404 -0.00803927 0.0260607 -2.35614e-05 0.00524842 0.0407263 0.0580349 0.0148188 0.0840018 -0.00495264 0.0188585 0.0482503 0.107965 -0.00273286 0.00839121 0.101858 -0.00738274 0.00396201 0.0800507 0.114683 0.156802 -0.0117054 0.00320281 0.021759
internal_weight=0 67.7502 47.4281 37.0276 20.3221 10.858 36.0587 21.8477 14.211 392.41 189.578 17.9775 12.6171 5.3252 7.29189 202.832 18.1574 7.85928 2.46206 5.36043 5.39722 5.92434 184.674 50.9752 3.94973 2.61547 1.64349 133.699 45.9747 20.2583
internal_count=35221 4238 3027 2206 1211 439 2174 1416 758 30983 12978 1200 824 346 478 18005 1213 557 209 376 348 405 16792 3164 298 194 108 13628 4595 1760
is_linear=0
shrinkage=0.05


Tree=109
num_leaves=31
num_cat=0
split_feature=37 19 0 21 40 3 3 12 21 15 24 31 31 24 17 24 12 31 2 38 13 0 19 40 17 3 15 21 40 13
split_gain=2.60168 2.44318 5.57603 5.4521 5.37627 7.00881 5.28768 5.25101 7.06817 4.88855 7.18689 4.49749 3.8481 3.72282 3.29472 3.13028 3.13266 3.38303 3.41949 3.09778 3.06637 3.15775 2.98936 2.50328 3.96895 4.69888 5.46883 4.65654 4.92479 5.75453
threshold=1.0000000180025095e-35 33.930873842592597 1516.0750000000003 32.354155092592599 0.75791179554519872 0.57939049587116276 1.2031186566267691 7063.6400000000003 39.078449074074079 14954.500000000002 35.324913194444456 14.500000000000002 13.500000000000002 38.954207175925937 9.5000000000000018 38.285839120370376 892.5350000000002 9.5000000000000018 0.4298690680475688 145.95000000000002 40.500000000000007 648.95500000000004 19.888692129629636 1.695906550379114 4.5000000000000009 0.68420605713584803 560.50000000000011 5.1750520833333349 2.4861928541004268 15.500000000000002
decision_type=2 2 2 2 2 2 2 2 2 2 2 2 2 2 2 2 2 2 2 2 2 2 2 2 2 2 2 2 2 2
left_child=1 3 7 23 5 9 -6 8 -3 10 19 12 -11 20 15 -10 -17 -18 -19 -5 21 -9 -7 -1 -25 26 -26 -28 29 -29
right_child=-2 2 -4 4 6 22 -8 13 14 11 -12 -13 -14 -15 -16 16 17 18 -20 -21 -22 -23 -24 24 25 -27 27 28 -30 -31
leaf_value=0.00082305337810252295 0.054605917531750675 -0.032792338596349217 -0.030562516370409479 0.16392126647961175 -0.038037223490629414 0.029072016868585931 0.038859369562476404 -0.011092948807152317 -0.019482176344202674 0.011346814876078781 -0.0024523764727654605 -0.030769181715037914 0.12223526271595163 -0.019488592566736313 -0.024640107550599335 -1.9164265099358733e-05 -0.012887313217182098 -0.010715692529040016 0.14374342960412251 0.011984666506599725 -0.013421093950710223 0.13404961871958132 -0.035428898417695705 -0.026741321965222178 -0.027713199360249359 -0.0070862123693325148 -0.013223725506097423 0.020263884123911495 -0.0092695978634514207 0.11204050342146402
leaf_weight=385.56118542118929 1.3750569615513075 7.3892218365799653 16.235987100051716 2.0207603448070612 4.3500283430330446 2.9890536991879344 2.8592649181373417 0.28000484639778678 0.62949362467043135 2.2223445679992442 1.0632253675721584 1.5204095025546847 0.44707118254154909 0.61613688617944706 0.94962474890053261 0.98478270741179619 0.33966419519856561 0.26884111529216159 1.3042435362003741 0.56548622949048866 0.35714161489158858 1.150025008479133 2.2679312224499881 3.4664175193756845 1.7613825756125177 6.8469315748661748 1.789729403797536 3.1639312738552672 1.545240231323987 4.8067217571660876
leaf_count=28648 23 996 1835 130 425 43 67 33 86 183 51 132 28 56 107 109 26 29 93 36 32 102 182 322 100 361 156 245 120 409
internal_value=0 0.00211709 -0.0113328 0.00309705 0.0277591 0.0457536 -0.00652086 0.0111161 -0.00424119 0.072943 0.109447 0.026185 0.0581691 0.0659066 0.0402683 0.0593269 0.0770541 0.103119 0.123441 0.143305 0.0917764 0.11276 3.04672e-05 0.00180775 0.0173464 0.0259325 0.0425076 0.0548108 0.0676473 0.08193
internal_weight=0 459.752 30.5052 429.247 20.3056 13.0963 7.20929 14.2692 11.8659 7.8393 3.64947 4.18983 2.66942 2.40331 4.47665 3.52703 2.89753 1.91275 1.57308 2.58625 1.78717 1.43003 5.25698 408.942 23.3804 19.9139 13.067 11.3056 9.51589 7.97065
internal_count=35165 35142 3504 31638 1277 785 492 1669 1446 560 217 343 211 223 450 343 257 148 122 166 167 135 225 30361 1713 1391 1030 930 774 654
is_linear=0
shrinkage=0.05


Tree=110
num_leaves=31
num_cat=0
split_feature=31 19 15 21 15 10 14 19 24 40 21 21 21 14 11 12 38 12 12 17 40 15 15 15 17 19 2 14 12 0
split_gain=3.64698 3.28146 4.79024 3.68005 3.43759 8.3786 11.6697 3.12715 3.74931 3.49569 3.72393 4.93226 3.01186 3.79116 2.93815 5.45079 7.49165 5.60852 6.56209 6.51762 10.8787 13.0918 8.07494 8.27212 6.27337 9.27005 6.4315 6.31478 7.31064 8.00875
threshold=6.5000000000000009 32.042962962962967 260737.50000000003 40.297361111111115 1915.5000000000002 1134.1650000000002 37157.825000000004 12.109392361111114 8.3901446759259262 2.278984058812735 32.762899305555564 33.610862268518524 41.245567129629642 23747.250000000004 2.5000000000000004 864.92000000000019 78.450000000000017 1672.4850000000004 2332.0250000000001 3.5000000000000004 0.25536703836205943 27370.000000000004 57505.500000000007 35334.500000000007 6.5000000000000009 21.886267361111113 2.2007905464206332 64020.635000000002 6523.9450000000006 4948.7350000000015
decision_type=2 2 2 2 2 2 2 2 2 2 2 2 2 2 2 2 2 2 2 2 2 2 2 2 2 2 2 2 2 2
left_child=7 3 4 14 5 6 -3 8 -1 10 -9 -12 -6 -14 15 -2 17 19 -19 20 -17 -22 23 -21 27 26 -26 28 29 -20
right_child=1 2 -4 -5 12 -7 -8 9 -10 -11 11 -13 13 -15 -16 16 -18 18 24 22 21 -23 -24 -25 25 -27 -28 -29 -30 -31
leaf_value=0.00057016956868254044 -0.00794833340924978 -0.027462095590107583 0.068152362896164373 0.055375668774454628 -0.029753521263352345 -0.029977172663581388 0.15273506669558629 -0.040550657862616246 0.044593930107507257 0.057062608784308445 0.09328967153853264 -0.027270588243122448 0.066513062589144564 -0.028527330864121458 -0.0056276462406987231 -0.01027850805159035 -0.0082645834276100991 -0.021758368952412004 -0.01434093788855275 0.023920994763032832 0.013581383423663267 0.23808179145930369 -0.021850316106484836 0.12897725922998718 0.07501193979085119 -0.014402175192017606 0.001569215100343458 -0.023604428121754312 0.053983615536699753 0.055075276909016993
leaf_weight=8.026820297352975 73.19422168075107 1.1872522430494421 0.68309675017371674 1.9338422268629063 29.184143881313506 3.6754676406271756 0.95934021240100253 5.4427250279113641 11.26828970434144 0.71421139501035202 0.52963167475536455 1.1666190135292707 1.0956251011230045 1.2755996393971143 175.07570333220065 1.491874593310061 44.002847562311217 12.783529770793391 17.487104456871755 10.615960931871088 1.2453813902102409 0.73327276203781355 5.9446592573076478 1.4886525142937888 11.395426392555239 5.7551498445682219 3.9819251028820863 12.552241501631213 8.4670406542718393 4.3603300456888965
leaf_count=330 6036 130 42 38 3492 337 51 442 250 15 18 133 61 109 13066 180 3806 967 1378 733 84 60 477 99 725 356 110 945 446 156
internal_value=0 -0.00179254 -0.0156135 -0.00041609 -0.0188803 0.014517 0.0760167 0.016783 0.0272104 -0.00901658 -0.0218262 0.0310112 -0.0252989 0.0220898 -0.000833042 0.00307018 0.00875343 0.0163777 0.00979264 0.0383949 0.0933991 0.148777 0.0234708 0.0456973 0.0163326 0.0379683 0.0572512 0.00504418 0.0172816 0.0013174
internal_weight=0 430.57 38.0605 392.509 37.3774 5.82206 2.14659 27.1483 19.2951 7.85319 7.13898 1.69625 31.5554 2.37122 390.575 215.5 142.305 98.3025 76.7827 21.5198 3.47053 1.97865 18.0493 12.1046 63.9992 21.1325 15.3774 42.8667 30.3145 21.8474
internal_count=35072 33884 4222 29662 4180 518 181 1188 580 608 593 151 3662 170 29624 16558 10522 6716 5083 1633 324 144 1309 832 4116 1191 835 2925 1980 1534
is_linear=0
shrinkage=0.05


Tree=111
num_leaves=31
num_cat=0
split_feature=8 3 3 24 24 15 40 21 15 2 38 15 31 19 24 12 40 2 15 23 31 19 0 2 40 9 3 19 19 21
split_gain=3.11949 3.40506 3.34458 4.29427 3.21596 3.01368 4.8396 4.07475 3.48473 3.25009 5.06868 4.20398 3.47776 3.87339 3.2465 3.21407 3.71631 7.12528 2.94283 2.91207 2.81457 2.68696 2.60637 2.59998 4.4391 4.72633 3.71426 3.56153 3.53965 4.9301
threshold=571.95500000000015 -1.7024704216429301 -2.5132825061993675 15.120520833333336 13.164380787037038 260737.50000000003 0.50951665710033245 18.070468750000003 174817.50000000003 0.40165897991267691 110.95000000000002 314.50000000000006 18.500000000000004 1.1685011574074078 34.064554398148154 21872.585000000003 1.0008222506444351 0.33255108849206044 170853.50000000003 1.0000000180025095e-35 15.500000000000002 2.8061574074074076 144.99500000000003 0.57552840189194643 2.278984058812735 1.5000000000000002 -0.92576770551078658 2.1672627314814821 5.9782233796296298 3.5176504629629632
decision_type=2 2 2 2 2 2 2 2 2 2 2 2 2 2 2 2 2 2 2 2 2 2 2 2 2 2 2 2 2 2
left_child=1 2 3 4 22 8 7 -7 9 10 11 -3 13 -13 15 16 17 -15 23 -10 21 -2 -1 24 25 28 -25 -27 29 -11
right_child=20 5 -4 -5 -6 6 -8 -9 19 18 -12 12 -14 14 -16 -17 -18 -19 -20 -21 -22 -23 -24 26 -26 27 -28 -29 -30 -31
leaf_value=0.032308553668429003 0.049189706884169182 -0.010386437081189867 -0.026845287366213007 -0.026478900386424142 0.08165557685910492 0.015370412666158649 -0.018355441759459828 0.1073095733144932 -0.042395411399021733 -0.022225422520661134 -0.033917531577520345 0.0046192625950596455 -0.021910861081933124 -0.016525492359187235 -0.0152382180821526 0.0030269747242992811 0.005932430802872514 0.1586956560288745 0.058536888218286558 0.032188667952857283 0.071222914585281169 -0.032155947282861981 -0.025713244756668169 0.054545452637834585 0.067352559885887536 -0.023214619571313079 0.0025809730088696193 0.058833270503404346 -0.031612419472405832 0.03769511723044873
leaf_weight=3.6142045930027979 0.64509148895740454 2.6967875617556256 18.700903450371698 5.0205948147922754 1.1735667111352084 3.092864259844645 2.5204697370063514 1.51850995933637 6.1160807735286644 7.7061426031868887 2.026519992388784 1.9701533359475432 0.76418579230085004 0.48350188601762134 0.43067378224804986 0.81816967949271191 0.77726604044437397 2.5369393355213106 1.295192158082499 0.8330152854323386 2.0821997462771833 1.652495182584971 2.3944293987005949 2.4762899209745219 0.78569145500659843 1.3793516671285022 350.92045152653009 2.7137931645847857 21.701341381995007 4.6689828834496439
leaf_count=134 26 148 1492 238 19 347 245 60 601 828 230 122 84 43 45 50 69 153 130 40 86 113 138 217 60 54 26594 137 2290 310
internal_value=0 0.00168144 -0.0140741 0.00604884 0.029244 0.00287075 0.0330244 0.0593739 0.00227168 0.00290651 0.0270319 0.0407483 0.0576357 0.0679515 0.0878232 0.0984403 0.11408 0.133513 0.00207362 -0.0305301 0.0399925 -0.0013258 0.00881719 0.00173888 -0.0103596 -0.0136379 0.00309798 0.0320546 -0.0198837 0.00150991
internal_weight=0 451.136 30.9037 12.2028 7.1822 420.232 7.13184 4.61137 413.101 406.151 12.5042 10.4777 7.78089 7.0167 5.04655 4.61588 3.79771 3.02044 393.647 6.9491 4.37979 2.29759 6.00863 392.352 38.9553 38.1696 353.397 4.09314 34.0765 12.3751
internal_count=35103 34878 2021 529 291 32857 652 407 32205 31564 944 714 566 482 360 315 265 196 30620 641 225 139 272 30490 3679 3619 26811 191 3428 1138
is_linear=0
shrinkage=0.05


Tree=112
num_leaves=31
num_cat=0
split_feature=19 17 31 24 19 24 38 13 24 21 21 21 38 0 24 12 14 39 39 0 0 26 12 13 24 24 31 24 12 14
split_gain=3.33329 6.24634 5.34665 4.4125 6.28376 7.69073 6.39401 5.82227 7.54132 4.54417 4.38967 4.2606 5.44794 7.18667 5.88986 4.51794 5.05794 4.14967 7.31892 5.19028 6.41324 4.81356 4.03911 3.99114 3.89467 3.74465 4.93324 3.68615 4.8538 3.62059
threshold=2.8061574074074076 7.5000000000000009 20.500000000000004 14.963761574074075 13.648599537037038 21.764444444444447 15.450000000000001 26.500000000000004 27.22579282407408 14.25969328703704 15.024299768518519 9.1417245370370388 14.65 307.37500000000006 2.2026562500000004 7880.5100000000011 64020.635000000002 54.750000000000007 43.350000000000001 1371.8750000000002 4402.8150000000014 1.0000000180025095e-35 11313.460000000001 27.500000000000004 0.14159143518518522 15.89836226851852 13.500000000000002 11.195353009259263 1757.6050000000002 12912.475000000002
decision_type=2 2 2 2 2 2 2 2 2 2 2 2 2 2 2 2 2 2 2 2 2 2 2 2 2 2 2 2 2 2
left_child=1 2 11 17 5 6 -5 9 -9 -7 23 12 13 -1 15 -15 24 18 -2 -20 -21 -19 29 25 -17 -8 -27 28 -4 -3
right_child=3 22 27 4 -6 7 10 8 -10 -11 -12 -13 -14 14 -16 16 -18 21 19 20 -22 -23 -24 -25 -26 26 -28 -29 -30 -31
leaf_value=0.087739670095094313 -0.0028261300596128139 0.056377515655276961 0.095036427900996562 -0.032384633136546014 -0.0019149585133641685 -0.030630115512999552 0.15148545823240628 0.10337041531839153 -0.023733940716848409 0.026640242074885512 0.0098748751157112583 0.019893524303733184 -0.015161858012119576 0.0040590865381450554 -0.015201101797597594 0.003523198152865037 -0.02119914438722368 -0.01640760395615723 -0.019619154129685134 0.16024853937371439 -0.013092375314098379 0.070703282591091376 0.044275902223217312 -0.0020680706856983934 0.13489715698124363 0.084271153102083149 0.002998285425384049 -0.018441593695530428 0.016100677222866257 0.0014483823374207389
leaf_weight=1.802314421627673 14.651522900909187 2.5725687071681049 2.4744666512124223 1.6996337110176707 171.59521095710807 11.141398233361544 1.2125439196825007 1.6628437838517123 1.5337332100607453 3.9711906942538908 4.2182513214647761 16.641912421677262 60.519775237422436 5.3730424188543129 15.416496686171739 0.80783377727493721 0.70037805382162321 86.044867055956274 0.63227428868412916 0.89708774955943205 0.54665433731861413 0.6455409056507041 14.478177479468284 1.5039175003767002 1.4139613118022678 4.5763273667544127 2.9214795874431729 2.1245083790272465 5.6349468599073589 19.074542421381921
leaf_count=108 1514 100 102 160 14565 677 77 64 107 116 224 247 4370 530 1700 51 58 7792 61 59 41 39 503 96 95 141 166 105 209 1031
internal_value=0 0.0068755 0.0010163 -0.00220138 0.0020331 0.0212023 0.0452818 -0.00126028 0.0512617 -0.0148616 0.0559339 -0.00254294 -0.00706163 0.0119994 0.0029249 0.034623 0.075458 -0.0105763 0.0117049 0.0818371 0.116115 -0.01496 0.0246678 0.0723784 0.10305 0.0841215 0.056683 0.0337733 0.0479754 0.0101774
internal_weight=0 149.035 112.91 309.454 206.037 34.4413 16.1322 18.3092 3.19658 15.1126 14.4325 102.676 86.0338 25.514 23.7117 8.29522 2.92217 103.418 16.7275 2.07602 1.44374 86.6904 36.1253 10.2143 2.2218 8.71035 7.49781 10.2339 8.10941 21.6471
internal_count=35108 9209 7575 25899 16393 1828 864 964 171 793 704 7159 6912 2542 2434 734 204 9506 1675 161 100 7831 1634 480 146 384 307 416 311 1131
is_linear=0
shrinkage=0.05


Tree=113
num_leaves=31
num_cat=0
split_feature=40 33 40 15 15 21 21 19 38 38 25 40 15 20 15 14 0 24 14 11 21 39 38 15 40 21 14 40 40 38
split_gain=3.23707 3.67034 3.78901 2.50668 2.90073 5.53875 7.50524 3.47419 5.62819 3.90996 2.71448 2.80838 3.9784 3.96144 3.35741 2.71557 2.67811 3.19444 2.67738 2.6333 2.68602 2.54182 3.40164 2.50013 3.24479 3.3444 3.15924 3.77732 7.71199 11.3075
threshold=1.1489927532088655 0.48528138528138537 1.8410081548765878 113694.50000000001 82348.500000000015 25.989797453703705 28.272054398148153 5.2524305555555566 37.650000000000013 442.30000000000001 1.5000000000000002 1.6732609781266048 26593.000000000004 1.5000000000000002 5272.5000000000009 33225.830000000009 2014.9600000000003 19.878454861111113 126487.625 2.5000000000000004 0.037644675925925929 111.35000000000001 32.150000000000013 260737.50000000003 0.50951665710033245 18.070468750000003 9623.215000000002 0.069221390795832755 0.10168889711114308 72.950000000000017
decision_type=2 2 2 2 2 2 2 2 2 2 2 2 2 2 2 2 2 2 2 2 2 2 2 2 2 2 2 2 2 2
left_child=23 3 -3 4 7 -6 -7 8 19 -10 11 -9 14 16 15 -13 17 -14 21 -2 -21 22 -17 26 25 -25 -1 -28 29 -29
right_child=1 2 -4 -5 5 6 -8 10 9 -11 -12 12 13 -15 -16 18 -18 -19 -20 20 -22 -23 -24 24 -26 -27 27 28 -30 -31
leaf_value=-0.0078396478263832899 0.066299998084917058 -0.011754360773202467 0.078250754067383591 -0.042179117518980215 -0.014872132152012232 0.15841649354967727 -0.00083314083353429281 -0.030892917179738372 -0.022095390446676164 0.052514250617080642 0.036395706810638334 -0.033805491083919399 -0.013205836671101177 -0.016838304244719847 -0.043479261293628363 -0.0096568030945545866 -0.0011893663294074803 0.11878479175866377 -0.026248841802294448 0.043059006515473786 -0.021800427974807014 0.0039778628428111225 0.11507937643047139 0.012580221792290128 -0.014781461651146331 0.0919045104180439 -0.0035924235899099585 0.085061704721391129 0.0069927959505713642 -0.022322085575040729
leaf_weight=47.552426001289859 3.3008706094697144 1.7552391062490635 1.5292312577366827 4.3405305652413508 3.1793366721831253 0.43603450804948796 1.5047049738932399 23.889695128891617 12.174723383970557 1.0629387726075936 1.3379400470294047 1.991411629132928 0.35334016429260318 1.9812577276024965 5.766930891899392 0.58283329615369461 1.0275794127956031 1.0642708330415187 1.1723886395338921 1.9621328543871639 2.5418735207058489 2.2591979494318366 0.77217950159683824 3.2687199525535098 2.1592550103086978 1.7858270192518828 79.777056449791417 6.3768309094011766 238.60864864033647 3.1500948099419475
leaf_count=4390 138 142 59 414 294 25 115 2345 835 30 66 190 38 230 569 32 81 89 83 76 110 138 37 364 191 66 7189 327 16378 298
internal_value=0 -0.00654167 0.0386345 -0.0090791 -0.00639965 0.0266744 0.076649 -0.00945088 0.0069281 -0.0128369 -0.0175896 -0.0201845 -0.0042305 0.0321981 -0.0185124 0.00558909 0.0652853 0.0940317 0.0249885 0.0381016 0.00914464 0.0436956 0.0801084 0.00469819 0.0320233 0.0511568 0.00408952 0.00583801 0.0088722 0.0508075
internal_weight=0 75.9866 3.28447 72.7022 68.3616 5.12008 1.94074 63.2416 21.0425 13.2377 42.199 40.8611 16.9714 4.42645 12.5449 6.77801 2.44519 1.41761 4.7866 7.80488 4.50401 3.61421 1.35501 382.679 7.2138 5.05455 375.465 327.913 248.136 9.52693
internal_count=35339 6136 201 5935 5521 434 140 5087 1189 865 3898 3832 1487 438 1049 480 208 127 290 324 186 207 69 29203 621 430 28582 24192 17003 625
is_linear=0
shrinkage=0.05


Tree=114
num_leaves=31
num_cat=0
split_feature=2 11 3 0 38 3 47 13 24 31 2 24 24 13 13 11 10 0 0 14 14 40 40 24 23 13 2 20 11 13
split_gain=4.5835 4.64285 5.74477 8.34974 7.42779 4.22534 4.17482 4.51091 4.76171 4.40035 3.56317 3.34671 4.79942 3.14061 6.03573 7.5179 9.80233 10.1174 8.0598 4.02497 5.65943 5.1217 3.90682 3.25455 3.21694 3.11111 3.10029 2.92063 3.05573 3.77293
threshold=1.8320688648099643 4.5000000000000009 1.8135750540266267 19624.755000000005 39.550000000000004 1.7664787029012319 1.0000000180025095e-35 13.500000000000002 24.766464120370376 9.5000000000000018 1.9954938499267516 25.679039351851856 10.117042824074076 36.500000000000007 45.500000000000007 5.5000000000000009 1134.1650000000002 2354.9400000000005 758.59500000000014 236325.32500000004 164748.44500000004 0.50951665710033245 1.0511279134985219 29.138825231481487 1.0000000180025095e-35 18.500000000000004 2.6322310222505925 2.5000000000000004 2.5000000000000004 24.500000000000004
decision_type=2 2 2 2 2 2 2 2 2 2 2 2 2 2 2 2 2 2 2 2 2 2 2 2 2 2 2 2 2 2
left_child=13 2 3 4 6 -3 7 9 25 -2 -8 12 -11 19 15 -15 17 18 -17 20 24 -21 27 -16 -1 -9 -13 28 -23 -30
right_child=1 5 -4 -5 -6 -7 10 8 -10 11 -12 26 -14 14 23 16 -18 -19 -20 21 -22 22 -24 -25 -26 -27 -28 -29 29 -31
leaf_value=-0.0045854463734249029 -0.0010180327291544158 -0.034480302513135809 0.001423139214522272 -0.038271552684608787 0.011880881975904325 0.007428567829507517 0.054882122050507222 -0.036222412963759956 0.063846639420790496 0.050636030737087279 -0.030758629502563146 -0.012767006785466734 0.15937233029328485 -0.0071212023561091414 -0.035713127701556067 -0.014467157913878119 -0.0021432046203925547 -0.004417424158424439 0.19337527936972443 -0.0099092108624225655 -0.039458328729799708 0.11163235162793191 -0.0031272516180615405 0.027505365973418461 0.015026636766977254 0.027930563807215855 0.071356104160007622 -0.015863140612567158 -0.012000584312703207 0.069433518922952173
leaf_weight=260.88685504859313 1.395757045596844 9.4780603304971027 49.140069385059178 3.9727813648059955 26.867458285298198 13.46147154830396 0.86577801639214103 2.4945136746391636 4.3594262953847647 3.4027234208770079 2.4807450096122921 1.6316105611622336 2.5555188222788274 4.7464658643584716 5.1572400792501858 0.39941428694874126 2.6672833415213972 1.1650466320570556 1.8672039231751112 8.3063229967374372 10.093157795956357 2.017226491821928 3.4243975547142327 2.1698720341082662 21.75144064729102 3.1185018420219421 1.2618630928918717 0.76827875711023796 2.2184329312294722 2.0168192368000746
leaf_count=23426 88 755 1363 335 2112 341 54 167 255 224 167 120 162 472 422 37 215 112 136 735 959 103 283 143 1464 191 34 60 110 80
internal_value=0 0.00940642 0.0138985 0.0249373 0.0305636 -0.0106042 0.0505127 0.0586987 0.0301331 0.0813471 -0.00107329 0.0931196 0.113475 -0.00175409 0.017898 0.0401721 0.0727963 0.118384 0.163533 -0.00295423 -0.0044146 0.018913 0.0406966 -0.0159366 -0.00302847 -0.0017462 0.0328241 0.0597967 0.0699989 0.0326336
internal_weight=0 126.486 103.547 54.4067 50.4339 22.9395 23.5664 20.2199 9.97244 10.2475 3.34652 8.85172 5.95824 329.655 18.1725 10.8454 6.09895 3.43166 2.26662 311.483 292.731 18.7515 10.4452 7.32711 282.638 5.61302 2.89347 7.02076 6.25248 4.23525
internal_count=35125 6368 5272 3909 3574 1096 1462 1241 613 628 221 540 386 28757 1537 972 500 285 173 27220 25849 1371 636 565 24890 358 154 353 293 190
is_linear=0
shrinkage=0.05


Tree=115
num_leaves=31
num_cat=0
split_feature=25 20 19 19 38 3 39 21 38 36 21 15 12 19 12 14 15 21 13 39 31 40 40 15 40 21 19 26 12 15
split_gain=2.66629 2.69909 6.86174 8.5216 7.79486 6.63613 5.63704 4.99702 4.28323 3.94217 3.75419 3.6236 6.95072 3.26576 3.20676 3.00931 2.78505 4.31474 5.26976 2.64464 2.29213 6.82653 3.33629 5.43021 4.30302 4.05169 4.44398 3.30378 4.18817 3.40655
threshold=2.5000000000000004 2.5000000000000004 8.2608796296296312 4.0000925925925932 154.95000000000002 0.60029174912965466 345.25000000000006 6.4928182870370383 31.650000000000002 1.0000000180025095e-35 9.8378356481481486 2077.5000000000005 2363.4600000000005 24.09822916666667 33363.910000000011 65076.790000000015 200.50000000000003 4.6232118055555569 16.500000000000004 99.65000000000002 20.500000000000004 1.8410081548765878 1.3000996624083621 8370.5000000000018 1.2886462660851996 17.353651620370375 24.09822916666667 1.0000000180025095e-35 3791.8500000000004 81643.500000000015
decision_type=2 2 2 2 2 2 2 2 2 2 2 2 2 2 2 2 2 2 2 2 2 2 2 2 2 2 2 2 2 2
left_child=1 16 3 10 7 6 -6 -5 9 -9 14 12 13 -4 -3 -16 17 18 -1 -20 22 -22 24 25 27 -24 -27 29 -29 -18
right_child=-2 2 11 4 5 -7 -8 8 -10 -11 -12 -13 -14 -15 15 -17 20 -19 19 -21 21 -23 23 -25 -26 26 -28 28 -30 -31
leaf_value=-0.019274229265204137 0.045755956858080517 -0.029090427157259555 -0.005447649669996172 -0.033753809583642623 0.21618698661663555 -0.014616658031347872 -0.0096956955943970774 0.0023368224177398203 -0.0023508414720557771 0.12464207712947467 0.021772798814066085 -0.027416416406526607 -0.017305067741907751 0.11877588118253911 0.079509740054664199 -0.015669437450125865 0.0033512605022066608 -0.026700839392977155 -0.012337157807329567 0.074078302871617194 -0.018958220755657024 0.07361582376880331 -0.0097992652054111479 -0.021767153019053603 0.082519456318177198 0.068080982476671451 -0.0021270790951583253 -0.013903536495690087 0.090873002867930985 0.017641680230974198
leaf_weight=4.2965885044541237 2.3924616035073987 12.731194816995417 0.6394456811249245 1.9943085345439602 0.50038185855373718 0.40006983792409301 0.23742188140749931 1.0101884128525853 2.3395121830981225 1.1303578689694405 7.1753808148205271 33.731086295330897 5.390063434606418 0.74080183729529381 0.53137187985703249 1.2409302308224139 240.62987852864899 16.91574970795773 0.83408861886709962 2.6277035647071898 21.314904424827549 1.2031578482128669 8.4567221049219388 26.059959745034575 0.88009028369560738 4.1272909156978113 3.9170163827948272 1.1664351271465414 1.4988532881252465 49.645526605192572
leaf_count=270 26 995 44 199 41 31 25 90 205 50 105 3606 432 46 29 67 18597 951 43 102 1551 57 610 2232 76 198 358 70 57 3948
internal_value=0 0.00125563 -0.00772028 0.0105117 0.052624 0.136538 0.179747 0.0215817 0.0478789 0.0860454 -0.00594388 -0.0208414 0.0112291 0.0831149 -0.0201762 0.0312538 0.00290465 -0.0130227 0.0164436 0.0551587 0.00403279 -0.0110921 0.00507515 -0.00787574 0.00697148 0.0140531 0.0374393 0.00646455 0.0537358 0.00584751
internal_weight=0 453.366 69.7925 29.2911 7.61224 1.13787 0.737804 6.47437 4.48006 2.14055 21.6789 40.5014 6.77031 1.38025 14.5035 1.7723 383.574 24.6741 7.75838 3.46179 358.9 22.5181 336.382 42.561 293.821 16.501 8.04431 292.941 2.66529 290.275
internal_count=35111 35085 5965 1837 641 97 66 544 345 140 1196 4128 522 90 1091 96 29120 1366 415 145 27754 1608 26146 3398 22748 1166 556 22672 127 22545
is_linear=0
shrinkage=0.05


Tree=116
num_leaves=31
num_cat=0
split_feature=21 19 20 15 2 14 12 15 38 24 24 15 38 19 19 0 0 13 0 12 35 24 24 5 31 21 20 2 38 0
split_gain=2.90383 7.36683 4.47843 4.42784 5.26005 6.60531 5.87453 9.50067 5.23509 4.28119 7.51094 3.7243 5.25149 5.45785 4.64849 4.68277 3.59994 3.52358 3.51221 4.2689 3.52773 3.14001 8.18428 5.85309 4.96665 4.40537 4.04019 4.05793 4.00674 3.75768
threshold=9.6631539351851874 10.01113425925926 2.5000000000000004 54312.500000000007 1.21463102553455 28321.844999999998 7260.4000000000005 86860.000000000015 114.95000000000002 10.56056712962963 17.305133101851855 8527.5000000000018 35.750000000000007 5.0473958333333337 7.3275636574074081 2948.9600000000005 189.56500000000003 8.5000000000000018 1274.1850000000002 14958.625000000002 1.0000000180025095e-35 10.56056712962963 11.910248842592594 1.0000000180025095e-35 20.500000000000004 3.5176504629629632 1.5000000000000002 3.2431217894498432 80.65000000000002 4609.9600000000009
decision_type=2 2 2 2 2 2 2 2 2 2 2 2 2 2 2 2 2 2 2 2 2 2 2 2 2 2 2 2 2 2
left_child=16 9 -3 18 -5 -6 7 8 -7 11 -11 -2 14 -14 -13 -16 -1 -12 19 -4 -20 24 28 26 29 -26 27 -24 -23 -18
right_child=1 2 3 4 5 6 -8 -9 -10 10 17 12 13 -15 15 -17 21 -19 20 -21 -22 22 23 -25 25 -27 -28 -29 -30 -31
leaf_value=0.027062493207416174 0.010509658322108602 0.0038614230771669791 -0.013863221075713804 -0.018808241336485291 -0.0112446063412961 0.19622016418167365 -0.020306218924604352 -0.020210399068677387 -0.010186329013241416 -0.015198537052100246 -0.011932677926944546 0.0344875311029108 0.060000153211777624 -0.03329387730101812 0.19225902891802482 -0.002672966700952439 -0.0083824958535665874 0.046151732234338556 -0.044442448528036374 0.074203756945041291 0.046429004748343952 0.067001191245513486 -0.0044858959135939428 0.040840994194792396 0.042183536022282767 -0.022890559653654666 0.052520009539915806 -0.039905677475488177 -0.020074551063880872 -0.03121660101119831
leaf_weight=8.0139716861303878 5.2899701306596381 193.42311480152421 8.6900155348703265 6.8583787234965694 2.8194172859657556 1.0152499270625415 0.67092666099779297 0.66527915094047774 0.25065089622512449 13.216512996237727 2.8209169139154247 2.1711010010913019 2.6892613982781768 1.8791973376646636 0.85379412118345477 0.33699517417699099 77.389551720349118 12.008470228873191 15.711270368890837 0.60413574893027622 0.35072609502822238 5.6239456455223253 43.390238431748003 5.7868639901280394 6.8778981496579927 3.1135103669948876 1.625876436010002 9.0352659854106587 1.1623443774878977 23.014442291576415
leaf_count=332 206 15958 999 808 282 63 82 71 25 536 81 41 52 181 69 25 7104 198 1508 44 4 199 3788 56 303 241 12 217 84 1775
internal_value=0 0.00428913 0.000774923 -0.0147769 0.00936429 0.0423823 0.0874785 0.119077 0.168892 0.0234821 0.0116608 0.0459765 0.0658087 0.022537 0.105963 0.161054 -0.00380978 0.0350468 -0.0263801 -0.00148647 -0.0398533 -0.00535159 0.00319268 -0.00303264 -0.0104905 0.0216676 -0.0083864 -0.011223 0.0514243 -0.0138727
internal_weight=0 272.325 231.059 37.6361 12.2799 5.42152 2.60211 1.93118 1.2659 41.2662 28.0459 13.2203 7.93035 4.56846 3.36189 1.19079 185.034 14.8294 25.3561 9.29415 16.062 177.02 66.6245 59.8382 110.395 9.99141 54.0514 52.4255 6.78629 100.404
internal_count=35344 21233 19844 3886 1331 523 241 159 88 1389 815 574 368 233 135 94 14111 279 2555 1043 1512 13779 4356 4073 9423 544 4017 4005 283 8879
is_linear=0
shrinkage=0.05


Tree=117
num_leaves=31
num_cat=0
split_feature=25 20 19 19 38 24 17 15 3 0 2 31 38 40 40 14 24 19 3 0 3 24 12 40 2 3 13 15 8 3
split_gain=2.66364 2.1653 5.30817 8.07151 4.65407 4.1511 3.63659 5.78745 4.84124 3.70128 4.03973 3.52501 5.02726 4.58838 3.68205 3.28904 3.12126 3.46949 4.05109 2.75877 2.50865 3.89377 2.47787 4.0459 2.57209 2.48022 2.45333 2.28402 4.90219 4.76734
threshold=2.5000000000000004 2.5000000000000004 8.2608796296296312 3.3104918981481486 224.85000000000005 9.9625520833333354 9.5000000000000018 54312.500000000007 0.35608524014458703 1225.2350000000004 1.0663134700683445 8.5000000000000018 51.95000000000001 0.14777588964188465 1.0008222506444351 64020.635000000002 1.1173321759259263 0.77240162037037041 0.13998750789605158 1261.7700000000002 -1.3424770275225997 31.058819444444449 1.0000000180025095e-35 0.54289272674367295 0.96963600768059333 1.0866562629450454 9.5000000000000018 200.50000000000003 571.95500000000015 1.7261706761296711
decision_type=2 2 2 2 2 2 2 2 2 2 2 2 2 2 2 2 2 2 2 2 2 2 2 2 2 2 2 2 2 2
left_child=1 27 3 5 11 16 20 9 -9 10 -8 -5 13 -13 15 -15 17 -3 19 -19 21 -4 23 -22 -25 -26 -7 28 29 -1
right_child=-2 2 6 4 -6 26 7 8 -10 -11 -12 12 -14 14 -16 -17 -18 18 -20 -21 22 -23 -24 24 25 -27 -28 -29 -30 -31
leaf_value=-0.027769930276400213 0.045388823136199165 -0.016802635640742622 -0.017890083822677476 0.083668502484524163 0.12328645956878714 -0.022084099292184672 -0.014177485424933113 -0.018317028688116424 0.1241468384135031 -0.039681937879013252 0.09106724880414202 -0.024880422345259515 -0.037163341953604136 0.10745958455996657 -0.019519397964402739 -0.014684914824940089 -0.042049929852471309 -0.011057567233585967 -0.021323546850106401 0.12815650636246789 -0.035834666470504206 0.076145906534658275 -0.036839125749827333 -0.020455365433849685 0.090735630451365942 -0.014907210130197093 0.040827853249987001 0.0039635165796648043 0.034488422344765887 0.053286810088297193
leaf_weight=19.61493761069142 2.4831440113484851 5.429615052416926 2.7696836455725165 1.1168345795012973 0.72507776319980699 1.4360176175832737 1.7384728125762188 0.57052301196381427 0.70469832001253963 3.5900432837661356 0.51657224260270584 1.4140497406478969 2.7229191309306771 1.9894281141459949 0.6196634187363087 0.40697708167135704 7.7959950845688581 0.28031993797048904 0.71611905377358198 0.40044079255312681 2.4003615744877633 0.58230129536241282 23.633455171482638 0.68036722671240601 1.1132543124258516 0.41598331369459618 4.4285213798284531 359.48604924115352 3.869149988051503 1.0687955291941751
leaf_count=1150 32 378 269 64 51 23 190 80 48 374 31 128 290 104 53 34 546 33 55 30 253 68 2587 87 104 36 58 27813 190 17
internal_value=0 0.00148593 -0.00666219 0.00915281 0.0460572 -0.00843966 -0.0186325 0.0123159 0.0803727 -0.0121045 0.030502 0.0267167 0.00865295 0.0384713 0.0669726 0.0884999 -0.0223512 0.0026436 0.0537051 0.0983593 -0.0257709 0.0121889 -0.0305388 0.00256967 0.0424559 0.0674666 0.0244499 0.00294642 -0.0115175 -0.0213172
internal_weight=0 452.237 68.1977 29.482 8.99495 20.487 38.7157 7.12031 1.27522 5.84509 2.25505 8.26987 7.15304 4.43012 3.01607 2.39641 14.6225 6.82649 1.39688 0.680761 31.5954 3.35198 28.2434 4.60997 2.2096 1.52924 5.86454 384.039 24.5529 20.6837
internal_count=35176 35144 5974 1847 724 1123 4127 723 128 595 221 673 609 319 191 138 1042 496 118 63 3404 337 3067 480 227 140 81 29170 1357 1167
is_linear=0
shrinkage=0.05


Tree=118
num_leaves=31
num_cat=0
split_feature=12 19 21 14 19 17 0 0 14 13 38 40 19 0 24 15 3 0 14 9 0 24 19 11 24 19 31 31 12 31
split_gain=2.38011 3.40835 3.25006 6.00437 5.25098 8.89733 4.34603 7.99888 6.64594 7.04432 6.13199 5.86098 5.82284 5.4888 4.66014 4.90344 6.06541 6.26699 8.40044 6.02234 5.6653 4.91237 4.83083 4.91101 4.69367 4.36068 4.29851 5.03297 4.26352 4.91594
threshold=94732.095000000016 23.777048611111116 24.032991898148151 69164.580000000016 5.2524305555555566 7.5000000000000009 729.63000000000011 986.97500000000014 9435.1800000000021 9.5000000000000018 163.05000000000004 1.1392168552804802 29.55813078703704 1386.5050000000003 22.087204861111115 26593.000000000004 -0.44337661837674891 1737.7300000000002 17133.035000000003 1.5000000000000002 2389.5750000000003 25.940445601851856 27.958223379629633 3.5000000000000004 26.980086805555558 25.117436342592597 11.500000000000002 16.500000000000004 892.5350000000002 10.500000000000002
decision_type=2 2 2 2 2 2 2 2 2 2 2 2 2 2 2 2 2 2 2 2 2 2 2 2 2 2 2 2 2 2
left_child=2 -2 3 -1 5 -5 8 10 9 -4 11 28 13 -9 22 19 -17 18 -18 -16 -19 -22 25 -24 -23 -15 -7 -28 -8 -30
right_child=1 -3 6 4 -6 26 7 12 -10 -11 -12 -13 -14 14 15 16 17 20 -20 -21 21 24 23 -25 -26 -27 27 -29 29 -31
leaf_value=0.001747632691657173 0.032657510226323815 -0.028963851025291556 -0.022651772455644877 -0.023850130593619668 -0.026402824548661566 0.057664146751966017 0.0092548827652069073 -0.019543942675284452 -0.03001005651349364 0.079763690472656412 -0.031115363364425004 -0.015542833197248269 -0.0082085353608727703 0.051594627477538048 -0.012713880190375169 -0.034253042524477723 -0.019165358606964781 -0.032737722053391642 0.16641521193069039 0.063450539446986448 -0.02062603098480607 0.12457936426225727 0.1447765810863699 -0.014526273007600341 0.033977830020579962 -0.03124620905059769 -0.029163276131263446 0.037875892533399742 -0.0037700801783011463 0.10527059627178775
leaf_weight=251.43872950109653 10.826374232070519 1.9499647989869107 2.6037813690491047 16.635567100020129 39.920152358012274 5.8391485009342423 2.3288183168042433 7.7828909908421329 14.69879571162164 2.4501062068156898 1.5785029551479954 1.863192785764112 39.08973452844657 3.7190138925798228 16.832939929794524 2.0338030345737961 0.59834323544055124 2.2741962927393606 1.0706615257076917 2.0381024787202469 1.9311602516099799 1.2755104419775287 1.2810387136414645 0.39959341473877419 7.6842098869383335 1.5896743587218223 4.6108800875954312 4.6062240097671747 1.1267213216051457 6.2478931860532612
leaf_count=19241 434 182 315 1221 3377 234 188 560 1693 271 146 195 3931 169 1012 147 37 147 61 73 124 61 66 36 316 125 282 181 102 421
internal_value=0 0.0218329 0.000728803 -0.0019033 -0.0145697 0.000687395 0.00762933 0.0117573 -0.0133747 0.031973 0.0467332 0.0589878 0.00616689 0.0172352 0.0242282 0.0159773 0.034752 0.0457785 0.117631 -0.00170885 0.0290083 0.0435707 0.0591375 0.115611 0.0580892 0.0257674 0.0275957 0.00476741 0.0734138 0.0901501
internal_weight=0 12.7763 445.549 323.051 71.612 31.6918 122.499 102.746 19.7527 5.05389 13.1451 11.5666 89.6009 50.5111 42.7282 35.7389 16.8679 14.8341 1.669 18.871 13.1651 10.8909 6.98932 1.68063 8.95972 5.30869 15.0563 9.2171 9.70343 7.37461
internal_count=35348 616 34732 24536 5295 1918 10196 7917 2279 586 1052 906 6865 2934 2374 1978 893 746 98 1085 648 501 396 102 377 294 697 463 711 523
is_linear=0
shrinkage=0.05


Tree=119
num_leaves=31
num_cat=0
split_feature=21 2 21 15 12 33 31 39 14 13 41 39 39 40 14 40 21 38 24 13 15 14 31 21 38 15 3 19 0 17
split_gain=2.69361 4.6526 3.69473 2.92668 2.89135 2.35633 5.01657 3.98518 3.56463 3.89741 3.12811 2.92447 3.60239 4.52671 5.42965 6.4438 7.07099 5.5685 5.45316 5.3472 6.14665 3.93614 5.83404 3.93022 6.19577 7.05867 6.66837 7.04469 6.96283 4.91697
threshold=39.876035879629633 0.66924495471743384 35.315243055555563 113694.50000000001 892.5350000000002 0.35147058823529415 5.5000000000000009 64.15000000000002 23211.615000000009 18.500000000000004 1.0000000180025095e-35 145.05000000000004 161.05000000000004 1.159796027165432 30119.955000000002 0.43139727784315884 1.0000000180025095e-35 84.65000000000002 13.585810185185187 17.500000000000004 61577.000000000007 34372.085000000014 9.5000000000000018 1.3163020833333337 68.450000000000017 4820.5000000000009 1.1472526679698334 29.134178240740741 480.15500000000003 8.5000000000000018
decision_type=2 2 2 2 2 2 2 2 2 2 2 2 2 2 2 2 2 2 2 2 2 2 2 2 2 2 2 2 2 2
left_child=2 -2 5 -4 -3 6 -1 8 -7 -10 -9 -8 23 14 15 -14 -17 18 -16 20 -20 -15 -23 -13 -25 -26 27 28 -27 -30
right_child=1 4 3 -5 -6 7 11 10 9 -11 -12 12 13 21 17 16 -18 -19 19 -21 -22 22 -24 24 25 26 -28 -29 29 -31
leaf_value=0.031542004556502488 -0.033648700659010058 -0.012160578204225097 -0.02722814649856067 0.030583467136800376 0.052582634384640593 -0.025234699586063721 -0.0029241554605574801 -0.033079469374635025 0.089064582846715812 -0.021065044034908314 0.028779654398682065 -0.016448507994772276 -0.0023614695780175931 -0.038146029611086707 -0.024912798721662393 -0.026973469857477891 0.03998001495312023 -0.017719454338116669 0.019867153691237698 -0.0038902129191952894 0.119090217407472 0.072235624449780267 -0.013376768747184695 0.0065027531578446679 -0.010661391567218291 -0.019957577219019567 -0.02491790528743533 -0.022649557603890355 0.14228080628251563 0.0047924052963827703
leaf_weight=12.573083291295914 1.9804539931938041 1.7856553758028875 17.639179272111509 1.6437839225400228 6.9127289138268679 1.4110005861148267 233.20942159555852 14.857346936361864 1.4863403066992762 0.71296137385070313 1.566585015505553 5.0706752990372506 24.746802039211616 10.812919098418208 4.5576883866451672 3.8498119437135783 28.043481385102496 31.985584494424984 4.3924116338603181 4.9752702098339796 1.9576812754385171 1.4633207842707623 9.3914095186628384 14.139925769064577 2.7195738581940514 0.65082328440621484 0.96918365592136968 0.81298540602438141 4.6941798222251236 0.81463678716681887
leaf_count=286 218 166 2303 167 440 113 18569 1021 86 75 52 343 1917 1042 223 349 1920 2982 98 215 47 99 822 609 262 76 98 92 418 83
internal_value=0 0.0241384 -0.000189517 -0.0210351 0.0394083 0.000810802 0.00166081 -0.0155065 0.0270092 0.057938 -0.025866 0.000617295 0.0058948 0.00213118 0.0064707 0.0168206 0.0313238 -0.00586934 0.0176307 0.0353838 0.0624975 -0.0181616 0.00328443 0.021208 0.0292461 0.0562657 0.0778133 0.0934271 0.109771 0.125809
internal_weight=0 10.6788 441.148 19.283 8.69838 421.865 401.831 20.0342 3.6103 2.1993 16.4239 389.258 156.048 126.176 104.509 56.6401 31.8933 47.8686 15.8831 11.3254 6.35009 21.6676 10.8547 29.872 24.8013 10.6614 7.94181 6.97263 6.15964 5.50882
internal_count=35191 824 34367 2470 606 31897 30550 1347 274 161 1073 30264 11695 9714 7751 4186 2269 3565 583 360 145 1963 921 1981 1638 1029 767 669 577 501
is_linear=0
shrinkage=0.05


Tree=120
num_leaves=31
num_cat=0
split_feature=47 31 24 39 39 21 24 0 38 0 17 21 40 31 17 19 9 11 15 14 11 12 15 24 0 12 0 3 39 24
split_gain=2.66881 5.93692 4.42966 3.99685 7.14254 3.99661 4.15483 3.67528 3.93876 3.55109 3.30953 3.12795 3.11836 3.78672 4.22699 3.98929 3.76553 4.36787 4.07159 4.80613 3.93529 3.92268 3.43703 6.03157 6.44245 6.14673 5.55872 5.02164 6.08965 9.22925
threshold=1.0000000180025095e-35 8.5000000000000018 0.87126736111111114 94.15000000000002 118.75000000000001 5.9598958333333343 22.008049768518521 16254.955000000004 24.450000000000003 787.86500000000012 5.5000000000000009 36.925700231481493 1.4612576565892235 1.5000000000000002 6.5000000000000009 24.416319444444447 1.5000000000000002 8.5000000000000018 495.50000000000006 60114.135000000017 4.5000000000000009 12110.420000000004 83683.500000000015 23.206012731481483 5076.0300000000016 998.62000000000012 1344.0500000000002 -0.36458494436112016 168.45000000000002 30.285543981481485
decision_type=2 2 2 2 2 2 2 2 2 2 2 2 2 2 2 2 2 2 2 2 2 2 2 2 2 2 2 2 2 2
left_child=12 10 -3 -4 5 -5 9 8 -6 -7 -2 -8 16 -14 15 -15 17 22 19 -18 -20 -19 -1 24 -24 27 -27 -25 29 -29
right_child=1 2 3 4 7 6 11 -9 -10 -11 -12 -13 13 14 -16 -17 18 21 20 -21 -22 -23 23 25 -26 26 -28 28 -30 -31
leaf_value=-0.00063497939366320482 -0.01361347540771158 0.021246407546135264 -0.039382661010751552 -0.025701023740163777 0.041238415091544071 -0.01088611907039011 -0.031841106551493435 0.031980163786629899 -0.032895324100096178 0.10903859750500314 0.058878418149261105 0.061595024676026316 0.051166383076946334 0.014211982914043759 -0.031151800438486827 -0.0392911492872699 0.010897973532275347 -0.027874545656105493 0.02863027592461492 0.060444013866673134 -0.032385289201520034 0.053329700766531533 0.012140864898268818 -0.021706740254041273 -0.03720247322820517 0.16419080612562442 0.0054073596989456839 0.096541086716213073 -0.014140648344255656 0.0033956229561029126
leaf_weight=270.04824087675661 1.8810374098829914 6.8155641737394026 15.761662620119749 1.3813932798802877 1.113081353250897 0.55991217284463379 1.6923416350036862 2.1071660281158975 20.275037170387805 2.091984526719898 3.7351110777817667 0.34247457212768484 1.3626940953545261 14.763691032072531 17.807844483759254 3.4759017815813413 11.644204413751146 1.2053105575032521 3.6760290660895389 8.2002410171553475 5.1334579819813371 6.1555049803573638 26.330268861260265 4.1607512105256363 7.7275026193819931 0.6274109121877689 0.94033057661727071 5.1359588955529016 3.8574144740123311 4.8269602591171861
leaf_count=21652 136 492 1458 114 48 53 154 80 1818 148 220 41 44 1061 1479 401 526 102 190 220 335 326 2247 391 502 33 63 275 231 369
internal_value=0 -0.00871236 -0.0141414 -0.0198065 -0.00842246 0.0362081 0.0557663 -0.0209567 -0.0273676 0.0876707 0.0362106 -0.00100085 0.00270447 -0.0108523 -0.0145146 0.00250369 0.00414072 0.00260317 0.021216 0.0332892 -0.00660155 0.0382892 0.00167613 0.013117 0.000203333 0.0345103 0.108149 0.0227304 0.0366707 0.055839
internal_weight=0 57.7568 52.1406 45.3251 29.5634 6.06811 4.68671 23.4953 21.3881 2.6519 5.61615 2.03482 397.08 37.4101 36.0474 18.2396 359.67 331.016 28.6539 19.8444 8.80949 7.36082 323.655 53.6066 34.0578 19.5488 1.56774 17.9811 13.8203 9.96292
internal_count=35209 4762 4406 3914 2456 510 396 1946 1866 201 356 195 30447 2985 2941 1462 27462 26191 1271 746 525 428 25763 4111 2749 1362 96 1266 875 644
is_linear=0
shrinkage=0.05


Tree=121
num_leaves=31
num_cat=0
split_feature=14 38 21 39 14 14 31 47 3 21 3 14 24 19 3 17 24 19 19 40 3 21 12 40 40 38 12 3 38 31
split_gain=2.65123 5.34588 3.53979 3.81573 4.22558 3.00443 5.94087 5.31377 6.73327 4.94644 4.37092 4.14409 4.03677 6.43402 5.63512 5.2169 7.99059 3.35116 3.29209 3.23579 8.8957 7.75355 5.56004 5.07724 6.64128 5.49477 3.7626 3.55261 3.47987 3.48623
threshold=8285.2050000000017 186.05000000000004 0.089456018518518532 352.05000000000007 6932.3400000000011 14758.085000000001 12.500000000000002 1.0000000180025095e-35 1.5065341239183319 26.572285879629636 0.85856440734636363 9071.9500000000025 24.100549768518523 18.145758101851857 -0.7145645904394734 5.5000000000000009 31.89191550925926 25.623368055555559 19.988211805555562 0.037960529112611045 0.20004677664228573 0.089456018518518532 2625.2150000000006 0.41250559264233816 0.76408844833924039 69.050000000000011 554.50000000000011 1.0702477336806655 57.350000000000001 16.500000000000004
decision_type=2 2 2 2 2 2 2 2 2 2 2 2 2 2 2 2 2 2 2 2 2 2 2 2 2 2 2 2 2 2
left_child=1 -1 -3 4 -4 6 10 8 9 12 17 -11 13 19 -14 -16 -17 -2 -12 20 21 -8 23 27 25 -25 -27 -21 29 -26
right_child=5 2 3 -5 -6 -7 7 -9 -10 11 18 -13 14 -15 15 16 -18 -19 -20 22 -22 -23 -24 24 28 26 -28 -29 -30 -31
leaf_value=-0.015371472914264035 -0.028814069266559595 -0.029306856833838962 0.1006746451248402 0.0015361722364084223 -0.018944478551161954 0.0019711133703561178 -0.016535561102784653 -0.02120062306462376 -0.022932168043424107 0.066999337199309658 0.034765415787442321 -0.021416984952694052 -0.02081160406310318 -0.034524366425532672 0.017183349872259689 0.17037650207385188 -0.016761132914982393 0.023226420007898898 -0.025322613413276358 -0.027737255350257464 -0.0096959423457719518 0.17231003715654616 -0.0088357147869343022 0.035812220753266066 0.083700130772492193 0.014441723997494459 0.19502981844360584 0.069911367784617068 -0.031010790934163403 -0.019728670536125939
leaf_weight=41.183921094983816 14.607869944768032 1.3542505621444423 2.2740207519382243 2.9671159852296114 0.59241025801748026 336.73982394044288 0.48820961359889681 4.7179847541265181 4.2862159786745897 0.70012772968038817 7.9774945802055282 5.0221692200284451 0.69584005093201984 2.1443188493140033 1.5482298154383887 2.1073777461424474 0.49381976341828693 3.0579780177213243 2.249748618574813 2.6855771616101252 1.444070500321686 1.4682665625587104 5.2984133251011363 2.3860257207416002 1.1686743614263835 0.53564639016985882 1.0318156005814669 0.24860840197652567 1.5787136075086889 0.80059822928160418
leaf_count=4167 1227 135 162 170 49 25490 67 358 222 63 285 523 67 216 89 78 46 306 165 212 145 132 399 103 61 34 71 19 162 51
internal_value=0 -0.00834257 0.0288896 0.0447114 0.077447 0.00393377 0.0133817 0.025303 0.0317826 0.0396206 -0.00434913 -0.00224169 0.0485348 0.0360694 0.0877428 0.106453 0.140061 -0.0190441 0.0204693 0.0453023 0.0856714 0.135533 0.0319793 0.0516625 0.07125 0.108954 0.162979 -0.00379643 0.0145178 0.0491686
internal_weight=0 48.3717 7.1878 5.83355 2.86643 405.484 68.7438 40.8507 36.1327 31.8465 27.8931 5.7223 26.1242 21.2789 4.84527 4.14943 2.6012 17.6658 10.2272 19.1346 3.40055 1.95648 15.7341 10.4357 7.50147 3.95349 1.56746 2.93419 3.54799 1.96927
internal_count=35274 4683 516 381 211 30591 5101 3118 2760 2538 1983 586 1952 1672 280 213 124 1533 450 1456 344 199 1112 713 482 208 105 231 274 112
is_linear=0
shrinkage=0.05


Tree=122
num_leaves=31
num_cat=0
split_feature=15 15 15 36 38 17 12 11 0 38 24 10 10 24 0 16 15 19 40 12 0 24 19 15 40 17 3 24 39 39
split_gain=2.86154 8.94535 6.932 6.91704 6.01082 9.38953 4.71982 4.49072 4.8682 5.48772 5.56801 6.43394 7.83676 5.21929 5.37738 6.12359 7.87318 5.30876 6.73066 5.01097 5.55386 4.32682 6.04318 4.80673 8.89589 6.10131 7.93554 5.01659 4.35833 4.23554
threshold=9724.5000000000018 23491.000000000004 7930.5000000000009 1.0000000180025095e-35 1.0000000180025095e-35 10.500000000000002 2490.3950000000009 5.5000000000000009 518.00000000000011 54.050000000000004 1.2896006944444447 3180.4850000000006 3310.3750000000005 30.285543981481485 342.91500000000008 1.5000000000000002 116.50000000000001 0.078871527777777797 0.96153388100758175 3743.5100000000007 1485.6350000000002 24.100549768518523 2.0864004629629633 61577.000000000007 0.31745665765940834 5.5000000000000009 -0.20062782345105298 3.8583333333333338 291.85000000000008 446.25000000000006
decision_type=2 2 2 2 2 2 2 2 2 2 2 2 2 2 2 2 2 2 2 2 2 2 2 2 2 2 2 2 2 2
left_child=2 6 7 4 -4 -6 -2 8 13 -10 19 -12 -13 14 -1 -16 -17 -18 -19 -11 -21 22 23 24 -3 26 -26 -25 -28 -24
right_child=1 21 3 -5 5 -7 -8 -9 9 10 11 12 -14 -15 15 16 17 18 -20 20 -22 -23 29 27 25 -27 28 -29 -30 -31
leaf_value=0.012571587336671675 -0.037640355998135505 -0.012937647603544654 0.10307172396483029 -0.011389412940570852 0.007003658091069143 0.10134869029860644 -0.008058906375086319 -0.011825183449610609 0.012014133265412126 -0.025549119552073864 -0.026809325507062883 0.1172305016800719 -0.00051623738636465849 -0.026196335636800294 -0.013973501939605407 -0.013396139775225283 -0.0038514858703032036 0.15439466714610509 0.0020290347441943336 0.10669510678937717 0.0075484376256443192 0.014084278928525071 -0.013274459546716303 0.021607611493317622 -0.0058438078022407811 0.013212343830115263 0.14364557928635699 -0.017686190989410645 -0.0044489903555666021 0.036938692100182906
leaf_weight=10.37278749281541 18.948354264255613 5.7427321157883844 3.0358591726981166 6.3794567934237412 11.448422686662523 2.4954128153622142 44.040357699617743 37.760977841215208 73.12191065470688 2.3062167051248244 32.603956525446847 0.68825771613046427 8.6178935172501934 2.9787838465999803 1.6058304596226642 1.3685764251276848 0.8125247424468397 3.3901493339799345 0.90034275082871307 1.6956520588137207 3.3188046875875443 69.03244264703244 69.823980112792924 14.418735725572335 1.3773979810066519 4.1994185606017709 3.1400341205298887 16.168149692937732 0.49766593100503076 3.5122861121781161
leaf_count=642 1928 460 181 461 759 130 3957 2628 4266 206 2926 33 631 290 128 74 57 227 89 113 249 5213 6728 1153 111 139 141 1051 22 183
internal_value=0 -0.00125378 0.0066955 0.0317489 0.0476884 0.0295399 -0.0174068 0.00331561 0.00734621 0.00339112 -0.00940075 -0.0164984 0.0187218 0.0287705 0.0385354 0.0668194 0.086054 0.11055 0.128848 0.0283321 0.0532406 0.00422422 -0.00157112 0.0125714 0.0348182 0.0629338 0.0954501 0.000934656 0.126794 -0.010405
internal_weight=0 250.902 204.902 23.3592 16.9797 13.9438 62.9887 181.543 143.782 122.353 49.2308 41.9101 9.30615 21.429 18.4502 8.07742 6.47159 5.10302 4.29049 7.32067 5.01446 187.913 118.88 45.5441 14.9572 9.21452 5.0151 30.5869 3.6377 73.3363
internal_count=35176 21086 14090 1531 1070 889 5885 12559 9931 8424 4158 3590 664 1507 1217 575 447 373 316 568 362 15201 9988 3077 873 413 274 2204 163 6911
is_linear=0
shrinkage=0.05


Tree=123
num_leaves=31
num_cat=0
split_feature=31 10 10 3 3 15 10 10 31 40 10 12 10 38 0 0 12 24 2 3 19 33 40 40 19 24 14 0 0 19
split_gain=2.65543 2.51033 3.5981 2.91047 2.92775 3.59149 2.64337 5.96788 5.76511 3.61309 4.81423 4.52228 4.17023 4.04357 4.17186 3.74322 3.60219 3.49888 3.37428 4.84667 2.49248 3.28486 2.83282 3.37952 3.34404 2.7852 2.36129 3.50655 6.97079 4.87149
threshold=6.5000000000000009 12791.080000000004 14639.065000000002 -0.51460662524511613 -0.46679676326926028 495.50000000000006 1194.1500000000003 1042.6600000000001 16.500000000000004 0.70102911436222959 2672.6500000000001 10003.145000000002 6308.3450000000003 41.550000000000004 1581.3600000000001 3386.6200000000003 10441.760000000004 11.195353009259263 0.5696911657770799 -0.94224704426532202 12.109392361111114 0.46589147286821714 2.278984058812735 0.22370974882742536 31.13651620370371 16.252025462962965 5903.1450000000013 1125.0800000000002 1356.9600000000003 2.9767766203703707
decision_type=2 2 2 2 2 2 2 2 2 2 2 2 2 2 2 2 2 2 2 2 2 2 2 2 2 2 2 2 2 2
left_child=20 6 -3 -4 -5 -6 7 26 16 -8 18 13 -13 -12 -15 -14 17 -9 19 -11 21 -1 23 24 -22 -23 27 -2 29 -29
right_child=1 2 3 4 5 -7 9 8 -10 10 11 12 15 14 -16 -17 -18 -19 -20 -21 22 25 -24 -25 -26 -27 -28 28 -30 -31
leaf_value=0.038255364594267698 -0.028633390159298663 0.074156143868078617 -0.033712998207486626 0.080497966661156425 0.03971539030557969 -0.02010026148421163 -0.019259659327554468 0.0044304323203297252 -0.027269576987698541 -0.016492000914262433 -0.0076825379793270844 -0.03454566875597611 0.060516066383869777 -0.0044159088631234742 0.10227688252370642 -0.020492800259187288 -0.016630786802844546 0.12785076946961593 -0.034507933320447166 0.10166023688185739 -0.015260511524901772 -0.028800369639291203 0.05077594221727727 -0.04175045333206942 0.078117089927900632 0.033751105637005806 0.0012385379767395237 0.10230502606615365 -0.015098328925335389 -0.021298991880538447
leaf_weight=13.10442445101217 15.488034775014969 1.5869366577826429 2.2883900040760627 0.71218046173453231 3.5695298416540009 4.635059405118227 39.630885671125725 0.81749803479760874 1.1079207391012458 1.9212642405182125 1.712127896491437 3.850979190785436 2.5108050270937383 1.1006584712304177 2.8117667338810861 1.7412984124384818 0.48434576205909241 1.7723830649629233 7.9145416531246156 0.3134157867170887 1.8557657604105764 3.7433873498812309 0.77113489061593998 4.5500405286438763 0.55003674887120713 1.8687903736717997 320.17821551021188 1.611578791169449 8.4323240576777589 0.72223550919443358
leaf_count=293 1787 85 127 10 69 224 2518 69 88 180 59 282 91 84 95 112 37 117 575 19 145 249 15 420 40 44 26417 147 746 64
internal_value=0 -0.000175851 0.0208103 0.00779835 0.0207771 0.00741092 -0.000872674 0.000836433 0.0540964 -0.010175 0.00507172 0.0236593 -0.00124102 0.0543045 0.0774728 0.0297563 0.0829158 0.100979 -0.0199366 0.0263843 0.015869 0.0253484 -0.00736587 -0.0193836 0.0227564 -0.00601715 3.96236e-05 -0.0140905 0.00748618 0.0691388
internal_weight=0 426.914 12.7921 11.2052 8.91677 8.20459 414.122 350.615 4.18215 63.5077 23.8769 13.7276 8.10308 5.62455 3.91243 4.2521 3.07423 2.58988 10.1492 2.23468 26.4436 18.7166 7.72698 6.95584 2.4058 5.61218 346.432 26.2542 10.7661 2.33381
internal_count=35208 34002 515 430 303 293 33487 29472 311 4015 1497 723 485 238 179 203 223 186 774 199 1206 586 620 605 185 293 29161 2744 957 211
is_linear=0
shrinkage=0.05


Tree=124
num_leaves=31
num_cat=0
split_feature=15 15 17 19 2 13 3 2 19 15 40 33 17 17 14 15 3 21 38 15 12 21 15 38 2 2 38 12 12 18
split_gain=3.97185 3.99409 3.93454 4.16196 2.98236 2.58552 3.23234 4.29182 5.96428 6.3408 4.31655 4.10695 4.47443 4.05728 4.69192 3.80792 4.16854 3.48133 3.45492 4.9855 4.02311 5.23226 5.24312 4.29677 3.33315 3.31474 3.19118 3.09667 4.42679 2.89464
threshold=200.50000000000003 254.50000000000003 7.5000000000000009 4.0000925925925932 0.76561844911433263 20.500000000000004 -0.039507138181629146 1.6276629721611506 31.13651620370371 9564.5000000000018 1.204390198392788 0.024695121951219517 10.500000000000002 7.5000000000000009 89744.280000000028 42951.000000000007 0.10129558744731545 21.871076388888891 238.35000000000005 11077.500000000002 5116.9850000000015 16.503090277777783 8687.0000000000018 25.450000000000003 1.5727119628194282 0.22048513365642161 33.45000000000001 12587.950000000003 11927.365000000003 1.0000000180025095e-35
decision_type=2 2 2 2 2 2 2 2 2 2 2 2 2 2 2 2 2 2 2 2 2 2 2 2 2 2 2 2 2 2
left_child=2 4 -1 -4 -2 -3 17 8 10 11 15 12 -10 -12 -15 -8 26 18 20 -20 -7 25 23 -23 -18 -22 -17 28 -27 -9
right_child=1 5 3 -5 -6 6 7 29 9 -11 13 -13 -14 14 -16 16 24 -19 19 -21 21 22 -24 -25 -26 27 -28 -29 -30 -31
leaf_value=-0.031016940757565666 0.084240700090450593 0.0041584456849157242 0.042653424645565222 -0.016689791227014753 0.010632607163640451 -0.035487562021681157 -0.016640644257080138 -0.01813881130563072 0.0067403447316666636 -0.011540708533869777 -0.026137695806833141 -0.014869014284163089 0.1558217772557926 0.089976180887292562 -0.016971335712415606 -0.014259292732151608 -0.025349878329030014 -0.03453255956795348 -0.023026420319742332 0.10715183776017501 0.052728380989715551 -0.014747455003370498 -0.027117510535324619 0.1023677367143675 0.067744066545794832 -0.012225361054176284 0.1135349840505054 -0.038648082860328975 0.078285145197623765 0.013788862893447586
leaf_weight=17.037769848247994 1.5392094766721118 310.3863537167199 3.854659582488237 6.6315162067767233 3.765923420432955 8.8079998926259631 15.673192518064761 25.037055793218315 0.75507040601223696 1.5804699829313902 1.0607997316401441 0.41740184323862184 1.4081902990583328 2.8331226306036119 1.0193144055083392 0.39252737024798878 2.9792812657542531 14.30274013453163 0.8370739216916252 0.5873006540350616 0.88495639944449322 0.73627209849655573 1.1581807406619189 2.1950653381645679 0.2698392504826187 5.7288766368292254 0.82240699511021376 7.1853550237137824 0.69811874302104104 8.9268231024034304
leaf_count=1031 38 24353 160 403 103 888 1436 1910 92 220 115 56 104 220 79 42 298 1597 93 55 27 62 128 125 21 561 53 642 37 201
internal_value=0 0.00245803 -0.0168201 0.00693873 0.0419625 0.00185581 -0.00484394 0.00237354 0.0161436 0.0651451 0.00581572 0.102217 0.122367 0.0434203 0.064013 -0.00497947 0.0315151 -0.015232 -0.00481645 0.0527068 -0.0095582 0.00391378 0.0477337 0.0766828 -0.00349489 -0.0107298 0.0844497 -0.0181815 0.00682302 -0.0095928
internal_weight=0 421.989 27.5239 10.4862 5.30513 416.684 106.297 63.1755 29.2116 4.16113 25.0505 2.58066 2.16326 4.91324 3.85244 20.1372 4.46405 43.1219 28.8192 1.42437 27.3948 18.5868 4.08952 2.93134 3.24912 14.4973 1.21493 13.6124 6.427 33.9639
internal_count=35150 33556 1594 563 141 33415 9062 4847 2736 472 2264 252 196 414 299 1850 414 4215 2618 148 2470 1582 315 187 319 1267 95 1240 598 2111
is_linear=0
shrinkage=0.05


Tree=125
num_leaves=31
num_cat=0
split_feature=20 19 14 24 40 21 38 12 40 21 31 15 40 0 14 0 17 21 15 19 21 14 39 15 15 12 14 0 2 0
split_gain=2.37826 2.48224 4.84474 3.74441 2.68185 2.6117 3.47965 2.45032 4.16674 3.24029 2.49444 2.41188 7.59831 2.49506 2.61831 3.32679 2.40192 2.36054 2.34543 7.04463 5.49804 5.62862 5.68381 4.03646 5.02155 4.46553 6.57295 8.55162 6.15 6.01256
threshold=4.5000000000000009 34.87191550925926 8285.2050000000017 36.921643518518529 0.73195708981174579 37.582314814814822 59.050000000000004 5252.8600000000015 0.62951379264307283 38.04236111111112 17.500000000000004 159535.50000000003 0.27406190552938264 2132.1150000000002 12091.565000000002 856.15500000000009 4.5000000000000009 40.297361111111115 81643.500000000015 20.780341435185189 33.274340277777789 106636.76500000003 226.85000000000005 65287.000000000007 46272.500000000007 1439.4000000000003 23463.225000000002 3501.2200000000003 3.2431217894498432 864.87500000000011
decision_type=2 2 2 2 2 2 2 2 2 2 2 2 2 2 2 2 2 2 2 2 2 2 2 2 2 2 2 2 2 2
left_child=1 11 5 -4 7 6 -3 9 -9 -5 16 17 13 14 15 -13 -11 18 23 -20 21 22 -21 24 -1 29 27 -27 -28 -26
right_child=-2 2 3 4 -6 -7 -8 8 -10 10 -12 12 -14 -15 -16 -17 -18 -19 19 20 -22 -23 -24 -25 25 26 28 -29 -30 -31
leaf_value=0.0022779702072402239 -0.02657857247304294 -0.014508457988277277 -0.044935498182270252 -0.027393121638877312 -0.031727968538009035 -0.0053280281583365126 0.12262021114294119 -0.03879704611655875 0.064549682007290762 -0.016637470592102226 -0.020043460013537545 -0.0026832552425013548 -0.036124312538712844 -0.0062196215185482597 -0.0078633183086633026 0.098284918278103608 0.074172381912209068 0.047684138754168263 0.0016391073226485768 0.081212361675434289 -0.030842256675944493 -0.028588016317289439 -0.0051996082595364181 -0.012098252367972198 -0.0070137863744902801 -0.037538917962321366 0.037135100005479281 0.068085910845628941 -0.027539135025189787 0.084949641709623464
leaf_weight=272.57587314909324 5.947882678359746 0.40156633034348788 8.0759118078276533 1.1896528643555919 4.3325922586955121 1.2195658108685163 0.44559098966419697 3.2404313313309108 0.30713852983899403 0.48912490997463498 0.65484880236908782 1.0981234335340588 12.239017182029782 3.5596730334218591 1.3426338247954843 1.6807398507371543 3.329316413262859 2.1731687020510426 32.563811473315582 8.931171444244681 1.560574889415874 1.2732502166181792 2.2110963012091807 38.912671617697924 2.4473678134381762 9.2258775671944004 20.659367851680148 1.4031727053225029 3.6668662568554273 4.3502862174063921
leaf_count=19937 586 50 1153 177 594 146 46 367 30 52 73 131 1026 295 132 151 250 50 2423 595 163 92 119 3301 261 875 1776 67 85 240
internal_value=0 0.00291639 -0.0125123 -0.0200704 -0.00317285 0.0473138 0.0849544 0.0120512 -0.0176228 0.0304956 0.0480829 0.00381016 -0.0127716 0.0243131 0.0467491 0.0682339 0.0615013 0.00466158 0.00430932 0.0147432 0.0431271 0.0540307 0.0650486 0.00289691 0.00478573 0.0207209 0.01267 -0.0189393 0.0266838 0.0551866
internal_weight=0 445.56 23.6857 21.619 13.5431 2.06672 0.847157 9.21051 3.54757 5.66294 4.47329 421.875 19.9202 7.68117 4.1215 2.77886 3.81844 401.955 399.781 46.5399 13.9761 12.4155 11.1423 353.241 314.329 41.7529 34.9553 10.6291 24.3262 6.79765
internal_count=35243 34657 2938 2696 1543 242 96 949 397 552 375 31719 1735 709 414 282 302 29984 29934 3392 969 806 714 26542 23241 3304 2803 942 1861 501
is_linear=0
shrinkage=0.05


Tree=126
num_leaves=31
num_cat=0
split_feature=10 13 40 13 12 17 31 31 15 10 3 13 3 0 38 0 39 31 0 0 39 0 14 0 3 31 0 14 15 40
split_gain=3.27309 3.23618 2.58222 4.15146 5.0977 4.48732 3.32286 3.11129 2.62556 2.44897 2.37136 2.30493 4.76905 5.24815 6.40629 4.8434 3.8517 3.90658 4.98026 3.09795 3.00121 2.95428 2.71218 3.1247 5.76475 5.4084 4.25731 4.56372 4.15837 6.79772
threshold=4206.6600000000008 37.500000000000007 0.76408844833924039 25.500000000000004 13265.665000000003 8.5000000000000018 20.500000000000004 15.500000000000002 834.50000000000011 3310.3750000000005 1.1076462285944393 3.5000000000000004 -0.94224704426532202 1648.7350000000004 43.95000000000001 1314.0800000000002 120.05000000000001 15.500000000000002 3501.2200000000003 4159.7600000000011 345.25000000000006 1401.2300000000002 3687.4450000000002 307.37500000000006 -1.8974332155119569 16.500000000000004 749.34000000000015 25368.440000000002 77718.500000000015 0.46233962836642539
decision_type=2 2 2 2 2 2 2 2 2 2 2 2 2 2 2 2 2 2 2 2 2 2 2 2 2 2 2 2 2 2
left_child=9 2 6 4 7 -5 -2 8 -4 11 -11 12 -1 14 15 -14 17 18 -15 -20 -16 -17 -13 24 -24 28 27 -25 -26 -30
right_child=1 -3 3 5 -6 -7 -8 -9 -10 10 -12 22 13 16 20 21 -18 -19 19 -21 -22 -23 23 26 25 -27 -28 -29 29 -31
leaf_value=-0.036942813867451747 0.00030620714852016163 -0.031721791602458853 0.007522896399006284 0.11283846156352872 -0.014461499222877717 0.0012138948093636647 0.055879319886747825 -0.015095407952461099 0.10610496700260937 -0.040601793675724883 0.017475873645602949 -0.034124116229959173 -0.035176090140016616 -0.011329413555473908 0.10827627616021958 0.11015011236757687 -0.031250161547406043 -0.029453740473935272 0.14331936244728888 0.01763731140218815 -0.013189644255354242 -0.015049642085195629 -0.0067510048556619628 -0.024728456399376937 0.035977018007307814 -0.018838052534795896 -0.00050656814456572765 0.0064477738136479628 0.18272978910629012 -0.014885227678282653
leaf_weight=2.6779158834833678 22.324492613784972 2.8228959280531845 1.1644263546913851 1.8010531058534973 5.7815503790043294 1.3591934372670946 2.0600580002646884 0.87251349119469512 1.4172028361354021 6.3228947625029814 1.6835945071652529 5.5670243967324486 2.2618092792108651 1.5391165995970353 3.0877770872320984 0.24757439177483309 4.0647423295304179 1.3282286284957079 0.53921214910224069 1.2015952451620249 0.35068291518837202 0.42046916857361794 11.74052194086835 38.453095011413097 6.1482301226351392 2.1553531382232904 307.99007366737351 16.208887845976278 0.50105519965291012 0.41621928592212498
leaf_count=318 1009 203 31 52 280 67 68 37 37 395 54 594 259 150 349 21 385 118 26 119 30 43 659 4198 496 250 23476 1434 42 42
internal_value=0 0.0128615 0.0170323 0.0347383 0.0143051 0.0766614 0.0070175 0.0548913 0.0761553 -0.00201183 -0.0278049 -0.00143738 0.015708 0.0268005 0.0578286 0.000332127 0.000394232 0.0289021 0.053894 0.0946543 0.0957076 0.0695683 -0.00225626 -0.00170627 0.0166167 0.0441194 -0.00280812 -0.015534 0.0632792 0.132066
internal_weight=0 39.6034 36.7805 12.3959 9.23569 3.16025 24.3846 3.45414 2.58163 414.906 8.00649 406.9 17.7191 15.0412 6.36831 2.92985 8.67289 4.60815 3.27992 1.74081 3.43846 0.668044 389.18 383.613 20.9614 9.22086 362.652 54.662 7.0655 0.917274
internal_count=35242 1784 1581 504 385 119 1077 105 68 33458 449 33009 1818 1500 702 323 798 413 295 145 379 64 31191 30597 1489 830 29108 5632 580 84
is_linear=0
shrinkage=0.05


Tree=127
num_leaves=31
num_cat=0
split_feature=19 2 2 11 25 0 39 24 2 24 2 31 15 39 0 19 24 15 39 0 24 0 2 14 39 39 15 14 31 39
split_gain=2.64549 2.64056 5.04283 2.50423 2.29437 2.2357 3.3239 3.19083 3.08501 3.72196 2.38292 2.18829 2.07735 2.82414 2.0088 1.91927 2.08877 1.89125 1.86535 2.0777 6.0828 4.0324 6.94236 7.24737 9.76194 6.94797 6.22319 4.55165 4.34533 3.93288
threshold=34.87191550925926 2.3409113048153567 3.0414034089767705 2.5000000000000004 2.5000000000000004 1442.8200000000002 109.95000000000002 37.106938657407419 0.68569335931627118 40.317285879629637 1.4455111780570542 22.500000000000004 4711.5000000000009 122.95000000000002 7253.2500000000009 34.581469907407417 34.888709490740744 84381.000000000015 983.30000000000007 5307.0950000000012 14.857407407407409 2783.3700000000003 0.93801544335113329 98798.775000000009 94.15000000000002 56.150000000000013 75131.500000000015 283205.79000000004 15.500000000000002 153.65000000000001
decision_type=2 2 2 2 2 2 2 2 2 2 2 2 2 2 2 2 2 2 2 2 2 2 2 2 2 2 2 2 2 2
left_child=4 5 3 14 11 6 -2 -8 -9 10 17 15 13 -13 -3 18 -17 -10 19 21 -21 27 23 24 25 -23 -24 -1 -29 -26
right_child=1 2 -4 -5 -6 -7 7 8 9 -11 -12 12 -14 -15 -16 16 -18 -19 -20 20 -22 22 26 -25 29 -27 -28 28 -30 -31
leaf_value=-0.00069230584351406496 -0.03308809864856508 0.098968174228727987 -0.032534034831460869 -0.016198868184117445 0.043991632822576815 -0.036737696356030781 -0.021220338976693925 -0.010257195480549611 0.12519965660555504 -0.018542676873970397 -0.01080621383788952 0.093923575809507609 0.0067713808662323224 -0.00087283323225555609 -0.011085403137906251 0.081311089797606984 -0.015625982503556415 -0.0076608875404456283 0.032238446548760055 -0.02070553067251682 0.0056498908115107044 0.01628381647649766 0.013429136932253907 0.008196630531524916 -0.031801036942777652 0.17323869068880554 -0.028656732846288713 -0.0025779588804024358 0.080436406942636984 0.048510848316680198
leaf_weight=251.29884975263849 4.5215185533743405 1.2973230970092116 1.7545966603793202 0.47129432624205936 2.3629005569964638 9.9188060690648836 2.4366682446561754 1.4973365371115508 1.2698265900835397 0.5761409900151192 0.27254806109704066 1.0922179925255471 5.3794766375795007 1.2289187130518255 0.27940985630266357 0.51826696889474888 0.44810212729498744 0.17866557743400324 3.9559618500061324 36.602091660257429 51.641529772197828 1.2337138312868803 40.651826218701899 8.6867742815520597 1.6565450369380412 1.8803236964158712 10.150222010212017 2.8126999391242853 2.4200945133343339 2.833752453327179
leaf_count=21441 540 72 140 58 31 1380 385 217 144 50 38 53 296 60 28 51 56 23 101 2650 2736 98 2608 670 123 84 708 98 34 171
internal_value=0 -0.0137578 0.0207652 0.0621208 0.00283232 -0.0207737 -0.00417478 0.0184799 0.0430823 0.0704161 0.0960664 0.00250036 0.0273269 0.0585833 0.0827323 0.00197735 0.0512742 0.112376 0.00174005 0.00136974 -0.00539145 0.00322426 0.0140407 0.0414232 0.0740156 0.130129 0.00462953 0.000351814 0.0425605 0.0184867
internal_weight=0 24.4741 3.80262 2.04803 426.854 20.6715 10.7527 6.23119 3.79452 2.29718 1.72104 424.491 7.70061 2.32114 1.57673 416.791 0.966369 1.44849 415.824 411.868 88.2436 323.625 67.0932 16.2911 7.60434 3.11404 50.802 256.532 5.23279 4.4903
internal_count=35144 3075 298 158 32069 2777 1397 857 472 255 205 32038 409 113 100 31629 107 167 31522 31421 5386 26035 4462 1146 476 182 3316 21573 132 294
is_linear=0
shrinkage=0.05


Tree=128
num_leaves=31
num_cat=0
split_feature=1 40 14 14 24 39 14 3 2 13 3 39 21 1 14 21 2 21 17 3 31 39 40 13 23 21 21 3 24 39
split_gain=2.68835 4.4766 8.30804 8.74534 6.73226 3.17407 3.38485 3.47162 2.66628 4.92645 2.58729 4.97429 5.67958 5.66167 4.82731 4.51311 5.55924 5.27786 4.24463 4.24368 7.98937 6.49545 7.77648 3.82725 3.58881 3.43214 4.73234 3.2106 4.76725 2.98969
threshold=5.7313164926949485 0.046812133120726254 11924.860000000002 3955.4600000000005 17.894033564814819 110.65000000000002 8677.5600000000013 -1.8974332155119569 0.36765296150349608 16.500000000000004 -1.0433723614878934 151.25000000000003 34.122447916666673 7.1010621056940666 32453.470000000005 15.873964120370372 0.44882089026242628 1.5057928240740741 6.5000000000000009 -0.8912916445510034 14.500000000000002 64.15000000000002 1.4436129890364338 10.500000000000002 1.0000000180025095e-35 24.132957175925927 25.841435185185187 -1.5183066539260441 13.164380787037038 246.95000000000002
decision_type=2 2 2 2 2 2 2 2 2 2 2 2 2 2 2 2 2 2 2 2 2 2 2 2 2 2 2 2 2 2
left_child=1 2 3 -1 -5 -3 -7 -8 9 -9 11 12 13 14 -2 16 17 -16 23 20 21 -12 25 -14 -22 -23 -27 28 -19 -21
right_child=10 5 -4 4 -6 6 7 8 -10 -11 19 -13 18 -15 15 -17 -18 27 -20 29 24 22 -24 -25 -26 26 -28 -29 -30 -31
leaf_value=-0.020764771220219184 -0.018326653492753843 -0.020460847931500558 -0.011328663090941942 0.20757520641063493 0.0085324154759505583 -0.017045489855892305 0.0057254198649117341 -0.014413252845263895 0.013517694948624072 0.13039776530920844 0.12712417661150346 -0.033995909933391133 -0.013825699430617537 -0.038282692186693258 -0.015743459997076978 -0.010326278642015657 -0.028011186276018153 -0.025072722594522819 -0.0072699434262320749 -0.0026336253317387759 -0.033317906691137426 -0.030394448957978177 0.11164073681007898 0.12990730650651744 0.057679781934648358 0.1123758285817807 -0.022648027016928477 0.13781129676471157 0.078869019962916162 0.010043691234762495
leaf_weight=0.69606264680624308 9.130648064194256 7.227055242983627 2.3173004377167672 0.74341145530343034 0.67981987027451396 4.001958876149728 5.4917865328025099 0.54666185984387583 2.0146185511257499 1.2651704163290558 1.5265637738630156 15.810660109156741 0.37808095500804417 8.9890644035767746 1.1121515217237155 4.2854736470617354 1.2273761939723042 1.2722514006309209 1.3229637912008909 311.25963375484571 4.6889101120177656 3.7067502117715776 0.83848729310557235 0.91557665006257594 0.39001202303916205 0.22769842715933897 0.8127082095015794 1.5172761613503101 1.5880555552430449 53.649644849123433
leaf_count=84 951 463 167 57 54 401 306 59 160 65 127 1514 57 701 84 312 116 82 177 24278 495 328 64 59 35 7 95 73 60 3745
internal_value=0 0.0154261 0.0558112 0.109321 0.155256 0.00452059 0.0185569 0.0340174 0.0650232 0.0971184 -0.00114036 -0.0120047 -0.000346097 -0.00744424 0.00748446 0.0286465 0.051627 0.0710048 0.0588689 0.000257683 0.0281189 0.0592055 0.0241587 0.100187 -0.0179912 -0.00803001 0.0474951 0.0918731 0.0381177 -0.000747428
internal_weight=0 24.9838 4.43659 2.11929 1.42323 20.5473 13.3202 9.31824 3.82645 1.81183 424.65 47.5496 31.7389 29.1223 20.1332 11.0026 6.71711 5.48973 2.61662 377.1 12.1911 7.11221 5.58564 1.29366 5.07892 4.74716 1.04041 4.37758 2.86031 364.909
internal_count=35176 1816 362 195 111 1454 991 590 284 124 33360 4186 2672 2379 1678 727 415 299 293 29174 1151 621 494 116 530 430 102 215 142 28023
is_linear=0
shrinkage=0.05


Tree=129
num_leaves=31
num_cat=0
split_feature=15 15 19 21 1 15 21 3 2 39 16 15 21 13 17 15 15 15 15 1 40 21 39 19 17 24 17 2 14 24
split_gain=4.03686 2.7018 2.49633 4.16666 5.39446 5.16595 3.87253 3.5004 3.32348 4.03315 4.85 4.192 3.75155 3.31325 3.65636 3.17101 3.24513 3.11254 3.93617 3.36568 3.0092 2.7398 4.54976 3.37366 9.65112 6.84246 3.76493 2.64866 2.82829 2.62909
threshold=174817.50000000003 260737.50000000003 33.244577546296306 39.362048611111121 7.2750476579192513 6960.5000000000009 31.102002314814818 -1.0989741622128435 0.61971581739223702 125.05000000000001 2.5000000000000004 56346.500000000007 37.145520833333343 20.500000000000004 15.500000000000002 59343.500000000007 81643.500000000015 35334.500000000007 14954.500000000002 7.5492748984867744 0.037960529112611045 29.86209490740741 333.25000000000006 28.139108796296302 5.5000000000000009 29.747951388888893 3.5000000000000004 0.39304018172310307 16746.645000000004 38.285839120370376
decision_type=2 2 2 2 2 2 2 2 2 2 2 2 2 2 2 2 2 2 2 2 2 2 2 2 2 2 2 2 2 2
left_child=2 -2 6 8 5 -5 21 -7 9 10 11 12 -4 15 -15 17 -17 18 27 -19 -6 23 -23 -1 25 26 -25 -8 -29 -9
right_child=1 -3 3 4 20 7 13 29 -10 -11 -12 -13 -14 14 -16 16 -18 19 -20 -21 -22 22 -24 24 -26 -27 -28 28 -30 -31
leaf_value=0.0033760306279530558 -0.042888532672407012 -0.00092601787905193542 0.14641805786089596 -0.026273862661074135 0.031001653831517165 -0.01705402746748513 -0.023605055352630043 -0.011830273795155524 -0.032870402679887771 -0.032986827654743596 -0.025484794833399251 -0.016690455717680876 -0.011661824837264011 -0.02929173648595015 0.047228013842944699 -0.028745986014947097 0.029663519565508313 0.13673667639874884 -0.027536325322515844 0.014932301270045679 -0.0396219837073662 -0.028158669147538892 0.055482384823726694 -0.011024946328447268 -0.0038091799154402828 -0.020528802593859193 0.14824073327433834 -0.0015683326645500703 0.065807345035578821 0.10924148937319558
leaf_weight=358.95421026949771 6.8618909970391524 7.5789640061557293 0.77212490071543205 1.0729635909665356 1.3810990296769885 0.50876795244403172 0.76887282077223673 0.30666121677495617 15.764476440148426 1.8914380762726066 1.008043088018894 0.49590227659791697 0.30094802798703313 4.6513450604397795 1.1808976070024071 3.1059448271989814 4.7006159038282931 0.86527174571528975 1.7383862214628596 1.2144447178579865 3.5551781738176942 11.856895248405632 0.92152480361983258 0.27697493089362857 6.4337066495791078 0.68016954883933056 1.7524131848476827 1.9332335609942655 6.1454307236708701 2.3973784982226789
leaf_count=26672 663 675 69 104 89 62 55 46 2146 321 121 80 46 474 71 226 275 58 163 50 383 982 63 23 532 59 117 146 320 164
internal_value=0 -0.0223517 0.00367104 -0.0101613 0.0165147 0.0521175 0.0046941 0.0783197 -0.0225252 0.0133088 0.0470106 0.0853774 0.117844 0.0228942 -0.0091534 0.0320252 0.00579919 0.0465825 0.0300763 0.0935534 -0.0179687 0.00338049 -0.0185378 0.00418954 0.0326456 0.0968982 0.13004 0.043043 0.0512874 0.096024
internal_weight=0 14.4409 436.635 29.455 9.22205 4.28577 407.18 3.21281 20.2329 4.46846 2.57702 1.56898 1.07307 26.3044 5.83224 20.4722 7.80656 12.6656 10.5859 2.07972 4.93628 380.876 12.7784 368.097 9.14326 2.70956 2.02939 8.84754 8.07866 2.70404
internal_count=35255 1338 33917 3631 848 376 30286 272 2783 637 316 195 115 1838 545 1293 501 792 684 108 472 28448 1045 27403 731 199 140 521 466 210
is_linear=0
shrinkage=0.05


Tree=130
num_leaves=31
num_cat=0
split_feature=21 21 19 33 38 13 2 0 37 40 0 0 21 13 17 12 12 19 21 2 21 12 38 13 40 0 24 14 36 14
split_gain=2.51187 3.30092 2.61083 4.42086 2.754 2.99188 2.48463 2.29186 2.15856 2.14346 3.41973 8.03214 7.28224 4.04027 9.89623 4.46007 5.61757 4.23768 4.04732 4.07862 4.03178 3.98923 4.13789 4.46624 4.4315 4.04921 4.54792 3.83204 3.78513 3.72264
threshold=39.876035879629633 35.052835648148154 40.081041666666671 0.042572463768115944 55.750000000000007 10.500000000000002 1.3577449292888641 1454.9850000000004 1.0000000180025095e-35 0.60738163206932638 3553.1000000000004 3801.6300000000006 18.159218750000004 17.500000000000004 9.5000000000000018 3703.1450000000009 2332.0250000000001 33.102540509259264 3.3163194444444448 0.90345528441562106 4.0881655092592597 7880.5100000000011 54.050000000000004 11.500000000000002 0.27406190552938264 1149.8100000000002 8.9288773148148177 78204.200000000026 1.0000000180025095e-35 36119.215000000004
decision_type=2 2 2 2 2 2 2 2 2 2 2 2 2 2 2 2 2 2 2 2 2 2 2 2 2 2 2 2 2 2
left_child=1 8 4 -4 6 -6 -2 -5 9 10 13 12 27 14 18 16 -16 -15 19 -1 -20 -22 23 -23 25 -25 -27 -12 -21 -28
right_child=2 -3 3 7 5 -7 -8 -9 -10 -11 11 -13 -14 17 15 -17 -18 -19 20 28 21 22 -24 24 -26 26 29 -29 -30 -31
leaf_value=-0.03343050607723131 -0.028483515106669455 -0.017595122695886239 -0.024172183696513 0.08668498037966299 -0.0054335473256525635 0.10777518896054428 0.040956139623610617 -0.015228956198330278 0.050119245370197213 0.0064012915461638762 0.11319409899948196 0.0032449875585663459 -0.027525732225061907 -0.018468419501323288 0.0097367205576477101 -0.010874198670091661 0.17988140088459123 0.049000809894668679 0.053339152217071764 -0.015167398102617819 -0.0027052420397035617 -0.020998127820734732 -0.015524166618283292 -0.0020966476458508347 -0.0036023536337170797 -0.014541947747769983 0.0053840781741177528 -0.0043211573797273676 0.028998760842559725 0.15698622932122819
leaf_weight=15.898925583576782 1.4159678285941466 20.386939098825678 4.426902981242165 0.76732072560116626 0.65113450516946647 1.3808100905735043 1.8601403711363671 0.42615370103158057 1.3729550284333516 178.66470457566902 2.9258499625138934 69.522430357523263 1.1824419596232472 53.25645265285857 0.89073644625022941 0.66240773163735855 0.52250624727457762 1.490390954306348 3.0591094582341603 12.989382167812439 61.779771371046081 1.2739642602391521 2.8789490661583841 0.87164036696776781 1.5005096555687485 0.39184564026072655 0.55619752965867553 0.75566000072285522 6.426398769253864 1.8765772520564494
leaf_count=1715 123 2676 372 23 56 121 61 42 23 12887 153 4417 94 4717 61 41 25 124 203 1170 4886 81 223 44 55 24 24 48 628 67
internal_value=0 0.00157466 0.0248354 4.55011e-05 0.0469156 0.0816706 0.0113012 0.059942 0.00254302 0.00226842 -0.000812938 0.00803285 0.0642439 -0.00479343 0.000692272 0.0891528 0.121115 -0.0157856 -0.00177612 -0.0154694 0.00486109 0.00206557 0.0308051 0.0507367 0.0688729 0.0927967 0.114971 0.0933025 0.00015546 0.133991
internal_weight=0 441.137 10.9284 5.62038 5.30805 2.03194 3.27611 1.19347 420.75 419.377 240.712 74.3864 4.86395 166.326 111.579 2.07565 1.41324 54.7468 109.503 35.3147 74.1886 71.1295 9.34968 6.47073 5.19677 3.69626 2.82462 3.68151 19.4158 2.43277
internal_count=35184 34386 798 437 361 177 184 65 31710 31687 18800 4712 295 14088 9247 127 86 4841 9120 3513 5607 5404 518 295 214 159 115 201 1798 91
is_linear=0
shrinkage=0.05


Tree=131
num_leaves=31
num_cat=0
split_feature=15 10 3 3 38 14 3 2 13 17 33 31 3 24 40 40 3 3 40 21 24 17 38 17 16 21 12 1 1 1
split_gain=2.10457 6.98739 6.43542 9.74886 6.59976 6.59652 6.21986 9.69444 8.46146 5.66061 5.41821 4.83103 5.7035 4.97088 4.82619 5.54297 5.40925 6.53892 4.59345 3.90166 6.60552 8.54286 5.67426 5.14978 4.85899 4.43256 4.16528 4.04251 3.85576 5.46696
threshold=10839.500000000002 138.35500000000005 -0.58594719533830653 -0.78529501709620875 68.450000000000017 72954.420000000013 0.26109326460773347 1.32966616350894 12.500000000000002 8.5000000000000018 0.019803921568627456 15.500000000000002 -2.1708291864637368 4.0330787037037048 0.77629535307343189 1.0348896707706865 -0.27379820272190353 0.11002051752352897 0.91545078932600854 2.1786979166666671 7.8117766203703711 6.5000000000000009 23.950000000000003 9.5000000000000018 1.5000000000000002 18.070468750000003 2233.7700000000004 7.1314626711083493 7.2458191052659293 5.4891443087049767
decision_type=2 2 2 2 2 2 2 2 2 2 2 2 2 2 2 2 2 2 2 2 2 2 2 2 2 2 2 2 2 2
left_child=1 2 3 9 5 -5 14 8 -8 11 18 13 -13 -1 -4 16 -16 -18 -10 -9 21 26 -23 -24 25 -22 -21 -26 29 -15
right_child=-2 -3 6 4 -6 -7 7 19 10 -11 -12 12 -14 28 15 -17 17 -19 -20 20 24 22 23 -25 27 -27 -28 -29 -30 -31
leaf_value=-0.012813713700659505 -0.0027707213487054368 -0.0041496687056532542 -0.027504911739903881 0.15095054505148162 0.0041373122683580473 0.0010503778691789451 -0.015520806075240019 -0.016634092969426417 0.051790234887113332 -0.026430426137563273 -0.018310901638136812 0.072343658568820163 -0.032305187258760831 0.004174344597984765 -0.02552239334440122 -0.01717667846222775 0.12128069555024044 -0.021623548484937312 0.18118503403928252 0.06045474953598734 -0.015040411280145542 -0.016243715033501593 0.16776439227490017 -0.0073830510438461549 0.048770454479976494 0.066738582548350731 -0.034797484278738952 -0.019987960382018652 -0.0065150911512367659 0.10859288380635057
leaf_weight=2.0407212686259353 239.73930161655881 116.50207520555705 17.478070870973173 2.6836852326523508 1.740537457866594 0.93412429885938753 1.8382259109057475 11.319631619378923 2.8332870567683135 4.8103204504586747 0.56603137962520111 0.74159810692071904 4.2218467683996996 1.748580530285835 1.0106263495981695 4.9812469624448568 1.885696249082683 0.73977183643728484 1.1550099877640603 0.80068994080648126 2.0803863680921522 0.46976210828870568 1.5736782595049588 0.40400197287090112 1.5184604774694879 3.6885880178306252 2.1650955104269087 14.231765075586734 1.2713705054484306 4.3112861916888505
leaf_count=175 20252 7450 1640 186 193 76 147 615 231 447 53 48 413 65 90 506 135 63 74 57 131 34 89 32 151 232 191 1064 105 316
internal_value=0 0.00405482 0.0140293 0.0355879 0.0895554 0.120855 0.00616957 0.0173632 0.0698345 0.0167883 0.100878 0.0320684 -0.00716015 0.0515313 -0.0129148 0.0164604 0.0563067 0.0861569 0.118073 0.00703867 0.0172276 0.061787 0.115312 0.141521 0.00377251 0.0393825 -0.00032203 -0.0108432 0.0688305 0.0833219
internal_weight=0 211.746 95.2441 24.5041 5.35835 3.61781 70.74 44.6446 6.39255 19.1457 4.55433 14.3354 4.96344 9.37196 26.0954 8.61734 3.63609 2.62547 3.9883 38.2521 26.9324 5.41323 2.44744 1.97768 21.5192 5.76897 2.96579 15.7502 7.33124 6.05987
internal_count=35261 15009 7559 2024 455 262 5535 3101 505 1569 358 1122 461 661 2434 794 288 198 305 2596 1981 403 155 121 1578 363 248 1215 486 381
is_linear=0
shrinkage=0.05


Tree=132
num_leaves=31
num_cat=0
split_feature=24 19 0 21 13 24 24 17 15 12 24 21 14 3 40 14 0 12 14 13 40 0 40 15 0 19 19 33 26 24
split_gain=4.0977 3.22492 3.81006 3.61577 5.33708 4.20389 5.99095 3.60377 3.43428 3.33265 5.56434 3.12874 2.9825 3.02283 4.19752 4.23322 3.77266 3.54717 2.95914 4.81701 4.92053 7.47349 6.31087 5.56521 5.39307 4.00552 4.5035 3.84211 3.6155 3.43885
threshold=24.313153935185188 10.01113425925926 189.56500000000003 9.8378356481481486 7.5000000000000009 18.844097222222228 11.678350694444445 8.5000000000000018 8687.0000000000018 3193.3050000000007 8.9288773148148177 10.925381944444446 236325.32500000004 0.37730365570440627 1.0270230580502824 311885.57500000001 3943.4450000000002 12110.420000000004 10338.595000000001 16.500000000000004 0.11156998162421 8487.260000000002 1.3508990212800367 35334.500000000007 2238.4500000000003 24.09822916666667 28.67311342592593 0.088932806324110686 1.0000000180025095e-35 14.234988425925927
decision_type=2 2 2 2 2 2 2 2 2 2 2 2 2 2 2 2 2 2 2 2 2 2 2 2 2 2 2 2 2 2
left_child=1 2 -1 -4 -5 6 8 -7 11 -10 -11 -6 -2 14 15 17 -17 -14 -3 20 21 24 25 -23 29 27 -27 28 -22 -20
right_child=12 18 3 4 5 7 -8 -9 9 10 -12 -13 13 -15 -16 16 -18 -19 19 -21 22 23 -24 -25 -26 26 -28 -29 -30 -31
leaf_value=0.030092512129073202 0.0040106091689663627 -0.034105616539422713 -0.00474540377852797 -0.030869457494405957 -0.035026799336735207 0.019742062704526862 -0.019924239786047893 0.10515360336069218 0.017270076859553007 -0.012323435279336954 0.12369766552952136 0.029562485765643517 -0.013106052259048729 -0.0027186274388749185 -0.027012816204219615 0.056466040122040144 -0.019878435445846644 0.12474125896133002 -0.014374309426969344 -0.018358065418852328 -0.030781531236986265 0.1469227410040464 0.038662566324360194 -0.016017359236486919 -0.037720147524007694 0.062153922766997861 -0.020733528314457197 0.022560953814403172 0.055019100419176861 0.061330667320044364
leaf_weight=9.1098546041175705 140.32517553702928 10.96823425311595 145.69134965725243 4.6478952323086586 2.2095381740946376 3.4800656298175445 8.2629698175005597 1.6236191699281333 3.7967355975415558 0.79611577559262547 1.8232300593517718 3.5210545831359923 0.3478032522834823 4.9339311828371128 1.1168412433471528 2.5720751769840717 2.2428157133981586 1.8040711788926271 1.777995774988083 50.222585525596514 24.64065845753067 1.0152393407188345 6.0761641997378311 0.46505925455130626 2.9101461104582995 2.5081423819065085 2.3665779600851238 3.7470202415715894 0.39798080548643966 3.4514442388899624
leaf_count=343 10910 1166 11823 173 132 63 321 16 176 53 101 99 30 260 102 42 208 102 193 4906 2114 64 525 62 291 147 284 197 16 322
internal_value=0 -0.00380775 0.000240432 -0.00146743 0.0140107 0.0230427 0.0115186 0.05969 0.0327966 0.0552762 0.0903734 0.00315481 0.00623835 0.0282535 0.0453758 0.0589145 0.0236013 0.105372 -0.0105224 -0.00761155 0.00347097 0.0337297 -0.00450257 0.109913 0.00936443 -0.0131851 0.0252342 -0.02032 -0.0273572 0.0374156
internal_weight=0 295.51 184.962 175.853 30.1612 25.5133 20.4096 5.10368 12.1467 6.41608 2.61935 5.73059 153.343 13.0175 8.08361 6.96677 4.81489 2.15187 110.547 99.579 49.3564 9.61988 39.7365 1.4803 8.13959 33.6604 4.87472 28.7857 25.0386 5.22944
internal_count=35241 23587 13300 12957 1134 961 882 79 561 330 154 231 11654 744 484 382 250 132 10287 9121 4215 932 3283 126 806 2758 431 2327 2130 515
is_linear=0
shrinkage=0.05


Tree=133
num_leaves=31
num_cat=0
split_feature=15 15 21 40 2 2 19 17 13 2 2 27 21 6 15 15 14 12 40 14 24 15 15 1 40 20 2 2 17 14
split_gain=2.95399 5.90046 5.58517 3.86122 2.99119 6.7823 4.0392 4.71783 3.90114 3.31084 3.21671 2.88991 2.9654 4.9497 4.33998 3.95128 4.45388 5.31125 4.42033 3.97982 3.96572 6.90406 6.32323 8.94397 5.04095 5.28532 4.78051 4.13145 10.2007 7.20392
threshold=9724.5000000000018 7930.5000000000009 4.9774305555555562 1.531005993755252 0.74908750061541807 0.49979817433778262 28.271817129629635 10.500000000000002 30.500000000000004 0.25486809548808337 2.6322310222505925 1.0000000180025095e-35 0.089456018518518532 1.0000000180025095e-35 495.50000000000006 200.50000000000003 42023.69000000001 9825.0050000000028 0.75087484665128601 75416.615000000034 4.1845717592592599 1360.5000000000002 2827.5000000000005 7.9749422578942477 1.1934050327529648 3.5000000000000004 0.60307380082967665 0.44311402782643045 6.5000000000000009 24020.375000000004
decision_type=2 2 2 2 2 2 2 2 2 2 2 2 2 2 2 2 2 2 2 2 2 2 2 2 2 2 2 2 2 2
left_child=1 11 -3 4 5 9 -6 10 -7 -4 -8 12 13 14 -1 16 -14 18 19 -18 22 -22 -17 24 25 26 -24 28 29 -23
right_child=-2 2 3 -5 6 8 7 -9 -10 -11 -12 -13 15 -15 -16 20 17 -19 -20 -21 21 27 23 -25 -26 -27 -28 -29 -30 -31
leaf_value=0.011488578306498454 -0.0035552751125064288 -0.011371627711387236 0.064571623923373747 -0.026728943595042833 0.0072038196823013632 0.12868248609646379 -0.029400534435989108 0.12607845902724707 -0.013247972039593501 -0.03166119169203329 0.060991953870695698 0.048781929148065034 -0.034123381461983654 0.033548551501615675 -0.035564884224267727 -9.494441163654823e-05 0.11453263480590831 -0.01408364036264754 -0.023033941393802507 -0.013412841686093972 0.020478350546238273 -0.024777729763475292 0.01080464185415192 -0.015917536147179095 -0.022162655943959084 -0.020521947311210247 0.12025785672847376 -0.010983925995370791 -0.02915868844015293 0.10935104433971264
leaf_weight=6.1710654930211666 246.70778420311399 6.3770325114019242 0.34927202481777087 1.2848624233156432 7.9526211498305184 2.8443262763321404 1.3647479508072144 0.94994130078703154 0.35380597226321686 1.6484433356672523 0.72207706654444326 2.1611405676230779 12.679563601501288 3.6748178568668655 17.048955546692014 12.692776165436955 1.45457029249519 7.5115474571939558 0.82251727348193515 0.55299938982352603 34.160891094477847 0.93706530239432995 1.4451655752491186 3.2981768141034991 0.77943223970942188 0.67599510424770404 5.0964828666765243 61.706270981347188 3.6543808078859001 2.7009285953827202
leaf_count=307 21101 440 14 103 466 159 112 45 31 126 16 122 814 67 1618 770 53 333 56 30 1600 81 123 289 86 59 352 5421 348 133
internal_value=0 0.00456885 0.0274044 0.0414079 0.0480576 0.0774767 0.0288461 0.0696978 0.113565 0.00109144 0.0115031 0.00139522 0.000546139 -0.014436 -0.0231017 0.00330715 -0.0153343 0.00867996 0.0570009 0.0865477 0.00677567 0.00242191 0.0246526 0.0502081 0.0762178 0.088246 0.100717 -0.00668259 0.0266496 0.0769092
internal_weight=0 203.072 23.8471 17.4701 16.1852 5.19585 10.9894 3.03677 3.19813 1.99772 2.08683 179.225 177.064 26.8948 23.22 150.169 23.0212 10.3416 2.83009 2.00757 127.148 103.16 23.988 11.2953 7.99708 7.21764 6.54165 68.9986 7.29237 3.63799
internal_count=35275 14174 1512 1072 969 330 639 173 190 140 128 12662 12540 1992 1925 10548 1286 472 139 83 9262 7583 1679 909 620 534 475 5983 562 214
is_linear=0
shrinkage=0.05


Tree=134
num_leaves=31
num_cat=0
split_feature=39 39 0 14 47 39 41 39 38 15 15 33 3 0 24 24 2 13 3 0 3 2 11 38 15 13 16 14 15 0
split_gain=2.89805 9.16507 6.32772 4.591 4.41773 4.32336 4.38017 4.18235 5.05338 3.86858 4.67152 3.83223 3.51873 3.50722 3.02248 4.3424 5.07136 5.80935 6.00539 5.08091 4.7405 3.57931 3.18148 3.00068 3.76809 2.85652 2.81269 4.42273 4.88256 3.14345
threshold=82.15000000000002 85.050000000000011 787.86500000000012 11461.700000000003 1.0000000180025095e-35 73.050000000000011 1.0000000180025095e-35 90.750000000000014 16.650000000000002 7362.5000000000009 760.50000000000011 0.025320512820512824 2.1527097990877988 9837.4500000000025 30.858177083333338 15.89836226851852 1.8320688648099643 14.500000000000002 2.0726716727724552 5861.6050000000005 0.99897836208340618 1.4064255448035927 2.5000000000000004 23.950000000000003 17266.000000000004 28.500000000000004 4.5000000000000009 57320.459999999999 46272.500000000007 5725.130000000001
decision_type=2 2 2 2 2 2 2 2 2 2 2 2 2 2 2 2 2 2 2 2 2 2 2 2 2 2 2 2 2 2
left_child=4 2 -2 -4 5 6 14 -3 9 10 -9 13 -7 23 15 -1 21 18 20 -19 -18 -17 -21 -5 -25 26 -10 28 -28 -29
right_child=1 7 3 11 -6 12 -8 8 25 -11 -12 -13 -14 -15 -16 16 17 19 -20 22 -22 -23 -24 24 -26 -27 27 29 -30 -31
leaf_value=-0.006065673933950657 -0.026720859345853637 -0.024292192838509464 -0.0218620048137706 0.0066591139113601474 -0.029737355315043065 -0.033972404116250812 0.049198011366681581 0.013095053402860152 0.0024106505103447312 -0.0010647791152930922 0.098323402205049107 -0.017090680467813573 0.024125061647044768 -0.011559915317678724 -0.017916024955909961 0.0134588887048087 -0.013900762822127556 -0.036059990099650045 -0.0035220656980631143 0.080469809662370051 0.14330779128541907 -0.038154365548630456 -0.013396805247730601 0.16262479534664054 0.039168692381883453 -0.011972852262226391 -0.02526917212429753 0.079120501476639307 0.073381187850789995 -0.00543326164073012
leaf_weight=41.82721788296476 1.4528324420098204 13.679838050855322 0.71988497022539366 0.74101124331355084 15.648364608641712 14.31676890072413 3.7031177179887882 3.5317225209437293 246.05179195990786 4.4322603091131896 2.6316023766994476 0.50532571040093888 2.3936485364101818 0.46378669748082746 18.25046923244372 18.631828789599247 0.37166857812553544 2.4065776015631855 1.2280430505052207 1.5233185114338996 2.0889794360846281 3.0645351067651054 1.0181741337291894 2.0309151620604102 1.8174486772622911 32.633451621979475 4.6675277824979258 3.3994342677760869 0.6130258033517747 1.3023901816923169
leaf_count=3892 119 932 60 43 1482 1110 101 135 18933 307 111 36 32 32 1634 1833 25 185 31 44 135 325 47 104 82 2751 370 143 48 67
internal_value=0 0.00319168 0.0537224 0.0734509 -0.005717 -0.00208974 0.00215312 0.00177618 0.00304475 0.0354127 0.0581315 0.0872462 -0.0247581 0.0987798 -0.000290906 0.00435072 0.0184494 0.0486608 0.088673 0.00893949 0.122407 0.00480882 0.0497005 0.110004 0.124425 0.00173853 0.00352593 0.0282933 -0.00395634 0.0588541
internal_weight=0 320.674 7.7312 6.27837 126.473 110.824 94.1139 312.943 299.263 10.5956 6.16332 5.55849 16.7104 5.05316 90.4108 72.1603 30.3331 8.63676 3.68869 4.94807 2.46065 21.6964 2.54149 4.58938 3.84836 288.668 256.034 9.98238 5.28055 4.70182
internal_count=35149 24273 476 357 10876 9394 8252 23797 22865 553 246 297 1142 261 8151 6517 2625 467 191 276 160 2158 91 229 186 22312 19561 628 418 210
is_linear=0
shrinkage=0.05


Tree=135
num_leaves=31
num_cat=0
split_feature=25 8 8 39 0 21 24 0 12 21 19 24 38 38 36 19 11 0 21 24 21 21 13 38 12 19 19 40 0 31
split_gain=2.08269 2.03655 2.55941 2.49799 1.79935 1.74963 3.71801 5.24569 3.65369 3.64244 3.55071 4.04804 6.12376 7.99504 9.22229 6.55928 4.97559 6.45523 5.23369 4.41907 4.86885 6.11932 4.33276 4.22244 4.75845 5.11968 9.35491 4.15503 3.9654 3.84049
threshold=2.5000000000000004 571.95500000000015 664.5350000000002 67.250000000000014 13241.190000000002 17.135856481481486 1.2896006944444447 1415.4550000000002 14072.865000000002 35.180335648148152 11.139357638888891 9.9625520833333354 36.650000000000013 32.550000000000004 1.0000000180025095e-35 0.52984953703703719 1.5000000000000002 3553.1000000000004 1.0631712962962967 21.92125578703704 11.172540509259262 1.1262615740740742 27.500000000000004 165.05000000000004 1497.2550000000003 5.1317476851851866 4.1389525462962977 1.0183682953880597 1859.1650000000002 9.5000000000000018
decision_type=2 2 2 2 2 2 2 2 2 2 2 2 2 2 2 2 2 2 2 2 2 2 2 2 2 2 2 2 2 2
left_child=1 5 -3 -4 -5 10 7 -7 9 -9 11 12 13 14 -1 -16 -15 18 -18 20 21 28 -23 29 -25 26 -26 -17 -13 -14
right_child=-2 2 3 4 -6 6 -8 8 -10 -11 -12 19 23 16 15 27 17 -19 -20 -21 -22 22 -24 24 25 -27 -28 -29 -30 -31
leaf_value=-0.016685149112120125 0.041376976087841112 0.086534283287712399 0.047236347126766019 -0.032458124007369853 0.03626076451317551 -0.017482209475668621 0.00080650156313587761 0.075520719823137294 -0.012781149133998436 -0.019411863070219332 -0.016587509498146646 -0.027721591763027797 0.0042206329164970217 -0.010880917571148334 -0.0029738170629918363 0.072935981253119869 -0.014098670029841344 -0.010761611504046698 0.15245130936504492 -0.0069121025759785043 -0.013669236085212907 0.042203328729795112 -0.012143681546421273 -0.034678955759117315 0.013449256454362808 -0.035453956496577795 0.13948563366278988 -0.023225663356300268 0.016924139494078918 -0.031098345330996393
leaf_weight=30.482385341310874 1.9808878274634469 0.45354305114596982 1.4125201618298886 2.7012203529011463 0.37594776926562179 3.7454644727986297 172.4309487529099 5.9091789152007532 1.5983477497939018 0.76597734773531545 42.776883628685027 7.2720273032318827 9.22132281353697 1.403376085218041 7.7374407299794239 6.5289538269862533 0.37976861651986915 0.96792907081544388 1.6921251341700552 37.248051578877494 11.447933223098515 26.318400788120929 3.7876148880459359 4.5356835310813066 8.8231070279143715 2.3566605499945572 0.83859286783263165 0.83787186630070198 11.475439305882899 39.658193343086168
leaf_count=2450 27 24 49 165 6 409 14177 280 135 71 3972 755 692 104 660 447 30 55 95 2543 550 1442 272 374 606 290 57 65 605 3858
internal_value=0 -0.000556324 0.0285195 0.00796346 -0.0172281 -0.000946698 0.00275657 0.0285226 0.0489885 0.0635173 -0.00361746 -0.000947502 -0.00725429 0.00585559 -0.000962207 0.0298345 0.0631313 0.0915355 0.127272 0.00651533 0.0147869 0.0215955 0.0351954 -0.0172152 0.00442019 0.0207064 0.0364455 0.0605302 -0.000920507 -0.0244842
internal_weight=0 445.183 4.94323 4.48969 3.07717 440.24 184.45 12.019 8.2735 6.67516 255.79 213.013 115.463 50.0299 45.5867 15.1043 4.4432 3.03982 2.07189 97.5495 60.3014 48.8535 30.106 65.4336 16.554 12.0184 9.6617 7.36683 18.7475 48.8795
internal_count=35265 35238 244 220 171 34994 15072 895 486 351 19922 15950 9783 3906 3622 1172 284 180 125 6167 3624 3074 1714 5877 1327 953 663 512 1360 4550
is_linear=0
shrinkage=0.05


Tree=136
num_leaves=31
num_cat=0
split_feature=19 21 31 19 15 21 23 15 2 2 31 16 13 2 31 13 15 17 13 38 21 11 16 35 20 15 38 17 38 19
split_gain=2.45146 6.3776 4.27317 4.91469 4.37753 4.08958 6.07134 4.71077 7.94989 7.36376 6.8093 4.17176 3.74763 8.05467 7.6463 7.67534 7.28868 4.10795 4.72371 8.00398 9.57578 5.59007 3.68353 3.6611 3.57209 3.55855 3.51018 3.47467 3.86772 4.01774
threshold=10.914253472222223 14.81623263888889 13.500000000000002 13.276649305555557 260737.50000000003 30.859444444444446 1.0000000180025095e-35 59343.500000000007 0.73833182729688496 0.39304018172310307 11.500000000000002 4.5000000000000009 34.500000000000007 0.86896114084875586 16.500000000000004 41.500000000000007 9028.5000000000018 9.5000000000000018 24.500000000000004 70.950000000000017 22.451799768518523 5.5000000000000009 4.5000000000000009 1.0000000180025095e-35 1.5000000000000002 91893.000000000015 33.45000000000001 6.5000000000000009 36.650000000000013 10.268015046296298
decision_type=2 2 2 2 2 2 2 2 2 2 2 2 2 2 2 2 2 2 2 2 2 2 2 2 2 2 2 2 2 2
left_child=27 23 5 -4 12 6 -3 8 9 -7 22 -10 17 -14 15 16 -15 18 -5 -20 21 -21 -11 -2 -6 -19 -8 28 -1 -30
right_child=1 2 3 4 24 7 26 -9 11 10 -12 -13 13 14 -16 -17 -18 25 19 20 -22 -23 -24 -25 -26 -27 -28 -29 29 -31
leaf_value=0.0085638055150040315 -0.028630545697820281 -0.01908677746094839 0.060682468405455874 0.001174241035743324 0.10368347876981035 -0.027416326205903258 -0.022142328454727144 -0.017428821832554002 -0.015263651148210556 0.13575035874964286 -0.0058956069664424949 0.052590443755133123 -0.034572922486233136 0.17876719801283147 -0.002719387855953367 -0.019530727276995483 -0.014977965674444704 -0.03040038791687524 -0.0046370973699648346 0.19658298147486195 -0.021319968153450358 -0.010849244922054547 -0.011783067816784761 0.060194795299750553 -0.017512330578759713 0.055105111766642095 0.06269006880626414 0.012286372047106236 -0.0096934307653178536 0.051023613832291717
leaf_weight=65.293842855608091 26.437336281407628 58.285887822043151 3.1149840718135229 72.275235984940082 0.93184523889794835 1.1777101892512352 1.1749326498247672 10.551991056418045 9.8941887796390784 2.9446477873716508 1.2496078540571032 1.8603425114415575 2.1523817677516481 1.574334367644042 2.3158607152290642 0.62666556169278909 0.41911746864207078 13.150156989227977 3.2961806370876721 0.82124697789549805 0.73183266515843559 0.27363370917737484 0.30449287453666318 0.29828765615820785 0.51991408667527139 0.42115066107362586 2.8611622010357678 84.463350171223283 78.686181669589132 1.8380729337222863
leaf_count=4971 2591 4719 130 6289 32 136 75 1118 912 221 143 128 241 68 231 57 40 1309 282 76 102 32 42 6 34 35 176 4745 6232 127
internal_value=0 -0.00308614 0.000136086 0.00708439 0.00481953 -0.00775122 -0.0148081 0.00793406 0.0234003 0.0669739 0.0921762 -0.00124336 0.00313681 0.0357522 0.0670764 0.112477 0.146637 0.000234306 0.00476295 0.0469327 0.108708 0.164309 0.122405 -0.025505 0.0708402 -0.0241473 0.0385017 0.0042811 -0.000407962 -0.00769861
internal_weight=0 219.665 192.93 102.625 99.5096 90.305 62.322 27.983 17.431 5.67646 4.49875 11.7545 98.0578 7.08836 4.93598 2.62012 1.99345 90.9694 77.3981 5.12289 1.82671 1.09488 3.24914 26.7356 1.45176 13.5713 4.03609 230.281 145.818 80.5243
internal_count=35300 19225 16628 8958 8828 7670 4970 2700 1582 542 406 1040 8762 637 396 165 108 8125 6781 492 210 108 263 2597 66 1344 251 16075 11330 6359
is_linear=0
shrinkage=0.05


Tree=137
num_leaves=31
num_cat=0
split_feature=12 26 12 9 12 12 13 40 10 12 2 2 40 11 31 31 24 14 17 17 13 12 40 2 3 40 38 19 14 13
split_gain=2.37512 4.40484 3.83053 4.25349 5.02453 4.28337 3.71638 3.55585 4.1249 5.79833 4.44177 5.56164 7.95147 7.86882 7.85977 8.24561 7.42018 6.16794 6.10491 7.90302 3.96726 3.867 3.19669 5.23431 12.0867 8.01084 5.79245 7.24291 8.63185 7.20516
threshold=3356.6950000000006 1.0000000180025095e-35 2172.7200000000007 1.5000000000000002 1757.6050000000002 1817.0250000000003 7.5000000000000009 1.323945742415259 75.110000000000014 2332.0250000000001 3.4926638588452632 1.8919020767739523 0.63499972068646204 2.5000000000000004 15.500000000000002 9.5000000000000018 30.120300925925928 10161.625000000002 6.5000000000000009 4.5000000000000009 11.500000000000002 2557.0300000000002 0.60738163206932638 0.93116825057213159 -0.1497805015540801 1.0997364839910928 45.45000000000001 24.202546296296301 51479.660000000003 27.500000000000004
decision_type=2 2 2 2 2 2 2 2 2 2 2 2 2 2 2 2 2 2 2 2 2 2 2 2 2 2 2 2 2 2
left_child=2 22 3 4 -1 -5 -4 8 10 -10 11 12 14 16 15 -8 -13 -16 19 21 -20 -17 -2 24 26 -26 -24 28 -28 -30
right_child=1 -3 6 5 -6 -7 7 -9 9 -11 -12 13 -14 -15 17 18 -18 -19 20 -21 -22 -23 23 -25 25 -27 27 -29 29 -31
leaf_value=0.003329488296318607 -0.0076609852558573487 0.052841561585950492 -0.016078582389593435 0.010449131624839082 -0.024482204310237114 0.1010329492069638 -0.0061215470025879869 -0.014012779770266555 0.068133882582456312 -0.022323658447418418 -0.016457940444956805 0.15017154663370613 -0.015210664367223434 -0.0083166851319809998 0.087069871038514546 -0.013468660338813478 -0.018106410286703272 -0.029895615862421739 -0.010925819374811857 -0.020489758997812371 0.15154840990730711 0.13359417931798614 -0.013172686858152153 -0.0057031853387406297 0.16813790108260351 -0.018103492734660314 0.0024356122721681459 -0.021709983327106518 0.089587155389419248 -0.00038428642577404272
leaf_weight=132.15484927897342 136.7128578859847 2.6278578476048997 6.2728978574741623 4.2644230260048053 17.495541168143973 1.0753343291580675 2.3350731907412499 4.9918608728330573 1.284238955937324 6.9042129346635193 2.8735633161850265 2.6763371676206584 6.2020865550730369 1.372697210172191 0.45525974244810541 0.36381297721527539 0.55532078817486752 4.0205995971336961 0.27142080059275064 2.3156622336246073 3.1959651517681777 0.90040161018259823 15.848005283158271 59.165396500611678 1.0531471301801492 0.555921175982803 9.5095757262315654 5.9194951353128991 7.7696586626116169 2.9704322968609631
leaf_count=10991 10633 104 565 221 1600 60 203 447 66 503 88 146 591 128 41 44 47 438 19 235 278 78 1074 4029 65 57 814 720 534 293
internal_value=0 -0.00185841 0.00546926 0.00163608 -6.2888e-05 0.0417501 0.0178146 0.0232962 0.0287488 -0.00226555 0.0377271 0.0444353 0.0302099 0.0899634 0.050193 0.0740837 0.12381 -0.0042705 0.0981175 0.0365898 0.139231 0.104016 -0.0026758 0.00396443 0.0169095 0.121516 0.0101719 0.0242738 0.0381051 0.0667902
internal_weight=0 242.132 201.982 154.99 149.65 5.33976 46.9914 40.7185 35.7267 8.18845 27.5382 24.6646 20.0603 4.60436 13.8582 9.38234 3.23166 4.47586 7.04726 3.57988 3.46739 1.26421 239.504 102.792 43.6262 1.60907 42.0172 26.1692 20.2497 10.7401
internal_count=35112 18323 16789 12872 12591 281 3917 3352 2905 569 2336 2248 1927 321 1336 857 193 479 654 357 297 122 18219 7586 3557 122 3435 2361 1641 827
is_linear=0
shrinkage=0.05


Tree=138
num_leaves=31
num_cat=0
split_feature=21 19 24 24 0 19 38 12 12 3 0 21 24 0 0 24 13 31 12 39 24 24 33 12 19 24 3 13 13 0
split_gain=2.45887 7.51385 3.59203 4.72061 5.97983 4.14316 4.98802 4.07008 9.52098 5.4261 5.74022 3.68441 6.86179 4.52031 6.95022 4.46079 3.89549 3.45072 3.42012 3.68499 4.7309 3.98329 3.34341 3.13571 3.07976 5.35576 3.86072 4.27133 3.84007 5.3658
threshold=20.89576967592593 18.145758101851857 27.491875000000004 16.386087962962968 499.35000000000008 6.1376446759259267 67.15000000000002 2590.4600000000005 3356.6950000000006 -0.35289929181780261 2866.4050000000002 12.274166666666668 10.56056712962963 5076.0300000000016 3553.1000000000004 2.0436111111111117 22.500000000000004 9.5000000000000018 4920.7100000000009 154.45000000000002 13.821909722222225 5.1594849537037044 0.032522474881015347 1158.8900000000001 21.886267361111113 28.863113425925928 -0.86074373259916437 8.5000000000000018 23.500000000000004 5194.9100000000008
decision_type=2 2 2 2 2 2 2 2 2 2 2 2 2 2 2 2 2 2 2 2 2 2 2 2 2 2 2 2 2 2
left_child=1 2 3 11 5 -5 -7 23 9 -9 -11 12 13 14 -1 -16 -14 -18 -13 21 -21 -20 -10 -6 25 28 -27 -28 -2 -30
right_child=24 -3 -4 4 7 6 -8 8 22 10 -12 18 16 -15 15 -17 17 -19 19 20 -22 -23 -24 -25 -26 26 27 -29 29 -31
leaf_value=-0.0037474294510793441 -0.0040705789025288997 -0.036330090990161025 -0.015710696449983071 0.00074265741276988899 0.004772726433453613 0.030001110748878335 0.13341433806629663 -0.02063798282537983 -0.0022470414768698084 0.13825305803481971 -0.010654061124190038 -0.028645905754459241 0.029682315843724379 -0.023032083169066572 0.067057272631478843 0.0064811206665547991 0.043008979612969372 -0.027320256678854411 0.036992080293848005 -0.026037156427904429 0.05418873457897453 -0.031422662066559075 0.035955056368139296 -0.039524789830865617 0.002992021897087064 -0.025375700941968837 -0.0096088852444281159 0.078600193073014663 0.073101360240757501 -0.041006344989596544
leaf_weight=87.378525705775246 17.508253747830175 13.509597895201294 29.225945141166449 2.7056369879283002 9.7530211396515352 3.825435945764184 1.4394727991893885 0.65147183905355666 22.846508916234601 2.1349304553586985 0.64508369658142317 20.017822018126026 27.71097321738489 22.801295862998813 5.0304103707894665 6.6104431701824069 1.3771724947728206 5.8257195195183158 1.8538619889877761 2.0469415532425037 4.4209007646422833 8.2725750287063402 6.5976489298045626 5.5563477156683794 122.08898983779363 0.89594044536352146 1.4452752722427229 6.2161443252116442 2.8890963969752188 0.67514433292672027
leaf_count=7842 1090 1218 2117 188 691 171 118 54 1434 122 31 1681 1697 1830 255 467 84 473 109 190 315 769 192 447 11030 55 49 158 198 49
internal_value=0 -0.00125023 0.000573846 0.00253647 0.0151614 0.052726 0.0750576 0.00800196 0.017753 0.0861571 0.110023 -0.00118945 0.00217003 -0.00346585 0.00122491 0.0358921 0.0213836 -0.0102696 -0.0152466 0.00162663 0.0287122 -0.0166988 0.00721287 -0.0127422 0.00657506 0.0207592 0.0518536 0.0627719 0.00635485 0.0472382
internal_weight=0 292.238 278.728 249.502 56.1556 7.97055 5.26491 48.185 32.8756 3.43149 2.78001 193.347 156.735 121.821 99.0194 11.6409 34.9139 7.20289 36.6121 16.5943 6.46784 10.1264 29.4442 15.3094 151.719 29.6299 8.55736 7.66142 21.0725 3.56424
internal_count=35124 22495 21277 19160 3448 477 289 2971 1833 207 153 15712 12648 10394 8564 722 2254 557 3064 1383 505 878 1626 1138 12629 1599 262 207 1337 247
is_linear=0
shrinkage=0.05


Tree=139
num_leaves=31
num_cat=0
split_feature=19 21 13 12 24 10 0 0 14 19 39 38 3 15 17 17 12 0 0 12 39 3 2 38 17 14 12 24 38 21
split_gain=2.24192 4.15018 3.43585 3.21913 3.72716 3.39965 3.77918 8.48086 7.75758 6.47549 6.81327 5.26312 4.9568 5.06182 4.70853 5.76752 4.51532 4.44788 5.82784 4.75041 3.96473 4.63457 5.94306 6.04125 4.30412 6.48407 5.49155 5.32819 4.03803 4.88025
threshold=10.914253472222223 19.213125000000002 11.500000000000002 94732.095000000016 36.921643518518529 911.90000000000009 1386.5050000000003 1249.7050000000002 14240.735000000002 7.6583333333333341 82.15000000000002 107.85000000000001 -1.8974332155119569 54943.500000000007 8.5000000000000018 4.5000000000000009 892.5350000000002 1921.1950000000004 2014.9600000000003 2454.1450000000004 73.050000000000011 0.83216246042181174 1.8919020767739523 27.350000000000005 5.5000000000000009 56463.830000000009 12110.420000000004 19.415185185185191 11.050000000000002 3.3163194444444448
decision_type=2 2 2 2 2 2 2 2 2 2 2 2 2 2 2 2 2 2 2 2 2 2 2 2 2 2 2 2 2 2
left_child=1 3 -3 4 5 6 7 9 -9 -1 -11 12 -12 14 15 -14 -17 -8 19 -19 24 -22 23 -23 25 28 -26 -28 29 -20
right_child=-2 2 -4 -5 -6 -7 17 8 -10 10 11 -13 13 -15 -16 16 -18 18 20 -21 21 22 -24 -25 26 -27 27 -29 -30 -31
leaf_value=0.0022069683334409872 -0.00072227543847350152 0.0013824839503580747 0.055999896942198757 0.035796064095166662 -0.031756166587631716 -0.00803736342984975 -0.020046246794069227 0.11141703654974787 0.010548433387369861 -0.022382566118695692 -0.012256634466096429 -0.003570401426569972 -0.012534520877471698 0.021601965487747638 0.0064650358111689793 0.012630238171768766 0.19939024231231164 -0.021654149090255918 0.050730914470041924 0.0966497913810479 -0.021336600414720037 0.12922411511870727 0.00022793169099358086 0.0073719873266131306 -0.037164886257419594 -0.022029991709938322 -0.013799685140744805 0.097943636728710926 0.10078588671178204 -0.032426361856429525
leaf_weight=49.337517375824973 217.1121463063173 4.7821239645127189 6.4396151388064027 7.0516007114201775 6.2410832683090112 40.632747479947284 18.195199595531449 3.2869092063046983 3.8508479229640216 2.5464965673163524 0.94768576929345627 2.203421208076179 0.32922127889469255 2.0498916723299772 0.74823735002428282 0.52698268182575736 1.7952439319342373 0.74431393947452251 5.3122778085526097 2.0218048193491995 20.88148104166612 0.91744977328926269 30.618852666113526 2.4459987285081297 4.7911445905920109 2.8172204529400906 1.8645498561672869 0.97450132854282845 2.7664204016327858 1.6665594419464467
leaf_count=4502 19196 110 115 272 480 2303 1542 230 306 257 45 252 35 161 54 23 124 74 430 116 1957 21 1193 218 322 359 161 68 123 131
internal_value=0 0.00636038 0.0347423 0.00474422 0.00353975 0.00476758 0.00797663 0.0169385 0.0649815 0.0103043 0.0430113 0.0626878 0.0829068 0.0987903 0.129844 0.153355 0.173567 0.0015555 0.00679631 0.0675192 0.00370011 -0.00333821 0.00801524 0.0626075 0.0220785 0.0390245 -0.00711076 0.0400776 0.0570822 0.0292976
internal_weight=0 228.787 11.2217 217.566 210.514 204.273 163.64 67.6225 7.13776 60.4847 11.1472 8.60068 6.39726 5.44958 3.39969 2.65145 2.32223 96.0178 77.8226 2.76612 75.0565 54.8638 33.9823 3.36345 20.1927 12.5625 7.6302 2.83905 9.74526 6.97884
internal_count=35180 15984 225 15759 15487 15007 12704 5989 536 5453 951 694 442 397 236 182 147 6715 5173 190 4983 3389 1432 239 1594 1043 551 229 684 561
is_linear=0
shrinkage=0.05


Tree=140
num_leaves=31
num_cat=0
split_feature=39 39 39 19 20 0 3 39 0 11 13 2 2 12 39 39 38 38 39 10 31 3 3 21 14 40 11 3 16 39
split_gain=3.3967 4.99428 4.37915 4.27849 4.1169 5.88721 6.97098 7.54209 9.85995 6.00363 6.56042 3.3841 4.44421 5.14346 4.4791 4.30236 4.31297 3.48488 5.72156 3.24947 3.179 2.96589 5.77689 4.85765 7.47012 6.64596 5.83747 6.60917 6.72527 5.835
threshold=248.75000000000003 168.45000000000002 154.45000000000002 28.67311342592593 1.5000000000000002 2990.7250000000004 -0.34255911035749748 201.95000000000002 1921.1950000000004 4.5000000000000009 10.500000000000002 0.49361101759264508 0.84587975665882109 554.50000000000011 161.05000000000004 165.65000000000001 67.750000000000014 48.850000000000001 163.95000000000002 3099.6600000000003 22.500000000000004 -0.6106415096023079 -0.40913920619865507 19.213125000000002 37157.825000000004 1.2153318481347195 2.5000000000000004 0.17869024810129633 1.5000000000000002 134.95000000000002
decision_type=2 2 2 2 2 2 2 2 2 2 2 2 2 2 2 2 2 2 2 2 2 2 2 2 2 2 2 2 2 2
left_child=1 2 20 11 -3 6 -6 19 9 10 -9 -4 13 -13 -14 -16 -17 -15 -19 -8 21 -1 -23 26 25 -25 27 -24 -29 -27
right_child=-2 4 3 -5 5 -7 7 8 -10 -11 -12 12 14 17 15 16 -18 18 -20 -21 -22 22 23 24 -26 29 -28 28 -30 -31
leaf_value=0.010866670149594663 0.014394142395368749 -0.019870914467170125 -0.016761621671034985 -0.025988095689471205 -0.012796979478036631 -0.024888798518300538 -0.01513318457063165 0.017568705654539146 -0.027473498360458079 -0.01736701925430682 0.17099444640620609 -0.022460201935419959 0.046039241561661198 0.0098717246914902732 -0.035789424529785833 0.064572791615177164 -0.027248960951870044 0.14431974161206915 0.00072027924842571988 0.075780993615567963 0.040684758062127208 -0.0294682917702077 0.029697618910138942 -0.013990519257101777 0.027034882128127536 0.0060936855723520101 -0.01672225460900836 -0.016614383352591952 0.022874332699593561 0.10507173537153017
leaf_weight=71.701849801465869 64.406033495208248 41.243015605723485 2.7120956964790883 3.0381235836539409 8.0324240159243363 9.8428335604257864 4.7090857762377727 1.200389971258119 1.1631289776414631 0.5180981378071009 2.3085313360206783 0.77894020779058593 7.8867552201263589 1.2430976410396395 4.2238369914703071 2.1915203062817459 1.4010992124676702 2.3116843088064347 0.89019493875093747 0.18730320455506433 4.4638877909164867 15.272622463060541 18.625822416972369 30.776876524090767 37.215051497565582 4.5658539615105829 53.934472330613062 34.194147609872743 14.571844750083981 1.3118665870279071
leaf_count=6075 4584 3533 226 368 773 783 469 99 119 59 172 62 434 53 278 45 115 162 74 7 276 1535 1775 2585 2452 418 4102 2629 821 93
internal_value=0 0.0020556 0.00474381 0.0237438 -0.010009 0.00472106 0.0212666 0.0471007 0.0837791 0.114985 0.134045 0.0309307 0.0375941 0.074148 0.0217227 -0.00525157 0.0306269 0.0920933 0.114069 0.000606874 0.00289906 0.00215973 -0.000843885 0.00153454 0.0115587 -0.00445488 -0.00461325 0.00518054 -0.00459216 0.04025
internal_weight=0 382.516 313.312 26.6773 69.2048 27.9618 18.119 10.0865 5.19015 4.02702 3.50892 23.6392 20.9271 5.22392 15.7032 7.81646 3.59262 4.44498 3.20188 4.89639 286.634 282.17 210.469 195.196 73.8696 36.6546 121.326 67.3918 48.766 5.87772
internal_count=35176 30592 24578 1817 6014 2481 1698 925 449 330 271 1449 1223 351 872 438 160 289 236 476 22761 22485 16410 14875 5548 3096 9327 5225 3450 511
is_linear=0
shrinkage=0.05


Tree=141
num_leaves=31
num_cat=0
split_feature=12 20 19 21 19 21 1 32 39 38 2 1 15 17 1 24 17 3 24 12 2 38 39 19 12 14 24 2 14 34
split_gain=2.21202 4.68757 3.88578 4.44439 5.1186 6.82321 4.58856 3.76208 3.52223 5.79318 3.80936 3.78509 3.48016 5.62271 4.81808 5.50746 7.92977 6.08588 11.4469 8.46867 8.35112 8.92145 6.90584 7.93561 6.89972 6.27671 5.50252 5.18559 5.15636 4.66044
threshold=763.77500000000009 1.5000000000000002 21.748489583333338 28.272054398148153 26.22641782407408 23.12068865740741 7.9017937794354181 1.0000000180025095e-35 559.15000000000009 64.350000000000009 0.52365641765863968 7.4835171572437185 200.50000000000003 9.5000000000000018 6.9408805293671714 2.3170254629629636 6.5000000000000009 -1.1344503635839811 4.8593229166666676 1527.7800000000004 0.63637457052436541 36.150000000000013 219.85000000000005 0.28495370370370376 998.62000000000012 6531.1500000000005 8.9288773148148177 0.66372822230444362 8478.4750000000004 1.0000000180025095e-35
decision_type=2 2 2 2 2 2 2 2 2 2 2 2 2 2 2 2 2 2 2 2 2 2 2 2 2 2 2 2 2 2
left_child=1 2 8 4 5 -4 -6 -3 9 10 -1 -12 13 -2 15 -14 17 22 20 24 -19 -22 23 -17 -20 -26 -27 -18 -25 -30
right_child=12 7 3 -5 6 -7 -8 -9 -10 -11 11 -13 14 -15 -16 16 27 18 19 -21 21 -23 -24 28 25 26 -28 -29 29 -31
leaf_value=0.039988954053104001 -0.025746833933312421 -0.026263260655247696 0.081354493154533261 -0.0012823881327423447 0.12402809076454101 -0.027139838950987739 -0.016272609721571199 0.03027460388587257 0.063926628191524476 -0.035249049550183285 -0.027070714753925914 0.01432561724816828 -0.017668199243342442 0.029708555079514504 0.001803973722482773 -0.011238794709728377 -0.012188036813317819 -0.022580110128104219 -0.017197487220830539 -0.020148214762351943 0.00024225411732913357 0.18614039418778461 -0.02812901147410566 -0.018936661858703043 -0.02347494654927669 -0.018080530206608898 0.12285714295604913 0.022558890180078964 0.11979976611976406 0.0049341962185810448
leaf_weight=5.2453566610347506 19.677507212152708 27.011588552501056 1.2602974246256033 7.9077168968506157 1.8407913981936874 3.137597288005054 0.46700427262112487 2.4508614640217266 0.79998907074332137 11.780676974682136 9.0495751765556651 11.311831174185498 10.220622969558461 4.9672829317860296 254.71457603271119 1.8358580868225534 20.723306270549074 0.80262629548088016 2.5190178437624153 12.288989779539405 0.8972369586117569 1.3234127974137662 1.2426371029578138 0.59957799315452476 0.86694391397759307 0.55504772020503912 2.9951643352396786 20.316247323993593 6.9245615573599917 1.0931064428295938
leaf_count=316 1137 2526 78 705 93 205 28 91 29 1187 917 665 1157 271 18956 144 1962 87 225 1285 81 121 139 77 106 66 246 1846 491 82
internal_value=0 -0.00509152 0.00385246 0.0248911 0.0519172 0.0132629 0.0993006 -0.0207207 -0.00462824 -0.00772221 0.00579066 -0.00447885 0.00394285 -0.0138469 0.00526948 0.0154883 0.0201808 0.0376974 0.0207696 0.00448077 0.097492 0.134426 0.0657262 0.0783653 0.045157 0.0773269 0.101692 0.00514055 0.0966387 0.106423
internal_weight=0 82.2633 52.8008 14.6134 6.70569 4.39789 2.3078 29.4625 38.1874 37.3874 25.6068 20.3614 364.564 24.6448 339.919 85.2044 74.9837 33.9442 22.2484 19.2252 3.02328 2.22065 11.6957 10.4531 6.93617 4.41716 3.55021 41.0396 8.61725 8.01767
internal_count=35319 6840 4223 1109 404 283 121 2617 3114 3085 1898 1582 28479 1408 27071 8115 6958 3150 2217 1928 289 202 933 794 643 418 312 3808 650 573
is_linear=0
shrinkage=0.05


end of trees

feature_importances:
payee_relation_age_d=342
device_age_d=337
time_since_last_s=293
amount_try=282
login_to_transfer_s=276
payee_age_d=275
amount_ratio=248
sum_7d=248
session_duration_s=243
typing_deviation=208
amount_zscore=203
sum_24h=191
hour=181
cnt_7d=164
distinct_payees_7d=121
night_ratio_7d=79
sum_1h=65
amount_log=51
payee_fan_in_24h=50
cnt_24h=46
device_customers_7d=45
is_new_device=43
paste_used=37
distinct_payees_24h=33
hour_unusual=30
is_new_payee=28
cnt_1h=26
near_threshold=25
near_threshold_cnt_24h=25
channel_change=18
vulnerable_customer=12
is_new_location=9
is_cash_channel=7
sum_1m=5
is_night=5
channel_unknown=3
is_foreign=2
first_large_transfer=1
ip_country_mismatch=1
is_anonymized_ip=1
purpose_risk=1

parameters:
[boosting: gbdt]
[objective: binary]
[metric: binary_logloss]
[tree_learner: serial]
[device_type: cpu]
[data_sample_strategy: bagging]
[data: ]
[valid: ]
[num_iterations: 500]
[learning_rate: 0.05]
[num_leaves: 31]
[num_threads: 1]
[seed: 7]
[deterministic: 1]
[force_col_wise: 0]
[force_row_wise: 1]
[histogram_pool_size: -1]
[max_depth: -1]
[min_data_in_leaf: 20]
[min_sum_hessian_in_leaf: 0.001]
[bagging_fraction: 0.8]
[pos_bagging_fraction: 1]
[neg_bagging_fraction: 1]
[bagging_freq: 1]
[bagging_seed: 17422]
[feature_fraction: 0.8]
[feature_fraction_bynode: 1]
[feature_fraction_seed: 7040]
[extra_trees: 0]
[extra_seed: 6516]
[early_stopping_round: 0]
[first_metric_only: 0]
[max_delta_step: 0]
[lambda_l1: 0]
[lambda_l2: 1]
[linear_lambda: 0]
[min_gain_to_split: 0]
[drop_rate: 0.1]
[max_drop: 50]
[skip_drop: 0.5]
[xgboost_dart_mode: 0]
[uniform_drop: 0]
[drop_seed: 15215]
[top_rate: 0.2]
[other_rate: 0.1]
[min_data_per_group: 100]
[max_cat_threshold: 32]
[cat_l2: 10]
[cat_smooth: 10]
[max_cat_to_onehot: 4]
[top_k: 20]
[monotone_constraints: ]
[monotone_constraints_method: basic]
[monotone_penalty: 0]
[feature_contri: ]
[forcedsplits_filename: ]
[refit_decay_rate: 0.9]
[cegb_tradeoff: 1]
[cegb_penalty_split: 0]
[cegb_penalty_feature_lazy: ]
[cegb_penalty_feature_coupled: ]
[path_smooth: 0]
[interaction_constraints: ]
[verbosity: -1]
[saved_feature_importance_type: 0]
[use_quantized_grad: 0]
[num_grad_quant_bins: 4]
[quant_train_renew_leaf: 0]
[stochastic_rounding: 1]
[linear_tree: 0]
[max_bin: 255]
[max_bin_by_feature: ]
[min_data_in_bin: 3]
[bin_construct_sample_cnt: 200000]
[data_random_seed: 61]
[is_enable_sparse: 1]
[enable_bundle: 1]
[use_missing: 1]
[zero_as_missing: 0]
[feature_pre_filter: 1]
[pre_partition: 0]
[two_round: 0]
[header: 0]
[label_column: ]
[weight_column: ]
[group_column: ]
[ignore_column: ]
[categorical_feature: ]
[forcedbins_filename: ]
[precise_float_parser: 0]
[parser_config_file: ]
[objective_seed: 15521]
[num_class: 1]
[is_unbalance: 0]
[scale_pos_weight: 1]
[sigmoid: 1]
[boost_from_average: 1]
[reg_sqrt: 0]
[alpha: 0.9]
[fair_c: 1]
[poisson_max_delta_step: 0.7]
[tweedie_variance_power: 1.5]
[lambdarank_truncation_level: 30]
[lambdarank_norm: 1]
[label_gain: ]
[lambdarank_position_bias_regularization: 0]
[eval_at: ]
[multi_error_top_k: 1]
[auc_mu_weights: ]
[num_machines: 1]
[local_listen_port: 12400]
[time_out: 120]
[machine_list_filename: ]
[machines: ]
[gpu_platform_id: -1]
[gpu_device_id: -1]
[gpu_use_dp: 0]
[num_gpu: 1]

end of parameters

pandas_categorical:null
