tree
version=v4
num_class=1
num_tree_per_iteration=1
label_index=0
max_feature_idx=47
objective=binary sigmoid:1
feature_names=amount_try amount_log amount_ratio amount_zscore first_large_transfer near_threshold near_threshold_cnt_24h cnt_1m sum_1m cnt_1h sum_1h cnt_24h sum_24h cnt_7d sum_7d time_since_last_s distinct_payees_24h distinct_payees_7d is_new_payee payee_relation_age_d payee_fan_in_24h payee_age_d device_missing is_new_device device_age_d device_customers_7d is_new_location ip_country_mismatch is_anonymized_ip is_foreign is_high_risk_country hour is_night night_ratio_7d hour_unusual is_cash_channel channel_change channel_unknown login_to_transfer_s session_duration_s typing_deviation paste_used is_emulator is_rooted remote_access active_call purpose_risk vulnerable_customer
feature_infos=[1.6599999999999999:373246.66999999998] [0.97832612279360764:12.829997472917116] [0.00028140638493220964:186.67959107508551] [-14.595441585301057:7.6037449681324523] [0:1] [0:1] [0:6] [0:3] [0:57351.68] [0:15] [0:377235.45999999996] [0:19] [0:984148.53000000003] [0:75] [0:1810427.7400000005] [0:604800] [0:17] [0:25] [0:1] [-1:42.213599537037034] [0:8] [-1:42.213599537037034] none [0:1] [0:42.165034722222224] [1:5] [0:1] [0:1] [0:1] [0:1] none [0:23] [0:1] [0:1] [0:1] [0:1] [0:1] [0:1] [-1:2970.9000000000001] [-1:3387.5] [0:13.458236480535779] [0:1] none [0:1] [0:1] [0:1] [0:1] [0:1]
tree_sizes=3329 3364 3391 3375 3388 3376 3395 3398 3380 3375 3389 3410 3408 3413 3411 3387 3406 3397 3412 3406 3407 3408 3404 3424 3411 3390 3408 3402 3420 3415 3417 3425 3420 3428 3420 3409 3429 3423 3426 3409 3419 3415 3418 3393 3425 3442 3429 3423 3427 3443 3427 3420 3438 3435 3412 3432 3416 3409 3441 3448 3418 3451 3440 3442 3429 3438 3433 3443 3430 3436 3440 3466 3439 3459 3442 3434 3415 3425 3439 3438 3454 3453

Tree=0
num_leaves=31
num_cat=0
split_feature=2 0 41 25 31 15 33 19 13 33 10 19 2 40 21 31 19 21 2 19 40 0 25 15 2 6 24 2 13 15
split_gain=2896.67 2157.02 3027.52 357.234 282.592 410.083 239.681 230.737 110.821 67.5338 47.1677 102.335 54.6551 44.2686 43.1478 32.1514 30.2619 30.4437 25.6083 40.9438 29.1708 14.4377 13.1104 21.1448 8.85483 8.53238 7.69603 6.31999 5.66004 4.82513
threshold=6.5581742892416139 90.210000000000022 1.0000000180025095e-35 2.5000000000000004 6.5000000000000009 863.50000000000011 0.35388994307400384 23.251863425925929 25.500000000000004 0.24404761904761907 7061.4400000000014 0.87139467592592601 0.9715600505635329 0.43949664888368262 0.22250578703703708 1.5000000000000002 27.300804398148152 2.4680439814814821 3.8480422997287929 0.022517361111111116 0.12512553317180922 530.49000000000012 1.5000000000000002 651.50000000000011 3.5784911103162877 1.5000000000000002 17.398755787037043 0.53946307972684093 10.500000000000002 717.50000000000011
decision_type=2 2 2 2 2 2 2 2 2 2 2 2 2 2 2 2 2 2 2 2 2 2 2 2 2 2 2 2 2 2
left_child=1 2 -1 4 5 6 -3 8 -2 13 18 12 -12 27 28 -15 17 -17 22 20 -20 -19 25 -24 -11 29 -22 -7 -14 -6
right_child=7 3 -4 -5 10 9 -8 -9 -10 24 11 -13 14 15 -16 16 -18 21 19 -21 26 -23 23 -25 -26 -27 -28 -29 -30 -31
leaf_value=-4.383739290148438 -3.1094465239984306 -3.2924935119248087 -2.1789081405703326 -3.5422376277539458 -4.3679629535018956 -4.2466347428573865 -4.2957013773147441 -4.3003247026646303 -4.200080062603047 -4.3847907587034101 -4.3321403134981704 -4.3834166080851942 -4.209714046055705 -4.3625226293704653 -3.7528017770438149 -4.355944959782474 -4.3584164691866754 -4.3160627634205913 -4.3684663431659976 -4.3701340176658787 -4.0129773748230786 -3.8127378484275982 -4.1451999483042758 -4.3588445364859156 -4.2466347428573874 -4.2679633738980405 -4.3225023404559026 -4.3775442908713567 -4.3642466885702271 -4.3912786385862468
leaf_weight=3.5804952951148143 4.2130916370078912 0.86033102497458713 1.7080101231113074 0.29099431727081437 26.973908018320799 0.35425395146012251 1.0248060738667844 0.59464056137949217 0.54403285402804602 9.0587796159088576 1.4043638790026292 7.8441946394741535 0.35425395146012284 0.56933670770376954 0.48077321983873833 0.30364624410867724 0.39220973197370756 0.27834239043295372 0.92359065916389083 7.1356867365539074 0.83502717129886128 1.062761854380369 0.40486165881156821 5.9717094674706459 0.35425395146012384 0.58198863454162975 0.39220973197370768 1.9357448061928151 0.65790019556879997 368.68979998212308
leaf_count=283 333 68 135 23 2132 28 81 47 43 716 111 620 28 45 38 24 31 22 73 564 66 84 32 472 28 46 31 153 52 29141
internal_value=-4.34415 -4.36011 -3.44057 -4.37321 -4.37558 -4.17667 -3.63204 -3.28477 -3.18748 -4.29024 -4.38358 -4.28402 -4.07389 -4.15725 -3.93323 -4.048 -3.98299 -3.92192 -4.38632 -4.30724 -4.15656 -3.86058 -4.38823 -4.32015 -4.37073 -4.38938 -4.05777 -4.33381 -4.27023 -4.38975
internal_weight=0 444.424 5.28851 439.136 438.845 16.1945 1.88514 5.35177 4.75712 14.3093 422.65 10.7415 2.89729 4.8963 1.49293 2.6063 2.03696 1.64475 411.909 9.28651 2.15083 1.3411 402.622 6.37657 9.41303 396.246 1.22724 2.29 1.01215 395.664
internal_count=35550 35127 418 34709 34686 1280 149 423 376 1131 33406 849 229 387 118 206 161 130 32557 734 170 106 31823 504 744 31319 97 181 80 31273
is_linear=0
shrinkage=1


Tree=1
num_leaves=31
num_cat=0
split_feature=2 41 25 19 21 19 31 33 14 21 14 0 2 3 38 39 31 9 19 21 0 0 5 3 38 33 38 40 19 33
split_gain=1137.85 737.906 400.045 344.297 165.845 279.435 155.999 124.069 133.459 81.9579 79.6316 70.3151 63.3975 53.3399 44.9811 49.8969 35.5727 30.7087 52.4344 68.6684 55.2529 21.8376 15.8821 15.2942 13.4985 13.4441 13.1208 11.6665 9.99656 8.13438
threshold=5.5368824942314019 1.0000000180025095e-35 2.5000000000000004 0.022517361111111116 5.1462905092592601 4.2575462962962973 6.5000000000000009 0.2817460317460318 55018.375000000007 0.93313657407407413 44769.975000000006 49283.490000000013 9.6923103828038588 1.6962433472099498 59.050000000000004 75.750000000000014 7.5000000000000009 1.5000000000000002 0.073726851851851863 1.6905150462962963 630.12000000000012 2420.8300000000004 1.0000000180025095e-35 3.8853203711202711 52.650000000000013 0.070197044334975381 23.450000000000003 0.54616525602169574 2.796203703703704 0.23303167420814483
decision_type=2 2 2 2 2 2 2 2 2 2 2 2 2 2 2 2 2 2 2 2 2 2 2 2 2 2 2 2 2 2
left_child=1 2 6 9 10 -6 7 8 21 -3 23 -12 24 -9 15 -10 -5 22 19 -19 -21 -1 -8 -2 26 -20 -7 -23 -24 -27
right_child=4 3 -4 16 5 12 17 13 14 -11 11 -13 -14 -15 -16 -17 -18 18 25 20 -22 27 28 -25 -26 29 -28 -29 -30 -31
leaf_value=-0.015983340667459902 -0.025797939008807575 -0.0029863747667471835 0.72602935067574792 0.19386327210944909 0.85307564393134327 -0.021371085056940315 -0.044574659874679901 -0.037179911262301045 0.049108355916615658 0.44100601980203386 0.48071363239563064 0.016736548648962887 0.41037951529934003 0.30524138203507228 0.08057462284881986 0.71330717341525685 -0.028832513503061742 0.0016058292771414162 -0.04031519229818966 -0.018022279764131854 0.5340512858450629 -0.014229689914357968 0.18716705604292255 0.12729803523285751 -0.031769308286257673 0.16972071808725431 0.20344745912030049 0.26111044348847573 -0.021290568837396363 -0.019918065549212438
leaf_weight=3.3225751873105791 2.8921383908018488 1.1121801994740987 0.73824795708060165 1.238329367712139 3.3108242880552989 0.71002327650785468 379.43557048216462 10.173243650235232 0.50872673094272647 12.412663294933735 2.1007975321263075 1.2094461563974621 1.9237217456102369 0.26623018551617939 0.90714851114898909 1.0941578745841978 8.1440872987732273 2.8396435780450733 13.601008505560456 0.5527016334235666 0.5401579961180687 0.39062773995101441 0.26416292041540046 2.0765956584364176 1.620513563044369 0.36429472640156635 0.96698277443647385 0.44462168496102095 0.72563867270946503 0.64860011450946331
leaf_count=224 91 91 27 48 91 36 31290 813 34 204 61 34 57 20 51 48 652 226 1106 45 35 31 20 54 87 29 47 22 59 53
internal_value=0 -0.01594 -0.0313634 0.254276 0.391694 0.541087 -0.0344448 0.1094 0.262116 0.406804 0.196014 0.354406 0.237929 -0.00252759 0.490462 0.602358 0.0164011 -0.0408707 0.0210154 0.162333 0.379643 0.0559012 -0.043935 0.0487935 0.0652424 -0.0249733 0.135836 0.194752 0.100447 0.0987196
internal_weight=0 439.725 416.817 22.9073 16.811 8.53207 416.079 17.1073 6.66786 13.5248 8.27898 3.31024 5.22124 10.4395 2.51003 1.60288 9.38242 398.972 18.5464 3.9325 1.09286 4.15782 380.425 4.96873 3.29752 14.6139 1.67701 0.835249 0.989802 1.01289
internal_count=35686 35128 34133 995 558 318 34106 1243 410 295 240 95 227 833 133 82 700 32863 1494 306 80 277 31369 145 170 1188 83 53 79 82
is_linear=0
shrinkage=0.05


Tree=2
num_leaves=31
num_cat=0
split_feature=3 15 19 32 38 32 33 12 3 10 15 14 17 5 18 38 25 19 38 38 25 41 24 3 10 38 14 0 38 19
split_gain=767.042 569.428 316.958 110.521 78.3736 72.7621 106.446 71.0359 56.3402 64.3603 50.8195 48.7415 42.2092 36.6599 42.6239 36.0088 35.4181 27.3981 21.452 10.7703 10.6957 11.1678 28.5481 10.5791 10.5781 10.0273 12.358 9.35903 9.03751 7.30156
threshold=2.1378119330449716 717.50000000000011 0.022517361111111116 1.0000000180025095e-35 1.0000000180025095e-35 1.0000000180025095e-35 0.28869047619047622 15089.995000000001 -0.16794126950192875 1736.2500000000002 178.50000000000003 55018.375000000007 5.5000000000000009 1.0000000180025095e-35 1.0000000180025095e-35 15.950000000000001 1.5000000000000002 23.251863425925929 12.050000000000002 45.850000000000001 1.5000000000000002 1.0000000180025095e-35 0.0071527777777777787 1.1417892422569338 3679.0950000000003 55.850000000000001 36916.140000000014 24211.650000000005 15.950000000000001 10.185746527777779
decision_type=2 2 2 2 2 2 2 2 2 2 2 2 2 2 2 2 2 2 2 2 2 2 2 2 2 2 2 2 2 2
left_child=1 2 4 16 -1 13 11 17 12 -10 -5 19 -6 20 -15 -13 23 18 27 29 21 -3 -23 -4 -25 26 -22 -2 -28 -7
right_child=7 5 3 10 8 6 -8 -9 9 -11 -12 15 -14 14 -16 -17 -18 -19 -20 -21 25 22 -24 24 -26 -27 28 -29 -30 -31
leaf_value=-0.032007424279650497 -0.030128520388813515 -0.045120725307939202 -0.035931850436934532 -0.0026475018048016117 0.026160574015846129 0.1676847239733992 -0.035497033477412863 0.43990699442148568 0.012029865266473674 0.5935979004619405 0.40843662444643503 -0.016832727369823809 0.27045953643988241 -0.030768377975081709 0.33292275393166798 0.43575672710941876 0.20581874160125002 -0.0071417094899326686 0.247656468027595 -0.029985096876733616 -0.014657357465195253 0.16591016587891874 -0.030434980927166878 -0.025243312444363893 0.16870334891806915 -0.037990120067394002 -0.015495179081199984 0.12982679433040362 0.2069900773388807 -0.01685235586221228
leaf_weight=1.7146701803430939 1.3971730684861605 345.77572432346642 22.718816133216034 1.0567423822358244 2.2337077716365554 1.0553444772958749 8.9547343514859659 5.3913284158334127 0.60391157865523881 2.3336268896237016 1.5004092389717696 0.43638569116592441 15.61138056963682 1.4970031362026919 0.43406952545046795 1.7718777600675819 0.75391715671867032 1.3124153530225147 13.149415812455116 1.4345831824466584 1.7981157414615148 1.2921968642622221 8.6646573981270176 0.99525828473269828 0.36956317909061909 3.0098804356530309 0.44125948194414355 0.65394506976008404 0.74747592583298683 0.49756472837179888
leaf_count=138 68 29721 1867 43 155 59 745 114 46 95 49 16 207 95 17 63 36 102 386 98 150 63 652 84 24 252 37 12 49 37
internal_value=0 -0.01573 0.141354 0.0248365 0.27614 -0.0367921 0.0710692 0.281248 0.301866 0.507456 0.285569 0.230819 0.242891 -0.0411725 0.136675 0.368949 -0.0120208 0.207286 0.225097 0.061796 -0.0424961 -0.0436198 0.00786312 -0.0267735 0.0764045 0.020871 0.0748372 0.0467052 0.155056 0.125117
internal_weight=0 427.703 49.892 27.3947 22.4973 377.811 14.1505 21.9043 20.7826 2.93754 2.55715 5.19576 17.8451 363.66 1.93107 2.20826 24.8376 16.5129 15.2005 2.98749 361.729 355.733 9.95685 24.0836 1.36482 5.99673 2.98685 2.05112 1.18874 1.55291
internal_count=35480 34798 2744 2103 641 32054 1018 682 503 141 92 273 362 31036 112 79 2011 568 466 194 30924 30436 715 1975 108 488 236 80 86 96
is_linear=0
shrinkage=0.05


Tree=3
num_leaves=31
num_cat=0
split_feature=41 4 25 19 32 10 33 14 0 21 0 0 6 13 38 39 9 19 38 39 21 6 21 19 40 19 25 10 38 17
split_gain=471.991 335.675 252.546 140.845 132.258 112.702 81.5918 61.0291 50.7702 48.6752 57.5659 36.0085 32.1584 29.5163 27.1189 46.3642 18.9148 18.4323 15.0438 12.2274 11.3863 113.164 11.1483 10.6326 9.12385 8.68501 8.09158 16.5661 8.02914 7.50666
threshold=1.0000000180025095e-35 1.0000000180025095e-35 2.5000000000000004 0.77613425925925938 1.0000000180025095e-35 6875.8600000000015 0.31414473684210531 70086.210000000006 14151.830000000002 4.464687500000001 764.82000000000005 24211.650000000005 2.5000000000000004 6.5000000000000009 60.550000000000004 127.65000000000002 1.0000000180025095e-35 25.973871527777781 50.550000000000004 1003.5500000000001 5.1462905092592601 1.0000000180025095e-35 0.16281250000000003 2.9620196759259265 2.650844952574738 1.0000000180025095e-35 1.5000000000000002 1172.6350000000002 17.750000000000004 8.5000000000000018
decision_type=2 2 2 2 2 2 2 2 2 2 2 2 2 2 2 2 2 2 2 2 2 2 2 2 2 2 2 2 2 2
left_child=1 2 4 9 5 12 14 13 22 -2 -11 24 19 -7 15 28 -5 -15 -18 26 21 -10 -3 -24 -9 -16 -1 -28 -6 -29
right_child=3 8 -4 16 6 7 -8 11 20 10 -12 -13 -14 17 25 -17 18 -19 -20 -21 -22 -23 23 -25 -26 -27 27 29 -30 -31
leaf_value=-0.043684922680302801 0.028271633222277895 -0.02512863838909405 0.43143594930179002 -0.037219818210940378 -0.024860691702475696 -0.0200657641752164 0.0012767914863120405 -0.038800514120331683 -0.033696363603678774 0.21555778782476731 0.49236775127394838 0.18745751911447106 0.20143295510571801 0.35117071897186297 0.11918886206246236 0.38866212941109834 0.17434979748512447 -0.012164556100058456 -0.026955399966306005 0.094501610321366086 0.27630191225364958 0.30526784938578777 0.15615977353840815 0.0086391729112501436 0.1058800914481579 -0.030469995440121789 -0.026934974239811754 -0.01433115605799249 0.12248514701104521 0.20136718632338463
leaf_weight=353.31865928974003 2.6735786041244891 2.7778819669038084 1.9946233890950669 6.4390369476750475 0.93587884400040211 0.65355129167437498 9.5833532307296974 7.4635762879624945 4.3750036749988777 18.750793397426609 2.2086182311177245 1.7107937447726724 0.388971371576189 2.3500947486609225 0.7610397553071383 2.624643144197762 1.4294514982029798 0.31665940396487702 1.1228051865473387 0.72641017101704974 6.8515530545264474 4.1510516181588173 1.8795291436836121 2.3375012213364244 0.2783205173909663 1.4723455486819146 5.3584387432783833 0.39343968965113152 1.8734890576452015 0.3905828045681119
leaf_count=31430 118 97 29 523 54 47 772 624 102 156 42 78 21 108 34 55 62 28 90 61 104 58 64 113 11 83 446 28 72 22
internal_value=0 -0.0154035 -0.0263002 0.179352 -0.0297334 -0.036074 0.10195 0.104725 0.168758 0.241185 0.26582 0.0301469 -0.0413375 0.260921 0.213116 0.266178 0.00895517 0.316476 0.103133 -0.0421566 0.217415 0.146055 0.0479764 0.0917188 -0.0220824 0.0416171 -0.0426942 0.0124304 0.0797593 0.145765
internal_weight=0 414.967 392.595 32.6243 390.6 373.349 17.2507 12.773 22.3725 23.633 20.9594 9.45269 360.577 3.32031 7.6674 5.43401 8.99129 2.66675 2.55226 360.188 15.3776 8.52606 6.99491 4.21703 7.7419 2.23339 359.461 6.14246 2.80937 0.784022
internal_count=35532 34541 34003 991 33974 32904 1070 896 538 316 198 713 32008 183 298 181 675 136 152 31987 264 160 274 177 635 117 31926 496 126 50
is_linear=0
shrinkage=0.05


Tree=4
num_leaves=31
num_cat=0
split_feature=15 2 2 41 31 33 33 2 10 19 21 33 0 21 19 6 25 19 21 0 21 0 39 37 2 21 41 17 31 31
split_gain=515.607 424.693 140.769 141.809 75.2779 70.3374 59.6758 43.4049 40.2573 36.711 65.9347 32.597 28.3891 27.0924 37.8037 24.7238 22.2025 20.2174 34.3515 26.7834 14.8115 14.0142 11.8229 11.0673 10.3326 9.26588 7.42607 7.23161 7.17517 7.39116
threshold=717.50000000000011 5.5368824942314019 2.8965905200125186 1.0000000180025095e-35 6.5000000000000009 0.042572463768115944 0.28869047619047622 19.571745490999184 1400.7100000000003 0.14366319444444448 0.16281250000000003 0.43405797101449278 688.38000000000011 2.4680439814814821 15.839583333333335 1.5000000000000002 2.5000000000000004 7.1761226851851863 7.0764236111111121 630.12000000000012 4.9303182870370383 403.99500000000006 1003.5500000000001 1.0000000180025095e-35 2.3213996266501762 7.1611284722222228 1.0000000180025095e-35 7.5000000000000009 21.500000000000004 7.5000000000000009
decision_type=2 2 2 2 2 2 2 2 2 2 2 2 2 2 2 2 2 2 2 2 2 2 2 2 2 2 2 2 2 2
left_child=2 4 3 5 6 17 13 9 -4 10 -3 12 -7 -2 21 16 22 18 28 -20 -14 -15 23 -6 -17 -23 -25 -11 29 -1
right_child=1 7 8 -5 15 11 -8 -9 -10 27 -12 -13 20 14 -16 24 -18 -19 19 -21 -22 25 -24 26 -26 -27 -28 -29 -30 -31
leaf_value=0.087802736049409538 -0.030947837663891094 0.039560631759737015 -0.020329994640243911 0.19509442316519932 -0.044976755671158712 0.0094713433876799785 -0.030534517718455098 0.24942353687645602 0.35979139659300613 -0.018015786719297239 0.29813243764240516 -0.030488063575881658 -0.013373450754772552 0.024786064125578093 -0.003003575665460694 -0.016716015376443839 0.15637912847296723 -0.044188162381337777 -0.024058142984364744 0.27335994618132292 0.28752574781805518 0.052277933570757676 0.088397421793964592 -0.019388439690695806 0.22326797496171374 0.30017055903259715 0.10319847800702751 0.073203950555473157 0.10485980789979682 -0.034884009458843145
leaf_weight=0.44298889767378646 1.5580797204747812 5.4913956401869672 0.65291563048958678 22.491033551283181 329.7040627039969 1.4788021408021439 8.9926156848669034 9.8068577190861124 6.5962184248492122 4.7554041240364304 4.0770308151841164 1.504991323687136 0.35243670921772707 0.90494727343320835 2.1331703187897801 0.49223102908581395 0.44192191958427329 14.612853250466285 0.90346771292388384 1.307701716199517 3.8328655855730176 0.93722130637615908 0.80264514498412509 2.2266860995441666 0.27979458961635828 3.6748371999710798 1.2077207593247297 2.5922266710549593 0.28919410426169712 8.5352330021560174
leaf_count=19 111 117 39 200 30679 87 770 116 131 132 38 110 22 25 129 38 5 1294 69 58 101 41 65 208 17 104 18 97 18 692
internal_value=0 -0.0217274 0.131645 0.100895 -0.0364183 0.0333615 0.0603119 0.166836 0.32724 0.107708 0.167521 0.161412 0.209325 0.143331 0.1783 -0.0418351 -0.042709 -0.00648205 0.0412142 0.182189 0.264495 0.238106 -0.0434386 -0.0440198 0.147172 0.268087 0.0372706 0.0190805 -0.00689016 -0.0206378
internal_weight=0 380.079 63.0007 55.7516 353.356 33.2605 18.2009 26.7229 7.24913 16.9161 9.56843 7.1691 5.6641 9.20826 7.65018 335.155 334.383 26.0914 11.4786 2.21117 4.1853 5.51701 333.941 333.138 0.772026 4.61206 3.43441 7.34763 9.26742 8.97822
internal_count=35550 32710 2840 2670 32210 2470 1180 500 170 384 155 320 210 410 299 31030 30975 2150 856 127 123 170 30970 30905 55 145 226 229 729 711
is_linear=0
shrinkage=0.05


Tree=5
num_leaves=31
num_cat=0
split_feature=15 2 3 41 31 31 10 34 25 39 15 31 25 0 14 23 38 38 2 10 21 18 34 3 41 23 14 12 24 10
split_gain=384.82 336.171 104.852 123.681 58.58 54.4119 42.0537 40.9423 36.8238 30.5794 28.833 25.507 21.068 19.6123 18.6223 16.8604 16.5523 20.1033 15.0968 14.1087 12.9861 12.898 11.2154 10.8294 8.81655 23.4456 5.88883 4.65765 5.41701 3.95526
threshold=791.50000000000011 5.5368824942314019 1.1236578633750149 1.0000000180025095e-35 5.5000000000000009 7.5000000000000009 2045.9500000000003 1.0000000180025095e-35 1.5000000000000002 361.45000000000005 31825.500000000004 1.5000000000000002 2.5000000000000004 46258.400000000001 36916.140000000014 1.0000000180025095e-35 59.050000000000004 5.4500000000000011 19.571745490999184 7946.2850000000008 5.4348148148148159 1.0000000180025095e-35 1.0000000180025095e-35 1.6463604243542476 1.0000000180025095e-35 1.0000000180025095e-35 62833.305 60214.130000000005 30.932476851851856 28841.105000000007
decision_type=2 2 2 2 2 2 2 2 2 2 2 2 2 2 2 2 2 2 2 2 2 2 2 2 2 2 2 2 2 2
left_child=2 4 3 5 10 14 -4 9 22 15 23 -12 13 24 -1 18 17 -13 -3 -16 -8 -15 27 -2 29 -26 -20 -7 -29 -6
right_child=1 7 6 -5 12 8 20 -9 -10 -11 11 16 -14 21 19 -17 -18 -19 26 -21 -22 -23 -24 -25 25 -27 -28 28 -30 -31
leaf_value=0.0018289772765124946 -0.021757393467744503 -0.014065425682403102 0.0062054647450427176 0.16391743901023814 -0.0458367556295214 -0.042909341055981876 0.082107995902471101 0.21569583668060069 0.1712845463793661 0.19949171069738014 -0.031495314944651333 -0.02044065517431122 0.1478808144039728 -0.02288995264133609 0.22748521057365562 0.16013373111886398 -0.0020007999239650266 0.25380151113386873 0.022020981372852813 0.002856252429150585 0.31391198286302546 0.20390959438484713 0.097452738754280149 0.12583265553894593 -0.031239893987894451 0.14832316691386885 0.14198940006045471 -0.026428226657278616 0.10919038680605174 0.038494266937501603
leaf_weight=1.8023594673722971 9.192182288505137 9.2740362491458637 1.6275020362809289 22.793689821846783 308.19799799937755 24.870564915239822 1.5952521013095955 10.172460053116085 1.4538458120077837 3.668192512355744 1.6374325277283777 0.62590256333351169 0.49990836530923743 0.8239965746179212 3.2331740586087108 1.7936404328793294 1.0605980316177008 3.2235909588634968 2.3144120089709768 0.86803139001131047 7.2045657048001885 0.3763526938855648 0.68151543848216434 0.41640730481594879 9.0028288252651656 1.2217482989653952 1.7833032608032224 1.0840174173936237 0.25424630101770151 0.69007326662540336
leaf_count=81 689 260 109 182 30045 2177 43 120 45 37 127 39 5 67 48 28 72 71 35 45 97 16 31 17 709 40 17 85 14 60
internal_value=0 -0.0234612 0.105662 0.076318 -0.0376419 0.0150196 0.245456 0.137044 -0.0151321 0.0858291 0.052926 0.126072 -0.0423532 -0.0431094 0.141006 0.0476966 0.175056 0.214191 0.0225218 0.189822 0.284557 0.108574 -0.0309909 -0.00410281 -0.0440174 0.00151894 0.0918424 -0.0377897 0.0350152 -0.0455247
internal_weight=0 365.975 67.4688 57.0414 336.969 34.2478 10.4273 29.006 28.3442 18.8336 16.1561 6.54752 320.813 320.313 5.90356 15.1654 4.91009 3.84949 13.3718 4.10121 8.79982 1.20035 26.8903 9.60859 319.113 10.2246 4.09772 26.2088 1.33826 308.888
internal_count=35411 32454 2957 2708 31957 2526 249 497 2352 377 1015 309 30942 30937 174 340 182 110 312 93 140 83 2307 706 30854 749 52 2276 99 30105
is_linear=0
shrinkage=0.05


Tree=6
num_leaves=31
num_cat=0
split_feature=15 3 19 33 31 19 33 39 6 3 33 14 14 2 0 25 10 3 20 6 23 33 31 24 31 37 3 24 10 39
split_gain=346.182 293.022 100.696 63.8973 43.4689 39.9685 32.6268 30.3949 27.6505 22.1605 22.0827 22.1206 20.6044 17.6086 14.7842 14.7489 14.3369 13.855 13.5828 39.6826 17.8991 13.1757 12.2862 11.8113 11.6024 10.5031 10.4073 8.77226 8.75522 7.36902
threshold=791.50000000000011 1.9404464718940477 0.073726851851851863 0.044466403162055343 6.5000000000000009 0.073726851851851863 0.28869047619047622 1.0000000180025095e-35 1.5000000000000002 2.9259036246439343 0.4491379310344828 32600.580000000005 70086.210000000006 6.5581742892416139 595.03000000000009 2.5000000000000004 719.17000000000019 1.1795647483597815 1.5000000000000002 1.0000000180025095e-35 1.0000000180025095e-35 0.044466403162055343 7.5000000000000009 1.0000000180025095e-35 18.500000000000004 1.0000000180025095e-35 1.0449964213733609 25.062974537037039 589.25000000000011 1003.5500000000001
decision_type=2 2 2 2 2 2 2 2 2 2 2 2 2 2 2 2 2 2 2 2 2 2 2 2 2 2 2 2 2 2
left_child=2 4 7 13 6 18 12 -1 15 21 11 -5 26 22 28 25 -16 -10 19 20 -3 -7 -4 -18 -24 29 -2 -11 -9 -6
right_child=1 5 3 10 8 9 -8 14 17 27 -12 -13 -14 -15 16 -17 23 -19 -20 -21 -22 -23 24 -25 -26 -27 -28 -29 -30 -31
leaf_value=-0.032338034406060166 -0.015715549037227172 0.017647436363367668 0.097307556024150102 0.017158670467012443 -0.044675248688663856 -0.045255412644551268 -0.034368154827737023 0.14379037175479567 -0.019945996552854218 0.029287798142769123 -0.014129444960057556 0.22348640745476445 0.16650183150750397 0.12438833057023468 -0.016961578216547431 0.12089793601946859 0.0073091059773166354 0.23266687699664509 0.21882852211694642 0.19978185980229424 0.15951763448831963 0.099180944782772382 -0.047966919751160075 0.2370610032897017 0.046108780792607655 0.035790274273691788 0.11662494922003724 0.19148656794840146 0.047271905040999984 0.063115821987555318
leaf_weight=1.7673279689624894 4.5461242096498626 10.052438945509497 1.0090852584689916 1.8786201886832694 297.60872898064554 6.9193577636033279 8.2782538812607509 19.451862243935469 0.64718734845518955 2.0212470795959239 1.6980684408918021 5.0547585440799594 4.2081226445734501 1.2221221737563599 0.49776905588805576 0.44379174709319968 0.65457471739500661 0.41193411033600569 5.634630547836422 7.3137093670666209 1.9769200393930084 0.99399566464126099 18.302589557133619 11.044483282603322 3.1180899115279308 3.4605276482179752 1.0803534155711529 1.2463663816452024 4.0997802857309571 0.76342298649251361
leaf_count=155 254 224 44 87 30209 425 741 133 47 35 104 108 95 12 35 4 24 15 63 57 19 46 1683 235 253 229 45 22 118 59
internal_value=0 -0.0216248 0.0993608 0.0330594 -0.0368912 0.111433 0.0368206 0.154075 -0.0413993 0.0293907 0.141664 0.176791 0.0943849 -0.0107132 0.16392 -0.0425187 0.215352 0.143583 0.145613 0.114577 0.0514161 -0.018021 -0.0230692 0.225794 -0.0328271 -0.0431574 0.0234605 0.121528 0.129599 -0.0441895
internal_weight=0 357.607 69.7991 32.2833 321.448 36.1587 18.1129 37.5158 303.336 11.181 8.63145 6.93338 9.8346 23.6519 35.7485 302.276 12.1968 1.05912 24.9777 19.3431 12.0294 7.91335 22.4298 11.6991 21.4207 301.833 5.62648 3.26761 23.5516 298.372
internal_count=35580 32589 2991 2291 31698 891 1135 700 30563 528 299 195 394 1992 545 30501 294 62 363 300 243 471 1980 259 1936 30497 299 57 251 30268
is_linear=0
shrinkage=0.05


Tree=7
num_leaves=31
num_cat=0
split_feature=2 15 41 25 34 31 19 2 33 5 33 25 31 14 0 0 23 5 39 15 15 31 2 37 19 15 0 25 41 40
split_gain=321.909 309.267 83.253 69.2385 55.3196 46.5056 39.0014 44.7524 33.4605 30.1974 27.4367 24.7374 19.9254 15.4738 15.2959 12.3271 12.2959 21.3896 29.4119 18.7286 11.0156 8.33868 12.2146 8.24869 7.95192 7.21621 6.62746 6.55008 6.35675 5.24093
threshold=3.4604003180186544 863.50000000000011 1.0000000180025095e-35 1.5000000000000002 1.0000000180025095e-35 6.5000000000000009 1.8108043981481483 19.571745490999184 0.28869047619047622 1.0000000180025095e-35 0.044466403162055343 2.5000000000000004 7.5000000000000009 28853.990000000002 6475.0850000000009 38051.880000000012 1.0000000180025095e-35 1.0000000180025095e-35 750.70000000000016 1547.5000000000002 178.50000000000003 18.500000000000004 0.94556564128388143 1.0000000180025095e-35 7.2829745370370373 1100.5000000000002 403.99500000000006 1.5000000000000002 1.0000000180025095e-35 0.087661783624001219
decision_type=2 2 2 2 2 2 2 2 2 2 2 2 2 2 2 2 2 2 2 2 2 2 2 2 2 2 2 2 2 2
left_child=1 2 3 4 12 8 16 10 13 11 25 23 20 -3 26 -12 17 18 19 -2 -1 -14 -23 -7 -24 -8 -15 -27 -25 -21
right_child=6 5 -4 -5 -6 9 7 -9 -10 -11 15 -13 21 14 -16 -17 -18 -19 -20 29 -22 22 24 28 -26 27 -28 -29 -30 -31
leaf_value=-0.031576606826814513 0.12850480016483906 0.0039602513516569715 0.13943465149239306 0.2111205892341817 0.20154504879468546 -0.045092003099500476 0.061669905801236935 0.20185809933844615 -0.038738969176499577 0.18594081060286491 0.17285961671385172 0.14798020163203057 -0.042360355573114718 0.0044997160495935584 -0.026778041525152341 -0.023078053587820654 0.20932523648570722 0.17893500015312619 0.1866375993320393 -0.038617292036704165 0.10477918464473053 -0.037616409603343573 0.16056475701138243 -0.020505052857378522 -0.0036372430280349729 -0.039981114296792242 0.17385637509753177 0.067953939936687691 0.094436452740329038 0.030184331954875823
leaf_weight=1.5730262044817198 4.0328764496371212 3.4941346524283308 30.662506920285523 3.65598249901086 2.298118886537849 276.30839352402836 1.6064361575990975 3.0232266392558804 7.5121599538251749 0.48040840402245422 2.3138304473832245 0.73654534667730232 23.234421468339864 0.69491446297615755 1.0223093684762714 0.77658057305961836 6.7263645054772487 10.246819581836464 4.3871022369712582 2.8082651030272237 3.9221120653674006 2.8823984088376156 0.88762881793081794 2.3476835349574681 1.138939927332103 11.977242138236758 5.3510268116369843 0.66580352652818042 0.99385873600840557 9.5824521742761117
leaf_count=76 51 209 207 62 47 29390 53 23 706 26 98 6 2124 12 38 36 57 82 27 131 90 248 49 225 93 855 141 19 15 247
internal_value=0 -0.0148221 0.0788675 0.0296819 0.0060074 -0.0370299 0.110798 0.0514457 0.0390932 -0.04205 0.0156446 -0.0431 -0.0127842 0.0930117 0.131087 0.130018 0.140634 0.119691 0.0836536 0.0470114 0.0668943 -0.0301034 0.0252607 -0.0441288 0.0975715 -0.0160601 0.157792 -0.0297329 0.027559 0.0128716
internal_weight=0 369.197 70.2551 39.5926 35.9366 298.941 58.147 20.3631 18.0745 280.867 17.3399 280.386 33.6385 10.5624 7.06825 3.09041 37.7839 31.0575 20.8107 16.4236 5.49514 28.1434 4.90897 279.65 2.02657 14.2495 6.04594 12.643 3.34154 12.3907
internal_count=35443 33764 2996 2789 2727 30768 1679 1084 1106 29662 1061 29636 2680 400 191 134 595 538 456 429 166 2514 390 29630 142 927 153 874 240 378
is_linear=0
shrinkage=0.05


Tree=8
num_leaves=31
num_cat=0
split_feature=15 2 38 38 31 19 3 21 6 38 39 19 21 33 3 21 19 25 3 12 41 23 38 3 39 3 39 6 14 33
split_gain=288.004 267.859 75.2896 60.1705 39.1155 34.8797 25.7163 23.6924 23.6522 23.4673 32.3686 20.2157 22.51 22.2655 18.4146 24.0231 33.0778 13.3996 11.4411 10.9852 10.395 20.4377 9.51297 9.22738 7.61217 10.3403 6.85303 6.7957 6.64413 9.29249
threshold=863.50000000000011 4.5724085368789824 60.050000000000004 1.0000000180025095e-35 6.5000000000000009 0.022517361111111116 1.161177427148895 6.4593287037037044 1.5000000000000002 60.050000000000004 133.85000000000005 7.638964120370372 2.7662094907407409 0.065591397849462371 3.8853203711202711 5.944583333333334 5.0147627314814818 2.5000000000000004 2.2838636327926638 35421.575000000004 1.0000000180025095e-35 1.0000000180025095e-35 54.350000000000001 0.93590018401671504 750.70000000000016 1.2425095456501107 86.550000000000011 1.0000000180025095e-35 70086.210000000006 0.24404761904761907
decision_type=2 2 2 2 2 2 2 2 2 2 2 2 2 2 2 2 2 2 2 2 2 2 2 2 2 2 2 2 2 2
left_child=2 4 3 -1 9 7 11 -4 17 10 28 12 -5 -13 15 19 -17 20 -18 -3 24 -22 26 -10 -6 -26 -20 -16 -2 -30
right_child=1 14 5 6 8 -7 -8 -9 23 -11 -12 13 -14 -15 27 16 18 -19 22 -21 21 -23 -24 -25 25 -27 -28 -29 29 -31
leaf_value=-0.035559037114402496 -0.024223727962738202 -0.028276497781517432 -0.017809233797598571 -0.01033939223196551 -0.045164621376117375 -0.047119165282162138 0.20874029551172055 0.14772723943657892 -0.016390066812788224 -0.037663637084007412 0.1841350474466478 -0.017366903317644605 0.13809185640995109 0.131878032305902 0.087754003992657897 0.17071041249645702 -0.039346136881919944 0.10924987575640883 0.0010442106133073086 0.086444184036029603 -0.029284959608175971 0.12735617561143905 -0.015490124645473051 0.20961281509451518 -0.029548499719596569 0.15377554802366453 0.1622777392565791 0.1768193429967907 0.10844449149937144 -0.029802566996423599
leaf_weight=5.6647742176428428 4.6122716721147317 7.0953532885760087 3.3409368405118611 2.6208450263366094 263.51411326602101 12.710648518986998 9.1201455593109113 4.2579882815480232 0.47828569170087476 6.6629524379968634 3.3814096124842754 6.2806406468152982 32.384786280803382 2.9477570820599794 7.7682783268392113 7.6599097661674005 3.3302194811403751 0.53744739294052024 0.90736327227205071 1.8116807192564008 8.0608577094972098 1.7071807458996779 1.7392495516687629 0.34462011326104403 1.4063101075589646 0.22573459427803744 1.5414217272773383 8.3656384348869306 2.0671863844618206 1.4374083038419483
leaf_count=515 328 192 174 172 29386 1116 117 76 39 521 79 535 342 69 78 53 234 4 35 25 698 42 72 9 133 16 28 49 38 139
internal_value=0 -0.0195514 0.085845 0.114004 -0.0361571 0.00250615 0.130246 0.0813403 -0.0408414 0.0335148 0.0744742 0.109805 0.127 0.0385378 0.0999429 0.0675331 0.10384 -0.0418948 0.0236667 0.00142779 -0.0425852 0.0073764 0.0716989 0.141324 -0.0444466 0.0445985 0.120161 0.14156 0.0136043 0.0577141
internal_weight=0 334.655 79.3285 59.0189 294.436 20.3096 53.3542 7.59893 276.275 18.1612 11.4983 44.234 35.0056 9.2284 40.2191 24.0852 15.1782 275.452 7.51825 8.90703 274.914 9.76804 4.18803 0.822906 265.146 1.63204 2.44878 16.1339 8.11687 3.50459
internal_count=35314 32198 3116 1750 31432 1366 1235 250 30327 1105 584 1118 514 604 766 639 422 30279 369 217 30275 740 135 48 29535 149 63 127 505 177
is_linear=0
shrinkage=0.05


Tree=9
num_leaves=31
num_cat=0
split_feature=15 3 31 19 21 3 31 25 25 21 0 19 19 21 3 10 3 0 21 3 24 19 5 21 24 37 40 3 3 41
split_gain=243.333 234.881 56.7236 46.5721 44.6171 39.3774 29.9702 17.5921 17.1438 16.904 25.8734 23.2544 16.5582 28.1139 14.4045 11.3637 10.7051 9.03125 9.00862 8.24439 7.54703 11.9853 7.43108 10.8204 6.50507 6.01946 5.48069 5.16327 4.07754 3.74667
threshold=863.50000000000011 2.1378119330449716 6.5000000000000009 0.073726851851851863 0.22250578703703708 1.1417892422569338 7.5000000000000009 1.5000000000000002 2.5000000000000004 1.2560358796296298 38051.880000000012 1.8965914351851854 10.686770833333336 7.1611284722222228 2.9259036246439343 2197.9700000000007 -1.7017064007995193 512.37000000000012 26.441672453703706 3.8853203711202711 32.388535879629636 27.02760416666667 1.0000000180025095e-35 0.22250578703703708 0.049849537037037046 1.0000000180025095e-35 0.43949664888368262 1.8760992090899908 1.8760992090899908 1.0000000180025095e-35
decision_type=2 2 2 2 2 2 2 2 2 2 2 2 2 2 2 2 2 2 2 2 2 2 2 2 2 2 2 2 2 2
left_child=3 2 12 4 27 6 18 -8 22 10 -3 -11 13 28 -13 -7 24 -15 -5 -12 -14 -22 25 -24 -6 -4 -16 -1 -2 -27
right_child=1 9 8 5 16 15 7 -9 -10 11 19 14 20 17 26 -17 -18 -19 -20 -21 21 -23 23 -25 -26 29 -28 -29 -30 -31
leaf_value=-0.034517921244094869 -0.019174092346133542 -0.030275814303846377 -0.043623305213893855 0.10761811735827163 0.11010300620925394 -0.005802368767621041 -0.038850923016906111 0.09947978254800742 0.1191179051131067 0.16617113388671315 0.013056675651863371 -0.0079627577514765728 -0.032815913320576116 0.013341034383737981 0.028637172571523779 0.15465956070929984 0.16458218672306044 0.17702091248206037 -0.027075952334850252 0.11856209084656842 0.1494784500347838 -0.029928182066383747 0.13035287492860845 -0.034534585512759321 0.028816499705921463 -0.01768253648189759 0.15556595927172029 0.054254728178370175 0.070391973356926402 0.07292458193685919
leaf_weight=5.145000707358121 5.0994539726525563 5.6835470721125629 262.12072252482176 6.139999344013634 20.687982163392011 1.2297219317406405 20.230927763506774 1.6159082837402809 0.7274034321308126 12.864328319206836 2.6695199515670511 4.7173658367246372 6.8535880092531425 1.1962178386747835 1.9371379641816018 5.8888511909171939 15.536525116302071 4.5637993151322007 1.0791271831840274 8.0059491991996765 0.73222358711063895 1.4359342949464915 0.64384958893060629 1.7569086691364644 3.748891493305563 2.0622541876509781 2.0741525543853641 1.2635598639026282 0.6051855869591235 0.93909561540931452
leaf_count=365 336 144 30312 116 92 90 2007 42 5 85 34 253 465 47 29 83 170 123 46 48 21 120 12 95 93 211 28 15 6 16
internal_value=0 -0.0195111 -0.0349543 0.0760717 0.10884 0.0322709 0.00490547 -0.0247129 -0.0410997 0.0958615 0.0526139 0.124847 0.0436813 0.0810491 0.0531234 0.12964 0.128043 0.15003 0.0866392 0.0955573 -0.00715401 0.0587177 -0.0419773 0.0350133 0.0992558 -0.0428034 0.112216 -0.0120541 -0.000590533 0.0218075
internal_weight=0 326.689 288.737 82.5665 46.382 36.1845 29.066 21.8468 268.25 37.952 16.359 21.593 20.4864 11.4647 8.72866 7.11857 39.9734 5.76002 7.21913 10.6755 9.02175 2.16816 267.523 2.40076 24.4369 265.122 4.01129 6.40856 5.70464 3.00135
internal_count=35509 32390 31769 3119 735 2384 2211 2049 30651 621 226 395 1118 512 310 173 355 170 162 82 606 141 30646 107 185 30539 57 380 342 227
is_linear=0
shrinkage=0.05


Tree=10
num_leaves=31
num_cat=0
split_feature=15 2 19 2 31 0 31 18 25 19 19 40 25 0 14 13 18 3 20 31 3 14 3 0 24 34 39 15 23 3
split_gain=223.091 198.954 39.2499 40.6843 33.6855 31.141 26.0884 19.4678 15.8629 15.6291 14.4342 13.5677 13.1275 9.28192 11.3986 8.16303 7.63654 26.7711 55.3806 15.9397 6.84119 6.54791 5.29145 5.89554 5.79 5.12971 12.4246 10.9893 7.61496 8.15042
threshold=717.50000000000011 4.5724085368789824 0.022517361111111116 3.084352139183872 6.5000000000000009 38051.880000000012 6.5000000000000009 1.0000000180025095e-35 2.5000000000000004 18.768530092592595 14.679571759259261 0.0054344502754692494 1.5000000000000002 6475.0850000000009 55018.375000000007 6.5000000000000009 1.0000000180025095e-35 1.0609047966360006 1.5000000000000002 13.500000000000002 -1.9724223345863992 32600.580000000005 1.0449964213733609 539.58000000000004 17.398755787037043 1.0000000180025095e-35 268.95000000000005 47098.500000000007 1.0000000180025095e-35 3.8853203711202711
decision_type=2 2 2 2 2 2 2 2 2 2 2 2 2 2 2 2 2 2 2 2 2 2 2 2 2 2 2 2 2 2
left_child=2 4 11 6 10 8 21 -7 16 25 13 -1 -8 14 22 -13 -6 -18 -19 -20 -16 -4 23 -2 -24 26 28 -27 29 -3
right_child=1 9 3 -5 5 7 12 -9 -10 -11 -12 15 -14 -15 20 -17 17 18 19 -21 -22 -23 24 -25 -26 27 -28 -29 -30 -31
leaf_value=-0.030527539156642153 0.054039197582596191 -0.0056890748231653056 0.00052899160775371219 0.13637794786575871 -0.045372493843421603 -0.025070995534935678 -0.038408724113670314 0.23045027433734375 0.11059228240606396 -0.017397126197656168 -0.030666284874701317 0.0075400548529344653 0.083024434146959217 -0.02323119842148013 -0.0019046988902771227 0.10870236377764649 -0.035255319459495053 -0.039003501459268362 -0.012896497954097572 0.32108084650076979 0.15075567156709313 0.11443375520112085 -0.01838690145625984 -0.039476666264601341 0.14220145003162568 0.13984222292503268 0.11855390680147955 0.03141230488702406 0.10936997939301432 0.067694636854492493
leaf_weight=1.5205719964578737 1.7829579617828146 9.2159074498340541 1.6882274430245185 5.9670968633145085 207.02362879738212 0.98223553970456012 19.302564517594877 0.77426493261009455 0.80481015145778556 3.4250988960266104 6.3265877068042746 2.2412315672263494 1.5549295656383026 2.4893954917788497 0.83802787866443385 47.52471365313977 43.505505381152034 3.3948959922417989 0.3433006927371024 1.0177023066207764 3.7713257819414139 4.1056104814633727 0.56295796576887347 3.2791489297524095 0.54666093830019236 10.914325995370744 8.0331110414117557 3.7738693524152032 2.4332681233063331 5.25884792394936
leaf_count=144 99 272 42 86 25124 94 1940 21 5 220 508 104 34 162 22 433 4977 381 39 71 60 54 39 221 13 88 68 51 17 52
internal_value=0 -0.0182145 0.0729098 0.0287985 -0.0337842 -0.0385932 0.000651043 0.130304 -0.040254 0.0806066 0.0282916 0.0998774 -0.0259716 0.0565785 0.0754146 0.104385 -0.0411593 -0.0225318 0.0797626 0.267057 0.127609 0.086207 0.0240753 -0.00305797 0.0906322 0.0892966 0.0698496 0.115761 0.0413819 0.0236237
internal_weight=0 320.498 83.9049 32.6184 277.443 257.846 26.6513 1.7565 256.09 43.0544 19.5971 51.2865 20.8575 13.2705 10.7811 49.7659 255.285 48.2614 4.7559 1.361 4.60935 5.79384 6.17173 5.06211 1.10962 39.6293 24.9411 14.6882 16.908 14.4748
internal_count=35441 32604 2837 2156 31836 30712 2070 115 30597 768 1124 681 1974 616 454 537 30592 5468 491 110 82 96 372 320 52 548 409 139 341 324
is_linear=0
shrinkage=0.05


Tree=11
num_leaves=31
num_cat=0
split_feature=15 3 38 39 34 32 6 39 33 3 19 0 25 23 38 18 13 17 38 38 13 19 39 14 40 41 23 19 14 14
split_gain=193.862 207.192 50.068 38.6075 26.3727 24.2217 23.4233 18.1602 16.2511 14.1217 14.7438 13.9602 12.288 14.6049 10.8096 9.41069 8.75668 10.7316 8.62976 8.95328 7.61007 7.57664 10.8899 6.93396 6.89808 6.18184 18.8064 5.86405 5.77862 5.06768
threshold=863.50000000000011 1.9404464718940477 60.050000000000004 38.850000000000001 1.0000000180025095e-35 1.0000000180025095e-35 1.5000000000000002 129.05000000000004 0.37715517241379315 3.8853203711202711 0.073726851851851863 650.08500000000015 1.5000000000000002 1.0000000180025095e-35 43.550000000000004 1.0000000180025095e-35 25.500000000000004 6.5000000000000009 60.050000000000004 5.4500000000000011 21.500000000000004 0.022517361111111116 141.35000000000005 20251.305000000004 0.087661783624001219 1.0000000180025095e-35 1.0000000180025095e-35 0.022517361111111116 80310.620000000024 13295.545
decision_type=2 2 2 2 2 2 2 2 2 2 2 2 2 2 2 2 2 2 2 2 2 2 2 2 2 2 2 2 2 2
left_child=2 5 3 -1 21 6 12 16 18 10 24 -9 25 28 23 -8 17 27 19 -7 29 22 -4 -12 -3 -2 -27 -5 -14 -21
right_child=1 9 4 7 -6 8 15 11 -10 -11 14 -13 13 -15 -16 -17 -18 -19 -20 20 -22 -23 -24 -25 -26 26 -28 -29 -30 -31
leaf_value=-0.03510463586899578 -0.042953094666511461 -0.0065603428972701898 0.09187712280917433 0.056242831308555556 0.11964012335777761 -0.02982286095390765 -0.019027417262649275 0.087358570411038339 -0.037172808569007711 0.11020164108028388 -0.030511840945453169 0.16371532334234695 -0.038882025019116966 0.18363280037015273 -0.044119041835601919 0.18453128030287447 -0.005172453756944969 0.094006296483360785 -0.020944484593857098 0.002052199498214871 -0.0095969672130263063 -0.046931458771169936 -0.027688773933683759 0.079647067758987958 0.089742676017778522 -0.038026137825217986 0.11830609534713701 -0.027602066070645803 0.060830889353159771 0.13399261947953253
leaf_weight=5.4553945949301115 233.29046028153971 1.9551882222294867 2.0129427919164362 3.3001357670873466 2.7813839372247449 1.1640106849372402 0.59938718937337288 18.596590169705451 6.5100056342780581 19.950316635891795 1.4099135198630373 14.196028670296071 3.3608322953805319 0.27434035204350937 5.0839698580093682 0.68861117586493492 3.6982332300394765 18.855276457034051 2.3287337226793161 0.86055813822895277 1.2259573573246596 11.934377899393438 4.3201200002804399 3.7944020740687847 15.053428567014633 6.7586578885093314 1.5580476447939871 3.1858169976621866 1.1873149313032625 5.1784428218379617
leaf_count=525 29378 63 50 88 22 57 45 148 644 133 91 200 390 5 287 17 204 343 143 36 26 1130 194 127 183 675 40 252 77 75
internal_value=0 -0.0172727 0.066228 0.0870097 -0.00113888 -0.0345144 -0.0385064 0.098171 0.0217267 0.0781384 0.0516382 0.12428 -0.0398432 0.0339218 0.00353555 0.122889 0.0655316 0.0756546 0.0574998 0.079095 0.098043 -0.0247836 0.0176615 0.0496959 0.0789228 -0.0414493 0.000815829 0.0168736 -0.00657908 0.118154
internal_weight=0 312.233 88.3363 67.2875 21.0488 264.985 247.718 61.8321 17.2677 47.2472 27.2969 32.7926 246.43 4.82249 10.2883 1.288 29.0395 25.3412 10.7577 8.42897 7.26496 18.2674 6.33306 5.20432 17.0086 241.607 8.31671 6.48595 4.54815 6.039
internal_count=35648 32492 3156 1760 1396 31608 30627 1235 981 884 751 348 30565 472 505 62 887 683 337 194 137 1374 244 218 246 30093 715 340 467 111
is_linear=0
shrinkage=0.05


Tree=12
num_leaves=31
num_cat=0
split_feature=15 3 38 39 25 34 31 23 2 5 33 38 21 13 15 2 41 38 21 5 38 21 41 21 31 39 2 2 39 13
split_gain=191.17 179.743 39.9997 38.9261 26.0331 22.6251 20.1166 19.134 18.079 17.7199 16.5413 14.1792 12.7286 12.4402 15.6299 18.7873 11.5453 16.3877 10.0765 18.6354 9.67617 8.08373 7.9383 7.40317 6.84137 6.65047 6.34446 5.99778 4.90818 4.50945
threshold=863.50000000000011 1.6962433472099498 60.050000000000004 38.850000000000001 2.5000000000000004 1.0000000180025095e-35 6.5000000000000009 1.0000000180025095e-35 6.5581742892416139 1.0000000180025095e-35 0.28869047619047622 60.050000000000004 0.22250578703703708 33.500000000000007 178.50000000000003 0.12376834893183582 1.0000000180025095e-35 16.550000000000004 17.934085648148152 1.0000000180025095e-35 5.4500000000000011 7.1611284722222228 1.0000000180025095e-35 1.0000000180025095e-35 2.5000000000000004 126.85000000000001 2.0846170265764843 19.571745490999184 557.75000000000011 11.500000000000002
decision_type=2 2 2 2 2 2 2 2 2 2 2 2 2 2 2 2 2 2 2 2 2 2 2 2 2 2 2 2 2 2
left_child=2 4 3 -1 6 22 10 8 24 16 11 20 -11 14 15 -5 -8 -18 19 28 -2 -22 -4 -16 -3 -17 -19 -21 -10 -26
right_child=1 7 5 13 -6 -7 9 -9 18 12 -12 -13 -14 -15 23 25 17 26 -20 27 21 -23 -24 -25 29 -27 -28 -29 -30 -31
leaf_value=-0.042383373996439759 -0.030544123956780786 0.085346309816797666 -0.033402111462114831 0.091811385982939864 0.11837130781562338 0.10877151487771744 -0.044254125428197746 0.13192557465186527 -0.006167163173978924 0.16704338257015849 -0.044119707542310121 -0.037976944805685454 -0.027475772229242051 -0.030740219001576776 0.0099103376997929614 -0.027812843412509777 0.11483601919175368 -0.043965084955157614 0.11383950720871046 0.032681717194209557 0.0015201705829738477 0.12451203415647819 0.050450053463929292 0.13635936756587005 0.018929550465755271 0.05362460178560377 0.064407296368124742 0.11479828159143526 0.069282067743791836 -0.043784479823389864
leaf_weight=5.1362452972680321 1.2539246780797855 0.80940382741391559 15.1658235504292 30.028489746153355 1.7923319041728962 3.2167265778407446 218.98042723489925 8.3433005441911501 11.93745911400765 0.82290016114711662 6.881198823451995 2.8769112741574636 1.1169048445299266 1.5209048464894284 1.3878363184630895 5.0702471779659373 1.849823291413484 6.0898389294743538 8.4674280956387502 4.3366217389702788 1.7095600664615629 5.5508493790403008 2.4951207693666211 23.041260090656579 4.029625104274599 3.2875589923933148 0.74359879083931435 8.0529028475284576 1.5976907834410674 6.1658892440609634
leaf_count=512 64 22 1298 140 10 24 28954 102 168 12 713 169 75 118 44 365 49 598 80 34 54 89 49 455 361 99 74 37 9 623
internal_value=0 -0.017129 0.0653443 0.0833545 -0.0350037 0.00434306 -0.0365839 0.0650365 0.0501649 -0.0405928 0.0132824 0.04872 0.0837946 0.0938878 0.0973397 0.0738799 -0.0420145 0.013204 0.067575 0.0487974 0.0789266 0.0992419 -0.0194869 0.129848 -0.00534117 0.00652801 -0.0254556 0.0906431 0.00689267 -0.0195209
internal_weight=0 303.409 90.3502 69.4725 249.668 20.8777 247.876 53.7403 45.397 229.603 18.2724 11.3912 1.93981 64.3363 62.8154 38.3863 227.664 8.68326 34.3921 25.9247 8.51433 7.26041 17.6609 24.4291 11.0049 8.35781 6.83344 12.3895 13.5351 10.1955
internal_count=35401 32297 3104 1733 30861 1371 30851 1436 1334 29762 1089 376 87 1221 1103 604 29675 721 328 248 207 143 1347 499 1006 464 672 71 177 984
is_linear=0
shrinkage=0.05


Tree=13
num_leaves=31
num_cat=0
split_feature=19 21 5 25 2 0 15 31 31 0 14 23 5 31 2 25 2 31 33 21 0 14 21 19 10 3 14 14 23 33
split_gain=162.035 131.074 101.521 72.0412 50.9738 48.2668 43.1513 29.5255 16.1425 12.8448 17.2211 10.3995 10.0581 9.98081 9.58647 7.74499 4.92028 11.4456 8.69001 4.87505 4.55306 4.51056 3.90895 3.65708 3.40373 3.73309 3.11239 2.9759 2.64999 2.52178
threshold=0.022517361111111116 2.4680439814814821 1.0000000180025095e-35 1.5000000000000002 9.6923103828038588 2001.1600000000001 717.50000000000011 6.5000000000000009 21.500000000000004 5751.2300000000005 55018.375000000007 1.0000000180025095e-35 1.0000000180025095e-35 7.5000000000000009 5.5368824942314019 2.5000000000000004 3.084352139183872 21.500000000000004 0.044466403162055343 -1.0000000180025095e-35 708.35000000000014 137985.50000000003 19.128605324074076 20.769866898148152 4289.7100000000009 1.6962433472099498 54136.325000000012 104486.72000000002 1.0000000180025095e-35 0.063508064516129045
decision_type=2 2 2 2 2 2 2 2 2 2 2 2 2 2 2 2 2 2 2 2 2 2 2 2 2 2 2 2 2 2
left_child=1 2 8 4 7 6 -3 9 24 10 -2 15 -6 20 -7 26 29 18 -18 -10 -8 -20 -19 -12 -1 -26 -5 -28 -15 -9
right_child=3 5 -4 11 12 14 13 16 19 -11 23 -13 -14 28 -16 -17 17 22 21 -21 -22 -23 -24 -25 25 -27 27 -29 -30 -31
leaf_value=-0.045408763762590107 -0.01093781031755162 0.085557361968884915 0.11704807793948364 -0.023938018415914614 0.12362220260644546 0.17731111695570226 -0.0058228692651325839 -0.046218131787079023 0.0080603282407177481 -0.043785908685451076 0.10756124707795085 0.15405889269934875 0.0056332962897976055 -0.033668043392533986 0.10137700752318882 0.10703851178461264 -0.041127238035658528 -0.013788907772761417 -0.0083873078852130366 0.13962173382027807 0.11496574446592865 0.11690579003060569 0.13573330840912343 0.015273280790971093 -0.028147938950660867 0.051600309132797423 0.066733996757476294 -0.022432887747332646 0.025668743768346748 -0.020272588015194461
leaf_weight=51.68928399682045 7.5518545946106332 34.392635238356888 12.190847648307679 2.7493542241863889 5.0099160093814126 11.258439825847747 1.1089638439007132 166.63339899061248 1.5204956983216109 4.9110115389339617 5.9415002018213272 3.6503902859985828 2.72413020581007 13.327625295612958 16.9814373254776 2.4963265731930733 13.90651448164135 0.37005475303158242 1.1535238972865052 0.56523382198065419 1.0575262019410727 0.4846526514738797 0.59259652253240347 1.7063976768404243 3.1204750412143758 1.2791862851008771 1.8628988619893792 0.79559248220175494 1.4219713490456349 12.27249773358926
leaf_count=5618 529 245 71 292 40 250 75 22538 127 338 66 20 28 1598 75 14 1270 31 84 22 28 24 22 44 244 12 87 77 93 1578
internal_value=0 0.0412188 -0.00852108 -0.0251293 -0.0315596 0.0847763 0.054143 -0.0362151 -0.0363682 0.0206347 0.0428669 0.0917352 0.0874667 -0.0109371 0.136678 0.0488829 -0.042141 -0.0148672 -0.0276561 0.0774069 0.0708244 0.0589431 0.100515 0.0911172 -0.0418808 0.000300729 0.00952274 0.0412116 -0.0266809 -0.0445609
internal_weight=0 149.914 70.3655 234.813 223.258 79.5486 51.3087 215.524 58.1747 20.1108 15.1998 11.5546 7.73405 16.9161 28.2399 7.90417 195.413 16.5073 15.5447 2.08573 2.16649 1.63818 0.962651 7.6479 56.0889 4.39966 5.40785 2.65849 14.7496 178.906
internal_count=35540 8458 6094 27082 26592 2364 2039 26524 6023 977 639 490 68 1794 325 470 25547 1431 1378 149 103 108 53 110 5874 256 456 164 1691 24116
is_linear=0
shrinkage=0.05


Tree=14
num_leaves=31
num_cat=0
split_feature=15 2 38 39 19 31 19 21 5 21 5 25 33 2 13 38 4 15 0 21 38 39 40 23 41 39 39 38 39 14
split_gain=157.825 158.475 23.8991 24.1182 21.9061 21.2067 21.0071 26.9533 46.5966 19.3614 17.0298 13.7629 12.9531 12.4914 11.2258 10.9094 9.85519 9.75896 18.2524 8.32285 8.21619 10.176 7.58791 7.22843 15.4395 6.09838 6.08605 5.12815 4.52334 4.36526
threshold=717.50000000000011 3.4604003180186544 55.45000000000001 38.850000000000001 0.022517361111111116 6.5000000000000009 0.073726851851851863 1.2560358796296298 1.0000000180025095e-35 5.4348148148148159 1.0000000180025095e-35 2.5000000000000004 0.28869047619047622 19.571745490999184 33.500000000000007 60.050000000000004 1.0000000180025095e-35 178.50000000000003 90.210000000000022 1.0000000180025095e-35 43.550000000000004 130.35000000000005 0.13851491441678232 1.0000000180025095e-35 1.0000000180025095e-35 223.05000000000004 126.85000000000001 117.35000000000001 175.95000000000002 82993.405000000013
decision_type=2 2 2 2 2 2 2 2 2 2 2 2 2 2 2 2 2 2 2 2 2 2 2 2 2 2 2 2 2 2
left_child=2 5 3 -1 9 12 7 8 -3 -4 11 23 15 20 17 22 -9 18 -5 -19 21 29 -2 -7 25 -25 -20 -27 -11 -8
right_child=1 6 4 14 -6 10 13 16 -10 28 -12 -13 -14 -15 -16 -17 -18 19 26 -21 -22 -23 -24 24 -26 27 -28 -29 -30 -31
leaf_value=-0.032016779963473026 -0.029365607346363426 -0.036413870074183639 -0.038747158985018376 0.084690030321636647 -0.034879456779246677 -0.043396484973484445 -0.040005234302133159 0.19156257734607463 0.10140424345531845 0.13166642677297197 0.11961089429222452 0.09537409423434931 -0.037358793810498885 0.10064408053573254 -0.034033467221793082 -0.036864903645576402 0.08938022155956743 -0.0076191613627906198 -0.034591339052830593 0.12178978044708098 -0.036577066794855326 0.1021567240462314 0.083093121242627965 -0.045242534316779937 0.10283686502676409 0.12116962395131013 0.045540724848384895 -0.011224846671442152 0.040905015553870154 0.036356417471231757
leaf_weight=4.4011939400807014 1.259982044808569 10.655302233994007 2.9346720706671494 30.56187456427142 10.836012104060499 199.55954586900771 3.405126581899828 4.0516428425908098 12.283819214440882 4.2371804621070623 0.74330408591776986 0.95053569972515006 6.6524660266004494 2.3345444351434699 1.4980144393630315 2.5728740626946083 13.175959876738489 1.1970869274809981 4.6284039006568483 20.694144039414823 8.7390147908590716 2.156003575772047 8.5470936531200987 8.8507058680988795 1.761951049789787 0.16802480909973461 3.0928076189011335 1.5644869296811519 3.5989914750680327 2.2865991401486099
leaf_count=467 82 316 159 140 1076 28473 272 41 64 38 22 5 724 13 90 158 73 33 348 359 634 64 132 1273 38 22 90 223 39 96
internal_value=0 -0.0158725 0.060267 0.0750238 0.0138184 -0.03445 0.056624 0.0766973 0.0385403 0.061612 -0.0389468 -0.0400572 0.0154415 0.0123007 0.0830516 0.0444858 0.122603 0.0864751 0.0678325 0.11469 -0.00514915 0.0300267 0.0672645 -0.0411098 -0.00366405 -0.0287423 -0.00095223 0.0412599 0.0993284 -0.008479
internal_weight=0 291.719 87.6804 66.0735 21.6069 232.631 59.088 40.1667 22.9391 10.7708 213.599 212.855 19.0324 18.9213 61.6723 12.3799 17.2276 60.1743 38.2831 21.8912 16.5867 7.84773 9.80708 211.905 12.3452 10.5832 7.72121 1.73251 7.83617 5.69173
internal_count=35564 32725 2839 1527 1312 31152 1573 494 380 236 30056 30034 1096 1079 1060 372 114 970 578 392 1066 432 214 30029 1556 1518 438 245 77 368
is_linear=0
shrinkage=0.05


Tree=15
num_leaves=31
num_cat=0
split_feature=19 21 5 25 2 0 15 32 38 33 10 38 38 3 0 38 39 19 15 38 39 14 0 38 2 21 19 15 14 0
split_gain=135.773 107.927 75.6919 66.2618 38.8142 38.794 36.7266 32.1086 18.7862 16.6066 11.1794 9.63027 8.57267 8.15714 7.92684 6.68452 7.32993 6.17459 4.78874 5.00961 9.05936 4.51221 3.965 3.14852 3.82119 3.47203 2.84535 3.66345 2.48639 2.47767
threshold=0.073726851851851863 2.4680439814814821 1.0000000180025095e-35 1.5000000000000002 9.6923103828038588 1274.2100000000003 521.50000000000011 1.0000000180025095e-35 55.45000000000001 0.31414473684210531 3437.7200000000007 15.950000000000001 60.050000000000004 1.8760992090899908 38051.880000000012 47.650000000000013 124.65000000000002 -1.0000000180025095e-35 717.50000000000011 60.050000000000004 119.45000000000002 32242.370000000006 106.88500000000002 12.050000000000002 5.5368824942314019 3.305439814814815 9.7139814814814844 291.50000000000006 29466.330000000005 24211.650000000005
decision_type=2 2 2 2 2 2 2 2 2 2 2 2 2 2 2 2 2 2 2 2 2 2 2 2 2 2 2 2 2 2
left_child=1 2 10 4 7 6 -3 18 11 12 -1 -5 21 -11 -6 16 -8 -12 19 20 26 22 -9 29 25 -25 27 -2 -22 -7
right_child=3 5 -4 8 14 23 15 9 -10 13 17 -13 -14 -15 -16 -17 -18 -19 -20 -21 28 -23 -24 24 -26 -27 -28 -29 -30 -31
leaf_value=-0.042020860890615214 -0.030904842251437782 0.076484680824246781 0.098002413835864222 -0.022507539650627868 0.11125891435940985 -0.022481036462520917 -0.019639805095017029 0.070856521533638903 -0.025218205445062026 -0.045264648309264625 -0.0046233029894760342 0.13455292689907475 -0.030427722381906011 0.085480435426633194 0.0059346020499529877 -0.045162536338386336 0.069719569553504224 0.09370253738604363 -0.043903794859378974 -0.045117947525014468 -0.0034395559698144223 0.099824894362899694 -0.03116274053590086 0.011053114541107667 0.093848281625530383 0.15319810392947131 -0.043098523210634253 0.056646895721228718 0.079526536218791077 0.06234528468991888
leaf_weight=48.787902572657913 1.5771612082608064 32.049427005462348 12.479503695853053 0.79922673897817631 4.4818456955254069 0.74341095238923927 5.017560732085256 0.56442740559578153 2.4901232160627833 6.8569336547516277 4.9978475361131132 8.1475658444687706 1.4682396943680931 0.4626400340348481 2.8251574654132128 7.9570969147607684 2.791124829556793 1.2883196836337436 160.54984456952661 8.1097323484718782 1.0925541608594351 7.0306471884250641 1.4911548988893626 0.6100192465819444 16.865804269909859 13.413073159754274 5.6441764025948942 1.2885531308129428 2.6578555274754763 1.2267713192850349
leaf_count=5751 173 198 71 81 29 59 612 3 240 645 303 140 88 12 35 986 93 38 23479 958 83 60 62 41 72 282 570 75 110 6
internal_value=0 0.0381104 -0.00852494 -0.023759 -0.0303937 0.0767872 0.0464892 -0.0346716 0.088633 0.0280364 -0.0339808 0.11967 0.0657559 -0.0277195 0.0761532 -0.0154119 0.0165895 0.0256227 -0.0409869 -0.017018 0.00356987 0.082774 0.0108715 0.118201 0.122379 0.148162 -0.0248543 0.0129323 0.059721 0.0335451
internal_weight=0 148.228 67.5536 217.538 206.101 80.6743 47.8152 198.794 11.4369 17.874 55.0741 8.94679 10.5545 7.31957 7.307 15.7658 7.80869 6.28617 180.92 20.37 12.2603 9.08623 2.05558 32.8591 30.8889 14.0231 8.50989 2.86571 3.75041 1.97018
internal_count=35355 8512 6163 26843 26382 2349 1889 26318 461 870 6092 221 213 657 64 1691 705 341 25448 1969 1011 125 65 460 395 323 818 248 193 65
is_linear=0
shrinkage=0.05


Tree=16
num_leaves=31
num_cat=0
split_feature=19 2 31 2 15 25 38 20 0 14 4 17 31 5 39 14 9 41 5 2 40 0 11 38 33 9 20 2 14 0
split_gain=134.46 47.7372 42.5459 41.1598 74.3542 22.829 19.7907 10.6879 10.1782 13.0092 9.58929 9.45546 9.31838 8.34913 8.06328 7.81155 7.13256 6.3094 5.45372 5.12726 5.00827 4.92077 4.84533 4.7385 4.6443 5.00092 4.61783 3.90679 3.89655 3.84713
threshold=0.073726851851851863 6.5581742892416139 6.5000000000000009 2.2332830704182625 863.50000000000011 2.5000000000000004 60.050000000000004 1.0000000180025095e-35 7870.5850000000009 28853.990000000002 1.0000000180025095e-35 7.5000000000000009 7.5000000000000009 1.0000000180025095e-35 651.30000000000007 65018.220000000001 1.5000000000000002 1.0000000180025095e-35 1.0000000180025095e-35 3.2491642741371343 0.67396974930651388 708.35000000000014 2.5000000000000004 8.4500000000000011 0.063508064516129045 1.5000000000000002 1.5000000000000002 0.047275868706526288 6931.2350000000006 72.14500000000001
decision_type=2 2 2 2 2 2 2 2 2 2 2 2 2 2 2 2 2 2 2 2 2 2 2 2 2 2 2 2 2 2
left_child=3 2 6 4 16 24 8 -5 9 19 23 18 15 14 26 -6 20 -14 -3 -2 29 -17 -22 -9 27 -26 -12 -4 -25 -1
right_child=1 11 5 7 12 -7 -8 10 -10 -11 13 -13 17 -15 -16 21 -18 -19 -20 -21 22 -23 -24 28 25 -27 -28 -29 -30 -31
leaf_value=0.039578403849758297 -0.024292882583986528 0.043585041279076558 0.044115341498453198 -0.032803486340878645 -0.017169696629241789 0.10086213951372075 -0.043269700270772593 -0.00072634130171112541 -0.035537631242373587 0.099532574134685109 0.00037424451849458275 0.095634694144161661 -0.03836742968468948 0.087802715180066548 0.083572238943962138 -0.019024712967840713 0.073284463559720167 0.030411174874210752 -0.039757537125496817 0.080861396160959095 0.094782116858661988 0.12129118094454563 -0.0005557433591140996 0.0034932308706016554 -0.022709190484486726 0.058106851949553832 0.0567424000554686 -0.043845726936064644 0.11679786213053756 -0.033857056418626012
leaf_weight=1.817977121565489 4.0330726183019641 4.1938388426788134 0.51724367775022884 1.8513621357269574 3.1139263883233061 1.9610798656940449 5.6605624617077401 0.97581578418612736 1.9380255611613382 10.771318238228558 12.68897031852976 7.7703398056328297 40.57620540400967 13.588612824678419 5.507428251206874 0.51005780138075385 34.894379681441933 2.8962112045846871 2.2139116218313575 0.50613503903150547 2.3620872311294079 1.5102387154474852 2.1886834921315312 0.85915594873950141 11.653973068110643 1.2799649839289475 4.0987598188221446 159.98835744149983 16.316858878359199 3.9405333902686834
leaf_count=12 232 57 24 251 279 9 479 93 143 155 190 80 6156 61 24 31 314 126 32 12 46 48 61 98 1660 91 40 24046 419 248
internal_value=0 -0.0240391 -0.0304521 0.0376475 0.0170876 -0.0388204 0.0325624 0.0712518 0.0584561 0.0718033 0.0753481 0.0617565 -0.0256332 0.0574561 0.0359851 0.0334364 0.0625849 -0.0332045 0.0133099 -8.65936e-05 0.0230919 0.0912961 0.05709 0.105871 -0.0409689 -0.0111153 0.0165529 -0.0432909 0.111634 -0.00824751
internal_weight=0 212.488 198.31 149.697 93.8103 175.401 22.9091 55.887 17.2486 15.3105 54.0356 14.1781 48.6066 35.8838 22.2952 5.13422 45.2037 43.4724 6.40775 4.53921 10.3093 2.0203 4.55077 18.1518 173.44 12.9339 16.7877 160.506 17.176 5.75851
internal_count=35517 27020 26851 8497 7321 25830 1021 1176 542 399 925 169 6640 315 254 358 681 6282 89 244 367 79 107 610 25821 1751 230 24070 517 260
is_linear=0
shrinkage=0.05


Tree=17
num_leaves=31
num_cat=0
split_feature=19 21 5 25 3 3 31 9 38 38 38 33 38 38 39 31 23 38 9 1 38 31 3 39 9 3 3 4 21 5
split_gain=115.495 81.2831 75.4734 59.0419 34.5147 31.9918 25.4156 25.0499 15.8112 13.2522 12.9143 10.1041 9.38481 9.08833 7.79406 7.76493 8.96451 6.78827 5.26995 4.79025 5.67911 4.57877 4.4099 4.2739 3.88363 6.03959 3.3768 3.32744 3.23009 2.96895
threshold=0.073726851851851863 0.93313657407407413 1.0000000180025095e-35 1.5000000000000002 0.88242367439902625 1.8760992090899908 6.5000000000000009 1.5000000000000002 59.550000000000004 57.95000000000001 55.850000000000001 0.40270270270270275 16.550000000000004 60.050000000000004 73.15000000000002 7.5000000000000009 1.0000000180025095e-35 16.550000000000004 1.5000000000000002 7.5203971443538196 43.050000000000004 11.500000000000002 -5.1644574533274303 235.45000000000002 1.5000000000000002 1.8760992090899908 1.161177427148895 1.0000000180025095e-35 37.545688657407418 1.0000000180025095e-35
decision_type=2 2 2 2 2 2 2 2 2 2 2 2 2 2 2 2 2 2 2 2 2 2 2 2 2 2 2 2 2 2
left_child=1 2 24 5 7 6 11 9 12 15 17 13 -7 14 -2 22 23 -5 -8 -16 -21 -4 -3 -17 -1 -26 -20 -6 -9 -14
right_child=3 4 21 10 27 8 18 28 -10 -11 -12 -13 29 -15 19 16 -18 -19 26 20 -22 -23 -24 -25 25 -27 -28 -29 -30 -31
leaf_value=-0.041372739894541544 -0.032526468710818039 -0.0059478759333886485 0.033336168911641102 -0.010218593478668436 0.13336966998815236 -0.019508497243635833 -0.044010997760701998 0.078658649034562281 -0.034877944224112847 -0.040855956096957483 -0.015748833558930041 -0.036217567845272268 0.10081359026565542 -0.036775050506115126 0.098012574770004912 -0.030758725554263761 0.075249536409758871 0.11142288755357072 -0.016713400615957604 -0.026507785623959564 0.067838711131972693 0.10509424576976732 0.094123932072511129 0.070610987438393003 -0.026022954519469552 0.086577280136765161 0.056821681289725007 0.082665293070123616 0.024011942233612586 0.013939586191450385
leaf_weight=44.977622788399458 1.5649872943758989 1.2427251674234865 4.2881655301898709 1.1073087695986021 14.111424729693681 2.09462682949379 148.49636468105018 26.919555295258764 4.6005104328505686 8.9277439317665976 2.7843950190581372 5.5036416384391478 7.4422540590167028 2.5699866660870603 5.8906826251186413 8.0790791315957868 2.2976371156983069 9.5892595965415222 9.0668616783805156 2.28095314046368 2.3340350580401719 10.599980266764758 4.3506561960093739 0.22271671285852868 2.9608136285096402 0.71545977052301157 0.85559629648923952 15.295724869705737 4.2209271583706132 1.5141998166218398
leaf_count=5532 84 7 24 93 203 140 23649 173 306 1108 263 558 205 178 85 980 60 151 1123 32 26 53 71 8 228 8 61 85 20 16
internal_value=0 0.0356998 -0.00714874 -0.0217963 0.0671974 -0.0289299 -0.0349625 0.0429852 0.0378603 0.00535593 0.0758756 0.01723 0.0685224 0.0383528 0.0559382 0.0317288 0.00476075 0.0990335 -0.0416657 0.0707981 0.0247918 0.0878251 0.0743602 -0.0207405 -0.0373943 0.0097188 -0.00575085 0.110582 0.0722291 0.0890017
internal_weight=0 149.21 63.542 207.696 85.6682 194.215 178.563 56.261 15.6516 25.1206 13.481 20.1443 11.0511 14.6406 12.0707 16.1928 10.5994 10.6966 158.419 10.5057 4.61499 14.8881 5.59338 8.3018 48.6539 3.67627 9.92246 29.4071 31.1405 8.95645
internal_count=35530 8560 5845 26970 2715 26463 25796 2427 667 2234 507 963 361 405 227 1126 1048 244 24833 143 58 77 78 988 5768 236 1184 288 193 221
is_linear=0
shrinkage=0.05


Tree=18
num_leaves=31
num_cat=0
split_feature=2 41 25 31 38 19 10 33 12 34 39 19 21 2 23 38 39 38 40 10 15 31 14 21 14 33 31 2 21 31
split_gain=106.494 118.357 50.2473 27.3045 13.9026 13.8855 13.7791 11.8369 11.3167 10.8591 11.4853 10.7783 9.80562 9.26074 9.04726 8.82575 7.22369 7.89015 6.64705 6.50832 5.90925 5.72175 5.24916 4.76268 4.74919 3.45105 3.38335 3.28323 3.09932 2.92808
threshold=3.2491642741371343 1.0000000180025095e-35 1.5000000000000002 6.5000000000000009 55.850000000000001 9.7139814814814844 2045.9500000000003 0.35388994307400384 60214.130000000005 1.0000000180025095e-35 268.95000000000005 0.022517361111111116 6.4593287037037044 19.571745490999184 1.0000000180025095e-35 19.450000000000003 106.95000000000002 70.15000000000002 0.7068386967209076 10490.460000000001 33636.000000000007 14.500000000000002 36478.350000000013 2.7662094907407409 18459.200000000008 0.13188405797101452 10.500000000000002 19.571745490999184 -1.0000000180025095e-35 2.5000000000000004
decision_type=2 2 2 2 2 2 2 2 2 2 2 2 2 2 2 2 2 2 2 2 2 2 2 2 2 2 2 2 2 2
left_child=1 2 3 7 15 23 9 12 19 10 13 21 -1 14 -2 -4 25 -18 20 -5 -11 -10 -21 -3 -17 -14 -12 -22 -15 -7
right_child=6 5 4 8 -6 29 -8 -9 11 18 26 -13 16 28 -16 24 17 -19 -20 22 27 -23 -24 -25 -26 -27 -28 -29 -30 -31
leaf_value=-0.038566722600446003 -0.029428375398786663 -0.010252677227110723 -0.025880533729714446 -0.042219078495092266 -0.034623431150669813 0.04381725939426967 0.088520838698953386 -0.036812909730186229 -0.021355901821030365 0.059122371256208665 0.0012167114848978522 -0.030270623978763081 -0.039226762206335038 0.013157342713895402 0.06399979615699454 0.014521811532398517 0.095031105507660793 -0.0029075624371237563 0.1013864151188846 0.092013251242513208 -0.042472256687049174 0.11008331927932205 -0.015144887051685617 0.075485995081619739 0.12122780658979337 0.039651187305304321 0.079050726712492969 0.039586422433959052 0.078622982869052463 -0.039117254418609776
leaf_weight=2.6887764013372424 15.978647272568201 1.4576190067455161 1.0478368937037874 183.41732599493116 2.1588038275949648 0.50223694555461351 20.842110957950354 6.325741844251751 0.72810872504487578 8.5220804060809332 1.7053583269007484 3.9957087836228311 2.1564068468287583 4.0862590186297894 2.0958343413658431 1.5267172185704092 8.3137057232670468 2.5645286962389937 8.2969330763444287 0.69020308041945044 2.3395532616414125 2.2638288559392095 2.8584925020113587 37.172308444976807 7.4798010722734034 1.485741597600281 7.578034499194473 0.98451069742441166 3.135713353753089 3.4262700187973678
leaf_count=157 1120 138 125 29845 260 11 232 720 88 101 41 619 71 43 62 47 70 119 118 27 77 107 270 343 96 34 143 6 15 428
internal_value=0 -0.012548 -0.0267785 -0.0324051 0.0682889 0.0631097 0.0541724 0.0178329 -0.0385614 0.0397364 0.0216964 0.0214287 0.0388382 0.00344391 -0.0158076 0.0915188 0.0547328 0.0736412 0.0682149 -0.0409055 0.038898 0.0807597 0.0213434 0.0720738 0.106399 -0.00543994 0.0662614 -0.0146341 0.0476873 -0.0217753
internal_weight=0 272.26 229.702 217.489 12.2132 42.5584 75.565 23.5349 193.954 54.7229 34.5798 6.98765 17.2092 25.2965 18.0745 10.0544 14.5204 10.8782 20.1431 186.966 11.8461 2.99194 3.5487 38.6299 9.00652 3.64215 9.28339 3.32406 7.22197 3.92851
internal_count=35533 33575 32655 32127 528 920 1958 1171 30956 1726 1424 814 451 1240 1182 268 294 189 302 30142 184 195 297 481 143 105 184 83 58 439
is_linear=0
shrinkage=0.05


Tree=19
num_leaves=31
num_cat=0
split_feature=19 21 5 25 3 1 38 31 31 38 38 10 39 38 24 19 33 14 24 24 14 24 25 31 2 10 14 39 23 33
split_gain=113.933 60.1185 62.4195 47.0914 28.4798 22.9055 30.4003 20.7542 15.3074 11.9543 10.7396 10.3071 9.22149 8.38647 8.25758 7.86098 7.03785 5.98208 5.75829 6.66201 5.63254 4.8013 4.48047 4.11513 3.94516 3.81347 5.39881 3.81017 3.49993 3.21206
threshold=0.022517361111111116 4.2802430555555562 1.0000000180025095e-35 1.5000000000000002 1.8760992090899908 6.447496018284717 10.250000000000002 7.5000000000000009 21.500000000000004 59.550000000000004 60.050000000000004 4289.7100000000009 102.35000000000001 55.45000000000001 25.90502314814815 10.185746527777779 0.3585714285714286 72874.395000000019 2.2514351851851857 12.786354166666669 23609.385000000006 11.020555555555559 1.5000000000000002 10.500000000000002 1.8710877599610996 17459.105000000003 94204.525000000009 53.650000000000013 1.0000000180025095e-35 0.063508064516129045
decision_type=2 2 2 2 2 2 2 2 2 2 2 2 2 2 2 2 2 2 2 2 2 2 2 2 2 2 2 2 2 2
left_child=1 2 8 4 7 6 27 10 11 14 12 22 -2 20 15 21 -14 24 -10 -20 -5 -6 -1 -4 -13 29 -27 -3 -24 -9
right_child=3 5 23 13 9 -7 -8 25 18 -11 -12 17 16 -15 -16 -17 -18 -19 19 -21 -22 -23 28 -25 -26 26 -28 -29 -30 -31
leaf_value=-0.042154272914721354 -0.015160069019783158 -0.00082392712704115766 0.033078423460835275 -0.0013291009503995272 -0.0037319790644774649 0.094307045425207889 -0.037119591880864521 -0.045827549848817942 -0.022373703623164473 -0.033014015557555308 -0.04369251008760338 0.015831650821421014 0.073287086928481113 -0.01350627310406253 0.10365930465391809 -0.040121613026012651 -0.031039778148671884 -0.035035046658096765 0.15387904090735544 -0.01744985608733176 0.096029506579805649 0.093748601212059107 -0.023744674468358675 0.10267042579070114 0.11063689222107947 0.095748718606827724 -0.029850201820313449 0.06815109114510054 0.084975701638835832 -0.014917225482931723
leaf_weight=42.954611687920988 6.7342553632333937 2.1372674726881113 4.1095870761200777 1.7072475934401143 1.9538999730721096 36.651862213388085 9.4917919165454787 132.07166717806831 0.68033523112535421 4.2763344985432914 6.1977818934246889 3.2788773044012478 8.5503634340129775 2.5333807547576717 4.6170614091679454 2.6664280635304749 1.3625454851426173 1.9779861313290892 1.1692385920323429 0.5163850369863211 9.1965430080890638 2.2284453366883099 0.8488818323239673 11.221142783761023 1.042867148760706 0.36300500947981973 1.4453982706181703 25.942098922096193 0.43966270983219147 10.27111318008974
leaf_count=5691 515 225 21 89 84 607 1176 22717 51 306 685 98 154 250 120 124 115 145 55 59 155 25 81 56 22 18 187 118 3 1583
internal_value=0 0.0355732 0.00156697 -0.0229931 -0.0297245 0.0664017 0.0374398 -0.0357992 -0.0243981 0.0330067 0.00817131 -0.0307514 0.0288621 0.064268 0.058303 0.018415 0.0574169 0.0259495 0.0801389 0.114439 0.0819546 0.0562754 -0.0392201 0.0871833 0.0551996 -0.0427759 0.020478 0.0630533 0.034273 -0.0437168
internal_weight=0 142.463 68.2396 196.175 182.738 74.223 37.5712 166.996 52.9088 15.7422 22.8449 50.5429 16.6472 13.4372 11.4658 6.84877 9.91291 6.29973 2.36596 1.68562 10.9038 4.18235 44.2432 15.3307 4.32174 144.151 1.8084 28.0794 1.28854 142.343
internal_count=35535 8408 6282 27127 26633 2126 1519 25974 6205 659 1469 6040 784 494 353 233 269 265 165 114 244 109 5775 77 120 24505 205 343 84 24300
is_linear=0
shrinkage=0.05


Tree=20
num_leaves=31
num_cat=0
split_feature=15 2 21 19 25 6 32 23 39 38 13 14 19 19 21 6 21 19 15 17 15 0 21 13 2 19 3 38 39 32
split_gain=89.0982 97.7471 15.6275 17.3222 14.2106 13.6529 12.4668 9.55409 11.866 9.03841 8.89155 8.97831 7.86901 7.34075 7.09478 9.77532 14.9685 11.7116 6.56776 5.66461 5.9588 5.54251 5.31614 4.8765 4.66529 4.33066 4.25111 4.18589 4.37192 3.90244
threshold=863.50000000000011 3.4604003180186544 3.305439814814815 20.887812500000003 2.5000000000000004 2.5000000000000004 1.0000000180025095e-35 1.0000000180025095e-35 221.45000000000002 127.65000000000002 33.500000000000007 29466.330000000005 27.888200231481488 0.073726851851851863 17.164050925925931 1.0000000180025095e-35 1.2560358796296298 2.8869675925925931 35629.500000000007 4.5000000000000009 147.50000000000003 90.210000000000022 17.435480324074078 21.500000000000004 19.571745490999184 17.043234953703706 -1.9014711169230551 59.050000000000004 75.750000000000014 1.0000000180025095e-35
decision_type=2 2 2 2 2 2 2 2 2 2 2 2 2 2 2 2 2 2 2 2 2 2 2 2 2 2 2 2 2 2
left_child=2 4 -1 10 5 6 7 -2 21 -10 11 13 14 -4 15 16 -3 -18 -8 -13 -21 -9 -15 -16 25 -25 -22 28 -20 -5
right_child=1 12 3 29 -6 -7 18 8 9 -11 -12 19 -14 22 23 -17 17 -19 27 20 26 -23 -24 24 -26 -27 -28 -29 -30 -31
leaf_value=-0.0091538966908053226 -0.042146551707399588 -0.038026664099782947 0.053589948577271375 -0.0254770462548735 0.080358057450171799 0.10129975482799206 -0.022121902322631209 0.054876014721088662 0.16000758055955311 -0.0067235076140910221 -0.036411524355505306 -0.012152342634628638 -0.035931321448337765 -0.040916610108192732 0.084311310169052217 0.058873657077888934 0.080774997637394347 -0.013460334146738306 -0.024942497328323501 0.056973440618171479 -0.016661424361017491 -0.038436791683285468 0.040843654945136226 0.076300547776112157 -0.051038157758416837 -0.025902200351200277 0.10459436637872065 -0.028021509934849743 0.07204511587233324 0.040680931897467187
leaf_weight=11.69378309836611 158.02650187443942 9.0714382808655518 14.13511825958267 7.7038624170236272 1.841092288494109 0.91367235034704108 8.0885602342896146 1.0425877035595457 0.87134474236518089 1.3008224978111682 1.6543623870238651 1.4499875530600537 2.44192688493058 3.9885489763692012 13.850443101488056 16.914904892910272 7.0543678645044547 5.1593908029608428 0.90945378411561151 20.893446574918926 0.48467441694810531 7.4011826673522592 2.33689572988078 2.0025879153981805 0.91882504522800434 0.97132609784603108 20.28429870586843 1.2337562073953448 5.044039046857506 2.0282990727573633
leaf_count=709 28319 340 112 840 8 25 654 17 35 218 139 51 274 440 276 132 89 357 69 279 32 1266 108 14 4 72 355 125 88 38
internal_value=0 -0.0147731 0.0439335 0.0522267 -0.0324125 -0.0339622 -0.0351783 -0.039078 0.00629603 0.089516 0.0613896 0.0644592 0.0412208 0.0346341 0.0451604 0.0316177 0.00828805 0.0429616 0.00762896 0.0775077 0.0808399 -0.0223243 -0.00925862 0.0710746 0.016372 0.0448015 0.101129 0.0397232 0.055773 -0.00918312
internal_weight=0 245.058 86.6533 74.9595 186.673 184.832 183.918 168.642 10.6159 2.17217 65.2273 63.573 58.3852 20.4606 55.9433 38.2001 21.2852 12.2138 15.2758 43.1124 41.6624 8.44377 6.32544 17.7432 3.89274 2.97391 20.769 7.18725 5.95349 9.73216
internal_count=35485 32382 3103 2394 30824 30816 30791 29855 1536 253 1516 1377 1558 660 1284 918 786 446 936 717 666 1283 548 366 90 86 387 282 157 878
is_linear=0
shrinkage=0.05


Tree=21
num_leaves=31
num_cat=0
split_feature=19 33 40 38 39 3 15 2 38 0 31 19 15 31 33 31 0 38 15 31 0 14 40 39 2 17 17 14 3 14
split_gain=80.8373 37.7719 31.3505 20.9966 18.6422 16.5209 30.5619 14.8193 11.9666 11.7337 9.89809 9.03162 8.11114 10.9846 7.44177 7.2277 7.11027 5.91383 5.63997 5.24053 8.06591 6.53884 4.80152 4.58748 4.35 4.3143 3.92632 3.61485 3.55734 3.24719
threshold=0.022517361111111116 0.037749287749287756 1.0000000180025095e-35 60.050000000000004 106.95000000000002 1.0289256920261063 863.50000000000011 9.6923103828038588 28.850000000000005 24211.650000000005 4.5000000000000009 26.787494212962965 791.50000000000011 18.500000000000004 0.47434210526315795 7.5000000000000009 49283.490000000013 52.150000000000013 585.50000000000011 14.500000000000002 5032.5850000000009 6167.3249999999998 0.21976534805614237 99.750000000000014 1.8710877599610996 6.5000000000000009 3.5000000000000004 6931.2350000000006 2.1378119330449716 29466.330000000005
decision_type=2 2 2 2 2 2 2 2 2 2 2 2 2 2 2 2 2 2 2 2 2 2 2 2 2 2 2 2 2 2
left_child=2 7 9 4 18 6 -4 10 23 -1 -2 14 13 15 25 -12 19 -15 -3 21 -21 -7 -23 -8 -10 -6 -26 -5 -20 -9
right_child=1 3 5 27 11 16 8 29 24 -11 12 -13 -14 17 -16 -17 -18 -19 28 20 -22 22 -24 -25 26 -27 -28 -29 -30 -31
leaf_value=-0.047301849014672263 0.032207640887159682 0.050199737795574677 0.050800763704336775 0.043008412123092726 0.031025083452485593 -0.036491234253849168 -0.007854869603414652 0.076221830971472532 -0.037949374385288309 0.041477786057037898 0.055284493102439575 -0.027775248406797098 -0.042113705942244811 0.094487631786200399 -0.0099871485252832921 -0.037824679188783093 0.010250557840882777 -0.024899330812472888 -0.028389348153308076 0.14542211240035693 0.064380901639506757 -0.0046186763469883542 0.064023047479557491 0.06312600963107301 0.093138482596408445 0.12302460110125951 -0.023367986126563448 -0.041548598562446498 0.035719741702400408 0.0056349178568278931
leaf_weight=15.429138810373844 4.5854322533123186 3.6812259904108968 42.242906419560313 0.61054930696263809 2.4016973734833291 1.4683379507623637 3.4753911509178597 2.3948810920119277 21.478488625958565 3.9713328531943253 1.5348135940730596 1.212096502073108 117.85511563112959 2.533446721732616 1.3179589421488334 13.334670744836329 6.3916383385658255 0.9738312936387955 8.6710634846240264 4.4409251539036658 16.909885500557721 2.797427034936848 17.80985085433349 4.6569414571858943 0.39252525474876054 9.1636820649728161 0.86568149644881487 10.30122552718967 1.8706315401941527 3.4681919533759356
leaf_count=2683 110 91 504 99 64 106 524 16 3419 83 47 155 21646 121 103 1634 52 130 1133 160 161 66 259 213 49 178 138 1558 18 34
internal_value=0 -0.0199289 0.0299835 0.0232171 0.045511 0.0392841 0.0236369 -0.0315475 -0.0139633 -0.0279861 -0.0348539 0.0842195 -0.0373294 -0.00605615 0.0959979 -0.0253359 0.0613307 0.0631689 0.00413714 0.0684488 0.0869895 0.0475243 0.0549225 0.0352535 -0.0323105 0.107909 0.0381278 -0.033604 -0.014904 0.0413724
internal_weight=0 185.911 142.33 39.2301 28.3184 122.93 73.1119 146.68 30.869 19.4005 140.817 14.0954 136.232 18.3768 12.8833 14.8695 49.8181 3.50728 14.2229 43.4264 21.3508 22.0756 20.6073 8.13233 22.7367 11.5654 1.25821 10.9118 10.5417 5.86307
internal_count=35554 27137 8417 3399 1742 5651 4847 23738 4343 2766 23688 500 23578 1932 345 1681 804 251 1242 752 321 431 325 737 3606 242 187 1657 1151 50
is_linear=0
shrinkage=0.05


Tree=22
num_leaves=31
num_cat=0
split_feature=15 2 6 31 38 39 19 23 39 34 21 19 2 13 25 10 17 0 24 19 33 38 39 15 38 39 2 6 11 14
split_gain=85.2091 72.6688 23.199 17.584 16.4058 14.766 13.6317 10.1125 11.8423 10.032 12.2265 10.6719 9.85161 7.9769 7.4415 7.0575 6.9231 6.57302 6.17452 7.1473 6.02899 6.78343 6.09364 5.75127 7.19335 5.11837 4.67016 6.43816 4.00272 5.75954
threshold=863.50000000000011 3.8480422997287929 1.5000000000000002 6.5000000000000009 60.050000000000004 38.850000000000001 0.022517361111111116 1.0000000180025095e-35 221.45000000000002 1.0000000180025095e-35 8.3585879629629645 10.185746527777779 2.000760714944438 33.500000000000007 2.5000000000000004 7061.4400000000014 3.5000000000000004 90.210000000000022 27.685306712962966 23.251863425925929 0.37715517241379315 60.550000000000004 166.95000000000002 178.50000000000003 10.250000000000002 126.85000000000001 19.571745490999184 1.0000000180025095e-35 2.5000000000000004 66074.010000000024
decision_type=2 2 2 2 2 2 2 2 2 2 2 2 2 2 2 2 2 2 2 2 2 2 2 2 2 2 2 2 2 2
left_child=4 2 3 20 5 -1 15 14 17 10 26 -12 -10 16 -5 -6 -7 -9 -13 -20 21 22 28 24 -18 -26 -3 -28 29 -2
right_child=1 9 -4 7 6 13 -8 8 12 -11 11 18 -14 -15 -16 -17 23 -19 19 -21 -22 -23 -24 -25 25 -27 27 -29 -30 -31
leaf_value=-0.030854769096001627 -0.010910021759588377 -0.036810474182962898 0.11107952304340085 -0.040869686948783429 -0.0099656059602476321 -0.01909403382956389 -0.0449376067058916 0.058467417260297708 -0.0063275608595757529 0.06257625353569217 0.071369414119997768 -0.04234342511196032 0.17107453360946281 -0.035449870270483012 0.061495225011832667 0.070946588326570054 0.061557720565001556 -0.038308630502717211 0.082631868663819261 -0.031724677570605528 -0.032056242609250531 -0.036193812637259563 0.094291864835718053 0.084665952802216074 -0.032655032761755125 0.042821113530440137 -0.03725825078314312 0.058037777922113322 -0.019081790396986105 0.084279538506331325
leaf_weight=4.0969753214158109 2.4833197472617048 8.9044260289520007 1.9602789608761657 147.02630880335346 4.1707235486246663 2.0297812358476213 7.8425704282708457 1.3006728990003447 1.2730052438564592 21.267272226512432 11.778502990957351 3.856880276463925 0.78259780909866083 1.4899410577490915 0.95097564160823722 5.6312713623046875 26.614991242066026 7.0168087580241263 2.2205937849357729 1.6532763615250585 4.4734863052144638 2.4461248093284658 3.2479915581643573 27.668380031827837 3.6644452400505534 3.342932466417551 2.2198535725474349 3.1116935610771179 3.6169949294999242 2.5953450733795762
leaf_count=532 110 319 61 28513 198 92 1065 17 201 222 90 261 46 112 4 47 127 1278 26 181 616 200 23 471 320 102 36 14 100 23
internal_value=0 -0.0134785 -0.0288928 -0.0310558 0.044305 0.0551789 0.00115705 -0.0364721 0.0103733 0.0363449 0.0184879 0.0433115 0.0950956 0.0610037 -0.0398035 0.0387833 0.0637892 -0.0185242 -0.00271541 0.0373316 0.0139591 0.0294178 0.0446135 0.0667965 0.0500707 0.00420257 -0.0161407 0.0187423 0.0182463 0.0435969
internal_weight=0 234.186 179.174 177.214 86.552 68.9074 17.6446 158.35 10.3731 55.0125 33.7452 19.5093 2.0556 64.8105 147.977 9.80199 63.3205 8.31748 7.73075 3.87387 18.8633 14.3898 11.9437 61.2907 33.6224 7.00738 14.236 5.33155 8.69566 5.07866
internal_count=35407 32341 31192 31131 3066 1756 1310 30059 1542 1149 927 558 247 1224 28517 245 1112 1295 468 207 1072 456 256 1020 549 422 369 50 233 133
is_linear=0
shrinkage=0.05


Tree=23
num_leaves=31
num_cat=0
split_feature=19 21 5 2 15 15 2 24 0 33 31 38 17 23 24 38 39 31 33 38 2 0 14 2 5 17 33 31 14 3
split_gain=81.5499 61.0558 41.765 31.5752 22.1142 17.2763 14.7126 14.0142 10.91 9.49453 9.44057 9.0747 8.20268 7.09133 8.22892 7.0434 7.49708 5.76005 5.66164 5.56439 5.23859 4.85524 4.24001 4.04467 3.08821 2.90796 2.81258 3.39216 4.70627 3.61229
threshold=0.073726851851851863 4.2802430555555562 1.0000000180025095e-35 6.5581742892416139 585.50000000000011 178.50000000000003 1.853229069218264 0.31092592592592599 3399.7150000000006 0.044466403162055343 4.5000000000000009 60.050000000000004 7.5000000000000009 1.0000000180025095e-35 0.0071527777777777787 48.050000000000004 190.65000000000001 21.500000000000004 0.26969696969696971 14.750000000000002 5.5368824942314019 595.03000000000009 32242.370000000006 0.065525654858540935 1.0000000180025095e-35 13.500000000000002 0.065591397849462371 16.500000000000004 208818.18000000002 -1.3634697229650976
decision_type=2 2 2 2 2 2 2 2 2 2 2 2 2 2 2 2 2 2 2 2 2 2 2 2 2 2 2 2 2 2
left_child=1 2 13 4 5 23 7 -3 11 15 18 19 24 17 -15 16 25 -1 22 -7 -8 -11 -6 -2 -5 -9 -12 28 29 -28
right_child=3 6 -4 12 10 8 20 9 -10 21 26 -13 -14 14 -16 -17 -18 -19 -20 -21 -22 -23 -24 -25 -26 -27 27 -29 -30 -31
leaf_value=-0.039915431425976748 0.040373162195774498 0.064778203841141385 0.064697770148804318 0.022823827071234173 -0.030676624172923411 -0.021056580230882957 0.11583459245644728 -0.025648195350942767 -0.030073448500672551 -0.023980441678131063 -0.043074299297185092 -0.029498916788762066 0.070035122683398066 -0.019008741563538465 0.094517728340730633 -0.044703074641536722 0.077855562459414426 0.037764178355023659 -0.033354095765310919 0.099462676361864663 0.062538274922782383 0.080121524141689757 0.048319859507544395 -0.041317085914409593 -0.040097101275327167 0.031116434158299885 0.05606870398731667 -0.041478582760974499 0.09380136506939897 -0.027167013128691887
leaf_weight=42.091826113406569 0.95023172954097646 26.720653182826936 14.407175735570489 3.9927323348820201 1.4917420763522367 0.71563589200377364 11.28168899798766 6.0002095792442613 2.7378304079174987 0.90623298846185107 112.39392067166045 1.4136710450984526 9.6484074979089183 3.8765856185927978 1.4445285201072691 6.6003830046392968 2.5607733791694036 1.7632952504791308 4.847183374222368 8.6052363789640349 16.481328628957272 4.7581260493025184 5.9442082052119076 9.6943703889846784 2.2023807251825929 2.3681801627390087 0.72374806692823757 4.6903656157664955 0.38985575269907702 4.499856945127247
leaf_count=5821 6 215 68 52 91 97 135 584 169 131 22454 226 86 347 7 866 18 144 632 215 72 55 70 1225 32 41 44 827 67 682
internal_value=0 0.0288867 -0.00744017 -0.0220238 -0.0287712 0.0148308 0.0583388 0.0407361 0.0508297 0.0115056 -0.0366133 0.0722684 0.0434179 -0.0294427 0.0218875 -0.00740825 0.0169743 -0.0360199 0.00482397 0.0890658 0.0874698 0.0623672 0.0307144 -0.0311838 -0.00200871 -0.00797757 -0.040767 -0.0140151 0.0117342 -0.00847842
internal_weight=0 141.261 63.5834 174.941 159.098 24.117 77.6776 49.9146 13.4724 23.1939 134.981 10.7345 15.8435 49.1762 5.32111 17.5295 10.9292 43.8551 12.2831 9.32087 27.763 5.66436 7.43595 10.6446 6.19511 8.36839 122.698 10.3038 5.61346 5.22361
internal_count=35479 8504 6387 26975 26805 1938 2117 1910 707 1695 24867 538 170 6319 354 1509 643 5965 793 312 207 186 161 1231 84 625 24074 1620 793 726
is_linear=0
shrinkage=0.05


Tree=24
num_leaves=31
num_cat=0
split_feature=23 3 9 24 10 3 31 19 12 31 17 19 13 41 31 38 24 38 14 0 38 2 24 38 19 38 15 38 2 2
split_gain=67.4403 50.593 31.8327 22.6891 16.2551 16.362 13.5497 12.3147 9.36425 7.63057 6.45666 7.78232 6.65444 6.06911 5.58628 5.36195 5.22159 4.38839 4.13056 5.38107 3.99186 3.67935 4.81482 6.82826 4.88203 3.84773 3.71862 4.43462 3.32341 4.73832
threshold=1.0000000180025095e-35 1.1417892422569338 1.5000000000000002 1.0000000180025095e-35 2045.9500000000003 3.8853203711202711 5.5000000000000009 0.77613425925925938 77303.815000000017 6.5000000000000009 5.5000000000000009 22.775590277777781 33.500000000000007 1.0000000180025095e-35 1.5000000000000002 14.750000000000002 17.258177083333337 69.550000000000011 32242.370000000006 7870.5850000000009 1.0000000180025095e-35 3.8480422997287929 27.685306712962966 58.45000000000001 27.888200231481488 19.450000000000003 82662.500000000015 52.650000000000013 2.0846170265764843 0.36024967989021112
decision_type=2 2 2 2 2 2 2 2 2 2 2 2 2 2 2 2 2 2 2 2 2 2 2 2 2 2 2 2 2 2
left_child=1 2 6 7 5 8 14 28 9 16 -4 12 17 -5 -1 -6 -3 20 -16 -20 -12 -11 26 24 25 -24 -23 -28 29 -2
right_child=3 4 10 13 15 -7 -8 -9 -10 21 11 -13 -14 -15 18 -17 -18 -19 19 -21 -22 22 23 -25 -26 -27 27 -29 -30 -31
leaf_value=-0.040661885598014862 0.04680573623555416 -0.030062448672412385 -0.023148323387753966 0.10601951711494993 -0.026834845206588798 0.051730321398913037 -0.036626414012433162 -0.035313829456480997 0.08348176609845083 -0.039932419365398958 -0.020450506179606653 -0.029512288059197374 -0.034162485317571011 0.056235060174625297 -0.021004275575029496 0.07392965240357495 0.071985076908209253 0.0027059402031294321 0.050902132290889593 -0.033301194634274403 0.079893972772644886 -0.034669249873426081 0.0013913494423353941 -0.030886781612666944 -0.02079390652196984 0.13369030680232602 -0.034899468201398075 0.055511664946234968 0.065984417274042487 -0.03575290322019236
leaf_weight=3.4737842231988934 2.7324275770224649 1.1436831937171508 4.110263443086299 11.886328883003442 0.93844428705051797 17.000674147158861 137.94664437742904 8.3947896533645672 1.7417984306812275 13.412899817805735 0.68049297528342023 2.6968909865245214 1.3619207167066623 22.905073285102844 3.3789460281841448 16.221998328808695 3.1261148797348142 2.6747163645923129 9.4672872386872751 1.5896413484588254 12.42490347009152 10.545623312238606 0.74597057886421669 1.8874795921146867 0.69515888346359123 1.3405236988328395 1.4799313256517046 2.1831614808179438 5.421346961054951 2.2920661880634725
leaf_count=335 91 46 371 58 59 111 27222 1375 33 2521 93 329 177 102 251 240 76 221 147 141 284 456 34 122 74 35 55 55 68 324
internal_value=0 -0.00891266 -0.0230987 0.0523401 0.0261229 0.0123951 -0.0313436 0.00750687 -0.00593605 -0.0123052 0.0296626 0.0411899 0.0533268 0.0757306 0.00913184 0.067245 0.0441334 0.0624636 0.022972 0.0370384 0.0736032 -0.0208696 -0.00599779 0.0336737 0.0740643 0.102166 -0.0203912 0.0193336 0.0419984 0.00946106
internal_weight=0 252.269 179.805 53.632 72.4635 55.303 155.856 18.8406 38.3023 36.5605 23.9492 19.8389 17.142 34.7914 17.9097 17.1604 4.2698 15.7801 14.4359 11.0569 13.1054 32.2907 18.8778 4.66913 2.78165 2.08649 14.2087 3.66309 10.4458 5.02449
internal_count=35506 33488 29571 2018 3917 3618 28096 1858 3507 3474 1475 1104 775 160 874 299 122 598 539 288 377 3352 831 265 143 69 566 110 483 415
is_linear=0
shrinkage=0.05


Tree=25
num_leaves=31
num_cat=0
split_feature=19 21 6 25 2 31 0 0 10 23 13 2 14 0 24 12 39 3 19 10 14 31 3 10 39 16 20 3 2 2
split_gain=64.559 46.9604 40.2272 33.7662 19.8865 18.1834 11.159 20.4087 7.87051 6.85213 6.49388 5.31666 4.96797 5.65347 4.37803 4.07602 3.98256 3.95989 3.85528 3.74607 4.61619 3.10535 3.03758 2.90711 2.5274 4.18605 2.46844 4.85144 2.70181 2.44675
threshold=0.073726851851851863 3.9357754629629631 1.0000000180025095e-35 1.5000000000000002 9.6923103828038588 6.5000000000000009 630.12000000000012 90.210000000000022 3437.7200000000007 1.0000000180025095e-35 24.500000000000004 0.14375361867551273 55018.375000000007 9844.8900000000012 18.297309027777782 15089.995000000001 750.70000000000016 2.9259036246439343 26.384340277777785 17459.105000000003 90317.294999999998 4.5000000000000009 1.161177427148895 129.66500000000002 113.55000000000001 1.5000000000000002 2.5000000000000004 2.9259036246439343 1.655822432219668 0.01664170781265813
decision_type=2 2 2 2 2 2 2 2 2 2 2 2 2 2 2 2 2 2 2 2 2 2 2 2 2 2 2 2 2 2
left_child=1 2 8 4 5 10 7 29 16 14 12 -7 23 -14 -5 22 -1 -6 -16 -13 -21 -4 -10 -2 25 -23 -8 28 -28 -3
right_child=3 6 21 9 17 11 26 -9 15 -11 -12 19 13 -15 18 -17 -18 -19 -20 20 -22 24 -24 -25 -26 -27 27 -29 -30 -31
leaf_value=-0.041137364809210229 -0.025909550403723593 0.027956516941110423 0.010022933427046282 -0.02880024961949415 -0.0015352979641249903 0.035997522969958312 0.077163938110916735 -0.035355453103935564 0.0037373317374368694 0.096122352346086085 -0.041596978187518258 -0.040352197923848726 0.061891377561581355 -0.03220022100262214 0.059360314020770535 -0.028254579620382716 0.049352632000404469 0.068014862770315265 -0.02637247743667322 0.090233669074272771 -0.027767691668472684 -0.02631438521057829 0.075521134068879947 0.03347923448836912 0.086405839501938586 0.058594595421014389 0.015300800850210322 -0.028264876730918799 0.075220133260615274 0.062889944491770697
leaf_weight=38.112657217308879 4.9314199113287094 10.762213114183398 2.9751001172699025 2.2876753406599146 2.9831247404217702 1.6527820900082577 31.299836726859212 8.3497993135824782 3.2279364643618456 4.8930700849741688 3.5448367474600664 121.59716733871028 8.2976303170435113 1.2770756413228799 4.9110780726186931 2.7949128574691713 0.44749715877696772 5.2303802538663149 1.0584588474594054 0.40433438681065936 1.222939907107502 1.5384256928227831 1.8946194797754285 2.1777333761565387 8.3207098506391031 3.056301053147763 3.6105696023441833 1.5008464828133572 5.1502165030688047 16.521064416505396
leaf_count=5829 429 77 23 209 33 166 441 1258 138 24 272 25088 123 81 144 188 18 30 114 16 182 18 29 76 49 48 138 8 55 210
internal_value=0 0.0260435 -0.00622213 -0.0199128 -0.0265887 -0.030942 0.0518582 0.030032 -0.029706 0.0543004 0.0125197 -0.0380258 0.02572 0.0474832 0.0218112 0.0142622 -0.0388662 0.0453295 0.0425562 -0.0393004 0.0247376 0.0601571 0.0382857 -0.00583197 0.0701555 0.0305431 0.0694258 0.0410668 0.0546232 0.0505857
internal_weight=0 139.563 62.3682 166.47 153.319 145.106 77.1945 35.6331 46.4776 13.1503 20.2287 124.877 16.6839 9.57471 8.25721 7.91747 38.5602 8.2135 5.96954 123.224 1.62727 15.8905 5.12256 7.10915 12.9154 4.59473 41.5615 10.2616 8.76079 27.2833
internal_count=35514 8527 6340 26987 26496 26433 2187 1545 6202 491 981 25452 709 204 467 355 5847 63 258 25286 198 138 167 505 115 66 642 201 193 287
is_linear=0
shrinkage=0.05


Tree=26
num_leaves=31
num_cat=0
split_feature=19 21 5 25 2 32 0 38 15 10 38 19 0 38 19 17 0 0 2 38 14 14 24 21 21 21 2 2 40 14
split_gain=61.1739 42.417 34.8762 32.3806 21.6698 18.343 12.7304 17.9934 7.72292 7.3106 7.26595 5.96116 5.73361 5.53875 5.46281 10.5498 5.02485 4.80944 6.14943 4.56693 4.43713 4.03355 3.82953 3.89276 3.63679 3.28443 4.98204 2.74245 3.22299 2.69782
threshold=0.073726851851851863 3.305439814814815 1.0000000180025095e-35 1.5000000000000002 9.6923103828038588 1.0000000180025095e-35 630.12000000000012 10.250000000000002 717.50000000000011 3437.7200000000007 55.850000000000001 20.887812500000003 38051.880000000012 60.050000000000004 7.638964120370372 8.5000000000000018 5751.2300000000005 4211.380000000001 1.0876654198755451 14.750000000000002 23609.385000000006 39761.950000000012 21.922245370370373 33.844265046296307 7.1611284722222228 1.2560358796296298 4.2536268813489384 0.14375361867551273 0.86359910727597433 51769.120000000003
decision_type=2 2 2 2 2 2 2 2 2 2 2 2 2 2 2 2 2 2 2 2 2 2 2 2 2 2 2 2 2 2
left_child=1 2 9 4 5 8 7 29 13 25 20 16 -6 14 15 -2 24 18 -11 -8 -5 22 -21 -24 -7 -1 -27 -16 -29 -3
right_child=3 6 -4 10 12 11 19 -9 -10 17 -12 -13 -14 -15 27 -17 -18 -19 -20 21 -22 -23 23 -25 -26 26 -28 28 -30 -31
leaf_value=-0.042216292534366248 -0.019261019461687567 0.056448803423798558 0.057829557661782827 -0.0051971782369576794 0.078457303298369349 -0.016508772170708001 0.0018606480842723394 -0.035195626035400364 -0.042803514224588522 -1.5500130271244835e-05 -0.023471275653353173 -0.031313200307842397 -0.0044278891734533827 -0.043071271688938095 0.055174843527952183 0.12093754316926886 -0.022191420909623269 -0.024956708716972746 0.11294579008156128 0.063376292937910625 0.083030872674006106 0.092592407725527889 -0.035215819145130986 0.045325246300642302 0.056646954210268899 -0.032570598881847865 0.073809896738602485 -0.042253312045683937 0.019081477129526049 0.018684130368829363
leaf_weight=33.349713555071503 2.1809231876395665 18.786789893172685 14.693778420798479 1.5324318604543794 4.9220239184796801 1.5674464027397359 2.4514153529889873 8.1530429720878583 105.57360602496192 2.867314530536532 1.9818101241253305 4.2772651268169275 3.0639560371637344 5.7167336880229405 0.40036893635988224 1.7274128617718814 2.8700211211107662 3.4123377376236022 1.0775655792094765 17.336656007915739 8.8885829090140742 17.29860479477793 1.9266663091257203 2.1088884435594082 9.3860997259616834 1.8256133981049054 0.82860773615539063 4.8662913693115115 2.6405602982267737 7.9823508202098301
leaf_count=5578 215 246 74 84 28 86 95 1200 23625 131 250 365 31 953 26 59 170 188 53 305 159 222 57 22 224 313 9 583 201 105
internal_value=0 0.0258193 -0.00635241 -0.0197067 -0.0262471 -0.0308618 0.0501439 0.0267974 -0.0377386 -0.0289151 0.0550563 0.0154353 0.0497031 -0.0065754 0.0130654 0.0547189 0.0310367 0.0148943 0.0474415 0.0688636 0.0707377 0.0729571 0.053636 0.00751579 0.0456731 -0.0380279 0.0117501 -0.0113546 -0.0209717 0.046266
internal_weight=0 134.099 58.0549 161.596 149.193 141.207 76.0444 34.9222 123.106 43.3612 12.4028 18.1008 7.98598 17.5323 11.8156 3.90834 13.8236 7.35722 3.94488 41.1222 10.421 38.6708 21.3722 4.03555 10.9535 36.0039 2.65422 7.90722 7.50685 26.7691
internal_count=35657 8598 6346 27059 26566 26507 2252 1551 25662 6272 493 845 59 2037 1084 274 480 372 184 701 243 606 384 79 310 5900 322 810 784 351
is_linear=0
shrinkage=0.05


Tree=27
num_leaves=31
num_cat=0
split_feature=23 3 9 25 19 31 33 31 13 3 14 13 21 19 3 0 25 38 39 21 31 17 0 33 0 40 33 38 0 38
split_gain=52.7546 42.3192 23.2961 12.0677 11.8203 11.598 10.9192 10.1573 12.8051 8.86481 8.68275 7.98088 7.62939 8.63072 6.66782 6.11124 5.92456 5.49475 5.44438 5.37771 5.25409 5.07061 4.32793 4.23938 3.86257 3.49621 3.35822 3.79446 3.03401 2.81606
threshold=1.0000000180025095e-35 1.0914268598658898 1.5000000000000002 1.5000000000000002 0.022517361111111116 7.5000000000000009 0.037749287749287756 14.500000000000002 13.500000000000002 -2.9711130434253845 32242.370000000006 24.500000000000004 3.9357754629629631 7.638964120370372 -2.0575984421710278 6100.3950000000013 2.5000000000000004 60.050000000000004 1003.5500000000001 0.93313657407407413 5.5000000000000009 8.5000000000000018 20397.215 0.070197044334975381 2024.2950000000003 2.9628116603124774 0.17752100840336138 59.050000000000004 2024.2950000000003 58.45000000000001
decision_type=2 2 2 2 2 2 2 2 2 2 2 2 2 2 2 2 2 2 2 2 2 2 2 2 2 2 2 2 2 2
left_child=1 2 5 4 19 10 7 18 24 -6 -1 15 -4 14 -14 17 25 -12 20 -2 -3 -8 -22 -15 -9 -7 27 -23 -21 -26
right_child=3 6 12 -5 9 16 21 8 -10 -11 11 -13 13 23 -16 -17 -18 -19 -20 28 22 26 -24 -25 29 -27 -28 -29 -30 -31
leaf_value=-0.040835396166906346 -0.020495975467848458 0.035114408918867156 -0.039030083820005536 0.10323700523188922 0.077547727347765522 -0.038813252142035147 0.026335502730467721 -0.022773804156483377 -0.0049635086503429394 -0.038400959021630585 0.066263143694634055 -0.040498125508718341 -0.016938348194204422 -0.034364911412609743 0.072622582689584866 -0.033803413893819988 0.053283501059371144 -0.028134569981515818 0.042725785634096687 0.040167093410581174 -0.047274766110795917 0.1214607945617931 0.00045021862780301867 0.039375526525185001 0.085838794302468574 0.042810398079190848 0.008856172924345089 0.03438305414810066 0.078107420379710885 0.032437666185253983
leaf_weight=6.9287786777131286 2.1600231206975868 2.7544894991442623 3.327174780424687 7.392437230795621 1.0904607046395511 116.00937920017168 10.464864779263737 0.82776453439146536 13.458455822430549 7.223032179288567 9.4894450935535115 3.0736616477370253 2.1223059655167154 4.7117472398094824 10.69774549547583 1.6818265165202309 0.96881715953349967 1.2347028590738762 2.9568888414651147 22.583774480503056 12.274726639036091 4.1870184894651157 7.36848110705614 1.9975445168092845 8.1769209709018451 0.54780846182256837 1.633003490976989 3.0555357071571052 9.3319276850670558 5.9249937315471461
leaf_count=849 300 32 355 37 7 26082 343 175 945 1392 175 290 42 736 186 146 4 132 17 208 1815 70 185 99 347 65 73 50 56 281
internal_value=0 -0.00885397 -0.0230054 0.0473059 0.0353973 -0.0306352 0.022553 0.0105235 0.0305898 -0.0164988 0.00225499 0.0228501 0.0230331 0.0349928 0.0576433 0.0403951 -0.0368725 0.0539221 -0.0122519 0.0481679 -0.0210258 0.0538196 -0.0302178 -0.0101506 0.0609392 -0.0380687 0.0802769 0.0933523 0.0532965 0.0670356
internal_weight=0 235.874 162.791 49.7817 42.3892 139.934 73.0831 53.7427 28.3881 8.31349 22.4084 15.4796 22.8565 19.5293 12.8201 12.406 117.526 10.7241 25.3546 34.0757 22.3977 19.3404 19.6432 6.70929 14.9297 116.557 8.87556 7.24255 31.9157 14.1019
internal_count=35494 33494 29161 2000 1963 27743 4333 3797 1748 1399 1592 743 1418 1063 228 453 26151 307 2049 564 2032 536 2000 835 803 26147 193 120 264 628
is_linear=0
shrinkage=0.05


Tree=28
num_leaves=31
num_cat=0
split_feature=18 15 21 6 3 31 3 38 39 38 40 40 2 24 24 33 2 3 10 13 33 38 47 38 12 33 13 38 38 40
split_gain=53.3488 37.8197 19.0189 31.0508 16.477 11.3845 10.6783 14.7201 8.85294 11.7084 7.0795 7.02002 5.85717 5.72421 5.61754 5.43392 5.32729 5.17273 5.10096 5.01994 4.56934 4.13331 3.99286 3.98259 3.76215 3.50112 3.21702 3.08917 4.94295 2.9241
threshold=1.0000000180025095e-35 1704.5000000000002 0.93313657407407413 1.0000000180025095e-35 2.2838636327926638 6.5000000000000009 0.92149339337285086 52.150000000000013 53.650000000000013 60.050000000000004 0.036118499314415541 0.90982186596004588 4.9736416646247781 27.685306712962966 0.049849537037037046 0.067816091954023008 4.5724085368789824 3.8853203711202711 3512.3300000000004 31.500000000000004 0.17752100840336138 59.050000000000004 1.0000000180025095e-35 39.550000000000004 1171.7750000000003 0.065591397849462371 7.5000000000000009 59.550000000000004 43.95000000000001 1.8297834177823245
decision_type=2 2 2 2 2 2 2 2 2 2 2 2 2 2 2 2 2 2 2 2 2 2 2 2 2 2 2 2 2 2
left_child=1 8 3 18 5 20 7 10 -1 11 -4 19 -8 17 -11 -9 -16 -6 -2 22 21 23 24 -3 -10 -7 -12 28 -20 -27
right_child=2 4 6 -5 13 25 12 15 9 14 26 -13 -14 -15 16 -17 -18 -19 27 -21 -22 -23 -24 -25 -26 29 -28 -29 -30 -31
leaf_value=-0.034748365006847408 -0.038606822389506384 -0.0024064269413730521 -0.034000221010203648 0.059314746786301324 -0.023263172512582586 -0.043699515206530974 0.10040871563589818 -0.03972674138629833 -0.0205657951033036 0.054447328736297929 -0.015464422033666681 0.0084775427715288437 0.045730636453374621 0.075645316472868956 -0.040469009846968218 0.039745397850840102 0.046167262441661562 0.06124137803022886 -0.013044052237974514 -0.025714251497331739 -0.028782040873299802 -0.03204868116278016 -0.021731467910764333 0.067963511177133229 0.077179946284889583 -0.017847855077375477 0.052054106393457589 -0.029355399431857856 0.10147831770336856 0.061925070859051724
leaf_weight=4.983331147581338 22.835583477281038 3.1067945309914631 2.078919844236224 14.062002764549105 5.2767542670480889 90.421552702551708 9.95829438371584 8.2011332768015546 0.64479779615068267 1.7351258124690492 1.4342505047097791 8.6937335543334466 14.991010801866649 3.2004677364602685 8.6445906294975412 1.9321859017945815 1.2993225534446526 1.5456520467996595 1.4668475333601234 1.0218719542026509 4.8671423988416782 1.6328963409177957 0.7539469285402437 4.3734169350937009 18.169598197331652 7.5352632547728708 34.125736772548407 1.2551860115490852 0.91228926321491588 0.33894296456128348
leaf_count=795 3574 109 373 91 155 22381 182 1111 61 121 162 451 75 79 1563 91 17 8 84 134 588 124 91 38 590 1524 653 90 24 67
internal_value=0 -0.015009 0.029212 0.00165798 -0.0294796 -0.0349804 0.0443386 0.029466 0.0233162 0.0310398 0.0436376 0.0474758 0.0705833 0.0297225 -0.0106659 -0.0223644 -0.0259645 0.0012633 -0.0300161 0.0627866 0.00681326 0.0267903 0.0684336 0.0418991 0.0729612 -0.0409333 0.0489824 0.0206452 0.0479052 -0.0078229
internal_weight=0 168.245 113.253 40.5319 122.299 112.276 72.7215 47.7722 45.9463 40.963 37.6389 29.2839 24.9493 10.0229 11.679 10.1333 9.94391 6.82241 26.4699 20.5902 13.9803 9.11311 19.5683 7.48021 18.8144 98.2958 35.56 3.63432 2.37914 7.87421
internal_count=35406 28896 6510 3863 25073 24831 2647 2390 3823 3028 1188 1327 257 242 1701 1202 1580 163 3772 876 859 271 742 147 651 23972 815 198 108 1591
is_linear=0
shrinkage=0.05


Tree=29
num_leaves=31
num_cat=0
split_feature=23 3 9 10 24 3 19 6 25 14 38 39 38 39 24 24 39 2 15 3 1 14 10 41 13 14 15 1 13 34
split_gain=51.3769 32.4455 20.5834 13.952 12.0728 11.2468 10.9413 10.5307 9.4017 7.76044 10.7902 12.8494 7.8994 8.87085 6.09513 5.82073 5.54985 5.37831 4.96442 4.83366 5.41929 6.01382 5.85249 4.62811 4.54562 4.0213 4.49396 4.11215 3.94467 3.79019
threshold=1.0000000180025095e-35 1.0914268598658898 1.5000000000000002 2045.9500000000003 1.0000000180025095e-35 3.8853203711202711 0.77613425925925938 1.5000000000000002 2.5000000000000004 48739.685000000005 60.050000000000004 138.15000000000001 27.850000000000005 80.450000000000017 14.359907407407409 13.581765046296299 750.70000000000016 2.0846170265764843 3069.5000000000005 -2.0575984421710278 7.1612961025843083 31152.510000000006 3373.9450000000002 1.0000000180025095e-35 12.500000000000002 88573.819999999992 22630.000000000004 7.6998605221493763 25.500000000000004 1.0000000180025095e-35
decision_type=2 2 2 2 2 2 2 2 2 2 2 2 2 2 2 2 2 2 2 2 2 2 2 2 2 2 2 2 2 2
left_child=1 2 8 5 6 7 17 16 9 -1 11 12 -11 15 -13 -14 29 -2 -5 -4 21 22 -21 -6 -15 26 -16 -27 -17 -3
right_child=4 3 19 18 23 -7 -8 -9 -10 10 -12 14 13 24 25 28 -18 -19 -20 20 -22 -23 -24 -25 -26 27 -28 -29 -30 -31
leaf_value=-0.039465710037856788 0.0055765397475926147 -0.028978937758938929 -0.035838690082147691 0.06439701328001024 0.096419802297812968 0.039934405224140539 -0.032448174582187732 0.080338570546821877 0.058119829174379078 -0.03991148559267052 -0.044720704185289221 -0.022784858318631921 -0.023663711598835513 0.039229487994229102 0.1444861780345823 0.12124185733705706 0.04687568964394969 0.077386598696355002 -0.021075358471176808 -0.030145593365630708 -0.003856732202523386 0.07432283788293613 0.065085752871059208 0.049496839524294255 -0.035575325861210809 0.060482065511783249 -0.013731759708161734 -0.030891589736314673 -0.014521629761939351 0.0073639152196672128
leaf_weight=83.166025615530089 4.9890794127713907 27.029634815873578 2.2676654902752515 16.03974211472087 9.3733392120338994 16.680050494149327 6.9641827284358433 2.1675040251575401 2.1860429197549811 12.652994697913533 16.962843309855089 1.4275611243210722 0.81349981389939641 1.9548976183868942 1.7675020380411299 2.1593404528684919 2.4594825939275315 4.8753061327151954 1.4163381960242976 3.5035513287875819 7.167240511160343 7.7431621821597219 1.5189058347605167 22.231748953461647 5.8531177991535515 2.5728764059022073 0.34184726886451233 1.1252131373621521 0.40648670610971738 9.1723521589301509
leaf_count=19309 401 3326 131 317 51 110 1370 20 9 2633 3934 147 109 235 98 153 26 70 42 412 554 280 40 108 914 49 52 133 95 542
internal_value=0 -0.00801203 -0.0209906 0.0188469 0.04814 0.00658565 0.0128807 -0.00766747 -0.0283974 -0.0302676 -0.0138632 0.0038498 -0.0142143 0.0157395 0.0578715 0.0730034 -0.0145026 0.0449237 0.0566959 0.0228181 0.0308845 0.0492531 0.00467959 0.0659435 -0.0145189 0.0781327 0.122675 0.0320223 0.101693 -0.0198205
internal_weight=0 230.556 155.591 74.9651 48.4337 57.509 16.8286 40.829 133.39 131.204 48.0382 31.0753 23.8403 11.1873 7.235 3.37933 38.6615 9.86439 17.4561 22.2005 19.9329 12.7656 5.02246 31.6051 7.80802 5.80744 2.10935 3.69809 2.56583 36.202
internal_count=35670 33670 29287 4383 2000 4024 1841 3914 27870 27861 8552 4618 4139 1506 479 357 3894 471 359 1417 1286 732 452 159 1149 332 150 182 248 3868
is_linear=0
shrinkage=0.05


Tree=30
num_leaves=31
num_cat=0
split_feature=23 2 15 24 14 24 19 21 31 38 38 19 13 38 38 39 15 31 31 21 19 15 6 21 10 12 39 34 41 15
split_gain=49.378 40.4067 19.2071 13.9971 12.7657 11.518 10.8725 10.1381 8.74514 6.83006 8.81778 7.00453 6.48735 6.2351 5.37851 5.06265 4.69084 4.36535 4.35853 4.29796 6.15429 4.77796 3.95409 6.54143 3.81344 3.71219 6.26757 3.22362 3.04628 2.96093
threshold=1.0000000180025095e-35 3.084352139183872 863.50000000000011 1.0000000180025095e-35 31152.510000000006 7.0907233796296305 0.77613425925925938 4.464687500000001 6.5000000000000009 59.550000000000004 23.450000000000003 0.14366319444444448 31.500000000000004 67.65000000000002 178.65000000000001 114.25000000000001 33636.000000000007 1.5000000000000002 20.500000000000004 7.3876909722222228 8.2731655092592611 49557.000000000007 1.0000000180025095e-35 7.9654456018518527 13551.070000000002 85930.795000000027 103.65000000000002 1.0000000180025095e-35 1.0000000180025095e-35 13455.000000000002
decision_type=2 2 2 2 2 2 2 2 2 2 2 2 2 2 2 2 2 2 2 2 2 2 2 2 2 2 2 2 2 2
left_child=1 2 4 6 18 14 7 -2 17 10 25 22 13 15 -3 -6 29 -4 27 -19 -21 -22 23 -11 -10 26 -7 -1 -5 -12
right_child=3 5 8 28 12 9 -8 -9 24 11 16 -13 -14 -15 -16 -17 -18 19 -20 20 21 -23 -24 -25 -26 -27 -28 -29 -30 -31
leaf_value=-0.048100159700153897 -0.038258560141642389 -0.042510483527136544 -0.040184746567468732 0.087872716374140902 0.015604171593712976 -0.038378472229497473 -0.037826436654084056 0.064127448015158281 -0.038215538844760477 -0.041673643830149577 0.0610961041462511 -0.035645517436193257 -0.03506706388621865 -0.017072538001415422 0.035326847973353469 0.068193416443366503 0.016185379922878492 -0.035278107590581635 0.040953438005588538 0.084512474571525914 -0.032193792491213555 0.043410160354227151 0.055061940187922091 0.036304211827619302 0.030429367460569224 0.053994211109470593 0.049704932667595368 0.025050383020918512 0.048927125178523073 0.12746676306173416
leaf_weight=11.0889014811255 2.5317619082052287 7.3252103410195541 3.1887763659469774 10.994402220472695 8.568013350944975 5.0286838558968174 6.7299200932029626 8.1651188672985864 106.52610840997659 3.4887825311161595 12.394942424027251 4.8203858663327983 2.8945703804492942 4.0825081260409197 2.176411890424788 11.100117157679049 4.0582375212106845 2.0489241029135874 1.0783301771152753 2.734250780194996 3.5125716095790267 2.8977850242517889 6.5821913331747046 5.7392666153609753 1.3631043250206847 2.213647632393986 2.0617517486680299 1.0952302296645946 20.550147280097008 3.0093143885023883
leaf_count=1263 353 320 352 54 431 421 1377 132 27557 110 194 572 323 437 61 176 183 214 69 62 270 96 29 32 220 17 39 20 102 85
internal_value=0 -0.00961303 -0.0224685 0.0453978 0.00751032 0.0255691 0.00869496 0.0386954 -0.0322348 0.0351855 0.0505813 0.0123722 0.0271695 0.0358648 -0.0230151 0.0471474 0.0689702 0.00413672 -0.031122 0.019023 0.0334678 0.00322882 0.0282619 0.00563156 -0.0370768 0.00915471 -0.00978779 -0.0401234 0.064784 0.081042
internal_weight=0 221.078 162.179 48.9714 39.9077 58.8988 17.4268 10.6969 122.272 49.3972 28.7666 20.6306 26.6452 23.7506 9.50162 19.6681 19.4625 14.3823 13.2625 11.1935 9.14461 6.41036 15.8102 9.22805 107.889 9.30408 7.09044 12.1841 31.5445 15.4043
internal_count=35571 33553 31490 2018 2719 2063 1862 485 28771 1682 939 743 1367 1044 381 607 462 994 1352 642 428 366 171 142 27777 477 460 1283 156 279
is_linear=0
shrinkage=0.05


Tree=31
num_leaves=31
num_cat=0
split_feature=23 15 6 24 19 21 14 32 19 4 18 21 12 21 20 12 24 0 25 19 21 19 38 38 38 11 40 12 19 32
split_gain=42.6189 21.1437 18.9946 13.1474 8.9336 9.87124 9.05658 8.74533 7.09734 7.08407 6.92166 6.66194 6.56014 5.9615 6.84763 5.18846 5.16005 4.75856 4.07844 3.85294 5.56735 3.75577 3.65953 4.43064 3.32358 3.27511 3.12439 3.11142 2.92209 2.92001
threshold=1.0000000180025095e-35 1865.5000000000002 1.0000000180025095e-35 1.0000000180025095e-35 26.787494212962965 25.399270833333336 36916.140000000014 1.0000000180025095e-35 0.77613425925925938 1.0000000180025095e-35 1.0000000180025095e-35 2.8969155092592596 5506.9000000000005 0.16281250000000003 2.5000000000000004 4462.7750000000005 7.2735011574074084 1193.3950000000002 2.5000000000000004 15.839583333333335 7.1611284722222228 11.830086805555558 47.150000000000013 26.450000000000003 5.4500000000000011 1.5000000000000002 0.87150197252526873 5376.8750000000009 5.0985532407407419 1.0000000180025095e-35
decision_type=2 2 2 2 2 2 2 2 2 2 2 2 2 2 2 2 2 2 2 2 2 2 2 2 2 2 2 2 2 2
left_child=1 4 7 8 5 6 15 9 11 18 -4 -2 28 -11 25 -1 -17 26 -3 20 -9 -14 23 -18 -13 -15 -5 -22 -8 -12
right_child=3 2 10 17 -6 -7 12 19 -10 13 29 24 21 14 -16 16 22 -19 -20 -21 27 -23 -24 -25 -26 -27 -28 -29 -30 -31
leaf_value=-0.042797556986223818 -0.035586542554370847 -0.035514117714110949 -0.022274301053689965 0.056973521306851696 -0.042330467936062377 0.062504366074629114 0.021039928826191361 -0.02750055299349681 -0.03127427023665507 -0.037540674415581107 0.052247957081733555 -0.01753679733716235 0.024934435338453291 0.06524367847103113 -0.047372345487088401 -0.038627852116846571 -0.024125633881937506 0.09142229199344705 0.045943005800123518 -0.027130333353109794 0.067230556789745877 -0.02444843714501049 -0.013571929054667293 0.078196276637595152 0.062238166321258594 0.0051753743983984947 0.012434276456249654 0.0035241168041647447 0.093691408398956899 -0.0041283308788316042
leaf_weight=8.2372946550603974 2.1523284036666182 104.96049125539139 4.853137474739925 14.163055472075945 5.0064350061584255 10.96721653244458 2.9838083852082518 2.8849744424223882 6.5052495363634071 5.5093186511658159 12.11473598051816 1.1034542713314275 13.781365226721393 4.7114959382452053 1.9419277259148646 2.908168711466713 0.88219191948883224 9.6907482258975488 0.74273847043514152 4.0268397182226172 4.8216826166026294 4.3181412143167099 2.4297354931477457 3.3212017242331058 7.1527907978743315 4.0742837337311357 6.2282605767250052 3.0299182161688805 3.7653885756153613 2.6152504142373809
leaf_count=1181 347 27131 422 72 863 257 91 244 1340 154 93 19 741 74 43 338 115 51 3 360 123 514 206 58 128 78 30 87 166 19
internal_value=0 -0.00927948 -0.0188545 0.0428114 0.0161446 0.0222823 0.0107384 -0.0254567 0.00690111 -0.0298345 0.0262311 0.0314103 0.0297438 0.000880088 0.02213 -0.0159944 0.00901033 0.0621305 -0.0345165 0.0103009 0.0254553 0.0124896 0.0322207 0.0562119 0.0508335 0.0407633 0.0445868 0.0458219 0.0684323 0.0426124
internal_weight=0 214.888 156.287 46.9959 58.6009 53.5945 42.6273 136.704 16.9138 121.94 19.5831 10.4086 24.8487 16.237 10.7277 17.7786 9.5413 30.0821 105.703 14.7634 10.7366 18.0995 6.63313 4.20339 8.25625 8.78578 20.3913 7.8516 6.7492 14.73
internal_count=35348 33361 28831 1987 4530 3667 3410 28297 1834 27483 534 494 1512 349 195 1898 717 153 27134 814 454 1255 379 173 147 152 102 210 257 112
is_linear=0
shrinkage=0.05


Tree=32
num_leaves=31
num_cat=0
split_feature=19 21 5 33 2 33 14 1 41 1 19 25 38 10 2 14 38 40 14 31 21 23 14 1 38 14 11 1 14 1
split_gain=43.2862 25.639 31.9432 22.5289 14.3092 12.1604 11.786 10.6519 12.5396 9.22009 8.76686 8.68613 5.95748 5.84956 5.8378 5.77961 4.3899 4.08688 3.68751 3.54528 4.81833 3.60781 3.40507 3.18716 3.17169 3.0268 2.9613 6.88595 7.50216 5.77545
threshold=0.022517361111111116 0.93313657407407413 1.0000000180025095e-35 0.044466403162055343 6.5581742892416139 0.35388994307400384 28853.990000000002 7.6134706478666443 1.0000000180025095e-35 6.3902910012282828 25.851684027777782 1.5000000000000002 60.550000000000004 8873.6550000000007 0.083722745463578219 25376.185000000001 20.450000000000003 0.24551124161574397 27606.850000000002 13.500000000000002 30.170694444444447 1.0000000180025095e-35 11286.400000000003 5.589231692115626 51.550000000000004 124568.73000000003 4.5000000000000009 6.6019703338094615 44769.975000000006 6.3274634570831898
decision_type=2 2 2 2 2 2 2 2 2 2 2 2 2 2 2 2 2 2 2 2 2 2 2 2 2 2 2 2 2 2
left_child=1 2 13 4 11 6 23 8 9 -3 12 14 16 -1 -2 -11 -8 -6 -19 21 -21 -9 -7 -5 -13 -15 -16 28 -28 -30
right_child=3 7 -4 5 17 22 10 19 -10 15 -12 24 -14 25 26 -17 -18 18 -20 20 -22 -23 -24 -25 -26 -27 27 -29 29 -31
leaf_value=-0.038620102033175757 0.049332159340394928 -0.044884265503976215 0.055588815039278094 0.039545524137656225 -0.034299746649308176 0.033834458411963829 1.968954411741205e-05 0.019018542853900772 0.045071916541502055 -0.021214183704435882 -0.025480954210286066 0.05046926252669031 -0.010590176617090642 0.059460517728507668 -0.042870703778217924 0.053847149942735983 0.097508991995322286 0.072242314074076899 0.0094313607363044373 0.08921658711961776 0.0094992032479947804 0.069889100461869635 -0.036908958105861804 -0.036222861233753616 -0.027015749684526039 -0.026408900448316286 -0.014490662282396241 -0.035142390110592954 -0.016906559066380462 0.14745100468794692
leaf_weight=29.883079613326117 1.1253708894364525 8.0488309476058948 13.982559826225041 0.95362115558237448 1.5513454363681365 1.2730368280317614 1.2821733148302872 9.6944148640613985 27.444342793431133 3.559216086054219 1.9553964452352364 3.3813452664762726 1.5157533043529827 1.7289193989709013 72.302542041288689 5.4131062114611268 10.654333379352463 3.5432145032100362 5.5428811409510672 14.984098362969236 2.4405272053554645 5.6303314506076267 7.9548676777631044 4.5044511654414237 1.1518191471695898 0.91702786716632534 3.0958935345988747 14.502164153847842 0.50729570421390213 0.70947373053058982
leaf_count=5547 52 1560 70 93 31 151 143 162 184 379 329 169 303 54 19108 197 214 33 77 216 15 34 1164 787 208 65 748 3242 126 92
internal_value=0 0.0240671 -0.00522417 -0.0165412 -0.0272092 0.0211864 0.041726 0.0415523 0.024733 -0.0087421 0.0630498 -0.0332623 0.0767911 -0.0322428 -0.0366274 0.0249297 0.0878481 0.025986 0.0386592 0.0629792 0.0791728 0.0408447 -0.0247957 -0.0189112 0.029457 0.0306193 -0.0382131 -0.0190542 0.0314773 0.102212
internal_weight=0 123.726 46.5116 137.507 107.413 30.0936 20.8657 77.2149 44.4655 17.0212 15.4077 96.7759 13.4523 32.529 92.2427 8.97232 11.9365 10.6374 9.0861 32.7494 17.4246 15.3247 9.2279 5.45807 4.53316 2.64595 91.1174 18.8148 4.31266 1.21677
internal_count=35553 8483 5736 27070 23886 3184 1869 2747 2320 2136 989 23745 660 5666 23368 576 357 141 110 427 231 196 1315 880 377 119 23316 4208 966 218
is_linear=0
shrinkage=0.05


Tree=33
num_leaves=31
num_cat=0
split_feature=19 21 5 38 39 1 9 38 39 24 33 14 38 12 21 10 38 39 41 31 31 40 17 3 19 2 12 38 2 33
split_gain=35.3055 25.0555 22.5839 21.7771 30.0154 9.84957 12.1513 8.62812 10.1684 7.5206 6.98603 6.11815 5.69362 5.21118 5.18694 4.94935 4.74027 4.55631 4.57271 4.15792 3.80959 3.76222 3.63591 3.57092 3.30785 3.30151 3.25438 3.08652 3.05496 3.03928
threshold=0.022517361111111116 0.93313657407407413 1.0000000180025095e-35 60.050000000000004 130.35000000000005 7.6019818739552125 1.5000000000000002 29.350000000000005 77.450000000000017 14.263952546296297 0.042572463768115944 38697.435000000005 52.150000000000013 3994.9800000000005 37.545688657407418 8873.6550000000007 46.250000000000007 133.85000000000005 1.0000000180025095e-35 20.500000000000004 21.500000000000004 1.0378281805228762 6.5000000000000009 2.9259036246439343 30.101741898148152 19.571745490999184 3848.2600000000007 52.150000000000013 0.083722745463578219 0.45346320346320351
decision_type=2 2 2 2 2 2 2 2 2 2 2 2 2 2 2 2 2 2 2 2 2 2 2 2 2 2 2 2 2 2
left_child=1 2 15 4 7 6 12 25 9 -9 19 16 17 -11 -8 20 -6 18 -3 -10 -1 -22 -19 -5 27 28 -13 -15 -2 -12
right_child=3 5 -4 23 11 -7 14 8 10 13 29 26 -14 24 -16 -17 -18 22 -20 -21 21 -23 -24 -25 -26 -27 -28 -29 -30 -31
leaf_value=-0.040928577684976881 0.039797158849801124 -0.030577626185327413 0.04242087791930859 -0.044302012302551305 0.035119934336252288 0.06066990122515889 0.052077147408091141 -0.030382825322876214 -0.038818533219745474 0.0046144466964679704 0.044319323619078616 0.103795748004266 -0.043832369915345226 0.14220622576915407 -0.014540227657829308 0.030284007042564443 -0.036350486152623457 -0.011115133555237364 0.041722485930677428 0.033136162785302181 -0.026294628442234669 0.08187078253714028 0.080709344584431839 0.018479710596590058 -0.011979685103758929 0.040100264427163933 0.043706908141950378 0.0013381459104100475 -0.040825334188925685 -0.027840864640416119
leaf_weight=27.965461819432683 0.45921409735456364 6.1076031420379895 14.389817387796937 48.525129230227321 6.2995770671404916 30.200349706690758 22.91154770785943 1.4932739539071942 15.145766466623177 1.7195465434342621 4.9054616682697079 4.1742327499669036 6.1423868881538501 2.254622452193872 2.8945563039742401 2.290217562345787 2.4692074381746352 1.2848870658781373 2.1886109905317426 1.5209823253098864 0.99380895774811395 0.48584636929444969 2.2666006830986589 1.8525822046212841 0.31323743844404806 0.61475026607513328 9.3872228474356216 0.46333887334913004 31.185706003569067 1.1840368576813487
leaf_count=5497 14 869 74 12924 651 410 171 321 3167 291 297 167 1104 177 17 109 510 56 27 162 126 20 51 24 81 4 617 9 7396 143
internal_value=0 0.0211244 -0.00771995 -0.0160605 -0.000310985 0.0389674 0.0229819 -0.0184327 0.0014517 0.0532646 -0.0144088 0.0480625 -0.00837891 0.0802683 0.0443413 -0.0310568 0.0133336 0.0119828 -0.00906787 -0.0307481 -0.0366658 0.0279155 0.0523452 -0.0416785 0.111395 -0.0358142 0.0680603 0.125011 -0.0384721 0.0283406
internal_weight=0 120.122 46.1252 133.968 83.5902 73.9965 43.7962 61.2599 29.0003 6.24402 22.7562 22.3302 17.9901 4.75075 25.8061 31.7353 8.76878 11.8477 8.29621 16.6667 29.4451 1.47966 3.55149 50.3777 3.0312 32.2597 13.5615 2.71796 31.6449 6.0895
internal_count=35486 8531 5826 26955 14007 2705 2295 12062 4648 879 3769 1945 2107 558 188 5752 1161 1003 896 3329 5643 146 107 12948 267 7414 784 186 7410 440
is_linear=0
shrinkage=0.05


Tree=34
num_leaves=31
num_cat=0
split_feature=15 3 25 39 32 18 2 4 38 38 14 17 13 24 38 5 21 17 3 24 15 38 10 1 14 10 6 1 39 14
split_gain=34.5462 34.9356 15.3074 9.08054 8.3932 7.81202 11.3475 10.3427 7.58347 7.12461 5.85313 5.35825 5.13763 4.84323 4.39686 4.31649 7.3551 3.97713 4.51189 3.96006 3.52409 3.99923 4.80411 3.49626 3.46642 3.46047 3.307 3.04247 2.71463 2.38906
threshold=585.50000000000011 1.1417892422569338 1.5000000000000002 750.70000000000016 1.0000000180025095e-35 1.0000000180025095e-35 19.571745490999184 1.0000000180025095e-35 55.45000000000001 1.0000000180025095e-35 18663.425000000003 3.5000000000000004 33.500000000000007 0.0071527777777777787 55.850000000000001 1.0000000180025095e-35 0.16281250000000003 8.5000000000000018 2.1378119330449716 1.0000000180025095e-35 178.50000000000003 10.250000000000002 3512.3300000000004 4.5131645341819207 6931.2350000000006 10490.460000000001 1.0000000180025095e-35 8.7162727096366197 91.550000000000011 71447.255000000019
decision_type=2 2 2 2 2 2 2 2 2 2 2 2 2 2 2 2 2 2 2 2 2 2 2 2 2 2 2 2 2 2
left_child=8 2 4 5 23 6 17 24 9 -1 -4 -11 20 19 28 16 -9 -3 -19 -10 21 -13 -23 -2 -7 26 -15 29 -12 -6
right_child=1 3 10 -5 27 7 -8 15 13 11 14 12 -14 25 -16 -17 -18 18 -20 -21 -22 22 -24 -25 -26 -27 -28 -29 -30 -31
leaf_value=-0.034897510734691599 0.015737299856164708 -0.036047801888566912 -0.0332469717496044 0.074554784782292327 -0.0063961862005029848 -0.021175947717740031 0.070726902369051048 -0.046375799566077416 -0.02403142510645816 -0.032269347463465686 0.0064082868927021752 0.046242485578071924 -0.034598400951562198 -0.041787442216494525 -0.021394476531755503 0.028720212120283313 0.023073854863474151 -0.023016533356192737 0.047407833434673113 0.077651234566372809 0.067642883354314176 -0.038508154421190634 0.038669473898356482 -0.036219472310889352 0.069153432666843637 0.024365428324063538 0.03633032424972895 -0.036701506015756225 0.10445266019804872 0.037016977653221504
leaf_weight=2.2415390051901332 2.8235649401321998 14.401254466967663 1.17587385396473 5.8349518319591871 5.305232535582034 0.71496846410445769 2.9133018478751174 6.3859434442128986 0.84232057607732658 1.514533029636367 1.0181528357788918 23.977217767853293 1.1775280768051732 7.4718840180430544 0.74188081035390485 12.177944988012314 6.9805428688414395 4.3749984120950094 2.9751743620727211 2.0152090608607978 19.520219964906573 2.9649629730265579 3.1033123282250017 94.178713059518486 11.782931481488047 3.1939392995554945 0.81821203394792963 2.2497928871307513 3.1061472129076719 6.0352502283640206
leaf_count=397 239 2165 163 43 491 99 14 172 81 72 77 140 83 1004 172 58 57 892 96 22 312 302 79 27591 368 98 6 292 63 93
internal_value=0 -0.00854263 -0.0251126 0.0196093 -0.0294494 0.0134065 -0.00832524 0.0273486 0.0326962 0.0410715 0.047177 0.0449242 0.0478073 0.000266343 0.0689655 0.00829124 -0.0110248 -0.0215565 0.0077532 0.0492183 0.0504105 0.0373967 0.000847381 -0.034562 0.0628 -0.014881 -0.0309967 0.00691022 0.0862227 0.0178351
internal_weight=0 185.177 116.635 68.542 110.593 62.7071 24.6647 38.0423 68.8409 54.4993 6.04205 52.2578 50.7432 14.3416 4.86618 25.5444 13.3665 21.7514 7.35017 2.85753 49.5657 30.0455 6.06828 97.0023 12.4979 11.484 8.2901 13.5903 4.1243 11.3405
internal_count=35741 33145 29181 3964 28706 3921 3167 754 2596 1385 475 988 916 1211 312 287 229 3153 988 103 833 521 381 27830 467 1108 1010 876 140 584
is_linear=0
shrinkage=0.05


Tree=35
num_leaves=31
num_cat=0
split_feature=19 21 33 5 38 33 2 39 10 19 1 38 25 14 20 24 12 32 12 24 15 15 15 19 24 14 19 13 12 35
split_gain=35.944 25.2331 21.7814 17.2329 13.2586 12.2981 9.37534 9.28334 6.81856 6.76069 6.38662 13.0335 5.46262 4.85491 4.22407 4.21265 3.82577 3.51568 3.42011 3.39832 3.224 3.08242 6.47974 4.20115 4.81895 3.02905 2.79511 2.7503 2.28319 2.14387
threshold=0.022517361111111116 3.305439814814815 0.037749287749287756 1.0000000180025095e-35 60.050000000000004 0.41277890466531447 6.5581742892416139 62.050000000000004 3437.7200000000007 26.787494212962965 6.447496018284717 10.250000000000002 2.5000000000000004 22583.27 2.5000000000000004 10.271799768518521 14132.155000000002 1.0000000180025095e-35 1198.8500000000001 18.03104166666667 13187.500000000002 471.50000000000006 291.50000000000006 7.2829745370370373 13.581765046296299 51769.120000000003 39.976412037037043 16.500000000000004 5937.0350000000008 1.0000000180025095e-35
decision_type=2 2 2 2 2 2 2 2 2 2 2 2 2 2 2 2 2 2 2 2 2 2 2 2 2 2 2 2 2 2
left_child=1 3 6 8 5 7 12 -4 -1 13 11 25 17 -9 -12 -15 -10 21 -16 -8 -5 22 -2 24 -24 -3 29 -19 -28 -23
right_child=2 10 4 20 -6 -7 19 9 16 -11 14 -13 -14 15 18 -17 -18 27 -20 -21 -22 26 23 -25 -26 -27 28 -29 -30 -31
leaf_value=-0.036164789255410723 -0.033222588731687284 0.050769046423118004 -0.026185589037948809 0.051676426725338669 -0.037899060817373598 -0.03348399653297416 -0.016870560691182066 -0.0039715737703495775 0.044889645941673904 -0.02783832434346899 0.06374467112706543 -0.03739097378552271 0.046505823991751384 -0.014993669299068086 -0.031732454619106974 0.091645493158920746 -0.022728409751759587 0.035575064090522669 0.035119398613671936 0.039976069508564124 0.00033633524731887447 -0.044479254639636263 -0.015727538845299378 -0.0099761557636886423 0.14217524291631628 0.011358687248135765 -0.02232028035610642 -0.033707009504311963 0.067620930459271797 0.03445898244729706
leaf_weight=28.200125723378733 7.8512077000923437 15.78309330088087 2.6027709881309518 10.195790289901195 7.065197375137358 4.3692683286499223 3.7527195652946812 1.6052659351844365 3.9571523452177635 1.2298680457752187 27.538592658936977 6.437059724237769 1.2109296619892109 0.71548719145357509 1.55597510235384 12.707453367067499 2.8013861416839063 2.4448507716879244 8.684790830826385 5.3127927547320724 4.2250221949070683 68.965955595020205 0.4508901757653806 1.4236521681305019 0.47943516820669174 7.8632650345098218 0.80154503253288456 1.4837464662268756 0.27482959651388228 0.18309949478134413
leaf_count=5806 1236 246 409 51 1627 585 60 163 141 232 478 1187 6 75 65 269 188 72 162 68 22 21383 59 187 10 108 263 48 82 42
internal_value=0 0.0204096 -0.017977 -0.00674035 0.0184786 0.0364817 -0.0297186 0.0535597 -0.0255819 0.0671038 0.039976 0.0217047 -0.0348196 0.0761257 0.0535904 0.0853158 0.0175452 -0.0365181 0.0230426 0.0171059 0.037632 -0.0387568 -0.0116659 0.0487008 0.0971443 0.0386563 -0.0424746 0.00787874 0.0221512 -0.043782
internal_weight=0 117.242 124.931 49.3795 30.2953 23.2301 94.6357 18.8608 34.9587 16.2581 67.8628 30.0834 85.5701 15.0282 37.7794 13.4229 6.75854 84.3592 10.2408 9.06551 14.4208 80.4306 10.2052 2.35398 0.930325 23.6464 70.2254 3.9286 1.07637 69.1491
internal_count=35330 8454 26876 6208 3360 1733 23516 1148 6135 739 2246 1541 23388 507 705 344 329 23382 227 128 73 23262 1492 256 69 354 21770 120 345 21425
is_linear=0
shrinkage=0.05


Tree=36
num_leaves=31
num_cat=0
split_feature=23 3 24 14 38 39 10 10 34 39 18 39 19 24 21 3 10 3 38 3 15 15 13 40 24 13 21 24 21 0
split_gain=29.7198 26.2261 11.4419 9.79701 12.7887 13.2903 8.82356 8.19244 7.8851 7.49569 7.26998 5.79029 5.36141 7.6107 5.28685 4.8893 5.50083 5.09591 5.54917 4.64849 3.93767 4.26462 4.15025 3.87774 5.17111 4.3239 3.70676 3.5506 3.52679 3.30647
threshold=1.0000000180025095e-35 1.1417892422569338 1.0000000180025095e-35 44769.975000000006 60.050000000000004 166.95000000000002 7061.4400000000014 2045.9500000000003 1.0000000180025095e-35 49.250000000000007 1.0000000180025095e-35 268.95000000000005 20.769866898148152 11.890011574074077 37.545688657407418 -2.0575984421710278 3165.2600000000002 0.28150368264292797 27.850000000000005 3.8853203711202711 42124.500000000007 291.50000000000006 31.500000000000004 0.6435842022515007 8.1068865740740765 10.500000000000002 7.0764236111111121 1.1787557870370373 2.8969155092592596 5296.3250000000016
decision_type=2 2 2 2 2 2 2 2 2 2 2 2 2 2 2 2 2 2 2 2 2 2 2 2 2 2 2 2 2 2
left_child=1 3 10 6 5 9 -1 8 11 -5 -2 19 13 -11 -4 -15 17 18 -17 -3 21 -20 26 25 -25 -10 -23 -9 -12 -7
right_child=2 7 14 4 -6 29 -8 27 23 12 28 -13 -14 15 -16 16 -18 -19 20 -21 -22 22 -24 24 -26 -27 -28 -29 -30 -31
leaf_value=-0.036504159917028593 -0.036891902882049889 -0.030921607480273589 0.063949319938422761 -0.04429626990192765 -0.03922844203898633 0.083179321927516425 0.056062932000303912 -0.01910172588815659 -0.040443814978278543 -0.024909028437653653 -0.030336710411864809 0.026893617908075537 -0.027971852831373569 -0.015750961640746377 0.00073589348665208934 0.026623073476630191 -0.022223631769882506 0.0095026115108750395 -0.0098070699229205124 0.019702802983573076 0.035926328587149774 -0.0063944198201051072 -0.0078299325420699683 -0.023491528057510595 0.075191036799945987 0.02829580994234096 0.21499870738652938 0.052493235386808272 0.041342931640849671 -0.010931652745670163
leaf_weight=69.873645717278123 6.0944818563293639 19.328724791062999 24.257183443289254 7.2714018817059722 17.780088473577052 5.6058643863070747 1.8101779278367747 1.4264720701612557 2.1735220083501208 5.077230940340093 1.3571963694412259 7.9294867608696213 5.8469515575561664 2.4570282846689286 3.8330589532852164 2.8991774902678937 1.4446069777477522 2.8680623639374971 0.21179571514949236 5.0878785029053679 1.6100353139918295 0.14396223356015969 0.18486587516963471 1.1395715447142709 6.0591573822312057 7.4747227795887738 1.3813250735402105 15.815257034031672 7.9184484947472811 0.83640685235150147
leaf_count=19433 1469 2642 139 2033 4655 186 79 28 102 746 218 344 1220 129 21 198 137 311 13 53 124 30 55 51 167 222 141 282 142 76
internal_value=0 -0.00810002 0.0372065 -0.0213338 -0.00543194 0.0110499 -0.0334275 0.017199 0.00644454 -0.00309394 0.00216714 -0.00805199 0.0105934 0.023741 0.0556453 0.0428889 0.0564987 0.0696984 0.0916522 -0.0200125 0.127378 0.165474 0.18279 0.0331694 0.0586095 0.0104665 0.199845 0.0458475 0.0289233 0.0711337
internal_weight=0 193.737 43.4604 127.303 55.6188 37.8387 71.6838 66.4348 49.1931 31.3964 15.3701 32.3461 24.125 18.2781 28.0902 13.2009 10.7438 9.29922 6.43116 24.4166 3.53198 1.92195 1.71015 16.847 7.19873 9.64824 1.52529 17.2417 9.27564 6.44227
internal_count=35446 33457 1989 29566 10054 5399 19512 3891 3581 5137 1829 3039 3104 1884 160 1138 1009 872 561 2695 363 239 226 542 218 324 171 310 360 262
is_linear=0
shrinkage=0.05


Tree=37
num_leaves=31
num_cat=0
split_feature=23 3 15 14 24 15 0 2 2 19 38 24 38 0 15 0 19 2 32 0 13 40 27 20 10 14 25 33 2 24
split_gain=30.4329 20.5799 15.8905 11.4654 9.14977 9.00488 6.56263 6.32483 6.0057 5.91743 5.72605 9.47888 7.80678 7.51194 6.90937 5.874 5.55376 5.07168 4.50827 4.50124 4.05949 3.63247 3.60484 3.55159 3.22564 3.22288 3.21853 3.09051 3.70583 2.96164
threshold=1.0000000180025095e-35 1.0449964213733609 1704.5000000000002 35705.975000000013 1.0000000180025095e-35 33636.000000000007 8134.7800000000007 19.571745490999184 2.0846170265764843 26.384340277777785 59.550000000000004 7.0907233796296305 14.750000000000002 24211.650000000005 13187.500000000002 4815.7700000000013 23.611400462962965 0.93870009964806023 1.0000000180025095e-35 90.210000000000022 31.500000000000004 2.2050716704417925 1.0000000180025095e-35 1.5000000000000002 4699.8100000000004 113916.87500000001 2.5000000000000004 0.070197044334975381 0.14375361867551273 27.252193287037041
decision_type=2 2 2 2 2 2 2 2 2 2 2 2 2 2 2 2 2 2 2 2 2 2 2 2 2 2 2 2 2 2
left_child=1 2 3 22 8 9 16 21 19 10 11 25 -13 14 -14 -12 17 27 26 -2 -19 -7 24 -10 -1 -3 -4 28 -5 -15
right_child=4 5 18 6 -6 7 -8 -9 23 -11 15 12 13 29 -16 -17 -18 20 -20 -21 -22 -23 -24 -25 -26 -27 -28 -29 -30 -31
leaf_value=-0.042181329612889583 0.034218758707308443 -0.041365833871085785 -0.03611733929992212 0.038801079872198663 0.057267080453267963 -0.036242035190122202 -0.037761452497126965 0.031910355658363497 -0.0037899373074876475 -0.036755695701861206 -0.040892371045780161 -0.010883707284623526 0.058568040198694708 -0.014271408259332687 0.14679469705704085 0.023077994590656053 -0.024798149471843015 0.099123691791759769 0.0010589026359045428 -0.038058636346158747 -0.017695545615391699 0.039257699818096785 0.053547124913739863 0.070051777904300158 0.021292399504878278 0.033745301185739894 0.03778733081774853 0.063591717710450385 -0.015191675937425285 0.047999396577678113
leaf_weight=11.750912357354531 2.1453133872710151 3.2341490969993201 72.92428116989322 5.2818032966461121 26.924214324913919 13.567872112616897 2.5276282946579149 4.9472404364496461 2.4353383427951476 2.6177498470060518 3.6687612854875651 3.2798198165837702 10.528818984283136 3.1068865978159002 3.3485007076524189 14.865192967467008 2.5438581712078294 4.5143481567502013 9.8117974060587567 6.4603486929554492 0.54336459981277574 0.96564249228686172 0.4186605089344092 3.382474873913452 1.7405921181198216 1.2668048630002884 0.73273347318172355 3.3233053630683562 5.6222150011453778 2.8346444410271943
leaf_count=1956 23 293 24158 109 157 1815 288 39 174 554 596 386 333 44 140 419 399 243 753 1551 132 42 24 120 93 23 3 60 564 17
internal_value=0 -0.00631151 -0.0185789 0.0079644 0.040541 0.0155274 0.0282478 -0.0127449 0.00762983 0.0268539 0.0311666 0.0452374 0.0577802 0.0691204 0.0882926 0.00897003 0.0372105 0.0462093 -0.030698 -0.018354 0.0857241 -0.0290213 -0.0270642 0.0431195 -0.0330881 -0.0179342 -0.0348858 0.0274549 0.0120244 0.0180723
internal_weight=0 189.968 121.735 38.2667 41.3477 68.2321 24.3565 19.4808 14.4235 48.7513 46.1336 27.5996 23.0987 19.8189 13.8773 18.534 21.8289 19.285 83.4688 8.60566 5.05771 14.5335 13.9102 5.81781 13.4915 4.50095 73.657 14.2273 10.904 5.94153
internal_count=35508 33483 28782 3868 2025 4701 1795 1896 1868 2805 2251 1236 920 534 473 1015 1507 1108 24914 1574 375 1857 2073 294 2049 316 24161 733 673 61
is_linear=0
shrinkage=0.05


Tree=38
num_leaves=31
num_cat=0
split_feature=19 33 40 3 33 14 31 19 10 23 12 31 39 6 6 0 39 19 40 3 24 14 41 3 0 3 0 3 14 19
split_gain=23.7729 16.8947 11.6695 8.23393 7.90631 8.66914 6.1186 5.02609 5.02178 4.81324 7.36986 5.97395 4.73395 4.70418 4.64467 5.2448 4.23017 3.86242 3.80352 3.55244 3.5161 3.35195 3.70652 3.64334 3.16034 3.53634 2.97511 2.93292 2.68014 2.62801
threshold=0.073726851851851863 0.037749287749287756 0.022730671873701674 2.1378119330449716 0.44590643274853808 28853.990000000002 6.5000000000000009 26.787494212962965 17459.105000000003 1.0000000180025095e-35 6831.8700000000017 20.500000000000004 166.05000000000004 1.5000000000000002 2.5000000000000004 8134.7800000000007 64.550000000000011 10.818576388888891 0.24551124161574397 -1.9014711169230551 14.263952546296297 128668.45000000003 1.0000000180025095e-35 3.8853203711202711 49283.490000000013 1.1417892422569338 72.14500000000001 -0.38282985325369284 90317.294999999998 39.976412037037043
decision_type=2 2 2 2 2 2 2 2 2 2 2 2 2 2 2 2 2 2 2 2 2 2 2 2 2 2 2 2 2 2
left_child=2 3 13 6 5 -3 17 16 26 10 11 21 14 -1 15 19 -7 -2 -5 -12 -18 22 23 -4 25 -14 -8 -13 -10 -28
right_child=1 4 9 18 -6 7 8 -9 28 -11 12 27 24 -15 -16 -17 20 -19 -20 -21 -22 -23 -24 -25 -26 -27 29 -29 -30 -31
leaf_value=-0.037327408506846203 0.041282324143636084 -0.020320784401918379 -0.030128340993622656 -0.036239936524816219 -0.030814034475826577 -0.010876684182058831 0.029564599963834821 -0.020898854821265734 0.075839816475691019 0.039291413789669369 -0.024721299968494228 -0.019486917016571861 0.024427957465681042 0.031798254801195795 0.06745949473768216 -0.032926777130466836 0.011193103859207507 -0.024430170577782517 0.030258026201092265 0.039911582206734304 0.076975540193211192 0.040642221939085219 0.025559411238253855 0.014367220603655957 -0.0085880493226446249 0.081238748886691123 -0.039830477879095126 0.075979596960371668 -0.020335710655474334 0.024126944075889025
leaf_weight=11.526283611310644 3.8537009044084689 5.7224753301125082 19.539961781352769 1.8916033334098745 5.816706621553748 1.795465931296351 0.94911216548643906 1.8961601923219848 0.70772618940099963 31.094828314613551 2.1306444071233255 0.59946532291360233 5.8453455888666177 2.2497122148051849 2.2206793641671529 5.7844239803962401 2.897560055833309 3.2483822868671268 8.2218421911820752 7.0016046711243725 11.070693637011571 2.2540972400456658 4.3735320470295838 5.2715283147990695 1.6641505104489631 7.3821671935729682 69.043735317885876 2.3984371973201624 0.67750720935873687 1.0215115644969035
leaf_count=2845 89 1073 3320 82 1027 177 49 382 20 445 223 100 465 22 14 169 264 148 223 460 451 73 106 45 17 75 22489 115 145 357
internal_value=0 -0.0148736 0.0171436 -0.0255725 0.0177219 0.0305646 -0.0309496 0.0472587 -0.0352601 0.0232353 0.0152528 -0.000905529 0.0321273 -0.0246507 0.013003 0.00116695 0.0562148 0.0119208 0.0156786 0.0238805 0.0649891 -0.00798827 -0.0129662 -0.0204843 0.0519326 0.0596151 -0.0372631 0.0567906 0.0399962 -0.0385716
internal_weight=0 118.814 111.337 89.6151 29.1991 23.3824 79.5017 17.6599 72.3996 97.5609 66.466 34.437 32.029 13.776 17.1374 14.9167 15.7637 7.10208 10.1134 9.13225 13.9683 31.4391 29.185 24.8115 14.8917 13.2275 71.0144 2.9979 1.38523 70.0652
internal_count=35470 26976 8494 23602 3374 2347 23297 1274 23060 5627 5182 3759 1423 2867 866 852 892 237 305 683 715 3544 3471 3365 557 540 22895 215 165 22846
is_linear=0
shrinkage=0.05


Tree=39
num_leaves=31
num_cat=0
split_feature=19 21 5 25 3 31 38 2 10 38 4 31 33 12 0 17 10 10 19 10 2 2 3 40 3 14 40 38 38 24
split_gain=23.1109 18.3597 18.8772 17.9602 11.766 11.2481 7.16135 4.53763 6.5072 6.42545 5.45376 4.35496 4.23735 4.11335 4.09276 4.01799 3.84211 3.75825 3.62867 3.95743 3.49961 3.46881 5.19626 3.36975 3.50322 3.29671 2.80054 2.6773 2.64152 2.5944
threshold=0.87139467592592601 0.57484953703703712 1.0000000180025095e-35 1.5000000000000002 1.8760992090899908 6.5000000000000009 56.850000000000001 1.853229069218264 59.405000000000008 42.050000000000004 1.0000000180025095e-35 21.500000000000004 0.40270270270270275 3590.1200000000003 11108.180000000002 15.500000000000002 17459.105000000003 5477.8900000000003 1.0000000180025095e-35 432.97000000000008 0.047275868706526288 0.61501754186286106 0.68885744867996201 0.56843557388285393 0.17173291048382275 96434.135000000024 0.059468712439535734 55.850000000000001 43.550000000000004 8.5273842592592608
decision_type=2 2 2 2 2 2 2 2 2 2 2 2 2 2 2 2 2 2 2 2 2 2 2 2 2 2 2 2 2 2
left_child=1 2 11 4 5 12 29 8 9 13 17 -1 21 -3 -12 16 20 -9 19 -10 -7 -2 -23 24 28 -18 -15 -5 -17 -6
right_child=3 7 -4 27 6 15 -8 10 18 -11 14 -13 -14 26 -16 23 25 -19 -20 -21 -22 22 -24 -25 -26 -27 -28 -29 -30 -31
leaf_value=-0.035751290517578305 0.054894927052429147 -0.017094132333617059 0.040348170233668601 0.056213425992329286 -0.011530560257170809 0.036494644439852529 -0.032045262237555418 0.084043775817874602 0.046052127106839494 -0.044013365239642555 -0.018891289817000653 0.032105161849518921 -0.031384292447139632 -0.013315991881232517 0.039573586179220556 -0.010636995668314813 0.078703538654848706 0.023628640955642266 0.078021345539121309 0.0060501959995503639 -0.040241812363353835 -0.034217935659261699 0.03794486118407811 -0.02791264290726507 -0.01862148759971163 -0.02409558990223945 0.066483181303098882 -0.012324756428617524 0.12761628138140743 0.055060586910192881
leaf_weight=26.654433473944668 4.4966560937464255 3.4430558430030924 12.849615366198121 8.7321722065098566 1.3809555564075688 0.78332395129836996 3.4384593330323687 10.85256129875779 11.995108898496261 5.3741635633632532 3.6620275396853694 1.8206006982363749 3.6362378448247901 1.0679294869769362 8.4581576157361251 0.26912839780561559 0.49558682227507123 4.5748426385689536 3.62767001800239 12.46044038585387 68.56887450395152 3.8912949722725898 4.0972326139453799 1.253149216994643 0.5872843770775944 0.91171880648471415 3.4897111381869763 1.2947308416478325 0.40376933198422194 7.913460381096229
leaf_count=5896 83 437 68 231 79 25 310 233 124 1260 35 155 556 158 51 90 14 39 87 426 23344 209 96 419 186 170 211 235 92 258
internal_value=0 0.0182355 -0.00801706 -0.0138527 -0.0202302 -0.026632 0.0233815 0.033847 0.0225023 -0.005951 0.0495342 -0.0304707 0.0106462 0.0216654 0.0218154 -0.0348668 -0.037108 0.0686572 0.035792 0.0267089 -0.0388687 0.0243068 0.00289745 0.0208335 0.0602104 0.0297611 0.0487534 0.0470483 0.0990163 0.0450076
internal_weight=0 110.33 41.3246 112.154 102.127 89.3943 12.7329 69.0057 41.4581 13.3749 27.5476 28.475 16.1214 8.0007 12.1202 73.2728 70.7595 15.4274 28.0832 24.4555 69.3522 12.4852 7.98853 2.51333 1.26018 1.40731 4.55764 10.0269 0.672898 9.29442
internal_count=35577 9180 6119 26397 25931 25284 647 3061 2703 2066 358 6051 944 806 86 24340 23553 272 637 550 23369 388 305 787 368 184 369 466 182 337
is_linear=0
shrinkage=0.05


Tree=40
num_leaves=31
num_cat=0
split_feature=23 2 15 24 24 31 14 13 34 13 21 33 0 2 31 21 0 19 2 21 0 21 15 12 33 21 31 40 39 31
split_gain=22.4272 21.4345 14.1229 10.1867 7.12585 6.94805 6.66885 6.28407 5.58562 5.15334 4.335 4.31858 4.23646 5.13765 3.97727 4.96174 3.85053 4.43936 4.77337 3.78512 3.57625 3.54638 4.18768 4.08787 3.3661 3.27212 3.19202 3.09287 3.06104 3.04403
threshold=1.0000000180025095e-35 3.084352139183872 1704.5000000000002 0.4439583333333334 8.0357291666666679 6.5000000000000009 31152.510000000006 22.500000000000004 1.0000000180025095e-35 33.500000000000007 8.6500405092592612 0.17752100840336138 1543.1050000000002 0.93870009964806023 20.500000000000004 33.844265046296307 3652.2100000000005 9.8381597222222243 19.571745490999184 15.838362268518521 18912.450000000001 1.0000000180025095e-35 10440.500000000002 46609.540000000008 0.042572463768115944 37.545688657407418 11.500000000000002 0.79433473717012593 266.35000000000008 20.500000000000004
decision_type=2 2 2 2 2 2 2 2 2 2 2 2 2 2 2 2 2 2 2 2 2 2 2 2 2 2 2 2 2 2
left_child=1 2 6 8 10 11 14 16 -2 12 -3 24 13 19 15 -1 -6 21 -19 27 29 22 23 -18 -4 -10 -15 -8 -24 -7
right_child=3 4 5 -5 7 20 9 -9 25 -11 -12 -13 -14 26 -16 -17 17 18 -20 -21 -22 -23 28 -25 -26 -27 -28 -29 -30 -31
leaf_value=-0.043813761950646277 0.00076627574228170417 -0.032303342028260719 0.0028148941531674762 0.087371782367003936 0.077455330789906976 -0.038087454050179888 0.022025385412747608 -0.012097385891143016 0.048606481944489438 -0.039350015035286345 0.042773330015937916 -0.031253021606493792 0.0039169103213996448 0.010955239686658342 0.040277995484463806 0.036347920731819854 -0.012921366051209743 -0.030669766829797884 0.050180413842114184 0.045880965164335666 0.023516758224481946 0.056184335694028913 -0.022329682318930424 0.065211331949250773 0.064105544350118546 -0.01612152893171722 0.13823720291468305 -0.050723598472635245 0.043437548456409736 0.0017616162209976778
leaf_weight=9.8936477592214924 15.588920430047436 8.0009591232519579 6.5727012716233713 6.9052408384159198 4.4435898205265394 67.165279303910211 2.5535284271463814 7.4306632571388027 15.505906573031099 2.2562506871763608 1.5245799664407957 4.3853138827253124 10.681347234174607 0.87694889912381713 1.4414754041936237 1.5523572405800212 1.9267151311505601 4.9792290772311381 1.6404809877276418 8.3432295517995936 2.0218763707671306 13.008803319884462 6.2235130369663239 4.9444777094759047 2.4775500372052193 1.7314506797119964 1.1768313462380318 1.5251750149764118 1.3602186464704571 5.0619921947363755
leaf_count=1733 1640 380 265 46 294 24562 145 411 311 449 41 634 977 24 102 177 62 555 9 313 435 161 135 28 37 22 52 98 12 1550
internal_value=0 -0.00511014 -0.0163335 0.0358854 0.02061 -0.0274969 0.00803326 0.0286831 0.0227921 0.021749 -0.017365 0.00526057 0.0285236 0.0452541 -0.0206071 -0.030895 0.0366555 0.0292801 -0.00667757 0.0282268 -0.0334156 0.0378773 0.0188324 0.0444444 0.0243025 0.0415772 0.105273 -0.00980922 -0.00684745 -0.0353087
internal_weight=0 183.469 127.986 39.7315 55.4832 87.6847 40.3008 45.9577 32.8263 27.4133 9.52554 13.4356 25.1571 14.4757 12.8875 11.446 38.527 34.0834 6.61971 12.4219 74.2491 27.4637 14.4549 6.87119 9.05025 17.2374 2.05378 4.0787 7.58373 72.2273
internal_count=35660 33641 31553 2019 2088 27483 4070 1667 1973 2058 421 936 1609 632 2012 1910 1256 962 564 556 26547 398 237 90 302 333 76 243 147 26112
is_linear=0
shrinkage=0.05


Tree=41
num_leaves=31
num_cat=0
split_feature=19 21 3 25 15 19 33 15 21 5 13 0 10 38 39 15 3 0 41 10 31 21 21 25 31 3 31 39 0 39
split_gain=23.8543 27.1509 14.6927 13.9997 9.67451 8.58264 6.67203 6.51207 5.98701 6.54549 5.72481 6.11855 5.80133 5.53978 5.46133 5.05183 4.60529 4.19207 3.89163 3.54196 3.51376 3.32957 3.31342 3.22056 3.02272 2.96302 2.94937 2.92569 3.85785 2.89455
threshold=21.563715277777781 17.435480324074078 1.0449964213733609 1.5000000000000002 354.50000000000006 0.073726851851851863 0.044466403162055343 291.50000000000006 4.9303182870370383 1.0000000180025095e-35 14.500000000000002 2024.2950000000003 153.63500000000002 59.550000000000004 111.35000000000001 585.50000000000011 3.8853203711202711 90.210000000000022 1.0000000180025095e-35 4289.7100000000009 6.5000000000000009 20.252754629629631 7.1611284722222228 1.5000000000000002 7.5000000000000009 2.4886287789189101 6.5000000000000009 148.35000000000005 90.210000000000022 127.65000000000002
decision_type=2 2 2 2 2 2 2 2 2 2 2 2 2 2 2 2 2 2 2 2 2 2 2 2 2 2 2 2 2 2
left_child=1 2 3 4 7 8 10 18 9 13 11 12 27 14 19 -7 -17 -12 -1 -4 -19 -13 -5 25 -6 -2 -8 28 -3 -10
right_child=23 6 5 22 24 15 26 -9 29 -11 17 21 -14 -15 -16 16 -18 20 -20 -21 -22 -23 -24 -25 -26 -27 -28 -29 -30 -31
leaf_value=-0.025651479965814173 -0.041354461344782822 0.051037195369087678 -0.039985872973857188 0.08787596612126429 -0.0071050167182135186 0.035652915667716938 0.038179739945859728 0.088654767740020624 0.011974046604835345 0.04058750621831643 0.033369281097420066 0.016758293040725167 0.06108380620440948 -0.044184947337147201 0.060820206088508182 -0.040271953350864809 0.042856325633550706 0.034615774454061339 0.023834720737153679 0.035168035687454614 -0.023604967595185863 0.090507418476166002 0.0070600666969717315 0.014232977889364657 -0.039737042670471262 0.026059418395757778 0.078278721998575218 -0.05393105758152919 -0.03276630227732772 0.077520921555734951
leaf_weight=7.3722728912252897 31.738201153930277 1.7213401815388372 3.4561047602910531 2.5025550150312474 9.0524129916448128 2.9813173031434408 15.139996180543678 1.2825900833122439 2.6707294830121082 12.676797490566969 6.8730870857834843 2.68395509989932 2.5588939462322742 5.1957100483123222 3.0572441129479557 10.446988765383136 1.1116141527891166 2.3468301165848962 6.5678560682572424 1.5023907246068118 11.294452853966503 5.6384314559400082 2.2853630820754915 2.6703704188112161 42.937414675951004 1.0689262393861998 9.8554639110807312 2.1150143845006824 1.8223456083796916 6.8623917270451784
leaf_count=907 10404 24 452 142 899 72 201 61 33 67 103 245 173 331 77 1737 6 24 54 23 2033 309 146 182 15072 51 494 404 552 56
internal_value=0 0.010038 -0.00370492 -0.0180602 -0.0241801 0.0169312 0.0366806 0.0103546 0.0299656 0.0162872 0.0222506 0.0432367 0.0103939 -0.00824489 0.017368 -0.0147073 -0.0295014 0.00410713 -0.00230142 -0.0151342 -0.0119086 0.0710724 0.0571856 -0.0342051 -0.0342965 -0.0384521 0.0563934 -0.0182595 0.0102146 0.062038
internal_weight=0 184.012 121.962 72.0005 67.2125 49.9613 62.0498 15.2227 35.4214 25.8882 37.0544 16.54 8.21759 13.2114 8.01574 14.5399 11.5586 20.5144 13.9401 4.9585 13.6413 8.32239 4.78792 35.4775 51.9898 32.8071 24.9955 5.6587 3.54369 9.53312
internal_count=35334 24697 20135 17281 16993 2854 4562 1022 1039 950 3867 1707 1153 883 552 1815 1743 2160 961 475 2057 554 288 10637 15971 10455 695 980 576 89
is_linear=0
shrinkage=0.05


Tree=42
num_leaves=31
num_cat=0
split_feature=19 21 25 0 33 0 41 20 38 39 33 3 15 19 17 31 33 17 31 21 12 2 31 46 0 3 31 19 38 39
split_gain=28.6156 21.2854 14.3625 11.8527 10.6198 5.60704 10.8276 7.5325 5.13679 7.32129 5.63816 5.0141 4.41232 7.9658 9.71893 4.09714 3.49516 3.3755 3.07787 3.05207 2.99808 3.40648 2.41265 2.31285 2.24033 3.38529 2.11708 2.06412 1.97497 2.97712
threshold=0.77613425925925938 1.6905150462962963 1.5000000000000002 38051.880000000012 0.037749287749287756 595.03000000000009 1.0000000180025095e-35 2.5000000000000004 68.850000000000009 73.15000000000002 0.19523809523809527 3.8853203711202711 1476.5000000000002 7.1761226851851863 8.5000000000000018 21.500000000000004 0.17028985507246377 6.5000000000000009 12.500000000000002 5.0341550925925933 20220.435000000005 19.571745490999184 4.5000000000000009 0.95000000000000007 3399.7150000000006 0.70087487611072474 21.500000000000004 25.851684027777782 46.750000000000007 136.65000000000001
decision_type=2 2 2 2 2 2 2 2 2 2 2 2 2 2 2 2 2 2 2 2 2 2 2 2 2 2 2 2 2 2
left_child=1 3 4 15 11 6 -3 -7 9 -6 18 12 13 14 -2 -1 28 -4 27 -16 21 -5 -22 -14 25 -12 -15 -11 29 -9
right_child=2 5 17 20 8 7 -8 16 -10 10 24 -13 23 26 19 -17 -18 -19 -20 -21 22 -23 -24 -25 -26 -27 -28 -29 -30 -31
leaf_value=-0.034578122313553547 -0.028451811113445254 -0.036051564697938861 -0.0042916486161013595 -0.039912902785424087 -0.036747976689265667 0.062539283546773794 0.036442083139164368 -0.011818249901837614 -0.033886707049584165 0.085983626346237407 -0.017423208622590169 0.048438122568177762 -0.040342341663105429 -0.040920654024557669 -0.013756474868685082 0.03298469530110313 0.066091565469513877 0.056362061203362436 0.010511201978706183 0.10681081057988338 -0.0029510368157835386 0.025088276992118227 0.050385758573635989 0.042836724871828921 -0.035196832719817064 0.056483545702663777 0.026908845971900349 -0.0023872793330515472 -0.022261680753712057 0.056519065935554863
leaf_weight=23.140640629921112 2.528614256065338 5.9971068103332099 3.058153481455518 2.5828490622807321 3.8442447532434079 29.186013895785436 19.469408547505736 3.0102993298787606 5.1094184620305887 5.1105414859484863 2.6272403358016154 1.0821942687034596 56.608512605307624 8.7888225116766954 0.37511748867109451 1.6894257005769748 1.428057821933179 6.809847797267139 2.8433734916616231 2.2845790889114141 2.6040153745561829 3.6230985652655363 8.3544069461058807 0.077024219790472581 2.1113733854144812 1.8601197786629198 0.61219730810262341 0.68136384151875962 4.5793391626793891 1.838421404128894
leaf_count=6140 448 1490 218 27 726 642 156 111 1408 174 235 5 20141 2003 73 175 17 251 342 74 19 27 73 29 245 59 37 78 173 19
internal_value=0 0.020446 -0.0159607 -0.00726492 -0.0219094 0.0380522 0.0186534 0.0496346 0.00657416 0.0185582 0.0339184 -0.0313908 -0.0332563 -0.00806105 0.0374119 -0.0288822 0.0125926 0.0388998 0.0583056 0.0906938 0.0238751 -0.00374917 0.0385246 -0.0394887 -0.00146853 0.0179233 -0.0343411 0.0767668 -0.00107165 0.0193256
internal_weight=0 107.503 106.413 41.9944 96.5447 65.5086 25.4665 40.0421 24.1877 19.0783 15.234 72.3571 71.2749 14.5893 5.18831 24.8301 10.8561 9.868 8.63528 2.6597 17.1644 6.20595 10.9584 56.6855 6.59873 4.48736 9.40102 5.79191 9.42806 4.84872
internal_count=35615 9069 26546 6461 26077 2608 1646 962 3267 1859 1133 22810 22805 2635 595 6315 320 469 594 147 146 54 92 20170 539 294 2040 252 303 130
is_linear=0
shrinkage=0.05


Tree=43
num_leaves=31
num_cat=0
split_feature=33 19 21 10 33 14 6 3 25 3 3 25 19 38 2 0 3 14 40 38 0 10 38 21 10 3 31 3 14 14
split_gain=16.9293 16.4403 12.051 8.20953 8.14344 10.4654 5.76194 5.62411 5.1974 4.64301 4.50853 4.4316 4.26394 4.39124 3.96046 3.80651 3.75966 3.69052 3.67116 4.31965 4.79737 3.17949 2.96466 3.77026 2.94174 2.73456 2.56638 2.64329 2.55134 2.69164
threshold=0.044466403162055343 9.9430092592592612 10.211336805555558 1190.7500000000002 0.47673160173160178 22583.27 1.5000000000000002 2.2838636327926638 1.5000000000000002 -0.019709853658856375 -1.4033364895420981 1.5000000000000002 26.787494212962965 17.150000000000002 0.01664170781265813 4490.4800000000005 3.8853203711202711 11286.400000000003 0.022730671873701674 59.050000000000004 2586.1850000000004 17459.105000000003 60.050000000000004 4.9303182870370383 5145.085 1.2176323312948181 4.5000000000000009 -3.8219205515550869 60646.80000000001 11625.475
decision_type=2 2 2 2 2 2 2 2 2 2 2 2 2 2 2 2 2 2 2 2 2 2 2 2 2 2 2 2 2 2
left_child=1 2 3 6 5 10 8 11 16 -5 -2 21 13 -7 -4 28 26 -6 -16 -20 -21 -3 23 -15 -25 -24 -1 -28 29 -11
right_child=4 7 14 9 17 12 -8 -9 -10 15 -12 -13 -14 22 18 -17 -18 -19 19 20 -22 -23 25 24 -26 -27 27 -29 -30 -31
leaf_value=0.015594508026219513 0.038644961311524451 -0.039930714580524836 -0.019376409077325112 -0.014346946621772294 0.039597289013800864 0.015419245232142172 0.041120740332247364 0.022063172565532998 0.042562404046647614 -0.01038083914899755 -0.032090503970243149 0.019927862542807952 -0.019510667829321485 0.0080898303317726 -0.023925053950694088 0.01275158805200227 0.013822716717934719 -0.030768053873594183 0.051959481486001151 -0.029895088101447555 0.033450583664864496 0.036368680719910416 -0.0049422401399360711 0.09156334464734768 0.023527839555411531 0.051777755698394629 0.016132722518089657 -0.037652596868409272 -0.016127749976321777 0.091228433799045078
leaf_weight=2.1809886475093654 2.2466839679982513 43.904205436585471 3.2925565948244175 6.1804059508722302 1.480497962795196 7.5323831378482273 2.9290319953579447 4.2358881516847751 2.0204641004092982 0.53676009690388937 6.6506790600251389 2.9546330643352112 1.7581740915775288 2.2331416676752331 1.9345711148343969 8.3655234936159086 4.6073852069675914 7.3221859247423708 19.044996757293124 3.6853849666658771 7.506159616401419 0.66802641749381919 3.2864315437618634 12.375092339469118 2.7617392626125357 4.2827669794205576 1.9016066475305695 35.199713424313813 0.47112511727027584 3.6379534204024822
leaf_count=79 135 16250 59 849 156 358 28 150 174 105 941 255 417 77 318 322 52 971 653 766 159 107 512 325 40 70 92 10785 109 310
internal_value=0 -0.00642899 0.00510541 -0.0072304 0.0262903 0.0351117 -0.0180373 -0.0291506 -0.0226077 0.0198023 -0.0121291 -0.0340757 0.0473868 0.0514836 0.0283189 0.0358894 -0.0264891 -0.0161014 0.0336372 0.0379681 0.0118497 -0.0380142 0.0613618 0.0729086 0.0813774 0.0294479 -0.031443 -0.0345448 0.0679145 0.0786827
internal_weight=0 155.257 103.495 68.031 51.9298 43.1271 48.8392 51.7628 45.9102 19.1918 8.89736 47.5269 34.2297 32.4716 35.4637 13.0114 43.8897 8.80268 32.1711 30.2365 11.1915 44.5722 24.9392 17.37 15.1368 7.5692 39.2823 37.1013 4.64584 4.17471
internal_count=35624 31622 14860 12905 4002 2875 11210 16762 11182 1695 1076 16612 1799 1382 1955 846 11008 1127 1896 1578 925 16357 1024 442 365 582 10956 10877 524 415
is_linear=0
shrinkage=0.05


Tree=44
num_leaves=31
num_cat=0
split_feature=23 3 15 14 24 24 38 38 15 24 0 6 31 15 14 15 20 18 0 2 0 39 13 31 13 21 39 38 3 18
split_gain=19.9928 15.8795 10.8687 6.57892 6.57745 6.43662 6.98171 8.52674 4.987 4.86885 4.95418 4.7273 4.74566 4.40781 4.34957 4.19859 3.97104 3.71125 4.94979 3.18899 6.97469 4.81364 6.17427 3.10966 2.94224 2.687 3.6692 2.93547 2.57419 4.26336
threshold=1.0000000180025095e-35 1.7484187391750303 651.50000000000011 44769.975000000006 0.4439583333333334 14.263952546296297 60.050000000000004 14.750000000000002 178.50000000000003 18.909074074074077 5296.3250000000016 1.5000000000000002 21.500000000000004 3765.5000000000005 67343.070000000022 1865.5000000000002 1.5000000000000002 1.0000000180025095e-35 5296.3250000000016 2.3806092873715743 90.210000000000022 160.75000000000003 16.500000000000004 18.500000000000004 10.500000000000002 17.934085648148152 136.65000000000001 36.150000000000013 1.0449964213733609 1.0000000180025095e-35
decision_type=2 2 2 2 2 2 2 2 2 2 2 2 2 2 2 2 2 2 2 2 2 2 2 2 2 2 2 2 2 2
left_child=1 2 8 28 19 24 7 -7 16 13 14 12 15 -9 -11 -3 -1 18 23 20 21 -2 -23 -10 -5 26 -17 -27 -4 -30
right_child=4 11 3 5 -6 6 -8 9 17 10 -12 -13 -14 -15 -16 25 -18 -19 -20 -21 -22 22 -24 -25 -26 27 -28 -29 29 -31
leaf_value=-0.036999488166731251 0.050948689035764654 0.037883111144599996 -0.037702006178549498 0.0049380991516481884 0.079735416995527802 -0.031651692443660145 -0.026210701297985681 0.00071479348254008116 0.034264266699449965 -0.018310620934575632 -0.025342010459198257 0.05892652520942198 0.072994653503759305 0.12000246766354127 0.064034948506918751 -0.035742826940778079 0.013700799508605373 -0.0019676646784120718 -0.025980870632415123 0.052445267965763653 -0.025046208812605539 -0.048049434596195158 0.033642552451213524 0.10258703720323188 -0.047042131130477609 0.049841327593548229 0.0074781465755229225 -0.0040976018561659465 -0.029279436307676321 0.03862804364169295
leaf_weight=6.2152456031180936 10.887416838435461 8.1448601856827718 44.62978074606508 3.4670596483629188 6.1802506898529819 4.0169237325899365 8.6050216308794898 1.0350838191807263 7.683716415427627 1.6508838513400386 2.946203675121069 6.2596368491649619 2.1584287460427722 2.2239835557993501 5.278659065021202 7.8891345069278094 7.4894721901509911 6.3192940000444642 1.5344965590629716 7.2667631471995255 6.8667647128459057 2.9403290441259733 4.6003131633624434 2.144683062331751 9.2395810815505666 3.4979749100748432 10.350118789123369 5.4289338155649602 5.7222662987187487 2.5415238835848868
leaf_count=922 76 138 17669 557 43 1461 3071 70 588 482 627 37 38 297 649 381 431 178 139 246 1616 20 35 90 2600 139 307 257 2003 334
internal_value=0 -0.00387928 -0.013087 -0.0217492 0.0355738 -0.0057859 0.00864461 0.0266121 0.0120186 0.0454092 0.0233096 0.0216809 0.0140886 0.0911797 0.0445819 0.00857681 -0.0102449 0.0288989 0.0448355 0.0250658 0.0155047 0.0311265 -0.000107926 0.0572702 -0.0335336 -0.00124274 -0.0121026 0.0199299 -0.0330347 -0.00647921
internal_weight=0 166.473 122.744 91.357 38.7418 38.4634 25.7568 17.1517 31.3869 13.1348 9.87575 43.7291 37.4695 3.25907 6.92954 35.311 13.7047 17.6822 11.3629 32.5616 25.2948 18.4281 7.54064 9.8284 12.7066 27.1662 18.2393 8.92691 52.8936 8.26379
internal_count=35501 33465 32168 29820 2036 9814 6657 3586 2348 2125 1758 1297 1260 367 1131 1222 1353 995 817 1993 1747 131 55 678 3157 1084 688 396 20006 2337
is_linear=0
shrinkage=0.05


Tree=45
num_leaves=31
num_cat=0
split_feature=23 3 31 33 13 6 24 33 14 33 15 31 41 0 0 24 10 2 31 39 12 24 2 39 17 39 39 17 17 24
split_gain=17.675 12.7948 9.37502 8.95417 8.49715 8.2423 8.00537 7.14242 6.51659 4.96301 4.64473 4.82999 4.7544 3.88691 4.45418 6.35638 3.84624 3.43628 5.59056 4.80843 3.6427 3.33803 3.00434 2.94086 2.88213 2.4297 4.19098 4.03263 3.82792 3.39436
threshold=1.0000000180025095e-35 1.0449964213733609 14.500000000000002 0.05634920634920635 12.500000000000002 1.0000000180025095e-35 0.0071527777777777787 0.35388994307400384 36916.140000000014 0.044466403162055343 471.50000000000006 18.500000000000004 1.0000000180025095e-35 2024.2950000000003 4815.7700000000013 7.1784664351851859 622.96500000000015 19.571745490999184 3.5000000000000004 1003.5500000000001 14443.155000000002 21.048391203703705 6.5581742892416139 167.95000000000002 6.5000000000000009 166.05000000000004 175.05000000000004 1.5000000000000002 16.500000000000004 0.099994212962962972
decision_type=2 2 2 2 2 2 2 2 2 2 2 2 2 2 2 2 2 2 2 2 2 2 2 2 2 2 2 2 2 2
left_child=1 3 17 5 13 10 16 8 -5 22 11 12 -1 -4 15 -15 -2 18 -3 20 -20 -13 -6 -18 -22 27 -27 29 -28 -12
right_child=6 2 4 7 9 -7 -8 -9 -10 -11 25 21 -14 14 -16 -17 23 -19 19 -21 24 -23 -24 -25 -26 26 28 -29 -30 -31
leaf_value=-0.033253164337476875 0.028859953616621799 0.029479712542081943 -0.024740915497837905 -0.018052202957551666 -0.03496437336626617 0.05154294344796561 0.076308203128986243 -0.027717401688768014 0.051046624952751411 0.046215946680395553 -0.024807018119784814 0.074439226284013935 0.02740908186854445 -0.018888571945759488 0.040770922988250836 0.12961603527024235 0.0088202703071141048 0.022075567649299327 -0.044515022364295331 0.049888669837420963 0.045972179485291705 -0.021850470725527857 0.010465565770973979 -0.062489560148589279 -0.029867967475092561 0.04552978188034195 -0.02809505251986133 -0.04081267805177928 0.061773433153860295 0.076778248287755452
leaf_weight=9.0294550661928934 23.563526388490576 4.6243266626261237 0.8016609747428437 4.1838855342939523 5.0686674601165604 2.7501615263754493 7.9633944812230757 6.3768386465962967 10.932161446427925 5.0193808060139409 0.97872186149470397 2.0182533739134665 3.8790008770301929 0.58794626826420371 10.131245309952645 3.255393102997914 3.487511589890345 7.2555473754182449 14.343198477989068 0.98545994376763602 1.6407770290970796 0.75177642656490196 8.2747505046427232 1.2478066803887484 1.4540978196309877 1.6106469813967148 16.641008367296312 41.77700841287151 0.3415205730125298 0.57698637782596052
leaf_count=1383 1594 114 188 824 1004 256 57 1301 640 165 412 124 53 111 333 191 240 56 2155 12 106 99 96 104 157 659 6651 15979 137 251
internal_value=0 -0.00343186 0.0140606 -0.014359 0.0320425 -0.0219758 0.0346732 0.0138288 0.0319877 0.00842181 -0.0252038 -0.000802404 -0.0143641 0.059002 0.0651373 0.107689 0.0207523 -0.00599929 -0.0153878 -0.0275875 -0.0344342 0.0494424 -0.0080261 -0.0175898 0.0117472 -0.0312708 -0.0149997 -0.0377566 -0.0229531 0.0281691
internal_weight=0 165.29 63.4425 101.847 33.139 80.3545 36.2622 21.4929 15.116 18.3628 77.6044 15.6785 12.9085 14.7762 13.9746 3.84334 28.2988 30.3034 23.0479 18.4235 17.4381 2.77003 13.3434 4.73532 3.09487 61.9259 18.5932 43.3327 16.9825 1.55571
internal_count=35452 33457 4688 28769 2088 26004 1995 2765 1464 1265 25748 1659 1436 823 635 302 1938 2600 2544 2430 2418 223 1100 344 263 24089 7447 16642 6788 663
is_linear=0
shrinkage=0.05


Tree=46
num_leaves=31
num_cat=0
split_feature=3 15 25 31 34 39 13 3 24 2 24 31 15 25 21 24 39 20 24 2 21 3 41 14 12 17 21 15 24 15
split_gain=16.9017 19.5797 5.95612 6.17749 4.92606 6.32903 5.00698 5.0207 4.66866 4.15346 3.80217 4.31815 3.69763 3.402 3.0843 3.15086 3.04062 3.00937 3.91684 2.97432 2.96458 2.79236 2.75 2.71264 2.74539 2.62828 2.92941 4.76439 3.11795 2.45447
threshold=1.0609047966360006 585.50000000000011 1.5000000000000002 6.5000000000000009 1.0000000180025095e-35 205.55000000000004 20.500000000000004 1.4170634738104593 7.1784664351851859 19.571745490999184 0.0071527777777777787 18.500000000000004 471.50000000000006 1.5000000000000002 18.316302083333337 11.303686342592593 183.75000000000003 2.5000000000000004 32.388535879629636 4.0145593537477575 39.382748842592598 -0.45255749922609512 1.0000000180025095e-35 41762.390000000007 4852.3500000000013 2.5000000000000004 1.0000000180025095e-35 20462.000000000004 0.099994212962962972 33636.000000000007
decision_type=2 2 2 2 2 2 2 2 2 2 2 2 2 2 2 2 2 2 2 2 2 2 2 2 2 2 2 2 2 2
left_child=1 10 3 21 5 9 7 -7 -4 12 16 13 19 17 15 -13 -1 18 -12 -2 25 -3 -19 -14 -25 26 27 28 -5 -6
right_child=4 2 8 20 29 6 -8 -9 -10 -11 11 14 23 -15 -16 -17 -18 22 -20 -21 -22 -23 -24 24 -26 -27 -28 -29 -30 -31
leaf_value=0.051359895688062311 0.053307606767670102 0.030478287447434173 0.090131198414394195 -0.012327960631196956 0.050863589549037261 0.099006640248380948 -0.01519063977833893 0.027956126452429154 -0.0026684188376622782 0.030600247722099117 -0.038065136270407661 -5.0564317759100945e-05 -0.030888247513714058 0.039460490826992059 -0.013299577298813571 0.097439643118023778 0.0040411262616858587 -0.013783391512989032 0.022810258462831488 -0.019957989552584411 0.021441141127410985 -0.013086115331261364 0.045466471182757512 0.03575619449578555 -0.014465944900184073 -0.036228571940381253 -0.025844375445341544 -0.024891457472917908 0.12824698415610902 0.01428873646183217
leaf_weight=11.325447554700078 2.9129097210243371 5.4070647496264428 0.97557369712740083 0.32561769674066343 16.665989247383553 3.1316527732415116 3.0687490851851171 9.6070446778321621 4.1430979913566262 7.9966005925089112 9.8684268791694283 1.1617105475161218 12.893933262326756 3.0734402360394588 1.171102422988042 1.8830893607810137 4.9362322576344004 3.272032185457646 2.7505224067717782 1.4889632225967941 1.9176356638781715 7.7263735483866167 2.8492035418748856 3.1308546644868311 6.9996921453857794 57.816404254292138 2.8507246893132105 0.98701923643238842 0.40221210336312652 7.5571930372389025
leaf_count=183 91 264 82 131 378 300 246 321 397 73 1165 79 2219 43 127 110 86 244 284 24 634 719 21 238 674 24502 1100 457 169 329
internal_value=0 -0.00755446 -0.0216435 -0.0251512 0.0222572 0.0130349 0.0383036 0.0513581 0.0268583 0.00101674 0.0198118 0.00742344 -0.00838185 -0.00224827 0.0483029 0.0694269 0.0380625 -0.0107411 -0.0240957 0.0294182 -0.0314515 0.00573689 0.0163071 -0.0165323 0.00287322 -0.03339 0.00260673 0.0420014 0.09462 0.0404718
internal_weight=0 124.843 82.5517 77.4331 75.4536 51.2304 15.8074 12.7387 5.11867 35.423 42.2912 26.0295 27.4264 21.8136 4.2159 3.0448 16.2617 18.7402 12.6189 4.40187 64.2996 13.1334 6.12124 23.0245 10.1305 62.382 4.56557 1.71485 0.72783 24.2232
internal_count=35690 30797 28455 27976 4893 4186 867 621 479 3319 2342 2073 3246 1757 316 189 269 1714 1449 115 26993 983 265 3131 912 26359 1857 757 300 707
is_linear=0
shrinkage=0.05


Tree=47
num_leaves=31
num_cat=0
split_feature=33 31 19 33 21 5 31 38 19 21 41 40 3 3 17 15 21 13 3 38 38 38 38 40 19 0 20 40 31 12
split_gain=13.1863 15.3981 11.2599 8.78939 7.41817 8.81067 5.79855 5.30147 5.06906 5.13939 5.31928 4.63766 4.62477 4.54483 4.98196 5.77705 4.41999 4.23418 4.20776 3.94756 3.53122 3.433 3.21766 2.94119 2.77544 2.66669 4.13985 2.56758 2.45507 2.43061
threshold=0.044466403162055343 21.500000000000004 7.1761226851851863 0.48331479421579543 3.4735532407407415 1.0000000180025095e-35 5.5000000000000009 78.15000000000002 26.787494212962965 17.164050925925931 1.0000000180025095e-35 0.031908179449531358 2.9259036246439343 -1.4745982638767947 8.5000000000000018 42124.500000000007 7.0764236111111121 28.500000000000004 1.3169587149700497 56.350000000000001 10.250000000000002 69.550000000000011 92.950000000000017 0.45562789113758678 39.976412037037043 2024.2950000000003 1.5000000000000002 1.8618110887650263 19.500000000000004 6739.5250000000015
decision_type=2 2 2 2 2 2 2 2 2 2 2 2 2 2 2 2 2 2 2 2 2 2 2 2 2 2 2 2 2 2
left_child=1 2 4 8 5 -1 -4 -7 9 10 18 -6 24 20 16 17 -15 22 -2 23 -13 27 -16 -3 -8 26 -18 -11 -23 -5
right_child=3 19 6 29 11 7 12 -9 -10 21 -12 13 -14 14 15 -17 25 -19 -20 -21 -22 28 -24 -25 -26 -27 -28 -29 -30 -31
leaf_value=-0.026264689860704484 -0.025033861409590703 0.020249321183882552 0.023369126641606203 0.0036182711646682722 -0.034552068748752433 -0.016719988461513357 -0.03851303662757409 0.058002779567732532 -0.026781216821791784 0.068295761030208457 0.070019566242227854 0.013504216986105724 0.0214673552977045 -0.017987015995807598 0.10283201569502998 -0.023857440945475771 0.042409016161904713 -0.0084018340754802457 0.026310457164669062 -0.010617169488579345 -0.038852469527807798 -0.024867914692985091 0.0022009334656613979 0.084824066301755888 0.028657884580354814 0.038683588750206797 -0.043158707310143596 0.0087128970622871883 0.039868176554038931 -0.047246737355232347
leaf_weight=30.895642907358706 6.7143571984488535 3.5748589134309423 4.4272506085690102 4.6548380383755994 3.4259278182871631 3.3492431167978776 43.90966644953005 4.949099741410464 2.5468286763643837 16.604614788433544 2.5855266987346104 7.6922214331570995 3.0731378681957713 6.2722647461341756 5.2384367238264513 1.2777053479803724 1.5197137468494504 1.1071477039949966 7.2699514024425298 1.8938746153144155 4.1514932430582121 2.0250200976151969 0.96110947302076954 5.218642764724791 0.90529638156294723 13.20229676668532 2.24858040176332 2.3693866766989222 1.8888088981620965 3.4860353777185082
leaf_count=7828 1090 205 101 557 805 22 17731 28 687 525 48 58 39 1445 193 177 157 172 140 326 980 289 115 154 367 335 391 37 76 553
internal_value=0 -0.00474659 -0.00933186 0.0246487 0.00180948 -0.0140664 -0.027398 0.0292896 0.0337676 0.0382411 0.0156816 0.0150391 -0.0324735 0.0196159 0.0292143 0.0598664 0.015891 0.0756165 0.00163278 0.0504308 -0.00644413 0.0532331 0.0897039 0.0633204 -0.0365602 0.0287164 -0.00699327 0.061664 0.00812922 -0.0209487
internal_weight=0 149.294 138.606 50.1454 86.2909 39.194 52.3154 8.29834 42.0045 39.4577 16.5698 47.0969 47.8881 43.671 31.8273 8.5844 23.2429 7.30669 13.9843 10.6874 11.8437 22.8878 6.19955 8.7935 44.815 16.9706 3.76829 18.974 3.91383 8.14087
internal_count=35631 31629 30944 4002 12706 7878 18238 50 2892 2205 1278 4828 18137 4023 2985 657 2328 480 1230 685 1038 927 308 359 18098 883 548 562 365 1110
is_linear=0
shrinkage=0.05


Tree=48
num_leaves=31
num_cat=0
split_feature=19 21 5 25 33 33 2 31 0 41 0 0 3 19 24 19 17 0 21 3 2 31 20 17 3 21 21 3 21 31
split_gain=15.6243 14.7421 11.5967 10.3939 8.63068 5.40973 5.36344 3.62761 3.56431 5.30397 4.84559 3.54776 4.05462 3.46955 5.7216 3.81607 3.4305 3.37841 3.37665 3.07039 3.68751 2.97817 2.89318 2.7215 2.72567 2.63265 2.52853 2.3035 2.22213 2.18885
threshold=0.87139467592592601 0.57484953703703712 1.0000000180025095e-35 1.5000000000000002 0.037749287749287756 0.41277890466531447 9.6923103828038588 21.500000000000004 2001.1600000000001 1.0000000180025095e-35 394.55500000000006 8134.7800000000007 2.1378119330449716 25.851684027777782 26.672112268518521 10.185746527777779 6.5000000000000009 22077.235000000004 18.528153935185191 2.2838636327926638 1.0507074725709777 21.500000000000004 2.5000000000000004 15.500000000000002 -0.073443916709592286 5.1462905092592601 17.164050925925931 1.8760992090899908 37.545688657407418 6.5000000000000009
decision_type=2 2 2 2 2 2 2 2 2 2 2 2 2 2 2 2 2 2 2 2 2 2 2 2 2 2 2 2 2 2
left_child=1 2 21 4 6 13 7 23 9 10 -3 19 22 14 15 25 -5 -8 -12 20 -10 -1 -13 29 -25 -6 -16 -7 -11 -2
right_child=3 8 -4 16 5 27 17 -9 11 28 18 12 -14 -15 26 -17 -18 -19 -20 -21 -22 -23 -24 24 -26 -27 -28 -29 -30 -31
leaf_value=-0.033830874599792893 -0.0035778107234562943 -0.041280726516503247 0.031090846960600233 -0.0090018238707856475 -0.025443715749792942 -0.043568411264073431 0.052596562811368625 0.02271286005494122 0.0084211323254048381 0.042646060933945101 -0.011540113902302959 -0.04718663331752411 0.038068780501282318 -0.019911025875335948 -0.014216052796124149 -0.020257501250776425 0.052140787168100312 -0.020192854776238819 0.041693165887279525 0.014000388369725933 0.084009506501087169 0.022817150587343956 0.028542384382264419 0.059051501076726111 -0.026353397379962451 0.048246671454786901 0.090970032963519534 0.027601261141671468 -0.0020795630415938967 -0.038619623004493321
leaf_weight=21.612628268427219 5.1381592489778987 4.5325318077811962 11.275488117709754 2.8507358557544631 0.84641034773085788 4.5902094941120586 2.5422837436199179 2.3823870435589916 2.1817988911643651 16.80202151066624 5.2337072470691037 2.2143120742402966 10.118943136185406 3.1939429454505435 0.37552334042265956 4.6399516507517546 6.985332092968747 2.1541813416406512 5.0134945911122486 3.4764365160372099 9.6870709983631951 1.891673793317749 1.2311521805822847 0.81778056116309028 1.0714414905523868 5.0566591025562957 3.2627864597598091 0.69974865997210134 3.1834216322749844 48.153064106125385
leaf_count=5825 206 1281 68 225 182 1047 15 475 105 160 752 79 71 735 78 763 244 29 281 26 270 157 28 282 405 257 135 15 26 21230
internal_value=0 0.0171544 -0.00887009 -0.0111452 -0.0168633 0.00925691 -0.0263683 -0.0305767 0.0312866 0.0195968 -0.00314346 0.044219 0.0230215 0.0226232 0.0328834 0.0113474 0.0352248 0.0215256 0.0158959 0.0604015 0.0718486 -0.0285266 -0.0197932 -0.0332408 0.0182586 0.0355254 0.0793891 -0.0312627 0.0357622 -0.0353691
internal_weight=0 98.4547 34.7798 94.7606 84.9245 22.6652 62.2593 57.5628 63.6749 34.7652 14.7797 28.9097 13.5644 17.3753 14.1813 10.543 9.83607 4.69647 10.2472 15.3453 11.8689 23.5043 3.44546 55.1804 1.88922 5.90307 3.63831 5.28996 19.9854 53.2912
internal_count=35452 9129 6050 26323 25854 3212 22642 22598 3079 2500 2314 579 178 2150 1415 1202 469 44 1033 401 375 5982 107 22123 687 439 213 1062 186 21436
is_linear=0
shrinkage=0.05


Tree=49
num_leaves=31
num_cat=0
split_feature=19 33 34 10 41 33 19 24 19 24 31 39 13 39 38 12 0 39 14 38 39 13 33 19 0 31 14 0 39 9
split_gain=15.5018 8.59779 8.4794 7.22285 6.20555 5.61988 5.83686 6.25269 5.22477 4.66852 4.49332 4.87301 4.17573 4.1599 14.2391 3.53806 3.49806 3.04136 2.97528 2.80368 4.45758 3.29683 2.91396 2.73196 2.67064 3.33154 3.39061 2.56393 2.55227 2.45583
threshold=10.185746527777779 0.042572463768115944 1.0000000180025095e-35 925.30000000000007 1.0000000180025095e-35 0.20526315789473687 25.851684027777782 25.526018518518523 1.0000000180025095e-35 1.1787557870370373 20.500000000000004 1003.5500000000001 14.500000000000002 166.95000000000002 61.750000000000007 879.32000000000005 12794.555000000002 70.450000000000017 5757.2550000000001 59.550000000000004 175.95000000000002 21.500000000000004 0.067816091954023008 39.976412037037043 24211.650000000005 6.5000000000000009 5574.1650000000009 530.49000000000012 152.35000000000005 1.5000000000000002
decision_type=2 2 2 2 2 2 2 2 2 2 2 2 2 2 2 2 2 2 2 2 2 2 2 2 2 2 2 2 2 2
left_child=2 10 3 4 13 6 7 -3 9 -5 11 23 17 24 15 -15 -16 -11 -4 20 21 28 -21 -2 25 -1 -27 -22 -20 -19
right_child=1 5 18 8 -6 -7 -8 -9 -10 12 -12 -13 -14 14 16 -17 -18 29 19 22 27 -23 -24 -25 -26 26 -28 -29 -30 -31
leaf_value=0.017208576583068087 -0.038200101887445548 0.0065786800113182484 -0.027114492017556377 -0.03737475884341266 0.02536051757801653 -0.020343252665535806 -0.032917575698692372 0.092504578465899365 0.043677348861368245 -0.024838924752957084 0.024479757658102327 0.058911859916509393 -0.0076059030385140008 -0.0049150869431229885 -0.037512761768459343 0.10151445263577759 0.010559746547985735 0.075196597641491725 0.04317134190251963 -0.0029741723105856468 0.031024011610316427 -0.019505858391229192 0.046173436227066461 0.028459192300485592 0.0065487778067955848 0.0057657348307063082 -0.047134104633667184 0.10178884821727965 -0.0090023672281867948 -0.003349643696683858
leaf_weight=2.4412545440718594 38.680885688401759 4.1138431355357188 1.3568996780086298 4.1253595331218156 11.557318800012579 6.7771922857500604 1.7802197870332745 3.7558714115293697 15.023718800046479 0.71789513994008114 2.9492787690833202 0.52821447444148262 6.9190545895835385 0.87018047692254485 8.6363297204952669 2.8069653538987041 5.6420067957369602 3.8405301130842417 15.269811935839252 8.9242917136289162 3.4801412692759177 2.4693856465164563 3.4726677641738197 0.9094722899608304 4.9482806237647301 3.370135011267851 17.751358369598165 3.6995298834517598 2.3774053109809747 1.1486262308899311
leaf_count=172 15224 573 185 284 346 1097 536 178 1235 94 704 31 505 61 2893 178 174 129 1055 888 33 210 74 359 173 1258 6625 48 43 30
internal_value=0 -0.0173719 0.0132036 0.00447285 -0.00603275 0.012845 0.0358748 0.0533932 0.0232556 0.00351143 -0.0289273 -0.0333533 0.0186328 -0.0142108 0.00453286 0.0806624 -0.0190693 0.0468348 0.0317421 0.034371 0.043174 0.0286178 0.0132121 -0.0360054 -0.0257686 -0.0325457 -0.0388144 0.0754739 0.0360367 0.0595734
internal_weight=0 59.495 130.849 89.799 58.0238 16.4271 9.64993 7.86971 31.7752 16.7515 43.0679 40.1186 12.6261 46.4665 17.9555 3.67715 14.2783 5.70705 41.0501 39.6932 27.2963 20.1166 12.397 39.5904 28.511 23.5627 21.1215 7.17967 17.6472 4.98916
internal_count=35395 18702 16693 14157 11880 2384 1287 751 2277 1042 16318 15614 758 11534 3306 239 3067 253 2536 2351 1389 1308 962 15583 8228 8055 7883 81 1098 159
is_linear=0
shrinkage=0.05


Tree=50
num_leaves=31
num_cat=0
split_feature=15 2 39 34 38 13 2 0 13 31 25 14 31 34 39 12 15 40 31 10 12 31 39 38 10 2 11 39 14 12
split_gain=11.207 12.5896 6.66786 7.02513 6.56627 5.90638 5.1341 4.43189 3.75584 3.53264 4.22808 3.51996 5.64475 3.72877 3.55944 3.50724 3.5085 3.31558 2.98528 2.88707 2.88252 2.76884 2.68778 4.10292 2.67131 2.58479 5.7871 5.63845 3.85081 3.98799
threshold=1865.5000000000002 1.7871846081191778 227.75000000000003 1.0000000180025095e-35 127.65000000000002 31.500000000000004 19.571745490999184 7325.7650000000003 21.500000000000004 5.5000000000000009 1.5000000000000002 35705.975000000013 20.500000000000004 1.0000000180025095e-35 157.25000000000003 5506.9000000000005 1547.5000000000002 0.43391551225216096 10.500000000000002 2045.9500000000003 46609.540000000008 5.5000000000000009 113.55000000000001 65.850000000000009 294.94000000000005 0.76341850765065056 4.5000000000000009 173.15000000000001 7876.0850000000009 801.66500000000008
decision_type=2 2 2 2 2 2 2 2 2 2 2 2 2 2 2 2 2 2 2 2 2 2 2 2 2 2 2 2 2 2
left_child=5 9 3 6 7 11 21 -4 18 -2 25 12 13 14 19 24 22 20 -6 -1 -5 -3 -17 -24 -13 26 28 -28 29 -11
right_child=1 2 4 17 8 -7 -8 -9 -10 10 -12 15 -14 -15 -16 16 -18 -19 -20 -21 -22 -23 23 -25 -26 -27 27 -29 -30 -31
leaf_value=-0.021175258242799644 0.0039424593065719256 0.02037622204890777 0.1210924209808093 -0.027546664062052636 -0.018384934448441512 -0.034192667408168169 0.023396643099845703 -0.0024522066806919396 -0.03902584777344946 -0.028843458795091804 0.025136174223499719 0.0019222503941437215 0.04782454980585539 0.029005765524046767 -0.045103057154330488 -0.0077884207406860714 0.073363704354715314 0.037919004486459545 0.040807339279781731 0.0248588001866384 0.032167862739442159 -0.032576597754358588 0.042824160633149304 -0.013085291531737457 0.068415892222343164 -0.042989448855065837 -0.015294245411964167 0.099370769766717687 -0.039172652921333435 0.067242437565522173
leaf_weight=6.0467782287160023 9.1492079398594779 2.1077776919119122 2.0578896576771508 4.3101406197529313 2.1470728424610561 4.2238160241395226 5.5720702493563286 0.90065356390550722 1.6763348210370157 1.3566604281077226 2.6338588444050393 1.8949243505485336 5.9092776122270143 5.4842861691722637 5.4244279598351559 8.7104786999989354 1.8758460087701667 11.202002515667116 8.0028864141786453 5.5944058828754351 2.281256427639164 20.727765322779305 9.8112862462876347 4.155507434741593 7.7917980740312487 26.956011479487643 1.8738980062771582 0.96061674167867739 13.869505556183865 1.1312604433624072
leaf_count=1147 662 157 107 424 172 752 55 33 231 697 365 31 154 97 781 507 156 437 639 359 27 4912 196 485 295 13780 853 326 6223 559
internal_value=0 -0.0077119 0.00809765 -0.00145686 0.0361553 0.0177082 -0.0166871 0.0923639 0.0159889 -0.0242101 -0.0294634 0.0216864 0.00826449 -0.00369292 -0.015225 0.0322913 0.0207754 0.0224527 0.0277602 0.00116379 -0.00536471 -0.0270391 0.0135106 0.0264267 0.0568054 -0.0330466 -0.017644 0.0393463 -0.0292175 0.0215994
internal_weight=0 118.917 60.9859 46.201 14.7848 66.9228 28.4076 2.95854 11.8263 57.931 48.7818 62.699 28.4592 22.5499 17.0656 34.2398 24.5531 17.7934 10.15 11.6412 6.5914 22.8355 22.6773 13.9668 9.68672 46.148 19.1919 2.83451 16.3574 2.48792
internal_count=35619 30659 7194 6012 1182 4960 5124 140 1042 23465 22803 4208 2538 2384 2287 1670 1344 888 811 1506 451 5069 1188 681 326 22438 8658 1179 7479 1256
is_linear=0
shrinkage=0.05


Tree=51
num_leaves=31
num_cat=0
split_feature=19 25 3 31 16 2 4 39 31 33 2 17 23 0 12 24 13 0 17 12 0 31 33 15 39 19 24 17 24 19
split_gain=11.9746 9.72878 7.95418 7.25256 6.07688 7.79745 6.13174 4.38618 4.2362 3.92538 3.58765 3.10344 2.66013 2.53323 2.90841 2.52808 7.49626 2.53682 2.52292 2.50646 2.43455 2.50854 2.42057 2.66228 2.51327 2.68063 3.66065 2.28985 4.50087 2.41794
threshold=0.77613425925925938 1.5000000000000002 2.1378119330449716 6.5000000000000009 5.5000000000000009 1.853229069218264 1.0000000180025095e-35 38.850000000000001 20.500000000000004 0.16333333333333336 0.14375361867551273 5.5000000000000009 1.0000000180025095e-35 50.085000000000008 3672.0050000000006 7.2735011574074084 9.5000000000000018 3174.3350000000005 8.5000000000000018 719.93000000000018 9844.8900000000012 1.5000000000000002 0.063508064516129045 18551.000000000004 154.05000000000004 22.775590277777781 14.359907407407409 1.5000000000000002 0.099994212962962972 1.0000000180025095e-35
decision_type=2 2 2 2 2 2 2 2 2 2 2 2 2 2 2 2 2 2 2 2 2 2 2 2 2 2 2 2 2 2
left_child=4 2 3 20 5 8 7 -7 9 13 -5 -4 18 14 -1 17 -17 -9 -3 -13 21 -2 -12 24 25 26 -24 28 -15 -29
right_child=1 12 11 10 -6 6 -8 15 -10 -11 22 19 -14 27 -16 16 -18 -19 -20 -21 -22 -23 23 -25 -26 -27 -28 29 -30 -31
leaf_value=-0.03270370336207451 -0.021394983356215345 -0.01394817719111999 -0.021546894929335453 0.032904039631175573 0.041798052128745211 -0.021303099031843738 0.0053536985296724392 -0.024350659448676454 0.0332229256470504 0.031914390372935329 -0.037496686438217477 -0.025593274059858902 0.068434352768707657 -0.02921137814398099 0.04471316440360823 0.12989068329419981 0.034722256830968731 0.036538681502941255 0.037862675929952488 0.046260376155777022 -0.035359740115104121 0.027212630297968429 -0.018359139013741761 -0.035853712161863553 -0.026680593507324653 -0.020489888313991858 0.098242908421139474 -0.036323614273423822 0.08225132231405087 0.011855245699424902
leaf_weight=1.0983946289634396 2.6829361650161436 3.7552099241875094 2.3211861837189627 1.3371199008543033 15.505551710841244 1.9017384725157196 25.770023077260703 1.5698421669658298 4.2168899644166222 3.0134914404479778 46.986933042178862 0.77473356924019743 2.6167404763400555 1.3943901479942749 2.0944487979868427 2.3376141617773092 8.7367747497046349 5.2033585639437661 3.8987432264257222 6.9519379667472094 1.7979693552479137 9.9547881016042066 0.57204637886025 2.5042348394636065 1.0864504148485137 0.68673090159427363 1.2429215088486669 20.95749164221343 0.51173571497201908 2.4758205487160003
leaf_count=36 232 340 104 163 296 516 337 193 392 225 22777 38 20 617 28 85 360 221 133 191 256 438 130 902 301 185 132 5179 219 428
internal_value=0 -0.0111889 -0.0172162 -0.0232842 0.0140741 0.00834169 0.0218661 0.0421159 -0.00899892 -0.0154903 -0.0315219 0.0227082 0.0325324 -0.0214082 0.0166325 0.0496452 0.0639045 0.0211091 0.0137686 0.0369486 0.0077986 0.0160813 -0.0337232 -0.00343732 0.0220701 0.044815 0.0680255 -0.0266509 0.0187187 -0.0309565
internal_weight=0 89.1707 78.9 68.8521 96.7876 81.282 45.5194 19.7493 35.7627 31.5458 54.4164 10.0479 10.2707 28.5323 3.19284 17.8476 11.0744 6.7732 7.65395 7.72667 14.4357 12.6377 53.0793 6.09238 3.58815 2.5017 1.81497 25.3394 1.90613 23.4333
internal_count=35474 26342 25849 25516 9132 8836 1712 1375 7124 6732 24590 333 493 6507 64 859 445 414 473 229 926 670 24427 1650 748 447 262 6443 836 5607
is_linear=0
shrinkage=0.05


Tree=52
num_leaves=31
num_cat=0
split_feature=19 21 19 21 34 33 19 24 21 12 11 24 13 13 19 24 19 3 38 38 13 24 38 21 21 5 2 1 2 5
split_gain=11.9932 13.6357 10.0425 5.8862 4.9332 4.2685 4.59307 10.6049 3.75287 3.5511 4.61692 3.53293 3.28632 4.85409 3.2072 3.12831 3.25535 2.90413 2.89105 2.76019 4.71768 2.57215 2.95876 2.46281 2.39029 2.2885 2.25695 2.24706 5.90091 4.66495
threshold=22.775590277777781 17.164050925925931 8.0752719907407435 10.211336805555558 1.0000000180025095e-35 0.044466403162055343 17.139589120370374 27.035630787037039 32.387332175925934 11654.190000000001 4.5000000000000009 31.025833333333338 22.500000000000004 16.500000000000004 1.0000000180025095e-35 37.294068287037042 27.888200231481488 -2.4635001143836708 5.4500000000000011 59.550000000000004 11.500000000000002 18.297309027777782 47.650000000000013 16.342031250000002 20.252754629629631 1.0000000180025095e-35 0.10420024313338506 8.0270570564051287 1.8043217288044124 1.0000000180025095e-35
decision_type=2 2 2 2 2 2 2 2 2 2 2 2 2 2 2 2 2 2 2 2 2 2 2 2 2 2 2 2 2 2
left_child=1 2 3 4 9 6 14 -8 -7 10 -1 24 13 -12 21 26 -17 -5 -16 -6 -21 -3 -23 -19 -9 -22 -2 28 -11 -29
right_child=15 5 -4 17 19 8 7 11 -10 27 12 -13 -14 -15 18 16 -18 23 -20 20 25 22 -24 -25 -26 -27 -28 29 -30 -31
leaf_value=-0.026166472380307115 0.029104663028605607 0.030533976992933445 -0.034237008144542641 -0.023929980930536457 0.033754151268516663 0.052581688212443758 -0.03981326686997623 -0.0085372406174450792 -0.0017204330050940718 0.003015176973119519 -0.019212398263578238 -0.0047981601950030407 -0.027013288857841485 0.083215397386113235 -0.02338449373237848 0.05346370177283697 -0.018775708955296799 0.048735720319281875 0.064218014781412813 -0.048245616659440091 -0.012850674282447941 0.019536181275536104 -0.03309191076980203 -0.025256561430052251 0.13825594200387145 0.046234293109856696 -0.04032133730928808 -0.028112479263317905 0.10680010144623737 0.034326237924287732
leaf_weight=28.187870850902982 0.55406876862981036 10.16387005988509 19.075703972019255 1.2191235520876933 12.123868563212456 19.330730484449308 7.38958859129343 0.20314072445034959 3.6984616932459167 5.1894670089241144 1.3750431019579985 0.79570709355175495 1.5207894447958095 1.9983365599764509 0.5728554769884785 1.3279303108574811 3.7741221871692687 10.789440224179994 5.9564588206121698 2.6365953638451165 2.1692215035436675 4.8293266987893713 3.9580490983789787 0.63518177252262908 0.55856998253148049 3.0355580928735435 18.978104673675261 6.8891753685893473 0.89119842986110587 3.8324933412950486
leaf_count=8019 23 217 6295 148 1094 746 2600 75 67 668 341 220 467 199 105 99 1696 516 602 339 439 313 438 49 147 20 8173 1290 41 41
internal_value=0 0.00854335 -0.00250562 0.00515409 -0.000703343 0.0277839 0.0158977 -0.0138155 0.0441522 -0.00910341 -0.018425 0.0768721 0.0230368 0.0466178 0.0264586 -0.0283017 0.00570664 0.035193 0.0544471 0.0197179 -0.00334736 0.01457 -0.00512788 0.0429202 0.116483 0.0235068 -0.0370303 0.00925382 0.0311613 -0.0047692
internal_weight=0 159.026 101.569 82.4934 69.8496 57.4568 34.4276 8.94701 23.0292 49.8844 33.082 1.55742 4.89417 3.37338 25.4806 24.6342 5.10205 12.6437 6.52931 19.9652 7.84137 18.9512 8.78738 11.4246 0.761711 5.20478 19.5322 16.8023 6.08067 10.7217
internal_count=35487 25496 19966 13671 12958 5530 4717 3042 813 11066 9026 442 1007 540 1675 9991 1795 713 707 1892 798 968 751 565 222 459 8196 2040 709 1331
is_linear=0
shrinkage=0.05


Tree=53
num_leaves=31
num_cat=0
split_feature=3 23 14 0 38 38 24 31 13 3 13 24 31 12 24 13 20 39 38 24 40 21 13 3 0 40 16 13 19 14
split_gain=11.933 9.48398 5.41751 7.5332 5.40452 5.58402 5.27599 5.22624 4.74544 5.39858 4.27808 4.8071 4.11255 5.2817 3.91151 3.8415 3.67123 3.6117 6.51509 3.72493 3.56207 3.1499 3.04604 3.03015 2.82621 2.72864 2.64866 2.73024 2.6427 2.60067
threshold=1.0609047966360006 1.0000000180025095e-35 36916.140000000014 1529.5200000000002 60.050000000000004 17.150000000000002 1.0000000180025095e-35 14.500000000000002 10.500000000000002 0.057019022509601509 12.500000000000002 7.0907233796296305 6.5000000000000009 14443.155000000002 12.336440972222224 7.5000000000000009 2.5000000000000004 166.05000000000004 69.550000000000011 0.31092592592592599 1.8297834177823245 34.161030092592604 13.500000000000002 -5.1644574533274303 347.55500000000006 0.26806360032499083 3.5000000000000004 20.500000000000004 34.083310185185191 51769.120000000003
decision_type=2 2 2 2 2 2 2 2 2 2 2 2 2 2 2 2 2 2 2 2 2 2 2 2 2 2 2 2 2 2
left_child=1 2 17 4 5 16 -3 12 9 -5 11 29 -2 -14 -7 -11 -4 19 22 -1 -10 24 -19 -8 -16 -15 27 -12 -20 -9
right_child=7 6 3 8 -6 14 23 10 20 15 26 -13 13 25 21 -17 -18 18 28 -21 -22 -23 -24 -25 -26 -27 -28 -29 -30 -31
leaf_value=0.016729688071822516 0.025855361151217567 -0.014801730634162678 -0.037995681067231654 -0.037949741759283985 -0.029994371975780715 -0.025297685348355727 0.0024894372492722124 -0.010334208849820951 -0.038953296198796283 -0.022494053115507954 0.013545491538872174 0.069625293894221493 -0.023782556228749654 -0.015158355132738497 -0.01761881681949674 0.079301846437226556 0.030928986446953483 -0.0027623115023388423 -0.033402944557809705 -0.044503458791642705 0.020144509442690736 -0.014251287062405603 0.088937459458139911 0.048953581854035616 0.074979598972877995 0.053040264337425015 0.038870163800443558 -0.032959473576478701 0.03617707638597633 0.045679628699260219
leaf_weight=2.2265081047080484 11.298696848563848 7.2696658065542605 3.3869551907992053 1.7395417132647732 3.9256914429133749 1.0011624144390214 5.2035905793309203 4.3288723677396801 18.999931991682391 0.78243081388063762 10.439399969531225 9.6442303028888983 16.280927862622779 1.6848078534239892 0.53346019994932881 2.2649512514472008 2.4951328316237777 1.4403743197908618 9.226487783947956 25.881312818033621 2.2960964746307573 0.96630267635919231 1.1993083667475728 10.533179622376336 8.205787262064403 3.2456716620363295 5.8407456257846198 3.3590007650200269 0.73982174997218031 2.5312895982060581
leaf_count=813 224 1604 653 581 1536 272 39 289 6510 227 663 521 2212 101 110 383 150 320 4487 11298 339 149 208 79 550 157 294 366 433 39
internal_value=0 -0.00892986 -0.0164382 -0.00461272 0.0175814 0.0299052 0.0190627 0.0174582 -0.0220732 0.0198478 0.0302752 0.0484076 0.00273043 -0.010197 0.0499356 0.0540652 -0.0085126 -0.0295376 -0.00659954 -0.0392449 -0.0319638 0.0593343 0.0518891 0.0346563 0.0680985 0.0311095 0.01343 0.000762375 -0.0254099 0.013516
internal_weight=0 110.318 87.3113 46.5974 20.5145 16.5888 23.0064 68.6536 26.083 4.78692 36.1435 16.5044 32.5101 21.2114 10.7067 3.04738 5.88209 40.7138 12.606 28.1078 21.296 9.70555 2.63968 15.7368 8.73925 4.93048 19.6391 13.7984 9.96631 6.86016
internal_count=35607 30741 29019 11460 3420 1884 1722 4866 8040 1191 2172 849 2694 2470 1081 610 803 17559 5448 12111 6849 809 528 118 660 258 1323 1029 4920 328
is_linear=0
shrinkage=0.05


Tree=54
num_leaves=31
num_cat=0
split_feature=38 39 3 38 24 31 21 39 0 13 34 3 10 5 14 31 10 26 2 2 21 14 9 13 11 39 3 0 0 14
split_gain=10.222 17.4977 9.0523 7.24642 7.22646 6.76216 5.77733 5.46929 5.4638 5.45317 5.17103 4.96536 4.9522 4.79095 4.36717 4.17611 4.10476 3.71857 3.54309 3.42011 3.62823 2.99846 2.87102 2.77019 2.70592 4.31661 2.3352 3.39651 2.6878 2.31758
threshold=60.050000000000004 169.95000000000002 0.60678037601247026 1.0000000180025095e-35 0.4439583333333334 10.500000000000002 17.164050925925931 651.30000000000007 24211.650000000005 16.500000000000004 1.0000000180025095e-35 1.8109126750432212 2704.9400000000005 1.0000000180025095e-35 147552.63 9.5000000000000018 10490.460000000001 1.0000000180025095e-35 19.571745490999184 0.38606322304751223 0.93313657407407413 293408.0400000001 1.5000000000000002 10.500000000000002 2.5000000000000004 149.95000000000002 1.5565268894545115 90.210000000000022 31310.120000000003 6731.9650000000011
decision_type=2 2 2 2 2 2 2 2 2 2 2 2 2 2 2 2 2 2 2 2 2 2 2 2 2 2 2 2 2 2
left_child=1 3 16 8 -3 23 12 13 -1 24 22 14 21 17 19 -15 29 -4 -9 -7 -21 26 -11 -6 25 -8 27 -5 -28 -2
right_child=2 4 7 6 5 11 9 18 -10 10 -12 -13 -14 15 -16 -17 -18 -19 -20 20 -22 -23 -24 -25 -26 -27 28 -29 -30 -31
leaf_value=-0.039887018370784733 0.0021190248024810158 0.0075331515992944943 -0.023713204102068893 0.01407910852136812 -0.022162618851854898 0.033541388416970901 0.03132022205764172 0.073168070032372176 0.023408147472731039 -0.034245141567840677 0.039094648857335698 0.029187449511682062 0.024806413906262481 -0.033922751539964657 0.0033240056487128713 0.041728594189757003 0.017694029350882417 0.046308994610250835 -0.0043692093980323031 -0.0083318885198439656 0.17422720976102657 0.040921833091862703 0.016342627048387626 0.043075181860982539 0.059972755014405722 -0.04778113628791468 0.022091991550452304 -0.03540087533314696 -0.030649344060364837 -0.045889131997014478
leaf_weight=13.48599518183619 2.7362298989901381 6.8770764110377085 19.095311177545231 3.7144322381354966 1.4707404680084417 1.2682548753218723 12.40153582103085 3.2000125068007028 3.7289738181279963 7.5250654845731315 4.8381142048165193 2.6769925889093429 10.350392028805798 1.5635633161291496 0.70691944914869953 6.7404475854709744 2.8695643466198808 1.168113087886012 2.1043480187654495 0.19668510206975076 3.0836019031703472 1.4221151325618837 3.4537191782146692 5.5721498131752014 8.4827467657159996 1.0765686591621477 5.9111302818637323 17.064708586316556 2.72600138024427 21.307531783822924
leaf_count=6491 1326 100 4194 71 39 57 2037 90 161 2245 227 38 453 21 52 87 268 57 14 48 346 125 166 152 679 117 304 5436 37 10181
internal_value=0 0.0122275 -0.012845 0.0028527 0.0515594 0.0700403 0.0093081 0.00440634 -0.0256441 0.0231655 0.000540077 0.0997016 -0.00364956 -0.00473785 0.125212 0.0253692 -0.0339368 -0.0176886 0.0465937 0.140142 0.163892 -0.0136795 -0.0182954 0.0283901 0.0387279 0.0221381 -0.0175778 -0.0263156 0.00399301 -0.0405592
internal_weight=0 118.034 60.7851 96.1815 21.8524 14.9753 78.9665 33.8718 17.215 37.7778 15.8169 7.93245 41.1888 28.5674 5.25546 8.30401 26.9133 20.2634 5.30436 4.54854 3.28029 30.8384 10.9788 7.04289 21.9609 13.4781 29.4163 20.7791 8.63713 24.0438
internal_count=35619 19381 16238 18549 832 732 11897 4463 6652 5471 2638 541 6426 4359 503 108 11775 4251 104 451 394 5973 2411 191 2833 2154 5848 5507 341 11507
is_linear=0
shrinkage=0.05


Tree=55
num_leaves=31
num_cat=0
split_feature=40 38 19 5 13 19 13 24 19 33 24 38 24 13 0 25 24 40 40 0 24 38 16 45 38 25 12 11 14 19
split_gain=9.47826 11.0933 11.1305 6.1677 5.81768 5.59857 6.54985 5.53888 9.43409 4.94607 4.68582 4.44165 4.36219 5.50512 5.26418 4.7726 8.16309 3.82956 4.43516 3.89371 6.15207 3.99407 3.24614 3.05644 2.84614 2.77601 2.75282 4.97013 4.30091 2.4391
threshold=0.022730671873701674 60.050000000000004 0.77613425925925938 1.0000000180025095e-35 4.5000000000000009 30.101741898148152 31.500000000000004 27.685306712962966 10.686770833333336 0.065591397849462371 0.16323495370370372 197.35000000000005 7.9596759259259269 9.5000000000000018 1274.2100000000003 1.5000000000000002 1.9193576388888891 1.10089476244095 0.68730228222742207 3114.8700000000003 33.741614583333337 23.450000000000003 1.5000000000000002 1.0000000180025095e-35 26.450000000000003 3.5000000000000004 11845.180000000002 6.5000000000000009 42877.340000000011 26.924722222222226
decision_type=2 2 2 2 2 2 2 2 2 2 2 2 2 2 2 2 2 2 2 2 2 2 2 2 2 2 2 2 2 2
left_child=-1 4 3 10 -2 6 7 8 12 25 -3 -12 15 14 -14 16 26 18 29 20 21 -20 -15 -4 -24 -10 -6 28 -28 -9
right_child=1 2 23 -5 5 -7 -8 17 9 -11 11 -13 13 22 -16 -17 -18 -19 19 -21 -22 -23 24 -25 -26 -27 27 -29 -30 -31
leaf_value=-0.029831323142181971 -0.04110836417663663 0.028657553041820938 -0.036544496698900447 0.045852398194372979 0.033272776225425196 -0.031327220105728554 -0.032540384570785147 0.045705950977582802 -0.045696710705813083 0.02545368643018045 -0.036809214003223172 0.011108836731057559 -0.025514370677057037 -0.0066157746686286868 0.099908178324728106 0.067836405485670936 -0.037643917291461937 0.010810051218294963 0.0039630173467290692 0.020416097863620995 0.024436566894525322 0.21752088954184778 0.0023305165733420313 0.040309679473703425 0.050515799101733073 0.030795329340859736 -0.04591794837723695 -0.055517318737757018 0.048690877892184237 -0.023656185954332776
leaf_weight=18.872925928793848 3.2090394081315017 7.2224360384279889 26.055803594994362 7.6187215177342287 14.529244649573238 4.2872692260425529 4.3271186030469826 7.1092542082769814 8.4378843816230038 3.6558819179190314 10.228319870657289 7.8489481363212681 0.56561215710826473 4.8817810968030271 4.6940385426860303 2.6236230863723895 6.8105701645836225 4.9280940036987877 0.29165749705862321 1.4386936698574571 1.2271769277285782 0.82365735422354192 4.1943362343590698 0.56255374674219538 11.482592125423251 0.65354406833648759 0.77826049947179754 2.036411510896869 3.3371975130867213 0.86330056283622969
leaf_count=7335 881 667 12512 47 484 1815 862 559 2886 309 2130 639 124 523 169 42 1415 426 49 111 91 129 299 127 685 3 40 53 75 272
internal_value=0 0.00681583 -0.0100754 0.00931116 0.0171607 0.0195623 0.0223135 0.0254387 0.0186607 -0.0190473 -0.00301787 -0.016512 0.027438 0.0422359 0.0844992 0.0138018 0.00644522 0.0507109 0.0652811 0.105835 0.136493 0.189949 0.0280054 -0.0335195 0.0385367 -0.0376913 0.0220309 -0.00545949 0.0253209 0.0363957
internal_weight=0 156.723 59.5368 32.9184 97.1862 93.9772 89.6899 85.3628 68.681 12.7473 25.2997 18.0773 55.9337 25.8184 5.25965 30.1153 27.4917 16.6818 11.7537 3.78119 2.34249 1.11531 20.5587 26.6184 15.6769 9.09143 20.6811 6.15187 4.11546 7.97255
internal_count=35759 28424 16122 3483 12302 11421 9606 8744 7107 3198 3436 2769 3909 1800 293 2109 2067 1637 1211 380 269 178 1507 12639 984 2889 652 168 115 831
is_linear=0
shrinkage=0.05


Tree=56
num_leaves=31
num_cat=0
split_feature=19 21 19 39 10 21 17 23 24 6 40 39 19 24 19 21 0 15 3 21 13 40 40 0 25 2 39 13 24 31
split_gain=9.60432 12.622 7.25022 7.01482 6.43361 5.78883 7.13883 5.10622 4.41901 4.25289 3.68779 3.68562 3.60274 3.39887 10.605 9.95568 6.17625 3.15451 3.8141 3.25046 2.96839 4.44242 4.24543 2.94734 2.93796 2.92091 3.28944 4.99434 3.19276 2.91399
threshold=22.775590277777781 17.164050925925931 7.638964120370372 126.05000000000001 4289.7100000000009 3.305439814814815 6.5000000000000009 1.0000000180025095e-35 37.64083333333334 1.0000000180025095e-35 0.031908179449531358 138.15000000000001 27.888200231481488 26.672112268518521 15.319160879629631 30.769392361111112 31310.120000000003 354.50000000000006 3.8853203711202711 6.2637326388888903 14.500000000000002 0.99520918912876799 0.43949664888368262 4815.7700000000013 1.5000000000000002 2.0424321505531577 151.55000000000004 12.500000000000002 17.073240740740744 21.500000000000004
decision_type=2 2 2 2 2 2 2 2 2 2 2 2 2 2 2 2 2 2 2 2 2 2 2 2 2 2 2 2 2 2
left_child=1 2 3 4 17 9 7 -7 -2 11 -3 -5 -10 14 25 16 20 19 -19 -1 21 22 -15 -17 -16 26 28 -28 -12 -13
right_child=8 10 -4 5 -6 6 -8 -9 12 -11 13 29 -14 15 24 23 -18 18 -20 -21 -22 -23 -24 -25 -26 -27 27 -29 -30 -31
leaf_value=-0.026463489324897428 -0.03802323754928838 -0.023257905263146625 -0.030732842728360993 0.035519572492491595 0.026111532660026651 -0.022792424892453447 0.061434782875512101 0.046835395809627284 0.063342559385472202 0.027777836948149833 0.054876667824618308 -0.034364548936076648 -0.015180552040717516 -0.0093307215043744625 -0.039074728920507798 -0.024859201062388866 -0.010869608957328823 -0.039381572908188986 0.012387017264718638 0.045883471365692638 0.054805565855800445 0.0003021333284510681 0.17899763192761892 0.0391598735754905 0.022848868695715813 0.055097191444397224 -0.057395527505413081 0.019888883467230885 -0.0041635261515477534 0.033093772892010556
leaf_weight=2.0574786623474237 17.887198324548084 2.8707423484884194 18.9021820029011 1.972265057265761 7.3505172638688228 6.275224706623705 10.717662441427818 3.1299919139128178 1.2813632965553541 7.2574720379197961 7.0500337989069575 11.552078645676373 3.285195303033106 0.22837784455623333 7.0917902656365168 4.062188886338844 1.4021615390665827 19.918812608462762 3.7952855210751286 2.2677958713611588 5.0851598416920751 0.50258062325883646 1.7694018849870188 1.7909883754327891 1.7823707188945261 10.437820968334561 1.9658111669123153 6.1000862718792632 3.013477515662089 1.0307861522305746
leaf_count=249 8301 903 6709 413 354 1198 1097 81 103 93 134 2954 1601 92 2644 385 12 6743 36 53 325 89 90 20 50 138 111 237 295 93
internal_value=0 0.0071429 -0.00381277 0.0030762 -0.0131175 0.0167295 0.0353873 0.00265346 -0.0272322 -0.00127964 0.0259852 -0.0166226 0.0142738 0.0290748 0.0201246 0.0489589 0.0793076 -0.0239465 -0.0309304 0.012962 0.0953011 0.138474 0.161538 -0.00241453 -0.025583 0.0347083 0.0207031 -0.00320007 0.038419 -0.0268088
internal_weight=0 151.381 96.2276 77.3254 35.3899 41.9355 20.1229 9.40522 22.4538 21.8126 55.153 14.5551 4.56656 52.2822 37.4414 14.8409 8.98768 28.0394 23.7141 4.32527 7.58552 2.50036 1.99778 5.85318 8.87416 28.5672 18.1294 8.0659 10.0635 12.5829
internal_count=35603 25598 20073 13364 7435 5929 2376 1279 10005 3553 5525 3460 1704 4622 3609 1013 608 7081 6779 302 596 271 182 405 2694 915 777 348 429 3047
is_linear=0
shrinkage=0.05


Tree=57
num_leaves=31
num_cat=0
split_feature=40 19 21 19 40 23 24 24 19 38 38 24 0 2 0 24 39 0 0 12 21 24 39 24 2 24 0 25 12 31
split_gain=9.40273 9.29217 9.49137 8.4467 6.99566 5.96903 8.233 5.6231 7.70843 6.85798 4.75243 5.90767 6.3524 7.66083 4.52644 5.14985 5.58263 4.32644 3.67667 3.46456 3.28757 3.02607 2.95796 2.91724 2.83486 2.82233 2.75595 2.65715 2.64857 3.6694
threshold=0.027278815643012027 21.268032407407411 17.164050925925931 8.2731655092592611 1.5068549677870184 1.0000000180025095e-35 7.9596759259259269 26.672112268518521 16.863454861111112 112.65000000000002 26.450000000000003 18.909074074074077 6475.0850000000009 0.75711977306205547 255.34500000000003 31.19793402777778 110.15000000000002 38051.880000000012 1825.4250000000004 15456.390000000001 19.878865740740746 0.0071527777777777787 151.55000000000004 37.294068287037042 4.9736416646247781 17.073240740740744 31310.120000000003 1.5000000000000002 3348.1550000000007 10.500000000000002
decision_type=2 2 2 2 2 2 2 2 2 2 2 2 2 2 2 2 2 2 2 2 2 2 2 2 2 2 2 2 2 2
left_child=26 2 3 5 7 6 19 8 18 14 -8 12 13 -12 -9 16 -16 -13 -4 -2 -18 -7 25 -3 -14 -6 -1 -10 -15 -30
right_child=1 23 4 -5 22 21 10 9 27 -11 11 17 24 28 15 -17 20 -19 -20 -21 -22 -23 -24 -25 -26 -27 -28 -29 29 -31
leaf_value=-0.039471300468604045 -0.0329277812025996 -0.032674532163219298 0.017486623809060169 -0.032865843596436128 0.048185082037393898 0.018489795041319364 -0.027305086465680403 0.0086245479072783338 -0.042235148670731311 -0.0095979054236011354 -0.0097631432599824316 -0.039520722655251236 -0.039218563311120926 0.02613059399811761 0.029259911062524374 0.043213016848776514 0.052046978072558529 0.027901465730628197 0.058447568729123572 0.0072315245559457621 0.23666372399442714 0.073995368533057784 -0.037533828775713485 0.011138243415072337 0.019670144100799446 -0.019770486801535703 0.0096626150731733973 0.02732663818239095 -0.0022536168820739724 0.11274289746108034
leaf_weight=15.159845348447563 16.482865979894999 17.205098189297136 13.921513651497667 14.454512169235384 2.0727270462084544 7.9580363818677124 4.3716471632942548 1.861963871633632 4.3622649647295466 2.2097297291038549 2.6471181816887173 4.595169235370121 1.6323376408545289 2.5433525990229082 1.3119291970506313 3.8241368496092036 1.1353545185411347 3.2227106282953173 9.6638350964058173 7.3009591893060124 0.76764660899061699 3.3457987196743488 4.2367061014520004 4.2641464056214309 8.438934760168193 2.2269055686192587 3.0471549164503804 1.0769578979816286 0.73750224441755552 5.2001002085162327
leaf_count=7317 4943 7477 697 5009 47 508 531 155 1701 223 732 1251 201 561 83 187 30 32 248 798 73 25 227 1505 78 234 109 33 92 415
internal_value=0 0.00592978 0.0109336 0.000573882 0.0282184 0.00800403 0.00118425 0.0368041 0.0237966 0.0660128 0.0169978 0.0243596 0.0375918 0.0620118 0.0838571 0.100209 0.141669 -0.0117154 0.0359646 -0.0208056 0.182389 0.0395975 -0.0117751 -0.0238642 0.00744528 0.0158996 -0.0311732 -0.0263572 0.0830815 0.100193
internal_weight=0 153.072 131.603 82.931 48.6717 68.4765 57.1727 40.1353 29.0246 11.1108 33.3889 29.0172 21.1993 11.1281 8.90103 7.03907 3.21493 7.81788 23.5853 23.7838 1.903 11.3038 8.53634 21.4692 10.0713 4.29963 18.207 5.43922 8.48096 5.9376
internal_count=35522 28096 19114 15176 3938 10167 9634 3430 2679 751 3893 3362 2079 1800 528 373 186 1283 945 5741 103 533 508 8982 279 281 7426 1734 1068 507
is_linear=0
shrinkage=0.05


Tree=58
num_leaves=31
num_cat=0
split_feature=23 12 3 24 14 0 47 14 24 39 24 31 31 0 3 13 15 10 20 40 40 15 0 0 11 3 24 19 12 39
split_gain=7.8285 6.37634 6.46583 5.46239 4.94611 8.24443 3.99627 4.23109 3.73406 5.33319 4.19501 3.36869 4.21351 4.02818 3.35557 3.35365 3.31879 3.09921 3.03076 4.36477 2.57291 2.43177 2.74023 2.93186 2.64071 2.83728 2.43036 2.85314 2.40305 4.30172
threshold=1.0000000180025095e-35 12042.470000000001 1.516228075656374 1.1047222222222224 36916.140000000014 1402.1700000000003 1.0000000180025095e-35 456089.75000000006 0.31092592592592599 130.35000000000005 1.0000000180025095e-35 14.500000000000002 6.5000000000000009 3865.3000000000006 -2.0575984421710278 31.500000000000004 55610.500000000007 3437.7200000000007 1.5000000000000002 0.12512553317180922 0.12512553317180922 1476.5000000000002 3114.8700000000003 18912.450000000001 7.5000000000000009 -0.62798525907837688 13.840341435185186 22.775590277777781 2334.6300000000006 158.05000000000004
decision_type=2 2 2 2 2 2 2 2 2 2 2 2 2 2 2 2 2 2 2 2 2 2 2 2 2 2 2 2 2 2
left_child=1 2 4 28 8 14 7 16 9 10 -1 12 13 -4 -6 26 20 -10 -13 -20 -3 -22 24 -24 25 -23 -16 -28 -2 -30
right_child=3 6 11 -5 5 -7 -8 -9 17 -11 -12 18 -14 -15 15 -17 -18 -19 19 -21 21 22 23 -25 -26 -27 27 -29 29 -31
leaf_value=-0.020749944684507263 0.035395099107709709 -0.0029834400073110359 0.067138631736780682 0.068464261441009353 -0.02776130267684393 -0.029620445062310343 -0.027255282123058958 -0.034612502056749171 -0.039160771048450248 -0.042366647234720799 0.097490162938414282 0.0039871625428959693 -0.027121067259997102 -0.01856427801586373 -0.020508409546907868 -0.026645950077285315 -0.026306296033805122 0.01625776187979323 -0.033202641588686986 0.061995526495542713 0.015031239935986859 0.020780747602809613 -0.0046072290547727471 0.047157916400101023 -0.014758112215393783 0.11902269327890956 0.065305823172970401 -0.012099957105946683 0.02374966099085939 -0.021375601354061319
leaf_weight=0.70596016384661142 7.6360035714460599 5.9764500255696467 1.9320935152936756 4.6287901708856216 1.6331168471369881 12.204148695338516 4.8679077391279852 2.7268441000487647 33.894485545228235 1.3559903966961426 1.1090777789941055 9.7820721166208404 9.7191845183260721 1.9379906982649115 0.69019315007608639 1.1336231165332709 2.4859572347486383 2.188185474369674 0.81153774948324908 5.5296422116225585 12.788778759888375 1.6336883198237049 4.1360019559506309 6.2283254255307838 0.40533378138206888 2.0594389970647162 7.1028671931708214 1.0649486046750096 10.664942858042197 8.6694120410829765
leaf_count=374 763 1072 29 38 338 4633 888 599 17260 573 275 482 847 36 324 598 716 203 67 200 603 321 1221 228 173 452 586 414 768 437
internal_value=0 -0.00390506 -0.0112646 0.0233562 -0.0202209 -0.00207615 0.0117621 0.0172687 -0.0309105 0.0168784 0.0604666 0.00778998 -0.0101719 0.0292223 0.0268967 0.0375434 0.0220649 -0.0354522 0.0226388 0.046949 0.0263466 0.0326568 0.0462622 0.0279128 0.0780888 0.0892524 0.0476278 0.0549944 0.0134436 0.00345961
internal_weight=0 136.104 92.7951 31.5991 63.0826 23.8289 43.3087 38.4408 39.2537 3.17103 1.81504 29.7125 13.5893 3.87008 11.6247 9.99163 35.714 36.0827 16.1233 6.34118 33.228 27.2516 14.4628 10.3643 4.09846 3.69313 8.85801 8.16782 26.9704 19.3344
internal_count=35518 33512 27239 2006 25578 6893 6273 5385 18685 1222 649 1661 912 65 2260 1922 4786 17463 749 267 4070 2998 2395 1449 946 773 1324 1000 1968 1205
is_linear=0
shrinkage=0.05


Tree=59
num_leaves=31
num_cat=0
split_feature=25 33 31 12 3 0 11 15 33 13 36 24 13 23 40 24 24 47 14 13 10 14 31 17 13 31 3 3 15 0
split_gain=8.44654 6.89654 6.71517 5.83519 4.95413 4.74417 4.62577 5.88064 4.56095 4.13479 4.10924 3.92639 3.9144 3.01015 2.96018 2.95217 4.83121 4.20414 2.92866 2.86172 2.85193 2.81832 2.98499 2.65973 2.65557 2.70914 2.60304 2.24664 2.23809 2.06525
threshold=1.5000000000000002 0.04083333333333334 21.500000000000004 33868.055000000008 0.72341468225539651 774.94000000000017 4.5000000000000009 2718.5000000000005 0.5270467836257311 12.500000000000002 1.0000000180025095e-35 0.16323495370370372 10.500000000000002 1.0000000180025095e-35 0.93320828348363782 7.1784664351851859 15.051516203703706 1.0000000180025095e-35 35705.975000000013 11.500000000000002 511.32500000000005 107955.77500000004 6.5000000000000009 4.5000000000000009 31.500000000000004 1.5000000000000002 -0.41594880950092233 -1.4367066003667293 1865.5000000000002 18912.450000000001
decision_type=2 2 2 2 2 2 2 2 2 2 2 2 2 2 2 2 2 2 2 2 2 2 2 2 2 2 2 2 2 2
left_child=1 2 3 4 5 6 11 20 18 15 14 12 -1 -2 26 17 29 -6 -3 -5 -8 -21 -23 -20 25 -25 27 -9 -11 -17
right_child=13 8 -4 19 9 -7 7 10 -10 28 -12 -13 -14 -15 -16 16 -18 -19 23 21 -22 22 -24 24 -26 -27 -28 -29 -30 -31
leaf_value=0.047527871348921197 0.019790319589687869 0.0016545229879080352 0.033435807735544464 0.049092885369881503 -0.027459882925883125 -0.039960786348379275 0.019739525756688279 -0.0055206625425659843 -0.027601204324858398 0.011759654982652122 -0.016588222040615701 -0.039321834136153352 -0.030404361403813102 0.070608703289062644 -0.010013715242250108 0.068377317277748179 -0.0012330522202315198 0.043394067866575625 -0.025208996248488914 0.049897620703274685 -0.039091615895698262 0.03378021461987811 -0.026603998720176759 -0.02042194341388591 -0.028426399071537406 0.04394477518266364 -0.0073836439063748403 0.17678195493455306 -0.027448291606798927 -0.016254873691204437
leaf_weight=2.4734512825962183 9.6779181781457719 11.595777337322941 8.3479259391315264 4.0455239771399638 6.6273312243865821 26.481726783211343 4.1594247402390447 0.12383339670486715 4.3022827164968467 4.1306466714013395 0.4948593284934758 11.176142993033862 2.0862047136761248 4.1120386794209471 0.24957040150184184 4.8246511486358923 6.6076778087299317 1.9116925431881098 1.2187577248550976 1.4449801284354169 2.4422449879348278 1.8946891576051692 6.3147994513856247 1.2005856423638821 0.83498210820834984 20.900100611499511 0.1727514765225352 0.51627669937442988 14.483200208866036 0.43675551912747312
leaf_count=402 597 1687 664 329 892 13701 132 69 835 485 288 6139 275 34 139 422 1223 147 97 96 457 24 1224 56 127 1177 116 172 3494 37
internal_value=0 -0.000888491 -0.00728654 -0.0108734 -0.0155399 -0.0257427 -0.00901306 0.0199978 0.016658 -0.0020541 0.0844163 -0.0243512 0.0128158 0.0386934 0.116694 0.0131933 0.0284044 -0.00871111 0.0225904 0.0185632 -0.0043041 0.00236323 -0.010513 0.0321757 0.0361508 0.0397155 0.139661 0.159652 -0.0185916 0.0598779
internal_weight=0 151.499 111.446 103.098 89.3984 50.3765 23.8948 8.15896 40.0525 39.022 1.55729 15.7358 4.55966 13.79 1.06243 20.4081 11.8691 8.53902 35.7502 13.7 6.60167 9.65447 8.20949 24.1544 22.9357 22.1007 0.812862 0.64011 18.6138 5.26141
internal_count=35537 34906 30927 30263 28590 21890 8189 1373 3979 6700 784 6816 677 631 496 2721 1682 1039 3144 1673 589 1344 1248 1457 1360 1233 357 241 3979 459
is_linear=0
shrinkage=0.05


Tree=60
num_leaves=31
num_cat=0
split_feature=19 21 19 13 39 38 5 10 21 19 24 39 38 39 16 0 0 2 2 38 33 21 10 38 38 39 25 40 40 17
split_gain=8.58824 9.42839 7.28498 5.24201 5.02122 9.6173 7.35935 6.06674 5.74989 4.60209 7.04906 4.57562 4.73303 4.38492 3.79342 3.62247 3.49329 4.47383 3.6939 3.78384 3.6277 4.04673 3.81135 3.59706 3.25811 3.17444 3.07769 2.87145 2.76457 2.49188
threshold=26.924722222222226 17.164050925925931 7.638964120370372 33.500000000000007 127.65000000000002 70.15000000000002 1.0000000180025095e-35 2704.9400000000005 5.0341550925925933 20.769866898148152 27.685306712962966 170.95000000000002 8.4500000000000011 141.35000000000005 4.5000000000000009 1930.5900000000001 1825.4250000000004 0.84749364926895487 4.2536268813489384 64.15000000000002 0.097619047619047633 37.545688657407418 59.405000000000008 14.750000000000002 59.550000000000004 417.60000000000008 2.5000000000000004 2.0819646223935195 1.5068549677870184 13.500000000000002
decision_type=2 2 2 2 2 2 2 2 2 2 2 2 2 2 2 2 2 2 2 2 2 2 2 2 2 2 2 2 2 2
left_child=1 2 4 9 7 11 8 29 -7 16 26 13 -13 -6 -9 -10 20 -18 19 23 22 -22 -3 -19 -12 -21 -11 -2 -20 -1
right_child=27 3 -4 -5 5 6 -8 14 15 10 24 12 -14 -15 -16 -17 17 18 28 25 21 -23 -24 -25 -26 -27 -28 -29 -30 -31
leaf_value=-0.024500523138074215 -0.038263883744685194 -0.020959626861517085 -0.030538344939363929 -0.042250763514978203 0.047849257323201909 -0.046269660635286508 0.03663936150621034 0.0030079421135516551 -0.03334575304084688 -0.044208954295787986 0.059216654802527503 -0.013959486442963579 0.081637419127863764 -0.016788029440063867 0.069006775987731611 0.037016061109141171 -0.035127645530070771 -0.015023951770833755 0.041392650337176394 -0.024816799134831317 0.051710915901918501 -0.037664863607384677 0.02532332906993447 0.10660536949185358 -0.02466704236918723 0.062386874739639712 0.032525947264911141 0.035137344693441139 -0.015927056605978162 0.02850900807362949
leaf_weight=25.963062759954486 13.238717482076023 7.3674070965498712 17.809669795795344 2.1020152277778825 4.079768259078266 9.5294616235187295 6.2534026557113966 6.8253199666505662 1.9168745758943249 6.1800132392672804 3.6717574544018134 1.2224213778972606 7.2171838044887409 4.6472383368527517 2.2660210161702707 4.1321670382749289 0.86642749269958841 0.41882489656564015 8.9079826561501232 1.5182782805059107 8.8272961378097499 0.72600602183956731 8.527054760954341 5.4630269451299682 0.91921563516370941 0.85744788905140001 0.83690671622753132 0.69664786232169795 2.093691057059913 1.5890125082805742
leaf_count=6783 7060 1821 6739 584 398 3186 55 431 819 2883 460 8 326 494 82 447 160 167 106 409 227 17 485 374 430 39 5 270 21 231
internal_value=0 0.0072397 -0.00267824 0.022659 0.00419421 0.016484 -0.00563805 -0.00897589 -0.0237951 0.0257303 -0.00225012 0.0433797 0.0677789 0.0152418 0.0246663 0.0131517 0.0327524 0.0481094 0.0534031 0.0778888 0.0192473 0.0419934 0.00389944 0.09702 0.0410133 0.0158143 -0.0321412 -0.0324875 0.0300662 -0.0205519
internal_weight=0 152.735 93.4516 59.2834 75.6419 38.9985 21.8319 36.6434 15.5785 57.1813 11.6079 17.1666 8.43961 8.72701 9.09134 6.04904 45.5734 20.1257 19.2593 8.25758 25.4478 9.5533 15.8945 5.88185 4.59097 2.37573 7.01692 13.9354 11.0017 27.5521
internal_count=35517 28187 19999 8188 13260 5733 4507 7527 4452 7604 3778 1226 334 892 513 1266 3826 1276 1116 989 2550 244 2306 541 890 448 2888 7330 127 7014
is_linear=0
shrinkage=0.05


Tree=61
num_leaves=31
num_cat=0
split_feature=25 19 21 6 3 3 2 14 14 13 15 38 17 21 3 10 32 9 19 10 13 19 5 38 3 15 17 19 10 14
split_gain=6.3151 6.01983 9.86324 4.53674 4.36138 3.37199 3.33235 2.93827 4.4009 2.88518 2.86624 2.59896 2.56454 2.47137 2.45723 3.17322 2.31098 2.22452 2.02076 2.36627 3.76447 2.18347 1.9017 1.87873 1.80061 2.31953 2.05312 2.86671 2.80673 2.64106
threshold=1.5000000000000002 8.2731655092592611 6.2637326388888903 1.5000000000000002 -2.0575984421710278 2.2838636327926638 0.2278905792677067 48739.685000000005 13457.485000000001 8.5000000000000018 43.500000000000007 10.250000000000002 4.5000000000000009 8.0406655092592612 3.8853203711202711 8480.2950000000019 1.0000000180025095e-35 10.500000000000002 39.976412037037043 1717.9450000000002 14.500000000000002 40.212390046296306 1.0000000180025095e-35 62.350000000000001 1.6962433472099498 157235.00000000003 1.5000000000000002 -1.0000000180025095e-35 1535.1700000000003 53373.500000000007
decision_type=2 2 2 2 2 2 2 2 2 2 2 2 2 2 2 2 2 2 2 2 2 2 2 2 2 2 2 2 2 2
left_child=1 2 3 10 11 6 -3 8 13 -2 -1 17 -9 -6 15 -10 -5 -4 19 -8 -21 -20 -7 -11 26 -26 -12 -28 -29 -30
right_child=9 5 4 16 7 22 18 12 14 23 24 -13 -14 -15 -16 -17 -18 -19 21 20 -22 -23 -24 -25 25 -27 27 28 29 -31
leaf_value=0.036899573555653896 -0.020745959576847016 0.03301080402395129 0.017757994993137322 0.041597100892860284 -0.022276243881537663 0.032414298908431345 -0.031025402868396071 -0.016957614790226058 -0.022029889626171265 0.049043257353005631 0.015032985864891796 -0.037558729968856425 0.049305898673773552 0.055529637696660465 0.040067566146842454 0.041389130961565386 -0.015239768954948647 -0.03269165010453963 0.073984495747355605 0.037756238294180899 -0.025278148147530523 -0.01954573840115665 -0.023130803256738001 -0.0065292952704253879 -0.01068348072554679 0.051841687701318889 -0.045556329733129286 -0.025139670841779267 0.055527112832265829 -0.024445772048080017
leaf_weight=1.5184004163602356 1.5105229791952286 1.9604288430418808 10.943739952519534 4.8697922856081268 0.64409338776022451 4.5429858362767837 31.565244652447291 1.1137365081813211 9.9134974667103908 10.430334232747553 2.0628566411323872 2.8371090714354059 16.662777128629386 5.9400202707620338 1.8779373615980155 1.4509922524448491 1.9563662719447164 1.7190226912498463 0.20961316791362961 2.9088111210148773 5.0113687486154959 0.63793982774950564 1.3215258447453377 1.5026119569083665 14.475833108299408 0.64778677781578231 13.314957615337335 6.8177886463236064 1.7096883537014949 0.93910523084923614
leaf_count=77 114 324 246 56 239 154 16981 96 1390 286 1013 764 808 510 14 13 24 13 105 468 1470 307 20 201 532 29 4982 3675 322 230
internal_value=0 -0.000543114 0.00636396 -0.00988477 0.0210564 -0.0149223 -0.0198534 0.0300526 0.0156092 0.0340747 -0.0161594 -0.00126725 0.0444723 0.0459846 -0.00166171 -0.0112401 0.0254419 0.00901776 -0.0231594 -0.0250639 -0.000490379 0.0311103 0.0183514 0.0420817 -0.0190266 -0.00495619 -0.0270686 -0.0313527 -0.00893113 0.0282445
internal_weight=0 149.573 101.416 48.3126 53.1029 48.1579 42.2934 37.6031 19.8265 13.4435 41.4864 15.4999 17.7765 6.58411 13.2424 11.3645 6.82616 12.6628 40.333 39.4854 7.92018 0.847553 5.86451 11.9329 39.968 15.1236 24.8444 22.7815 9.46658 2.64879
internal_count=35463 34862 15033 10940 4093 19829 19655 3070 2166 601 10860 1023 904 749 1417 1403 80 259 19331 18919 1938 412 174 487 10783 561 10222 9209 4227 552
is_linear=0
shrinkage=0.05


Tree=62
num_leaves=31
num_cat=0
split_feature=38 39 39 34 39 15 5 38 14 26 13 39 38 39 0 31 17 27 18 13 15 39 6 0 17 13 36 15 11 14
split_gain=7.58571 12.9867 7.20629 6.01607 6.15239 5.15681 4.6662 4.64116 4.00567 3.94993 3.33373 3.2151 3.04494 8.55936 3.48557 3.02974 3.01806 3.25334 3.00611 2.97478 2.67293 2.65407 2.6054 2.9654 2.62934 2.55652 4.03989 2.52665 2.2525 2.1291
threshold=60.050000000000004 199.95000000000002 750.70000000000016 1.0000000180025095e-35 126.05000000000001 2550.5000000000005 1.0000000180025095e-35 12.750000000000002 41762.390000000007 1.0000000180025095e-35 14.500000000000002 152.35000000000005 39.550000000000004 74.950000000000017 6100.3950000000013 11.500000000000002 15.500000000000002 1.0000000180025095e-35 1.0000000180025095e-35 18.500000000000004 30320.000000000004 99.750000000000014 2.5000000000000004 90.210000000000022 1.5000000000000002 16.500000000000004 1.0000000180025095e-35 43.500000000000007 1.5000000000000002 40801.795000000006
decision_type=2 2 2 2 2 2 2 2 2 2 2 2 2 2 2 2 2 2 2 2 2 2 2 2 2 2 2 2 2 2
left_child=1 3 6 4 12 -3 9 -7 27 16 -4 20 22 14 -14 -8 17 -2 -17 -10 21 29 23 -1 28 26 -13 -6 -25 -5
right_child=2 5 10 11 8 7 15 -9 19 -11 -12 25 13 -15 -16 18 -18 -19 -20 -21 -22 -23 -24 24 -26 -27 -28 -29 -30 -31
leaf_value=0.01375622710461012 -0.035400282880029332 0.023477456104896769 0.067242345984640489 -0.010226241199103902 0.046451701847238569 -0.024566102778713204 -0.024619682475044723 0.10019901838044945 0.059514352185229463 0.034499484078698843 -0.0073501671959751887 -0.063984127477983738 0.095799719667354177 -0.015651699533360128 -0.015119445822583602 -0.018240733658504097 0.024120947074155435 0.025193638851408628 0.053938168688535883 0.0010620652380823449 0.0082965274936207655 0.067638490226846232 0.037455754443107149 -0.018980214973394416 -0.032231714322557371 0.024721144323495953 0.03448781893257899 -0.016375887774647525 0.078013923903562155 0.038649193018554559
leaf_weight=3.9624217019882044 35.121941342717037 7.7829309392254782 2.9024477726779869 3.0430150588508749 0.98001996055245566 0.45435187534894783 2.4234450645744792 5.1730853341287002 5.9296243127901089 1.8025864281225938 2.13957313017454 2.2439426471246402 2.0091960822464894 10.104812054312786 0.6070318529382347 1.4625683740014208 1.8474434751551587 1.671821190509944 3.9112592712044716 3.2272565133171156 9.1820248833391798 5.7550844561774284 0.93714946415275235 0.60949580522720026 29.102692257496528 2.0872597775887698 0.78235389804467548 7.4997784610604867 0.17156633024569601 4.8490787362679839
leaf_count=121 15032 106 101 547 16 9 32 253 339 194 103 73 213 2619 31 56 480 234 24 460 1083 299 12 333 10917 52 32 1338 80 328
internal_value=0 0.0105736 -0.0123613 0.00369453 -0.00466776 0.054753 -0.0184875 0.0879389 0.0198365 -0.02524 0.0396115 0.0226767 -0.0139867 0.00657192 0.0729995 0.0154254 -0.0288268 -0.0320533 0.0345138 0.0410462 0.0304709 0.0438051 -0.021479 -0.0241389 -0.0294463 -0.0114125 -0.0362843 -0.00498071 0.034165 0.0207732
internal_weight=0 106.494 53.2831 93.0838 65.141 13.4104 48.2411 5.62744 17.6367 40.4438 5.04202 27.9428 47.5044 12.721 2.61623 7.79727 38.6412 36.7938 5.37383 9.15688 22.8292 13.6472 34.7833 33.8462 29.8838 5.11356 3.0263 8.4798 0.781062 7.89209
internal_count=35517 19261 16256 18893 16479 368 16052 262 2153 15940 204 2414 14326 2863 244 112 15746 15266 80 799 2257 1174 11463 11451 11330 157 105 1354 413 875
is_linear=0
shrinkage=0.05


Tree=63
num_leaves=31
num_cat=0
split_feature=19 21 19 15 24 24 2 40 40 24 25 40 24 18 19 25 24 21 11 13 2 12 19 12 21 15 0 21 19 13
split_gain=7.97007 10.6112 5.58063 3.85643 4.33591 5.252 4.43801 5.04911 3.73427 3.63111 4.20107 3.51125 4.77036 7.86163 7.09656 3.62152 3.4863 3.33522 3.21229 2.96564 2.82504 2.69166 2.52281 2.40291 2.49364 2.22592 4.06766 2.76573 2.21871 2.19393
threshold=22.775590277777781 17.164050925925931 8.2731655092592611 45588.500000000007 7.0907233796296305 21.048391203703705 0.75711977306205547 0.20145979200663197 0.022730671873701674 1.8053877314814819 1.5000000000000002 1.8618110887650263 26.672112268518521 1.0000000180025095e-35 17.823964120370373 1.5000000000000002 18.909074074074077 37.545688657407418 3.5000000000000004 31.500000000000004 0.2278905792677067 52400.345000000008 39.976412037037043 35421.575000000004 3.9357754629629631 9429.0000000000018 1865.8650000000002 1.0000000180025095e-35 40.212390046296306 21.500000000000004
decision_type=2 2 2 2 2 2 2 2 2 2 2 2 2 2 2 2 2 2 2 2 2 2 2 2 2 2 2 2 2 2
left_child=1 2 3 4 9 6 -6 -8 -3 23 -11 12 14 -14 16 -16 17 -10 -18 -9 -2 -7 -22 24 25 -1 27 -27 -24 -15
right_child=20 8 -4 -5 5 21 7 19 11 10 -12 -13 13 29 15 -17 18 -19 -20 -21 22 -23 28 -25 -26 26 -28 -29 -30 -31
leaf_value=-0.037916502612299424 0.030270906617689355 -0.027738800670027861 -0.030046774348025069 -0.017859789443635917 -0.010674535479414018 -0.03407747595072854 -0.0062663028996224543 0.058723669289223207 0.05325578942091036 -0.038466247524881231 0.037221356396036846 -0.0078260415752472376 0.089806815141420249 0.031642416953492611 -0.042780711392129432 0.031103304964532126 -0.022740643190440557 -0.0055899352208577703 0.038896449863016526 -0.022793169694718146 -0.035385608700226771 0.023330750203368302 0.07323708423535151 0.040549689849390613 0.02418618270021539 0.11325462950647575 -0.031966547385347176 -0.013545872818934785 -0.020056777141859987 -0.024611944787736848
leaf_weight=4.4691418468719366 1.2999308353755648 2.33715448481962 14.541911003878338 16.232221957412548 4.572155316709547 4.8384391727158791 4.1442870091414106 15.028486720868383 15.132294531445959 9.6197031605988723 1.3851013228995714 5.4463533702655686 7.1139391910983232 3.1423459053039551 4.7449328057118683 1.5058703646063802 4.2229935739887869 2.6200011272449037 2.555099735269323 0.69105061260052103 17.422927238745618 2.2868986746761948 0.21692435711156477 3.5829094789223737 4.1089737686561421 0.2249478381127118 1.1065765556413678 0.37070786557160318 0.66504941112361848 2.0467918135691434
leaf_count=1108 140 838 6049 5129 892 1412 684 950 700 2472 50 304 529 282 2093 39 466 36 111 128 9456 86 104 156 198 130 251 239 320 109
internal_value=0 0.00777611 -0.00284454 0.00293349 0.00912163 0.0211514 0.0318836 0.0417216 0.0256871 -0.00637344 -0.026633 0.0287681 0.0334666 0.0589919 0.0217291 -0.0231466 0.033623 0.044736 0.00250788 0.0539912 -0.025555 -0.0150484 -0.0308822 0.0104186 -0.00274642 -0.0215506 0.0195481 0.0753067 0.0296117 0.00906206
internal_weight=0 138.071 87.2035 72.6616 56.4294 31.5613 24.436 19.8638 50.8678 24.8681 11.0048 48.5306 43.0843 12.3031 30.7812 6.2508 24.5304 17.7523 6.77809 15.7195 19.6048 7.12534 18.3049 13.8633 10.2803 6.17137 1.70223 0.595656 0.881974 5.18914
internal_count=35461 25441 19934 13885 8756 4152 2654 1762 5507 4604 2522 4669 4365 920 3445 2132 1313 736 577 1078 10020 1498 9880 2082 1926 1728 620 369 424 391
is_linear=0
shrinkage=0.05


Tree=64
num_leaves=31
num_cat=0
split_feature=38 39 19 14 38 39 0 2 24 21 5 2 20 39 11 0 31 14 33 33 3 14 19 15 38 12 39 16 16 14
split_gain=6.26342 10.2794 7.39457 4.31235 3.73743 10.8298 7.28288 5.41681 4.04522 3.57929 7.32896 4.20633 3.32406 3.09467 2.72158 2.83471 2.72048 3.06914 2.62823 2.56756 2.55918 2.91813 2.82679 2.47543 2.27477 2.18207 2.09444 1.93471 1.80894 1.7478
threshold=60.050000000000004 110.15000000000002 0.073726851851851863 24202.495000000003 27.850000000000005 71.450000000000017 90.210000000000022 19.571745490999184 7.9596759259259269 10.859467592592594 1.0000000180025095e-35 0.49732171013566157 2.5000000000000004 1003.5500000000001 14.500000000000002 10710.510000000002 21.500000000000004 12660.640000000001 0.048809523809523817 0.046536796536796543 -0.064481553138823269 159162.37500000003 26.787494212962965 60651.500000000007 46.750000000000007 15456.390000000001 154.05000000000004 1.5000000000000002 7.5000000000000009 5574.1650000000009
decision_type=2 2 2 2 2 2 2 2 2 2 2 2 2 2 2 2 2 2 2 2 2 2 2 2 2 2 2 2 2 2
left_child=1 4 9 16 6 8 25 29 -6 10 -2 -11 -13 -4 15 20 24 -18 -7 23 21 -5 -22 -10 -3 -1 -14 -17 -23 -8
right_child=2 3 13 14 5 18 7 -9 19 11 -12 12 26 -15 -16 27 17 -19 -20 -21 22 28 -24 -25 -26 -27 -28 -29 -30 -31
leaf_value=0.042326978552623698 -0.034147042724333207 0.00699941710081877 -0.034773289604777734 0.039447985782325133 -0.014720832047518451 -0.021563423964707243 0.011462245577667432 0.028427390386051851 0.099452255288940555 -0.032725446047469152 0.031794761382414292 0.054042218223732376 0.034175540929456523 0.045795861204823402 -0.032671244505114869 -0.025291865423407889 0.072421240627453018 -0.016977935427112106 0.017489269697966443 -0.0041264927979194508 0.069709218790368704 -0.034525887273098375 -0.018560529696212733 -0.012303110965203061 -0.0359144344907344 -0.021725083454146792 -0.030221872981654886 0.024450866193805293 0.028211192197272823 -0.038981310211457787
leaf_weight=5.1318998896749717 10.00803977251053 10.569136066013018 22.360928781738043 12.174784844508393 1.0923566822893942 12.960744384618012 1.430224165902479 3.0933611942455164 4.0388034705538303 1.8154210624052201 5.8764494666829696 7.3359693043166754 1.1586550640640783 0.41911985783371974 0.66517323430161823 2.0045330810826263 1.6692164330743247 1.0047520012594757 5.3579022064805022 0.73090417368803162 10.726368271221871 1.9888003744417813 0.58162996737519357 0.32233139919117082 3.2342776990262783 1.0271005798131225 2.0643923280294985 4.809856100124307 0.94815189042128611 21.283217330696061
leaf_count=118 2435 1204 12941 835 209 3460 811 28 342 548 39 132 25 60 9 118 40 44 409 58 799 159 263 151 792 20 68 174 10 9284
internal_value=0 0.0102699 -0.0108589 0.0264596 -0.00438224 0.0100796 -0.0154373 -0.0270233 0.0622053 0.00622931 -0.00931369 0.0253857 0.0373436 -0.0314275 0.0364257 0.0387226 0.0050452 0.0433513 -0.00982711 0.0784153 0.0459365 0.0292636 0.0640299 0.0904382 -0.00480257 0.0301028 -0.00446087 0.00845437 -0.0122509 -0.0354556
internal_weight=0 106.846 51.039 50.3767 56.4688 24.503 31.9658 25.8068 6.1844 28.2589 15.8845 12.3744 10.559 22.78 33.8993 33.2341 16.4774 2.67397 18.3186 5.09204 26.4197 15.1117 11.308 4.36113 13.8034 6.159 3.22305 6.81439 2.93695 22.7134
internal_count=35585 19337 16248 4447 14890 4629 10261 10123 760 3247 2474 773 225 13001 2367 2358 2080 84 3869 551 2066 1004 1062 493 1996 138 93 292 169 10095
is_linear=0
shrinkage=0.05


Tree=65
num_leaves=31
num_cat=0
split_feature=19 24 19 25 40 13 11 40 31 5 13 39 40 39 40 40 10 12 3 40 31 0 19 12 39 2 12 17 39 0
split_gain=6.41567 4.55666 8.42743 4.06365 4.045 4.18667 4.54008 5.3163 4.0888 5.03709 4.54743 3.56788 3.29286 4.47504 3.28411 3.83929 3.25267 3.14677 3.01413 2.5202 2.35726 3.31639 2.84096 2.53768 2.2774 2.23409 2.16284 2.07605 1.99369 1.98843
threshold=10.185746527777779 26.672112268518521 25.851684027777782 2.5000000000000004 2.5156732073457699 29.500000000000004 5.5000000000000009 0.65068080507125436 11.500000000000002 1.0000000180025095e-35 15.500000000000002 1003.5500000000001 0.12512553317180922 72.250000000000014 0.89336880286019371 0.43949664888368262 925.30000000000007 4973.5850000000009 1.7484187391750303 2.0819646223935195 4.5000000000000009 2586.1850000000004 3.6618865740740745 318.14000000000004 123.15000000000002 0.26999051820516834 6157.6999999999998 21.500000000000004 170.95000000000002 50.085000000000008
decision_type=2 2 2 2 2 2 2 2 2 2 2 2 2 2 2 2 2 2 2 2 2 2 2 2 2 2 2 2 2 2
left_child=4 3 14 11 5 6 7 8 10 12 -1 25 -10 -14 15 -3 20 -18 -12 27 -9 -22 23 -23 -15 -2 -25 -4 -17 -8
right_child=1 2 19 -5 -6 -7 29 16 9 -11 18 -13 13 24 -16 28 17 -19 -20 -21 21 22 -24 26 -26 -27 -28 -29 -30 -31
leaf_value=-0.046391353974003666 0.015475365735660341 0.012285824429659082 -0.034446910830011251 0.031361535848024168 0.047522133644766235 -0.03026159879275548 0.0018144752020906611 0.035747812536723086 -0.032878809174141786 0.045714719172145993 -0.021487938793168369 0.052206171147311901 0.060167710887737071 -0.036037174971040156 -0.007997300190311649 0.10411579035686117 0.081505076498585904 0.019506400034683236 0.041999280902666754 0.03903127371325904 -0.024732748881825986 0.06185649239240152 -0.033500027876917929 -0.01498995483094677 0.0057951529587643279 -0.041114499135115279 0.033468484052623565 0.044336750586607424 0.0018865222046510974 0.040549013047206851
leaf_weight=10.029242823133243 1.3883622171124539 3.4315108141745458 10.873655284987757 1.8783330917358387 5.223451650410424 6.4871681694639838 4.4943030280992415 4.6225780603708726 7.0235595545382301 4.6939981766045085 3.2467211075127116 0.32432093832176079 2.1269389614462879 3.4025491901556952 2.5695190663682297 2.3297967792605054 2.4247155484044907 7.5070284336106852 2.3802822057623416 0.61030297272373069 7.6568536956328925 2.4010860419948568 1.5716296305763524 4.0529109086492099 11.690064699098 21.329207998758648 3.3179847234277986 0.059846845222637834 0.60031436081044365 12.732984776666852
leaf_count=2027 271 715 6521 13 114 1378 46 127 3228 35 846 20 309 979 527 263 232 354 42 235 2916 161 476 227 2041 10197 281 25 116 962
internal_value=0 -0.0139078 0.00355918 -0.0278426 0.00832249 0.0058699 0.00861596 0.00332969 -0.00792714 0.00332432 -0.027674 -0.0337725 -0.00636922 0.0056547 0.0378206 0.0548993 0.0180862 0.0407138 0.00765295 -0.0238499 0.00730576 -0.00105521 0.0156359 0.0259147 -0.00528905 -0.0371494 0.00821579 -0.0303365 0.0889806 0.0310978
internal_weight=0 45.3952 20.4749 24.9202 107.086 101.863 95.3754 78.1481 44.5934 28.9371 15.6562 23.0419 24.2431 17.2196 8.93114 6.36162 33.5548 9.93174 5.627 11.5438 23.623 19.0005 11.3436 9.77198 15.0926 22.7176 7.3709 10.9335 2.93011 17.2273
internal_count=35684 18903 8402 10501 16781 16667 15289 14281 9507 6592 2915 10488 6557 3329 1621 1094 4774 586 888 6781 4188 4061 1145 669 3020 10468 508 6546 379 1008
is_linear=0
shrinkage=0.05


Tree=66
num_leaves=31
num_cat=0
split_feature=34 13 39 14 19 14 0 21 38 21 10 39 3 40 31 14 0 13 38 33 33 40 31 19 24 11 24 0 13 23
split_gain=6.42101 4.91094 5.89624 4.61339 4.72923 5.63708 4.11913 4.07402 3.86424 4.85074 3.55853 3.959 3.31653 3.2374 3.6755 2.77421 2.91929 2.66235 2.65217 2.35722 2.16168 3.21941 2.71308 2.94802 2.43681 2.08861 2.07357 2.06613 2.50738 2.03328
threshold=1.0000000180025095e-35 20.500000000000004 750.70000000000016 44769.975000000006 10.185746527777779 66074.010000000024 5032.5850000000009 11.369722222222224 59.550000000000004 37.545688657407418 2045.9500000000003 158.05000000000004 -1.9014711169230551 0.20145979200663197 20.500000000000004 7125.6000000000013 20397.215 10.500000000000002 22.950000000000003 0.085144927536231887 0.12310606060606062 0.34766074669082409 12.500000000000002 0.022517361111111116 0.099994212962962972 3.5000000000000004 18.909074074074077 4914.5000000000009 10.500000000000002 1.0000000180025095e-35
decision_type=2 2 2 2 2 2 2 2 2 2 2 2 2 2 2 2 2 2 2 2 2 2 2 2 2 2 2 2 2 2
left_child=1 2 3 10 5 6 12 17 9 13 15 27 -5 25 -15 20 29 -7 -16 -10 21 22 -1 24 -24 -2 -14 28 -12 -17
right_child=8 -3 -4 4 -6 7 -8 -9 19 -11 11 -13 26 14 18 16 -18 -19 -20 -21 -22 -23 23 -25 -26 -27 -28 -29 -30 -31
leaf_value=-0.025671977353344224 -0.020856591054120424 -0.022604833655712104 0.057860271287117696 -0.0019209026823813768 -0.016251198620864448 0.021474210174031783 0.008128432682380107 0.039583144384180119 -0.01708610348638211 -0.047918902177421813 0.069333595454095689 -0.02927743573677908 0.11923716137713203 0.02899447353472101 0.0040647595290475924 -0.035858714634916661 0.016625532263566407 -0.028709310425566043 0.1027249868724899 0.031345479538150742 0.059510033817042951 -0.030532557460869227 -0.0010763451640548091 -0.020302208406603649 0.10117369481957367 0.029659534651167115 -0.0025024405422876153 -0.013960053437188031 0.0064848753963101429 0.0040931166644868665
leaf_weight=1.046919558779335 3.9085722647141727 26.554621479939669 3.4387674283934748 0.7844300213037062 8.5771645786589925 3.2210509168216941 2.6158950802055188 5.2149580530240192 9.3893459752434847 1.1633781738928508 3.0710989980725554 2.8964266724069603 2.6435203583096221 19.734003669989765 0.94769677636213545 22.474188437394339 3.0905914197210214 6.4236348905251361 2.5567285583820194 2.3363102565053842 0.60960692935623217 4.1594400562462397 0.77665978809818659 0.68153898196760554 1.1066019036225041 2.5088640704052523 0.3420869773835874 1.4715876876143736 2.9734540348872542 3.4619131404906502
leaf_count=650 809 8666 130 90 2989 329 207 229 1900 94 236 284 247 1188 44 11950 60 955 87 129 155 1775 158 508 288 250 119 71 268 654
internal_value=0 -0.00436641 0.00180939 -0.00137725 0.0137863 0.0260983 0.0618809 0.00778857 0.0183614 0.0274199 -0.0109226 0.0139715 0.0896548 0.0318421 0.0402028 -0.0180354 -0.0251604 -0.0115066 0.08287 -0.00573135 0.00669346 -0.00376209 0.0270036 0.049675 0.0732574 0.000228541 0.10816 0.0321187 0.0437262 -0.030572
internal_weight=0 107.636 81.0815 77.6428 29.8227 21.2456 6.38593 14.8596 42.5449 30.8192 47.82 10.4126 3.77004 29.6559 23.2384 37.4075 29.0267 9.64469 3.50443 11.7257 8.38077 7.77116 3.61172 2.5648 1.88326 6.41744 2.98561 7.51614 6.04455 25.9361
internal_count=35519 31018 22352 22222 5165 2176 663 1513 4501 2472 17057 859 456 2378 1319 16198 12664 1284 131 2029 3534 3379 1604 954 446 1059 366 575 504 12604
is_linear=0
shrinkage=0.05


Tree=67
num_leaves=31
num_cat=0
split_feature=23 19 31 15 24 24 19 17 13 24 19 24 19 31 39 14 38 16 15 3 39 15 15 19 13 19 12 2 14 31
split_gain=7.99657 5.04138 5.00575 4.64936 4.87576 4.09326 3.27997 3.01908 3.35339 2.83137 2.69067 2.57689 2.42784 3.30145 3.32541 4.60385 3.08621 2.43673 2.39181 2.41127 2.34193 2.95132 6.66826 2.23347 2.1724 2.054 1.96281 1.87515 2.46096 1.86879
threshold=1.0000000180025095e-35 26.924722222222226 20.500000000000004 1865.5000000000002 30.932476851851856 30.767771990740744 39.976412037037043 8.5000000000000018 31.500000000000004 28.163391203703707 9.8381597222222243 0.4439583333333334 4.2575462962962973 10.500000000000002 166.05000000000004 17381.790000000005 58.45000000000001 5.5000000000000009 178.50000000000003 1.6962433472099498 70.450000000000017 20462.000000000004 15105.500000000002 13.74258101851852 9.5000000000000018 40.212390046296306 5657.6550000000016 2.839956368463556 71447.255000000019 22.500000000000004
decision_type=2 2 2 2 2 2 2 2 2 2 2 2 2 2 2 2 2 2 2 2 2 2 2 2 2 2 2 2 2 2
left_child=1 2 3 7 12 9 -3 18 10 29 -9 23 13 17 20 -16 -17 -5 -1 -20 21 22 -15 -2 -24 -8 -18 28 -6 -4
right_child=11 6 5 4 27 -7 25 8 -10 -11 -12 -13 -14 14 15 16 26 -19 19 -21 -22 -23 24 -25 -26 -27 -28 -29 -30 -31
leaf_value=-0.033970539010631101 0.021229391164209535 -0.045450469218530264 0.031841936150029865 -0.040527062990542942 -0.034440211228848924 -0.039014354646859248 0.073227694111997962 0.045990608861403437 -0.023270852927479359 0.08642590612320479 -0.0037304126417949351 0.054892129265259187 -0.030904418136687508 -0.0083446967163707999 -0.021883599315245753 0.091715812153055229 -0.016660076167917991 0.022740028563225507 -0.0088435629271361397 0.031412307807239657 -0.030529870834066983 -0.032245317192342776 0.14588057470095794 -0.02437598635248138 -0.0015731339791731477 -0.018688607916011565 0.038473590819786498 0.038180684810959389 0.030564947408090522 -0.019540832111548282
leaf_weight=4.145516982185657 20.146927002351738 9.5328099832986446 7.2844397046137583 8.9412958713946846 2.1873406327213147 1.1863148314296257 0.21700696472544301 9.9828525627963227 2.3782601695274925 1.5465298232156772 3.428086793748661 4.7271131044253698 23.375651487265714 2.8410745566943683 3.2725334900314902 1.4407668330240992 1.9392594199744051 1.1335013223579142 9.7822965178056602 4.7192219063872463 7.8868471565656364 1.7236474543460643 0.27035648061428208 2.2277672671480095 0.28464691631961614 0.59246785112190992 3.0560063126031309 4.7253768012742512 1.7010185949038712 1.522938593639992
leaf_count=761 1096 6535 1056 1886 1393 142 107 337 429 73 423 43 11409 969 939 66 365 46 1440 77 2400 903 50 854 105 303 473 161 398 279
internal_value=0 -0.00522011 -0.0019507 -0.00566063 -0.0134809 0.0278528 -0.0369735 0.00901559 0.0244189 0.0382757 0.0339041 0.0243625 -0.01886 -0.00961318 0.00124591 0.0221728 0.0445046 -0.0319984 -0.00460609 0.00543818 -0.0148425 0.0103635 0.0344049 0.0158401 0.117877 0.0328038 0.0178609 0.0199072 -0.00556755 0.0218705
internal_weight=0 121.098 110.756 99.2156 64.7793 11.5402 10.3423 34.4362 15.7892 10.3539 13.4109 27.1018 56.1656 32.7899 22.7151 9.70857 6.43603 10.0748 18.647 14.5015 13.0066 5.11973 3.39608 22.3747 0.555003 0.809475 4.99527 8.61374 3.88836 8.80738
internal_count=35518 33525 26580 25030 21563 1550 6945 3467 1189 1408 760 1993 19611 8202 6270 1843 904 1932 2278 1517 4427 2027 1124 1950 155 410 838 1952 1791 1335
is_linear=0
shrinkage=0.05


Tree=68
num_leaves=31
num_cat=0
split_feature=19 40 25 21 19 24 24 21 24 6 39 39 24 24 3 40 40 0 2 19 0 24 24 19 19 31 24 19 0 2
split_gain=6.57991 5.22223 5.71151 4.43064 4.07077 5.56085 6.6739 4.37508 4.19062 4.24551 3.96256 4.69381 3.93066 3.7111 4.16504 3.11393 2.99269 2.84256 3.14208 2.5204 3.0741 2.37707 6.18487 4.17023 3.57692 2.65326 2.29534 2.29082 3.59555 2.11066
threshold=22.775590277777781 0.027278815643012027 1.5000000000000002 15.026660879629631 8.2731655092592611 7.9596759259259269 1.9193576388888891 6.2637326388888903 18.909074074074077 1.0000000180025095e-35 170.95000000000002 245.65000000000001 25.526018518518523 37.294068287037042 0.60678037601247026 1.3970758099129827 0.81368777198326903 15792.705000000002 0.56072282152941233 15.097818287037038 31310.120000000003 15.051516203703706 26.672112268518521 17.512991898148151 15.020028935185186 3.5000000000000004 1.0000000180025095e-35 17.823964120370373 1249.075 0.030667517314144743
decision_type=2 2 2 2 2 2 2 2 2 2 2 2 2 2 2 2 2 2 2 2 2 2 2 2 2 2 2 2 2 2
left_child=1 -1 3 4 5 6 7 16 17 -10 21 12 -12 29 -15 19 26 18 -7 20 -13 24 27 -24 25 -5 -3 28 -23 -2
right_child=13 2 -4 10 -6 8 -8 -9 9 -11 11 15 -14 14 -16 -17 -18 -19 -20 -21 -22 22 23 -25 -26 -27 -28 -29 -30 -31
leaf_value=-0.021284608633287131 0.02847021211635762 -0.023523494326546338 0.044873066318574906 0.0081380188625341521 -0.033161223510819474 -0.017755216413454435 -0.040207997701809765 0.046405183207659746 -0.037283610301484985 0.033214000240148485 -0.044544914738395773 0.060745976118593385 0.021190443291928401 -0.032761926417493252 0.049930977318574592 -0.025514333811747981 -0.039980894026371609 0.0043117382065318097 0.05301423210902742 -0.021566406754560979 -0.013329172508984771 -0.036599669100039083 0.0095080157553754634 0.088716249040577067 -0.026091165296087404 0.068436294399204511 0.026842487493847735 -0.039443429993719803 0.032205018543163676 -0.041680059457981471
leaf_weight=13.035091819649095 0.48219417734071868 2.5892779929563421 10.32669350132346 2.6567627754993746 7.7133590331068254 1.3118849206366636 11.061080164101439 4.3063830076716831 4.6884748615557319 2.4836811783025041 6.027484734135216 5.6528216780861822 2.6421325547271408 1.8837156866211433 2.3330467825871892 1.8533962788642373 3.649584133643657 6.7694982533575958 11.086297964444382 1.0304096975014543 1.3738889188971368 2.0117413915577327 3.5338438939652397 2.6705607074545696 0.93245387892238873 8.0277853783918527 5.3655783635331318 3.0093430894194171 4.2265199054963887 12.373101818549911
leaf_count=5731 4 710 365 30 3665 511 3524 145 1434 24 909 278 254 1260 529 176 656 125 1605 564 15 699 383 269 312 228 1056 1275 638 8182
internal_value=0 0.0076707 0.0110497 0.00738901 -0.00145578 0.0036576 -0.0120895 0.00867993 0.019635 -0.0117937 0.0189907 0.00102342 -0.0243919 -0.0245267 0.0137914 0.0234543 -0.00789079 0.0313967 0.0447596 0.0362921 0.0464063 0.0308476 0.0163321 0.0511834 0.0473303 0.0554225 0.00965237 -0.00976334 0.00802561 -0.0371839
internal_weight=0 130.036 117.001 106.674 61.0251 53.3117 26.9719 15.9108 26.3398 7.17216 45.6491 18.5801 8.66962 17.0721 4.21676 9.91052 11.6044 19.1677 12.3982 8.05712 7.02671 27.069 15.452 6.2044 11.617 10.6845 7.95486 9.2476 6.23826 12.8553
internal_count=35556 25581 19850 19485 13455 9790 6091 2567 3699 1458 6030 2196 1163 9975 1789 1033 2422 2241 2116 857 293 3834 3264 652 570 258 1766 2612 1337 8186
is_linear=0
shrinkage=0.05


Tree=69
num_leaves=31
num_cat=0
split_feature=38 10 38 0 13 3 21 21 25 12 24 24 3 0 11 13 24 24 3 0 38 13 12 38 12 15 13 10 0 14
split_gain=5.2603 5.80252 5.02873 4.39498 4.34693 4.08132 3.34576 4.55878 2.82704 2.40807 2.30637 2.72608 2.27755 2.58463 2.2336 5.86802 4.70793 4.2846 2.1809 2.17061 2.07471 2.80821 3.56598 2.24632 2.22618 2.03781 2.0229 1.96352 1.86705 1.79217
threshold=58.45000000000001 998.71500000000015 1.0000000180025095e-35 24211.650000000005 33.500000000000007 0.60678037601247026 32.794733796296306 28.296990740740743 1.5000000000000002 14132.155000000002 0.93304976851851862 0.23373842592592595 -1.0402478521157645 774.94000000000017 2.5000000000000004 11.500000000000002 7.0907233796296305 17.073240740740744 0.63757792149043568 1007.5750000000002 113.75000000000001 14.500000000000002 5937.0350000000008 487.45000000000005 825.61500000000012 60651.500000000007 46.500000000000007 10490.460000000001 11654.410000000002 11625.475
decision_type=2 2 2 2 2 2 2 2 2 2 2 2 2 2 2 2 2 2 2 2 2 2 2 2 2 2 2 2 2 2
left_child=2 5 3 10 6 26 7 8 14 25 11 -1 -3 -14 15 16 -4 19 27 -18 -7 22 23 -22 -23 -9 -2 -15 -10 -8
right_child=1 12 4 -5 -6 20 29 9 28 -11 -12 -13 13 18 -16 -17 17 -19 -20 -21 21 24 -24 -25 -26 -27 -28 -29 -30 -31
leaf_value=-0.024764866724728461 -0.043568922259662551 -0.02941969221689178 -0.015593368232691482 0.025683541695064517 -0.040521168006614788 -0.022838539455970405 0.013413332875458287 0.074380447217863785 0.049861546655208838 -0.010255375864809757 -0.044580121996991934 0.071646053109142738 0.081955393520198094 -0.035990064076263477 0.019253418847779057 -0.025954438092497339 -0.013580462497273009 0.0029437696282719685 0.032355955045211576 0.083073627615364631 -0.024063102004097219 0.037915644746461474 0.061425553044278006 0.033640162272715719 -0.035080656313280001 -0.0033611760177005966 0.033528482265329056 0.01786654174842562 -0.0069620068709541107 -0.028991865107203047
leaf_weight=0.9656677627353909 13.768423892266579 1.3965161982923753 4.7889622154179978 3.3204494919045819 2.5162440271815276 9.0369220544234867 3.4981934798415733 5.6131738670519544 7.2930989881278929 0.95215194666525338 7.9328568763448857 0.23156126140384004 0.77755533036542779 2.3242564417887461 32.898855935607571 11.163058490667025 0.37078150402521703 3.8867957086768001 6.1098339257878251 3.7372458011377603 3.4170090345432964 0.45167051715543483 2.7307759504183196 1.7321061596740035 3.8991406263085082 0.86972755583701644 0.19683809293201271 2.5602189193596132 1.4775815559551118 4.9553927066735923
leaf_count=544 10126 424 1126 162 847 1951 267 600 167 171 5783 90 196 981 3608 2390 217 772 528 386 781 131 206 54 892 273 118 244 24 1260
internal_value=0 -0.00982551 0.0102117 -0.0184161 0.0146206 -0.0202739 0.0167935 0.0202274 0.0154959 0.0551966 -0.0354065 0.0180031 0.0175877 0.0250311 0.0109952 -0.000667211 0.0216951 0.0432816 0.0145081 0.073399 -0.00589493 0.00740418 0.024188 -0.00233829 -0.021833 0.0648955 -0.0403144 -0.0095219 0.0405558 -0.0118814
internal_weight=0 48.4013 96.4718 12.4505 84.0213 35.2329 81.505 73.0514 65.6164 7.43505 9.13009 1.19723 13.1684 11.7719 56.8457 23.9468 12.7838 7.99482 10.9943 4.10803 21.2676 12.2307 7.87989 5.14912 4.35081 6.4829 13.9653 4.88448 8.77068 8.45359
internal_count=35319 16632 18687 6579 12108 14259 11261 9734 8690 1044 6417 634 2373 1949 8499 4891 2501 1375 1753 603 4015 2064 1041 835 1023 873 10244 1225 191 1527
is_linear=0
shrinkage=0.05


Tree=70
num_leaves=31
num_cat=0
split_feature=19 25 3 31 17 15 3 31 20 17 14 16 13 40 13 40 0 14 15 15 17 15 31 6 13 17 40 31 2 12
split_gain=5.62353 4.41928 4.4652 4.49257 3.50493 3.97995 3.46644 3.43533 3.41408 3.75453 3.36928 4.44641 2.82199 3.78525 2.90112 2.89231 2.66036 2.51785 2.47311 2.84533 2.36763 3.02115 3.28598 2.33381 2.32785 2.26942 2.16987 2.1488 2.14769 2.17283
threshold=27.888200231481488 1.5000000000000002 1.0914268598658898 11.500000000000002 1.5000000000000002 3868.0000000000005 -0.45255749922609512 13.500000000000002 1.5000000000000002 2.5000000000000004 36916.140000000014 1.5000000000000002 9.5000000000000018 0.90982186596004588 11.500000000000002 0.52562464775581275 31310.120000000003 14319.145000000002 20462.000000000004 9429.0000000000018 12.500000000000002 2718.5000000000005 14.500000000000002 1.5000000000000002 33.500000000000007 17.500000000000004 0.28135240739418094 10.500000000000002 4.5724085368789824 3848.2600000000007
decision_type=2 2 2 2 2 2 2 2 2 2 2 2 2 2 2 2 2 2 2 2 2 2 2 2 2 2 2 2 2 2
left_child=1 2 3 6 18 20 12 -4 23 -10 -8 27 15 14 -14 -1 -11 -3 19 -5 21 -6 -23 28 -22 -2 -19 -12 -9 -30
right_child=25 17 7 4 5 -7 10 8 9 16 11 -13 13 -15 -16 -17 -18 26 -20 -21 24 22 -24 -25 -26 -27 -28 -29 29 -31
leaf_value=-0.0099641927843143741 -0.039795914668254932 -0.022578713388148968 -0.0018301649446155904 -0.012698507348854367 -0.021074602526458271 -0.037311863952569753 -0.0367617732704048 -0.027262215656478763 -0.034858250925366367 0.061086087820729697 0.016789536603828127 -0.014559601308313762 -0.025961524986791495 -0.023527708240733299 0.034787726764052077 0.08312773911242477 -0.0051819564916876833 -0.0064974257281535984 -0.01766198297360012 0.12163502220645167 0.04349367915839239 0.089644864249868006 -0.020782495368869697 0.039764166003278832 -0.028835325647203439 0.030122967445565581 0.049412159634759679 0.10860178203909668 0.029109059604678397 -0.011036057102043849
leaf_weight=0.88585893408162819 8.6588703437009791 1.1787730803480361 21.915601601300295 0.33903400268172734 13.218627321126407 17.223865915439092 5.9751475919620125 3.9660523896454896 0.70533092005643894 9.3256745986873266 2.2722132967319326 6.1135177794494666 1.6103639770299221 4.7835239162668577 10.481597584323024 1.9938830001628955 1.6005271985195566 1.8316047792322923 0.5431670616962947 0.16516464971937239 3.1319570092018689 0.4311648795264762 0.70846857549622655 4.0596370673738411 0.74025460402481247 0.58530264801811505 9.2082427325658482 0.26034858537605021 6.4833735099527967 5.387249673367478
leaf_count=397 6489 119 1721 168 2795 12433 3029 975 40 587 452 1425 189 514 1103 284 36 140 335 92 198 291 467 32 249 236 279 160 120 127
internal_value=0 0.00555127 0.00260692 -0.00559756 -0.0175946 -0.0207738 0.00727847 0.0133909 0.0237023 0.0441621 -0.0107657 0.00914828 0.0205086 0.0109411 0.0253323 0.0593039 0.0517582 0.0330458 0.0476054 0.0829153 -0.00402114 -0.0134691 0.0433674 0.0102004 0.0265861 -0.0328606 0.0403671 0.0542991 0.000710254 0.0114481
internal_weight=0 136.54 124.322 70.8782 36.5017 35.4543 34.3765 53.4434 31.5278 11.6315 14.6212 8.64608 19.7552 16.8755 12.092 2.87974 10.9262 12.2186 1.04737 0.504199 18.2305 14.3583 1.13963 19.8963 3.87221 9.24417 11.0398 2.53256 15.8367 11.8706
internal_count=35482 28757 28219 24581 17028 16433 7553 3638 1917 663 5066 2037 2487 1806 1292 681 623 538 595 260 4000 3553 758 1254 447 6725 419 612 1222 247
is_linear=0
shrinkage=0.05


Tree=71
num_leaves=31
num_cat=0
split_feature=33 33 10 24 38 24 21 17 24 23 31 3 2 24 17 21 47 31 3 0 2 2 17 24 0 40 40 2 17 0
split_gain=4.54635 4.28849 4.13369 3.02834 3.88914 3.49942 2.9979 2.8659 3.16965 4.06456 3.45361 2.76777 2.19061 2.11808 3.14857 2.10377 2.08665 2.08539 2.11125 2.12874 3.11471 3.3858 2.87578 3.78794 3.5892 2.43713 2.97384 3.70406 2.41658 2.41342
threshold=0.037749287749287756 0.48331479421579543 6875.8600000000015 19.032314814814818 487.45000000000005 18.110445601851854 28.296990740740743 8.5000000000000018 15.999432870370372 1.0000000180025095e-35 13.500000000000002 -0.028098729483419519 0.25667928928901523 28.436932870370374 16.500000000000004 27.004317129629634 1.0000000180025095e-35 6.5000000000000009 3.8853203711202711 4303.9800000000005 1.8043217288044124 2.0189481201995876 1.5000000000000002 0.099994212962962972 774.94000000000017 0.81368777198326903 0.43391551225216096 0.065525654858540935 5.5000000000000009 3517.6250000000005
decision_type=2 2 2 2 2 2 2 2 2 2 2 2 2 2 2 2 2 2 2 2 2 2 2 2 2 2 2 2 2 2
left_child=2 7 3 4 5 17 -5 8 9 -2 12 -4 -10 -8 -15 -13 -6 -1 19 20 22 28 23 -19 25 26 27 -24 -22 -23
right_child=1 -3 11 6 16 -7 13 -9 10 -11 -12 15 -14 14 -16 -17 -18 18 -20 -21 21 29 24 -25 -26 -27 -28 -29 -30 -31
leaf_value=0.021130179635084855 -0.038282543210967496 -0.020338249988988519 -0.013661780732772253 -0.0305445179376653 -0.012874945292852675 0.044583966808259781 0.034552343003615642 0.036855063714727326 -0.026111931546211123 0.03130647269736677 -0.018167256596029354 0.041943140078324177 0.052232314953600714 -0.019035023745830142 0.063562159086266182 -0.027544410807076376 0.069525807709682794 -0.022006592930773488 0.019084732973380304 -0.030875310723990551 -0.013870632215153049 -0.023904439158050288 0.031504552231439831 0.095445691693881729 -0.039843453381131134 -0.031451011163214346 0.037774774488935597 -0.037680913389666365 0.094896505266712894 0.034778741792465664
leaf_weight=5.2953953482210627 5.0914282853482318 5.8199501582421354 3.2966784594464125 19.501005242869727 0.6705936464131802 2.6230605331365942 2.490851809445302 17.870818020019215 0.41249836992937883 2.3046313045779243 2.5165639559272677 8.8488189544877915 5.9306168400798924 9.1409644802333752 0.32046142820036116 0.53756353643257249 1.9204537391779013 0.78371419588802627 4.8683720179833463 11.276222100597804 0.38009765034075726 3.3187392185209319 2.2582239451585355 0.37480177992256358 9.9938136257114802 3.8661622818326569 4.4793484067195095 3.911702094192151 1.0012117043370379 1.9480228187167083
leaf_count=185 709 1081 348 7899 181 551 380 1201 26 112 547 360 480 5212 197 96 46 536 47 2668 238 1189 119 202 6154 1261 861 2048 323 243
internal_value=0 0.0168091 -0.00286329 -0.00667364 7.59209e-05 -0.0030845 -0.0189404 0.0235428 0.00762029 -0.0154524 0.0264951 0.0228048 0.0442754 0.000889032 -0.010429 0.0356947 0.050553 -0.00618227 -0.00953365 -0.0130861 -0.0061383 0.0222352 -0.0140454 0.0426059 -0.0182884 -0.00183644 0.0106919 -0.0114964 0.0717106 -0.000113059
internal_weight=0 39.9465 103.106 90.4232 58.9699 56.3789 31.4533 34.1266 16.2557 7.39606 8.85968 12.6831 6.34312 11.9523 9.46143 9.38638 2.59105 53.7558 48.4604 43.5921 32.3158 6.64807 25.6678 1.15852 24.5093 14.5154 10.6493 6.16993 1.38131 5.26676
internal_count=35500 4156 31344 30540 16852 16625 13688 3075 1874 821 1053 804 506 5789 5409 456 227 16074 15889 15842 13174 1993 11181 738 10443 4289 3028 2167 561 1432
is_linear=0
shrinkage=0.05


Tree=72
num_leaves=31
num_cat=0
split_feature=40 38 39 40 2 41 2 14 10 24 0 21 21 24 39 37 0 9 11 31 39 17 39 38 20 0 20 47 25 39
split_gain=4.74336 4.8032 7.93049 5.88753 4.6577 4.31475 3.8116 3.34575 3.24569 4.47803 3.19159 3.02585 5.46944 2.98872 2.84708 2.7413 2.7328 2.67074 2.64876 2.53727 2.43966 2.97707 2.42421 5.89031 2.37583 2.22233 2.10862 2.09079 1.94182 2.36484
threshold=0.078525047230507947 59.550000000000004 195.45000000000002 2.299522687546542 1.819428265219597 1.0000000180025095e-35 0.01664170781265813 5757.2550000000001 589.25000000000011 8.1068865740740765 31310.120000000003 17.164050925925931 32.225868055555559 1.2649594907407409 169.05000000000004 1.0000000180025095e-35 38051.880000000012 4.5000000000000009 5.5000000000000009 2.5000000000000004 397.15000000000003 8.5000000000000018 76.550000000000011 39.550000000000004 2.5000000000000004 1207.7100000000003 1.5000000000000002 1.0000000180025095e-35 1.5000000000000002 102.35000000000001
decision_type=2 2 2 2 2 2 2 2 2 2 2 2 2 2 2 2 2 2 2 2 2 2 2 2 2 2 2 2 2 2
left_child=5 2 6 7 8 10 17 -4 -3 -10 18 14 27 -6 22 19 20 -2 -1 -14 -15 -22 23 25 -20 -8 -16 -13 29 -24
right_child=1 4 3 -5 13 -7 11 -9 9 -11 -12 12 15 16 26 -17 -18 -19 24 -21 21 -23 28 -25 -26 -27 -28 -29 -30 -31
leaf_value=-0.046453549976777211 0.010424090335990236 -0.038546147443918599 -0.035164238544499959 -0.037756713106149392 0.041737025183401312 0.036142814839439624 0.025990083491920776 0.065168743516386712 0.04237300743055445 -0.028771409864185929 0.012602305982380924 0.039046734477078154 0.024348687134350774 -0.02909854552434776 -0.0019368334416811916 0.032453426796237576 0.020374254739666378 -0.055976138286977464 -0.020217912228666937 -0.046952345800021666 0.049918909709463298 -0.028604744624956449 -0.037859717011720195 0.066287966673395302 0.065030552212537659 -0.030109805491177762 0.077011214846922804 -0.012177787982687226 0.023587987187902153 -0.0035639626325136135
leaf_weight=11.408377069747081 2.0614565871655932 11.851346177340021 0.28475984814576705 1.0682938183890645 4.4202944170101572 2.2318919563549562 1.7885402032989093 11.332331561367026 3.0023386494722208 3.9541100510396063 3.4016256105969651 20.156540775089532 0.95843404857441683 8.1595707184169459 1.3685225334484123 1.3840823428472502 8.1831408961443213 2.8225853629410267 1.3439732493716281 4.1400898828869686 1.7899024650105269 1.2673753998824393 7.3942240740871119 2.8286230951198377 0.30221325682941813 4.1089626791072078 1.0288260722300036 1.7446741648600426 2.5031446365173897 13.118761432648169
leaf_count=7616 44 9866 28 11 363 71 635 332 639 1474 131 3119 37 2581 131 24 171 21 706 1535 150 97 1930 174 129 842 78 448 71 2163
internal_value=0 0.00780978 0.0149624 0.0497182 -0.00566396 -0.0186326 0.0077905 0.0601173 -0.023643 0.00340031 -0.0277065 0.0112555 0.023019 0.00891237 0.00109852 -0.0155404 -0.000246046 -0.0309414 -0.0383591 -0.0317542 -0.0157257 0.0183402 -0.00345283 0.0177292 0.0140933 -0.0117949 0.0446392 0.0346126 -0.0118874 -0.0171116
internal_weight=0 122.721 80.0929 12.6854 42.6281 18.6881 67.4075 11.6171 18.8078 6.95645 16.4562 62.5234 28.3838 23.8203 34.1396 6.48261 19.4 4.88404 13.0546 5.09852 11.2168 3.05728 31.7423 8.72613 1.64619 5.8975 2.39735 21.9012 23.0161 20.513
internal_count=35617 26964 11623 371 15341 8653 11252 360 11979 2113 8582 11187 5163 3362 6024 1596 2999 65 8451 1572 2828 247 5815 1651 835 1477 209 3567 4164 4093
is_linear=0
shrinkage=0.05


Tree=73
num_leaves=31
num_cat=0
split_feature=23 24 39 13 21 14 2 10 19 24 5 12 12 24 24 40 24 34 40 21 0 12 14 21 21 11 24 24 16 14
split_gain=5.37833 3.91153 3.00196 2.73735 3.81525 4.02547 4.2332 4.81562 3.98305 5.0908 3.76251 3.5173 4.93498 2.85553 3.11467 3.20117 2.7018 2.56925 2.4716 2.46873 2.19461 3.29536 2.10492 2.07995 2.38043 2.27997 2.24251 2.16838 2.26635 1.93388
threshold=1.0000000180025095e-35 0.4439583333333334 750.70000000000016 8.5000000000000018 3.4735532407407415 44769.975000000006 6.5581742892416139 1736.2500000000002 21.268032407407411 14.263952546296297 1.0000000180025095e-35 6931.1250000000009 3078.6400000000003 7.0907233796296305 11.667621527777779 0.38658002551042198 4.254114583333334 1.0000000180025095e-35 0.99520918912876799 8.1249305555555562 2295.4750000000004 21549.730000000003 6731.9650000000011 1.0000000180025095e-35 9.2155902777777801 7.5000000000000009 0.099994212962962972 0.31092592592592599 1.5000000000000002 52608.515000000007
decision_type=2 2 2 2 2 2 2 2 2 2 2 2 2 2 2 2 2 2 2 2 2 2 2 2 2 2 2 2 2 2
left_child=2 -2 3 13 10 6 7 -6 9 16 -5 12 -11 23 19 -16 -7 29 -14 -15 21 -10 -17 26 25 -25 -1 28 -28 -13
right_child=1 -3 -4 4 5 8 -8 -9 20 11 -12 17 18 14 15 22 -18 -19 -20 -21 -22 -23 -24 24 -26 -27 27 -29 -30 -31
leaf_value=-0.02655218345117278 0.013717361081403607 0.062766501405142172 0.034556473429317856 -0.040064444748093897 -0.032469104274903481 0.033908059677981328 0.027517131256045321 0.014519056173375964 -0.019669265398935366 0.0066069347349419468 0.002668326959788035 0.032843421444642799 0.099175873595874875 0.09850846856633097 -0.028641287300504803 -0.022832509906538592 -0.021492142238468459 0.047755743593675494 0.0050066179637500412 0.00037222574840263675 -0.041087927366489363 0.068725751325955584 0.044533253643050004 -0.042771262742226111 0.03054990010440814 0.043224007668402703 0.11988910123922183 0.0079716305487677035 -0.010628805926407477 -0.012669507587657877
leaf_weight=1.0623812125995775 22.215562181081626 4.2596589790191492 4.6626829708111464 13.124591990548653 20.877094538067475 1.8790389347123007 4.4328622398897997 6.6112735121278083 2.4015399084892119 3.484670923266096 7.9213292072527102 2.2043240751372633 3.7137893792823888 1.4141541991266406 2.3927568424260244 0.80670252465642978 8.8786442819400673 2.867908979242201 0.94711545592872415 0.88280080060940225 4.2730116660823114 0.5496057731215841 4.4395404541282915 5.161142481432762 0.95727141911629576 0.070923419902101048 0.17706953466404263 2.4663664305699058 0.25568781542824581 7.5937923107412644
leaf_count=490 1950 43 176 4836 12450 168 58 704 1078 383 62 161 356 172 1272 450 2114 168 136 304 2392 118 1022 2231 73 11 64 491 80 1553
internal_value=0 0.0236062 -0.000978627 -0.00275311 -0.00642751 -0.000754808 -0.0136788 -0.0210549 0.00995625 0.0176012 -0.0245891 0.0315405 0.0554227 0.0135411 0.0313033 0.0120171 -0.00975452 0.0132501 0.084305 0.0723442 -0.0215299 0.0100204 0.0321776 -0.00509312 -0.0218985 -0.0348569 0.0202848 0.0398561 0.0891786 -0.000336925
internal_weight=0 26.4752 116.51 111.847 91.7606 70.7147 31.9212 27.4884 38.7934 31.5693 21.0459 20.8116 8.14558 20.0868 9.93595 7.639 10.7577 12.666 4.6609 2.29695 7.22416 2.95115 5.24624 10.1508 6.18934 5.23207 3.9615 2.89912 0.432757 9.79812
internal_count=35566 1993 33573 33397 26737 21839 13212 13154 8627 5039 4898 2757 875 6660 3220 2744 2282 1882 492 476 3588 1196 1472 3440 2315 2242 1125 635 144 1714
is_linear=0
shrinkage=0.05


Tree=74
num_leaves=31
num_cat=0
split_feature=40 38 39 13 19 24 2 19 21 14 38 12 13 38 0 40 38 38 12 10 19 41 38 39 19 0 21 24 38 40
split_gain=5.4609 5.78235 6.27092 3.75915 3.45748 3.16836 3.09527 2.91813 4.04531 3.41483 5.65932 3.22471 3.18959 2.6494 2.60477 2.88231 3.03723 2.83548 2.60185 2.60153 2.75358 2.50989 2.47206 3.08173 2.44464 2.74912 2.98493 2.79241 2.3454 2.56891
threshold=0.036118499314415541 58.45000000000001 198.35000000000005 31.500000000000004 0.77613425925925938 0.0071527777777777787 0.47321562515811916 30.101741898148152 17.164050925925931 65018.220000000001 17.150000000000002 2848.8000000000006 16.500000000000004 103.25000000000001 3399.7150000000006 0.71939977577346415 48.550000000000004 39.550000000000004 3994.9800000000005 589.25000000000011 9.8381597222222243 1.0000000180025095e-35 68.850000000000009 397.15000000000003 -1.0000000180025095e-35 38051.880000000012 6.4593287037037044 20.108478009259262 54.350000000000001 1.6650441679164405
decision_type=2 2 2 2 2 2 2 2 2 2 2 2 2 2 2 2 2 2 2 2 2 2 2 2 2 2 2 2 2 2
left_child=21 2 3 7 6 -4 -3 8 11 -10 -11 28 -12 -8 15 16 -13 -17 19 22 -21 -1 -6 -24 25 26 -15 -28 29 -2
right_child=1 4 5 -5 18 -7 13 -9 9 10 12 14 -14 24 -16 17 -18 -19 -20 20 -22 -23 23 -25 -26 -27 27 -29 -30 -31
leaf_value=-0.028129421212567875 -0.03604839523118613 -0.037268433400806274 0.0073761779321685865 -0.035285770956646666 0.03449957309860429 0.06536876171868998 -0.010779042051400086 -0.034364468430688438 0.014785502916259706 -0.012950207507298882 0.09231881406966902 0.055461648787186985 0.01876572774840499 -0.038408269000463 -0.0053706064625157913 -0.02099838938274811 -0.025272054914758119 0.040136823976680364 -0.039778255235509076 0.078841679928583541 -0.019794277917302372 0.036425043390038131 -0.03975215930746881 0.038969131105843408 0.063593050069151211 0.03799741821299743 0.036513801685029559 -0.028482123684381612 0.040282095579725258 0.02765982612139431
leaf_weight=14.221843293868002 8.2645954824401944 2.7266652667312909 3.5892060033511353 3.3134941030875771 1.1533305630437114 7.8511979266768321 8.106582708423959 2.1726897992775767 18.006124233070299 2.3061896205181238 4.7679737863363698 6.9248802721267584 2.810440958593972 3.02763344981941 10.420676172245292 4.3413368059555069 0.77232389152050007 1.9412795313401146 8.9810564353247155 0.74676555511541642 0.64618293126113713 0.81405578507110554 5.7753542120335624 0.68481771234655742 2.1134891629335426 5.3302681657951316 3.9691512826830149 1.6010922309942541 0.60881818173220459 1.1409222592483281
leaf_count=7571 2376 1015 47 980 811 290 1048 1541 2553 108 260 935 355 1014 1009 542 180 314 6015 152 421 39 4771 536 195 51 110 53 205 128
internal_value=0 0.00843852 0.0164866 0.0103255 -0.00582481 0.0492301 0.00552994 0.0131725 0.0153469 0.0291511 0.0515574 0.00365229 0.0704091 0.0116523 0.0133578 0.0267447 0.0453866 0.000809345 -0.0221875 -0.00242415 0.0439345 -0.0225809 -0.0150218 -0.0273022 0.0229552 0.0129418 -0.00493197 0.01634 -0.0190615 -0.0264049
internal_weight=0 124.095 79.2321 67.7917 44.8624 11.4404 26.8749 64.4783 62.3056 27.8907 9.8846 34.4148 7.57841 24.1482 24.4005 13.9798 7.6972 6.28262 17.9875 9.00645 1.39295 15.0359 7.6135 6.46017 16.0416 13.9281 8.59788 5.57024 10.0143 9.40552
internal_count=35625 28015 11823 11486 16192 337 3486 10506 8965 3276 723 5689 615 2471 2980 1971 1115 856 12706 6691 573 7610 6118 5307 1423 1228 1177 163 2709 2504
is_linear=0
shrinkage=0.05


Tree=75
num_leaves=31
num_cat=0
split_feature=2 2 31 23 0 41 39 31 2 39 9 19 3 17 39 0 39 39 0 3 31 40 31 21 10 38 31 13 21 13
split_gain=5.40416 5.9301 4.38128 4.30744 3.98159 3.92724 4.01387 3.62018 3.65007 3.58209 3.2732 3.33559 3.25812 3.21754 3.21491 3.51906 2.80161 4.74795 2.5901 2.54386 2.52956 2.39225 2.37511 2.50872 2.21169 2.14287 2.12304 2.11708 2.09838 2.69606
threshold=1.8043217288044124 1.9221350549601548 12.500000000000002 1.0000000180025095e-35 3457.7300000000005 1.0000000180025095e-35 159.75000000000003 20.500000000000004 0.62112802709391612 250.65000000000001 1.5000000000000002 39.976412037037043 3.8853203711202711 1.5000000000000002 255.65000000000001 3652.2100000000005 172.05000000000004 112.85000000000001 2513.3750000000005 0.27355131706634983 7.5000000000000009 0.18783045916580807 12.500000000000002 1.0000000180025095e-35 2045.9500000000003 22.450000000000003 17.500000000000004 8.5000000000000018 19.570353009259261 7.5000000000000009
decision_type=2 2 2 2 2 2 2 2 2 2 2 2 2 2 2 2 2 2 2 2 2 2 2 2 2 2 2 2 2 2
left_child=5 2 -2 12 25 7 -7 10 -9 21 11 13 14 22 15 16 17 24 -19 -10 27 -8 -1 -24 -3 -4 -5 28 29 -15
right_child=1 3 4 26 -6 6 9 8 19 -11 -12 -13 -14 20 -16 -17 -18 18 -20 -21 -22 -23 23 -25 -26 -27 -28 -29 -30 -31
leaf_value=-0.02053251225299968 -0.0016051415629168544 -0.036954534907019325 -0.0061508040168771518 0.054155339243817262 -0.012335850439128748 0.031600987188036105 0.021667320905667205 -0.029738130838201461 0.062809385957823746 0.026939194488279791 0.0090280265750318205 0.055072964385979244 0.025153804002363247 -0.014495517745562521 0.023871152641182364 -0.02215428833884776 -0.036378014343519775 0.0069427673438643249 0.078666501714162146 -0.020187146645754706 -0.035686501421238623 -0.052569986787272774 0.10377777522230631 -0.013796400837448495 0.028800070179461457 0.15843186998234896 2.0721530287322985e-05 -0.014967762207464645 -0.022325517597688471 0.10627537550289244
leaf_weight=0.69410632003564277 1.1261835328186856 2.6976749983150534 0.14001540304161586 6.3623871053569001 0.32564615848241363 11.117553809715902 0.80149652331601728 1.489133059803861 3.10747181926854 2.5512767311302014 9.4503059672424552 0.42700961208902199 12.943397827446459 0.39525955461431184 7.7373319759499273 20.184554093400948 1.4626922436873417 2.2478617658489384 2.6377225496689789 0.67077548359520722 27.62273030023789 3.7622706264955923 0.30032097990624607 0.37997713696677238 1.0735363519052041 0.87839886802248657 2.4030233423691243 9.168111226463223 0.39916963642463088 0.27683499146951362
leaf_count=466 397 1403 118 331 190 450 33 462 741 131 1283 286 122 117 789 2923 511 490 270 381 21490 176 166 251 57 275 92 1128 56 38
internal_value=0 0.014264 0.0780407 0.010386 0.116991 -0.00567604 0.013897 -0.0123708 0.0239713 -0.0142514 -0.016669 -0.0228631 0.00446614 -0.0250589 -0.00303673 -0.01045 0.0127884 0.0240026 0.0524529 0.0469334 -0.0280326 -0.0379813 0.034165 0.0689792 -0.0161233 0.143968 0.0408363 -0.00604659 0.0406679 0.0690578
internal_weight=0 62.2204 2.47024 59.7502 1.34406 72.6138 18.2326 54.3812 5.26738 7.11504 49.1138 39.6635 50.9848 39.2365 38.0414 30.304 10.1195 8.6568 4.88558 3.77825 37.8621 4.56377 1.3744 0.680298 3.77121 1.01841 8.76541 10.2394 1.07126 0.672095
internal_count=35623 7968 980 6988 583 27655 790 26865 1584 340 25281 23998 6565 23712 6443 5654 2731 2220 760 1122 22829 209 883 417 1460 393 423 1339 211 155
is_linear=0
shrinkage=0.05


Tree=76
num_leaves=31
num_cat=0
split_feature=38 39 40 39 40 40 5 24 39 38 13 33 13 33 25 24 15 0 0 38 33 14 17 10 15 10 11 27 14 15
split_gain=5.1852 7.16599 6.68243 4.42259 3.88758 3.58264 4.09602 3.09513 3.04563 7.3565 2.92233 2.82743 2.57086 2.5513 2.49955 3.0786 2.90236 2.37166 3.20497 2.34078 2.2589 2.86737 2.09406 1.98004 1.94167 2.008 1.6991 1.62236 1.5315 1.48377
threshold=58.45000000000001 166.95000000000002 1.4430002768622676 750.70000000000016 0.078525047230507947 2.5156732073457699 1.0000000180025095e-35 10.001678240740743 71.450000000000017 43.95000000000001 14.500000000000002 0.037749287749287756 7.5000000000000009 0.042572463768115944 1.5000000000000002 0.049849537037037046 179643.50000000003 90.210000000000022 31310.120000000003 23.450000000000003 0.42206477732793529 20880.390000000003 16.500000000000004 140.01000000000002 43.500000000000007 5145.085 3.5000000000000004 1.0000000180025095e-35 25376.185000000001 651.50000000000011
decision_type=2 2 2 2 2 2 2 2 2 2 2 2 2 2 2 2 2 2 2 2 2 2 2 2 2 2 2 2 2 2
left_child=1 4 12 5 17 6 22 -4 9 -6 -5 14 -3 -11 15 19 -17 -1 29 -10 21 -13 27 26 -23 -26 -14 -2 -25 -19
right_child=3 2 7 10 8 -7 -8 -9 11 13 -12 20 23 -15 -16 16 -18 18 -20 -21 -22 24 -24 28 25 -27 -28 -29 -30 -31
leaf_value=0.031557542443998103 -0.032708951734809075 -0.022415906640837851 -0.075329759082923733 0.059545173574907545 0.0077453931276638931 0.034779353020261965 0.010885270069545188 0.014360358447618023 0.041700813138807712 0.11494777645976487 -0.011637851438714228 -0.025069746937981557 0.039776374438385977 -0.0011187815200222029 0.030532769725053224 -0.023588987688139353 0.050982925451077771 0.0039358443077590899 0.013440436447087926 -0.017871938739393637 -0.017780558808362708 -0.019147479987548441 0.027167341630205757 -0.009001620887217723 0.051820006607141124 -0.0076864700530437967 0.10009366445342925 0.019104977337550278 0.039395504826943678 -0.045668067303070048
leaf_weight=1.2505430825985957 28.04584254644579 0.67940520832781359 0.86927491123788003 2.5803875595447598 9.6786200265050848 2.3990616758819661 8.1908446646993962 1.4437674813671035 3.3085851244395661 1.7416902089025819 1.9481043699779546 1.4499307838850644 5.1619606135063787 0.54916706483345468 3.129410601919516 20.697437791677661 0.46431930793914844 1.6080113470088679 3.5105108915595329 1.9447097133961504 2.53473595221294 0.82653295644558866 0.92132664984092016 1.7380328968865786 8.52027232153341 1.3866945530753572 2.8857591762207448 0.96887571807019313 5.6600723774172366 8.6523865679046121
leaf_count=61 15496 103 25 99 2252 195 123 73 129 76 97 228 331 14 131 6365 142 474 121 489 323 11 373 41 423 32 132 234 135 6861
internal_value=0 0.0105561 0.0374728 -0.0100555 0.00316864 -0.0154598 -0.0194291 -0.0319098 0.00922283 0.0305431 0.032357 0.00290999 0.0487074 0.095239 -0.00602529 -0.0113121 -0.0197261 -0.018656 -0.0250437 0.0203163 0.0200884 0.0287181 -0.0278073 0.0530086 0.0375013 0.0435497 0.0700774 -0.0303999 0.0283076 -0.038235
internal_weight=0 89.6918 18.4383 45.0544 71.2536 40.526 38.1269 2.31304 56.2321 11.9695 4.52849 44.2626 16.1252 2.29086 29.5445 26.4151 21.1618 15.0215 13.7709 5.25329 14.7182 12.1834 29.936 15.4458 10.7335 9.90697 8.04772 29.0147 7.39811 10.2604
internal_count=35589 18972 840 16617 18132 16421 16226 98 10615 2342 196 8273 742 90 7256 7125 6507 7517 7456 618 1017 694 16103 639 466 455 463 15730 176 7335
is_linear=0
shrinkage=0.05


Tree=77
num_leaves=31
num_cat=0
split_feature=2 38 1 1 40 2 40 39 38 14 24 23 14 2 2 24 38 40 25 24 24 14 39 38 24 39 40 2 1 9
split_gain=5.01757 4.7822 3.99815 5.25621 3.31752 4.82334 2.9984 2.92462 2.83399 2.65676 2.59887 2.4695 2.41527 2.30569 2.74813 2.1826 2.84144 2.72217 3.04512 3.89072 3.36837 2.31939 2.17989 2.131 2.04237 2.37537 2.16882 3.09197 1.98581 1.96426
threshold=1.8043217288044124 70.15000000000002 8.0270570564051287 7.5320158301693683 0.43391551225216096 19.571745490999184 2.0819646223935195 125.35000000000001 14.750000000000002 177079.70000000001 28.25847800925926 1.0000000180025095e-35 14493.485000000002 2.0189481201995876 3.084352139183872 27.685306712962966 42.050000000000004 1.4276459950729594 2.5000000000000004 0.93304976851851862 0.16323495370370372 65018.220000000001 59.45000000000001 92.950000000000017 27.035630787037039 153.15000000000001 0.5093851231012837 0.030667517314144743 7.008487098082111 2.5000000000000004
decision_type=2 2 2 2 2 2 2 2 2 2 2 2 2 2 2 2 2 2 2 2 2 2 2 2 2 2 2 2 2 2
left_child=1 7 3 12 5 9 -3 10 -5 29 15 -6 -2 23 -15 17 -17 18 19 20 -1 -19 -22 -10 26 -26 -9 -28 -29 -4
right_child=2 6 4 8 11 -7 -8 24 13 -11 -12 -13 -14 14 -16 16 -18 21 -20 -21 22 -23 -24 -25 25 -27 27 28 -30 -31
leaf_value=-0.0034220476105122476 -0.036566462767404266 -0.037590973489774387 -0.042300167908173002 -0.02003366471735972 0.0087121420980129285 0.023971731158252785 0.03293965960132577 0.024471487983586976 0.13010896211856374 0.012958017062823983 -0.036600090626533431 0.044488300133392243 0.025566687591725965 -0.004524753962928312 0.060031504577728378 -0.013539530406002595 0.089797109753949833 -0.010846177667883143 0.04023633388122852 -0.031238992715024057 0.1088126531977492 0.058212900724911767 -0.01140283742874465 -0.0048068572785759387 -0.011040001739441828 0.060836339762477487 -0.048391749406760984 0.034330335807482182 -0.012653749539318443 0.025079642743171149
leaf_weight=6.0118340706103615 2.267812837730161 13.521363389154427 10.022098588407971 0.65055151795968225 24.781935750506822 6.3189078019931904 0.91458646283717904 7.3748034313903252 1.1261547213071024 2.9099378305836572 5.8094973223051047 5.2365451049990943 2.049280182691291 2.176602097984869 4.4329840935533866 0.83589364012004697 0.41398074361495674 1.6669832474435673 1.5685487091541279 14.951681645819916 0.25786432775203127 1.8254801664734257 0.29368476360104978 0.25911703146994103 1.234785797249059 2.9902903442271054 2.4944168215151858 2.9225297960801981 4.4131226859753951 0.54910213232506144
leaf_count=1146 995 10744 1800 413 2245 68 363 912 220 355 3499 154 532 779 211 189 57 551 12 7568 117 183 150 140 479 410 30 561 612 13
internal_value=0 -0.00668238 0.012677 0.0363658 0.00591901 -0.0096766 -0.031278 0.000208497 0.0569483 -0.0260146 -0.00890422 0.0161861 -0.0078111 0.0647432 0.0409716 -0.00205278 0.0453866 -0.00584882 -0.0123254 -0.0177743 0.0129737 0.0301734 0.0787084 0.113438 0.0142707 0.0417377 0.00560336 -0.0095046 0.00793765 -0.0369353
internal_weight=0 69.5013 62.781 12.9625 49.8185 19.8 14.4359 55.0654 8.64541 13.4811 33.6354 30.0185 4.31709 7.99486 6.60959 27.826 1.24987 26.5761 23.0836 21.5151 6.56338 3.49246 0.551549 1.38527 21.4299 4.22508 17.2049 9.83007 7.33565 10.5712
internal_count=35508 27583 7925 3290 4635 2236 11107 16476 1763 2168 13472 2399 1527 1350 990 9973 246 9727 8993 8981 1413 734 267 360 3004 889 2115 1203 1173 1813
is_linear=0
shrinkage=0.05


Tree=78
num_leaves=31
num_cat=0
split_feature=19 21 19 39 38 5 21 3 14 13 14 17 39 24 24 19 2 10 14 17 40 15 15 15 11 13 38 8 12 39
split_gain=4.01069 4.73439 4.3172 3.98485 8.22956 3.83246 4.58341 3.48662 4.57998 5.03772 4.39596 2.96287 2.65754 4.49031 2.58616 3.64274 2.60497 2.42598 3.21669 2.68822 2.97252 2.98473 2.51656 2.65882 2.38842 2.38786 2.27903 2.25975 2.20886 2.0752
threshold=20.769866898148152 17.788564814814816 8.0752719907407435 170.95000000000002 60.050000000000004 1.0000000180025095e-35 7.9654456018518527 -2.0575984421710278 59517.535000000011 17.500000000000004 8272.6950000000015 10.500000000000002 159.75000000000003 0.0071527777777777787 31.025833333333338 30.101741898148152 0.10420024313338506 3512.3300000000004 124568.73000000003 1.5000000000000002 0.77611134055925557 19041.500000000004 20462.000000000004 9429.0000000000018 5.5000000000000009 16.500000000000004 38.050000000000004 62.445000000000007 1509.6450000000002 201.45000000000002
decision_type=2 2 2 2 2 2 2 2 2 2 2 2 2 2 2 2 2 2 2 2 2 2 2 2 2 2 2 2 2 2
left_child=1 2 3 17 -5 6 -6 12 10 -10 28 26 13 -3 16 -16 -2 18 19 22 24 -22 23 -1 -21 27 -12 -14 -9 -17
right_child=14 7 -4 4 5 -7 -8 8 9 -11 11 -13 25 -15 15 29 -18 -19 -20 20 21 -23 -24 -25 -26 -27 -28 -29 -30 -31
leaf_value=-0.014237302529051254 0.030050127823929969 0.042988008972443141 -0.02698973168912875 0.061464573756815966 -0.039731621711392037 0.03342299658290248 0.028219883844402407 0.010297710816526948 0.086276649066200237 0.01135710197675532 0.014350286320652423 0.036614783571326262 -0.076728383009377246 -0.033977318844325942 0.038670093022208724 -0.039414309543997918 -0.042808798709306824 0.014765792405665681 0.016919959369966965 -0.044499768521752026 -0.026861469238315939 0.026167567399443727 -0.018801043863010042 0.1062222777997026 0.0070028360860729241 0.0054578942839196053 -0.028695524505309739 0.017773850836042718 0.1055766593879435 0.023921704683332629
leaf_weight=0.39119563822169101 0.68094400974223646 4.1950470398878661 13.175769552006384 6.9527953197248307 6.842950953228863 4.1182933649979523 2.7894013883778825 1.3308243550709513 4.8746975044487026 4.190974410448689 4.3130649346276169 3.2197051901603109 1.7113903751596811 2.0822370485402644 2.9614959533209904 3.6652703119907528 9.295779303996822 10.499630788632201 6.8088516121497369 13.180796212342104 4.3126744938199391 4.3015124513185583 0.93011541460873559 0.27720207517268136 2.3798212874098672 2.4149372914107516 6.7225306430482306 0.40449091407936055 0.6914854593342169 1.027354590478353
leaf_count=195 12 72 6580 264 3038 40 431 266 301 490 573 335 126 400 905 3250 6250 582 779 5461 991 887 450 78 555 122 1051 4 51 957
internal_value=0 0.00503403 -0.00201699 0.00347847 0.020974 -0.00227841 -0.0192504 0.0196949 0.0295154 0.0562112 0.0122545 0.000599498 -0.00388212 0.0162971 -0.0199898 0.00205807 -0.0355514 -0.00521425 -0.0119008 -0.0198623 -0.0242843 -0.000413822 0.0306222 0.0694441 -0.0366758 -0.0297314 -0.0120773 -0.0587562 0.0670294 -0.0237818
internal_weight=0 113.112 76.961 63.7852 20.7034 13.7506 9.63235 36.1514 25.3433 9.06567 16.2776 14.2553 10.8081 6.27728 17.6308 7.65412 9.97672 43.0818 32.5822 25.7733 24.1748 8.61419 1.59851 0.668398 15.5606 4.53082 11.0356 2.11588 2.02231 4.69262
internal_count=35496 24122 20331 13751 3773 3509 3469 3791 3067 791 2276 1959 724 472 11374 5112 6262 9978 9396 8617 7894 1878 723 273 6016 252 1624 130 317 4207
is_linear=0
shrinkage=0.05


Tree=79
num_leaves=31
num_cat=0
split_feature=38 39 40 39 0 25 13 9 12 5 40 31 21 40 12 24 12 40 0 0 13 21 40 13 24 24 24 0 39 11
split_gain=3.67919 9.13622 6.18575 4.77326 3.24426 2.6879 3.37432 2.73262 3.41137 2.65491 3.28407 3.19014 3.02692 3.43168 2.63411 2.02452 1.71992 1.71782 2.15381 1.68777 2.09279 2.17339 1.71461 2.03278 1.67317 1.66967 1.64116 1.62107 1.58454 1.55985
threshold=70.15000000000002 129.65000000000001 1.4276459950729594 651.30000000000007 11654.410000000002 1.5000000000000002 11.500000000000002 1.5000000000000002 110473.46500000001 1.0000000180025095e-35 2.0819646223935195 10.500000000000002 28.296990740740743 0.13851491441678232 33868.055000000008 0.099994212962962972 23216.540000000005 0.79433473717012593 22077.235000000004 255.34500000000003 20.500000000000004 28.504496527777782 0.5093851231012837 18.500000000000004 25.90502314814815 0.0071527777777777787 12.964664351851853 484.93500000000006 231.75000000000003 1.5000000000000002
decision_type=2 2 2 2 2 2 2 2 2 2 2 2 2 2 2 2 2 2 2 2 2 2 2 2 2 2 2 2 2 2
left_child=1 5 4 9 19 6 14 8 -8 10 12 -11 -2 -14 17 -15 -9 -1 29 22 21 27 -3 -24 -5 -4 -10 -21 -12 -19
right_child=3 2 25 24 -6 -7 7 16 26 11 28 -13 13 15 -16 -17 -18 18 -20 20 -22 -23 23 -25 -26 -27 -28 -29 -30 -31
leaf_value=-0.01075175934287765 -0.037042564271465857 0.038811009774056826 -0.047623588739350804 0.053808562193400682 0.0038065345267448529 0.027255561804908096 -0.028323953349367451 0.02040097198570151 -0.020470910444853288 -0.035386231263878631 0.045768247765522158 0.032917840022106369 0.059321873822948457 0.027687294693261474 0.048588383507552742 -0.036980520201993168 -0.024937480282538796 0.052589640887015288 -0.02929297075474508 0.13898869005152464 0.01269595307848552 0.00026082964389546702 -0.036563092468779888 0.028792704642363554 -0.0043985538593073886 0.0034995443392017607 0.049965671082744294 0.055925951046734534 -0.022420706062656958 -0.0021457688115556609
leaf_weight=9.6532790118944849 18.479170851409446 3.644524757168262 1.6526594680617552 2.7400384089560239 5.7592797095421693 5.8641762015176928 23.915342208929363 6.6741417977609654 0.5828597192303272 1.5586419036844734 1.6549160535214462 4.4319442674750462 1.056362465082201 0.93004670803202349 2.7687273479532442 2.7667798034381121 1.938469208718743 2.8944620357360682 0.88223173411097366 0.32225564942928286 3.2068168115220024 1.3157257816055778 1.610756070353091 1.2279981124447656 1.6319018355570731 3.7022603992954828 1.4367741617024874 12.822519400797317 0.53757432056590904 1.8412785310065372
leaf_count=4439 10396 125 31 197 243 300 10793 535 63 20 252 65 371 145 197 2522 126 691 34 152 693 399 77 41 98 433 124 1355 178 518
internal_value=0 0.00994344 0.0296606 -0.00871105 0.0383538 -0.00225106 -0.00598863 -0.0149959 -0.0228828 -0.0157371 -0.0226451 0.0126266 -0.0282858 0.00627957 0.0111424 -0.0182804 0.00866382 0.00178437 0.0216948 0.0461135 0.0541497 0.0619269 0.0199046 -0.00815557 0.0353075 -0.0172895 0.0295905 0.0676445 0.0272632 0.0346445
internal_weight=0 93.7165 35.2648 35.7874 29.9099 58.4517 52.5876 34.5476 25.935 31.4154 25.4249 5.99059 23.2324 4.75319 18.04 3.69683 8.61261 15.2713 5.61797 24.1506 17.6673 14.4605 6.48328 2.83875 4.37194 5.35492 2.01963 13.1448 2.19249 4.73574
internal_count=35613 21369 3549 14244 3085 17820 17520 11641 10980 13949 13864 85 13434 3038 5879 2667 661 5682 1243 2842 2599 1906 243 118 295 464 187 1507 430 1209
is_linear=0
shrinkage=0.05


Tree=80
num_leaves=31
num_cat=0
split_feature=14 0 33 33 25 15 0 34 12 19 19 40 0 40 0 11 13 14 16 12 13 38 2 38 21 24 24 14 2 21
split_gain=4.06878 5.01254 3.70004 5.18345 3.17035 3.14241 2.73979 2.69586 2.65698 2.93828 2.76966 2.62936 2.28121 2.25631 2.1139 2.38874 2.09178 2.4745 1.89293 1.81907 1.98992 2.28922 3.77169 3.72297 2.14083 2.09248 2.75335 1.80337 1.76791 1.63828
threshold=23319.975000000002 1825.4250000000004 0.47673160173160178 0.044466403162055343 1.5000000000000002 57.500000000000007 2153.7050000000004 1.0000000180025095e-35 33868.055000000008 39.976412037037043 9.9430092592592612 0.24551124161574397 46258.400000000001 0.80074047280246219 735.54500000000007 5.5000000000000009 11.500000000000002 107955.77500000004 3.5000000000000004 14775.510000000004 29.500000000000004 59.550000000000004 19.571745490999184 42.550000000000004 6.9143402777777787 7.1784664351851859 18.604103009259262 24521.810000000001 2.4426258746752545 17.164050925925931
decision_type=2 2 2 2 2 2 2 2 2 2 2 2 2 2 2 2 2 2 2 2 2 2 2 2 2 2 2 2 2 2
left_child=1 5 3 4 8 -1 13 -8 9 10 19 -6 28 -3 15 -12 -10 -18 -19 20 21 23 -23 24 -2 -25 -27 -16 29 -5
right_child=2 6 -4 12 11 -7 7 -9 16 -11 14 -13 -14 -15 27 -17 17 18 -20 -21 -22 22 -24 25 -26 26 -28 -29 -30 -31
leaf_value=0.017610231789390762 -0.021383292997299644 0.065965386511385629 -0.04187311408422488 -0.0044261586822623147 -0.02461891514084066 -0.035993280629988279 -0.016799865785458137 0.023524381807417134 0.040057238486172715 0.063909873268063938 -0.023247579776929764 0.046874213164748428 -0.007497642659544901 -0.018530645539811454 0.02923530707951923 0.067518202087954074 0.045911513417254184 -0.034529123063173205 0.01201856130313534 -0.029912745173451882 -0.029888818843335992 -0.039445769548033048 0.035893503658380149 -0.0093044704573364122 0.018094716980220936 0.085003507172965981 -0.016328350153467227 -0.04278409371161071 0.054956372590961089 0.031235747177954926
leaf_weight=2.5426597403129589 4.8114199652336662 1.8312545923981844 2.9943374168360597 4.2410329436534147 0.98586937133222718 19.505617540737148 11.056507156870795 5.3290980324381954 4.1639126299996851 0.31623156066052516 0.86610692925751098 4.5693633233895525 3.7528029708191744 0.59170842904131848 0.26003919914364715 0.27617844310589135 1.2537696305080297 3.64233998733107 3.394585992267821 4.5311517161899237 3.2264696744969106 4.3083620623219749 1.5181538211181758 0.80470831337151993 7.4105659555643797 2.5619452045648363 0.47400433168513689 10.438321677036582 5.8832331596058784 9.9613296862225962
leaf_count=193 1358 564 694 607 88 12463 2240 330 338 199 832 198 46 227 213 218 105 836 445 1119 808 1808 13 170 627 164 129 7466 221 850
internal_value=0 -0.0136672 0.00528269 0.00744535 -0.00051908 -0.0293157 0.00523056 -0.00308644 -0.00441086 -0.0104333 -0.0124908 0.0323664 0.0266455 0.0459454 -0.031911 0.0199706 0.0150764 -0.000431114 -0.0133732 -0.00394644 0.0017042 0.00746337 -0.0174331 0.0169867 0.0021116 0.0541079 0.0690568 -0.0386841 0.0330778 0.0209959
internal_weight=0 40.8568 86.6462 83.6519 59.8135 22.0483 18.8086 16.3856 54.2583 41.8037 41.4874 5.55523 23.8384 2.42296 11.8406 1.14229 12.4546 8.2907 7.03693 29.6468 25.1156 21.8892 5.82652 16.0626 12.222 3.84066 3.03595 10.6984 20.0856 14.2024
internal_count=35569 16017 19552 18858 17134 12656 3361 2570 16848 15124 14925 286 1724 791 8729 1050 1724 1386 1281 6196 5077 4269 1821 2448 1985 463 293 7679 1678 1457
is_linear=0
shrinkage=0.05


Tree=81
num_leaves=31
num_cat=0
split_feature=38 39 31 40 2 27 38 31 39 38 25 38 24 41 2 14 12 12 40 0 10 23 38 13 40 40 13 13 40 3
split_gain=3.43892 5.50701 3.42435 3.47088 2.91029 3.13054 2.71527 2.712 2.48296 7.88645 2.82971 3.21375 3.25448 2.67417 4.15957 2.8905 2.55039 2.26069 2.12656 2.12007 1.95674 1.811 2.14439 1.89493 1.79547 1.74916 1.72804 1.69459 1.64358 1.53278
threshold=70.15000000000002 233.45000000000002 21.500000000000004 0.059468712439535734 1.819428265219597 1.0000000180025095e-35 8.4500000000000011 22.500000000000004 74.950000000000017 39.550000000000004 1.5000000000000002 68.250000000000014 37.294068287037042 1.0000000180025095e-35 0.01664170781265813 128668.45000000003 14775.510000000004 35421.575000000004 0.22845007748761789 72.14500000000001 1234.9150000000002 1.0000000180025095e-35 178.65000000000001 18.500000000000004 1.0924075024083875 0.77013363011106561 8.5000000000000018 46.500000000000007 0.2853746779535466 3.8853203711202711
decision_type=2 2 2 2 2 2 2 2 2 2 2 2 2 2 2 2 2 2 2 2 2 2 2 2 2 2 2 2 2 2
left_child=1 2 3 17 5 27 -3 -4 9 18 11 12 13 15 -15 29 -11 19 -5 -1 24 22 23 -6 -20 -14 -12 -2 -24 -10
right_child=4 6 7 8 21 -7 -8 -9 10 16 26 -13 25 14 -16 -17 -18 -19 20 -21 -22 -23 28 -25 -26 -27 -28 -29 -30 -31
leaf_value=0.022430863745573952 -0.039378748227241682 -0.0094426800589533493 0.043196536835198064 0.03667123941294341 -0.037594437607253464 0.033544569716467132 0.058151244269656614 -0.019135646482503488 -0.029626908131257585 0.087994836881745711 -0.025926561705091222 0.062016434380277513 0.055285495776404937 -0.026530612965882452 0.033067888897388209 0.0086895496487921411 -0.012188024649763145 0.017727382661754328 -0.050069721782140864 -0.040589844883915593 0.014455871298848122 0.029649454292114616 0.036086793826162658 0.0082269895136667937 0.010173142476167629 -0.018181335686880622 0.036642821530023656 0.029296846425539341 -0.0066288363741290948 0.010511901005569499
leaf_weight=0.88561478245537628 12.816248240967974 1.5739453397691239 6.8213743078522366 1.4145243937382455 5.7333903347025679 1.0380326437880292 5.8620432508760132 1.617780818545725 23.848642990808006 3.1870030895806845 0.58695588074624439 0.69420719461049785 1.9602517656167031 3.9468267434276623 6.3247823530691676 7.1518036353518246 0.48570281546562899 1.9727184923831362 3.272488679678645 9.4257928516017255 2.6057989259134047 3.1956762795452951 2.8458233227720475 2.9300974310026504 1.3273935815086586 0.56286769162397821 5.5497636643704027 0.26059300021734166 4.8309983839280903 2.1363865137100211
leaf_count=41 10850 18 410 377 1324 152 186 234 8007 228 34 283 381 30 286 971 31 459 1260 6714 273 190 226 728 566 306 169 176 664 20
internal_value=0 0.00586764 0.00205218 -0.00140003 -0.0125551 -0.029029 0.0444206 0.0304861 0.00330797 0.0226248 -0.0015297 -0.00590223 -0.0082283 -0.0117413 0.00984533 -0.018525 0.074973 -0.0247052 -0.00515341 -0.0336727 -0.0168323 0.000181392 -0.00695919 -0.0228494 -0.0339731 0.0383876 0.027864 -0.0360262 0.01154 -0.0260596
internal_weight=0 93.2147 85.7787 77.3395 33.6509 14.1149 7.43599 8.43916 65.0554 12.2929 52.7625 46.6258 45.9316 43.4084 10.2716 33.1368 3.67271 12.2841 8.62021 10.3114 7.20568 19.536 16.3403 8.66349 4.59988 2.52312 6.13672 13.0768 7.67682 25.985
internal_count=35594 21284 21080 20436 14310 11178 204 644 13222 2735 10487 10284 10001 9314 316 8998 259 7214 2476 6755 2099 3132 2942 2052 1826 687 203 11026 890 8027
is_linear=0
shrinkage=0.05


end of trees

feature_importances:
login_to_transfer_s=193
payee_relation_age_d=177
amount_try=154
device_age_d=153
session_duration_s=148
payee_age_d=144
hour=138
amount_ratio=135
amount_zscore=131
sum_7d=126
time_since_last_s=106
cnt_7d=98
typing_deviation=95
night_ratio_7d=88
sum_1h=74
device_customers_7d=72
sum_24h=61
distinct_payees_7d=52
is_new_device=44
near_threshold=41
paste_used=35
near_threshold_cnt_24h=29
cnt_24h=22
hour_unusual=22
payee_fan_in_24h=19
cnt_1h=18
amount_log=17
is_night=14
is_new_payee=13
distinct_payees_24h=11
first_large_transfer=8
channel_unknown=5
vulnerable_customer=5
ip_country_mismatch=4
is_new_location=2
channel_change=2
sum_1m=1
is_cash_channel=1
active_call=1
purpose_risk=1

parameters:
[boosting: gbdt]
[objective: binary]
[metric: binary_logloss]
[tree_learner: serial]
[device_type: cpu]
[data_sample_strategy: bagging]
[data: ]
[valid: ]
[num_iterations: 500]
[learning_rate: 0.05]
[num_leaves: 31]
[num_threads: 1]
[seed: 7]
[deterministic: 1]
[force_col_wise: 0]
[force_row_wise: 1]
[histogram_pool_size: -1]
[max_depth: -1]
[min_data_in_leaf: 20]
[min_sum_hessian_in_leaf: 0.001]
[bagging_fraction: 0.8]
[pos_bagging_fraction: 1]
[neg_bagging_fraction: 1]
[bagging_freq: 1]
[bagging_seed: 17422]
[feature_fraction: 0.8]
[feature_fraction_bynode: 1]
[feature_fraction_seed: 7040]
[extra_trees: 0]
[extra_seed: 6516]
[early_stopping_round: 0]
[first_metric_only: 0]
[max_delta_step: 0]
[lambda_l1: 0]
[lambda_l2: 1]
[linear_lambda: 0]
[min_gain_to_split: 0]
[drop_rate: 0.1]
[max_drop: 50]
[skip_drop: 0.5]
[xgboost_dart_mode: 0]
[uniform_drop: 0]
[drop_seed: 15215]
[top_rate: 0.2]
[other_rate: 0.1]
[min_data_per_group: 100]
[max_cat_threshold: 32]
[cat_l2: 10]
[cat_smooth: 10]
[max_cat_to_onehot: 4]
[top_k: 20]
[monotone_constraints: ]
[monotone_constraints_method: basic]
[monotone_penalty: 0]
[feature_contri: ]
[forcedsplits_filename: ]
[refit_decay_rate: 0.9]
[cegb_tradeoff: 1]
[cegb_penalty_split: 0]
[cegb_penalty_feature_lazy: ]
[cegb_penalty_feature_coupled: ]
[path_smooth: 0]
[interaction_constraints: ]
[verbosity: -1]
[saved_feature_importance_type: 0]
[use_quantized_grad: 0]
[num_grad_quant_bins: 4]
[quant_train_renew_leaf: 0]
[stochastic_rounding: 1]
[linear_tree: 0]
[max_bin: 255]
[max_bin_by_feature: ]
[min_data_in_bin: 3]
[bin_construct_sample_cnt: 200000]
[data_random_seed: 61]
[is_enable_sparse: 1]
[enable_bundle: 1]
[use_missing: 1]
[zero_as_missing: 0]
[feature_pre_filter: 1]
[pre_partition: 0]
[two_round: 0]
[header: 0]
[label_column: ]
[weight_column: ]
[group_column: ]
[ignore_column: ]
[categorical_feature: ]
[forcedbins_filename: ]
[precise_float_parser: 0]
[parser_config_file: ]
[objective_seed: 15521]
[num_class: 1]
[is_unbalance: 0]
[scale_pos_weight: 1]
[sigmoid: 1]
[boost_from_average: 1]
[reg_sqrt: 0]
[alpha: 0.9]
[fair_c: 1]
[poisson_max_delta_step: 0.7]
[tweedie_variance_power: 1.5]
[lambdarank_truncation_level: 30]
[lambdarank_norm: 1]
[label_gain: ]
[lambdarank_position_bias_regularization: 0]
[eval_at: ]
[multi_error_top_k: 1]
[auc_mu_weights: ]
[num_machines: 1]
[local_listen_port: 12400]
[time_out: 120]
[machine_list_filename: ]
[machines: ]
[gpu_platform_id: -1]
[gpu_device_id: -1]
[gpu_use_dp: 0]
[num_gpu: 1]

end of parameters

pandas_categorical:null
