tree
version=v4
num_class=1
num_tree_per_iteration=1
label_index=0
max_feature_idx=47
objective=binary sigmoid:1
feature_names=amount_try amount_log amount_ratio amount_zscore first_large_transfer near_threshold near_threshold_cnt_24h cnt_1m sum_1m cnt_1h sum_1h cnt_24h sum_24h cnt_7d sum_7d time_since_last_s distinct_payees_24h distinct_payees_7d is_new_payee payee_relation_age_d payee_fan_in_24h payee_age_d device_missing is_new_device device_age_d device_customers_7d is_new_location ip_country_mismatch is_anonymized_ip is_foreign is_high_risk_country hour is_night night_ratio_7d hour_unusual is_cash_channel channel_change channel_unknown login_to_transfer_s session_duration_s typing_deviation paste_used is_emulator is_rooted remote_access active_call purpose_risk vulnerable_customer
feature_infos=[1.52:503304.87] [0.9242589015233319:13.12895335572048] [0.00013428840949095364:320.21085436722205] [-14.87742571362821:9.6862019654952913] [0:1] [0:1] [0:6] [0:2] [0:39994.339999999997] [0:15] [0:458792.64000000001] [0:20] [0:671035.56000000006] [0:77] [0:1419508.5699999998] [0:604800] [0:18] [0:28] [0:1] [-1:42.359583333333333] [0:8] [-1:42.474259259259256] none [0:1] [0:42.374641203703703] [1:4] [0:1] [0:1] [0:1] [0:1] none [0:23] [0:1] [0:1] [0:1] [0:1] [0:1] [0:1] [-1:2677.4000000000001] [-1:3557.9000000000001] [0:12.388731964634449] [0:1] none [0:1] [0:1] [0:1] [0:1] [0:1]
tree_sizes=3313 3369 3373 3381 3400 3378 3402 3397 3407 3397 3378 3392 3395 3420 3384 3389 3403 3385 3417 3403 3415 3411 3426 3420 3393 3435 3438 3444 3406 3408 3415 3431 3424 3442 3451 3424 3432 3414 3429 3431 3414 3436 3421 3424 3454 3419 3427 3451 3417 3447 3445 3436 3418 3433 3439 3430 3420 3442 3427 3433 3429 3447 3429 3434 3410 3445 3412 3407 3424 3421 3413 3382 3431 3439 3403 3412 3427 3416 3411 3417 3422 3421 3415 3416 3442 3452 3440 3434 3394 3407 3426

Tree=0
num_leaves=31
num_cat=0
split_feature=2 2 2 31 33 10 2 10 18 14 2 38 39 38 39 39 0 44 2 0 3 10 33 14 4 13 38 39 13 10
split_gain=3773.89 2328.48 160.735 98.0983 182.739 111.852 72.9074 95.4182 43.2307 41.6321 39.5201 38.4222 49.0989 33.2412 50.9968 31.501 29.643 29.2637 24.9121 24.5715 23.9847 19.4085 31.8714 41.9075 17.9573 12.6458 11.944 19.7128 19.9276 8.33248
threshold=0.076593605290356553 5.858487696356609 8.6113472687705315 5.5000000000000009 0.2752525252525253 295.94000000000005 3.2431217894498432 3222.9450000000002 1.0000000180025095e-35 7893.6500000000005 0.17068616326010347 57.95000000000001 117.25000000000001 56.750000000000007 110.65000000000002 60.250000000000007 10254.900000000001 1.0000000180025095e-35 0.29234631205464162 46137.765000000007 2.0726716727724552 4206.6600000000008 0.033615819209039555 115708.94000000002 1.0000000180025095e-35 9.5000000000000018 60.850000000000001 137.05000000000004 16.500000000000004 4984.0950000000003
decision_type=2 2 2 2 2 2 2 2 2 2 2 2 2 2 2 2 2 2 2 2 2 2 2 2 2 2 2 2 2 2
left_child=-1 3 15 4 5 11 10 8 -8 -4 13 12 -2 14 -5 -3 -9 21 -6 25 -10 -12 26 -24 -22 -17 27 29 -29 -23
right_child=1 2 9 6 18 -7 7 16 20 -11 17 -13 -14 -15 -16 19 -18 -19 -20 -21 24 22 23 -25 -26 -27 -28 28 -30 -31
leaf_value=-2.2365708153858144 -3.6687683402977611 -3.7162244941791829 -3.580943941513576 -3.6751922276493496 -3.5140057930943089 -3.0263014516304625 -3.7009042598978601 -3.2410878036492718 -3.6892483443064563 -2.7848688044147467 -3.7237902749394167 -3.7036028938158316 -3.2573160201867184 -3.7236072854458171 -3.3157124895548669 -3.6478099942267943 -3.6466537819841891 -3.5140057930943089 -3.713616770577659 -3.6833138516420751 -3.3478642801078466 -3.6278073467908856 -3.4043051027225961 -3.6964164564327322 -3.6671635388569994 -3.2401185768691385 -3.7385559740813914 -3.4653581638291078 -3.7225781571186611 -3.7154527542419027
leaf_weight=3.3979009687900534 1.5101782083511381 0.56631682813167428 0.49552722461521614 2.4068465195596214 0.7078960351645972 0.73149256967008103 19.844685519114144 0.87307177670299896 1.5337747428566211 5.8991336263716221 722.78544843755662 2.3360569160431623 0.73149256967008103 2.996759882196784 0.84947524219751347 0.49552722461521703 0.96745791472494602 0.70789603516459365 17.437838999554515 0.54272029362618912 0.87307177670299985 2.3124603815376856 1.1798267252743233 2.8315841406583786 0.84947524219751358 1.557371277362108 13.568007340654729 0.94386138021945842 0.94386138021945953 13.969148427247999
leaf_count=144 64 24 21 102 30 31 841 37 65 250 30631 99 31 127 36 21 41 30 739 23 37 98 50 120 36 66 575 40 40 592
internal_value=-3.6977 -3.70515 -2.96732 -3.7147 -3.61599 -3.3842 -3.71773 -3.63517 -3.67005 -2.82243 -3.72049 -3.5515 -3.44007 -3.604 -3.5137 -3.40024 -3.36125 -3.72158 -3.69664 -3.34532 -3.52545 -3.72201 -3.68632 -3.5691 -3.43627 -3.28995 -3.70461 -3.67845 -3.55805 -3.69968
internal_weight=0 823.448 9.5566 813.892 23.455 5.30922 790.437 24.9415 23.101 6.39466 765.495 4.57773 2.24167 6.25308 3.25632 3.16194 1.84053 759.242 18.1457 2.59562 3.25632 758.534 35.7487 4.01141 1.72255 2.0529 31.7373 18.1693 1.88772 16.2816
internal_count=35041 34897 405 34492 994 225 33498 1057 979 271 32441 194 95 265 138 134 78 32176 769 110 138 32146 1515 170 73 87 1345 770 80 690
is_linear=0
shrinkage=1


Tree=1
num_leaves=31
num_cat=0
split_feature=2 2 21 19 15 19 21 12 2 18 14 0 14 33 2 31 31 33 19 21 14 33 15 19 38 38 10 21 21 19
split_gain=1059.82 1072.61 241.655 178.085 170.752 333.756 499.186 158.592 41.706 90.0904 44.7672 36.9751 29.5276 33.4178 29.0918 25.4255 21.6337 47.7604 41.4163 49.8748 21.0429 20.3867 15.4454 13.0714 10.8982 10.0612 9.8926 7.6238 6.69223 16.3924
threshold=5.858487696356609 0.076593605290356553 7.7562557870370377 24.416319444444447 619.50000000000011 0.078871527777777797 1.3163020833333337 34934.875000000007 3.366521105234225 1.0000000180025095e-35 19817.810000000001 171.94500000000002 283205.79000000004 0.065591397849462371 2.1453730025006843 12.500000000000002 5.5000000000000009 0.20416666666666669 12.44971064814815 0.54864004629629637 660498.77500000026 0.33771929824561409 100.50000000000001 8.1566203703703728 63.150000000000013 57.95000000000001 16734.975000000002 0.35560763888888897 0.037644675925925929 0.026869212962962966
decision_type=2 2 2 2 2 2 2 2 2 2 2 2 2 2 2 2 2 2 2 2 2 2 2 2 2 2 2 2 2 2
left_child=1 22 7 23 5 6 11 -2 16 -10 27 -3 13 26 -13 -14 17 18 19 -6 24 -15 -1 -4 -17 -21 -7 -11 -18 -30
right_child=2 4 3 -5 8 12 -8 -9 9 10 -12 14 15 21 -16 20 28 -19 -20 25 -22 -23 -24 -25 -26 -27 -28 -29 29 -31
leaf_value=0.47181301756285088 0.032365484620718095 0.29287048120600073 0.75328258794933756 0.01226478176652715 -0.024567812447733789 -0.022318213102669605 0.80119792551704794 0.44695644195842021 -0.005516137325975317 -0.030545395908312178 0.36071320810572738 -0.02377769970099726 -0.029426853412323112 0.23015872698668693 0.20231624499532824 0.33202910379468265 -0.036607875642929166 -0.014902470575663938 -0.017173395051272345 0.44270074508124391 -0.019493904042978599 -0.008259843107820521 0.17271936922390774 0.33398092685329694 0.018018304544131402 0.050235234335350598 0.10495774051619262 0.11522083342743331 0.01995611791389526 -0.024505959771650435
leaf_weight=10.202302470803259 7.2581842690706271 0.60148062556981852 4.1514575462788326 1.3605645075440405 0.91765282861888708 38.826166031882167 2.5780822951346636 2.5062211006879807 18.705413646996025 1.4635855033993714 1.914576234295964 6.3340170737355947 1.3500957135111087 1.3129421286284917 0.77925218828022469 0.95975408889353298 108.65780048631132 16.921647973358631 1.967523382976651 0.92470210790634133 0.61404916457831848 1.3550265245139597 2.0927799940109244 3.0169076584279537 0.46195957995951176 0.48993425071239471 0.60824007168412109 0.50890366174280632 20.79655546694994 570.13352706097066
leaf_count=117 162 22 85 37 37 1671 88 48 788 56 68 274 58 49 31 38 4713 720 80 28 26 57 24 73 20 20 25 20 901 24736
internal_value=0 -0.00770771 0.367248 0.551061 -0.015099 0.0685197 0.311823 0.170414 -0.0214569 0.0441342 0.235301 0.0751154 0.00794303 -0.00480623 0.0228743 0.131426 -0.023571 0.0252802 0.15639 0.264023 0.212656 0.13983 0.437724 0.639305 0.27957 0.383873 -0.0178079 0.0331729 -0.0250868 -0.0229101
internal_weight=0 811.478 18.2933 8.52893 799.183 55.7811 10.2928 9.76441 743.402 22.5925 3.88707 7.71475 45.4882 42.1024 7.11327 3.38586 720.809 21.2215 4.29981 2.33229 2.03576 2.66797 12.2951 7.16837 1.42171 1.41464 39.4344 1.97249 699.588 590.93
internal_count=35072 34667 405 195 34526 2359 415 210 32167 932 144 327 1944 1802 305 142 31235 885 165 85 84 106 141 158 58 48 1696 76 30350 25637
is_linear=0
shrinkage=0.05


Tree=2
num_leaves=31
num_cat=0
split_feature=2 0 25 19 15 19 10 10 40 2 19 2 24 2 18 34 20 13 12 20 3 33 17 24 33 0 10 19 15 12
split_gain=773.666 751.58 132.755 125.528 86.1557 142.555 97.5427 77.3357 68.1883 61.9309 33.5779 28.7636 26.3954 21.4995 34.007 66.2805 20.93 20.5777 12.1915 11.4736 10.7321 10.5271 10.5138 10.3899 9.25557 12.8795 9.07717 8.86775 8.50897 7.61675
threshold=4.9270446026585448 108.27000000000002 2.5000000000000004 5.0473958333333337 834.50000000000011 0.078871527777777797 3222.9450000000002 2173.0650000000001 0.046812133120726254 18.681431251286991 6.9722569444444451 0.83976861323809382 10.56056712962963 2.4984811328393861 1.0000000180025095e-35 1.0000000180025095e-35 1.5000000000000002 7.5000000000000009 131428.65000000002 1.5000000000000002 1.1472526679698334 0.025807525807525811 6.5000000000000009 32.258975694444452 0.18350168350168353 946.07000000000005 18633.405000000002 32.326423611111117 47568.500000000007 1050.1450000000002
decision_type=2 2 2 2 2 2 2 2 2 2 2 2 2 2 2 2 2 2 2 2 2 2 2 2 2 2 2 2 2 2
left_child=1 3 4 -1 5 6 16 9 -8 10 22 -10 -11 -6 20 19 -3 -18 21 -16 -15 -7 28 -12 25 -23 -20 -25 -2 -21
right_child=7 2 -4 -5 13 18 8 -9 11 12 23 -13 -14 14 15 -17 17 -19 26 29 -22 24 -24 27 -26 -27 -28 -29 -30 -31
leaf_value=0.33965902657483671 0.01110321561372163 -0.0071524317169089531 0.42706536840761355 -0.01301635649086013 -0.026664098233957802 -0.017341500771877297 -0.0070921022997281723 0.42140280724677642 0.097697416990391597 0.065988207689883324 -0.022503507907862694 0.46562746310702752 0.34955617560999108 0.10445166888627977 -0.020721404237852029 0.33142889077945048 -0.025550103890252907 0.22139969792122574 0.18066439216848562 -0.019789549208882592 -0.01599084639616009 -0.013079542331389599 0.23671572427214801 0.15889634764974406 -0.021973666736777905 0.15464467503450824 -0.019632801932231204 -0.021763752863435612 0.14200289263488239 0.15423601930551767
leaf_weight=16.506243841722611 2.1742304824292713 5.8100127242505533 0.6722754817455997 2.8636422436684361 661.70203744620085 44.794067716225982 1.2930350136011828 5.4146736748516551 1.3506922684609888 1.5347267538309086 4.1358691602945319 3.0528613645583391 6.1804914958775043 0.93509277515113254 5.5735755432397109 1.2224946245551107 0.97763612680137191 1.5610130522400139 0.51418390125036129 0.62709164433181264 45.889247145503759 1.6465043388307088 4.1753154974430799 0.90156470425426938 2.4536652360111475 1.9160184562206266 0.62177262827754021 0.72494348511099815 2.6010949984192848 0.95142009854316711
leaf_count=171 53 237 15 100 29341 1959 55 78 45 26 126 65 82 41 228 39 35 32 20 25 2001 65 75 21 101 67 27 25 62 35
internal_value=0 -0.0104269 -0.0181991 0.28944 -0.0191258 0.0351733 0.170704 0.253134 0.31367 0.196258 0.122238 0.391739 0.307192 -0.0241661 0.00572057 0.0927151 0.0500361 0.145954 -0.00400362 0.0162616 -0.0114518 -0.00875687 0.178048 0.0220389 0.0485224 0.0912503 0.113167 0.100746 0.0946458 0.104238
internal_weight=0 802.935 783.565 19.3699 782.892 65.9915 14.0453 27.8429 5.69659 22.4282 14.713 4.40355 7.71522 716.901 55.1989 8.37458 8.34866 2.53865 51.9462 7.15209 46.8243 50.8103 8.95064 5.76238 6.01619 3.56252 1.13596 1.62651 4.77533 1.57851
internal_count=35252 34704 34433 271 34418 2708 469 548 165 470 362 110 108 31710 2369 327 304 67 2239 288 2042 2192 190 172 233 132 47 46 115 60
is_linear=0
shrinkage=0.05


Tree=3
num_leaves=31
num_cat=0
split_feature=2 2 15 19 21 19 21 6 2 18 6 2 17 31 14 0 15 2 24 21 12 0 12 17 2 23 10 18 21 13
split_gain=653.202 568.366 120.556 137.034 207.651 73.0583 66.6967 191.457 33.423 50.0396 29.589 27.6931 25.2754 18.2536 24.5697 19.2547 14.0614 10.6251 10.163 9.46248 14.017 9.08004 8.94745 8.93785 8.81324 8.46252 8.4586 8.40766 80.0605 21.4438
threshold=5.858487696356609 0.14112139419481282 834.50000000000011 0.078871527777777797 10.30722800925926 7.114994212962964 2.4798726851851858 1.0000000180025095e-35 3.2431217894498432 1.0000000180025095e-35 1.0000000180025095e-35 2.0936472763529914 3.5000000000000004 5.5000000000000009 283205.79000000004 2354.9400000000005 200.50000000000003 2.3409113048153567 15.217690972222224 1.0000000180025095e-35 12110.420000000004 3801.6300000000006 12361.630000000003 5.5000000000000009 1.6413392424079187 1.0000000180025095e-35 2815.3450000000007 1.0000000180025095e-35 10.028182870370372 7.5000000000000009
decision_type=2 2 2 2 2 2 2 2 2 2 2 2 2 2 2 2 2 2 2 2 2 2 2 2 2 2 2 2 2 2
left_child=1 5 3 4 11 -1 7 -2 27 25 -8 23 -11 16 17 -16 -5 -15 -19 20 -14 -20 -18 -3 -17 -10 -13 -4 -29 -30
right_child=6 2 8 13 -6 -7 10 -9 9 12 -12 26 19 14 15 24 22 18 21 -21 -22 -23 -24 -25 -26 -27 -28 28 29 -31
leaf_value=0.25503716865709303 -0.026249135966791848 -0.030718390511164675 -0.027059920253253884 -0.024343992374328112 0.41206907728621911 -0.0035283766514247945 0.32123785035978303 0.34790200948023031 -0.013155956822173066 0.0027098893658241341 0.093955551841765489 0.025394833432056847 -0.010089314673180276 -0.02038508502344278 0.2421822823368841 -0.034668385086860529 0.24698936397164109 -0.028791491832516333 0.19848902157174797 0.33865659507206464 0.19140591596515918 0.0011074574134314018 0.010293740610069055 0.055584658823013083 0.11309326154566712 0.092112991496403146 0.23617203320462418 -0.020119169865783926 0.0019513871526071929 0.28400105396866432
leaf_weight=21.356276540085677 8.2062117531895655 6.2391932886093873 592.61615612357855 0.8957277256995434 4.7851580940186969 3.0813937801867715 14.093858232721688 4.7092412412166587 20.043910002335913 1.7889388930052508 2.7309844680130473 0.96653127297759001 1.437929360195995 42.855787687003613 0.70723784342408125 2.0833120867609982 0.67735984735190846 1.2801182605326169 0.60648293979465939 0.79629888758063305 0.85468775406479824 0.9319668672978878 0.64305132068693638 4.1340875830501318 0.52656313218176354 1.1011074800044287 1.0785313192754982 82.784120790660381 0.90221454203128759 1.8357335757464168
leaf_count=187 143 232 26969 34 58 88 167 55 860 62 47 32 45 1897 24 86 17 54 25 20 19 38 26 152 17 46 18 3744 38 72
internal_value=0 -0.00899264 -0.0166287 0.0462943 0.164129 0.223577 0.225888 0.125372 -0.0227988 0.0319349 0.291686 0.0450004 0.160992 0.00432166 -0.00318914 0.111003 0.119725 -0.013683 0.0668734 0.229579 0.100346 0.126459 0.185831 0.00553931 0.0182141 -0.00376218 0.177609 -0.0249431 -0.0101316 0.216446
internal_weight=0 797.01 772.572 68.4111 17.2035 24.4377 29.7403 12.9155 704.161 26.0229 16.8248 12.4183 4.87785 51.2076 48.9915 3.31711 2.21614 45.6744 2.81857 3.08892 2.29262 1.53845 1.32041 10.3733 2.60988 21.145 2.04506 678.138 85.5221 2.73795
internal_count=35272 34860 34585 2710 492 275 412 198 31875 1052 214 434 146 2218 2141 127 77 2014 117 84 64 63 43 384 103 906 50 30823 3854 110
is_linear=0
shrinkage=0.05


Tree=4
num_leaves=31
num_cat=0
split_feature=2 0 15 19 21 41 19 21 6 15 2 23 24 41 38 39 15 14 2 34 0 41 2 31 19 21 19 17 0 12
split_gain=561.224 467.686 73.261 75.3518 129.379 54.1811 46.421 54.1513 84.4176 31.9622 23.4925 21.8307 87.1595 21.9951 15.2376 38.1519 20.7172 13.0153 12.949 12.5487 10.6443 7.82168 7.69894 7.32097 7.8068 6.56868 12.5182 6.39121 6.23145 6.85881
threshold=4.4398121770160843 108.27000000000002 834.50000000000011 0.078871527777777797 9.1417245370370388 1.0000000180025095e-35 24.416319444444447 11.451168981481482 1.0000000180025095e-35 1218.5000000000002 2.0936472763529914 1.0000000180025095e-35 0.0072743055555555564 1.0000000180025095e-35 59.650000000000013 123.65000000000002 167.50000000000003 26644.405000000002 1.4455111780570542 1.0000000180025095e-35 1125.0800000000002 1.0000000180025095e-35 2.582929053384841 7.5000000000000009 11.139357638888891 21.092771990740747 18.971915509259262 16.500000000000004 1125.0800000000002 9825.0050000000028
decision_type=2 2 2 2 2 2 2 2 2 2 2 2 2 2 2 2 2 2 2 2 2 2 2 2 2 2 2 2 2 2
left_child=1 5 3 4 10 17 7 8 9 -2 -3 22 13 28 15 21 -17 -1 -15 -11 -18 -5 -4 24 -24 -25 -27 -16 -13 -30
right_child=6 2 11 14 -6 -7 -8 -9 -10 19 -12 12 -14 18 27 16 20 -19 -20 -21 -22 -23 23 25 -26 26 -28 -29 29 -31
leaf_value=-0.021258318343945828 0.17644951665858979 -0.026653051733533883 -0.026194304463214874 -0.014460743945381003 0.28386597051303158 0.21552704362197825 -0.0062297758683944474 0.24695887475847506 0.24830381294293732 -0.017550651025398982 0.1338091247623637 -0.036970182232013205 0.36680749147025987 -0.019146669743658973 -0.034344671624161341 0.0084267952295474149 0.279357809837808 0.13535827489829311 0.22478828081007399 0.098135603422687984 0.067082688202520321 0.097299206910521879 0.1187136670675682 -0.024773109605351527 -0.026112101828613007 0.13829906085192334 -0.00018426827886181444 0.069363824161405338 0.022991188944841534 -0.032743647286558653
leaf_weight=3.9099998697638538 2.6504536010324982 9.1068871691823023 598.67728811129928 20.789077220484621 6.1903283707797518 23.66292429715395 3.3913497384637585 19.156978849321604 7.5189944319427005 10.222936488687989 1.9523315206170071 13.211882619187234 0.6746110375970592 0.59887228347360977 22.780855311080817 2.3709629140794268 1.2705506663769486 0.86045136675238598 0.63212002441287041 1.9686227813363082 1.9634894896298645 0.69073963165283103 1.3553782682865851 25.481631504371762 1.0424257796257732 0.851518290117382 13.733999881893395 0.66838200949132343 15.874187422916295 7.2201346177607766
leaf_count=131 28 353 27897 910 58 143 102 232 80 219 45 616 17 28 1016 101 47 14 20 40 78 28 48 1109 47 34 619 28 730 335
internal_value=0 -0.00991665 -0.0175956 0.0316451 0.118729 0.185605 0.169995 0.184198 0.12216 0.0466152 0.010421 -0.022548 0.0138711 -0.00182543 0.000192152 0.0253134 0.130432 0.0255524 0.150726 0.00715289 0.196761 -0.00669839 -0.0247368 -0.00405846 0.066597 -0.0098055 0.0162554 -0.0286725 -0.0108994 0.00493064
internal_weight=0 775.571 747.138 67.7836 17.2495 28.4334 44.9093 41.518 22.361 14.842 11.0592 679.354 38.2118 37.5372 50.5341 27.0848 5.605 4.77045 1.23099 12.1916 3.23404 21.4798 641.142 42.465 2.3978 40.0671 14.5855 23.4492 36.3062 23.0943
internal_count=35153 34452 34164 2664 456 288 701 599 367 287 398 31500 1746 1729 2208 1164 226 145 48 259 125 938 29754 1857 95 1762 653 1044 1681 1065
is_linear=0
shrinkage=0.05


Tree=5
num_leaves=31
num_cat=0
split_feature=18 23 3 3 15 15 24 3 17 33 14 19 33 5 4 31 24 17 0 38 38 39 39 10 9 3 3 38 3 23
split_gain=398.392 236.702 181.278 141.443 92.817 52.9167 52.6987 43.7177 42.0801 35.4265 28.4407 26.0436 24.2579 22.2567 19.7603 16.8052 15.5962 15.1368 13.4667 13.2074 8.65041 8.57883 6.89327 6.71363 8.19851 6.25347 6.24887 5.44694 5.35888 8.05026
threshold=1.0000000180025095e-35 1.0000000180025095e-35 1.8574835372230856 2.7927096088431913 760.50000000000011 834.50000000000011 7.4267013888888895 1.603011741098838 5.5000000000000009 0.065591397849462371 311885.57500000001 17.108472222222225 0.52086956521739147 1.0000000180025095e-35 1.0000000180025095e-35 6.5000000000000009 11.678350694444445 2.5000000000000004 3869.3100000000004 71.65000000000002 61.45000000000001 404.60000000000008 51.350000000000001 7840.3200000000006 2.5000000000000004 -2.5132825061993675 0.49840626463555565 57.350000000000001 1.6835916897396341 1.0000000180025095e-35
decision_type=2 2 2 2 2 2 2 2 2 2 2 2 2 2 2 2 2 2 2 2 2 2 2 2 2 2 2 2 2 2
left_child=3 2 4 5 8 7 -4 9 26 10 23 12 -11 -8 -5 16 -6 -3 -12 -9 -16 -22 -10 -1 -25 -17 -2 -26 -7 -30
right_child=1 17 6 14 15 28 13 19 22 11 18 -13 -14 -15 20 25 -18 -19 -20 -21 21 -23 -24 24 27 -27 -28 -29 29 -31
leaf_value=-0.018044792027594885 -0.032376935154926442 0.024658124288498492 -0.020413988617326257 0.0055727821655466164 -0.028324752404511624 -0.024244208084331531 0.12848220277077671 0.2081743077954058 -0.013705002346098165 0.23631373051963053 0.22026748281443403 -0.019114517974842871 -0.024766487727139703 0.25024470504754331 0.19465791849241174 0.056093062396108687 0.17441871049653096 0.19663337703173311 0.011039687099698103 -5.597866204129069e-05 -0.0042732760462331374 0.1305741761277823 0.17492150525201969 -0.007916883601877445 0.14402958741195493 -0.021756616636039817 0.063539204916881531 -0.016249523039488237 -0.010104238392320742 0.080536659605326716
leaf_weight=42.69685447961092 3.9820482563227442 1.6526537016034115 3.6168993618339327 2.4374049548059675 1.2373666558414691 553.79633625224233 15.368003008887172 3.0000184401869769 0.36055533215403457 2.9687887448817487 1.0259037464857095 2.1341814808547497 0.9194490686058997 8.0451098047196865 7.6804829575121403 1.7346508651971806 1.2186523042619226 31.951987542212009 1.4196052644401786 0.93989080190658558 2.0290961097925901 1.6274587772786619 10.19606977701187 3.6290502827614537 1.0393618661910293 75.572336506098509 1.5761549249291418 0.46613927744328965 30.499288566410542 1.6575755383819331
leaf_count=1910 131 74 86 57 55 26438 205 63 13 72 27 83 37 63 82 47 46 329 56 33 36 10 115 154 30 3539 39 22 1297 61
internal_value=0 0.0734565 0.040558 -0.0150312 0.00777486 -0.0185016 0.152417 0.0258124 0.113479 0.0130567 -0.00160485 0.118255 0.18214 0.178858 0.13801 -0.0147216 0.0936342 0.189133 0.137266 0.168544 0.163723 0.0708966 0.167851 -0.0113706 0.0380234 -0.0193158 0.00036342 0.107725 -0.0230936 -0.00314397
internal_weight=0 156.512 122.908 659.967 95.8778 646.192 27.03 60.2392 16.1148 56.2993 50.2769 6.02242 3.88824 23.4131 13.7744 79.763 2.45602 33.6046 2.44551 3.93991 11.337 3.65655 10.5566 47.8314 5.13455 77.307 5.5582 1.5055 585.953 32.1569
internal_count=35210 4742 4339 30468 3985 30283 354 2487 298 2391 2199 192 109 268 185 3687 101 403 83 96 128 46 128 2116 206 3586 170 52 27796 1358
is_linear=0
shrinkage=0.05


Tree=6
num_leaves=31
num_cat=0
split_feature=18 21 1 5 3 15 3 31 21 24 38 33 23 38 39 15 13 15 38 17 38 1 1 13 3 16 13 13 24 24
split_gain=357.845 285.558 232.677 164.746 129.997 57.6239 68.5494 38.6641 25.814 30.4582 21.1544 19.1658 14.3367 12.7117 25.0964 24.4993 18.5331 10.6977 8.96877 7.62762 7.07434 7.23707 26.1365 14.2216 6.46776 5.89134 6.05164 9.23544 5.59846 6.25431
threshold=1.0000000180025095e-35 10.30722800925926 4.6938208115486804 1.0000000180025095e-35 3.3351611547134037 834.50000000000011 1.4487043663701498 6.5000000000000009 1.1262615740740742 11.312141203703705 70.250000000000014 0.43669871794871801 1.0000000180025095e-35 60.150000000000013 123.65000000000002 200.50000000000003 23.500000000000004 24167.000000000004 10.250000000000002 16.500000000000004 35.750000000000007 8.5324817203446788 7.9317769125942172 2.5000000000000004 0.47837096474538349 1.5000000000000002 14.500000000000002 16.500000000000004 14.164861111111113 15.89836226851852
decision_type=2 2 2 2 2 2 2 2 2 2 2 2 2 2 2 2 2 2 2 2 2 2 2 2 2 2 2 2 2 2
left_child=4 2 -2 8 5 6 7 11 17 12 -8 -1 24 14 28 -16 -17 -4 -3 -15 21 22 -19 -24 -10 -22 -27 -28 -9 -30
right_child=1 18 3 -5 -6 -7 10 13 9 -11 -12 -13 -14 19 15 16 -18 20 -20 -21 25 -23 23 -25 -26 26 27 -29 29 -31
leaf_value=0.21766279326767785 0.16225937921423489 0.029254436793511165 -0.039045547726680896 0.2002982411154558 0.16643059003393953 -0.023622657696325267 0.22132571358784878 -0.036579611261817115 -0.027921398119234671 0.25296907430357435 0.0067293167912868242 -0.0069451740921361643 0.13150236560249859 -0.03789505063195181 -0.013428214263409378 0.21979208040406975 -0.0048802543636061197 0.00017632388212474905 0.23849394672482635 0.080445312342085018 -0.033520441614755529 -0.030946454974359862 -0.018747667679353038 0.22964729754815935 0.045528622400494129 -0.027503828819899219 0.14516899865227745 0.00027644600669934948 0.091146309842964762 -0.0014557667451027428
leaf_weight=2.1162225622683759 29.431706907227635 0.83253297396004455 47.111458478495479 8.9224042538553459 8.6282924935221654 580.47324255108833 4.4220968540757886 9.2644115220755392 7.5562001336365885 0.63830951973795969 1.5384042914956806 1.2795659452676771 1.4274104367941625 21.558171173557643 2.9898481629788867 2.6666854675859217 1.1674443986266849 8.7752062864601594 20.778426695615053 0.52729925140738387 18.784420490264896 3.7676519658416501 0.57899267412722011 1.3149566669017074 3.6153550185263157 3.2386912163346997 0.78533988445997271 2.8740152567625046 1.1135366931557644 13.06670376844704
leaf_count=32 155 18 2020 69 68 27992 83 405 322 11 50 51 30 995 123 70 42 424 202 20 852 122 27 54 130 143 30 115 46 577
internal_value=0 0.0671234 0.0399672 0.00589245 -0.0160283 -0.0187348 0.0268864 0.00826299 -0.0131763 0.0495096 0.174863 0.150702 0.0213575 -0.00362727 0.0172201 0.0948053 0.164524 -0.0231422 0.232084 -0.0317073 -0.00397169 0.0230749 0.0431689 0.173473 -0.00236373 -0.0194703 0.0181902 0.0558547 -0.00831695 0.0113413
internal_weight=0 160.433 138.822 109.39 650.812 642.184 61.7104 55.7499 100.468 13.2373 5.9605 3.39579 12.599 52.3541 30.2686 6.82398 3.83413 87.2307 21.611 22.0855 40.1193 14.4368 10.6692 1.89395 11.1716 25.6825 6.89805 3.65936 23.4447 14.1802
internal_count=35278 4724 4504 4349 30554 30486 2494 2361 4280 493 133 83 482 2278 1263 235 112 3787 220 1015 1767 627 505 81 452 1140 288 145 1028 623
is_linear=0
shrinkage=0.05


Tree=7
num_leaves=31
num_cat=0
split_feature=18 21 0 6 3 25 21 15 31 24 3 38 38 23 19 33 24 19 34 13 38 19 21 24 33 3 10 24 21 40
split_gain=291.281 196.256 196.263 111.133 110.521 72.6928 31.1948 30.543 28.7348 27.2247 22.4072 18.6279 18.3377 13.4581 12.9762 12.6914 11.6006 9.17616 8.87523 9.42948 9.56659 8.53515 25.3979 11.1414 8.45332 5.06698 5.01152 4.84712 4.75544 5.09796
threshold=1.0000000180025095e-35 10.028182870370372 108.27000000000002 1.0000000180025095e-35 2.7927096088431913 2.5000000000000004 1.1262615740740742 834.50000000000011 6.5000000000000009 11.312141203703705 1.3666384220418062 16.650000000000002 59.050000000000004 1.0000000180025095e-35 0.13513888888888892 0.46049896049896061 10.855173611111114 20.780341435185189 1.0000000180025095e-35 14.500000000000002 50.95000000000001 9.1286168981481506 11.007876157407409 17.894033564814819 0.14039408866995076 0.79130664425602704 786.5100000000001 0.14159143518518522 0.089456018518518532 1.1197680412584894
decision_type=2 2 2 2 2 2 2 2 2 2 2 2 2 2 2 2 2 2 2 2 2 2 2 2 2 2 2 2 2 2
left_child=4 2 -2 6 5 7 18 8 15 13 21 -6 -13 25 -14 -1 -5 -12 -4 27 -21 22 24 -24 -10 -8 -27 -20 -9 -30
right_child=1 -3 3 16 11 -7 9 28 10 -11 17 12 14 -15 -16 -17 -18 -19 19 20 -22 -23 23 -25 -26 26 -28 -29 29 -31
leaf_value=0.17894153960087195 0.14671059057531316 0.18355370109505964 -0.030039354559947464 0.026067482680768611 -0.033170587020102039 0.2727720329274394 -0.021847729013040423 -0.039718991439625165 -0.014524420012411127 0.2305648170535094 0.12413122224140996 0.16794506999135486 0.11886276859473273 0.12315832405031835 -0.019487526206214661 -0.0051352062651477239 0.17013650569833666 -0.010723362240511004 0.05690862192780291 0.13544305420655453 -0.012385249670649752 -0.022102007144569752 0.018210110176788103 0.23888250748763995 0.10629608123476511 -0.0039255520271971643 0.10567774470573638 -0.035689211337435009 -0.018842832443849829 -0.031316769964006938
leaf_weight=2.6123153883963819 29.935083389282227 25.796766621991992 76.200992153957486 2.0949741508811703 1.6266945488750959 1.1436552833765734 7.5252761896699614 38.817436816170812 15.365043379366398 0.93755775131285268 4.0337388217449179 9.1856139544397575 2.0089535117149344 1.8097343966364867 3.3466662298887968 1.1904076300561426 8.992080641910432 1.4836589433252809 0.8596164993941765 1.6706064604222777 1.5938494931906459 31.618724904954433 1.1275567822158326 0.71850148029625405 0.5895060561597355 2.1786524951457982 0.88739395141601551 5.4379062633961439 417.87506434507668 105.4023179449141
leaf_count=34 148 243 3399 44 33 13 332 1951 692 14 90 79 10 35 65 48 58 52 35 56 69 1430 37 15 17 83 15 240 20700 5228
internal_value=0 0.0594171 0.0354248 0.0041441 -0.0147578 -0.0181849 -0.0131858 -0.0191587 0.0149473 0.0553397 0.00460878 0.110464 0.127633 0.0258757 0.0429457 0.132247 0.147323 0.0917868 -0.0243585 0.0194712 0.0772876 -0.00675159 0.0202402 0.157854 -0.00405404 6.20849e-05 0.0459851 -0.0169832 -0.022743 -0.0214104
internal_weight=0 165.92 140.124 110.189 638.146 621.978 99.1016 620.834 58.7395 13.3386 54.9367 16.1679 14.5412 12.4011 5.35562 3.80272 11.0871 5.5174 85.763 9.56198 3.26446 49.4193 17.8006 1.84606 15.9545 10.5913 3.06605 6.29752 562.095 523.277
internal_count=35265 4771 4528 4380 30494 30307 4278 30294 2415 479 2333 187 154 465 75 82 102 142 3799 400 125 2191 761 52 709 430 98 275 27879 25928
is_linear=0
shrinkage=0.05


Tree=8
num_leaves=31
num_cat=0
split_feature=2 2 25 31 33 34 39 10 9 2 10 41 21 23 38 38 21 21 6 0 0 38 10 38 39 44 2 10 40 0
split_gain=274.214 263.524 54.3242 35.8435 46.6346 27.2086 38.0208 28.8934 23.808 16.5375 15.7265 14.3974 11.7682 11.4632 9.70227 19.0841 9.28639 9.22091 29.7938 9.15064 8.54395 7.89047 6.86638 6.33812 6.6102 5.75212 4.83219 6.55275 9.56101 5.47391
threshold=3.4926638588452632 0.14112139419481282 2.5000000000000004 5.5000000000000009 0.2752525252525253 1.0000000180025095e-35 600.80000000000007 6308.3450000000003 3.5000000000000004 5.858487696356609 2672.6500000000001 1.0000000180025095e-35 0.54864004629629637 1.0000000180025095e-35 64.350000000000009 41.550000000000004 24.803362268518523 2.4798726851851858 1.0000000180025095e-35 1898.3650000000002 3276.3200000000006 56.750000000000007 568.6450000000001 66.050000000000011 166.65000000000001 1.0000000180025095e-35 2.4552459487799996 817.31500000000017 0.064345408791703682 5307.0950000000012
decision_type=2 2 2 2 2 2 2 2 2 2 2 2 2 2 2 2 2 2 2 2 2 2 2 2 2 2 2 2 2 2
left_child=1 11 3 4 12 6 7 9 10 23 25 21 -3 14 15 -12 -14 18 -11 -17 -21 22 -1 24 -2 26 29 -28 -29 -5
right_child=5 2 -4 8 -6 -7 -8 -9 -10 17 13 -13 16 -15 -16 19 -18 -19 -20 20 -22 -23 -24 -25 -26 -27 27 28 -30 -31
leaf_value=0.10629716945782702 0.0011904100398743061 -0.024308173472626454 0.21268386053550967 -0.022124320324376112 -0.011324368837040006 0.14183249161394249 0.16588583323986236 0.13708771596090374 0.11652229773597025 -0.040526114292890388 -0.0099046229795752422 0.13548954444015682 0.16318997253146789 0.075505580415212784 -0.027730310491103107 -0.0070760311308457405 0.011906978129766415 0.087519396157916263 0.116111388497004 0.17538466219002299 0.045428077490043087 -0.034308918248755621 -0.025216782139626068 -0.038936237694377408 0.1044710786930667 0.059393788413263676 -0.012354936553581835 0.13951981166511546 -0.0079781567104165695 -0.037398933272700656
leaf_weight=2.6969222202897067 8.5077639669179916 0.90159448608756321 1.5804783403873433 491.4396602306515 16.525845071300864 19.47602803632617 7.9928087536245576 7.1747106034308663 2.2148787658661595 6.8318392504006642 20.710238808766011 29.746027564629912 6.7844866625964624 4.2871537767350665 20.273672552779317 2.3322198167443258 1.3566636517643926 12.018628569319842 4.0074694789946079 1.8301037345081566 4.1755247134715319 1.8513243924826381 0.90869966894388188 7.0713772363960734 0.90066435746848661 1.2067823987454165 33.849873967468739 0.83957829698920194 2.4803283642977476 68.795750455930829
leaf_count=44 337 39 13 24836 774 207 56 65 65 120 950 135 115 124 986 91 53 120 25 58 178 59 25 286 21 29 1626 32 102 3514
internal_value=0 -0.00959018 -0.0165496 -0.0173939 0.0396603 0.0908977 0.07047 0.0509273 -0.0196801 0.0322037 -0.0203203 0.12189 0.124686 0.00553288 -0.00192889 0.0164024 0.14204 0.0588237 0.0223012 0.0758089 0.104412 0.0382557 0.074874 -0.00597183 0.0201647 -0.022641 -0.0229056 -0.00528368 0.0529852 -0.0240633
internal_weight=0 716.788 681.585 680.004 25.5686 73.9813 54.5053 46.5125 654.436 39.3377 652.221 35.203 9.04274 53.6089 49.3218 29.0481 8.14115 22.8579 10.8393 8.33785 6.00563 5.45695 3.60562 16.4798 9.40843 598.612 597.405 37.1698 3.31991 560.235
internal_count=35085 33848 33585 33572 981 1237 1030 974 32591 909 32526 263 207 2387 2263 1277 168 265 145 327 236 128 69 644 358 30139 30110 1760 134 28350
is_linear=0
shrinkage=0.05


Tree=9
num_leaves=31
num_cat=0
split_feature=18 21 0 5 3 15 3 21 19 21 33 5 24 23 10 34 38 39 0 14 38 3 15 19 3 38 39 38 21 19
split_gain=242.139 129.359 131.971 99.2023 83.4201 31.0306 32.4464 28.8436 17.8342 30.2245 21.9869 12.7788 12.6222 10.5917 10.5156 8.62197 7.29324 12.0426 7.28609 6.62142 6.66122 6.23154 6.30683 6.04858 6.55008 9.94493 15.1172 7.92429 6.39839 18.2389
threshold=1.0000000180025095e-35 10.925381944444446 108.27000000000002 1.0000000180025095e-35 2.7927096088431913 834.50000000000011 1.3666384220418062 1.1262615740740742 9.1286168981481506 19.972673611111116 0.085144927536231887 1.0000000180025095e-35 11.312141203703705 1.0000000180025095e-35 2745.9550000000004 1.0000000180025095e-35 59.050000000000004 132.85000000000005 8487.260000000002 19817.810000000001 50.95000000000001 0.79130664425602704 61026.000000000007 33.930873842592597 1.5681246126471886 70.250000000000014 153.65000000000001 51.45000000000001 9.8378356481481486 10.797089120370371
decision_type=2 2 2 2 2 2 2 2 2 2 2 2 2 2 2 2 2 2 2 2 2 2 2 2 2 2 2 2 2 2
left_child=4 2 -2 7 5 6 8 15 9 10 16 18 13 21 -8 -4 17 -1 -6 -17 -21 -9 -23 24 -7 26 28 -28 -26 -30
right_child=1 -3 3 -5 11 23 14 12 -10 -11 -12 -13 -14 -15 -16 19 -18 -19 -20 20 -22 22 -24 -25 25 -27 27 -29 29 -31
leaf_value=-0.0091080935713091123 0.12052042165187762 0.15064397974233651 -0.028737652518556478 0.13667783666771338 0.024691021555759599 -0.021259287895842995 0.016645384047489723 -0.01723374642941173 -0.021477498947791322 0.21162836977131089 0.13759562547449586 -0.010840149448533957 0.17054432332451944 0.11108333169941938 0.14302668372797467 -0.022737441697209933 -0.04433207593058805 0.11036914664475993 0.12543862170116779 0.097053160116045312 -0.0071132005184670099 0.089883468428880925 -0.027516121258135906 -0.036223801191604586 -0.027302089426435944 -0.030638699340279935 0.17508217335061876 -0.016910725347846312 0.15071344701314057 -0.00090993063567690866
leaf_weight=8.4855723436921924 31.989810399711132 27.301263654604554 72.020688137039542 11.851837886497377 2.7548581548035171 440.96853764727712 2.6762891244143239 7.8159181028604454 32.52475599758327 1.2287298887968052 2.1242564246058455 2.4023244287818661 0.99781221523881036 2.257045792415739 4.9613481666892767 4.274529801681636 6.5259814932942382 1.7520044315606345 11.606719767674802 2.6831370387226343 2.4124062787741423 2.4538368489593272 1.1427262797951696 63.287388503551483 7.4072112888097825 13.449732877314089 1.2069427631795395 0.49478411674499501 1.4749614968895901 9.9263495057821256
leaf_count=378 151 214 3387 72 56 22981 85 346 1482 14 41 30 12 35 73 195 322 52 86 89 107 58 44 3274 340 595 39 24 60 442
internal_value=0 0.052989 0.0329979 0.00618352 -0.0146959 -0.0178378 0.0159768 -0.0111594 0.0012158 0.0371862 0.0157676 0.0921644 0.0511938 0.0314499 0.105796 -0.022881 -0.0065472 0.0193405 0.108978 0.0205647 0.0546607 0.00802032 0.0547112 -0.0216476 -0.0196332 0.00148543 0.0229961 0.133662 0.00674121 0.0292766
internal_weight=0 167.201 139.9 107.91 615.259 598.495 60.2789 96.0581 52.6413 20.1165 18.8878 16.7639 14.6673 13.6695 7.63764 81.3908 16.7636 10.2376 14.3616 9.37007 5.09554 11.4125 3.59656 538.216 474.929 33.96 20.5102 1.70173 18.8085 11.4013
internal_count=35084 4710 4496 4345 30374 30202 2447 4273 2289 807 793 172 495 483 158 3778 752 430 142 391 196 448 102 27755 24481 1500 905 63 842 502
is_linear=0
shrinkage=0.05


Tree=10
num_leaves=31
num_cat=0
split_feature=2 41 19 31 19 19 21 21 15 9 40 14 33 19 21 21 15 15 9 33 13 14 15 19 15 15 12 21 19 16
split_gain=249.465 202.673 65.9506 32.2246 30.2137 25.1542 30.9106 25.0951 18.9931 16.9118 11.9175 10.8297 8.89791 8.57241 8.28386 7.70209 7.13589 22.4278 16.2868 9.54535 7.748 8.2337 7.37091 6.81459 6.81109 6.94193 7.2327 6.81674 9.39201 6.67996
threshold=3.366521105234225 1.0000000180025095e-35 0.026869212962962966 6.5000000000000009 8.819178240740742 24.416319444444447 24.431944444444447 8.1621296296296322 16261.000000000002 3.5000000000000004 0.037960529112611045 23001.960000000003 0.26846846846846856 10.797089120370371 1.2131365740740743 1.3163020833333337 560.50000000000011 200.50000000000003 1.5000000000000002 0.14039408866995076 15.500000000000002 13073.825000000003 432.50000000000006 0.078871527777777797 167246.50000000003 26593.000000000004 14958.625000000002 1.3163020833333337 2.8061574074074076 4.5000000000000009
decision_type=2 2 2 2 2 2 2 2 2 2 2 2 2 2 2 2 2 2 2 2 2 2 2 2 2 2 2 2 2 2
left_child=1 3 -3 4 7 6 8 12 11 16 -10 15 14 -11 -1 -2 17 19 20 -5 21 -19 -23 -17 25 -12 27 -27 -29 -20
right_child=5 2 -4 9 -6 -7 -8 -9 10 13 24 -13 -14 -15 -16 23 -18 18 29 -21 -22 22 -24 -25 -26 26 -28 28 -30 -31
leaf_value=-0.01154592447270416 -0.026345749756129546 0.11831454541130829 -0.0078093139643114597 -0.035163932189421453 -0.0155822254464732 -0.005678999625211594 0.15549682443213453 0.17149781633966618 -0.034282713615746856 0.15222164573409611 -0.0070245381591620172 0.1075207781533974 -0.016094639185187224 -0.021568210235506782 0.12131937236582935 0.10935237303783479 -0.022373881146575438 -0.032418310385899388 0.12709424909455538 0.06928904817975455 -0.026604130505213715 0.11192755107470731 -0.024392302287050166 -0.0033322589176789301 -0.032469292676685912 0.022791078640554366 -0.017258491274066309 0.15153354176214306 0.045915722482488604 -0.0039284859689677114
leaf_weight=1.551524180918934 2.7690482288599005 37.403605297207832 14.034097593277691 29.21275103464723 14.446052227169274 7.5640890784561625 14.086958101019261 4.4186058398336163 4.2591234594583538 1.1634843740612257 3.0944971982389751 30.071481676772237 4.7354089003056288 0.72774037905037392 2.3773654028773308 2.6366423070430756 561.01153244450688 1.7137675508856789 4.4440728668123475 1.4403550028800953 7.0996236298233271 2.931445918977261 0.91114218719303597 2.0348850172013044 1.6004477441310871 4.2172321900725356 1.676846234127878 4.6696187015622836 5.3688259162008762 1.112945359200239
leaf_count=71 72 260 721 1286 694 262 93 40 122 23 67 319 225 32 46 16 29560 75 119 41 317 95 43 71 46 86 36 44 144 44
internal_value=0 -0.0101183 0.0844106 -0.017844 0.0342307 0.080626 0.0891243 0.0864346 0.0719239 -0.0202394 0.0359561 0.0942327 0.0297974 0.101018 0.0771533 0.0341522 -0.0207801 -0.00240121 0.0402629 -0.0282219 0.00658765 0.0465875 0.0812417 0.0683348 0.0513735 0.059695 0.0723031 0.0832787 0.104323 0.104256
internal_weight=0 690.736 51.4377 639.298 27.529 84.0497 76.4856 13.0829 62.3986 611.769 24.8866 37.5121 8.6643 1.89122 3.92889 7.44058 609.878 48.8661 18.213 30.6531 12.656 5.55636 3.84259 4.67153 20.6275 19.027 15.9325 14.2557 10.0384 5.55702
internal_count=35070 33692 981 32711 1076 1378 1116 382 1023 31635 545 478 342 55 117 159 31580 2020 693 1327 530 213 138 87 423 377 310 274 188 163
is_linear=0
shrinkage=0.05


Tree=11
num_leaves=31
num_cat=0
split_feature=15 3 19 38 39 19 21 5 2 13 25 15 2 2 9 31 16 21 31 33 38 38 23 14 12 15 15 17 19 2
split_gain=190.766 158.821 66.0149 27.9089 43.5405 25.4861 26.0783 51.625 25.1162 17.9431 17.1862 16.1755 14.6803 14.004 9.07244 7.77962 7.60064 9.17935 7.12995 13.4887 9.01857 14.1025 6.12234 5.97317 5.54489 4.87405 10.31 8.72309 5.81491 6.80204
threshold=678.50000000000011 2.1527097990877988 0.026869212962962966 60.850000000000001 123.65000000000002 7.0448958333333342 6.9328414351851864 1.0000000180025095e-35 0.14112139419481282 4.5000000000000009 2.5000000000000004 200.50000000000003 18.681431251286991 2.582929053384841 3.5000000000000004 13.500000000000002 1.5000000000000002 17.353651620370375 5.5000000000000009 0.20416666666666669 57.95000000000001 24.450000000000003 1.0000000180025095e-35 126487.625 11726.730000000001 9724.5000000000018 7930.5000000000009 10.500000000000002 10.797089120370371 0.68569335931627118
decision_type=2 2 2 2 2 2 2 2 2 2 2 2 2 2 2 2 2 2 2 2 2 2 2 2 2 2 2 2 2 2
left_child=2 8 9 4 14 6 7 -3 -2 -1 13 24 22 18 15 -4 17 -15 19 20 21 -10 -7 -19 -6 26 -20 -28 -29 -30
right_child=1 5 3 -5 11 12 -8 -9 10 -11 -12 -13 -14 16 -16 -17 -18 23 25 -21 -22 -23 -24 -25 -26 -27 27 28 29 -31
leaf_value=-0.024342297615558339 0.084724901087603152 -0.020928972634703471 -0.033936857022962445 -0.026608691056939717 -0.019738620815421954 -0.015496189842933031 0.13078537887647143 0.11729889093100646 -0.026134372593132921 0.10412769210092068 0.15353739812221356 0.1703997543616971 0.11531721397433051 0.0021421912597632156 0.11441520103968035 0.024807722335222618 -0.012106141920921803 0.08677804217502659 -0.019913525414981963 -0.017118001169144144 -0.015438062484792653 0.16535588799070328 0.070528157335935482 -0.025066013935174842 0.086655700031242955 -0.02561451637355204 0.0013603443026268187 -0.021759966128799744 -0.018794035880501249 0.14141452393245221
leaf_weight=2.4990193285047999 4.9709870107471934 12.700897017493844 9.5507954098284333 19.395123168826103 2.197873109951614 14.519982161000371 18.369528688490391 12.829852746799588 1.0318207833915978 54.715102078393102 0.45869556441903014 6.5872997902333736 2.0462968647480002 11.133127715438606 0.79505128227174182 11.107604732736943 18.198178701102734 6.5754009149968615 164.79411942325532 13.760603576898573 1.7410226687788961 2.1722945477813482 1.3894027825444943 0.96004698798060406 1.1387914996594188 344.13221650756896 20.990823522210125 0.74555176310241167 0.58449624478817019 1.8640963733196256
leaf_count=100 80 289 401 961 96 409 92 70 41 482 5 104 10 504 16 451 851 290 8897 700 70 40 27 45 25 18666 1137 41 32 102
internal_value=0 -0.00961776 0.0618094 0.0197032 0.0482674 0.0659928 0.0861628 0.0503371 -0.0175876 0.0981946 -0.018593 0.12954 0.0147349 -0.0189872 0.00657727 -0.00266404 0.0106115 0.0322463 -0.0209803 0.00895521 0.0721835 0.112142 -0.00425683 0.0712614 0.0281822 -0.0220455 -0.0154457 0.0145792 0.0804127 0.108811
internal_weight=0 655.969 107.987 50.7725 31.3774 61.856 43.9003 25.5307 594.113 57.2141 589.142 9.92396 17.9557 588.684 21.4535 20.6584 36.8668 18.6686 551.817 18.7057 4.94514 3.20412 15.9094 7.53545 3.33666 533.111 188.979 24.185 3.19414 2.44859
internal_count=35034 32398 2636 2054 1093 897 451 359 31501 582 31421 225 446 31416 868 852 1690 839 29726 851 151 81 436 335 121 28875 10209 1312 175 134
is_linear=0
shrinkage=0.05


Tree=12
num_leaves=31
num_cat=0
split_feature=18 21 0 2 5 25 21 9 10 14 38 31 38 12 19 23 0 0 21 40 38 20 2 31 39 2 3 33 31 33
split_gain=196.542 93.6484 92.5754 82.8627 72.0633 36.8674 24.7105 21.8459 12.1588 16.2128 10.1371 9.78382 9.73588 9.04034 8.48227 7.57664 8.53236 12.4668 7.04326 6.87657 10.9325 5.9298 5.4406 5.26381 5.08501 5.95405 9.12634 5.54184 4.63061 18.8089
threshold=1.0000000180025095e-35 10.028182870370372 108.27000000000002 8.6113472687705315 1.0000000180025095e-35 2.5000000000000004 1.1262615740740742 3.5000000000000004 4283.130000000001 79465.265000000014 72.950000000000017 13.500000000000002 13.350000000000003 131428.65000000002 8.918553240740744 1.0000000180025095e-35 3326.0600000000009 5194.9100000000008 5.8637384259259271 0.093120113074044747 64.850000000000009 2.5000000000000004 0.25486809548808337 19.500000000000004 274.25000000000006 1.046905134854121 -0.22129364334224019 0.49528301886792458 5.5000000000000009 0.28388278388278393
decision_type=2 2 2 2 2 2 2 2 2 2 2 2 2 2 2 2 2 2 2 2 2 2 2 2 2 2 2 2 2 2
left_child=3 2 -2 5 6 7 15 8 13 11 12 19 -8 28 -15 24 -17 -18 21 -10 -21 -14 -11 -13 27 26 -26 -4 29 -1
right_child=1 -3 4 -5 -6 -7 10 -9 9 22 -12 23 18 14 -16 16 17 -19 -20 20 -22 -23 -24 -25 25 -27 -28 -29 -30 -31
leaf_value=0.077412692607791156 0.10152939128180177 0.1212634982485012 -0.032737333932497975 0.10037777996487468 0.10855414941152518 0.17215287374727584 -0.016044771957260125 0.10324110838977336 -0.0059590473355127464 0.061921907793025401 -0.0060760296737176964 -0.017471774954868461 0.15713384703748412 0.11806679128668798 -0.0096498381962512036 -0.017993680707792049 0.18269713939240126 -0.010443250940913664 0.014341520308409184 0.17606592814260177 0.022514133936733183 0.015512715743596259 -0.020820558196381234 0.078040054709744067 -0.0067660569801106275 -0.024214398758270868 0.13819923932430372 0.043410088311850108 -0.02084372382489252 -0.030384623586205601
leaf_weight=5.0833374448120621 32.493673752993345 33.724587440490723 63.218008207157254 14.735876969993113 13.800618361681698 1.6005151346325863 1.8465991113334874 2.7865304369479409 1.2360692191869 1.2140069715678716 5.2046092357486478 4.8653567526489496 3.6917480267584324 1.3291201293468469 2.633452421054244 3.5521567314863196 0.70812427997589145 1.4376709945499895 1.9756650347262619 2.4591457787901163 2.2471137847751379 1.1581863481551407 21.267400942742825 0.9212523866444825 2.4067838508635764 4.5216885358095169 0.85551438108086486 1.6489600054919709 513.80762078426778 11.112183317542074
leaf_count=145 145 248 3108 78 75 11 77 68 57 49 190 230 105 46 134 158 20 45 64 73 83 41 977 33 129 200 48 76 27765 562
internal_value=0 0.0477079 0.0290591 -0.0128842 0.00610809 -0.0159691 -0.0102219 -0.0167966 -0.0175656 0.0110692 0.0490707 0.0562714 0.0793733 -0.0194175 0.0483478 -0.0212096 0.0305619 0.0911096 0.103939 0.0963393 0.119543 0.131747 -0.0139056 0.00699266 -0.0256298 0.0113474 0.0547545 -0.0301719 -0.0200142 0.00598431
internal_weight=0 172.245 138.52 587.299 106.026 572.563 92.2257 570.963 568.176 34.2103 13.8768 11.7289 8.6722 533.966 3.96257 78.3489 5.69795 2.1458 6.8256 5.94233 4.70626 4.84993 22.4814 5.78661 72.651 7.78399 3.2623 64.867 530.003 16.1955
internal_count=35040 4729 4481 30311 4336 30233 4261 30222 30154 1502 477 476 287 28652 180 3784 223 65 210 213 156 146 1026 263 3561 377 177 3184 28472 707
is_linear=0
shrinkage=0.05


Tree=13
num_leaves=31
num_cat=0
split_feature=18 41 3 10 3 21 25 17 3 15 38 39 19 14 17 21 6 34 6 38 0 0 41 23 38 39 19 21 38 39
split_gain=162.555 77.416 75.7673 53.744 32.9782 30.6823 26.0417 17.5962 12.991 12.7068 11.2975 15.7509 14.1154 12.7216 10.236 9.57588 34.904 9.57768 8.88478 8.2328 7.93372 11.142 7.79001 6.91355 5.96794 9.85299 5.87151 5.90759 6.91119 38.7479
threshold=1.0000000180025095e-35 1.0000000180025095e-35 1.8574835372230856 4206.6600000000008 1.6435701882372509 1.1262615740740742 2.5000000000000004 6.5000000000000009 3.3351611547134037 46272.500000000007 64.350000000000009 62.95000000000001 14.10248263888889 115708.94000000002 6.5000000000000009 0.79092592592592603 1.0000000180025095e-35 1.0000000180025095e-35 2.5000000000000004 31.150000000000002 2783.3700000000003 5076.0300000000016 1.0000000180025095e-35 1.0000000180025095e-35 81.450000000000017 156.95000000000002 34.212112268518524 0.35560763888888897 57.350000000000001 137.65000000000001
decision_type=2 2 2 2 2 2 2 2 2 2 2 2 2 2 2 2 2 2 2 2 2 2 2 2 2 2 2 2 2 2
left_child=3 2 5 6 10 9 8 23 18 -2 11 -5 13 -13 19 16 17 -4 26 20 -11 -22 -12 24 25 -7 27 -1 29 -29
right_child=1 -3 15 4 -6 7 -8 -9 -10 14 22 12 -14 -15 -16 -17 -18 -19 -20 -21 21 -23 -24 -25 -26 -27 -28 28 -30 -31
leaf_value=-0.03526362975880596 -0.039375883932489822 0.1000080070974001 -0.037097417372815571 -0.021720132399710403 0.10581475022318231 -0.0079591822871891323 0.14755705556099707 0.10729238989506039 0.051997090047968667 -0.0074851595165359511 -0.038525571008359884 0.16573151465583275 0.0095098323255723583 0.022968623853930767 0.0620993260318142 0.10843486520477026 0.107359527608976 0.077556557533319137 0.085230276489676363 -0.031440960115502181 0.15831548647964366 -0.02499238661522549 0.072236888893303486 0.074473000829321068 -0.042577861574316207 0.094929434892473047 -0.034256315047112393 -0.016593600848356267 -0.021658018529788717 0.048499370048978412
leaf_weight=40.308633612468839 37.628759721294045 43.050207741558552 8.4718762636184692 7.5405319947749403 12.31287734210491 7.9943564292043501 1.4045265354216088 6.6541115324944249 5.6679954994469872 4.7754514664411607 11.090755576267835 3.5252374783158285 6.3600051272660494 2.9468561708927155 5.1945417765527955 17.159796252846718 12.053188920021055 1.2832297869026668 1.0866887923330057 14.424668323248623 1.1535565163940193 0.96219859272241581 0.89208848401904184 2.9159115068614474 4.5593585502356282 2.2075381614267826 55.964847046881914 192.66044712997973 213.7109010964632 24.946731993928552
leaf_count=2262 2027 284 188 370 121 281 9 62 44 267 593 108 277 108 276 89 58 17 25 809 53 54 22 34 172 42 3142 10422 11807 1236
internal_value=0 0.04279 0.0228329 -0.012606 0.0395174 -0.00294629 -0.0170173 0.043782 -0.0177247 -0.0210727 0.011872 0.0339275 0.0658339 0.112502 0.00539365 0.0799697 0.0537998 -0.0162065 -0.018569 -0.0105887 0.0315124 0.0936856 -0.0253507 0.0154106 -0.000241322 0.0207913 -0.0189436 -0.0170579 -0.0152789 -0.00894355
internal_weight=0 170.489 127.439 580.419 44.6684 88.4705 535.751 24.3313 534.346 64.1392 32.3555 20.3726 12.8321 6.47209 26.5104 38.9681 21.8083 9.75511 528.678 21.3159 6.89121 2.11576 11.9828 17.6772 14.7613 10.2019 527.592 471.627 431.318 217.607
internal_count=35259 4713 4429 30546 1599 4077 28947 591 28938 3486 1478 863 493 216 1459 352 263 205 28894 1183 374 107 615 529 495 323 28869 25727 23465 11658
is_linear=0
shrinkage=0.05


Tree=14
num_leaves=31
num_cat=0
split_feature=18 21 1 3 5 15 3 9 21 15 24 38 39 12 1 40 19 14 39 3 1 3 15 13 31 20 24 24 15 31
split_gain=151.469 70.8853 80.1112 58.1038 56.0887 24.2403 15.5835 13.6936 12.6111 10.3175 10.1693 7.77168 10.8059 7.66385 15.7501 7.46244 7.4345 7.18952 7.66716 7.61266 12.9031 7.62532 11.0708 7.66382 7.02768 6.80971 5.98862 5.67132 5.28488 8.80412
threshold=1.0000000180025095e-35 10.028182870370372 4.6938208115486804 1.7261706761296711 1.0000000180025095e-35 560.50000000000011 3.3351611547134037 3.5000000000000004 1.1262615740740742 24167.000000000004 9.16439814814815 69.65000000000002 153.65000000000001 157003.97 6.7536187657041866 0.60738163206932638 10.797089120370371 10904.390000000001 60.250000000000007 -0.34255911035749748 8.6763493230124489 -0.10127898516340363 57505.500000000007 19.500000000000004 10.500000000000002 1.5000000000000002 12.418651620370373 30.285543981481485 1360.5000000000002 5.5000000000000009
decision_type=2 2 2 2 2 2 2 2 2 2 2 2 2 2 2 2 2 2 2 2 2 2 2 2 2 2 2 2 2 2
left_child=3 2 -2 7 8 -5 11 13 9 -4 15 12 24 28 -15 -10 -9 18 -11 -19 21 23 27 -21 -7 -14 -6 -23 29 -1
right_child=1 -3 4 5 26 6 -8 16 10 17 -12 -13 25 14 -16 -17 -18 19 -20 20 -22 22 -24 -25 -26 -27 -28 -29 -30 -31
leaf_value=0.065073304265129375 0.090631240837807311 0.10509198023377012 -0.037046462215558004 0.10584858353101119 0.02756796445136005 0.054849288224036223 0.074522165165950893 0.1202867452372029 -0.022478692389863136 0.037610130003299012 0.12163708483096228 -0.024424965179092314 0.14798601808464246 0.15937632330885187 -0.013718427829702159 0.049343919198195099 -0.024121682203318878 -0.027913456466038645 -0.043221371949506669 0.18952579612036391 -0.021432673745043061 0.13817142302502192 -0.0040391781258623544 -0.014891043435495169 -0.010795408740019427 0.0056326987856812581 0.11143953330828255 -0.016817963036122829 -0.020787741308509869 -0.010006495173134906
leaf_weight=3.1715999674051991 33.587974935770035 33.642136825248599 40.484896790236235 9.2894725333899242 3.6261261589825144 4.5180165339261356 9.2095022629946452 1.7953644171357148 7.0573777239769679 2.9605150911957017 1.5256931409239758 13.554313478991387 1.4900423251092427 0.86707092262804408 3.9804426524788141 5.6299336217343807 0.88660393282771099 5.5314997788518676 11.879498366266487 1.0823929011821727 5.5248393286019573 1.8873441051691773 5.4008768144994974 0.41256847791373719 14.753181269392369 1.3919274099171159 10.220064043998716 0.49154632911086071 447.02668693475425 61.268382798880339
leaf_count=81 153 242 2051 80 27 151 57 29 279 158 22 575 38 12 196 168 36 303 643 54 186 81 279 22 593 26 45 26 25712 2995
internal_value=0 0.0410677 0.024734 -0.0124278 0.00273155 0.0363913 0.0200341 -0.0175869 -0.0120157 -0.0201563 0.0297933 0.00433353 0.0222242 -0.0182401 0.0392035 0.0106688 0.0789624 -0.000227631 -0.0257395 0.0187276 0.0368236 0.0702346 0.0396377 0.149755 0.00654116 0.0983945 0.0928111 0.110647 -0.0188599 -0.0053733
internal_weight=0 170.945 137.303 573.203 103.715 54.2065 44.917 518.996 89.869 75.656 14.213 35.7075 22.1532 516.314 4.84751 12.6873 2.68197 35.1711 14.84 20.3311 14.7996 9.27473 7.77977 1.49496 19.2712 2.88197 13.8462 2.37889 511.467 64.44
internal_count=35320 4739 4497 30581 4344 1520 1440 29061 4272 3803 469 1383 808 28996 208 447 65 1752 801 951 648 462 386 76 744 64 72 107 28788 3076
is_linear=0
shrinkage=0.05


Tree=15
num_leaves=31
num_cat=0
split_feature=15 3 19 38 25 19 21 5 38 14 19 24 13 15 18 31 23 13 15 21 19 14 38 17 0 33 15 17 38 0
split_gain=144.562 77.1645 48.537 24.7905 22.2433 19.9467 23.7191 27.4832 19.4057 20.4246 16.0895 16.0967 15.3213 15.076 9.5713 22.5528 11.9343 9.65565 9.97276 6.81937 8.73161 6.76611 6.52049 6.47845 5.52868 5.36102 5.10111 6.23341 4.77488 4.77411
threshold=834.50000000000011 2.1527097990877988 0.078871527777777797 60.150000000000013 2.5000000000000004 6.9722569444444451 6.9328414351851864 1.0000000180025095e-35 15.450000000000001 25682.165000000005 27.240023148148151 13.585810185185187 4.5000000000000009 151.50000000000003 1.0000000180025095e-35 6.5000000000000009 1.0000000180025095e-35 5.5000000000000009 24167.000000000004 31.219751157407412 32.816284722222228 10904.390000000001 1.0000000180025095e-35 16.500000000000004 6484.96 0.17752100840336138 46272.500000000007 9.5000000000000018 55.150000000000013 4009.8850000000007
decision_type=2 2 2 2 2 2 2 2 2 2 2 2 2 2 2 2 2 2 2 2 2 2 2 2 2 2 2 2 2 2
left_child=2 4 12 8 14 6 7 29 -4 -10 11 -11 -1 -13 -2 17 25 -16 -19 -7 -21 -18 -14 -5 -15 26 -17 -28 -27 -3
right_child=1 5 3 23 -6 19 -8 -9 9 10 -12 13 22 24 15 16 21 18 -20 20 -22 -23 -24 -25 -26 28 27 -29 -30 -31
leaf_value=-0.026772121194572559 -0.01838556512521515 0.039899569000668447 -0.021292278612777465 -0.032262725640532293 0.1425835529881592 -0.020524113424732659 0.10657642893417707 0.084083511336356012 -0.0074768604723793961 0.027668798663603014 -0.023198047081154461 0.01010589569302049 0.01065080301724438 0.19068984277513104 -0.02614142945421094 -0.029713695979285883 -0.018872375771709516 -0.022053158401228807 0.14937770759042623 0.087547017383827447 -0.033067513164749922 0.077805967447893865 0.089769645897400316 0.073910430067733637 0.0783346024961174 0.097525009911794996 -0.007689651800078634 0.078440312773064721 -0.023423112257432412 -0.035982832367712048
leaf_weight=2.7336162477731696 472.48234761878848 1.6714003086090095 8.9879992902278882 20.188124276697639 1.2382315322756756 11.890775451436641 17.585974445566535 10.382373664528131 7.8488036021590259 5.8849497735500398 2.592222958803176 2.240876516327261 3.0299435202032319 5.9657140132039768 1.0403388869017351 34.143015276640654 2.1154347322881213 0.7589331567287444 3.4474146664142609 2.9743257816880933 1.7335275392979381 4.9988249521702528 56.510345919057727 0.60700148902833362 3.9392779637128115 1.0202798303216685 30.70927336905152 1.2503291405737389 0.83940349146723736 10.244644667953251
leaf_count=122 27519 51 415 1054 8 323 85 56 322 170 110 88 116 108 49 1914 93 37 50 34 69 129 394 24 42 43 1558 54 40 229
internal_value=0 -0.00937112 0.0503348 0.01707 -0.0150683 0.0458022 0.0645691 0.028287 0.0409855 0.0607008 0.0857939 0.101859 0.0806912 0.132966 -0.0156782 0.000277455 -0.00722501 0.0916033 0.120152 -0.000399027 0.0451219 0.0502755 0.0859858 -0.0259146 0.157286 -0.0138859 -0.0165649 -0.0020424 0.0538323 -0.0230741
internal_weight=0 610.527 120.529 58.255 554.044 56.483 39.8844 22.2984 37.4598 28.4718 20.623 18.0308 62.2739 12.1459 552.806 80.3232 75.0766 5.24669 4.20635 16.5986 4.70785 7.11426 59.5403 20.7951 9.90499 67.9623 66.1026 31.9596 1.85968 11.916
internal_count=35306 32341 2965 2333 31494 847 421 336 1255 840 518 408 632 238 31486 3967 3831 136 87 426 103 222 510 1078 150 3609 3526 1612 83 280
is_linear=0
shrinkage=0.05


Tree=16
num_leaves=31
num_cat=0
split_feature=18 21 0 2 6 15 21 24 5 6 33 33 14 3 0 0 14 5 15 14 24 19 2 25 15 2 12 12 15 21
split_gain=143.218 59.4428 62.7204 57.0672 43.0559 22.3618 13.6008 23.0031 13.211 12.5553 12.9794 12.0902 11.625 7.57847 7.41099 10.5742 11.3662 7.8478 7.32233 6.71341 6.24262 5.7188 5.52658 5.2675 4.79099 4.356 3.82567 8.14626 5.20914 3.71671
threshold=1.0000000180025095e-35 10.925381944444446 108.27000000000002 5.858487696356609 1.5000000000000002 834.50000000000011 0.35560763888888897 11.312141203703705 1.0000000180025095e-35 1.0000000180025095e-35 0.033615819209039555 0.28759398496240607 359846.21000000002 1.4729449140340993 2083.8550000000005 5861.6050000000005 18618.210000000003 1.0000000180025095e-35 151.50000000000003 38699.005000000012 11.678350694444445 13.648599537037038 2.0936472763529914 2.5000000000000004 3113.5000000000005 1.9773238071555028 2298.1750000000006 1725.0900000000004 100.50000000000001 41.245567129629642
decision_type=2 2 2 2 2 2 2 2 2 2 2 2 2 2 2 2 2 2 2 2 2 2 2 2 2 2 2 2 2 2
left_child=3 2 -2 5 6 9 14 22 -5 10 12 18 13 26 -4 16 -16 -17 -12 20 -18 -15 -8 29 -24 -21 27 -1 -29 -7
right_child=1 -3 4 8 -6 23 7 -9 -10 -11 11 -13 -14 21 15 17 19 -19 -20 25 -22 -23 24 -25 -26 -27 -28 28 -30 -31
leaf_value=-0.018855900363806164 0.083686869727333149 0.098154890585467058 -0.030941154135094046 0.080511887599634846 0.097313790530493355 -0.019021521513247229 -0.0079671588128707015 0.16007435416153104 -0.02187215751024188 0.11028245605178144 -0.0079449405359097291 -0.016626219264026219 0.091784582360087269 0.079847297888377411 -0.019553409420731544 -0.040187553918250137 0.13695178798746208 0.033336472332735685 0.11686598083528837 -0.0070679805653768996 0.01670811714898256 -0.017613237852804147 0.086295607760550355 0.076176483455573069 -0.0059862914997447971 0.081525409723737896 -0.024147997074279545 -0.021731243511343729 0.10353794089990719 0.027629672721696336
leaf_weight=6.7823708374053222 33.662175085395575 34.796358160674572 36.580773546360433 19.069832876324657 10.475255399942396 471.07947163842618 13.651586143299943 1.9350062273442734 3.2963592801243058 2.2046544887125483 1.3044419474899749 3.3238262291997671 2.0620939787477246 2.9414726719260207 6.9637571796774891 15.176703827455642 2.7070476822555047 3.8546175062656394 5.1059449184685946 4.7136432593688369 1.963884064927697 1.9426316469907758 2.5206398852169505 0.50752285122871299 2.139356167986989 0.89012507256120432 31.762383161112666 0.7441568132489923 1.8990049492567775 3.470422124490141
leaf_count=356 153 223 2130 134 45 27763 579 15 40 42 43 130 44 44 373 553 109 27 76 263 101 56 19 3 68 39 1561 42 86 211
internal_value=0 0.0406477 0.0254619 -0.0114134 0.00591887 -0.0147282 -0.00528975 0.0300335 0.0651321 0.0138376 0.00835227 0.0580741 -0.00268033 -0.00876845 -0.0153805 0.000722625 0.0282479 -0.0243751 0.0938235 0.0595064 0.0982568 0.0446774 0.00871452 -0.0183619 0.0503574 0.0172189 -0.0160149 0.0110796 0.0719854 -0.018623
internal_weight=0 172.031 137.235 557.497 103.572 535.13 93.0971 20.2466 22.3662 60.073 57.8683 9.73421 48.1341 46.072 72.8506 36.2698 17.2385 19.0313 6.41039 10.2747 4.67093 4.8841 18.3116 475.057 4.66 5.60377 41.1879 9.42553 2.64316 474.55
internal_count=35328 4697 4474 30631 4321 30457 4276 681 174 2480 2438 249 2189 2145 3595 1465 885 580 119 512 210 100 666 27977 87 302 2045 484 128 27974
is_linear=0
shrinkage=0.05


Tree=17
num_leaves=31
num_cat=0
split_feature=2 41 19 31 19 24 23 24 19 9 39 3 39 14 17 31 17 10 19 21 12 12 38 21 3 19 11 38 39 14
split_gain=112.513 120.56 25.5796 21.9536 30.168 15.1622 14.5925 19.949 19.0283 10.932 10.018 8.23291 8.20996 8.29963 7.874 7.49483 7.32692 6.68297 8.14431 14.1499 6.913 8.2964 8.45365 6.60981 5.69501 5.64523 5.21405 5.08887 4.94934 4.76992
threshold=3.2431217894498432 1.0000000180025095e-35 1.769155092592593 6.5000000000000009 8.819178240740742 11.312141203703705 1.0000000180025095e-35 10.032690972222225 20.436689814814819 3.5000000000000004 67.250000000000014 4.6584016898942666 66.250000000000014 61060.605000000003 4.5000000000000009 7.5000000000000009 6.5000000000000009 2745.9550000000004 18.971915509259262 19.972673611111116 6962.5250000000005 4392.7750000000005 60.850000000000001 11.451168981481482 1.9898384519595187 10.992870370370373 8.5000000000000018 51.45000000000001 60.250000000000007 13566.395000000002
decision_type=2 2 2 2 2 2 2 2 2 2 2 2 2 2 2 2 2 2 2 2 2 2 2 2 2 2 2 2 2 2
left_child=1 3 14 4 5 23 7 16 12 17 -4 24 13 -9 -3 -12 -2 26 19 20 21 -19 28 -1 27 -11 -5 -10 -23 -7
right_child=6 2 10 9 -6 29 -8 8 11 25 15 -13 -14 -15 -16 -17 -18 18 -20 -21 -22 22 -24 -25 -26 -27 -28 -29 -30 -31
leaf_value=-0.0038592219927608461 -0.036098198303788791 0.010867173232261206 0.10954226364258852 -0.019969306784795891 -0.02398931964424968 0.013941643934853169 0.096868829924972463 -0.0282247854633801 0.082711118638294334 0.10768625633424718 0.079113255004886238 0.08125668194355691 0.075178536815701774 0.056928043417579212 0.09248982331467609 -0.028878009630181431 0.038191591385315048 -0.03264765192435054 -0.029000467070762998 0.10633049810522549 -0.0090146624128138089 0.0068831216006107095 -0.0096517536893728426 0.087522959228175656 -0.041120531291817641 -0.022459820084079443 0.018187152194226529 -0.028098107821137797 0.16407071397097656 0.14882895093843987
leaf_weight=5.8784461962059158 9.5020233839750272 3.5378134902566662 0.87427972443401714 486.31296796537936 13.633247099816797 0.98375821486115445 14.103941133245824 4.1595059037208539 1.2408827710896697 1.6877572704106563 0.89356856234371562 1.3521738499403007 42.101905668154359 5.7365508563816547 34.217228243127465 10.383176382631062 3.9165577869862309 1.5770679796114624 14.851705645211039 2.7301870631054035 24.01811276935041 0.74154260940849859 1.4381298357620833 1.9240921996533868 7.9659567028284073 0.7790875881910323 8.3855475215241295 1.2220960091799495 1.477095855399966 5.0018844120204449
leaf_count=249 283 94 47 28802 705 23 119 111 50 25 30 6 489 59 194 605 82 72 795 47 1157 39 79 10 281 33 474 61 45 83
internal_value=0 -0.00828633 0.0654724 -0.0148313 0.0281214 0.0777845 0.0508695 0.0413341 0.0528499 -0.0170441 0.00200712 -0.00427552 0.0656291 0.0218311 0.0853192 -0.0145737 -0.0132699 -0.0175814 0.00046274 0.0146092 0.00281664 0.0498471 0.0847957 0.0260584 -0.0215047 0.0719607 -0.0192871 0.0354923 0.129995 0.131829
internal_weight=0 621.327 49.9061 571.421 27.4214 13.7882 91.3016 77.1977 63.7791 543.999 12.151 11.7811 51.998 9.89606 37.755 11.2767 13.4186 541.532 46.8338 31.9821 29.2519 5.23384 3.65677 7.80254 10.4289 2.46684 494.699 2.46298 2.21864 5.98564
internal_count=35149 33608 970 32638 1070 365 1541 1422 1057 31568 682 398 659 170 288 635 365 31510 2234 1439 1392 235 163 259 392 58 29276 111 84 106
is_linear=0
shrinkage=0.05


Tree=18
num_leaves=31
num_cat=0
split_feature=18 2 21 2 5 15 15 5 13 14 0 21 2 47 15 19 24 21 21 15 14 0 0 39 13 19 10 40 40 39
split_gain=103.549 47.9474 42.8242 60.6389 42.5625 16.0135 16.337 14.1328 13.5443 12.3427 13.2084 8.07241 8.24644 7.69847 6.992 6.77431 7.51439 6.53553 6.34716 5.99895 6.58883 9.08502 17.8691 7.68275 5.9958 6.72603 5.87301 5.71596 5.55518 5.35315
threshold=1.0000000180025095e-35 5.858487696356609 8.2611979166666689 0.20005925151607171 1.0000000180025095e-35 834.50000000000011 200.50000000000003 1.0000000180025095e-35 18.500000000000004 11461.700000000003 6303.3400000000011 1.3163020833333337 2.0936472763529914 1.0000000180025095e-35 254.50000000000003 27.240023148148151 3.5733391203703708 0.089456018518518532 35.180335648148152 33282.500000000007 11924.860000000002 5861.6050000000005 2783.3700000000003 322.75000000000006 22.500000000000004 9.3633101851851865 662.99500000000012 0.20377016552911634 0.92841210852377121 203.15000000000001
decision_type=2 2 2 2 2 2 2 2 2 2 2 2 2 2 2 2 2 2 2 2 2 2 2 2 2 2 2 2 2 2
left_child=1 5 3 -2 11 6 24 -3 9 -8 13 19 -13 15 -10 16 -11 -7 -19 -5 -21 22 23 -22 -1 -26 -16 -4 -18 -24
right_child=2 7 27 4 -6 17 8 -9 14 10 -12 12 -14 -15 26 -17 28 18 -20 20 21 -23 29 -25 25 -27 -28 -29 -30 -31
leaf_value=-0.030327118578054438 0.078971377901556519 0.073973694870909601 0.030403072959979151 -0.032006103221256701 0.075984240458879998 -0.038291905738886134 -0.034855803895885773 -0.032183986441820155 0.067868511120362351 -0.0011176209850587203 -0.015963383751727196 -0.0063866911948661995 0.077481034495545276 -0.022944048831683675 0.054995713946611381 0.0082650445038904372 0.15605513684097749 -0.012385184936063449 -0.031277861773166077 -0.027695034202721375 -0.023169831025621326 -0.035519505918949236 0.13479634530372886 0.091148733984868113 0.080093664442360615 -0.014132724327706989 -0.027833933177430433 0.08910869567908522 0.018866799809027047 0.0012044410758934776
leaf_weight=20.159820790402595 32.395804151892662 19.994885766878728 6.2983215767890206 40.012838921509683 14.913287157192824 30.998441304080188 2.1072785127908054 3.1019391752779475 2.1616420578211537 1.0092790601775004 2.5872414568439117 7.6425717975944263 3.6212848275899887 0.80830936878919679 1.6241044756025065 1.5117430295795209 7.2234031083062273 376.49277656059712 50.165291235782206 14.073835981078444 8.024741948582232 5.0985975889489046 3.2954433942213646 0.75804959516972381 2.0317846974357954 4.4137398349121213 11.483021944761274 32.10697246901691 1.1389979887753723 0.93046042416244734
leaf_count=1010 183 140 58 2156 76 1980 101 38 58 47 84 332 59 36 61 61 152 22736 3141 818 444 189 133 33 80 218 512 218 47 48
internal_value=0 -0.0100159 0.0347123 0.0207568 0.000983689 -0.0132125 0.0113255 0.0589726 0.0351111 0.065288 0.0813811 -0.0131593 0.0246957 0.102483 0.000703117 0.112945 0.127406 -0.0163542 -0.0146745 -0.0193223 -0.00306235 0.0165308 0.0380105 -0.00499425 -0.0172213 0.0223377 -0.0143996 0.0804971 0.14138 0.111241
internal_weight=0 539.014 169.172 130.767 98.3711 515.917 58.2604 23.0968 31.655 16.3863 14.279 83.4578 11.2639 11.6917 15.2688 10.8834 9.37168 457.657 426.658 72.194 32.1811 18.1073 13.0087 8.78279 26.6053 6.44552 13.1071 38.4053 8.3624 4.2259
internal_count=35249 30502 4747 4471 4288 30324 2467 178 1159 528 427 4212 391 343 631 307 246 27857 25877 3821 1665 847 658 477 1308 298 573 276 199 181
is_linear=0
shrinkage=0.05


Tree=19
num_leaves=31
num_cat=0
split_feature=2 41 25 19 19 21 6 19 38 39 15 19 21 33 15 2 17 24 15 12 21 21 10 6 3 21 2 3 1 14
split_gain=106.302 108.756 29.9845 19.4068 14.0728 13.1935 16.6462 15.2439 19.4755 14.1621 10.4557 14.7586 20.15 11.8985 9.53594 8.5399 7.78074 7.62721 6.41018 6.24551 6.09084 8.78245 4.73805 4.70666 6.67176 4.59986 4.18564 13.6176 5.91089 12.7161
threshold=3.2431217894498432 1.0000000180025095e-35 2.5000000000000004 12.790792824074076 31.296290509259261 8.2611979166666689 1.5000000000000002 8.0801273148148169 71.65000000000002 66.250000000000014 905.50000000000011 9.1286168981481506 8.0764062500000016 0.029857397504456332 167.50000000000003 2.3409113048153567 3.5000000000000004 18.844097222222228 560.50000000000011 62099.650000000001 9.9441087962962982 0.79092592592592603 5845.9450000000006 1.0000000180025095e-35 4.6584016898942666 29.081539351851855 2.582929053384841 1.2260553863924313 8.5769882922616674 283205.79000000004
decision_type=2 2 2 2 2 2 2 2 2 2 2 2 2 2 2 2 2 2 2 2 2 2 2 2 2 2 2 2 2 2
left_child=1 2 10 16 5 6 18 -7 9 25 11 12 13 19 -14 -13 -3 -11 -2 -1 21 -18 -5 -20 -25 -9 28 -28 29 -12
right_child=4 3 -4 22 -6 7 -8 8 -10 17 26 15 14 -15 -16 -17 20 -19 23 -21 -22 -23 -24 24 -26 -27 27 -29 -30 -31
leaf_value=-0.026377814975796804 0.065137052098876089 -0.0066590109285209337 0.12447154237258458 -0.021259125339301028 -0.033434698853785777 0.094411300708679105 0.080695813488366019 -0.040574411011812028 -0.02838524910006069 0.020942625063766762 -0.015486121675339687 -0.02697078711999859 0.0053011161061417358 0.067822327624350101 0.10033364574918401 0.060777026397384019 0.076793937002311297 0.10740000563694052 -0.014457646472906611 0.064216108560479698 0.12895640991276022 -0.012029737117349712 0.072206431298582258 -0.014668215415745301 0.078428986785546953 0.055197477876664458 0.13372345007502315 -0.0061633732896234639 -0.030564161202486308 0.068146066556953294
leaf_weight=18.514396275393672 3.2559180706739452 2.4915677905082694 2.9800604730844489 7.4669210901483876 4.1811365336179724 29.174071034416556 10.495037734508513 3.2801993843168082 7.0742750763893119 3.9857169222086659 394.03428309876472 29.974813419394195 3.7546235760673872 3.9898211555555454 8.9237859062850458 2.1036701519042245 30.872318174690008 10.731186503544448 17.841936039738361 1.1553407022729505 6.4349306076765052 2.774833087809383 0.62148907408118237 3.331525992602109 2.8405958265066147 0.81152333132922638 0.89897766429931181 19.977188090793788 67.929047104902565 3.6289430921897283
leaf_count=824 26 84 15 449 166 147 46 106 241 94 24357 1556 83 73 107 66 183 135 512 37 100 148 23 33 12 20 46 1094 4259 222
internal_value=0 -0.00603388 -0.0124406 0.063389 0.0500709 0.0541487 0.0301841 0.069755 0.0394853 0.0651569 -0.0133985 0.00484313 0.0263265 -0.00153767 0.0746355 -0.019553 0.0765996 0.0868074 0.00857752 -0.0182073 0.0818112 0.069333 -0.00692282 -0.00138849 0.0331392 -0.0144696 -0.0159687 0.00569787 -0.0169503 -0.0145539
internal_weight=0 608.527 557.865 50.6621 97.0031 92.822 37.765 55.057 25.8829 18.8086 554.885 68.4165 36.338 23.6596 12.6784 32.0785 42.5736 14.7169 27.27 19.6697 40.0821 33.6472 8.08841 24.0141 6.17212 4.09172 486.468 20.8762 465.592 397.663
internal_count=35264 33726 32739 987 1538 1372 629 743 596 355 32724 2746 1124 934 190 1622 515 229 583 861 431 331 472 557 45 126 29978 1140 28838 24579
is_linear=0
shrinkage=0.05


Tree=20
num_leaves=31
num_cat=0
split_feature=41 2 25 19 31 19 33 19 39 38 39 39 10 19 2 34 39 38 39 39 0 24 19 24 24 11 24 39 31 17
split_gain=86.3227 84.492 21.4684 19.8701 14.4284 18.8823 16.0297 14.223 8.6133 8.47357 32.9344 12.0015 11.7248 13.6519 8.61831 8.04283 8.72577 10.8918 8.53904 8.02187 6.66559 12.1377 7.84163 6.3791 5.88435 5.86015 8.1466 10.9637 11.1127 10.2352
threshold=1.0000000180025095e-35 3.2431217894498432 2.5000000000000004 1.769155092592593 6.5000000000000009 12.222783564814817 0.46589147286821714 31.296290509259261 67.250000000000014 64.350000000000009 235.95000000000002 110.65000000000002 786.5100000000001 10.093015046296298 2.54118527046001 1.0000000180025095e-35 600.80000000000007 88.450000000000017 166.65000000000001 137.65000000000001 5194.9100000000008 15.994907407407409 29.841105324074075 18.066562500000003 21.363848379629633 2.5000000000000004 14.963761574074075 114.55000000000001 15.500000000000002 5.5000000000000009
decision_type=2 2 2 2 2 2 2 2 2 2 2 2 2 2 2 2 2 2 2 2 2 2 2 2 2 2 2 2 2 2
left_child=1 2 4 -2 5 6 -1 15 -5 10 11 14 25 19 -6 16 17 18 23 -14 -16 -22 -23 -3 -8 26 -13 29 -29 -28
right_child=3 7 -4 8 9 -7 24 -9 -10 -11 -12 12 13 -15 20 -17 -18 -19 -20 -21 21 22 -24 -25 -26 -27 27 28 -30 -31
leaf_value=0.087497690828797325 0.07669253246106858 0.0038740907541275956 0.10934743678257608 0.095217163395574358 -0.018732908127732935 -0.026301790385638513 -0.041215295092664889 -0.041966513719991404 -0.0098177377414856923 -0.021935030042153275 0.13453054808273654 -0.01703736836909106 0.013966636174507874 -0.010038294575372317 -0.0059383447018197168 0.072003620737677229 0.079857824609054995 -0.010641079528652227 0.089707778825504791 0.10707071933055781 -0.017536767096432187 0.17134172189821523 -0.016942178136370431 0.048462888920356731 0.067274144357743579 -0.023925734742045741 -0.020947655646015778 -0.019856356676041836 0.058596989188063435 0.17252960995218614
leaf_weight=10.966275075450541 42.003765399567783 15.150254976935686 2.6496775001287451 1.3000545203685749 214.83955752942711 10.985195579938589 4.1817930480465284 4.1246216641739002 12.042217583395539 214.5618677129969 2.9548203432932487 16.392822304740548 3.8830589987337607 7.5010002488270393 6.7658372176811081 21.745848583057523 8.6415488235652429 13.893905132077633 6.3523233179002991 6.2923950208351016 2.0044601624831562 1.4742076406255362 0.49713770113885392 16.509329365566373 0.68420243076980103 22.616847977042198 0.70149594172835605 9.9251098120585102 6.7729627797380081 1.2422021925449369
leaf_count=220 325 351 13 53 13284 602 229 177 666 13520 117 966 148 369 366 208 50 347 68 151 105 71 27 294 24 1350 45 609 421 78
internal_value=0 -0.00442672 -0.0116912 0.0601467 -0.0124785 0.0227024 0.0562465 0.0412372 0.00634206 -0.0143386 -0.00892025 -0.0107698 0.00644628 0.0408893 -0.0165218 0.0458612 0.0354548 0.0266926 0.0402616 0.0759702 0.0255301 0.0695127 0.134138 0.0278975 -0.0170927 -0.00463135 0.0081426 0.030025 0.0134783 0.119307
internal_weight=0 634.311 547.893 55.346 545.243 26.8175 15.8323 86.4178 13.3423 518.426 303.864 300.909 75.3279 17.6765 225.581 82.2932 60.5474 51.9058 38.0119 10.1755 10.7416 3.97581 1.97135 31.6596 4.866 57.6514 35.0346 18.6418 16.6981 1.9437
internal_count=35254 34210 32715 1044 32702 1075 473 1495 719 31627 18107 17990 4137 668 13853 1318 1110 1060 713 299 569 203 98 645 253 3469 2119 1153 1030 123
is_linear=0
shrinkage=0.05


Tree=21
num_leaves=31
num_cat=0
split_feature=23 2 24 9 18 39 15 38 39 19 38 12 19 2 31 19 0 24 47 38 39 12 39 39 19 21 17 0 0 24
split_gain=80.321 61.664 59.4154 23.9684 21.3566 12.2807 9.83416 9.72871 28.1948 11.7337 9.08339 9.23089 9.97529 8.37481 8.28085 10.9555 9.90126 7.94207 7.73498 6.76054 10.2721 6.78166 6.68705 6.77333 7.72799 14.825 6.52972 6.0843 6.07224 5.97686
threshold=1.0000000180025095e-35 5.858487696356609 1.0000000180025095e-35 1.5000000000000002 1.0000000180025095e-35 446.25000000000006 760.50000000000011 64.350000000000009 178.55000000000004 24.202546296296301 312.40000000000003 353.5750000000001 0.026869212962962966 0.076593605290356553 7.5000000000000009 2.6435590277777781 545.83500000000015 11.312141203703705 1.0000000180025095e-35 60.850000000000001 123.65000000000002 2083.5650000000005 43.350000000000001 49.550000000000004 7.8270543981481486 4.6232118055555569 9.5000000000000018 1261.7700000000002 5076.0300000000016 7.4267013888888895
decision_type=2 2 2 2 2 2 2 2 2 2 2 2 2 2 2 2 2 2 2 2 2 2 2 2 2 2 2 2 2 2
left_child=1 3 4 5 -2 7 18 8 14 17 -7 -12 -13 -4 15 27 -17 -10 19 20 -5 -21 -16 24 25 -24 28 -1 -19 -3
right_child=2 29 13 6 -6 10 -8 -9 9 -11 11 12 -14 -15 22 16 -18 26 -20 21 -22 -23 23 -25 -26 -27 -28 -29 -30 -31
leaf_value=-0.0033824248708239375 -0.016645498418627915 -0.01344268321276041 0.068403894033000262 0.027006073895007594 0.057537304316179254 0.12928106471503301 -0.016117576379545404 -0.020300259619662475 0.017893077391636435 -0.024104055639461729 0.10202895703852002 0.062282332345542146 -0.02992727515525298 0.12553402515211495 -0.022267035154079615 0.068440739703278422 -0.031887506735997322 0.15014671733740304 -0.027039649396058824 0.077391944531884707 0.09827625454582993 -0.016701575953506503 -0.023737644490714235 -0.0073843800780432987 -0.014475010232233663 0.21185652901384222 -0.0071301492658047408 0.091843327093694596 0.019352487989061154 0.054313359252116528
leaf_weight=2.2268663933500674 26.682934108190238 3.1129787713289252 18.69232913851738 11.359718407504266 13.976130318827925 1.1529363123700012 9.0766215948387963 202.7503514662385 3.7872310066595656 2.7577637266367665 1.5980559634044755 3.223203068599104 8.604849527589975 16.532865216955543 96.836008847691119 2.2295599598437539 9.4357891874387843 4.8312213877215981 3.1179442200809708 1.5935980211943368 9.9588946122676116 6.426835217513144 0.87028689403086834 172.2534907432273 1.7708694124594329 0.52346806693822145 0.91915700118988741 5.0389322759583592 1.4322957023978231 46.729464195668697
leaf_count=91 1610 49 88 346 290 28 538 12771 170 158 88 79 546 83 6145 95 533 147 127 67 111 303 51 10171 110 26 40 130 33 329
internal_value=0 -0.0028474 0.0513615 -0.00759084 0.00962311 -0.010513 0.0285354 -0.0118346 -0.00615746 0.0613815 0.0333136 0.0166823 -0.00190333 0.097943 -0.0095407 0.0216738 -0.00882232 0.0830904 0.0411311 0.0490282 0.0632112 0.00850112 -0.0117826 -0.00590142 0.0572085 0.116286 0.111079 0.0657796 0.12702 0.0499004
internal_weight=0 613.618 75.8843 563.776 40.6591 522.242 41.5336 507.663 304.913 13.7277 14.579 13.4261 11.8281 35.2252 291.185 18.9311 11.6653 10.9699 32.457 29.339 21.3186 8.02043 272.254 175.418 3.16462 1.39375 7.18267 7.2658 6.26352 49.8424
internal_count=35353 33282 2071 32904 1900 31412 1492 30671 17900 548 741 713 625 171 17352 849 628 390 954 827 457 370 16503 10358 187 77 220 221 180 378
is_linear=0
shrinkage=0.05


Tree=22
num_leaves=31
num_cat=0
split_feature=18 34 2 21 0 9 38 25 15 15 5 38 39 5 0 24 21 20 39 15 38 33 38 20 13 19 19 19 38 3
split_gain=76.3225 35.8859 32.8936 30.9617 24.4657 13.9284 13.6056 11.6313 9.39011 9.38791 9.04667 8.06643 18.4707 6.79922 6.34366 6.79962 5.47265 9.06652 6.92343 6.48783 9.5657 8.00097 6.08922 4.75885 5.98508 4.22313 4.98433 5.12095 15.2602 8.74623
threshold=1.0000000180025095e-35 1.0000000180025095e-35 5.858487696356609 10.925381944444446 108.27000000000002 1.5000000000000002 60.850000000000001 1.5000000000000002 560.50000000000011 200.50000000000003 1.0000000180025095e-35 55.750000000000007 98.250000000000014 1.0000000180025095e-35 1088.5900000000004 17.034589120370374 1.1262615740740742 1.5000000000000002 104.35000000000001 47568.500000000007 34.850000000000001 0.072751322751322761 72.950000000000017 2.5000000000000004 49.500000000000007 33.930873842592597 1.0000000180025095e-35 2.0146585648148156 49.45000000000001 -0.58594719533830653
decision_type=2 2 2 2 2 2 2 2 2 2 2 2 2 2 2 2 2 2 2 2 2 2 2 2 2 2 2 2 2 2
left_child=2 3 5 4 -2 7 8 23 9 14 16 12 -9 -4 -7 -16 19 18 -18 -6 21 -21 -20 25 -25 26 -1 28 29 -28
right_child=1 -3 13 -5 10 6 -8 11 -10 -11 -12 -13 -14 -15 15 -17 17 -19 22 20 -22 -23 -24 24 -26 -27 27 -29 -30 -31
leaf_value=-0.029816071593807076 0.063207587822540809 0.06717495728061719 0.061114908890386344 0.063248601754157169 -0.034239646503191966 -0.016207965185960332 -0.023378918401310109 -0.013835916371610555 -0.0086341797858047707 0.10220085358178364 0.045877955552849153 -0.017014069711884419 0.15044229781446578 -0.012767529290803215 -0.013988220582326825 0.10720935494594633 -0.011707707079137224 -0.014136165206039908 0.16466606061951167 0.01652628724472972 -0.024104082304710769 0.14271210343772606 0.012227211294602299 -0.026679520530526732 0.072191526620755064 -0.02710942291937803 0.10832100509825571 -0.0098238349045408138 -0.022933452597527052 0.01823126224577375
leaf_weight=27.591358725912869 12.762220542877911 47.597578938119113 18.955907961353663 25.508947513997555 34.268960693851113 4.57913751807064 10.929119376465676 2.9971472704783064 6.0403816075995556 6.9766945187002412 5.8889563977718344 3.4622415788471699 2.562554070726037 3.3232776559889308 1.5205595633015039 2.0876266043633223 1.4735071565955871 8.4724411377683264 1.055888803675771 8.6155567402020097 15.699045291170476 0.55189987272024232 1.2165452307090161 81.839263995178044 0.62546729575842519 39.153895378112793 3.663433825597167 275.63338192924857 12.757534531876443 7.6140977488830703
leaf_count=1872 70 629 126 176 1989 214 638 175 319 105 34 227 74 38 47 63 49 315 25 462 906 23 40 5243 30 2628 207 17287 780 449
internal_value=0 0.0310775 -0.00809387 0.0157546 0.00174688 -0.0108324 0.0205497 -0.0130747 0.0432245 0.0631379 -0.00908585 0.0403848 0.0732739 0.0500192 0.0223501 0.0641824 -0.0141935 0.0153403 0.0709402 -0.0204493 -0.000855578 0.0374119 0.111733 -0.0142365 -0.0250737 -0.0117359 -0.00981965 -0.00788548 0.013848 0.0539354
internal_weight=0 163.112 512.313 115.514 90.005 490.034 32.1335 457.9 21.2044 15.164 77.2428 9.02194 5.5597 22.2792 8.18732 3.60819 71.3538 12.2184 3.74594 59.1355 24.8665 9.16746 2.27243 448.878 82.4647 366.414 327.26 299.668 24.0351 11.2775
internal_count=35240 4718 30522 4089 3913 30358 1386 28972 748 429 3843 476 249 164 324 110 3809 429 114 3380 1391 485 65 28496 5273 23223 20595 18723 1436 656
is_linear=0
shrinkage=0.05


Tree=23
num_leaves=31
num_cat=0
split_feature=41 3 19 19 21 38 31 19 34 15 25 17 10 33 17 38 38 21 33 21 40 15 19 3 13 25 0 38 15 33
split_gain=63.8649 67.8172 18.3857 18.0351 20.9259 15.7679 14.7095 14.8297 11.3605 11.1603 10.9027 9.44556 7.62553 7.94848 10.5728 7.16492 9.84666 6.82119 10.8304 6.1182 5.38577 4.9781 4.69487 4.42116 4.3818 4.17591 3.98841 4.41039 4.73403 5.82592
threshold=1.0000000180025095e-35 1.5681246126471886 12.790792824074076 4.9688136574074084 4.35738425925926 59.050000000000004 6.5000000000000009 8.819178240740742 1.0000000180025095e-35 4936.5000000000009 2.5000000000000004 4.5000000000000009 3901.7550000000006 0.15192307692307697 9.5000000000000018 64.350000000000009 42.550000000000004 0.54864004629629637 0.52086956521739147 17.232853009259262 1.1093091492897424 42951.000000000007 32.326423611111117 0.56767218674181819 15.500000000000002 1.5000000000000002 5307.0950000000012 375.60000000000008 88594.000000000015 0.061553030303030311
decision_type=2 2 2 2 2 2 2 2 2 2 2 2 2 2 2 2 2 2 2 2 2 2 2 2 2 2 2 2 2 2
left_child=1 6 11 4 8 9 7 17 24 19 12 -2 26 15 -15 16 -14 -1 -19 -5 23 -10 -4 -18 -3 -11 27 -8 29 -29
right_child=2 3 22 5 -6 -7 10 -9 21 25 -12 -13 13 14 -16 -17 20 18 -20 -21 -22 -23 -24 -25 -26 -27 -28 28 -30 -31
leaf_value=-0.0049071005724854976 0.0043760705079174903 -0.014740299874615989 -0.03174116546714089 0.0078995393010764352 0.086699818091983905 -0.029425621575192486 -0.014542096896682254 -0.016277417860729233 0.079287070464228587 -0.0014114897542714425 0.081109402130219388 0.074442082614009794 -0.0067037073126580268 0.13715144821458344 -0.027271061031163793 -0.033169356172703168 0.10432071576920482 0.093631223770059183 -0.031271633073531764 0.093911362350401845 -0.016984561272366788 -0.0009070069995983079 0.040659391253874015 -0.0067404706670320183 0.026362209802473686 0.077328669252446511 -0.02822502905062595 -0.014909460118731477 0.083417858362084971 0.096597657667194137
leaf_weight=3.3176487395539906 5.6240284945815793 12.572763905860485 6.7181457076221687 3.0631420593708771 23.400045677088201 16.330654134042561 388.46367666590959 11.827595139853655 9.1691188067197782 17.073612033389512 2.0609387010335913 38.522286650724709 13.791282907128339 1.5337467780336731 1.1344143971800802 9.4053971618413907 3.9812430255115023 9.4481000965461117 1.574500243179499 6.9243629341945052 1.2651427173987029 2.3622558610513797 2.2005105866119266 0.95089175179600705 11.470731918700038 0.86413733474910159 54.342558542266488 7.3710779836401326 1.2403817716985939 0.3620271673426031
leaf_count=139 164 388 383 61 173 740 24926 674 84 615 9 378 673 44 58 581 137 131 87 106 47 34 120 32 229 12 3664 484 74 22
internal_value=0 -0.00384647 0.0528301 0.0329304 0.0508112 0.00850629 -0.0113102 0.0245795 0.0254798 0.0309392 -0.0132895 0.0658107 -0.0138581 0.00946784 0.0788677 0.000780672 0.0175747 0.057142 0.0746727 0.0706516 0.065028 0.0640975 -0.0115794 0.0853819 0.00513864 0.00626476 -0.0155308 -0.0137286 0.0194163 0.00077411
internal_weight=0 615.301 53.065 103.231 58.9749 44.2559 512.071 26.1678 35.5749 27.9253 485.903 44.1463 483.842 32.0621 2.66816 29.394 19.9886 14.3402 11.0226 9.9875 6.19728 11.5314 8.91866 4.93213 24.0435 17.9377 451.78 397.437 8.97349 7.73311
internal_count=35269 34224 1045 2442 908 1534 31782 1031 735 794 30751 542 30742 1572 102 1470 889 357 218 167 216 118 503 169 617 627 29170 25506 580 506
is_linear=0
shrinkage=0.05


Tree=24
num_leaves=31
num_cat=0
split_feature=41 2 25 19 38 39 39 38 39 19 39 38 19 12 38 39 13 2 0 24 0 2 9 24 38 12 38 0 0 38
split_gain=61.8062 63.2391 16.587 16.3116 10.4921 36.1821 17.3284 14.3633 10.3259 9.96524 9.37712 10.3706 14.6847 10.2167 9.30382 7.82947 7.46324 7.26564 7.10519 7.01645 7.90742 6.9557 5.9179 5.7952 8.86192 9.36246 7.75913 13.0768 8.40441 8.03936
threshold=1.0000000180025095e-35 3.2431217894498432 2.5000000000000004 0.95651620370370372 64.350000000000009 235.95000000000002 137.65000000000001 33.95000000000001 67.250000000000014 15.225694444444446 70.350000000000009 70.250000000000014 5.0473958333333337 10287.570000000002 14.65 166.65000000000001 18.500000000000004 2.54118527046001 4840.4400000000014 15.994907407407409 4948.7350000000015 3.0414034089767705 3.5000000000000004 23.699421296296297 26.350000000000005 920.00500000000011 31.150000000000002 896.54000000000008 594.29500000000019 42.550000000000004
decision_type=2 2 2 2 2 2 2 2 2 2 2 2 2 2 2 2 2 2 2 2 2 2 2 2 2 2 2 2 2 2
left_child=1 2 4 -2 5 6 17 9 -5 14 13 15 -13 -3 -8 -12 -7 22 -16 -19 -21 -22 23 -1 -25 -26 27 28 -27 -28
right_child=3 10 -4 8 -6 16 7 -9 -10 -11 11 12 -14 -15 18 -17 -18 19 -20 20 21 -23 -24 24 25 26 29 -29 -30 -31
leaf_value=-0.020094677900346622 0.067765675134268386 -0.033272631390593305 0.099203874923072866 0.094730160545044739 -0.019257356466967839 0.14354764796103966 -0.027024107633924679 0.0026794350647892777 -0.013072922601045416 -2.5036403307652823e-05 0.046055817390384529 0.042575090684492022 -0.031700098638192925 0.043660340016030474 0.13119577202452767 0.10187702708561659 -0.0038742407785746151 -0.01351407262430241 -0.0046595339591918149 0.0012456127386643173 0.12900630994612744 -0.020756935990633506 0.058866066044186621 -0.017496217993057103 -0.032741316965613436 0.0099884818802527184 -0.018775118178470496 0.011513870771782148 0.23964867769314427 0.037569877525295732
leaf_weight=161.92207151837647 39.916234701871872 8.628017623908816 2.4616388455033293 1.6634997949004162 212.64408680610359 3.8825341276824465 0.98472007270902207 27.369173336774111 12.454161535948513 3.9298611581325522 27.698739997111261 22.7962936507538 8.4057098375633341 6.8218159275129429 6.0998534550890326 9.1397425308823568 0.97906810231506813 6.7387978900223953 1.0357304094359276 3.8069849815219641 2.6040904698893432 0.67044100910425175 1.8112531844526518 49.827513393014669 7.3337450688704839 0.65819864254445082 9.8605403136461991 3.0227103047072887 0.55201862659305334 14.57551193423569
leaf_count=10240 304 272 12 56 14130 93 47 1361 683 235 425 260 336 88 219 78 37 345 43 218 117 31 30 3325 483 43 623 196 35 896
internal_value=0 -0.00356561 -0.0100352 0.0517707 -0.0107413 -0.00481206 -0.00717084 0.0233611 0.00505558 0.0665299 0.0365826 0.0444626 0.0222026 0.00128595 0.0952106 0.0622316 0.118263 -0.0118115 0.113327 0.0223802 0.053983 0.100661 -0.0137867 -0.0145524 -0.00398555 0.0146806 0.0275062 0.0830929 0.175776 0.014989
internal_weight=0 606.261 522.771 54.0339 520.309 307.665 302.803 39.4193 14.1177 12.0502 83.4903 68.0405 31.202 15.4498 8.1203 36.8385 4.8616 263.384 7.13558 13.8203 7.08152 3.27453 249.564 247.752 85.8302 36.0027 28.669 4.23293 1.21022 24.4361
internal_count=35261 34218 32759 1043 32747 18617 18487 1905 739 544 1459 1099 596 360 309 503 130 16582 262 711 366 148 15871 15841 5601 2276 1793 274 78 1519
is_linear=0
shrinkage=0.05


Tree=25
num_leaves=31
num_cat=0
split_feature=23 24 4 15 18 24 19 17 24 15 19 38 38 33 19 24 33 24 12 9 19 19 21 15 21 19 17 21 38 39
split_gain=57.3016 38.0267 26.3935 23.3942 16.6806 15.9035 12.4748 12.458 8.37938 8.86574 8.15719 7.75084 7.23343 6.21054 9.47838 11.646 9.02243 7.47371 6.17972 5.97093 5.56075 5.28001 9.20336 7.06073 6.20134 7.41364 7.25646 8.75416 8.9058 8.20342
threshold=1.0000000180025095e-35 1.0000000180025095e-35 1.0000000180025095e-35 834.50000000000011 1.0000000180025095e-35 7.4267013888888895 2.8061574074074076 5.5000000000000009 13.585810185185187 200.50000000000003 20.996261574074079 59.050000000000004 15.450000000000001 0.081666666666666679 15.448790509259261 11.031290509259261 0.35388994307400384 16.252025462962965 1903.4150000000002 1.5000000000000002 1.1685011574074078 31.296290509259261 37.920746527777787 260737.50000000003 0.089456018518518532 2.6435590277777781 8.5000000000000018 1.5057928240740741 53.050000000000004 201.95000000000002
decision_type=2 2 2 2 2 2 2 2 2 2 2 2 2 2 2 2 2 2 2 2 2 2 2 2 2 2 2 2 2 2
left_child=2 4 3 6 -2 -4 7 -1 -8 -10 11 12 -11 21 15 -15 18 -18 -17 -12 -3 22 24 -23 -5 26 29 -28 -29 -26
right_child=1 20 5 13 -6 -7 8 -9 9 10 19 -13 -14 14 -16 16 17 -19 -20 -21 -22 23 -24 -25 25 -27 27 28 -30 -31
leaf_value=-0.0018028620878481555 -0.012775429674951252 0.07150589476281595 -0.040091380494574169 -0.025121852387022237 0.054834811013329668 0.043271974721684953 -0.034807432606701688 0.062728487119982093 -0.01522760212809863 -0.02475556567266763 -0.028708425966743653 -0.017191452187158434 0.10079794069209765 -0.011159841071477739 -0.018185409126913469 0.023641410270523362 -0.036323350211565054 0.063855478456401757 0.15945091638947728 0.053622478383930611 0.13933892257390851 -0.029656172032101344 0.079427533490472657 0.082073915976752815 -0.0080336610450726844 -0.011744347922801431 -0.027351765479639939 0.16994801463992615 -0.0037403834385772989 0.042546006530798486
leaf_weight=11.140384232625363 25.243535406887531 24.21338360011578 5.8480620114132753 67.348101133480668 13.045370166189967 39.865342251956463 11.202014327049254 21.421998889185488 14.214270431548355 0.93669335730374026 5.7021246273070565 1.9825374223291872 6.9302716059610248 7.8231129767373231 15.889015422202645 1.6718393554911002 2.496173988096416 3.1583453705534339 2.2502601677551866 2.280911885201931 4.6293003223836413 55.805868394672871 1.8193674441426981 0.51154336426406999 34.764104488305748 256.78274226095527 1.1656018998473876 1.2365333223715427 1.0385490991175172 9.3397450502961856
leaf_count=363 1631 121 182 4524 272 341 576 299 779 46 292 112 110 481 1059 86 159 121 94 82 29 3896 66 37 1927 16979 75 54 45 507
internal_value=0 0.0443581 -0.0040902 -0.00720321 0.0110694 0.0319775 0.0183811 0.0412548 0.000616118 0.0136771 0.0363021 0.0645317 0.0847428 -0.011422 0.00916817 0.0337776 0.0680712 0.020819 0.118125 -0.00183422 0.0866975 -0.0130343 -0.0108273 -0.0272271 -0.011481 -0.00838987 0.00959603 0.0705379 0.113728 0.00338326
internal_weight=0 67.1316 584.626 538.912 38.2889 45.7134 75.8112 32.5624 43.2488 32.0468 17.8325 9.8495 7.86696 463.101 33.2887 17.3997 9.57662 5.65452 3.9221 7.98304 28.8427 429.812 373.495 56.3174 371.675 304.327 47.5445 3.44068 2.27508 44.1038
internal_count=35345 2053 33292 32769 1903 523 2659 662 1997 1421 642 268 156 30110 2000 941 460 280 180 374 150 28110 24177 3933 24111 19587 2608 174 99 2434
is_linear=0
shrinkage=0.05


Tree=26
num_leaves=31
num_cat=0
split_feature=41 2 25 15 31 23 24 39 12 33 24 23 15 15 21 33 39 17 15 39 24 14 39 21 17 0 14 15 24 15
split_gain=61.5238 52.6545 11.8004 9.01942 8.30122 8.14673 13.3394 8.7387 10.3733 7.88538 7.43242 7.27845 6.84545 11.4936 10.0965 6.52285 6.50731 6.47546 6.09378 7.22652 7.14145 7.73227 9.56562 7.11799 5.97011 5.87458 11.4377 7.27307 5.19737 5.10476
threshold=1.0000000180025095e-35 3.2431217894498432 2.5000000000000004 760.50000000000011 6.5000000000000009 1.0000000180025095e-35 7.4267013888888895 339.15000000000003 47612.530000000006 0.31698564593301443 26.053217592592596 1.0000000180025095e-35 9724.5000000000018 7930.5000000000009 4.9774305555555562 0.088932806324110686 66.250000000000014 10.500000000000002 23491.000000000004 446.25000000000006 24.100549768518523 255953.81500000003 107.85000000000001 24.803362268518523 3.5000000000000004 1301.3000000000002 91337.470000000016 9389.5000000000018 10.285798611111113 7228.5000000000009
decision_type=2 2 2 2 2 2 2 2 2 2 2 2 2 2 2 2 2 2 2 2 2 2 2 2 2 2 2 2 2 2
left_child=1 2 4 -2 9 6 -3 8 -8 10 -1 16 13 15 -15 29 -5 -17 -14 20 24 -22 -23 -21 -20 -16 27 28 -27 -6
right_child=3 5 -4 11 12 -7 7 -9 -10 -11 -12 -13 18 14 25 17 -18 -19 19 23 21 22 -24 -25 -26 26 -28 -29 -30 -31
leaf_value=0.059983443320763025 0.069880199076888749 -0.029823100089131423 0.079217071859967347 0.083933737672490155 -0.0075281064947322236 0.070104544302002872 0.012175634820642243 0.070541642604409788 0.06303757323866041 -0.0093898549499126984 -0.033623643161870123 0.07100189030317236 -0.027481031432169081 -0.021455894197149328 0.014744746331363037 0.053255602787095471 -0.002302923375018084 -0.034880942308752702 -0.00020349765530749782 0.079690546192399625 -0.003029411975206146 -0.027268970710759316 0.12753385665142039 -0.030910109784830542 -0.025162251014062682 0.021016023916513443 -0.0077118025684388448 -0.0019478720107005195 0.16630257352942998 -0.045396299735547346
leaf_weight=10.895934903062882 31.828284439630806 8.507660470902918 2.836717724800109 1.5296439006924689 166.55291650164872 12.297634279355405 42.493382942862809 12.526765726506708 12.418125844560562 12.658584577031432 1.9016564106568683 5.8593558780848971 76.203036734834313 5.8537047058343914 6.632121183909474 7.0050815055146796 15.821316616609691 2.039544721134007 31.589613866992295 3.2200487479567519 62.912565989419818 1.1616609180346125 1.528398406691849 1.5584720605984328 98.407978995703161 1.0995528986677525 2.5018054200336337 1.0594436367973683 3.1480839746072888 8.4701420003548247
leaf_count=232 229 269 13 54 10233 112 915 105 90 711 97 70 5307 412 439 291 696 117 2104 207 4404 82 108 109 6669 72 170 68 202 597
internal_value=0 -0.00206366 -0.00825762 0.0527254 -0.00890278 0.0333725 0.0265909 0.0340395 0.0245997 0.0184359 0.0446451 0.0272864 -0.0103851 -0.00342101 0.0313893 -0.00740795 0.00945914 0.031887 -0.0154998 -0.0108296 -0.0124011 0.0010494 0.0714108 0.0445123 -0.0191451 0.0528125 0.0797995 0.115735 0.139865 -0.0096082
internal_weight=0 597.481 509.237 55.0386 506.4 88.2436 75.9459 67.4383 54.9115 25.4562 12.7976 23.2103 480.944 204.362 20.2947 184.068 17.351 9.04463 276.582 200.379 195.6 65.6026 2.69006 4.77852 129.998 14.441 7.80889 5.30708 4.24764 175.023
internal_count=35184 34135 32644 1049 32631 1491 1379 1110 1005 1040 329 820 31591 12601 1363 11238 750 408 18990 13683 13367 4594 190 316 8773 951 512 342 274 10830
is_linear=0
shrinkage=0.05


Tree=27
num_leaves=31
num_cat=0
split_feature=23 24 3 15 12 18 19 14 38 39 24 3 38 39 19 0 12 0 38 12 3 15 39 38 39 38 3 13 15 15
split_gain=53.3431 35.671 31.4173 13.4883 13.3149 13.2337 13.0156 12.1773 10.3646 10.3478 6.84333 6.17358 5.81196 9.67228 6.11472 5.57013 11.2941 15.6268 16.5095 9.83801 13.5705 8.85484 7.93179 20.3428 15.7492 7.57495 9.06411 8.84406 7.2389 7.17147
threshold=1.0000000180025095e-35 1.0000000180025095e-35 1.7664787029012319 760.50000000000011 15958.700000000003 1.0000000180025095e-35 9.1286168981481506 10338.595000000001 83.750000000000014 251.25000000000003 39.984236111111123 1.0866562629450454 70.250000000000014 72.15000000000002 15.911203703703706 5444.6250000000009 11726.730000000001 986.97500000000014 30.650000000000002 13265.665000000003 1.0000000180025095e-35 53606.000000000007 101.65000000000002 57.95000000000001 235.95000000000002 154.95000000000002 -0.26262168664437152 16.500000000000004 9389.5000000000018 4194.5000000000009
decision_type=2 2 2 2 2 2 2 2 2 2 2 2 2 2 2 2 2 2 2 2 2 2 2 2 2 2 2 2 2 2
left_child=2 5 3 6 9 -2 7 -1 -9 10 12 -7 13 -4 -15 16 22 18 -18 20 21 29 -5 24 28 -25 -27 -28 -24 -19
right_child=1 -3 4 15 -6 11 -8 8 -10 -11 -12 -13 -14 14 -16 -17 17 19 -20 -21 -22 -23 23 25 -26 26 27 -29 -30 -31
leaf_value=-0.037018430039508547 -0.010855033059395086 0.083040257764323638 -0.031435072109354457 -0.021567742523383962 0.054414028471942578 0.013623293523183116 -0.012549164951609787 0.055681814979630387 -0.015357804774200451 0.047649884133772163 0.073926530940506802 0.078179346897654378 -0.035211146269604275 0.042185071799112406 -0.015539116324911957 -0.024689251120582418 0.15626515476754566 0.0053219533300829557 0.00694971114432577 -0.010431421514001945 -0.017156969544061703 -0.02146406925459899 0.040601938055303016 -0.023310944089158084 0.11952810773670011 -0.024988573085730145 0.039408156846937874 -0.01796361556455486 -0.00051228731425589566 0.18250287535071147
leaf_weight=4.7661469476297489 25.168479797430336 30.057996021583676 10.564701439812781 128.86936159618199 25.645219356752932 7.8371719336137158 27.807644386775792 26.815489510074258 5.8378923991695038 13.718281042762099 1.873749098740517 7.0219854498282075 11.076890636235474 14.372103782370688 5.9218193879351011 63.821693241596222 2.6699139224365345 0.79551461059600104 3.9337320094928145 32.06378310918808 3.4601812520995736 0.73217755183577526 15.225451394915579 93.661179379560053 2.8273878134787074 18.417771062813699 17.856561041437093 9.7003235975280386 31.400644991546869 1.7897174805402754
leaf_count=224 1631 161 348 8881 305 221 1441 563 254 213 29 64 361 258 177 4422 132 52 252 2134 227 51 910 6554 76 1291 1227 686 1995 123
internal_value=0 0.0428012 -0.00310467 -0.00791568 0.0251362 0.0112969 0.013119 0.032024 0.0429021 0.0113777 -0.000790411 0.0471365 -0.00577294 0.00556763 0.0254023 -0.0111503 -0.00871136 0.0143794 0.0799311 0.00150803 0.0520707 0.111527 -0.0120464 -0.00547801 0.0217957 -0.0152236 0.00139785 0.0192908 0.0134839 0.144673
internal_weight=0 70.0856 575.625 492.453 83.1728 40.0276 65.2272 37.4195 32.6534 57.5275 43.8093 14.8592 41.9355 30.8586 20.2939 427.225 363.404 45.445 6.60365 38.8414 6.77759 3.31741 317.959 189.089 49.4535 139.636 45.9747 27.5569 46.6261 2.58523
internal_count=35263 2077 33186 31495 1691 1916 2482 1041 817 1386 1173 285 1144 783 435 29013 24591 2971 384 2587 453 226 21620 12739 2981 9758 3204 1913 2905 175
is_linear=0
shrinkage=0.05


Tree=28
num_leaves=31
num_cat=0
split_feature=18 21 2 2 5 25 21 38 21 24 15 10 14 1 1 38 16 1 24 14 24 24 24 38 21 15 15 15 2 14
split_gain=49.0182 25.8365 28.5598 19.8915 18.4884 12.52 9.91156 9.08912 8.68303 11.2866 9.06652 8.43876 9.19249 8.08043 11.9311 8.64275 9.33854 7.30895 6.68408 12.7275 6.33138 6.01944 12.355 10.1431 11.7077 9.3218 8.99848 8.43403 8.24603 9.39067
threshold=1.0000000180025095e-35 10.028182870370372 0.14112139419481282 8.6113472687705315 1.0000000180025095e-35 1.5000000000000002 16.095196759259263 74.250000000000014 0.35560763888888897 9.16439814814815 24167.000000000004 4206.6600000000008 27942.010000000002 6.9185666239705261 8.6763493230124489 31.150000000000002 1.5000000000000002 5.2499931616306199 21.764444444444447 9786.7400000000016 12.232320601851853 25.191388888888891 26.980086805555558 19.850000000000005 16.947013888888893 51172.500000000007 61577.000000000007 102247.50000000001 0.80459532201939754 13400.540000000003
decision_type=2 2 2 2 2 2 2 2 2 2 2 2 2 2 2 2 2 2 2 2 2 2 2 2 2 2 2 2 2 2
left_child=3 2 -2 5 8 11 -7 -8 10 -10 -4 17 -13 -12 15 -15 -17 18 19 -1 -6 -19 23 -23 25 -25 -26 28 -28 -30
right_child=1 -3 4 -5 20 6 7 -9 9 -11 13 12 -14 14 -16 16 -18 21 -20 -21 -22 22 -24 24 26 -27 27 -29 29 -31
leaf_value=-0.023261853401243947 0.061240896169665132 0.063675423788574034 -0.034265342987065135 0.053010732876630974 -0.010460435715710223 -0.01368017900715069 0.099238732051842249 -0.028496953945518596 0.0027758103350597617 0.098622808210519386 -0.035426062151636038 0.086088855336647938 0.0043658091084522021 0.088683737538478191 -0.032996452565624466 -0.019726801467127349 0.074085646096918506 -0.017341077010132235 -0.020330803033711851 0.1073908708436314 0.069743692961419565 -0.028770249475046219 -0.0096276693064688418 0.19025933930658195 -0.011795991294980591 -0.016969782029622259 -0.018395911371559805 -0.024559928733891082 -0.015379590924256401 0.20849365394853933
leaf_weight=2.6199967414140684 24.484100120142102 33.233123797923326 32.580408435314894 12.410167671740053 2.810412034392356 4.82095769792795 5.6152904545888305 1.2836258569732306 15.577427513897421 2.8450150191783896 8.6051050396636146 2.8883770601823917 31.065099407918751 5.3243066454306271 6.7604792881757012 7.0286759305745345 2.9981875158846378 276.032675601542 3.8907165369018912 3.6265001315623522 10.758586287498472 3.5559268658980718 124.40956162661314 1.4381016446277488 5.4314933018758875 0.50131263211369503 0.5688357902690776 0.93509680405259121 0.43481142539530981 1.1241740779951213
leaf_count=151 149 239 1915 69 24 243 157 95 644 24 554 85 1442 246 270 428 156 18520 233 107 49 237 8478 51 367 33 40 62 30 76
internal_value=0 0.0253084 0.0142236 -0.00708145 0.00163216 -0.00877647 0.0402351 0.0748731 -0.00753232 0.0218933 -0.0163039 -0.010114 0.0135819 0.00322706 0.0191515 0.0427304 0.0124993 -0.0120365 0.0281223 0.0569428 0.053554 -0.0130841 -0.00453032 0.0384181 0.0618299 0.149144 0.0282859 0.0847726 0.125311 0.164444
internal_weight=0 153.006 119.773 482.653 95.2886 470.243 11.7199 6.89892 81.7196 18.4224 63.2972 458.523 33.9535 30.7168 22.1116 15.3512 10.0269 424.569 10.1372 6.2465 13.569 414.432 138.399 13.9898 10.4338 1.93941 8.49441 3.06292 2.12782 1.55899
internal_count=35174 4698 4459 30476 4310 30407 495 252 4237 668 3569 29912 1527 1654 1100 830 584 28385 491 258 73 27894 9374 896 659 84 575 208 146 106
is_linear=0
shrinkage=0.05


Tree=29
num_leaves=31
num_cat=0
split_feature=2 2 19 10 40 19 31 31 19 39 11 14 40 39 40 40 14 11 12 0 33 31 24 12 24 19 3 11 23 24
split_gain=42.4807 46.7214 15.5152 10.3834 8.93507 10.0783 8.33093 12.3544 9.11142 7.93007 7.65946 6.16756 7.14218 6.13168 7.24791 7.25115 13.1302 6.59304 5.7791 5.08273 5.02733 4.78591 4.72811 4.70752 6.39283 6.94804 5.78086 4.43348 4.25826 13.5226
threshold=0.14112139419481282 3.366521105234225 25.117436342592597 2983.6000000000004 0.078581882063433334 18.971915509259262 5.5000000000000009 3.5000000000000004 15.448790509259261 64.15000000000002 8.5000000000000018 139495.45500000005 0.017842235046833101 431.70000000000005 0.38921983380858549 0.82168782708867072 30119.955000000002 3.5000000000000004 13802.615000000002 1076.4600000000003 0.017700501253132835 12.500000000000002 10.032690972222225 36763.270000000004 12.007285879629633 4.0000925925925932 -1.1536305033659389 10.500000000000002 1.0000000180025095e-35 7.4267013888888895
decision_type=2 2 2 2 2 2 2 2 2 2 2 2 2 2 2 2 2 2 2 2 2 2 2 2 2 2 2 2 2 2
left_child=-1 3 9 6 -5 23 7 -2 22 18 13 12 27 -8 -15 16 17 19 -3 -16 -13 -17 -9 24 25 -6 -26 -12 29 -11
right_child=1 2 -4 4 5 -7 10 8 -10 28 11 20 -14 14 15 21 -18 -19 -20 -21 -22 -23 -24 -25 26 -27 -28 -29 -30 -31
leaf_value=0.057714699905550282 -0.0098235216703479369 -0.028786845107130438 -0.0349442719203579 -0.027813638810273118 0.04258504099883044 -0.017139540231052634 -0.013323100449585746 0.025958579207579505 -0.030307687298709515 -0.026609803852194372 0.11776594923848782 0.12184693910124456 -0.02540953711554781 -0.030476837116222857 0.029533267054980317 0.047548178413187654 -0.015902062923762682 -0.014429425221765105 0.038057232738668012 0.21729036744543373 -0.018054421998919958 -0.037367130429979023 0.12195485738515127 -0.00061303592902441279 0.0012463708775662578 -0.030358495061779778 0.089272697617779839 -0.018091439932249414 0.074203587506142907 0.046812730671661723
leaf_weight=30.706376203335822 12.996975811198356 6.609178005717693 7.1243661958724251 9.6891248421743494 9.7244920665398293 10.786232452839611 417.31595259811729 2.711095890030264 1.474391436204314 6.480404879897832 0.78390541020780602 1.5538017284125092 4.9254841143265367 3.9622917454689732 0.87619416788220261 1.9602430416271088 1.7678771829232571 0.39643993414938439 4.6230999063700438 1.0533877369016407 0.54879015684127797 2.7758270474150777 3.6028159921988845 6.4938966631889334 2.3181818528100839 3.858416059985756 9.1859270716086012 0.55376665014773607 10.695050731301306 50.844763129018247
leaf_count=289 671 189 271 556 266 648 28839 58 94 185 49 64 318 270 57 110 113 26 55 60 33 191 40 284 61 215 259 38 75 598
internal_value=0 -0.00167371 0.0321231 -0.00743458 0.0135472 0.0234294 -0.00983709 0.0204348 0.0663015 0.0385124 -0.0113153 0.0335926 0.00432452 -0.0122647 0.0207257 0.0444649 0.0858727 0.14475 -0.000412401 0.171216 0.0912819 -5.88656e-05 0.0899205 0.0373862 0.0468689 0.0212035 0.0730529 0.0778439 0.0448529 0.0381987
internal_weight=0 597.692 86.3769 511.316 52.0563 42.3671 459.259 20.7853 7.7883 79.2525 438.474 8.36575 6.26316 430.108 12.7923 8.82997 4.0939 2.32602 11.2323 1.92958 2.10259 4.73607 6.31391 31.5809 25.087 13.5829 11.5041 1.33767 68.0202 57.3252
internal_count=34982 34693 1373 33320 2289 1733 31031 863 192 1102 30168 502 405 29666 827 557 256 143 244 117 97 301 98 1085 801 481 320 87 858 783
is_linear=0
shrinkage=0.05


Tree=30
num_leaves=31
num_cat=0
split_feature=18 23 10 21 5 0 25 40 38 21 24 23 21 38 20 2 2 38 13 13 0 0 40 40 39 0 24 21 17 12
split_gain=41.1125 21.8716 21.3859 20.1544 18.3036 10.2288 9.48443 8.76291 10.964 7.56796 10.2993 6.91951 6.35626 6.2611 5.53551 5.42047 5.22671 10.0024 6.01048 5.08448 4.98287 10.4304 5.42713 6.4134 9.914 4.81141 4.7503 10.1109 4.72701 6.74508
threshold=1.0000000180025095e-35 1.0000000180025095e-35 2672.6500000000001 10.925381944444446 1.0000000180025095e-35 108.27000000000002 1.5000000000000002 0.078581882063433334 60.850000000000001 0.35560763888888897 11.312141203703705 1.0000000180025095e-35 15.214253472222223 17.750000000000004 2.5000000000000004 8.6113472687705315 1.1422991855922673 109.75000000000001 27.500000000000004 38.500000000000007 5861.6050000000005 2783.3700000000003 0.39774993324469265 0.14297383284842827 163.05000000000004 5725.130000000001 11.910248842592594 2.8986111111111117 5.5000000000000009 2490.3950000000009
decision_type=2 2 2 2 2 2 2 2 2 2 2 2 2 2 2 2 2 2 2 2 2 2 2 2 2 2 2 2 2 2
left_child=2 3 6 4 5 -2 15 -4 14 20 -11 12 -8 -5 19 -1 -10 -18 25 26 21 -7 23 -23 -25 -19 27 -9 29 -14
right_child=1 -3 7 13 -6 9 11 8 16 10 -12 -13 28 -15 -16 -17 17 18 -20 -21 -22 22 -24 24 -26 -27 -28 -29 -30 -31
leaf_value=-0.011767026395586581 0.046215839594047008 0.057055661255581404 -0.015406440272595388 -0.023081127186612177 0.054563777917768702 -0.025600983382877043 -0.033555119284362979 0.092695939957458881 -0.022641234231590222 -0.0026232351677949648 0.092046178229035713 0.094951895649068987 -0.020100847672035481 0.062905338836118027 0.00058734934646795006 0.032042248545009616 -0.038143457488169108 0.13424586654883999 -0.025931176156554683 -0.0092785799354646991 -0.046377405143117195 0.005115965554628594 -0.0044308841793741349 0.16638510887353036 -0.02136957616864182 0.027056051623726693 0.084943980814804393 -0.023091798805338522 -0.00020889761561432093 0.13954690740300479
leaf_weight=398.40728639438748 7.3001619502902022 36.738150215707719 11.21618111245334 1.8469010554254079 13.437648598104714 32.766522230580449 3.8600293016061169 2.2144769029691913 9.3045603809878248 13.985186994075777 2.5990461111068717 2.4010860845446578 0.6535822395235299 20.140272080898285 4.3357523605227462 6.2530505247414103 2.9078209903091174 1.7825947450473902 1.0316538568586109 2.0228998055681577 13.628251320682464 2.5704487645998579 5.3627312043681741 1.3013211032375696 0.71717973053455342 2.7265953766182065 14.184136200696228 3.8362403828650713 2.7850629761815071 1.0121083715930579
leaf_count=27508 52 413 576 25 71 2328 247 49 612 627 16 12 42 144 152 37 172 74 63 74 524 141 293 67 42 72 364 139 163 22
internal_value=0 0.0239517 -0.00584512 0.0130373 0.00271207 -0.00653723 -0.00975285 0.0230239 0.0328691 -0.0123714 0.016604 0.0347182 0.00898695 0.0549927 0.0525913 -0.0110127 0.00209723 0.0288546 0.0644711 0.0622607 -0.0210404 -0.0120813 0.0307061 0.0652138 0.114696 0.0861068 0.0695127 0.0264216 0.0452698 0.0928634
internal_weight=0 152.394 470.935 115.656 93.6685 80.2308 415.372 55.5629 44.3467 72.9307 16.5842 10.7119 8.31078 21.9872 26.5935 404.66 17.7532 8.44866 5.54084 22.2578 56.3465 42.7182 9.95168 4.58895 2.0185 4.50919 20.2349 6.05072 4.45075 1.66569
internal_count=35121 4743 30378 4330 4161 4090 28031 2347 1771 4038 643 486 474 169 778 27545 993 381 209 626 3395 2871 543 250 109 146 552 188 227 64
is_linear=0
shrinkage=0.05


Tree=31
num_leaves=31
num_cat=0
split_feature=2 2 25 38 10 0 31 33 24 21 9 18 38 38 12 21 12 31 36 14 21 21 0 14 31 0 35 38 13 2
split_gain=39.3361 46.978 11.6664 11.5981 8.31998 8.19187 7.95319 11.4051 7.70928 5.23229 5.17024 4.80887 8.93033 8.14607 8.58947 7.49029 6.29295 5.95852 4.97303 4.75568 4.73305 5.97257 4.47782 15.4733 10.5445 5.1694 5.83935 5.68467 8.09785 7.81322
threshold=0.25486809548808337 2.582929053384841 2.5000000000000004 56.250000000000007 5361.9600000000009 3326.0600000000009 5.5000000000000009 0.35388994307400384 28.149745370370372 1.0631712962962967 3.5000000000000004 1.0000000180025095e-35 44.45000000000001 23.450000000000003 9510.4900000000034 4.1632812500000007 17944.925000000007 13.500000000000002 1.0000000180025095e-35 29781.910000000003 9.9441087962962982 16.200833333333339 4501.4800000000005 311885.57500000001 15.500000000000002 758.59500000000014 1.0000000180025095e-35 417.55000000000007 16.500000000000004 1.4253666412860444
decision_type=2 2 2 2 2 2 2 2 2 2 2 2 2 2 2 2 2 2 2 2 2 2 2 2 2 2 2 2 2 2
left_child=3 2 6 8 5 -3 7 -2 -1 -8 22 12 13 18 17 16 -13 -15 -7 20 -14 -22 23 25 -25 -11 27 -27 29 -29
right_child=1 4 -4 -5 -6 11 9 -9 -10 10 -12 15 19 14 -16 -17 -18 -19 -20 -21 21 -23 -24 24 -26 26 -28 28 -30 -31
leaf_value=0.064120667037665197 0.05227067396943752 -0.012371623740870585 0.084643030473455783 -0.010311091168737088 0.055600455477026148 -0.018510693305342659 -0.022856745622178206 -0.017873588846369817 -0.021803629882230283 -0.018622074139727388 0.050994708601132401 -0.00036267701947058844 -0.035666873294245331 0.027701914224807785 -0.014976464104847832 0.065877987572770677 0.051383254246079459 0.12910169567412208 0.044714364705597698 -0.027073983690609794 0.10495712033345893 0.0069980687673049441 -0.022092375366837169 -0.024576427980272885 0.14969092883442356 -0.0059202891034351099 0.086980857988337268 0.13247763312727076 -0.030919321248378519 -0.022614314740015577
leaf_weight=33.58266631513834 11.116760952398183 15.863933950662611 2.2908700034022322 7.1253571175038806 19.317795442417264 6.927050821483137 81.081895644776523 10.371618529781697 2.3510850314050904 82.894879351370037 2.6034955708309999 14.887550116516651 2.0636573340743798 3.0326676564291102 2.0361324390396476 14.777157431468366 8.6910628713667375 3.875770578160882 4.1482807733118534 12.734533592127262 1.3634434742853043 5.0258337818086147 57.216396898031235 0.92894708830863182 1.6145719736814497 209.23836483061314 0.75372580345719953 1.7317980099469417 1.5628326265141366 0.79068097751587618
leaf_count=466 247 751 11 413 165 277 5789 660 107 5854 49 291 87 68 63 82 62 81 137 514 33 155 4058 53 52 14439 21 110 116 45
internal_value=0 -0.00223686 -0.0093254 0.0467694 0.0262724 0.0198204 -0.00997329 0.0191254 0.0580607 -0.0114332 -0.00879921 0.0263129 0.0139381 0.0370686 0.069959 0.0389159 0.0200254 0.0937205 0.00691218 -0.00860351 0.0191431 0.0392771 -0.00937693 -0.00688247 0.0970705 -0.00809559 -0.0039519 -0.00467753 0.0476207 0.0912446
internal_weight=0 578.942 464.197 43.0591 114.745 95.4271 461.906 21.4884 35.9338 440.418 359.336 79.5631 41.2074 20.0199 8.94457 38.3558 23.5786 6.90844 11.0753 21.1875 8.45293 6.38928 356.732 299.516 2.54352 296.972 214.077 213.324 4.08531 2.52248
internal_count=35256 34270 31504 986 2766 2601 31493 907 573 30586 24797 1850 1415 626 212 435 353 149 414 789 275 188 24748 20690 105 20585 14731 14710 271 155
is_linear=0
shrinkage=0.05


Tree=32
num_leaves=31
num_cat=0
split_feature=23 24 2 38 39 15 18 39 21 38 0 21 2 24 0 21 2 2 2 17 24 31 13 13 15 15 38 38 0 0
split_gain=40.0792 28.8341 21.2441 17.3281 42.0876 20.286 11.9859 10.8116 10.6207 8.46146 7.85666 9.31333 7.66976 7.30975 6.86565 8.46593 6.86095 11.5091 6.55059 7.35818 5.58243 6.00044 5.53653 8.79352 5.25369 12.1525 5.17903 5.17438 6.72311 20.5051
threshold=1.0000000180025095e-35 1.0000000180025095e-35 18.681431251286991 63.150000000000013 203.15000000000001 10631.500000000002 1.0000000180025095e-35 983.30000000000007 40.795000000000009 48.850000000000001 3801.6300000000006 2.4798726851851858 0.44882089026242628 11.312141203703705 1921.1950000000004 12.864913194444446 1.8320688648099643 1.9954938499267516 0.4298690680475688 6.5000000000000009 30.858177083333338 17.500000000000004 17.500000000000004 9.5000000000000018 7930.5000000000009 8221.0000000000018 60.150000000000013 165.05000000000004 1054.2900000000002 1314.0800000000002
decision_type=2 2 2 2 2 2 2 2 2 2 2 2 2 2 2 2 2 2 2 2 2 2 2 2 2 2 2 2 2 2
left_child=2 6 3 4 5 8 -2 24 9 12 11 -11 18 -6 15 26 -7 20 -1 -20 21 -18 23 -15 -5 -26 -13 -27 -29 -30
right_child=1 -3 -4 7 13 16 -8 -9 -10 10 -12 14 -14 22 -16 -17 17 -19 19 -21 -22 -23 -24 -25 25 27 -28 28 29 -31
leaf_value=0.021029725218097914 -0.013419451265022775 0.075991242007159343 0.048506013815504977 -0.028157692197474351 0.0085729628262297668 -0.01974603057401475 0.043074976842236233 0.051823725444056806 0.11754794934018407 -0.024454853715829377 -0.0081222240574653128 0.10508208220096726 -0.0017122960096234152 0.032304542038830215 0.12180782045608363 0.0049050805656170324 0.11397613477981339 -0.006679665063070956 0.1713660061198056 -0.017354681195071539 -0.023877845450805412 -0.020650155141961613 0.039072515083255634 0.16480062813001495 0.091419328719489726 -0.020610655148270832 -0.019990543214184805 -0.028609489353246927 0.11643869577803492 -0.0025832028363783925
leaf_weight=19.475989663973454 22.998029007576406 27.468372713774443 18.156560784205794 77.254131962545216 2.6819140352308741 119.75608450639993 14.488322256132959 4.7759182136505833 1.3543590055778612 2.8055340927094283 7.083807202987372 4.0783726312220079 95.546234555542469 2.3770458428189141 3.5953601896762839 7.0680779777467251 3.2488864241167899 33.216086085885763 0.57890853285789379 0.51892837695777416 0.89192614890635002 0.68775199726223935 3.6891215061768889 4.5001386702060699 1.8181826323270787 87.571960259228945 0.64736052230000485 12.569805160164831 3.1895152777433422 26.264524115249515
leaf_count=772 1579 166 122 5141 98 8605 283 75 72 183 278 156 5556 37 172 379 224 1586 38 35 71 53 73 79 124 6281 41 918 222 1648
internal_value=0 0.0380331 -0.00322937 -0.00509941 0.00237961 -0.00159572 0.0089673 -0.0160548 0.0120176 0.0101884 0.0358208 0.0524611 0.00435023 0.0863477 0.0671199 0.0422305 -0.013909 0.00449978 0.0312793 0.116411 0.0693557 0.0910375 0.10364 0.128919 -0.0178481 -0.0116205 0.0874498 -0.0137551 0.000677919 0.0137056
internal_weight=0 64.9547 545.402 527.246 313.802 300.554 37.4864 213.444 142.753 141.399 25.2785 18.1947 116.12 13.2482 15.3892 11.7938 157.801 38.0447 20.5738 1.09784 4.82856 3.93664 10.5663 6.87718 208.668 131.414 4.72573 129.596 42.0238 29.454
internal_count=35067 2028 33039 32917 18508 18221 1862 14409 7682 7610 1209 931 6401 287 748 576 10539 1934 845 73 348 277 189 116 14334 9193 197 9069 2788 1870
is_linear=0
shrinkage=0.05


Tree=33
num_leaves=31
num_cat=0
split_feature=9 2 15 31 19 19 21 6 38 33 21 38 26 3 39 19 39 38 23 24 23 21 19 21 24 14 38 24 17 19
split_gain=37.5384 23.0951 12.4116 11.3081 10.1042 8.14277 16.5846 10.4233 10.1511 6.6939 6.66397 5.52655 5.171 8.28824 4.96806 4.78269 5.5187 6.09817 4.60815 5.52654 4.56529 5.70949 6.68205 9.78831 10.3237 9.95181 9.46595 6.1973 7.53499 7.935
threshold=1.5000000000000002 3.366521105234225 560.50000000000011 6.5000000000000009 12.109392361111114 5.6275173611111127 9.9441087962962982 1.5000000000000002 66.050000000000011 0.46589147286821714 0.54864004629629637 68.450000000000017 1.0000000180025095e-35 0.83216246042181174 123.65000000000002 33.930873842592597 418.65000000000003 479.65000000000003 1.0000000180025095e-35 23.034079861111113 1.0000000180025095e-35 0.037644675925925929 4.8845254629629631 3.5176504629629632 9.0817418981481506 11078.990000000002 96.350000000000009 25.191388888888891 8.5000000000000018 28.0437962962963
decision_type=2 2 2 2 2 2 2 2 2 2 2 2 2 2 2 2 2 2 2 2 2 2 2 2 2 2 2 2 2 2
left_child=1 3 11 4 9 6 7 -3 18 10 -1 14 15 -14 -2 16 20 -18 19 -7 21 -5 23 -23 -25 -26 -27 -24 29 -29
right_child=2 5 -4 12 -6 8 -8 -9 -10 -11 -12 -13 13 -15 -16 -17 17 -19 -20 -21 -22 22 27 24 25 26 -28 28 -30 -31
leaf_value=-0.0024327111492436731 0.034828745185093546 -0.0051006143338588779 -0.0048617101055012622 -0.024980936162551023 -0.01696351091619417 -0.021574353023334183 0.071465904707951791 0.057263464645526556 -0.042349106971162814 -0.0099696839565949439 0.080951044981413089 0.0086350862568841565 -0.017038727280305931 0.12003595379833246 0.072586070570816105 -0.026323175623650438 0.049094839370025067 -0.017614838621402798 0.072154752718798523 0.033358295508953202 0.010669915106063559 -0.010719805221853194 -0.017825977138539877 0.00023630593685038128 -0.024008559956947857 0.09963739324388439 -0.010794128914275399 0.027154369052625929 -0.023027921786502689 -0.011394799238865383
leaf_weight=3.0080588199198308 19.892668029293418 24.546098406426609 13.655000462196766 59.024118612520397 9.1872586794197542 7.5471749613061645 17.410190546885133 8.1446119248867017 8.6472155284136516 3.8099098661914459 9.7720023998990637 7.791207210160791 1.9917975384742015 0.99856433458626259 21.520929371938109 40.081295596435666 7.5534096192568523 5.031993898563087 2.5238885674625626 8.9654601290822011 25.626650494523346 40.100385901518166 155.25867951102555 17.087451208382848 2.5229107318446031 8.4463037373498064 2.2122958572581402 29.160338792018592 24.105246752500534 23.17128786072135
leaf_count=93 446 462 683 4475 580 189 98 42 338 226 148 386 153 43 201 3129 444 328 20 187 1458 2791 11363 1102 88 281 91 2066 1703 1703
internal_value=0 -0.00344511 0.0370661 -0.00764584 0.0239565 0.0216133 0.0334447 0.0116754 -0.000218056 0.0462935 0.0625726 0.0485667 -0.0095372 0.0473449 0.0556984 -0.010031 -0.0083339 0.0230892 0.0200781 0.00845281 -0.00941346 -0.0108643 -0.00803257 0.0054034 0.0264232 0.0579594 0.0777564 -0.012119 -0.000446346 0.010192
internal_weight=0 545.935 62.8598 468.15 25.7772 77.7846 50.1009 32.6907 27.6837 16.59 12.7801 49.2048 442.373 2.99036 41.4136 439.382 399.301 12.5854 19.0365 16.5126 386.716 361.089 302.065 70.3693 30.269 13.1815 10.6586 231.696 76.4369 52.3316
internal_count=35317 33601 1716 32265 1047 1336 602 504 734 467 241 1033 31218 196 647 31022 27893 772 396 376 27121 25663 21188 4353 1562 460 372 16835 5472 3769
is_linear=0
shrinkage=0.05


Tree=34
num_leaves=31
num_cat=0
split_feature=23 24 2 2 16 18 24 15 38 15 21 39 15 39 21 2 15 15 2 38 13 24 13 21 21 14 15 38 39 15
split_gain=34.6149 25.5281 24.3351 13.1961 10.4061 7.23555 5.87519 5.73695 10.0342 6.57818 9.64041 7.37936 9.44744 6.49366 8.11473 6.66968 6.24394 5.8725 5.08617 5.93409 4.95591 4.67405 6.92352 6.50873 5.39809 10.2394 7.06258 5.26703 12.1171 9.51003
threshold=1.0000000180025095e-35 1.0000000180025095e-35 4.4398121770160843 0.25486809548808337 2.5000000000000004 1.0000000180025095e-35 7.4267013888888895 9724.5000000000018 64.350000000000009 9207.5000000000018 29.19094907407408 160.35000000000005 2231.5000000000005 302.75000000000006 11.172540509259262 1.6276629721611506 7930.5000000000009 200.50000000000003 2.1177338564402026 35.750000000000007 36.500000000000007 7.4267013888888895 20.500000000000004 34.927974537037045 22.163778935185189 91337.470000000016 260737.50000000003 66.050000000000011 113.35000000000001 68021.000000000015
decision_type=2 2 2 2 2 2 2 2 2 2 2 2 2 2 2 2 2 2 2 2 2 2 2 2 2 2 2 2 2 2
left_child=2 5 3 4 -1 -2 -4 8 9 11 -11 -5 17 21 15 -15 -10 -13 19 -7 -18 -9 23 24 27 26 -26 28 -23 -30
right_child=1 -3 6 7 -6 18 -8 13 16 10 -12 12 -14 14 -16 -17 20 -19 -20 -21 -22 22 -24 -25 25 -27 -28 -29 29 -31
leaf_value=-0.0048306943042172043 -0.0076418018133101147 0.074447640785034228 -0.024746930912225535 0.0003496516869722088 0.058185583236103261 0.048973538289567013 0.032981177653509657 -0.028621510688893643 -0.021365853877518347 0.0054802675032050389 0.16295766806412601 -0.015035028773289558 -0.020193621338850828 0.071353662140988497 -0.012444412137747031 -0.019996212276902341 0.0050521497658922391 0.086860965432101631 0.06710956336182243 -0.026421082246250296 0.10127540352949752 -0.013993022490739131 -0.029945645745195044 -0.034367628633813124 -0.0030611175369000595 0.069154564208102495 0.10342494110522112 -0.026362221859983961 0.072992316177197911 -0.0065824094419142266
leaf_weight=12.258681898005308 23.296545347198844 24.859570894390345 4.0985335456207386 109.47696093842387 12.730014493688939 3.8256781315430981 51.102862000465393 53.134710897691548 67.043764900416136 2.5633573504164811 0.64103358518332232 1.413421792909501 3.8793639317154884 6.2956176381558198 12.786853731609879 2.2442490560933948 7.7432642383500916 6.519907864741981 6.1843615323305121 4.7431023707613349 0.64922061283141363 42.331015243194997 39.936881241388619 17.443514875136316 35.708279890939593 5.6192511701956382 0.62628990318626065 29.724210803397 7.4990657176822406 6.4527185531333089
leaf_count=496 1622 159 97 6570 333 75 545 3932 4855 176 43 36 217 395 893 130 537 121 57 153 44 3132 3027 1408 2619 403 45 2235 414 393
internal_value=0 0.0360863 -0.00282484 -0.00642397 0.0282754 0.00975838 0.028331 -0.00836732 -0.00198413 0.00672497 0.0682494 0.00455474 0.0404574 -0.013253 0.0127259 0.0477676 -0.0162569 0.0690561 0.0359757 0.00884037 0.0224858 -0.0156198 -0.0117587 -0.0065931 -0.00256976 0.0119566 0.00149541 -0.00971164 -0.000611392 0.0382101
internal_weight=0 62.9093 539.923 484.722 24.9887 38.0497 55.2014 459.733 199.93 124.494 3.20439 121.29 11.8127 259.803 21.3267 8.53987 75.4362 7.93333 14.7531 8.56878 8.39248 238.476 185.341 145.404 127.961 41.9538 36.3346 86.007 56.2828 13.9518
internal_count=35162 2066 33096 32454 829 1907 642 31625 12599 7163 219 6944 374 19026 1418 525 5436 157 285 228 581 17608 13676 10649 9241 3067 2664 6174 3939 807
is_linear=0
shrinkage=0.05


Tree=35
num_leaves=31
num_cat=0
split_feature=15 3 41 15 31 38 20 39 33 40 39 38 39 15 15 17 40 38 0 14 17 38 10 38 15 17 14 3 13 14
split_gain=27.6458 18.8753 10.4787 15.859 9.02032 8.95845 6.64026 6.50537 5.83991 5.47386 5.32757 5.82405 11.0002 12.4242 12.4554 15.292 9.3507 8.70805 9.12992 10.7675 7.98885 8.94335 8.29689 6.29426 5.82449 6.75275 8.5917 8.78022 8.10407 9.47016
threshold=619.50000000000011 4.6584016898942666 1.0000000180025095e-35 151.50000000000003 6.5000000000000009 68.450000000000017 1.0000000180025095e-35 125.05000000000001 0.35147058823529415 0.2089006590888807 983.30000000000007 64.350000000000009 135.75000000000003 9724.5000000000018 8221.0000000000018 6.5000000000000009 0.91545078932600854 34.350000000000001 5307.0950000000012 8677.5600000000013 6.5000000000000009 14.65 1723.3350000000003 161.05000000000004 26593.000000000004 8.5000000000000018 88211.630000000019 0.80551269696752581 19.500000000000004 34838.470000000001
decision_type=2 2 2 2 2 2 2 2 2 2 2 2 2 2 2 2 2 2 2 2 2 2 2 2 2 2 2 2 2 2
left_child=2 4 3 -1 8 7 -6 -5 9 -2 11 12 13 14 -8 -16 -17 18 19 -14 21 -21 -23 -13 -15 -26 28 -28 29 -27
right_child=1 -3 -4 5 6 -7 10 -9 -10 -11 -12 23 17 24 15 16 -18 -19 -20 20 -22 22 -24 -25 25 26 27 -29 -30 -31
leaf_value=-0.016088992750215445 -0.014968977810827741 0.046391890604417389 0.056154663202732026 0.023867334936948814 -0.032954754830471111 -0.0091051913201652731 0.0033468764035612403 0.068763016049565986 -0.0055143109782371854 0.054423427520906592 0.047473377512444924 -0.019091337789380144 -0.031052891850980438 -0.030182249974797584 -0.0033191528799745608 0.16442307723624527 -0.0019840295963431836 0.0052243950053854175 -0.012028977814647662 0.0084365195697790173 0.035143539617216515 0.1934767335376803 -0.014627292119405508 0.00018502110910071276 -0.013306268472973211 -0.017456955215836067 0.0096351528696002001 0.14277623232821496 -0.032363800731122383 0.12537352427012416
leaf_weight=23.347203462384641 3.0990204047411742 17.670965500175953 22.239821710623801 18.886007114313543 21.576913365162909 9.103310648351906 69.957633102312684 15.682267295196651 10.801336539909242 13.015156681649385 3.7747399359941474 120.57570551894605 1.5376215204596508 40.244680806063116 4.1514187557622781 2.7201988818123941 1.0614255741238592 26.08622220158577 3.7080462211742988 1.1913137380033711 4.3998288838192821 2.8805132294073705 0.39368321932852257 64.95466507319361 78.966130434535444 2.0094351880252348 2.7646539602428666 1.5015737665817139 7.1222808752208948 1.2041313042864201
leaf_count=1137 114 123 205 557 1825 463 4501 174 680 253 71 9003 82 2867 256 178 67 1446 112 35 205 152 15 4442 5367 146 190 57 497 69
internal_value=0 -0.00296142 0.0270673 0.0167312 -0.00483327 0.0342445 -0.00648579 0.0455954 0.0227944 0.0409833 -0.00511974 -0.00568083 -0.000718913 -0.00529633 0.0104953 0.0661027 0.127069 0.022932 0.053155 0.0754066 0.0951472 0.137021 0.170887 -0.0123778 -0.0144981 -0.00750439 0.0227133 0.0747097 -0.00344604 0.0531151
internal_weight=0 507.369 89.2586 67.0188 489.698 43.6716 462.783 34.5683 26.9155 16.1142 441.206 437.431 251.901 211.704 77.8907 7.93304 3.78162 40.1972 14.111 10.403 8.86534 4.46551 3.2742 185.53 133.813 93.5682 14.6021 4.26623 10.3358 3.21357
internal_count=35289 32753 2536 2331 32630 1194 31583 731 1047 367 29758 29687 16242 14195 5002 501 245 2047 601 489 407 202 167 13445 9193 6326 959 247 712 215
is_linear=0
shrinkage=0.05


Tree=36
num_leaves=31
num_cat=0
split_feature=41 2 39 19 33 19 17 17 12 23 39 2 21 14 19 39 39 24 24 14 0 11 31 24 12 19 21 14 39 12
split_gain=33.204 26.4025 10.253 8.59893 7.82514 12.1409 8.03037 6.30447 6.24429 6.16086 6.08608 5.93094 6.01031 5.23799 6.36312 6.69152 7.3545 9.30635 6.28707 9.24066 18.3363 9.0391 10.4586 13.7816 11.1655 10.3872 8.90484 8.04275 14.665 10.0056
threshold=1.0000000180025095e-35 2.4552459487799996 248.75000000000003 12.790792824074076 0.02409988385598142 5.0473958333333337 4.5000000000000009 4.5000000000000009 15958.700000000003 1.0000000180025095e-35 43.350000000000001 0.22048513365642161 41.245567129629642 8285.2050000000017 34.87191550925926 43.350000000000001 54.750000000000007 13.067714120370372 19.878454861111113 255953.81500000003 1942.4900000000002 2.5000000000000004 15.500000000000002 26.831782407407413 2796.3650000000007 21.087199074074078 34.122447916666673 32834.950000000004 139.05000000000004 1757.6050000000002
decision_type=2 2 2 2 2 2 2 2 2 2 2 2 2 2 2 2 2 2 2 2 2 2 2 2 2 2 2 2 2 2
left_child=1 4 8 7 13 6 -6 -2 9 -3 -8 -7 -13 -1 15 -15 17 -17 -18 21 -21 22 24 27 -20 -26 -27 28 -24 -30
right_child=3 2 -4 -5 5 11 10 -9 -10 -11 -12 12 -14 14 -16 16 18 -19 19 20 -22 -23 23 -25 25 26 -28 -29 29 -31
leaf_value=-0.025245886807940744 0.0050767975192831391 -0.0027809171513327648 0.049893890851188803 -0.0032828536328434427 -0.015103601908628328 0.056084447271017614 -0.016341632425069967 0.061309251237967259 0.033343380756429994 0.042457534766357191 0.071631898325558802 -0.01553737021495631 0.089218126967183842 -0.020851093052258844 -0.031749785678289892 0.11366390685828379 -0.010405660253395621 -0.010273096723386188 -0.025600569391351469 0.15067934071197722 -0.0066800616247258866 -0.015280555088896714 0.01165471244971893 0.0051913562922380144 0.084229100497634643 -0.029712409376670752 0.098115120496110916 0.019679222295193734 0.24249754941820517 0.034284938549822716
leaf_weight=51.701756798662245 6.163409291766583 55.50434784963727 21.262979555875063 8.4774024905636889 4.350773653015497 2.4929017378017297 1.9286115830764163 30.081550288945436 22.948612260632217 7.689455264247953 11.990028337575493 37.173692498356104 0.43406989704817434 60.815686253830791 25.476326577365398 2.0430643782019606 142.7663006298244 2.7160480180755258 18.856607240624729 2.1719309883192173 4.2538215862587094 41.835242451168597 2.0584489125758427 10.633926430717109 4.7428874317556602 6.1765559446066618 0.68478085752576578 3.2529358416795731 1.5515714623034003 1.2369041992351411
leaf_count=3861 173 2070 424 484 247 64 149 393 424 138 368 2618 31 4655 2105 141 9842 190 1385 33 300 2910 140 786 301 464 54 234 98 66
internal_value=0 -0.00255339 0.0195665 0.0417923 -0.00796853 0.00897 0.0416113 0.05214 0.011594 0.00329937 0.0591637 -0.00655163 -0.0120487 -0.0105668 -0.00820677 -0.00614827 -0.00242842 0.0534303 -0.00375196 0.00600197 0.0596369 0.00160903 0.0159903 0.0443492 -0.00230612 0.0345748 -0.00609696 0.0895378 0.125038 0.183568
internal_weight=0 548.75 107.405 44.7224 441.345 58.3701 18.2694 36.245 86.1424 63.1938 13.9186 40.1007 37.6078 382.975 331.273 305.797 244.981 4.75911 240.222 97.4556 6.42575 91.0299 49.1946 18.7338 30.4608 11.6042 6.86134 8.09986 4.84692 2.78848
internal_count=35148 34098 3056 1050 31042 3477 764 566 2632 2208 517 2713 2649 27565 23704 21599 16944 331 16613 6771 333 6438 3528 1324 2204 819 518 538 304 164
is_linear=0
shrinkage=0.05


Tree=37
num_leaves=31
num_cat=0
split_feature=41 2 25 24 23 38 39 0 12 0 16 0 0 39 40 23 15 17 24 40 3 17 0 2 31 38 15 2 15 38
split_gain=28.8862 23.6231 9.05672 7.57233 7.83048 6.63114 22.8857 10.2836 7.14259 17.0363 9.83517 12.929 6.76278 6.89616 6.47838 6.45095 5.838 5.81924 11.5082 7.00729 5.59243 5.57532 6.01245 5.96179 7.22864 9.41495 7.64297 7.36107 6.82426 5.41068
threshold=1.0000000180025095e-35 2.81578244746215 2.5000000000000004 7.4267013888888895 1.0000000180025095e-35 64.350000000000009 137.65000000000001 5307.0950000000012 11726.730000000001 4732.420000000001 1.5000000000000002 2823.1350000000007 1100.6450000000002 98.950000000000017 0.18403950040062897 1.0000000180025095e-35 167.50000000000003 8.5000000000000018 6.4297685185185189 0.15187558496690359 -0.77056117676606839 4.5000000000000009 4009.8850000000007 0.79300528280178695 17.500000000000004 59.650000000000013 90759.500000000015 1.2915270359394808 6459.0000000000009 15.450000000000001
decision_type=2 2 2 2 2 2 2 2 2 2 2 2 2 2 2 2 2 2 2 2 2 2 2 2 2 2 2 2 2 2
left_child=1 2 5 4 -3 6 8 16 -1 10 11 -10 13 -12 -13 20 -8 18 19 -18 -2 -20 23 28 25 26 27 -25 -23 -5
right_child=15 3 -4 29 -6 -7 7 -9 9 -11 12 14 -14 -15 -16 -17 17 -19 21 -21 -22 22 -24 24 -26 -27 -28 -29 -30 -31
leaf_value=-0.014373104963771685 0.0491508583463083 -0.035551649228688073 0.072271779004332778 -0.0044392761476482415 0.026739936719036569 -0.015737134926477648 -0.027227380786597262 -0.030964746988816329 -0.022789112695203256 -0.023216687646159778 0.089047893305040177 0.014029869560828743 0.006979465225626068 -0.027377883599565191 0.24180744144896474 0.060952198967038053 0.071266741920811255 0.0031576931615455829 0.0160513452028954 -0.02833416133773814 0.0013945515362919346 0.087072720627537029 -0.023579522254699576 0.22158834624902363 0.026993957548436864 -0.01915373830748833 -0.015112771205959538 0.067675451224572483 -0.0035848285585249906 0.031990616328329398
leaf_weight=177.37240576371551 9.4344571419060248 10.556876110844314 2.5309599190950385 11.774037858471273 8.0122301355004311 176.69241264276206 2.4678847193717948 5.3551125489175311 0.8148553622886564 24.359968570992351 4.624531619250777 0.55558861233293988 19.516599861904979 1.1343838060274718 0.54016326554119587 18.589801223017275 1.4139896435663128 7.1681216908618799 4.3063584603369263 5.5815080190077424 15.008142300881444 3.6371542559936705 0.84556233044713636 3.0077099781483394 2.3250278048217297 0.60425191465765227 0.42334748338907946 2.5039687221869826 3.6205941028892994 65.387122523039579
leaf_count=12982 218 433 13 337 113 13681 78 289 59 1782 239 43 1190 62 33 170 60 360 204 313 635 69 45 116 108 40 28 119 180 1277
internal_value=0 -0.00282108 -0.00761159 0.0196131 -0.00868101 -0.00822166 -0.00330304 0.0296362 -0.00962967 0.00665562 0.0332966 0.121242 0.0222874 0.0654569 0.188118 0.0392717 0.0387735 0.0439909 0.0538831 -0.00180656 0.0210351 0.0714544 0.0838397 0.0905217 0.117871 0.142316 0.159146 0.172796 0.04689 0.0264461
internal_weight=0 547.133 451.402 95.7303 18.5691 448.872 272.179 43.2606 228.918 51.5461 27.1861 1.91061 25.2755 5.75892 1.09575 43.0324 37.9055 35.4376 28.2695 6.9955 24.4426 21.274 16.9676 16.1221 8.86431 6.53928 5.93503 5.51168 7.25775 77.1612
internal_count=35276 34253 32093 2160 546 32080 18399 2009 16390 3408 1626 135 1491 301 76 1023 1720 1642 1282 373 853 909 705 660 411 303 263 235 249 1614
is_linear=0
shrinkage=0.05


Tree=38
num_leaves=31
num_cat=0
split_feature=23 24 2 24 2 3 19 21 41 13 24 15 0 21 19 15 15 15 38 24 19 13 24 24 38 21 21 21 11 38
split_gain=28.8831 27.0914 17.3366 8.36692 7.91743 7.32777 8.7631 17.4258 6.96677 6.57705 7.08119 5.87269 5.83518 5.81591 7.07208 8.85493 6.98078 6.70421 6.67803 5.87111 11.4965 10.8077 7.85115 11.4045 9.32004 6.20386 6.01492 6.6664 5.49444 5.23537
threshold=1.0000000180025095e-35 1.0000000180025095e-35 2.4171894894924812 7.4267013888888895 0.25486809548808337 1.1837660893100341 20.436689814814819 19.394768518518521 1.0000000180025095e-35 10.500000000000002 29.36061342592593 72064.000000000015 5307.0950000000012 0.037644675925925929 2.8061574074074076 54312.500000000007 27370.000000000004 11733.500000000002 43.45000000000001 16.386087962962968 12.790792824074076 11.500000000000002 19.415185185185191 27.090121527777779 16.050000000000004 21.589432870370374 5.8637384259259271 18.159218750000004 5.5000000000000009 109.75000000000001
decision_type=2 2 2 2 2 2 2 2 2 2 2 2 2 2 2 2 2 2 2 2 2 2 2 2 2 2 2 2 2 2
left_child=2 8 4 -4 9 -5 7 11 -2 -1 -11 -7 13 -6 15 16 17 18 28 -16 21 -21 -23 24 -24 -25 -26 -28 -15 -18
right_child=1 -3 3 5 12 6 -8 -9 -10 10 -12 -13 -14 14 19 -17 29 -19 -20 20 -22 22 23 25 26 -27 27 -29 -30 -31
leaf_value=-0.019047230591658661 -0.0025135361281049713 0.073479881834825775 -0.017874197656463958 0.11126973121353419 -0.022302999933914994 0.022196984160805185 -0.0091717267328900922 0.075983198482708708 0.05750329773443083 0.051683101286911053 -0.026863933677982767 -0.018220677961412624 -0.023801822869368744 0.071860285121071746 -0.016848721857488959 -0.020087203412638189 0.11623368098169806 -0.027779622385891153 0.0055901844516262622 -0.02454630312811179 -0.0058573688557824258 -0.0109606051172682 -0.019955486652733962 -0.011270323226755674 0.0082694211716459794 0.096577342164719165 0.20507439910196623 0.0067890916746899971 -0.015219152204281076 -0.019009588548887971
leaf_weight=6.725721935741606 32.960310528054833 24.083048624917865 15.182482988573609 1.2554306751117099 48.224872114136815 42.304810848087072 20.728881000541151 13.653078009374438 4.6522629987448445 13.53924770280719 2.9075776534155002 10.528115696273742 55.233809919096529 9.067354905419057 93.84773210529238 12.814153214916585 2.3285825410857792 5.4777050223201504 13.777180555276571 4.6040851762518313 138.84076899476349 2.7552194017916909 0.64747445750981381 4.0680344523862004 0.70332569256424937 0.86858291178941716 2.4964643605053429 0.56222093664109696 1.8304210063070048 0.59063023887574662
leaf_count=258 1839 169 681 59 3895 954 919 171 59 423 157 290 4294 398 7031 773 125 382 706 286 10591 187 47 273 42 11 144 23 78 39
internal_value=0 0.0332202 -0.00268062 0.0155466 -0.00718476 0.0214176 0.0188776 0.027629 0.00620687 0.0206559 0.0370532 0.013954 -0.00885034 -0.0063841 -0.00371774 0.0141235 0.0275794 0.0187151 0.0297166 -0.00704365 -0.00105798 0.0369083 0.0603783 0.0804356 0.131038 0.0207769 0.155759 0.17928 0.0571843 0.091002
internal_weight=0 61.6956 525.564 103.653 421.911 88.4703 87.2149 66.486 37.6126 23.1725 16.4468 52.8329 398.739 343.505 295.28 45.886 33.0719 30.1527 24.675 249.394 155.546 16.7054 12.1013 9.3461 4.40949 4.93662 3.76201 3.05869 10.8978 2.91921
internal_count=35304 2067 33237 3074 30163 2393 2334 1415 1898 838 580 1244 29325 25031 21136 2501 1728 1564 1182 18635 11604 1013 727 540 256 284 209 167 476 164
is_linear=0
shrinkage=0.05


Tree=39
num_leaves=31
num_cat=0
split_feature=1 2 19 25 24 14 34 15 19 38 13 17 12 39 16 19 31 17 13 13 38 24 1 47 14 38 39 39 25 15
split_gain=24.3862 23.6592 8.7374 7.83451 8.36317 7.71642 7.50837 8.12535 7.21062 12.522 12.5531 8.06616 8.19395 8.61722 6.28104 5.78912 8.51425 9.51992 8.54617 8.25198 6.08183 5.74198 5.67765 5.47678 5.45285 6.01484 15.1085 5.4027 5.28365 5.23387
threshold=5.2499931616306199 3.2431217894498432 14.424033564814817 2.5000000000000004 16.386087962962968 7312.0000000000018 1.0000000180025095e-35 1070.5000000000002 18.04981481481482 16.050000000000004 10.500000000000002 6.5000000000000009 1757.6050000000002 85.050000000000011 4.5000000000000009 4.8845254629629631 20.500000000000004 6.5000000000000009 9.5000000000000018 6.5000000000000009 442.30000000000001 36.072893518518526 8.3701874108950545 1.0000000180025095e-35 46306.975000000013 35.250000000000007 115.85000000000001 756.9000000000002 1.5000000000000002 8221.0000000000018
decision_type=2 2 2 2 2 2 2 2 2 2 2 2 2 2 2 2 2 2 2 2 2 2 2 2 2 2 2 2 2 2
left_child=2 3 5 4 15 -1 7 -3 9 -6 -11 21 -13 14 22 16 17 -2 19 -18 23 -12 -14 -17 -25 -26 -27 -9 -10 -30
right_child=1 6 -4 -5 8 -7 -8 27 28 10 11 12 13 -15 -16 20 18 -19 -20 -21 -22 -23 -24 24 25 26 -28 -29 29 -31
leaf_value=-0.010247289450701792 -0.016669015937435656 0.046156354874467675 -0.020699765689325265 0.068831730980346409 -0.018224596115725848 0.065331001084215953 0.046594602559851338 -0.0017604236356013145 -0.0078806987560636633 -0.017318428478645044 0.074726045875498123 -0.033639013546165185 0.14951083863979236 0.018792074989465547 -0.019714222704022271 -0.027293969706331772 0.011369808306301868 0.018781008817387135 -0.012712569473093597 0.14877846999671338 0.050684703294445646 -0.026339735786912732 -0.015201772243398122 -0.020102819353530921 -0.021168799968883364 0.17534708232318885 -0.0011978575086990641 0.051555392947674888 -0.025742312108081727 0.087075271845047528
leaf_weight=3.6623877957463327 85.582699655555189 13.551283380948005 3.9578357990831128 2.4787546172738066 23.385780306532979 22.15237982198596 22.546550648286939 46.292344379238784 143.65005710627884 13.216779598966239 13.704312780871986 4.8832764541730311 2.1150431623682415 21.739486455917358 0.63253469206392754 96.56170107703656 2.2227319097146387 23.34440646506846 3.4602674208581448 1.55871313996613 1.9638431863859285 1.0632098969072092 0.42185816448181856 8.825798540376125 2.3906920524314037 0.99351867754012335 3.0564258713275194 4.288062358275055 1.0234930049628013 1.8957150094211099
leaf_count=151 5885 120 260 13 1829 277 232 1110 11062 793 838 360 124 1260 40 7390 156 1233 205 69 135 68 25 679 167 74 246 31 67 115
internal_value=0 -0.00147808 0.0442655 -0.00600193 -0.00655639 0.0546263 0.0223334 0.0132195 0.000241672 0.0121122 0.0244926 0.037002 0.0208283 0.0323925 0.0987984 -0.0132604 -0.00533772 -0.00896991 0.0437557 0.0872797 -0.0212317 0.0662406 0.125567 -0.0229327 0.00463504 0.0366799 0.0682579 0.00367142 -0.00636913 0.051045
internal_weight=0 546.849 29.7726 460.171 457.692 25.8148 86.6782 64.1317 227.732 81.1623 57.7765 44.5597 29.7922 24.9089 3.16944 229.961 116.169 108.927 7.24171 3.78145 113.792 14.7675 2.5369 111.828 15.2664 6.44064 4.04994 50.5804 146.569 2.91921
internal_count=35014 34326 688 32833 32820 428 1493 1261 16581 5337 3508 2715 1809 1449 189 16239 7548 7118 430 225 8691 906 149 8556 1166 487 320 1141 11244 182
is_linear=0
shrinkage=0.05


Tree=40
num_leaves=31
num_cat=0
split_feature=41 25 2 3 39 38 40 38 21 19 21 19 17 0 0 24 2 39 38 15 19 17 38 17 15 20 24 0 14 0
split_gain=24.0539 15.5607 13.1629 8.82608 7.43355 8.11189 7.87016 6.87188 9.87517 11.4827 5.99483 9.48954 8.84117 7.6718 6.35956 7.35226 5.97001 5.52474 8.86134 8.59899 7.8975 10.0948 7.56787 6.89869 12.5068 7.3488 6.79167 5.42419 6.88677 11.5298
threshold=1.0000000180025095e-35 2.5000000000000004 2.582929053384841 1.2456925852098848 600.80000000000007 70.250000000000014 0.32318355803471577 13.350000000000003 9.9441087962962982 12.790792824074076 0.089456018518518532 4.8845254629629631 7.5000000000000009 2906.1900000000001 4402.8150000000014 1.9619791666666668 1.8517028422813187 201.95000000000002 108.85000000000001 6584.5000000000009 4.06441550925926 2.5000000000000004 60.150000000000013 4.5000000000000009 1675.5000000000002 3.5000000000000004 9.872158564814816 12071.415000000003 283205.79000000004 1966.2150000000004
decision_type=2 2 2 2 2 2 2 2 2 2 2 2 2 2 2 2 2 2 2 2 2 2 2 2 2 2 2 2 2 2
left_child=1 2 10 -4 5 6 -5 -2 -9 -10 13 12 17 -1 15 16 -15 19 -19 22 21 -20 23 24 -12 -26 -25 28 -13 -30
right_child=7 -3 3 4 -6 -7 -8 8 9 -11 11 27 -14 14 -16 -17 -18 18 20 -21 -22 -23 -24 26 25 -27 -28 -29 29 -31
leaf_value=-0.031152769250881115 0.059665995321114877 0.073930389436963867 0.10608857653943463 -0.0055095767535986162 0.05226237252906786 -0.015275014416582175 0.031068361504331302 -0.027135205499731471 0.074290398841698968 -0.0039148317693999046 -0.011231850003521881 -0.0080646301365049355 0.046719686038559687 0.14157685863857269 -0.015912876554647609 0.0033517714757711052 -0.017758729058038554 0.086111292068301398 0.067789157297569416 -0.020042898905295349 0.092593198375264363 -0.039461941987813845 -0.024853312962894253 -0.024277024726369868 0.14857643879212312 -0.018117495100197865 0.052369224172228113 -0.037366041935503379 0.1002958753152883 -0.0059521877932945839
leaf_weight=44.870836726389825 18.141554086469114 5.7532796412706366 1.5453492794185866 23.660427384078503 9.0092770885676128 27.899724718183279 36.744076739065349 7.4441399453207877 9.1872788136824983 8.5272790882736427 2.4621831066906479 260.48726239893585 13.388009896501897 1.3399439528584505 10.404133753851054 4.5204669591039419 0.51476235687732685 3.8287118142470709 1.95488459151238 32.372109095565975 1.0987841757014383 7.7439659833908081 6.0971450051292768 5.7870439449325186 3.0076688472181563 0.55110673513263453 4.0749561497941613 14.06803287565708 2.9879198018461448 6.8127346476539969
leaf_count=3668 175 30 70 765 75 969 770 288 127 488 97 20066 626 85 834 312 25 112 131 2216 87 531 366 276 185 36 58 1156 81 507
internal_value=0 -0.00149145 -0.00245287 0.0139044 0.0113763 0.00666636 0.0168844 0.0368505 0.0187466 0.038447 -0.00625135 -0.00379788 0.0110571 -0.0205521 0.00795377 0.04378 0.106625 0.0035667 0.0297827 -0.00389872 0.00420325 -0.013529 0.0197158 0.0372837 0.0752684 0.124451 0.00929868 -0.00812446 -0.00647035 0.0327266
internal_weight=0 532.985 527.232 98.8589 97.3135 88.3042 60.4045 43.3003 25.1587 17.7146 428.373 366.723 82.3666 61.6501 16.7793 6.37517 1.85471 68.9786 14.6263 54.3522 10.7976 9.69885 21.9801 15.883 6.02096 3.55878 9.862 284.356 270.288 9.80065
internal_count=35212 34134 34104 2649 2579 2504 1535 1078 903 615 31455 26531 4721 4924 1256 422 110 4095 861 3234 749 662 1018 652 318 221 334 21810 20654 588
is_linear=0
shrinkage=0.05


Tree=41
num_leaves=31
num_cat=0
split_feature=41 2 25 17 34 21 6 6 11 15 24 24 39 11 15 26 38 39 40 24 2 14 39 24 40 12 39 38 39 24
split_gain=22.3329 15.6141 6.5413 5.54417 5.35951 6.1637 6.47427 6.41044 6.03187 5.2374 4.89893 8.31882 14.6776 13.307 8.48907 6.2636 5.05275 11.0522 5.70701 4.93804 4.70466 4.66535 8.45572 5.00706 4.36978 4.24282 6.06237 6.75998 4.60322 4.01358
threshold=1.0000000180025095e-35 3.2431217894498432 2.5000000000000004 3.5000000000000004 1.0000000180025095e-35 1.0000000180025095e-35 1.0000000180025095e-35 1.0000000180025095e-35 5.5000000000000009 4194.5000000000009 20.206365740740743 21.92125578703704 238.05000000000004 2.5000000000000004 8370.5000000000018 1.0000000180025095e-35 38.550000000000004 137.65000000000001 0.85596919552403306 21.217835648148149 1.6700231766618254 33225.830000000009 156.95000000000002 9.872158564814816 1.1197680412584894 20054.305000000004 145.05000000000004 84.65000000000002 77.250000000000014 23.320318287037043
decision_type=2 2 2 2 2 2 2 2 2 2 2 2 2 2 2 2 2 2 2 2 2 2 2 2 2 2 2 2 2 2
left_child=1 2 10 -2 5 6 -3 8 9 -7 15 12 14 -14 19 16 17 -1 21 -12 -17 -19 23 -23 -11 26 -18 -28 -27 -13
right_child=3 4 -4 -5 -6 7 -8 -9 -10 24 11 29 13 -15 -16 20 25 18 -20 -21 -22 22 -24 -25 -26 28 27 -29 -30 -31
leaf_value=-0.0085880658935744859 -0.022520029064237831 -0.039615414530595167 0.064312581975165026 0.04183536465912821 0.040156740712860101 0.061177941782688011 0.026174967688854262 -0.024270669041732945 -0.028071499034287753 0.029914677648373758 0.080332948318321259 -0.025192318378077068 0.19942433298010925 -0.009917867590890226 -0.02390135716872643 0.0031097247920523433 -0.033805650165487762 0.020052968852711614 -0.013071167706309464 -0.0084106909497502682 0.12844915572667359 0.19554713855688216 0.0089609147274541615 0.021964312244757977 -0.020164430594797122 0.092057108352022854 0.012757602032941859 -0.019829732002984383 -0.0017090352168257926 -0.00041239560520604877
leaf_weight=94.390630373731256 3.0520749716088167 9.5622269380837661 2.3394734710454932 36.863492589443922 20.17853488214314 10.996888240799306 4.939969975501298 6.2908060923218718 3.653366024605929 18.498995237052444 3.639069873839615 17.293115336447954 1.200665709562599 1.0207815533503888 7.4987115431576967 1.7219122638925903 50.101065017282963 4.6007745750248414 3.1607101550325742 2.1038971608504653 0.39851007517427195 1.0117421541363003 1.8829859662801025 0.88154301419854153 4.8433890119194976 0.40495866537094372 20.546496167778969 61.769285213202238 18.686059880070388 153.4446250256151
leaf_count=7027 134 230 12 912 224 147 26 91 91 506 213 1291 81 65 564 84 3712 179 142 108 24 37 70 28 134 25 1146 4887 1362 11479
internal_value=0 -0.00186044 -0.00548162 0.0364844 0.0185002 0.0105192 -0.016962 0.0196947 0.0274102 0.0339402 -0.00599106 0.000201493 0.0341526 0.130011 0.0100714 -0.0104172 -0.0112305 -0.00281256 0.0413534 0.0513964 0.0602809 0.0610921 0.0964249 0.15025 0.0191221 -0.017059 -0.0202172 -0.0116402 0.00476294 -0.0030543
internal_weight=0 527.061 448.097 39.9156 78.9642 58.7856 14.5022 44.2834 37.9926 34.3393 445.758 186.201 15.4631 2.22145 13.2417 259.557 257.436 105.928 11.5378 5.74297 2.12042 8.37705 3.77627 1.89329 23.3424 151.508 132.417 82.3158 19.091 170.738
internal_count=35031 33985 32536 1046 1449 1225 256 969 878 787 32524 13801 1031 146 885 18723 18615 7483 456 321 108 314 135 65 640 11132 9745 6033 1387 12770
is_linear=0
shrinkage=0.05


Tree=42
num_leaves=31
num_cat=0
split_feature=41 6 25 39 38 39 19 24 19 24 38 40 39 31 11 19 31 24 3 17 17 40 39 17 19 19 40 3 19 38
split_gain=19.126 12.5366 11.0891 11.3313 12.2554 22.8189 9.31874 8.57737 8.39717 6.92589 6.82431 6.60151 6.51245 5.80764 5.02934 4.72757 6.76229 4.63436 4.57099 4.73778 4.78016 5.22423 4.5508 4.53037 4.32205 5.59955 10.4539 4.10951 3.95146 4.96675
threshold=1.0000000180025095e-35 1.5000000000000002 2.5000000000000004 418.65000000000003 63.750000000000007 147.35000000000005 24.202546296296301 40.896730324074078 1.769155092592593 24.100549768518523 64.850000000000009 1.159796027165432 67.250000000000014 22.500000000000004 4.5000000000000009 9.1286168981481506 12.500000000000002 9.9625520833333354 -0.69946660720130927 5.5000000000000009 11.500000000000002 0.82848042985809955 210.45000000000002 4.5000000000000009 33.930873842592597 33.102540509259264 0.20377016552911634 0.57939049587116276 3.3104918981481486 28.750000000000004
decision_type=2 2 2 2 2 2 2 2 2 2 2 2 2 2 2 2 2 2 2 2 2 2 2 2 2 2 2 2 2 2
left_child=1 2 3 4 5 7 9 13 23 15 -5 28 -10 24 17 16 -7 -12 -9 -20 21 -21 -18 -2 25 -1 27 -27 -11 -30
right_child=8 -3 -4 10 -6 6 -8 18 12 11 14 -13 -14 -15 -16 -17 22 -19 19 20 -22 -23 -24 -25 -26 26 -28 -29 29 -31
leaf_value=-0.006347724737587746 0.0023121733683341152 0.051063000525863184 0.068931804625424947 0.10103516769998389 -0.015905410407466715 0.072962273067718256 -0.015886187030347484 -0.02502251972707701 0.070699244939005437 0.010982770099654374 -0.0097397397025465286 -0.011058325811146985 -0.014017292990319497 0.049103953957662733 -0.037123229219368802 0.0016854403398158157 -0.0063203905968477391 0.041496732594239985 -0.0073230874914907602 0.15874427378579894 -0.016398202599817984 0.0033997797780107018 0.062292735537214733 0.057388844972935942 -0.030091012640921871 0.17034527555677581 -0.028677163557897206 -0.010362941631101845 0.010595703888056029 0.14958708447187177
leaf_weight=235.73431191593409 4.5360396122559932 9.8634084621444327 4.2751514315605155 1.9277286939322973 181.37057822104543 9.6306920088827663 7.2884878348559132 0.94395679235458363 1.7494151443243016 1.0933958571404208 5.7352683162316742 1.1978571293875573 11.973843431100248 3.6483042482286683 2.6719853170216075 9.2081577992066723 7.732404054142533 14.339897848665712 1.1576412636786693 1.5452568754553802 0.47446888033300627 0.7439950881525873 2.4162895334884524 22.646993169561028 18.399500389583409 0.58672249503433649 1.2978145340457556 0.25671219173818827 0.9439468653872608 3.3239205097779632
leaf_count=15525 98 116 23 12 13718 234 425 63 54 32 273 36 674 207 183 436 296 593 56 64 31 30 48 227 1494 48 94 19 19 80
internal_value=0 -0.00210382 -0.00321274 -0.00394595 -0.00563537 0.000451608 0.0338741 -0.00506229 0.0329878 0.0442325 0.0284497 0.088117 0.000850587 -0.00638828 0.0183028 0.0316952 0.0449126 0.0270914 0.0547885 0.0751814 0.102504 0.124641 0.0141378 0.0486063 -0.00736605 -0.00548969 0.0609225 0.139559 0.108531 0.126693
internal_weight=0 527.808 517.944 513.669 488.994 307.624 42.8352 264.789 40.9063 35.5467 24.6749 6.55912 13.7233 259.923 22.7472 28.9875 19.7794 20.0752 4.86532 3.92136 2.76372 2.28925 10.1487 27.183 256.275 237.876 2.14125 0.843435 5.36126 4.26787
internal_count=35208 34155 34039 34016 32955 19237 1606 17631 1053 1181 1061 167 728 17387 1049 1014 578 866 244 181 125 94 344 325 17180 15686 161 67 131 99
is_linear=0
shrinkage=0.05


Tree=43
num_leaves=31
num_cat=0
split_feature=9 6 39 38 39 19 17 13 13 3 25 15 11 15 38 19 19 0 17 40 34 19 38 38 10 17 0 0 31 40
split_gain=15.2395 12.2717 11.27 10.9638 22.3271 9.5621 9.47462 7.91352 6.75711 6.36132 6.27395 6.07891 7.51767 5.83313 5.74671 5.55301 5.26073 7.95057 5.98204 5.81924 5.25421 7.50526 6.31773 11.6504 5.08349 5.06514 4.97801 4.7728 4.69675 4.42012
threshold=1.5000000000000002 1.5000000000000002 431.70000000000005 64.350000000000009 159.35000000000005 26.993692129629633 6.5000000000000009 31.500000000000004 16.500000000000004 -2.0880284660549768 2.5000000000000004 6186.5000000000009 6.5000000000000009 155298.50000000003 62.650000000000013 0.026869212962962966 10.093015046296298 4402.8150000000014 7.5000000000000009 0.43139727784315884 1.0000000180025095e-35 7.8270543981481486 29.250000000000004 30.650000000000002 5605.8300000000008 7.5000000000000009 3276.3200000000006 2083.8550000000005 20.500000000000004 0.98509788553362276
decision_type=2 2 2 2 2 2 2 2 2 2 2 2 2 2 2 2 2 2 2 2 2 2 2 2 2 2 2 2 2 2
left_child=1 2 3 4 10 13 9 -8 16 -2 14 -5 -13 -6 20 -10 27 18 19 -18 29 25 -23 -24 -11 28 -16 -4 -22 -1
right_child=6 -3 8 11 5 -7 7 -9 15 24 -12 12 -14 -15 26 -17 17 -19 -20 -21 21 22 23 -25 -26 -27 -28 -29 -30 -31
leaf_value=-0.011105773519410292 0.049082187257031042 0.051386256792338075 -0.029968834627371772 -0.028446854653406246 0.055619239305328111 -0.03029679148187597 0.050700579102213594 -0.0070214760498910241 0.039769093118159377 -0.039753138741501715 0.066258753464200099 -0.010101275818926553 0.053908874542898215 -0.033023631373335666 0.0030358825276671133 -0.037370345032371931 0.017173203038826294 -0.024922441365279421 -0.018088015586020908 0.15940614932642849 0.0048105932634926914 -0.040677553642172744 0.14356858735246786 -0.0073499184788895422 0.016662678342353347 0.072395027939028953 0.10456740800911989 0.043195353135244918 0.072232149391226533 0.006437406536268564
leaf_weight=177.30895369965583 3.560705620795491 9.9246528195217234 2.3306036926805991 49.184470931068063 27.038730966858573 3.5203314935788503 30.945374549366534 7.0173819940537205 3.0075922673568121 9.0670506590977293 2.2535289004445067 123.4248712095432 3.7784015834331504 1.3506298698484887 2.7297664918005462 4.6128454450517893 1.218186818994581 0.95883484371006478 0.55211695935577143 2.7381134685128927 15.663181761279708 8.5665199030190724 0.53674972616135974 7.1262694131582975 5.8823531763628116 4.5883206669241181 1.256636183708906 6.6410308759659529 2.1351152360439292 44.250640689395368
leaf_count=12615 96 107 123 3695 782 214 655 315 46 456 12 9449 289 61 208 320 81 64 36 137 793 633 24 452 176 169 84 123 95 2838
internal_value=0 -0.00103754 -0.00218601 -0.00383651 0.0020104 0.0408668 0.0261286 0.0401243 0.0319587 -0.00316087 -0.00277901 -0.013681 -0.00779428 0.0504219 -0.00361562 -0.00584375 0.050996 0.0861383 0.109995 0.127912 -0.00461766 0.0121905 -0.0132471 0.0185734 -0.0179015 0.0304098 0.0495936 0.0230898 0.0163108 -0.00758881
internal_weight=0 506.697 496.772 474.713 298.325 31.9097 56.4729 37.9628 22.0593 18.5101 266.416 176.388 127.203 28.3894 264.162 7.62044 14.4389 5.46725 4.50842 3.9563 260.176 38.6162 16.2295 7.66302 14.9494 22.3866 3.9864 8.97163 17.7983 221.56
internal_count=35148 33450 33343 32413 18980 1057 1698 970 930 728 17923 13433 9738 843 17911 366 564 318 254 218 17619 2166 1109 476 632 1057 292 246 888 15453
is_linear=0
shrinkage=0.05


Tree=44
num_leaves=31
num_cat=0
split_feature=23 24 6 39 20 19 21 47 24 19 21 13 40 11 17 41 31 17 40 12 0 12 6 11 40 19 21 13 2 21
split_gain=15.8545 19.6586 11.755 6.1559 5.28294 11.8778 12.4759 6.83656 8.13837 9.30714 11.0619 13.0406 8.65874 8.21404 7.14496 6.74575 6.56316 6.91444 6.28319 6.13801 9.14686 6.02185 5.7176 5.54684 5.59448 5.54334 5.46016 5.36048 5.36 8.04473
threshold=1.0000000180025095e-35 1.0000000180025095e-35 1.5000000000000002 492.2000000000001 2.5000000000000004 8.2608796296296312 6.9328414351851864 1.0000000180025095e-35 14.963761574074075 2.8061574074074076 1.0000000180025095e-35 13.500000000000002 1.0433808175802513 2.5000000000000004 5.5000000000000009 1.0000000180025095e-35 8.5000000000000018 5.5000000000000009 1.2381533259338835 11500.530000000002 4948.7350000000015 3193.3050000000007 1.0000000180025095e-35 3.5000000000000004 0.3434942047132381 1.5167303240740744 16.503090277777783 15.500000000000002 0.79300528280178695 5.8637384259259271
decision_type=2 2 2 2 2 2 2 2 2 2 2 2 2 2 2 2 2 2 2 2 2 2 2 2 2 2 2 2 2 2
left_child=2 -2 3 4 7 6 -6 8 9 10 18 -12 25 19 23 22 17 -9 -1 -10 -21 -8 28 -15 26 -13 -25 -27 -16 -30
right_child=1 -3 -4 -5 5 -7 21 16 13 -11 11 12 -14 14 15 -17 -18 -19 -20 20 -22 -23 -24 24 -26 27 -28 -29 29 -31
leaf_value=-0.022597044861553322 0.0049503854591337023 0.067160280402809414 0.049117022176263112 0.027595397539805402 -0.018222569499180056 -0.02898107041893927 3.5972126474518521e-05 -0.032378969961370872 0.013190412662320343 -0.019610109168765613 0.0039229297993980047 0.04427819708148592 -0.022862919907037805 -0.0013503413412450998 -0.033558937317880864 0.048491786186924915 -0.022685511440254609 0.075346090877546693 0.047030310613707348 0.11209540002722272 0.018986916986379221 0.067574986985162164 0.051271754019676756 0.0061220076133613518 0.0054572035805728223 0.00081786724296840625 0.12882793588535479 0.15534563406128263 -0.043055754892987005 0.0056267109845773823
leaf_weight=28.786558153573427 34.734566408209503 19.179432839155197 10.717605589888988 16.487372376024723 16.800959417596463 50.024804395623505 5.0439948132261625 1.7292604409158219 102.9583847685717 70.826022977009416 25.457482511177659 6.0705910483375174 1.8256456879898895 7.7412060340866429 24.273723103106022 3.9149863459169856 47.101070389617234 2.7608409021049738 2.6952226515859357 3.1206484027206889 8.8549485225230438 8.5530753666535002 2.4529528645798555 1.4016315024346115 3.1997519293799996 0.6754068145528439 2.2505495408549905 2.6600644923746586 9.8389521036297065 38.312391275539994
leaf_count=2051 1886 160 121 649 1206 3841 227 116 7013 5353 1497 159 87 494 1756 141 3437 169 145 161 469 260 87 92 185 32 108 115 571 2527
internal_value=0 0.027901 -0.000383193 -0.0015499 -0.00260776 -0.0142143 0.0102359 -0.000238111 0.00229957 -0.00704022 0.00611392 0.0244687 0.0669094 0.00853521 -0.00247583 -0.00850029 -0.0170409 0.0355174 -0.0153717 0.0174261 0.0500186 0.0442395 -0.0120799 0.0285112 0.0581237 0.0848561 0.0931744 0.131461 -0.0148946 -0.00499437
internal_weight=0 53.914 506.536 495.818 479.331 80.4228 30.398 398.908 347.317 138.997 68.171 36.6892 11.2317 208.32 93.3861 78.793 51.5912 4.4901 31.4818 114.934 11.9756 13.5971 74.878 14.5931 6.85193 9.40606 3.65218 3.33547 72.4251 48.1513
internal_count=35115 2046 33069 32948 32299 5534 1693 26765 23043 9439 4086 1890 393 13604 5961 5082 3722 285 2196 7643 630 487 4941 879 385 306 200 147 4854 3098
is_linear=0
shrinkage=0.05


Tree=45
num_leaves=31
num_cat=0
split_feature=19 21 2 38 38 6 21 14 19 21 19 13 40 31 2 3 20 19 15 15 14 17 17 2 31 0 15 2 12 12
split_gain=15.586 29.8094 13.9296 12.5153 10.83 7.92049 7.16328 6.85434 13.5693 6.74664 12.701 10.4141 11.4727 10.3088 6.44128 7.0169 6.93867 6.41008 6.08569 5.86989 5.85237 5.64311 5.41569 7.17917 6.30847 5.31018 4.96998 5.16906 5.10017 14.4961
threshold=5.2524305555555566 7.7562557870370377 0.22048513365642161 72.950000000000017 23.950000000000003 1.0000000180025095e-35 0.35560763888888897 30119.955000000002 15.911203703703706 21.312384259259264 20.780341435185189 18.500000000000004 0.80292018723814218 10.500000000000002 0.72648060418120741 1.8135750540266267 1.5000000000000002 38.100017361111121 23491.000000000004 260737.50000000003 429787.44500000007 6.5000000000000009 8.5000000000000018 1.21463102553455 16.500000000000004 3175.6100000000001 6584.5000000000009 0.42246829030543642 5116.9850000000015 7880.5100000000011
decision_type=2 2 2 2 2 2 2 2 2 2 2 2 2 2 2 2 2 2 2 2 2 2 2 2 2 2 2 2 2 2
left_child=1 2 21 4 17 6 18 8 -6 26 -11 12 13 -12 -15 16 -16 19 -4 -2 -8 -1 23 24 -3 -19 28 -28 -9 -30
right_child=3 22 5 -5 7 -7 20 9 -10 10 11 -13 -14 14 15 -17 -18 25 -20 -21 -22 -23 -24 -25 -26 -27 27 -29 29 -31
leaf_value=0.0014774352022552915 -0.01806661522414808 0.026299324033641425 -0.027997373294370183 -0.018974018794485265 0.027428362749139026 0.031490049059086513 0.0032793905803705434 -0.035562060097096282 -0.021668942801545014 0.1045830040194104 -0.029068387715609118 -0.0064130084546736637 -0.0066433247946197718 0.019466490349613005 0.19746284344854334 0.0050285704827836885 0.047625564876491638 0.076186007316298321 -0.00071035615157594731 0.082442755785896854 0.097540794412928511 0.060512869955035499 0.081695506000490345 0.053821405316349671 -0.045519875737109507 -0.028008153050513102 0.047497656184781772 -0.022622610825090685 0.11816640007678565 0.0071465059058482428
leaf_weight=5.9081750791519907 76.313454822637141 10.182425331324337 45.694622219074517 119.70470117591321 21.995801440440118 14.433613421395419 69.951542557217181 2.3102623810991672 35.28739087190479 4.7332469588145605 1.3356220498681084 15.62992193829268 5.4147154996171585 2.2490883124992251 2.4749907739460468 1.0601731268689034 2.0551283499225974 2.5533250486478205 36.426607414148748 0.50760328397154708 0.68936412967741389 12.218772820197044 8.8651203736662847 21.647696059197187 3.2254397943615905 1.2238536216318605 2.1343720387667444 16.529650380834937 2.8959460081532589 12.587503587827085
leaf_count=149 5508 232 3337 9826 1366 200 4519 148 2480 84 94 1066 376 133 149 23 146 220 2582 41 41 142 85 249 91 96 129 1202 127 535
internal_value=0 0.0107985 0.00193033 -0.00615188 0.0012371 -0.00267812 -0.00609027 0.0102104 -0.00266925 0.0204362 0.0358173 0.0220418 0.0509813 0.0822996 0.102416 0.12777 0.150392 -0.0130404 -0.0160478 -0.0163516 0.00554794 0.0423545 0.0473416 0.036629 0.00706203 0.0436299 0.00512744 -0.0125962 0.023399 0.0338202
internal_weight=0 229.243 185.323 328.997 209.292 167.196 152.762 128.694 57.2832 71.4106 34.9529 30.2196 14.5897 9.175 7.83938 5.59029 4.53012 80.5982 82.1212 76.8211 70.6409 18.1269 43.9207 35.0556 13.4079 3.77718 36.4577 18.664 17.7937 15.4834
internal_count=35376 11627 10970 23749 13923 10679 10479 8058 3846 4212 2071 1987 921 545 451 318 295 5865 5919 5549 4560 291 657 572 323 316 2141 1331 810 662
is_linear=0
shrinkage=0.05


Tree=46
num_leaves=31
num_cat=0
split_feature=23 3 34 15 15 19 21 21 15 3 3 0 40 21 19 3 14 15 15 15 16 14 12 3 17 0 19 21 20 0
split_gain=13.6557 10.8811 10.2909 6.03875 9.47153 8.82203 16.5615 8.26936 5.71383 5.53919 5.46688 5.4671 5.42553 5.39389 10.9694 14.1753 10.8365 9.14951 15.1094 6.85009 8.01747 5.32871 9.17143 12.7619 8.93816 6.788 12.3178 7.13095 5.32523 5.12936
threshold=1.0000000180025095e-35 4.6584016898942666 1.0000000180025095e-35 9389.5000000000018 7930.5000000000009 4.9688136574074084 3.213726851851852 4.9774305555555562 23491.000000000004 1.8574835372230856 -0.8912916445510034 307.37500000000006 0.033003257884480205 21.589432870370374 29.239780092592596 -0.44337661837674891 91337.470000000016 83683.500000000015 148168.50000000003 63659.500000000007 3.5000000000000004 48352.935000000005 2490.3950000000009 0.74988945924890649 9.5000000000000018 7253.2500000000009 2.1672627314814821 15.214253472222223 3.5000000000000004 3080.3700000000003
decision_type=2 2 2 2 2 2 2 2 2 2 2 2 2 2 2 2 2 2 2 2 2 2 2 2 2 2 2 2 2 2
left_child=1 3 -2 4 5 6 -1 -6 -5 28 11 -8 -12 21 15 -15 17 -17 29 20 -18 22 -10 24 -24 26 -25 -28 -9 -19
right_child=2 -3 -4 8 7 -7 10 9 13 -11 12 -13 -14 14 -16 16 19 18 -20 -21 -22 -23 23 25 -26 -27 27 -29 -30 -31
leaf_value=-0.0028904002088931463 0.009433703470714587 0.038360569758231218 0.0552563297490547 -0.018547836718746904 -0.014082016720075363 -0.0071460180524563184 0.048676642523491576 0.079306449268754575 -0.011969283807351778 -0.017031374155639302 -0.013890041584434519 -0.031466423482624808 0.066811255999965347 -0.022897713954571425 -0.013194853028221258 0.0019741567803132527 0.20208596990888761 0.14705700355577325 -0.01596267766968161 0.039705580902139076 -0.013846823920026891 -0.024799138701801324 -0.012793546862888194 0.15410775000469612 0.097691128746868208 -3.6258168836236188e-05 -0.034637398628549747 0.083116496932063966 -0.024447780267011863 0.030955487182535997
leaf_weight=48.572996260598302 34.586341312155128 16.507951602339745 18.437751600518823 73.243544704746455 5.1325298715382841 120.91436713561416 2.8822090802714255 10.51267207972705 67.570986754260957 1.761012298054992 1.9947927249595547 3.7281340667977929 17.715079667977989 9.7747318577021343 29.653046178631485 13.925750056281691 1.3752659196034063 3.047422784380613 3.3024341575801373 3.0837904186919332 0.37620081659406412 34.212404209189117 18.02546919789166 2.8632295569404942 1.0259333299472917 2.7064015436917543 2.1475110650062565 1.2245395146310327 0.93019766360521394 2.1049473965540528
leaf_count=2919 1723 127 370 5834 362 8126 52 701 4962 43 103 135 513 761 2527 922 80 228 221 160 31 2374 1418 154 79 68 161 75 68 95
internal_value=0 -0.000364735 0.0260952 -0.00176248 0.00449441 0.00119146 0.014569 0.0378797 -0.00672941 0.0576474 0.0457162 0.00528168 0.0583673 -0.00225079 0.00922521 0.0270722 0.0451947 0.0278909 0.0658542 0.106782 0.16753 -0.00816949 -0.00202083 0.0215778 -0.00226855 0.067503 0.0927715 0.0173544 0.0695852 0.112366
internal_weight=0 500.316 53.0241 483.808 214.144 195.808 74.8932 18.3364 269.664 13.2039 26.3202 6.61034 19.7099 196.42 66.6436 36.9905 27.2158 22.3806 8.4548 4.83526 1.75147 129.776 95.5641 27.9931 19.0514 8.94168 6.23528 3.37205 11.4429 5.15237
internal_count=35392 33299 2093 33172 13022 11848 3722 1174 20150 812 803 187 616 14316 5025 2498 1737 1466 544 271 111 9291 6917 1955 1497 458 390 236 769 323
is_linear=0
shrinkage=0.05


Tree=47
num_leaves=31
num_cat=0
split_feature=2 3 25 1 19 19 1 21 19 25 13 26 19 21 31 24 15 14 14 9 39 21 2 3 40 36 40 19 14 12
split_gain=15.2829 11.342 9.28205 8.38352 8.16416 14.4497 8.95438 7.35401 22.2149 9.25034 7.60221 7.16365 8.13313 14.4575 11.8192 8.19146 7.43896 8.98317 6.32288 6.8669 10.036 5.99559 5.90423 7.44599 9.02086 6.67791 10.5846 6.20429 5.77668 6.9284
threshold=0.25486809548808337 4.6584016898942666 2.5000000000000004 6.6071973337601682 17.028998842592596 14.258877314814816 5.1529736144276326 16.503090277777783 13.276649305555557 1.5000000000000002 9.5000000000000018 1.0000000180025095e-35 4.8845254629629631 3.3163194444444448 20.500000000000004 3.5733391203703708 84381.000000000015 14758.085000000001 5903.1450000000013 1.0000000180025095e-35 142.75000000000003 34.927974537037045 1.4455111780570542 -0.34255911035749748 0.53228148869054104 1.0000000180025095e-35 0.70693232270049544 23.408582175925929 27588.920000000002 5116.9850000000015
decision_type=2 2 2 2 2 2 2 2 2 2 2 2 2 2 2 2 2 2 2 2 2 2 2 2 2 2 2 2 2 2
left_child=4 2 3 -2 5 6 -1 11 10 21 -9 12 13 14 -5 -16 17 18 -15 20 -20 22 23 24 -10 -26 -27 -25 -24 -30
right_child=1 -3 -4 7 -6 -7 -8 8 9 -11 -12 -13 -14 16 15 -17 -18 -19 19 -21 -22 -23 28 27 25 26 -28 -29 29 -31
leaf_value=0.050832404257438339 -0.016758940793396272 0.039526138254410204 0.065996610124244168 -0.013593835839601429 -0.020438356401391043 0.176592863446869 -0.011460697572657368 0.0028772203514900417 -0.036067396390937596 0.066577104618245078 0.074775210605755163 0.066959446408380557 -0.018248901035473004 -0.022218448208358992 0.092459885190195379 -0.0055204463056043075 -0.024119038663045676 0.022333954690174095 0.017333542038989711 0.027123443407330885 0.20891334970695283 -0.019760150879997225 -0.027728557092314365 0.0048771323650364231 -0.0038317383115177429 0.16020847343036926 0.0085437999212106611 0.04292342505057023 0.037299600206112463 -0.012112852489567942
leaf_weight=18.943929315544672 91.226706133689731 15.599416347220538 3.9016638733446589 92.538203509990126 5.2742924038320771 0.97899448964744706 7.6673873774707308 4.9674459164962199 12.751224141567947 4.2402724409475914 14.111441285349427 2.3288823245093218 93.084237609989941 0.75617656763643282 3.6799826677888623 3.7245009047910571 4.8937401026487342 22.415316632017493 1.2122424496337774 2.3639943702146411 1.4942054813727734 32.311073393560946 21.541310619562864 19.533588375896215 9.670421436429022 0.89953495562076469 3.2285710265859962 23.53335084579885 10.11678656563163 18.710675696842372
leaf_count=262 7148 125 22 6391 328 51 330 115 1041 182 242 92 6772 41 166 168 237 1011 87 47 71 2701 1389 1531 761 67 254 1841 596 1123
internal_value=0 -0.00113812 -0.00248522 -0.00315652 0.0335366 0.0442087 0.0331192 -5.19972e-05 0.00761787 0.00125878 0.0571312 -0.00595447 -0.00699675 0.00095119 -0.00856836 0.0483824 0.0290736 0.0388004 0.0895967 0.107185 0.150931 -0.000982264 0.00419599 0.0135491 -0.00712919 0.0202428 0.066389 0.0261693 -0.00874342 0.00589722
internal_weight=0 514.835 499.236 495.334 32.8646 27.5903 26.6113 404.107 175.616 156.537 19.0789 228.491 226.163 133.078 99.9427 7.40448 33.1357 28.2419 5.82662 5.07044 2.70645 152.297 119.985 69.6167 26.5498 13.7985 4.12811 43.0669 50.3688 28.8275
internal_count=35192 34221 34096 34074 971 643 592 26926 11843 11486 357 15083 14991 8219 6725 334 1494 1257 246 205 158 11304 8603 5495 2123 1082 321 3372 3108 1719
is_linear=0
shrinkage=0.05


Tree=48
num_leaves=31
num_cat=0
split_feature=0 2 19 38 15 19 24 38 24 19 25 2 33 15 38 12 19 40 24 40 38 15 13 40 0 38 13 40 11 19
split_gain=14.0222 11.3524 9.14399 7.063 10.4989 7.30137 6.91147 6.64387 5.87477 7.7895 5.48212 4.90008 4.85711 4.89708 4.78912 4.57145 6.60046 6.91963 8.89046 8.8393 8.70108 8.37585 9.87261 6.78552 7.32399 11.1303 7.94037 5.76888 6.66224 6.42047
threshold=189.56500000000003 1.8320688648099643 29.55813078703704 47.850000000000001 66904.000000000015 0.13513888888888892 21.764444444444447 57.350000000000001 30.046371527777783 19.182482638888892 2.5000000000000004 1.6276629721611506 0.032522474881015347 104906.50000000001 40.550000000000004 11313.460000000001 33.244577546296306 0.078581882063433334 13.164380787037038 0.3434942047132381 120.35000000000001 432.50000000000006 28.500000000000004 0.57489191124803096 2389.5750000000003 48.350000000000001 28.500000000000004 0.92156620895317898 4.5000000000000009 24.009386574074078
decision_type=2 2 2 2 2 2 2 2 2 2 2 2 2 2 2 2 2 2 2 2 2 2 2 2 2 2 2 2 2 2
left_child=6 10 3 4 -3 -5 7 -1 -6 -10 11 15 13 -4 -14 -2 17 -17 -19 21 23 -20 -23 -21 26 -26 -25 28 29 -27
right_child=1 2 12 5 8 -7 -8 -9 9 -11 -12 -13 14 -15 -16 16 -18 18 19 20 -22 22 -24 24 25 27 -28 -29 -30 -31
leaf_value=0.059519122674850392 -0.0056554915251710025 0.03738422400863544 -0.043707895792961964 0.022537931144297727 -0.021093453110054696 -0.0096885275594667496 -0.02003689519295546 -0.014440127110846322 -0.029479338794468835 0.11169041419199122 0.061350411589600834 -0.025884538146965688 0.082681131216244763 0.040844905509676344 -0.027393223518401712 -0.015122661530586468 -0.037160107771058208 -0.0030471069764377965 -0.020005060847950881 -0.015359124395133148 -0.028940612867950674 0.13432536946144097 0.0013893720239806365 0.11387406421935231 -0.036685620839848901 0.19452304860997593 -0.00061519986048346137 0.0080981262065428199 -0.016849476622522886 -0.012502202406953459
leaf_weight=18.980185183696456 262.02851032000035 56.563647081609815 12.268731331452726 31.292093888390809 13.707923742942514 37.684079479426146 3.7645204039290538 3.1745760058984152 1.1884833704680198 1.1470070779323576 2.2419388592243186 22.887609396129847 1.0930480407550924 1.1686465749517072 1.1678691580891607 17.026147067081183 6.4612677088007322 23.65448516048491 1.3967968858778466 4.4630982419475975 5.9341122237965456 4.6319034500047565 1.8852324895560739 5.0872326409444204 4.2447414603084308 0.83603256940841653 2.0017474247142673 2.4110939130187035 0.49637361057102669 0.32663572579622269
leaf_count=286 20685 1861 840 592 637 2174 232 152 57 23 12 1821 42 80 87 1339 569 1652 41 277 488 274 137 207 269 56 137 189 37 23
internal_value=0 0.00138749 0.0125872 0.016622 0.0274025 0.00504465 0.0383909 0.0487555 -0.00791836 0.0525515 -0.00342016 -0.00398334 -0.022619 -0.0340346 0.0348585 -0.00245042 0.00787829 0.0122309 0.0204689 0.0365802 0.0207945 0.0799387 0.101171 0.036325 0.0513233 0.0161643 0.0854658 0.0676461 0.118596 0.157474
internal_weight=0 525.296 157.282 141.583 72.6071 68.9762 25.9193 22.1548 16.0434 2.33549 368.015 365.773 15.6983 13.4374 2.26092 342.885 80.8569 74.3956 57.3695 33.715 25.8011 7.91393 6.51714 19.867 15.4039 8.31488 7.08898 4.07014 1.65904 1.16267
internal_count=35276 34606 6393 5344 2578 2766 670 438 717 80 28213 28201 1049 920 129 26380 5695 5126 3787 2135 1683 452 411 1195 918 574 344 305 116 79
is_linear=0
shrinkage=0.05


Tree=49
num_leaves=31
num_cat=0
split_feature=23 24 2 15 39 39 20 21 18 15 40 24 2 33 0 15 24 21 24 15 11 0 39 39 13 24 0 21 15 24
split_gain=11.6569 21.4654 9.8356 6.55191 6.75599 6.01313 6.4951 5.35975 6.71638 7.308 6.41832 6.97139 5.79139 5.18045 5.96622 4.78823 4.69696 5.89885 8.8064 6.26444 6.90043 9.43376 9.32077 6.09808 5.43866 7.43315 5.52987 5.98489 5.60205 5.37036
threshold=1.0000000180025095e-35 1.0000000180025095e-35 18.681431251286991 85187.000000000015 520.60000000000002 322.75000000000006 2.5000000000000004 1.1262615740740742 1.0000000180025095e-35 260737.50000000003 0.51488517957495328 18.066562500000003 1.1895902122092745 0.072751322751322761 108.27000000000002 619.50000000000011 10.855173611111114 11.087783564814815 21.764444444444447 65892.500000000015 2.5000000000000004 1966.2150000000004 128.65000000000001 163.05000000000004 15.500000000000002 2.0436111111111117 189.56500000000003 9.6631539351851874 4508.5000000000009 23.206012731481483
decision_type=2 2 2 2 2 2 2 2 2 2 2 2 2 2 2 2 2 2 2 2 2 2 2 2 2 2 2 2 2 2
left_child=2 3 5 4 -2 6 7 13 9 16 11 -11 -10 14 -1 -8 24 18 19 20 22 23 -18 -22 -9 -26 -27 -28 -29 -19
right_child=1 -3 -4 -5 -6 -7 15 8 12 10 -12 -13 -14 -15 -16 -17 17 29 -20 -21 21 -23 -24 -25 25 26 27 28 -30 -31
leaf_value=0.03500248039177721 -0.018255533090549964 0.067695104981593451 0.036114918947840365 0.038798178012249648 0.07051398258530199 0.015175321634338115 0.013990654823294146 -0.027992119751956968 -0.0014085344282298543 -0.01529321349860821 -0.021163666552665272 0.1820824649852025 0.054844447345247516 0.029107753640870666 -0.02098209332807514 -0.02335132451227255 0.14992886442815501 -0.012395374795134986 -0.012697617026973754 -0.017697210097441986 0.090018017594786615 -0.029998171684697556 0.020306117441020073 -0.020795776848685152 0.076348719492433534 0.083268091059874649 -0.025798253783233124 -0.033483583837485807 0.053625306474840068 0.0052030354031165661
leaf_weight=4.2110494356602421 26.060385178774599 16.563034325838089 15.228395867161451 7.3582162624225012 1.3471150910481799 38.737551406957209 9.2019335431978089 31.899282650090754 8.1270376350730675 0.43257374502718338 0.71685327775776386 0.50658030714839697 9.3276127204298955 5.6175918825902036 69.820007431320846 64.58574795583263 2.6514496868476334 70.945519421249628 10.650505759753285 2.997332837432622 3.8883708212524635 3.8726870138198137 2.8223352320492268 1.2297745198011396 2.0130313732661334 0.63041792344302194 18.846509504131976 1.9424425913020957 4.6006621024571359 108.13800158724189
leaf_count=50 1547 159 122 315 31 2172 331 2567 234 36 59 39 151 253 5468 5000 161 5292 662 218 184 183 140 77 139 24 1368 153 381 7826
internal_value=0 0.0226399 -0.00217595 -0.000117816 -0.0115638 -0.00346757 -0.00514081 -0.00238942 0.000815633 -0.00118344 0.0813546 0.130167 0.0299955 -0.0137749 -0.0173735 -0.0185697 -0.00199663 0.00158483 0.0224611 0.0434316 0.0564239 0.0247727 0.0965547 0.0643449 -0.0142011 0.00191545 -0.00645557 -0.0117543 0.0267547 -0.00179885
internal_weight=0 51.3288 493.641 34.7657 27.4075 478.413 439.675 365.888 286.239 268.784 1.65601 0.939154 17.4547 79.6486 74.0311 73.7877 267.128 207.196 28.1125 17.462 14.4646 8.99083 5.47378 5.11815 59.9323 28.0331 26.02 25.3896 6.5431 179.084
internal_count=35342 2052 33290 1893 1578 33168 30996 25665 19894 19509 134 75 385 5771 5518 5331 19375 14743 1625 963 745 444 301 261 4632 2065 1926 1902 534 13118
is_linear=0
shrinkage=0.05


Tree=50
num_leaves=31
num_cat=0
split_feature=41 3 19 21 25 38 19 34 17 14 10 23 21 3 23 6 19 38 38 13 39 39 0 3 3 17 40 3 3 19
split_gain=13.1828 10.0463 8.0984 15.4143 7.10781 6.30392 5.72342 5.57839 5.4473 5.13893 4.629 4.2263 4.20686 4.19019 4.09899 3.9448 4.76291 3.80819 4.31633 3.77518 8.29683 7.52756 9.20555 9.84703 11.2419 8.77337 7.16178 5.86801 9.78585 5.84306
threshold=1.0000000180025095e-35 1.603011741098838 4.9688136574074084 4.9774305555555562 1.5000000000000002 69.65000000000002 12.790792824074076 1.0000000180025095e-35 4.5000000000000009 59084.150000000001 1307.6000000000001 1.0000000180025095e-35 15.214253472222223 1.6835916897396341 1.0000000180025095e-35 1.0000000180025095e-35 -1.0000000180025095e-35 16.050000000000004 48.850000000000001 16.500000000000004 163.95000000000002 196.55000000000004 5575.2100000000009 -0.22129364334224019 -0.12024538817194771 8.5000000000000018 0.81548143118443506 -0.40913920619865507 0.42315733521236809 11.534855324074075
decision_type=2 2 2 2 2 2 2 2 2 2 2 2 2 2 2 2 2 2 2 2 2 2 2 2 2 2 2 2 2 2
left_child=1 4 3 7 19 9 8 13 11 -4 -8 -2 14 -3 -6 16 -15 -14 -19 21 -21 25 23 -23 -25 -1 27 -27 29 -29
right_child=6 2 5 -5 12 -7 10 -9 -10 -11 -12 -13 17 15 -16 -17 -18 18 -20 20 -22 22 -24 24 -26 26 -28 28 -30 -31
leaf_value=-0.0087379188367202147 -0.034029379915646502 0.059879248399107937 -0.0093843837686348949 0.067935423389761593 -0.029177453050488068 -0.032745459649547753 -0.026743465775243072 0.037407053022976137 0.051240610088184813 0.031922569587110497 0.049976725291654825 0.041419999443940481 -0.024515582950068133 -0.038032971328373022 0.048103820785199689 0.021745568753376826 0.020382979600387919 0.098029305446184434 0.0050876490006651629 -0.0040772522399187732 -0.028477868929476732 -0.0025588840412038016 -0.037407202154113924 0.13012286024117345 0.028976919207138914 -0.0088796461229147215 -0.03114608254963161 0.0051950180914197945 0.00079469025133475826 0.19507274218173454
leaf_weight=179.22728561703116 3.4719957988709238 1.2476968336850429 15.64297677204013 14.894424844533203 3.6432968610897642 11.383812845684586 6.3248763559386116 9.9294699542224389 21.732923618517816 12.931369027588515 1.7005091812461612 2.1772119458764791 0.73071797192096699 12.649547527544202 1.7216317988932131 5.668010792694985 3.9734125016257194 3.4653015378862619 1.8932842668145893 112.56554405996576 49.729305447544903 21.743944662157446 6.5354059473611406 2.3186063482426134 23.238616438116878 1.3923815963789818 1.5891999350860713 0.56306777056306545 1.5236180829815564 1.2385553885251281
leaf_count=14001 151 70 555 140 276 588 405 118 386 254 64 25 34 353 10 41 154 68 135 8721 4056 1628 561 163 1680 107 124 25 96 90
internal_value=0 -0.00140221 0.0138097 0.0273581 -0.00467985 -0.00285591 0.0297559 0.00785274 0.0403166 0.00975646 -0.00675096 -0.00309497 0.0325562 -0.0056307 -0.00071622 -0.011711 -0.0237054 0.0578365 0.0711558 -0.00581992 -0.0116825 -0.00181296 0.0144814 0.0222766 0.0427073 -0.00659339 0.0472052 0.0744301 0.103302 0.158766
internal_weight=0 501.44 88.3207 48.3626 413.12 39.9582 35.4075 33.4681 27.3821 28.5743 8.02539 5.64921 11.4542 23.5387 5.36493 22.291 16.623 6.0893 5.35859 401.666 162.295 239.371 53.8366 47.3012 25.5572 185.534 6.30682 4.71762 3.32524 1.80162
internal_count=35079 34048 2273 876 31775 1397 1031 736 562 809 469 176 523 618 286 548 507 237 203 31252 12777 18475 4032 3471 1843 14443 442 318 211 115
is_linear=0
shrinkage=0.05


Tree=51
num_leaves=31
num_cat=0
split_feature=23 24 12 19 39 38 38 39 40 39 40 38 14 40 15 11 14 14 11 24 15 21 40 15 15 13 31 14 12 12
split_gain=11.5701 16.7354 6.85974 6.0674 5.00618 13.4718 6.76655 10.0383 7.59489 6.92816 9.14624 6.07748 6.27393 7.84943 5.78538 8.61249 5.70314 8.19877 5.21697 6.13541 5.20105 9.34894 5.22122 5.12748 6.25203 6.67196 9.15596 9.53488 7.22935 8.53169
threshold=1.0000000180025095e-35 1.0000000180025095e-35 94732.095000000016 23.914004629629634 256.15000000000003 58.45000000000001 72.950000000000017 145.75000000000003 0.10168889711114308 173.35000000000005 0.055113197309053126 161.05000000000004 24291.770000000004 0.60215898320840644 10462.500000000002 2.5000000000000004 12580.715000000004 16412.400000000005 4.5000000000000009 26.324704861111115 8221.0000000000018 9.9441087962962982 0.49885089756152584 23491.000000000004 58714.500000000007 18.500000000000004 9.5000000000000018 8478.4750000000004 4333.7750000000015 968.85500000000013
decision_type=2 2 2 2 2 2 2 2 2 2 2 2 2 2 2 2 2 2 2 2 2 2 2 2 2 2 2 2 2 2
left_child=2 -2 4 -4 6 -6 7 14 9 10 -9 -8 13 -13 15 -1 -10 18 19 -18 -17 -22 -23 -16 25 26 -25 -28 29 -29
right_child=1 -3 3 -5 5 -7 11 8 16 -11 -12 12 -14 -15 23 20 17 -19 -20 -21 21 22 -24 24 -26 -27 27 28 -30 -31
leaf_value=0.023215903286073453 0.0049345655986080504 0.066183905955472092 0.04513657643149762 -0.034647326169624036 0.073748461954676048 0.0032161356538861021 -0.019235638265313212 0.0021562460335779444 -0.021011380520419315 0.00085927794722156299 0.19982473430577607 0.083495304257603459 -0.015205194455650176 -0.01177940523213796 -0.02712343398204389 -0.0090767061312334741 0.12706480656689606 0.012942079455070499 -0.024355078198324692 -0.0055724759278106923 -0.030518807208133422 0.10532198556391473 0.0016990673448742646 -0.017620744534580221 -0.012431614035617905 -0.018412680255285814 -0.034535969742495363 -0.023608279818844072 0.018874875869222499 0.12032898806005597
leaf_weight=40.298228061757982 34.841037486679852 15.529960658401249 12.651348355691878 2.115259632933884 6.6879147170111528 57.617584499064833 89.478958440478891 0.90066092461347513 7.9258237718604496 1.5303616719320414 0.79645575862377882 4.1106040878221384 8.5188693171367031 3.3673219992779195 33.178796113934368 72.722312067169696 2.8982255468145008 28.601015695370734 0.63149808906018723 1.0182697726413605 3.0284872828051439 2.7407715385779738 1.8501232983544467 6.3077905699610772 74.619325240142643 9.7133640996180457 2.055962122976779 0.87061284575611164 5.108528676442802 5.6550521869212389
leaf_count=2493 1932 161 393 153 82 3879 7489 55 430 65 48 298 636 254 2773 4351 97 1256 12 46 225 170 119 411 5772 722 159 76 362 406
internal_value=0 0.0247392 -0.000209549 0.0322352 -0.00129006 0.0115686 -0.00334043 0.000474198 0.0221876 0.0863988 0.134616 -0.0141806 0.0135632 0.044264 -0.00332338 0.00464899 0.0152086 0.0242304 0.0800912 0.0984605 -0.00483482 0.0320073 0.0713353 -0.0103008 -0.0047442 0.0143387 0.0303659 0.0521704 0.0690136 0.10054
internal_weight=0 50.371 487 14.7666 472.233 64.3055 407.927 302.452 44.3023 3.22748 1.69712 105.476 15.9968 7.47793 258.149 120.64 41.0748 33.149 4.54799 3.9165 80.3417 7.61938 4.59089 137.509 104.331 29.7113 19.9979 13.6902 11.6342 6.52567
internal_count=35325 2093 33232 546 32686 3961 28725 20048 2009 168 103 8677 1188 552 18039 7358 1841 1411 155 143 4865 514 289 10681 7908 2136 1414 1003 844 482
is_linear=0
shrinkage=0.05


Tree=52
num_leaves=31
num_cat=0
split_feature=38 39 15 39 38 14 39 40 40 15 19 40 24 40 36 1 31 12 39 10 23 36 40 3 33 31 3 21 39 40
split_gain=11.6396 24.4148 8.99339 8.3423 7.11699 6.26484 12.0502 7.91921 7.25544 6.17986 11.7811 11.2005 7.97974 7.40741 6.37118 8.37693 7.58407 12.9254 8.918 6.4047 6.01058 5.96016 8.37615 5.96518 5.73902 5.68333 5.65845 9.94549 10.3257 13.1056
threshold=64.350000000000009 137.65000000000001 9724.5000000000018 234.15000000000001 161.05000000000004 154320.10500000001 107.85000000000001 0.45143975924282248 1.1293916864852374 8221.0000000000018 31.13651620370371 0.14777588964188465 23.320318287037043 0.56456879548665306 1.0000000180025095e-35 6.6580046273443143 14.500000000000002 34934.875000000007 118.75000000000001 3021.5450000000005 1.0000000180025095e-35 1.0000000180025095e-35 0.55359368311347279 -0.82858126331854953 0.057983193277310933 9.5000000000000018 0.58859187866892448 13.592899305555557 367.25000000000006 0.32863146942355154
decision_type=2 2 2 2 2 2 2 2 2 2 2 2 2 2 2 2 2 2 2 2 2 2 2 2 2 2 2 2 2 2
left_child=1 2 9 20 -2 -4 -7 -8 25 13 11 12 -11 -1 -15 -16 -17 18 19 -18 -3 22 23 -6 -23 -9 27 28 29 -25
right_child=4 3 5 -5 21 6 7 8 -10 10 -12 -13 -14 14 15 16 17 -19 -20 -21 -22 24 -24 26 -26 -27 -28 -29 -30 -31
leaf_value=-0.0042341689083907055 -0.015848307433608023 0.01592944808574074 -0.012304126923187168 0.067077580898348865 -0.019623393322503697 -0.0048476741184003483 -0.015859730457331443 0.012911288863014632 -0.015802889059297748 0.10822344367767817 0.1470372242701932 -0.03100902269440068 -0.022126273629701446 0.0088692052853525799 -0.023586306319179823 0.024345470418879175 0.21222745871900292 -0.025071690491133475 -0.017226941369380858 0.026244693102940631 0.061283230389387933 -0.028195507716938413 -0.0058670943895852042 0.20922885508523259 0.036055924458470855 0.21457589470122196 0.013512764602033817 0.016146050556513268 0.0041574866279117566 0.016513710744116946
leaf_weight=69.506047636270523 124.66761219734326 46.568638467229903 127.46526915254071 13.636718961410223 3.8495173752307918 10.377756712958215 0.89840556727722232 0.59299706202000357 0.44866074435412873 2.7595409033820015 1.2767526749521483 4.9661034727469087 1.2809592438861725 31.397229891270399 2.5982770500704637 5.8872407097369415 2.0218684850260624 1.0530302999541161 0.50995033886283625 0.91836889553815115 8.0031302785500866 19.055733869783584 28.168541087768972 2.0800828360952459 3.3091326085850588 0.91693068947643042 9.5272207306697947 5.7433315077796578 1.735563365742564 1.4950848235748706
leaf_count=4236 10170 1930 9758 200 321 800 58 16 33 194 73 280 84 1607 159 256 109 33 31 36 163 1303 1916 168 130 43 462 464 115 109
internal_value=0 0.00666396 -0.000244316 0.0331069 -0.00857232 -0.00887025 0.0227428 0.0982354 0.138242 0.0095223 0.0448595 0.0171285 0.0707075 0.00596901 0.0216879 0.049825 0.0686416 0.111605 0.14958 0.17554 0.0235638 0.00357718 0.0127212 0.0335414 -0.0175525 0.172075 0.0439338 0.0668568 0.11045 0.149862
internal_weight=0 333.084 264.875 68.2085 199.632 140.7 13.2348 2.85699 1.95859 124.175 10.2834 9.0066 4.0405 113.892 44.386 12.9887 10.3905 4.50322 3.45019 2.94024 54.5718 74.9642 52.5993 24.4308 22.3649 1.50993 20.5813 11.0541 5.31073 3.57517
internal_count=35257 20099 17806 2293 15158 10708 950 150 92 7098 631 558 278 6467 2231 624 465 209 176 145 2093 4988 3555 1639 1433 59 1318 856 392 277
is_linear=0
shrinkage=0.05


Tree=53
num_leaves=31
num_cat=0
split_feature=9 3 12 10 31 14 31 33 33 16 12 24 31 39 5 21 14 21 31 21 3 20 2 12 2 24 21 40 13 13
split_gain=14.0412 6.83638 5.0086 9.01469 5.02039 5.82048 4.82778 6.92937 5.5823 7.55641 5.18658 8.5332 6.25077 4.67804 4.59204 7.41522 4.37162 3.959 7.28999 4.90353 5.82135 4.94697 4.78358 4.35416 5.66106 4.08272 6.34654 3.95782 4.35327 3.88386
threshold=1.5000000000000002 4.6584016898942666 2050.6450000000004 7420.4700000000012 20.500000000000004 92838.815000000031 5.5000000000000009 0.35147058823529415 0.081666666666666679 2.5000000000000004 3617.4350000000004 11.031290509259261 21.500000000000004 446.25000000000006 1.0000000180025095e-35 0.79092592592592603 5654.3300000000008 1.3163020833333337 19.500000000000004 2.2861863425925928 -1.1344503635839811 1.5000000000000002 0.91486884285341252 1672.4850000000004 1.8320688648099643 40.896730324074078 35.315243055555563 0.83482731035855073 13.500000000000002 7.5000000000000009
decision_type=2 2 2 2 2 2 2 2 2 2 2 2 2 2 2 2 2 2 2 2 2 2 2 2 2 2 2 2 2 2
left_child=1 6 16 4 5 -4 7 -1 13 10 -10 -12 -13 17 15 -3 -2 18 -8 20 21 -19 -22 24 -20 26 29 28 -27 -21
right_child=2 14 3 -5 -6 -7 8 -9 9 -11 11 12 -14 -15 -16 -17 -18 19 23 25 22 -23 -24 -25 -26 27 -28 -29 -30 -31
leaf_value=0.041259908887104041 -0.019783562406481246 -0.043472209188326345 -0.021614559590773238 0.045528671179737412 0.057399491621493375 0.036348866210952589 -0.021646247948218525 -0.012283339021599518 0.0099982111266139016 -0.025135221684687455 -0.011705962161759046 0.11432980994454718 -0.020858414057812896 0.020190892327028576 0.058860771427473792 0.044212826488095706 0.067740616635148063 0.13553842891189746 0.11138678296362828 -0.021073780846023359 -0.037544760478128714 -0.016385138527351257 0.031494959901909064 -0.00012084324663010776 -0.022466768249794454 -0.0069346192096085323 -0.028485632331257688 -0.020433515568342636 0.092543158820892701 -0.0019898444823400743
leaf_weight=13.049303849227728 1.2212826735340048 3.5566940158605558 18.975978579372175 15.515442203264682 2.183989060111343 4.5707403672859064 73.081984726246446 9.9622354377061111 10.435336969792848 6.5223645134828976 2.3838666873052707 4.372459770180285 0.68711532466113556 15.617823948152362 6.4381697103381157 4.1262061782181263 8.4889578083530051 0.88162825349718221 1.4676096346229308 28.889096726663411 2.8347416389733535 0.47661735117435455 6.3781747752800584 5.3506761221215129 0.7387120178900658 1.490501496009528 28.412320058327168 1.7480091853067277 2.1436378667131066 249.68478038813919
leaf_count=278 67 48 871 370 68 120 5766 689 658 419 137 164 46 747 43 33 194 57 116 2186 207 36 416 301 34 91 2545 128 162 18207
internal_value=0 -0.00225593 0.0251027 0.0166975 -0.00174042 -0.00934063 -0.00332141 0.0185336 -0.00449427 0.0182939 0.0346295 0.0638875 0.0955581 -0.00586114 0.0308425 0.00328859 0.0559131 -0.00691672 -0.0167637 -0.00441375 0.0275892 0.0978856 0.00865579 0.0274662 0.0735409 -0.00558138 -0.00638512 0.0340794 0.0590512 -0.00403722
internal_weight=0 480.73 50.9564 41.2462 25.7307 23.5467 466.609 23.0115 443.597 24.4011 17.8788 7.44344 5.05958 419.196 14.1211 7.6829 9.71024 403.578 80.639 322.94 10.5712 1.35825 9.21292 7.557 2.20632 312.368 306.986 5.38215 3.63414 278.574
internal_count=35204 33514 1690 1429 1059 991 33390 967 32423 1424 1005 347 210 30999 124 81 261 30252 6217 24035 716 93 623 451 150 23319 22938 381 253 20393
is_linear=0
shrinkage=0.05


Tree=54
num_leaves=31
num_cat=0
split_feature=38 39 41 2 20 47 14 39 39 11 11 15 14 19 15 2 21 17 21 15 40 24 0 14 17 3 2 3 21 19
split_gain=10.2172 17.3963 6.6645 5.95833 7.52623 6.904 6.39194 7.44876 5.87347 12.5068 5.98382 7.44888 7.35077 5.97878 6.63055 7.92872 5.84826 5.76959 5.33629 5.12795 5.95194 5.06447 5.04155 8.6853 6.40753 5.74216 8.0073 4.92439 4.80498 9.93348
threshold=57.95000000000001 234.15000000000001 1.0000000180025095e-35 1.8320688648099643 2.5000000000000004 1.0000000180025095e-35 6531.1500000000005 82.15000000000002 83.65000000000002 4.5000000000000009 2.5000000000000004 6960.5000000000009 268932.23000000004 12.024901620370374 314.50000000000006 1.2231070882861397 0.35560763888888897 4.5000000000000009 33.274340277777789 137900.50000000003 0.027933115320970144 16.798599537037042 3606.1500000000001 44912.084999999999 9.5000000000000018 -0.75446777901007034 1.1422991855922673 4.6584016898942666 1.3163020833333337 2.8061574074074076
decision_type=2 2 2 2 2 2 2 2 2 2 2 2 2 2 2 2 2 2 2 2 2 2 2 2 2 2 2 2 2 2
left_child=1 2 3 6 5 -5 -1 19 9 -9 11 13 -13 14 -10 16 -16 -4 -15 -8 21 -21 23 -12 25 -25 -27 28 -2 -30
right_child=27 -3 17 4 -6 -7 7 8 10 -11 22 12 -14 18 15 -17 -18 -19 -20 20 -22 -23 -24 24 -26 26 -28 -29 29 -31
leaf_value=-0.028698998658782143 -0.023874012435343723 0.065070387323082041 -0.024492817587347004 0.027172233816378472 -0.021696866683492608 -0.023161356947921628 -0.0098890800728616973 -0.011065369086514914 -0.016717182900106469 0.18600550586323142 -0.015417893757259655 0.0032843739449865102 0.10386463366097305 -0.020106579589097479 -0.016564934318013227 -0.022730693241043539 0.13559767499733419 0.044514768333008173 0.078180747055867222 -0.0061186608059564246 -0.030310810066438348 0.11008156798146099 -0.037537495670545318 0.013082896140583715 -0.0063472589990806669 0.13133557683985356 -0.0070455362097621172 0.033144282271388562 0.024084302403255358 -0.0082599559200042943
leaf_weight=17.070186611264944 32.817398485261947 12.215870368294416 2.9725566143170026 61.851398970931768 10.72863429924473 6.8760877987369886 90.490582344122231 1.5387486186809831 1.1416682172566632 0.47935757599771012 20.162500447593629 29.278282192070041 0.94258355908095737 3.863387593999505 0.48310817405581463 0.80487189814448346 4.6096371235325933 17.017571456730366 0.94361895695328701 1.2586404657922678 1.463178804144263 1.8016820745542643 7.4651724668219677 4.2369702775031319 5.7493311688303939 2.874866282567381 1.2978041796013711 7.1189679373055688 27.057129225693643 153.65008163359016
leaf_count=1444 2417 178 103 2384 505 373 7555 122 32 27 1272 2189 66 214 36 51 108 412 63 121 122 157 458 162 345 142 80 66 1013 12983
internal_value=0 0.00891213 0.00639508 0.00432294 0.0157964 0.0218765 -0.000338556 0.00248089 0.0130775 0.0818647 0.0104767 0.0235594 0.00964774 0.0555355 0.0820045 0.100768 0.120814 0.0335753 0.00932795 -0.00713255 0.0398176 0.0725543 -0.00293664 0.00543897 0.0341971 0.0596445 0.0952542 -0.00514306 -0.00656812 -0.00331119
internal_weight=0 309.618 297.402 277.412 79.4561 68.7275 197.956 180.886 85.8719 2.01811 83.8538 42.0672 30.2209 11.8463 7.03929 5.89762 5.09275 19.9901 4.80701 95.0141 4.5235 3.06032 41.7866 34.3215 14.159 8.40964 4.17267 220.644 213.525 180.707
internal_count=35200 18721 18543 18028 3262 2757 14766 13322 5367 149 5218 2759 2255 504 227 195 144 515 277 7955 400 278 2459 2001 729 384 222 16479 16413 13996
is_linear=0
shrinkage=0.05


Tree=55
num_leaves=31
num_cat=0
split_feature=9 18 21 38 6 40 40 14 38 12 10 10 40 38 12 20 15 0 19 10 16 17 15 15 0 19 14 14 38 0
split_gain=9.68081 6.99066 10.0892 9.1466 5.80858 5.54453 5.10842 5.29997 7.29062 5.05705 6.80824 7.43754 6.16608 8.78091 11.1995 6.14371 5.61816 5.5915 4.74796 4.52847 4.18041 4.43923 7.05124 9.97591 13.9489 10.0528 6.10619 6.09416 5.77541 6.82812
threshold=3.5000000000000004 1.0000000180025095e-35 10.028182870370372 65.450000000000017 1.0000000180025095e-35 1.3000996624083621 0.43139727784315884 236325.32500000004 77.050000000000011 10144.890000000001 2897.1550000000002 3310.3750000000005 0.48324488862186388 186.05000000000004 2298.1750000000006 1.5000000000000002 4820.5000000000009 451.75500000000005 30.103443287037042 10584.705000000002 2.5000000000000004 4.5000000000000009 11077.500000000002 6459.0000000000009 1469.8700000000001 15.797488425925929 18079.630000000005 15090.275000000003 375.60000000000008 2448.4050000000002
decision_type=2 2 2 2 2 2 2 2 2 2 2 2 2 2 2 2 2 2 2 2 2 2 2 2 2 2 2 2 2 2
left_child=1 5 3 -3 -5 6 -1 9 19 10 12 -12 13 15 -15 16 -8 -11 -7 -9 21 26 23 -23 25 -25 27 -14 29 -24
right_child=-2 2 -4 4 -6 18 7 8 -10 17 11 -13 20 14 -16 -17 -18 -19 -20 -21 -22 22 28 24 -26 -27 -28 -29 -30 -31
leaf_value=-0.0068531310024963809 0.046526075511297386 0.014482682563965406 0.036586747564158341 -0.028066049493962256 0.025673802446546396 -0.010459498135162585 -0.028336894925826313 0.076135237138021339 -0.019377371441334557 0.067596941455359952 0.13492460111938379 0.014637890060915605 -0.0068220876756777959 -0.019721176243549209 0.2022821738883514 -0.031149016245204234 0.074933172748952351 -0.01916691621707511 -0.046519058424877857 -0.0041112211337702162 -0.016526985276435292 0.01075888502613901 -0.017630960021707141 0.22458663170409934 0.00316898989194986 0.030232681565671545 -0.045227583296711941 0.074346091893672958 0.078150800284377528 0.02843502797005026
leaf_weight=190.74809597386047 10.125738844275473 53.426033550873399 26.717199094593525 27.08217478916049 5.3014793493784955 43.780236775055528 1.2411447959020714 6.6685360386036319 3.8019444970414034 0.99944684747606416 1.1235137260518957 3.9970088740810752 12.451335851103069 0.63385594822466262 0.58353260438889265 3.3931867824867368 3.5350178042426705 31.746168378274888 10.869779950007795 2.1528981355950236 25.232706630136818 10.985447032377126 24.355304894037545 1.1792470328509801 2.6969813322648406 1.4800412133336065 7.6198561191558829 1.8047708477824915 1.3290564157068718 10.7915171100758
leaf_count=14737 159 2481 243 1870 45 3134 84 323 321 50 48 167 979 44 42 263 239 2147 957 82 1904 765 2052 79 181 122 604 149 70 753
internal_value=0 -0.000611884 0.0103583 0.00186456 -0.0187629 -0.00367637 -0.00134489 0.00523175 0.0350746 0.00245274 0.00741493 0.0587629 0.00449876 0.0411651 0.129927 0.0152108 0.0478373 -0.0145941 -0.0183387 0.0581263 0.000680694 0.00663527 0.0144069 0.0406577 0.0906387 0.15424 -0.0119382 0.00765317 0.00187511 -0.00309145
internal_weight=0 517.728 112.527 85.8097 32.3837 405.201 350.551 159.803 12.6234 147.179 114.434 5.12052 109.313 9.38674 1.21739 8.16935 4.77616 32.7456 54.65 8.82143 99.9263 74.6936 52.8176 16.3417 5.35627 2.65929 21.876 14.2561 36.4759 35.1468
internal_count=35094 34935 4639 4396 1915 30296 26205 11468 726 10742 8545 215 8330 672 86 586 323 2197 4091 405 7658 5754 4022 1147 382 201 1732 1128 2875 2805
is_linear=0
shrinkage=0.05


Tree=56
num_leaves=31
num_cat=0
split_feature=2 23 38 38 2 40 39 14 15 2 13 17 14 40 40 2 16 14 0 0 15 15 13 15 15 21 2 39 39 38
split_gain=8.60443 9.13832 6.49926 4.54125 4.91061 4.80943 5.41237 4.43143 7.48365 6.03739 4.7732 7.96801 6.82863 5.82413 8.01142 5.85844 5.94165 5.32366 5.00916 6.89657 9.20977 8.90847 7.1659 6.87852 8.95492 6.58332 6.1141 6.75254 5.34775 5.62723
threshold=18.681431251286991 1.0000000180025095e-35 40.050000000000004 133.55000000000004 2.6937648020564087 0.73861772613620447 263.05000000000007 10904.390000000001 495.50000000000006 1.158292496071393 18.500000000000004 6.5000000000000009 44912.084999999999 0.68224762042255638 0.73861772613620447 1.5862591785139919 2.5000000000000004 65076.790000000015 768.30500000000018 1798.6850000000002 83683.500000000015 102247.50000000001 15.500000000000002 58714.500000000007 8221.0000000000018 31.775266203703705 0.61357845260306887 284.15000000000003 103.65000000000002 25.850000000000005
decision_type=2 2 2 2 2 2 2 2 2 2 2 2 2 2 2 2 2 2 2 2 2 2 2 2 2 2 2 2 2 2
left_child=1 7 -3 4 -4 6 -5 -1 9 -9 11 -10 -12 -14 17 16 -16 -15 -13 20 23 25 -21 24 -20 -22 -26 -28 29 -24
right_child=-2 2 3 5 -6 -7 -8 8 10 -11 12 18 13 14 15 -17 -18 -19 19 22 21 -23 28 -25 26 -27 27 -29 -30 -31
leaf_value=-0.013218922770918254 0.036263368863813733 0.03776119055941965 -0.031409818479393878 0.10989691819608145 0.032933197140880242 -0.014136866732766007 0.001963700923845119 0.0056283071336117006 -0.0044304307120019105 0.043935753273876901 -0.024769788327331333 -0.014412329443691516 -0.01201269855383273 -0.019483936205774523 -0.015022757440616229 -0.026400616296297585 0.03793634701775378 0.11627028853335242 -0.0034173374176030657 -0.014291672236459638 0.2055966263028017 0.010580060410866942 0.015815524864899039 -0.028664696260480762 -0.024263244844440791 -0.011543102501454721 0.10764341677832484 -0.022796071139961085 0.0049446855646473453 0.10953277396872037
leaf_weight=77.737259882967919 15.625333229079841 24.557421371340752 10.893826577346774 1.6689107483252876 3.0544628323987117 3.0400732681155205 2.1221483806148171 31.124076834414154 144.31002852739766 14.631961176171897 48.970689591486007 9.934932879637925 50.109869409352541 0.62437347508966867 7.4194356594234767 8.748077910859136 14.314605618827043 1.872110914904624 5.9117510844953411 16.46124737709761 1.1471312651410692 1.4596155257895587 3.6623803568072608 3.5304858325980595 0.91986907133832563 0.295280854217708 5.8800616287626326 0.79594830144196738 8.5432067499496025 2.5400040685199201
leaf_count=6194 139 889 711 85 52 167 117 1266 10837 430 4012 790 3676 53 613 513 1095 115 424 1092 83 122 220 294 81 26 425 50 522 116
internal_value=0 -0.000292402 0.0208764 0.000104022 -0.0160591 0.0309434 0.0624989 -0.00241517 -0.000194824 0.018556 -0.00278462 0.00198573 -0.0101631 -0.00136206 0.0146985 0.00626202 0.0199919 0.086456 0.0169715 0.0232271 0.0454677 0.115969 0.00804556 0.0276961 0.0433876 0.174619 0.0759748 0.091148 0.0323057 0.0640738
internal_weight=0 506.281 45.3368 20.7794 13.9483 6.83113 3.79106 460.944 383.207 45.756 337.451 205.392 132.059 83.0885 32.9786 30.4821 21.734 2.49648 61.0819 51.147 19.9401 2.90203 31.2068 17.0381 13.5076 1.44241 7.59588 6.67601 14.7456 6.20238
internal_count=35209 35070 2021 1132 763 369 202 33049 26855 1696 25159 15082 10077 6065 2389 2221 1708 168 4245 3455 1505 231 1950 1274 980 109 556 475 858 336
is_linear=0
shrinkage=0.05


Tree=57
num_leaves=31
num_cat=0
split_feature=23 24 14 2 38 39 15 15 12 39 15 11 38 24 38 13 1 15 14 13 31 15 2 3 12 12 12 40 12 12
split_gain=8.61425 13.9563 6.95913 5.81798 5.87738 10.6453 5.72466 14.1323 6.55247 7.13978 5.25663 9.96481 7.05845 7.62364 8.29752 10.3693 7.91261 7.32606 7.302 6.66781 7.53981 5.85434 5.45051 4.94843 7.71496 13.0532 6.30057 13.5687 9.76809 8.80598
threshold=1.0000000180025095e-35 1.0000000180025095e-35 8285.2050000000017 18.681431251286991 64.350000000000009 147.35000000000005 7930.5000000000009 8221.0000000000018 554.50000000000011 600.80000000000007 9915.5000000000018 2.5000000000000004 22.950000000000003 7.0206770833333341 31.650000000000002 15.500000000000002 8.5324817203446788 102247.50000000001 154320.10500000001 7.5000000000000009 10.500000000000002 260737.50000000003 1.8919020767739523 0.020707346573193636 33363.910000000011 58281.560000000005 3193.3050000000007 0.78308539940088795 2796.3650000000007 1642.7250000000001
decision_type=2 2 2 2 2 2 2 2 2 2 2 2 2 2 2 2 2 2 2 2 2 2 2 2 2 2 2 2 2 2
left_child=2 -2 -1 4 5 10 -6 -8 9 -9 11 -4 21 -14 15 16 17 19 22 -15 -21 -12 -16 24 26 -26 27 28 29 -10
right_child=1 -3 3 -5 6 -7 7 8 23 -11 12 -13 13 14 18 -17 -18 -19 -20 20 -22 -23 -24 -25 25 -27 -28 -29 -30 -31
leaf_value=-0.017596211980815284 0.0039660727221889755 0.062821877086143965 0.031603975563520431 0.03313184779204837 -0.019990650816532136 0.028502967210171943 0.11105917036450769 -0.035825366402222926 0.080449023971671363 0.073675274267295171 -0.022439847034435519 -0.001621602561291824 -0.038781583052079099 -0.01682558967574696 -0.021286551072120376 -0.0059199550338269085 -0.010421158844311711 -0.020378674291605323 0.05543188176204087 0.015872238842375631 0.17976404052095196 0.076607022191673299 0.022623958335436428 -0.0078358255818292803 0.15502299642054165 -0.027628705015160956 -0.0097700016822714238 -0.031247791049693996 0.17206716282707146 -0.024650567645047673
leaf_weight=53.983599959407002 34.854109891690314 13.252947947010396 31.172520626801997 12.899851202964781 56.61206529289484 39.094439687207341 1.7838874896988262 18.517967146355662 3.5781675949692779 0.68723548203706641 53.093802813440561 75.279706672299653 7.4389158450067034 0.4931466430425625 22.721281195059422 5.3023308347910643 1.5648824665695427 0.67337770853191603 4.1901331827975801 1.1095086568966506 2.9006403367966413 0.57655382715165515 9.1379242516122741 40.261364536359906 1.4342976678162807 1.2023430531844495 17.36988448118791 4.1923534674569964 1.0228121732361612 2.878818042576313
leaf_count=4401 1907 153 1833 105 4605 1361 118 1509 318 31 4594 4428 648 37 1909 376 81 58 252 52 204 48 415 3104 127 108 1616 402 88 271
internal_value=0 0.0211293 -0.000874947 0.00132565 0.000231558 0.00484486 -0.00760735 6.90206e-05 -0.00328496 -0.0284546 0.000444289 0.00831145 -0.00723057 0.00524046 0.0127009 0.0468737 0.0837976 0.109355 0.000326985 0.128933 0.146638 -0.019994 -0.00838682 0.00373235 0.0182246 0.0870375 0.00928799 0.036182 0.0732038 0.0365689
internal_weight=0 48.1071 471.174 417.19 404.29 254.749 149.541 92.9291 91.1452 19.2052 215.655 106.452 109.202 55.5321 48.0932 12.0439 6.74156 5.17667 36.0493 4.5033 4.01015 53.6704 31.8592 71.94 31.6787 2.63664 29.042 11.6722 7.4798 6.45699
internal_count=35159 2060 33099 28698 28593 16296 12297 7692 7574 1540 14935 6261 8674 4032 3384 808 432 351 2576 293 256 4642 2324 6034 2930 235 2695 1079 677 589
is_linear=0
shrinkage=0.05


Tree=58
num_leaves=31
num_cat=0
split_feature=23 24 24 39 14 24 12 0 16 19 24 2 31 19 15 15 39 31 14 20 2 24 2 12 0 3 24 15 17 19
split_gain=9.98529 15.247 8.90327 8.36886 9.3651 8.96594 8.17518 8.00614 7.09817 6.19673 7.54556 6.47462 6.08884 6.22145 5.58935 11.5566 9.37404 5.73015 6.43065 6.02979 6.67508 5.6851 9.1671 8.61264 5.25458 5.46444 9.23824 14.1125 8.38225 4.86415
threshold=1.0000000180025095e-35 1.0000000180025095e-35 20.206365740740743 248.75000000000003 144248.57500000001 21.92125578703704 9825.0050000000028 1261.7700000000002 2.5000000000000004 13.648599537037038 10.956846064814817 0.22048513365642161 20.500000000000004 4.4207118055555563 83683.500000000015 85187.000000000015 110.65000000000002 7.5000000000000009 32036.885000000006 1.5000000000000002 0.80459532201939754 39.984236111111123 1.2825578730753107 4561.6650000000009 1200.4600000000003 0.26109326460773347 29.747951388888893 29713.500000000004 4.5000000000000009 19.058859953703706
decision_type=2 2 2 2 2 2 2 2 2 2 2 2 2 2 2 2 2 2 2 2 2 2 2 2 2 2 2 2 2 2
left_child=2 6 9 4 14 8 7 -2 -5 10 12 -12 -1 -14 21 16 -16 -17 -19 20 -20 -4 -23 -24 -7 26 -26 -28 -29 -6
right_child=1 -3 3 5 29 24 -8 -9 -10 -11 11 -13 13 -15 15 17 -18 18 19 -21 -22 22 23 -25 25 -27 27 28 -30 -31
leaf_value=-0.014109690718580654 -0.015698678039164717 0.066443207212244115 -0.0096797381664446031 0.14697972364053549 0.051913436236942903 -0.012389190596152528 -0.037611474878568425 0.03807061175382831 -0.007067264953333258 -0.022492809228093387 0.056204995412654002 0.0043936415021932065 0.045975090509389228 -0.035726945190818607 -0.018548058149680378 0.073726927348270535 0.18804038727598815 -0.019339286583413027 -0.024663633441049531 -0.024993658551866811 0.10360040568637784 -0.019402362128168156 0.13009931746231237 -0.00039562579368783977 -0.0027836757650487876 0.012318939237445274 0.0084944181270157956 -0.013134968280895713 0.21530854119685078 0.0091109631948139962
leaf_weight=119.16761543042958 10.613601018674673 12.882971718907354 126.39344481984153 1.6184239536523848 11.336742393206807 8.6947554484941083 7.8659209520556024 16.775838923640549 0.92339909961447109 55.944177161902189 5.6738867135718456 65.051215776242316 7.5635253870859724 2.3654767475090921 0.57250691391527897 1.8707439801655734 0.67793563101440668 14.321144540328534 0.95036864699795787 1.8479130738414822 2.6531522450968623 4.3180002500303072 2.0292739323340356 2.1599088916555047 3.0065699601545957 13.713817538693545 2.1974532729946081 0.34911389742046584 1.441307093016803 15.518989354372023
leaf_count=9206 699 161 9120 87 428 680 447 744 50 4554 88 3842 362 196 48 91 47 1175 85 147 183 353 111 87 205 630 155 27 93 1080
internal_value=0 0.0220477 -0.00163274 0.00581221 0.00166105 0.0290283 0.00443958 0.0174156 0.104822 -0.00793556 -0.00376825 0.00927585 -0.0109308 0.0250225 -0.00303897 0.0192891 0.127243 0.00770807 -0.00178673 0.0401748 0.0717635 -0.00694228 0.030469 0.0757068 0.0192438 0.0324844 0.0655357 0.107275 0.18202 0.0283944
internal_weight=0 48.1383 472.361 216.595 184.65 31.9448 35.2554 27.3894 2.54182 255.766 199.822 70.7251 129.097 9.929 157.794 22.8938 1.25044 21.6433 19.7726 5.45143 3.60352 134.901 8.50718 4.18918 29.403 20.7083 6.99444 3.98787 1.79042 26.8557
internal_count=35181 2051 33130 14882 12955 1927 1890 1443 137 18248 13694 3930 9764 558 11447 1776 95 1681 1590 415 268 9671 551 198 1790 1110 480 275 120 1508
is_linear=0
shrinkage=0.05


Tree=59
num_leaves=31
num_cat=0
split_feature=31 19 2 3 39 14 11 33 21 24 31 19 24 26 14 12 39 39 9 34 12 1 19 40 3 1 21 19 2 40
split_gain=9.95312 8.52358 6.76628 7.16781 6.2409 6.46178 6.1995 6.77037 5.73872 6.04935 5.81769 5.67564 7.32358 8.65671 6.49454 9.57725 5.93009 9.36464 5.56552 5.09972 4.75107 10.7299 7.17607 8.0372 6.2431 10.5713 4.67761 6.28134 4.5632 4.54259
threshold=6.5000000000000009 12.109392361111114 0.25486809548808337 4.6584016898942666 431.70000000000005 30119.955000000002 3.5000000000000004 0.17752100840336138 1.0631712962962967 40.896730324074078 19.500000000000004 4.8845254629629631 17.034589120370374 1.0000000180025095e-35 255953.81500000003 52527.235000000008 90.050000000000011 152.05000000000004 1.5000000000000002 1.0000000180025095e-35 2083.5650000000005 7.9017937794354181 1.0253935185185188 1.1093091492897424 -0.46679676326926028 6.8436913117647693 17.63574652777778 30.320046296296301 0.44311402782643045 1.2381533259338835
decision_type=2 2 2 2 2 2 2 2 2 2 2 2 2 2 2 2 2 2 2 2 2 2 2 2 2 2 2 2 2 2
left_child=1 -1 6 4 8 26 7 -2 10 11 -4 19 13 -13 18 16 -16 -18 -14 -10 -21 22 -22 24 -24 -26 -6 -28 -20 -30
right_child=2 -3 3 -5 5 -7 -8 -9 9 -11 -12 12 14 -15 15 -17 17 -19 28 20 21 -23 23 -25 25 -27 27 -29 29 -31
leaf_value=0.04167134475094128 -0.016507409597507482 -0.012715354701167778 -0.022954701626938773 0.030770968321018052 0.010745533154903767 -0.010250276347074426 0.047097352240168658 0.078225309829999506 0.0023881494214526948 0.041806792274531324 0.018519883732791734 -0.019294942220905206 -0.0059191601490025756 0.094413503712533028 -0.00095319661264970865 -0.019498613387932483 0.15111477910263219 0.01822561797450388 -0.030856036379210489 -0.0055870425853081496 -0.0059516038188096015 -0.006328042278184929 0.025507025166506082 -0.017476754685858607 -0.013187868959237467 0.24835189060977114 0.096969951473578064 -0.024119932124525102 0.066881420062064101 -0.020502971406226967
leaf_weight=23.601470556110144 11.206339010968806 9.6366475382819754 67.947273245546967 13.954506430774925 5.5374646759592014 8.1701679979450983 12.13270502630621 1.2313087265938509 58.070980647113174 6.3961350978352121 8.8790002716705185 102.47156853647903 147.82694684527814 0.72584930527955194 2.3687730678357166 4.8479410684667528 2.1980037088505924 2.8032921166159213 1.5399930691346506 4.1144512863829714 1.0475944979116318 3.5655623441562057 0.97591501846909556 0.52581008709967125 0.35218856018036637 1.1752500431612132 4.4448633212596178 0.90393685922026623 5.7121110931038857 1.4037647303193805
leaf_count=577 547 629 5620 126 267 432 344 23 3147 388 502 8595 11794 52 137 324 128 154 107 213 35 186 76 41 30 85 149 65 281 79
internal_value=0 0.0259923 -0.00190426 -0.00329513 -0.00443253 0.0228514 0.0231348 -0.00200558 -0.00570683 -0.00295343 -0.017985 -0.00391075 -0.00717433 -0.0175967 -0.000732632 0.0329358 0.0656353 0.0920773 -0.00355387 0.00871899 0.0373509 0.0584393 0.105174 0.135544 0.163499 0.206689 0.0464666 0.0759301 0.0332707 0.0492407
internal_weight=0 33.2381 482.53 457.959 444.005 19.0564 24.5704 12.4376 424.948 348.122 76.8263 341.726 271.898 103.197 168.701 12.218 7.37007 5.0013 156.483 69.8278 11.7568 7.64232 4.07676 3.02916 2.50335 1.52744 10.8863 5.3488 8.65587 7.11588
internal_count=35133 1206 33927 33013 32887 913 914 570 31974 25852 6122 25464 21651 8647 13004 743 419 282 12261 3813 666 453 267 232 191 115 481 214 467 360
is_linear=0
shrinkage=0.05


Tree=60
num_leaves=31
num_cat=0
split_feature=41 21 13 39 17 19 15 38 21 19 31 39 38 3 2 0 21 19 3 40 3 17 31 40 15 0 19 2 31 40
split_gain=8.17976 5.3484 7.32648 8.70707 7.50488 5.98688 5.10807 4.60631 4.99234 8.80283 4.30587 4.55492 11.4474 7.36181 7.8773 6.4763 7.39036 8.0726 6.9134 17.9696 8.25725 9.57417 6.37319 6.2897 6.33818 7.51296 5.35974 5.91164 4.97293 5.90243
threshold=1.0000000180025095e-35 40.297361111111115 15.500000000000002 148.95000000000002 12.500000000000002 34.87191550925926 72064.000000000015 13.350000000000003 9.9441087962962982 11.255954861111112 6.5000000000000009 139.05000000000004 40.550000000000004 -0.14123085144761463 0.39304018172310307 957.33500000000015 17.135856481481486 29.239780092592596 1.0000000180025095e-35 0.32863146942355154 -1.0129721446972224 4.5000000000000009 20.500000000000004 1.3948202869294093 15604.000000000002 5194.9100000000008 22.134155092592597 1.5862591785139919 12.500000000000002 0.66347075311287018
decision_type=2 2 2 2 2 2 2 2 2 2 2 2 2 2 2 2 2 2 2 2 2 2 2 2 2 2 2 2 2 2
left_child=1 5 -3 4 6 10 -4 -2 -9 -10 -1 -12 13 14 -13 -14 28 18 19 -18 -21 -22 -23 24 -15 -26 27 -20 29 -17
right_child=7 2 3 -5 -6 -7 -8 8 9 -11 11 12 15 23 -16 16 17 -19 26 20 21 22 -24 -25 25 -27 -28 -29 -30 -31
leaf_value=0.01899911856705162 0.052238358020755951 -0.0087790622116859056 0.19164071642530692 -0.010301054445241611 -0.010509210276173698 -0.024404303660297749 -0.0043743665871425292 -0.023383497151084637 0.065171064934425413 -0.0075433197156155249 -0.0057726795056606004 0.055414358566953627 -0.016898946870365202 0.02708639671521846 -0.035968466792281155 -0.0078726160648656084 -0.037129782512093382 -0.020137641599342677 -0.011830277890513439 -0.0082377197033737058 -0.0052391124466115921 0.15806689967365392 -0.014719914379345281 -0.026569790441930072 0.13116068790228827 0.014537338414302268 -0.0089014725896692203 0.053505598045846495 -0.014416207137023726 0.039004918188335999
leaf_weight=26.859777153003961 9.7143768435344118 4.2384000448510033 1.2703872025012977 1.594630650244653 0.65066195046529163 25.715736493468285 0.33800743054598559 6.3758299117907908 6.7389193503186098 8.6089516570791584 241.80290219048038 2.7749191392213124 41.584400701802224 6.8129815524443966 5.2864982588216662 14.731211706530305 2.732417125720529 8.8404246680438501 4.4423930603079524 1.3684834791347382 1.2042986769229171 4.8751819292083383 0.40948556922376145 1.5086378315463651 4.4152034120634198 2.2215773295611143 11.53131746361032 10.880419485736637 44.336594835389405 10.936952713876961
leaf_count=1030 176 295 87 112 36 2498 22 281 95 499 17776 58 3631 173 256 983 225 768 364 116 91 367 33 69 154 53 806 436 3061 774
internal_value=0 -0.000684562 0.0373053 0.0793564 0.126386 -0.00140836 0.164563 0.0252512 0.0114153 0.0264175 -4.16841e-05 -0.0012936 0.00469248 0.0368502 -0.00186847 -0.000198928 0.00586607 0.0211455 0.0311627 0.0637006 0.0989974 0.119693 0.144467 0.0565261 0.0670406 0.099138 0.0165052 0.0349991 -0.00439164 0.0128151
internal_weight=0 483.364 8.09209 3.85369 2.25906 475.272 1.60839 31.4381 21.7237 15.3479 449.556 422.696 180.893 23.0198 8.06142 157.874 116.289 46.2844 37.444 10.5899 7.85745 6.48897 5.28467 14.9584 13.4498 6.63678 26.8541 15.3228 70.0048 25.6682
internal_count=35325 34274 552 257 145 33722 109 1051 875 594 31224 30194 12418 763 314 11655 8024 3206 2438 832 607 491 400 449 380 207 1606 800 4818 1757
is_linear=0
shrinkage=0.05


Tree=61
num_leaves=31
num_cat=0
split_feature=19 21 2 12 31 2 3 14 3 35 31 0 0 11 40 16 31 10 23 31 0 6 2 2 14 15 39 29 12 13
split_gain=9.23363 14.15 8.05666 6.70659 6.59592 4.44425 4.20806 4.18522 4.73463 4.16986 5.28446 9.08066 8.97823 5.86803 5.36479 5.20225 4.41797 4.16054 4.27354 4.31458 3.96819 3.94519 3.87835 6.31056 4.45141 3.74638 4.50202 3.68393 4.55704 3.91345
threshold=4.4207118055555563 6.8127430555555568 0.22048513365642161 62099.650000000001 20.500000000000004 8.6113472687705315 -0.59805228780128283 46306.975000000013 -0.34255911035749748 1.0000000180025095e-35 12.500000000000002 936.94500000000005 1371.8750000000002 8.5000000000000018 0.90787302081574706 3.5000000000000004 15.500000000000002 682.82500000000016 1.0000000180025095e-35 3.5000000000000004 12709.080000000002 1.0000000180025095e-35 0.91486884285341252 1.8320688648099643 18618.210000000003 52898.000000000007 118.75000000000001 1.0000000180025095e-35 3791.8500000000004 18.500000000000004
decision_type=2 2 2 2 2 2 2 2 2 2 2 2 2 2 2 2 2 2 2 2 2 2 2 2 2 2 2 2 2 2
left_child=1 2 -1 4 9 20 -5 8 -6 10 11 -4 14 -12 15 17 -15 18 19 -13 21 27 24 -24 -14 -3 -27 29 -29 -2
right_child=5 25 3 6 7 -7 -8 -9 -10 -11 13 12 22 16 -16 -17 -18 -19 -20 -21 -22 -23 23 -25 -26 26 -28 28 -30 -31
leaf_value=0.038901824778972069 -0.00064406874137140505 0.045843721984077331 -0.028693716384088359 -0.029528243501974413 -0.015204572111545656 0.031698594671921536 0.049028600817147598 -0.024365953015327652 0.068326989319661566 -0.027968979052998246 -0.015993792851301616 -0.010664096294799265 -0.027116978809615267 -0.02090707820506334 -0.0082996956035074673 -0.0074295578284309487 0.10399524018206957 -0.013218471107460798 -0.011976698576350871 0.16400718806122191 -0.025235271301513401 0.04026056409447909 -0.028515820890667398 0.020938866268936797 0.064777275717890881 -0.032135866060077033 0.030214782997410174 -0.023453055810340052 0.092951576597597702 -0.012781044233697149
leaf_weight=12.842029770836232 175.3273859382607 27.052488379180431 11.006230857223271 1.372025935910641 1.8299233051948247 7.2311203964054576 8.6264214757829887 1.8317295541055498 5.8856038893572968 19.292240392882377 57.913625426590443 0.26311438996344838 1.1346415011212254 0.68962816754355916 1.369255175348371 0.85618949541822065 0.85707033239305019 0.35318634239956725 0.30461439862847317 2.4960548840463161 22.709747637156397 3.9762323452159754 10.011749557685109 14.573221778497098 4.2551400042138994 3.3504763916134817 7.8942134277895093 0.86162331886589427 1.0876536578871308 106.03181140916422
leaf_count=269 13931 410 892 91 138 47 257 96 248 1897 4133 15 95 44 100 45 34 32 15 218 1472 165 741 515 236 94 141 71 70 8593
internal_value=0 0.00915887 0.00245582 -0.00101826 -0.00405018 -0.00461376 0.0365441 0.0339849 0.0490441 -0.00719252 -0.00318823 0.00930306 0.0215076 -0.0129746 0.0742112 0.0972103 0.0619631 0.119176 0.133935 0.148945 -0.00556001 -0.00392254 0.00951114 0.000472017 0.0442157 0.0360067 0.0105295 -0.00468208 0.0509921 -0.00524702
internal_weight=0 196.061 157.764 144.922 134.923 317.226 9.99845 9.54726 7.71553 125.376 106.084 46.6234 35.6172 59.4603 5.64241 4.27316 1.5467 3.41697 3.06378 2.75917 309.994 287.285 29.9748 24.585 5.38978 38.2972 11.2447 283.308 1.94928 281.359
internal_count=35105 10756 10111 9842 9494 24349 348 482 386 9012 7115 2904 2012 4211 425 325 78 280 248 233 24302 22830 1587 1256 331 645 235 22665 141 22524
is_linear=0
shrinkage=0.05


Tree=62
num_leaves=31
num_cat=0
split_feature=2 2 16 33 19 21 19 31 0 33 19 40 24 31 40 34 31 13 2 13 14 12 0 2 2 40 0 40 13 0
split_gain=7.33527 8.48454 7.06865 7.11081 5.30243 12.3022 4.99617 4.39568 4.10301 4.12064 4.05507 11.399 8.504 5.44705 4.91792 4.02761 6.69051 5.77772 5.16092 4.72438 4.48654 4.34442 4.17922 7.64164 11.4359 4.67727 4.02785 7.74545 6.0766 7.93402
threshold=2.0421718307896835 0.25486809548808337 2.5000000000000004 0.12310606060606062 30.103443287037042 28.052719907407411 34.87191550925926 1.5000000000000002 1581.3600000000001 0.52086956521739147 32.974317129629632 0.27406190552938264 34.064554398148154 17.500000000000004 0.027933115320970144 1.0000000180025095e-35 18.500000000000004 13.500000000000002 0.42246829030543642 25.500000000000004 80737.770000000004 4131.6100000000015 1469.8700000000001 0.97605898461855489 0.72172702368467456 1.0511279134985219 739.40500000000009 0.046812133120726254 16.500000000000004 1076.4600000000003
decision_type=2 2 2 2 2 2 2 2 2 2 2 2 2 2 2 2 2 2 2 2 2 2 2 2 2 2 2 2 2 2
left_child=1 2 3 -1 5 -2 7 8 -3 -10 14 12 13 -12 -9 26 18 20 21 -19 -18 -17 -20 24 -24 -26 27 -16 29 -28
right_child=4 6 -4 -5 -6 -7 -8 10 9 -11 11 -13 -14 -15 15 16 17 19 22 -21 -22 -23 23 -25 25 -27 28 -29 -30 -31
leaf_value=-0.024920052287554263 0.0079101841843110029 -0.018053888659171079 0.045342556144903595 0.056036034208855792 -0.021761232041997425 0.057557552838601013 -0.025931514391857265 -0.017878452577413516 0.077539540428256795 -0.022869858610359582 0.17785044706221922 -0.013757729460558581 -0.0058706531112867888 -0.012028818599004055 0.084566343883501163 0.082747922743023769 0.10172233769214911 -0.03557489597060258 -0.02742415845163006 0.066543394725159313 -0.018921574795759469 -0.023452403453030346 -0.033081863423738388 -0.01858106301241692 0.13369024164993062 0.0037658303148573611 0.033981899848481906 -0.020241187121616547 -0.012110618467565892 -0.00024254433972633368
leaf_weight=9.6860882383771258 104.50844807736576 2.058772054500877 15.025428299792109 2.640715889632701 10.512842721305786 13.251633682288228 25.401744663715363 60.048534979578108 3.5862438110634685 0.82182638160884369 1.1906606014817938 5.7990171439014375 1.2484172284603117 0.3110426366329192 0.85387387871742149 2.1511073554866047 3.6680318634025744 2.3517001233994965 11.621459703892471 0.71098048426210869 0.58677181648090471 0.8624928407371043 1.8278527422808091 7.5063788038678467 2.1057013384997849 0.96794613543897856 20.4515261631459 49.430419115815312 69.753856323193759 80.34605607483536
leaf_count=491 3920 135 453 44 741 354 2552 5692 93 67 96 528 113 25 77 80 228 194 883 54 44 74 142 548 128 37 1559 4241 5514 6057
internal_value=0 -0.00290659 0.0234319 -0.00467378 0.0108634 0.0139347 -0.00499217 -0.00330822 0.0346502 0.0580522 -0.00417068 0.0279712 0.0961676 0.149434 -0.00512803 -0.00206974 0.0136134 0.0528329 0.00149554 -0.00132472 0.08465 0.054083 -0.00699692 0.012754 0.0557591 0.103743 -0.00456029 -0.0168472 -0.000860613 0.0069671
internal_weight=0 383.015 27.3522 12.3268 128.273 117.76 355.662 330.261 6.46684 4.40807 323.794 8.54914 2.75012 1.5017 315.245 255.196 34.3604 7.31748 27.0429 3.06268 4.2548 3.0136 24.0293 12.4079 4.9015 3.07365 220.836 50.2843 170.551 100.798
internal_count=35164 30149 988 535 5015 4274 29161 26609 295 160 26314 762 234 121 25552 19860 2412 520 1892 248 272 154 1738 855 307 165 17448 4318 13130 7616
is_linear=0
shrinkage=0.05


Tree=63
num_leaves=31
num_cat=0
split_feature=38 23 24 21 19 21 38 24 0 14 24 19 2 21 12 31 38 13 14 24 24 2 13 31 24 24 14 13 0 24
split_gain=7.76611 6.49941 6.93937 6.07667 6.30026 8.04926 7.79365 7.51663 8.10485 9.48539 8.61533 7.31572 7.28375 7.02689 6.63877 5.88199 5.86424 5.77271 7.24878 5.65004 5.8915 5.08698 5.04349 4.79425 5.28972 5.01031 4.52691 6.05582 8.49288 7.15063
threshold=57.95000000000001 1.0000000180025095e-35 1.0000000180025095e-35 40.083640046296303 15.448790509259261 16.503090277777783 15.450000000000001 27.880381944444448 365.17000000000002 7312.0000000000018 23.206012731481483 8.0801273148148169 0.23897986790131046 14.81623263888889 1497.2550000000003 20.500000000000004 417.55000000000007 36.500000000000007 80737.770000000004 7.8117766203703711 1.4903125000000002 1.3577449292888641 9.5000000000000018 9.5000000000000018 0.20006365740740742 9.0817418981481506 23463.225000000002 18.500000000000004 3175.6100000000001 37.827957175925931
decision_type=2 2 2 2 2 2 2 2 2 2 2 2 2 2 2 2 2 2 2 2 2 2 2 2 2 2 2 2 2 2
left_child=1 3 -3 4 5 7 -7 8 9 -1 15 -11 -13 -12 -14 23 17 -2 -19 20 -17 -5 -8 -10 -25 -26 -6 28 29 -28
right_child=16 2 -4 21 26 6 22 -9 10 11 13 12 14 -15 -16 19 -18 18 -20 -21 -22 -23 -24 24 25 -27 27 -29 -30 -31
leaf_value=-0.026466656912938272 -0.010118146332138332 0.0095161105262481401 0.059889519983560228 -0.00092168108096762783 -0.020753850310984468 -0.027329328368296692 0.00099968803888428911 -0.023472985861035932 0.019041063499961861 0.035465366954429173 0.024827771176340496 0.0061766271189919184 0.01179339512746262 0.135321161683853 0.22502967333186119 -0.0091370912859470525 0.023082738333199147 0.071947649282197781 -0.0065526715694933487 -0.0015609859058068323 0.11127590048717184 0.089243030310239266 0.083116627859818826 0.03701175084749108 -0.023425634469634773 0.0014401310610050958 0.025810233341623353 -0.014179413338591504 -0.0082472292707174901 0.12062309371715707
leaf_weight=3.0294747692532829 184.48140378901735 18.347795407753441 10.365888850763438 2.6150065902620545 35.725116127636284 2.3019606554880729 2.4339038562029582 18.254956127610058 22.095914000179619 8.2425426505506021 7.0972490338608605 0.94580173213034813 0.60266141779720761 1.0589577965438364 0.81386326998472214 1.2269595428369933 15.487655176781116 3.9804520099423808 6.8168215434998274 4.0818003821186721 2.5258066677488387 2.8198133357800543 7.4355752281844616 5.4850709279999128 36.4419772811234 43.904521479271352 12.891576474998148 30.106534030288458 15.892075215000657 1.5928334081545461
leaf_count=217 14971 957 151 198 2779 113 70 1279 1113 265 405 29 46 20 52 60 679 327 530 210 141 110 138 510 2828 2806 864 2259 1001 102
internal_value=0 0.00689784 0.0291049 0.00443407 0.00325203 0.00907609 0.046641 0.00586285 0.0098974 0.0451155 0.00569232 0.0660828 0.130592 0.052386 0.176731 0.00198196 -0.00561485 -0.00799688 0.0260323 0.0412082 0.078268 0.0524583 0.0648209 -0.00121768 -0.00659219 -0.00998732 -0.00690552 0.0014787 0.016955 0.0433533
internal_weight=0 298.336 28.7137 269.622 264.187 167.979 12.1714 155.808 137.553 13.6343 123.918 10.6049 2.36233 8.15621 1.41652 115.762 210.766 195.279 10.7973 7.83457 3.75277 5.43482 9.86948 107.927 85.8316 80.3465 96.2081 60.483 30.3765 14.4844
internal_count=35230 18723 1108 17615 17307 10302 321 9981 8702 609 8093 392 127 425 98 7668 16507 15828 857 411 201 308 208 7257 6144 5634 7005 4226 1967 966
is_linear=0
shrinkage=0.05


Tree=64
num_leaves=31
num_cat=0
split_feature=41 19 19 38 13 10 11 38 15 12 15 0 0 19 31 40 3 3 12 15 15 9 40 3 13 0 20 19 19 19
split_gain=7.72479 5.1091 4.828 4.69448 7.18612 4.86018 4.96146 6.7647 8.93164 6.16515 6.54505 5.75606 10.7404 9.11545 5.10187 4.94339 9.46473 9.14124 4.93989 4.80373 4.40274 5.66097 4.3592 4.26328 3.99983 4.43157 3.91896 3.90784 3.89908 3.68906
threshold=1.0000000180025095e-35 31.748449074074077 31.13651620370371 13.350000000000003 2.5000000000000004 12791.080000000004 2.5000000000000004 35.750000000000007 4614.0000000000009 1409.5750000000003 760.50000000000011 1777.4850000000004 5076.0300000000016 21.087199074074078 9.5000000000000018 0.44160254373269681 1.2939814117005641 0.67329833932539296 94732.095000000016 2231.5000000000005 55724.500000000007 1.0000000180025095e-35 1.0433808175802513 -0.84498478356949358 2.5000000000000004 1314.0800000000002 2.5000000000000004 11.94824652777778 10.093015046296298 18.04981481481482
decision_type=2 2 2 2 2 2 2 2 2 2 2 2 2 2 2 2 2 2 2 2 2 2 2 2 2 2 2 2 2 2
left_child=1 2 3 24 -5 6 7 8 9 -6 -11 -10 13 14 -13 16 -16 -17 -8 23 21 26 -3 -7 25 -1 -4 -12 -2 -14
right_child=28 22 20 4 5 19 18 -9 11 10 27 12 29 -15 15 17 -18 -19 -20 -21 -22 -23 -24 -25 -26 -27 -28 -29 -30 -31
leaf_value=-0.026671583184038644 0.036704373320212279 -0.008054301319655453 0.15074059021647451 -0.037318104902420247 -0.0039430866525131314 -0.024062876296270949 -0.0067581739830071784 0.0024058235899820563 -0.010149653360139108 0.017613238306877218 0.16504657306314374 0.0010874999797934961 -0.032516717953544494 -0.020445858044459392 0.18725663362709799 -0.031634895734652772 -0.017760469468556611 0.098766716078584504 0.032438486850710158 -0.03412426881052176 -0.023032299681077742 -0.019572507523728001 -0.042654462583225056 0.053500143124138436 -0.013357433264428946 0.074081424631552747 -0.011500282683254632 0.026982141137455552 -0.0014938870741101073 0.03366974304830736
leaf_weight=1.1194170499220484 19.502944355830554 36.269723801407963 0.9880365347489708 10.169556638691573 1.9437800189480174 1.5004854388535012 139.47815637290478 129.21334142051637 14.0808282205835 2.2264726087450981 2.0244658105075364 1.481383328326048 5.534621304832398 2.1491773882880807 1.9264172278344633 1.6505486639216544 0.49655211716890324 2.2392731024883687 7.5410848474130026 1.6444901023060072 0.81647956231608976 0.6251994683407246 11.466276912018655 10.454955959692596 79.831595845986158 1.81139470776543 0.29373293975368142 1.1666374513879416 9.7968765646219236 2.1721191396936774
leaf_count=123 473 3348 80 935 91 53 9490 9123 1078 48 64 64 234 141 102 131 20 98 251 99 67 46 1144 238 6592 171 27 70 563 131
internal_value=0 -0.00173721 2.27272e-05 -0.000476474 0.00213611 0.00346535 0.00215245 0.00799258 0.0259381 0.0721007 0.0957475 0.0133531 0.0316419 0.0635824 0.0864427 0.103585 0.152327 0.0482804 -0.00454208 0.0316735 0.0567089 0.0870289 -0.01707 0.0426595 -0.0110785 0.0386037 0.124815 0.133053 0.0243044 -0.0121377
internal_weight=0 472.316 424.58 421.857 339.094 328.925 315.325 168.306 39.0923 7.36136 5.41758 31.7309 17.6501 9.94335 7.79417 6.31279 2.42297 3.88982 147.019 13.5999 2.72345 1.90697 47.736 11.9554 82.7624 2.93081 1.28177 3.1911 29.2998 7.70674
internal_count=35095 34059 29567 29347 22461 21526 21136 11395 2272 273 182 1999 921 556 415 351 122 229 9741 390 220 153 4492 291 6886 294 107 134 1036 365
is_linear=0
shrinkage=0.05


Tree=65
num_leaves=31
num_cat=0
split_feature=23 6 34 0 3 40 40 20 15 31 13 34 33 33 40 40 21 15 21 31 31 11 15 40 39 17 31 14 39 34
split_gain=7.84804 5.24004 4.6043 5.17946 4.85325 3.72678 3.48795 3.33407 5.16457 4.61597 3.68486 3.68475 3.46099 4.86334 4.42859 6.69102 4.18409 5.07677 4.18014 4.06108 4.49459 4.05783 7.28865 4.02697 4.62144 3.84338 3.48277 3.90003 3.40672 3.28406
threshold=1.0000000180025095e-35 2.5000000000000004 1.0000000180025095e-35 1288.0300000000002 -0.90795263841934248 0.89243754862862379 0.11156998162421 1.0000000180025095e-35 375.50000000000006 19.500000000000004 2.5000000000000004 1.0000000180025095e-35 0.02409988385598142 0.52086956521739147 0.74444342497990046 0.29780642145517333 1.3163020833333337 495.50000000000006 32.762899305555564 3.5000000000000004 18.500000000000004 9.5000000000000018 7930.5000000000009 1.9125174217886294 162.05000000000004 2.5000000000000004 22.500000000000004 47037.305000000008 983.30000000000007 1.0000000180025095e-35
decision_type=2 2 2 2 2 2 2 2 2 2 2 2 2 2 2 2 2 2 2 2 2 2 2 2 2 2 2 2 2 2
left_child=1 7 3 -2 5 -5 -6 8 -1 10 -10 -11 21 14 15 16 -14 -18 -19 -17 29 26 -23 -16 -25 -15 28 -28 -9 -21
right_child=2 -3 -4 4 6 -7 -8 12 9 11 -12 -13 13 25 23 19 17 18 -20 20 -22 22 -24 24 -26 -27 27 -29 -30 -31
leaf_value=0.061843893376996889 -0.018050365842006505 0.047456004056330506 0.045450107331622421 0.13380455589288567 -0.019986831254553361 -0.0084189646770360237 0.026572033911004812 -0.0030789571621353622 0.040318474543033035 -0.021661865789027956 -0.043770313314240646 0.095148762501310297 0.06250405720372916 0.045277332141577468 -0.011174713582615743 -0.0061221563431063395 0.044586429562797708 -0.033258998124706715 0.031917686778612973 0.089727285529755438 0.0058396563734325474 0.0019762562580185193 0.1175586317835422 0.089327558350773981 -0.024182504364358346 -0.025925188294943183 0.060678344533964992 -0.026938114327721942 0.038707971880507619 -0.0031644578702724213
leaf_weight=0.77521514985710638 9.8206664081662911 4.8147778138518325 13.471912329085169 0.62852886784821993 4.473250379785898 0.48652596771717072 15.892006070353089 362.19648736994714 0.65733592677861352 0.7509614573791612 13.806824733503161 0.37559293303638697 1.9047449696809113 1.3106053359806527 15.620336243417116 2.200254986062645 3.2464359924197188 9.3161999466828984 2.3618252929300061 8.0871553537435794 2.7436910350807002 4.4319808818399897 0.99327916791662563 1.3141743629239493 0.90337666403502215 11.087050549220292 3.3383586104027918 1.1255413517355917 3.9476180812343946 0.98822968406602818
leaf_count=36 695 51 369 42 253 27 667 27089 78 80 1612 32 95 49 913 105 62 678 166 427 182 225 43 68 72 682 133 89 78 61
internal_value=0 0.00029253 0.0220061 0.0108212 0.0242368 0.0971084 0.0158885 -0.000311535 -0.0217976 -0.0294334 -0.0375887 0.0437124 0.000540831 0.0114788 0.0185442 0.0297166 0.00757672 -0.00291824 -0.0185995 0.05402 0.0648203 -0.00126171 0.0381404 -0.00132904 0.0499421 -0.0155804 -0.00193959 0.0376995 -0.00252422 0.0803021
internal_weight=0 458.298 44.7729 31.301 21.4803 1.11505 20.3653 453.483 16.3659 15.5907 14.4642 1.12655 437.117 61.0841 48.6864 30.8485 16.8292 14.9245 11.678 14.0193 11.8191 376.033 5.42526 17.8379 2.21755 12.3977 370.608 4.4639 366.144 9.07539
internal_count=35159 33106 2053 1684 989 69 920 33055 1838 1802 1690 112 31217 3560 2829 1776 1001 906 844 775 670 27657 268 1053 140 731 27389 222 27167 488
is_linear=0
shrinkage=0.05


Tree=66
num_leaves=31
num_cat=0
split_feature=31 19 19 24 3 19 24 11 14 39 39 3 40 0 19 0 10 31 2 14 0 13 24 12 2 3 19 0 39 33
split_gain=7.26277 6.60498 5.01665 6.00579 10.1167 6.85802 7.5077 8.23135 7.86964 6.48798 8.29375 6.35014 7.96983 8.73549 6.07135 6.60596 5.96909 5.84796 5.53795 5.3791 5.36845 5.20604 5.19973 6.90651 6.59939 6.40345 5.61696 5.19092 4.54815 4.48092
threshold=5.5000000000000009 12.109392361111114 31.296290509259261 20.206365740740743 -0.36458494436112016 27.854016203703708 7.8117766203703711 3.5000000000000004 17688.995000000003 121.35000000000001 161.05000000000004 0.0097777445063280035 1.0008222506444351 998.18000000000018 11.139357638888891 189.56500000000003 471.79000000000008 10.500000000000002 0.86896114084875586 255953.81500000003 7957.5200000000013 11.500000000000002 23.206012731481483 1383.0500000000002 1.0663134700683445 1.4487043663701498 28.67311342592593 7049.0850000000009 123.65000000000002 0.46589147286821714
decision_type=2 2 2 2 2 2 2 2 2 2 2 2 2 2 2 2 2 2 2 2 2 2 2 2 2 2 2 2 2 2
left_child=1 29 3 5 19 14 7 8 -7 21 18 12 13 -12 15 -2 20 -10 -11 -5 -15 27 28 24 -24 26 -26 -6 -20 -1
right_child=2 -3 -4 4 9 6 -8 -9 17 10 11 -13 -14 16 -16 -17 -18 -19 22 -21 -22 -23 23 -25 25 -27 -28 -29 -30 -31
leaf_value=0.05593766020897481 0.037186082083506669 -0.0097164174139169977 -0.01447110163426699 -0.014957501190522507 -0.037534974789009259 -0.015859781024879751 -0.02812494228550565 -0.022008321365145564 -0.01001095303076042 0.12601442546091546 -0.012195515202297216 0.0044075434315453688 -0.028227396832718139 0.16021792057912759 -0.016153721361135784 -0.0012507437818292343 -0.0056540650371530582 0.21291067847157419 0.073179994125552206 0.039088024825877213 -0.013070984701438549 0.014629181650652119 -0.019524721283002418 0.029779341779485088 0.19189429950725731 0.017882727665253294 -0.010860826273297685 0.022147345853245137 -0.034308253518454651 0.0036677097825946873
leaf_weight=13.932297076098626 10.90389850316569 8.6143219210207445 49.223838720936328 43.20120346872136 10.36963244481012 0.45611680392175902 1.2406338537111876 0.74965359456837166 0.24580136220902182 1.6551271206699336 1.5980006186291564 31.176633241586387 1.6779887001030145 2.5454462352208802 68.226416484918445 182.63877397309989 0.74812354240566481 0.89903904916718602 0.30006943037733735 4.1768559254705897 0.34777322271838773 40.434782181866467 0.62559149507433121 11.770678780972956 1.6771458764560523 1.2540911948308346 0.27359456010162819 4.5710220686160019 3.1946129784919322 5.8555422434583297
leaf_count=233 290 574 4584 3445 861 39 108 58 19 89 119 1740 131 147 5652 12730 39 72 18 233 29 2590 48 588 109 31 26 187 227 271
internal_value=0 0.0260867 0.000479514 0.00223295 0.00980123 -0.00239546 0.0582055 0.0985651 0.141779 0.0178133 0.0292367 0.0147104 0.0547238 0.0815566 -0.00344519 0.00109474 0.116463 0.182696 0.0540015 -0.00948336 0.141381 0.0053708 0.0417997 0.0535368 0.105263 0.128473 0.169414 -0.0190316 -0.0108508 0.0413906
internal_weight=0 28.4022 476.183 426.959 161.598 265.36 3.59124 2.35061 1.60096 114.22 58.8449 38.094 6.91733 5.23934 261.769 193.543 3.64134 1.14484 20.7509 47.3781 2.89322 55.3754 19.0958 15.6011 3.83042 3.20483 1.95074 14.9407 3.49468 19.7878
internal_count=35287 1078 34209 29625 10657 18968 296 188 130 6979 3341 2205 465 334 18672 13020 215 91 1136 3678 176 3638 1047 802 214 166 135 1048 245 504
is_linear=0
shrinkage=0.05


Tree=67
num_leaves=31
num_cat=0
split_feature=19 21 24 19 24 2 5 24 21 13 31 10 10 25 17 19 12 13 14 21 14 13 3 2 3 12 12 13 12 12
split_gain=7.33494 13.716 9.53361 8.82912 7.33198 6.3345 6.30255 6.25785 7.46825 6.41851 10.4122 7.46083 6.7758 6.21367 5.9761 5.92454 6.08429 6.56163 5.46131 5.2785 6.19473 5.58328 5.11551 5.84396 5.09336 5.05453 9.08661 6.06264 7.17965 6.92421
threshold=4.8845254629629631 3.3163194444444448 14.963761574074075 13.276649305555557 25.679039351851856 0.076593605290356553 1.0000000180025095e-35 27.22579282407408 17.232853009259262 21.500000000000004 16.500000000000004 1819.9200000000003 509.08500000000009 1.5000000000000002 8.5000000000000018 29.55813078703704 27950.060000000005 18.500000000000004 11767.430000000002 41.245567129629642 35269.310000000005 12.500000000000002 -1.3153301963462893 0.8924632302926554 -0.48943248864145505 1132.49 892.5350000000002 35.500000000000007 13265.665000000003 6874.9550000000008
decision_type=2 2 2 2 2 2 2 2 2 2 2 2 2 2 2 2 2 2 2 2 2 2 2 2 2 2 2 2 2 2
left_child=1 5 -2 7 13 -1 -7 9 -9 11 12 -4 22 -5 -3 16 17 18 -6 25 21 -21 -11 -24 -13 26 -17 -27 29 -29
right_child=2 14 3 4 15 6 -8 8 -10 10 -12 24 -14 -15 -16 19 -18 -19 -20 20 -22 -23 23 -25 -26 27 -28 28 -30 -31
leaf_value=0.045539605097938231 -0.018966505929006103 0.018066225674471435 -0.0008005414930589204 -0.019077587600697589 -0.014488287275983487 -0.0087097428027639919 0.030578950480086128 -0.037363118301759528 0.055997833764490905 0.0060691871039802144 -0.029173362107473455 -0.021205495259408687 0.022467770049996977 0.047629538766473724 0.059820857218917833 -0.0042258341837843466 0.059828437262251982 -0.017919709226040702 0.031895269414486345 -0.016855047995131513 -0.026041952472201875 0.14413370181156024 0.23632891701256079 0.042233801431012463 0.10590276584258967 -0.025320606137054277 0.098549762867530533 -0.021710005387196387 -0.031671315030698095 0.13077687813965747
leaf_weight=5.4380972273647776 95.936190550681204 54.242668118793517 11.72015611082316 72.303085166029632 7.6483623334206632 115.79009555839002 10.206909334287046 6.2347160419449192 2.0665573887526989 0.59634987358003844 1.3061049524694679 0.65637603495270047 1.9942365936003623 2.7286203824914983 9.6490188986062986 10.42032376443967 5.8907847437076262 14.59570900397375 25.993386501446366 0.49864061456173592 1.0520874992944298 0.79787471424788237 0.91379270702600468 1.158500683493912 2.2365799695253363 37.538956387899816 1.6860713060013939 0.74846283998340313 1.6639740308746693 1.2074845526367424
leaf_count=124 8086 1991 680 5857 568 8657 80 424 38 22 96 24 69 107 207 984 269 1088 1661 45 83 54 47 94 40 3390 163 68 144 99
internal_value=0 0.00638595 -0.00596126 -6.0508e-05 -0.00411783 -0.00287936 -0.00531128 0.0251644 -0.0105997 0.0394117 0.0793705 0.0190516 0.109557 -0.0160572 0.0251968 0.00411649 0.0157534 0.00926512 0.0212363 -0.00728773 0.0538835 0.101839 0.150774 0.176886 0.0790244 -0.0109282 0.0165149 -0.0192005 0.0360087 0.0848218
internal_weight=0 195.327 309.593 213.657 184.774 131.435 125.997 28.8834 8.30127 20.5821 5.96898 14.6131 4.66288 75.0317 63.8917 109.742 54.1282 48.2375 33.6417 55.6139 2.3486 1.29652 2.66864 2.07229 2.89296 53.2653 12.1064 41.1589 3.61992 1.95595
internal_count=35259 11059 24200 16114 14580 8861 8737 1534 462 1072 328 744 232 5964 2198 8616 3586 3317 2229 5030 182 99 163 141 64 4848 1147 3701 311 167
is_linear=0
shrinkage=0.05


Tree=68
num_leaves=31
num_cat=0
split_feature=23 39 14 34 0 0 19 39 6 17 0 0 38 38 31 38 18 39 40 40 2 14 31 39 39 14 40 38 3 38
split_gain=6.35251 5.3541 5.02537 4.88521 6.74985 6.87008 4.30783 5.61479 4.24452 4.02642 3.52735 5.70461 4.17914 6.00882 3.60288 3.88685 5.51424 5.03121 4.59428 4.03938 3.49797 3.42113 5.92461 6.23271 8.30614 5.75881 5.42744 5.0123 4.54525 4.42394
threshold=1.0000000180025095e-35 418.65000000000003 10338.595000000001 1.0000000180025095e-35 1288.0300000000002 1516.0750000000003 30.320046296296301 54.750000000000007 2.5000000000000004 5.5000000000000009 946.07000000000005 1371.8750000000002 39.550000000000004 28.750000000000004 16.500000000000004 62.050000000000004 1.0000000180025095e-35 75.550000000000011 0.20377016552911634 0.33852158889739309 0.14112139419481282 15768.555 18.500000000000004 112.65000000000002 114.55000000000001 15090.275000000003 0.43139727784315884 32.550000000000004 -0.52563965884157249 67.15000000000002
decision_type=2 2 2 2 2 2 2 2 2 2 2 2 2 2 2 2 2 2 2 2 2 2 2 2 2 2 2 2 2 2
left_child=1 2 6 4 20 -6 10 -8 21 -9 -1 14 13 -13 15 16 -12 -18 -17 -20 -2 22 23 -4 -25 27 -27 -26 -24 -28
right_child=3 -3 8 -5 5 -7 7 9 -10 -11 11 12 -14 -15 -16 18 17 -19 19 -21 -22 -23 28 24 25 26 29 -29 -30 -31
leaf_value=-0.030141324229173844 0.032521032628261885 0.022586124965899117 -0.017622148964478401 0.044128119607645844 0.09912923175960181 0.012533322628407867 0.091633813274430098 -0.037519475224844917 0.043723370407041585 0.042017939660883068 -0.03574808159984566 -0.02133169308517786 -0.040029345695042115 0.053948038775854718 -0.020859942701283888 -0.019522270825523408 0.12111675541376661 -0.020482227477661909 0.17648356963631437 0.034928844900244213 -0.036495524478722986 -0.0023604403710298185 -0.016586956007382012 0.12671932933971827 0.046332133759253089 -0.011978007342791055 -0.00018388134707832929 -0.011039305610270771 0.061232611394814299 0.13426237774800581
leaf_weight=30.668648978695273 1.4516569115221525 22.457173446193337 19.505911961663514 12.605031618848441 1.6722687706351305 19.313256819266826 1.1137963132932771 2.8859691144898534 4.5573331732302895 1.7071002833545206 2.4080507475882786 7.153366547077896 10.851588036864994 2.9319573338143528 2.3430545246228576 0.62824911298230324 0.45888131950050615 0.67180320946499705 0.32365940464660559 1.9264527158811686 8.5482065393589419 308.3795563140884 1.9415248986333606 0.68764294963330286 3.7687018346041503 1.3901868467219167 0.82581837195903096 17.88022076478228 7.467715186532585 1.3318246142007408
leaf_count=2807 25 1035 1585 369 120 866 114 310 55 178 234 549 778 124 204 60 40 55 30 178 679 22457 162 44 100 83 31 1413 463 105
internal_value=0 -0.000684128 -0.00193794 0.0190875 0.00783971 0.0236288 -0.0145244 0.024101 0.000356764 -0.0057308 -0.0185092 -0.00590594 -0.019885 0.00344566 0.0261185 0.0437713 0.00454343 0.0668577 0.0783926 0.103326 -0.0244309 -0.000305985 0.0110904 0.00321466 0.0189882 0.0113232 0.0624718 0.000552768 0.0451243 0.0990424
internal_weight=0 456.266 433.809 43.5904 30.9854 20.9855 66.0726 5.70687 367.736 4.59307 60.3657 29.6971 20.9369 10.0853 8.76015 6.4171 3.53874 1.13068 2.87836 2.25011 9.99986 363.179 54.7995 45.3903 25.8844 25.1968 3.54783 21.6489 9.40924 2.15764
internal_count=35253 33194 32159 2059 1690 986 5661 602 26498 488 5059 2252 1451 673 801 597 329 95 268 208 704 26443 3986 3361 1776 1732 219 1513 625 136
is_linear=0
shrinkage=0.05


Tree=69
num_leaves=31
num_cat=0
split_feature=9 20 6 19 21 19 2 14 14 13 39 17 14 19 0 14 14 31 21 12 40 20 19 19 21 2 2 10 24 2
split_gain=6.21733 5.22446 4.87061 4.25676 7.72484 9.11426 6.68898 5.04798 10.5003 6.75869 5.99982 5.27569 6.12955 5.4641 5.00967 5.88375 13.0686 7.34411 7.19513 6.719 6.61239 4.74708 9.13473 11.2595 5.04125 4.82527 6.46032 6.01148 5.01275 4.38099
threshold=3.5000000000000004 1.0000000180025095e-35 2.5000000000000004 33.244577546296306 23.392488425925929 20.780341435185189 0.57552840189194643 74150.680000000008 76811.225000000035 18.500000000000004 47.150000000000013 9.5000000000000018 96475.11500000002 29.55813078703704 3127.7050000000004 44912.084999999999 60114.135000000017 16.500000000000004 41.245567129629642 2083.5650000000005 1.0433808175802513 2.5000000000000004 8.819178240740742 3.3104918981481486 10.30722800925926 2.0678504951061076 0.60307380082967665 1723.3350000000003 2.9573321759259263 1.0597443267966284
decision_type=2 2 2 2 2 2 2 2 2 2 2 2 2 2 2 2 2 2 2 2 2 2 2 2 2 2 2 2 2 2
left_child=1 -1 3 4 21 6 -6 9 -9 -7 29 12 -10 -14 15 18 17 20 -5 -20 -17 -3 23 24 -23 26 -25 28 -28 -11
right_child=-2 2 -4 14 5 7 -8 8 11 10 -12 -13 13 -15 -16 16 -18 -19 19 -21 -22 22 -24 25 -26 -27 27 -29 -30 -31
leaf_value=-0.026169443094008229 0.04222610109409957 0.0007757693632577257 0.046509353019316059 -0.026948585234695895 -0.02963516602056256 0.0092817652973895114 0.056741424690198362 0.14203080225923709 -0.029377335007284507 -0.027329459164090034 -0.040575368937139179 -0.015312499481320147 0.065654562339498193 -0.0057813806048867961 -0.042352284005083458 0.18889835903646301 -0.015146010217361814 -0.018257307675108744 -0.02455382290207923 0.12123854577993505 -0.01310022368297206 -0.033284076874495104 -0.03986259578139658 -0.0096170291471406634 0.021801542393081907 -0.019655448332088332 -0.017384498810433826 -0.022314166941932737 0.11714541208741472 0.074405197204325244
leaf_weight=17.289134724996984 7.8980058813467613 279.61561714624986 4.8236150955781332 18.107948048505939 1.9626728803850735 43.684525229502469 15.382639688905327 0.81852121930569666 2.5589387766085592 1.1764297354966431 13.655296364333479 8.1262316708452982 8.9582477188669127 3.4525406197644761 10.941393798217176 1.0902443462982767 4.6363375405780971 0.56399771105498064 0.93779928004369029 0.74579121032729745 0.35023741051554669 14.800076569896197 21.290670042857528 2.2611430361866933 4.8519065072759977 1.9279330940917132 0.5228880289942025 0.78044773172587145 4.3666869150474668 1.4034471800550816
leaf_count=1942 167 18659 52 1940 77 3378 374 61 188 113 1175 631 503 276 1031 107 426 56 79 48 38 1011 1929 169 69 98 46 54 396 118
internal_value=0 5.39241e-05 0.00106394 0.00049854 0.00191325 0.0139292 0.045885 0.00685463 0.0257702 -0.000993841 -0.0275771 0.0159265 0.0327814 0.0468326 -0.0154629 -0.00319413 0.0344509 0.116027 -0.0168749 0.0611408 0.154541 -0.00179717 -0.0157004 0.00246652 -0.0192868 0.0436101 0.0594678 0.0843294 0.10225 0.0333387
internal_weight=0 491.083 473.794 468.971 431.597 101.179 17.3453 83.8342 23.9145 59.9197 16.2352 23.096 14.9697 12.4108 37.3737 26.4324 6.64082 2.00448 19.7915 1.68359 1.44048 330.417 50.8018 29.5111 19.652 9.8591 7.93117 5.67002 4.88957 2.57988
internal_count=35211 35044 33102 33050 29325 6894 451 6443 1659 4784 1406 1598 967 779 3725 2694 627 201 2067 127 145 22431 3772 1843 1080 763 665 496 442 231
is_linear=0
shrinkage=0.05


Tree=70
num_leaves=31
num_cat=0
split_feature=19 21 20 15 31 31 15 13 25 23 40 10 1 31 21 15 39 3 39 40 12 39 19 15 1 20 1 1 40 39
split_gain=5.3841 11.5408 6.48392 6.81506 6.8212 6.03861 7.55197 5.20712 4.67153 4.65565 6.2153 4.57415 6.79963 5.88526 6.43503 5.82355 5.28752 4.2788 4.22556 4.46163 4.87607 4.18574 6.11119 5.5224 6.27095 4.09036 3.97354 7.31972 4.01297 3.95162
threshold=11.067482638888892 16.947013888888893 1.5000000000000002 260737.50000000003 13.500000000000002 10.500000000000002 68021.000000000015 11.500000000000002 1.5000000000000002 1.0000000180025095e-35 1.3000996624083621 1180.6800000000001 8.2077970609741033 3.5000000000000004 1.5057928240740741 3218.5000000000005 240.05000000000004 1.2456925852098848 274.25000000000006 1.2381533259338835 4561.6650000000009 327.60000000000008 6.7966608796296306 4508.5000000000009 7.1718872095290704 1.5000000000000002 8.2077970609741033 8.5324817203446788 0.56456879548665306 261.05000000000007
decision_type=2 2 2 2 2 2 2 2 2 2 2 2 2 2 2 2 2 2 2 2 2 2 2 2 2 2 2 2 2 2
left_child=1 5 3 -2 -5 6 11 17 -4 10 18 12 13 -1 -15 -16 -17 -3 19 -7 -21 22 23 -20 -25 26 28 -28 -11 -8
right_child=2 7 8 4 -6 9 29 -9 -10 25 -12 -13 -14 14 15 16 -18 -19 21 20 -22 -23 -24 24 -26 -27 27 -29 -30 -31
leaf_value=-0.011907835315527929 0.0025058517192466344 -0.019156415010373355 -0.014717829050276339 -0.019306926642336658 0.15366222293070958 -0.0045231479546377507 -0.021776513837382858 0.060988455548618703 0.042492026937390716 -0.017967355035668115 -0.030719474123893004 -0.0025288083617335845 0.00070679437447122796 0.020355749872648633 0.011100681696521553 0.10758476512110615 0.0070922125775589456 0.045457822982754102 -0.0054892512230732549 0.096948364277567284 -0.019093182128274912 0.0029282870275238321 -0.028212239267038138 0.17248881844606964 0.029449967886088266 -0.013067522994480042 0.12650509253164402 0.0047099503524096614 0.043805287446817796 0.039389439062952641
leaf_weight=3.1261543305590775 130.9486730126664 4.962443155236544 99.06734764855355 0.60860546119511016 0.4712659795768559 125.97721407935023 13.964516395237299 12.563804410398005 2.7533181877806774 4.3267987887375075 17.591517215594649 9.7607729001902026 10.054182685911654 8.5229852250777203 2.9452438880689433 9.1104448223486525 1.6729968865402032 3.5566642675548792 1.3539644279517222 1.2560747088864439 1.0486426251009104 9.9905590638518316 1.2225612928159533 1.0161474784836175 2.0727726314216852 5.203149775043129 1.8143784329295147 2.3397919917479157 4.3884210879914463 2.2555299005471161
leaf_count=127 10192 126 8563 44 39 9480 980 189 125 240 1155 429 441 612 122 609 106 37 75 87 60 560 106 71 117 220 34 82 166 110
internal_value=0 0.00706319 -0.00335374 0.00395152 0.0937658 0.00387644 0.0172746 0.0416681 -0.0127726 -0.000775183 -0.00351343 0.027619 0.0357655 0.0491017 0.0578165 0.0781117 0.0939188 0.0097611 5.89562e-07 -0.00305324 0.0543489 0.023704 0.0544046 0.078145 0.107181 0.0225998 0.0369228 0.0721287 0.0144446 -0.0114774
internal_weight=0 262.098 233.849 132.029 1.07987 241.015 61.4128 21.0829 101.821 179.602 161.529 45.1928 35.432 25.3778 22.2517 13.7287 10.7834 8.51911 143.938 128.282 2.30472 15.656 5.66545 4.44288 3.08892 18.0725 12.8694 4.15417 8.71522 16.22
internal_count=35304 16341 18963 10275 83 15989 3536 352 8688 12453 11711 2446 2017 1576 1449 837 715 163 10556 9627 147 929 369 263 188 742 522 116 406 1090
is_linear=0
shrinkage=0.05


Tree=71
num_leaves=31
num_cat=0
split_feature=38 39 17 13 14 15 31 31 0 2 19 21 12 2 19 24 3 17 39 14 38 17 2 19 2 38 3 3 11 15
split_gain=6.75584 11.3258 6.16916 12.9735 5.86555 9.96871 9.27093 7.14914 6.36426 6.19153 4.99694 6.4804 5.24409 4.6349 6.24766 11.2566 9.86478 6.37177 4.58465 5.2686 5.60683 6.07875 5.48813 5.29446 5.38663 5.09922 4.79006 4.29521 4.87632 4.20951
threshold=57.95000000000001 232.35000000000005 7.5000000000000009 18.500000000000004 25368.440000000002 14697.000000000002 9.5000000000000018 10.500000000000002 3035.1700000000005 0.52365641765863968 5.6275173611111127 4.8607407407407415 6186.0900000000011 1.046905134854121 31.13651620370371 33.205995370370381 0.85856440734636363 9.5000000000000018 137.65000000000001 98798.775000000009 36.650000000000013 3.5000000000000004 2.7506162458186689 24.202546296296301 2.81578244746215 14.65 -2.0880284660549768 -3.0077828663543817 1.5000000000000002 10279.500000000002
decision_type=2 2 2 2 2 2 2 2 2 2 2 2 2 2 2 2 2 2 2 2 2 2 2 2 2 2 2 2 2 2
left_child=1 2 18 4 6 -6 -4 -7 9 -9 11 -5 -13 -12 -15 16 17 -16 26 20 21 -20 -22 24 25 -23 27 -1 -29 -28
right_child=-2 -3 3 10 5 7 -8 8 -10 -11 13 12 -14 14 15 -17 -18 -19 19 -21 22 23 -24 -25 -26 -27 29 28 -30 -31
leaf_value=-0.013928363861105048 -0.0038126858989433925 0.055484003918117447 0.087997879341613031 0.0084413596553426246 0.026526906163667475 0.011492771632853097 -0.0099806364000222803 0.011055243246427031 0.038542425072186803 0.2035326560704005 -0.023053409017591026 -0.018402142823453677 0.099188266354699656 -0.0049360310388373583 -0.011013858660851071 -0.011526225276020055 -0.019780294698753628 0.20995283621002209 -0.027766740536750961 -0.027944412705486671 -0.014022391238867744 -0.002524401949770055 0.0537969977957235 -0.016161155448651196 -0.0065210504955372827 0.10426711684459783 0.0050077410795486329 -0.014333037842587187 0.082640873763766165 -0.011878096501419079
leaf_weight=2.7785937921144068 204.74597441917285 11.062663718126712 2.2110991771332946 17.874652615282688 9.9002297413535434 1.7642663894221176 9.0825968696735782 0.62016341229900751 2.0316064730286598 2.1414755312725902 19.961272741667926 0.88056100066751186 2.9874025862663984 17.838962085079405 0.27792092459276208 2.8356850487180054 0.63848535809665907 0.92003042856231332 1.6572591341100693 4.4587040198966852 10.692802091594784 1.2501138155348579 3.0092205880209795 1.5320184668526042 1.5963024739176024 6.8129961062222719 62.814444702118635 1.4409536700695742 3.5924169630743563 86.993228456936777
leaf_count=69 16431 174 106 903 365 104 565 39 98 133 1639 32 67 1184 25 244 50 71 95 172 554 34 52 81 21 205 4056 88 168 7438
internal_value=0 0.00801449 0.00595258 0.0164945 0.0444154 0.0627268 0.0147994 0.106638 0.13363 0.174739 0.00393202 0.0228745 0.0741372 -0.00606818 0.00933307 0.05508 0.125732 0.177002 0.000752977 0.0180105 0.026462 0.0489089 0.00351809 0.0616095 0.0743031 0.0892584 -0.00273434 0.033126 0.0571049 -0.0048116
internal_weight=0 291.658 280.595 91.9664 27.7514 16.4577 11.2937 6.55751 4.79325 2.76164 64.215 21.7426 3.86796 42.4724 22.5111 4.67212 1.83644 1.19795 188.629 31.0094 26.5507 12.8487 13.702 11.1914 9.65941 8.06311 157.62 7.81196 5.03337 149.808
internal_count=35263 18832 18658 5625 1410 739 671 374 270 172 4215 1002 99 3213 1574 390 146 96 13033 1214 1042 436 606 341 260 239 11819 325 256 11494
is_linear=0
shrinkage=0.05


Tree=72
num_leaves=31
num_cat=0
split_feature=33 40 31 18 33 31 12 39 12 38 17 2 40 21 1 21 1 39 17 31 47 3 12 24 14 31 21 31 12 1
split_gain=5.16051 4.69385 5.56632 5.38195 5.07747 4.17923 4.11078 7.90689 5.92363 3.79559 4.50542 4.30506 3.77683 4.27616 6.28547 6.95651 6.4336 9.97687 6.3531 6.11657 5.76805 5.15223 5.13964 5.40622 5.33589 5.04522 5.11078 6.49441 5.16475 5.03544
threshold=0.03509852216748769 2.1575337606402525 18.500000000000004 1.0000000180025095e-35 0.52086956521739147 22.500000000000004 6186.0900000000011 192.75000000000003 1613.8600000000004 100.85000000000001 6.5000000000000009 0.41552827288419658 2.0946162446496799 20.184560185185187 6.6071973337601682 35.315243055555563 6.8956573937711951 163.95000000000002 6.5000000000000009 10.500000000000002 1.0000000180025095e-35 -0.27379820272190353 968.85500000000013 8.0166030092592617 19623.825000000001 15.500000000000002 24.803362268518523 10.500000000000002 17530.560000000001 8.6969915444363259
decision_type=2 2 2 2 2 2 2 2 2 2 2 2 2 2 2 2 2 2 2 2 2 2 2 2 2 2 2 2 2 2
left_child=5 2 3 4 6 12 7 -2 -9 10 -8 -12 13 29 -15 16 17 18 19 -16 -21 -20 24 25 -18 26 -24 -28 -29 -1
right_child=1 -3 -4 -5 -6 -7 9 8 -10 -11 11 -13 -14 14 15 -17 22 -19 21 20 -22 -23 23 -25 -26 -27 27 28 -30 -31
leaf_value=7.0455451508550783e-06 -0.018881427799642553 0.075481961187377405 -0.015541675200180412 0.046932731468394703 -0.032277849412615474 0.039346585622220903 -0.00040204360796938267 0.093962736526881599 -0.013706778693560651 -0.0140683337884884 -0.021465302453323239 0.077755072712761983 -0.028583829010802086 -0.014418723375406801 -0.014953613626070736 -0.011604183416924636 0.0037395116913777333 -0.014914287958570803 -0.030361626574835588 0.17821447125407266 -0.012229619935453608 0.067657682328849264 -0.012715342479878164 0.0026772444472712015 0.061384379116325466 -0.012378097040297768 -0.00039751382121022878 0.17969919060687747 -0.011328344446298814 -0.016824516673845907
leaf_weight=217.6021949229762 13.041644587181514 2.1067126002162686 13.597022236324845 12.398068546317516 5.2163468771614125 5.6694310610182574 3.4908579494804135 2.2916500526480368 1.7199086477048693 2.6107761105522505 0.82754595484584381 7.2399036441929638 10.678581304848192 26.468003382906318 0.42012632871046518 23.756231748033315 6.920856666751205 3.2058088593184948 1.4966221558861437 2.0539458482526247 0.31622598320245732 2.3051381376571953 0.87971410294994656 62.335180150344968 9.0332355084829015 1.7787055750377474 0.95588646829128299 1.1727442061528561 0.28767722938209761 54.837438783142716
leaf_count=16893 892 107 928 305 398 262 176 102 143 190 37 297 748 2484 41 2152 460 277 134 158 26 152 54 4241 557 131 50 92 24 2809
internal_value=0 0.0151287 0.0119344 0.0197426 0.00948477 7.21073e-05 0.0172473 0.000381371 0.0542768 0.036183 0.0477501 0.0663324 -0.000540777 0.000246228 0.00720659 0.0121829 0.0183074 0.054827 0.0862402 0.133743 0.156716 0.0307838 0.0134162 0.00710925 0.0380736 0.0521471 0.0817441 0.10979 0.15276 -0.00343
internal_weight=0 64.5404 62.4337 48.8367 36.4386 432.174 31.2223 17.0532 4.01156 14.1691 11.5583 8.06745 426.504 415.826 143.386 116.918 93.1619 9.79787 6.59206 2.7903 2.37017 3.80176 83.364 67.4099 15.9541 5.07473 3.29602 2.41631 1.46042 272.44
internal_count=35320 3575 3468 2540 2235 31745 1837 1137 245 700 510 334 31483 30735 11033 8549 6397 788 511 225 184 286 5609 4592 1017 351 220 166 116 19702
is_linear=0
shrinkage=0.05


Tree=73
num_leaves=31
num_cat=0
split_feature=15 47 15 41 11 20 18 14 19 21 40 31 2 2 24 24 11 31 14 21 39 40 0 12 40 39 3 19 16 15
split_gain=4.0604 5.17385 4.68156 5.11201 4.80802 4.62731 4.50262 4.10305 3.93965 5.48793 4.52726 3.79057 4.95654 12.4179 6.46811 4.70107 6.77057 5.47752 6.56347 7.71984 5.08675 4.84989 4.765 4.54161 4.27035 4.18915 4.1008 5.63734 6.14392 8.01685
threshold=1360.5000000000002 1.0000000180025095e-35 200.50000000000003 1.0000000180025095e-35 4.5000000000000009 1.0000000180025095e-35 1.0000000180025095e-35 71646.410000000018 4.8845254629629631 9.8378356481481486 0.037960529112611045 20.500000000000004 0.93801544335113329 0.75454406320902301 4.4667418981481495 8.2539583333333351 1.5000000000000002 9.5000000000000018 14589.780000000001 1.5057928240740741 201.95000000000002 0.69558516846023555 758.59500000000014 2658.8900000000008 0.17495402491837062 117.25000000000001 -0.24313121771247168 3.053894675925926 2.5000000000000004 65892.500000000015
decision_type=2 2 2 2 2 2 2 2 2 2 2 2 2 2 2 2 2 2 2 2 2 2 2 2 2 2 2 2 2 2
left_child=1 2 3 -1 -4 -2 -3 -6 9 11 -11 15 13 -13 -15 16 -7 22 19 24 23 -22 -18 25 -19 -21 -17 -28 29 -29
right_child=5 6 4 -5 7 8 -8 -9 -10 10 -12 12 -14 14 -16 26 17 18 -20 20 21 -23 -24 -25 -26 -27 27 28 -30 -31
leaf_value=-0.010778721153088547 -0.027512666474546116 -0.042103369343364887 0.035823932585568978 0.040348631202918962 -0.019979281790097708 -0.02803506467311976 0.022871778527441849 0.025364769342949674 -0.0030675754373833191 -0.028683170004574533 0.038721339012051763 -0.010791736621804479 0.0040279140683516816 0.19483077303349286 -0.012542945575493911 -0.013235044999711319 -0.028776625586536844 0.037609642542533357 -0.022138322443884938 0.10228645334331168 0.16017789629436763 -0.012816217375019513 0.061460346474426913 -0.030951967077460698 -0.032556246276380534 -0.02004402758872113 0.01354083389784967 0.15391516872103994 -0.022410080754092822 -0.019723225244307988
leaf_weight=23.46981736691669 14.187407511286436 6.8456644597463292 32.535491855815053 5.1099885618314138 8.6901266621425766 25.120858433190733 3.2621417571790516 9.3082047114148718 253.09160975366831 2.1246139295399216 18.304995275568217 1.9866602201946064 6.6884659435600042 0.83160163229331352 0.32888010097667575 10.676448746118693 1.2484037335962046 2.4019633065909165 18.895110261626542 0.96539095928892515 0.89868039451539494 0.33857960440218449 5.3911346546374261 1.5694896224886177 5.0752787352539599 0.65471441205590963 29.615845264401287 1.4374992782250045 0.78000537957996119 0.63125366996973742
leaf_count=1195 1777 443 1234 133 453 1999 81 350 21537 48 265 125 266 44 27 792 85 233 1370 83 60 28 296 138 499 57 1300 72 49 45
internal_value=0 0.0112963 0.015628 -0.000582278 0.0246292 -0.000436686 -0.0209624 0.00357207 0.000618673 0.00745268 0.0307001 0.00311381 0.0312785 0.0742567 0.157458 0.000224462 -0.00848306 0.0050241 -0.00424476 0.0236719 0.0691572 0.128269 0.0429476 0.0210844 -0.00823872 0.0640683 0.0127575 0.0214456 0.0787538 0.11177
internal_weight=0 89.2214 79.1136 28.5798 50.5338 403.245 10.1078 17.9983 389.057 135.966 20.4296 115.536 9.83561 3.14714 1.16048 105.701 62.5596 37.4387 30.7992 11.9041 4.42685 1.23726 6.63954 3.18959 7.47724 1.62011 43.1411 32.4646 2.84876 2.06875
internal_count=35084 3889 3365 1328 2037 31195 524 803 29418 7881 313 7568 462 196 71 7106 4848 2849 2468 1098 366 88 381 278 732 140 2258 1466 166 117
is_linear=0
shrinkage=0.05


Tree=74
num_leaves=31
num_cat=0
split_feature=14 0 3 3 24 2 2 14 0 15 24 39 19 0 13 31 21 19 13 24 11 47 40 2 21 19 21 19 0 14
split_gain=5.80936 5.03657 4.96193 6.16277 6.01501 5.0839 7.24781 5.59246 5.26288 5.02642 4.4328 4.61978 4.364 4.64006 9.1373 7.40784 7.3044 14.4602 8.93974 7.13216 6.81615 7.46054 5.02452 5.17982 4.64989 8.59996 8.85502 8.09374 6.91683 8.3197
threshold=5407.0150000000003 171.94500000000002 -1.5183066539260441 -1.4560898443213108 39.984236111111123 1.2825578730753107 1.4339546429720522 30475.235000000004 946.07000000000005 33282.500000000007 25.940445601851856 148.95000000000002 34.87191550925926 527.96500000000015 10.500000000000002 16.500000000000004 16.095196759259263 6.8977893518518529 13.500000000000002 8.1708159722222238 5.5000000000000009 1.0000000180025095e-35 0.96874173116631013 0.52365641765863968 23.722800925925927 5.9782233796296298 7.7562557870370377 0.95651620370370372 6854.0400000000009 29421.520000000008
decision_type=2 2 2 2 2 2 2 2 2 2 2 2 2 2 2 2 2 2 2 2 2 2 2 2 2 2 2 2 2 2
left_child=-1 -2 -3 9 12 8 7 -7 -6 10 11 -4 13 14 22 16 17 -16 -19 -20 21 -21 23 -5 25 26 -15 -28 29 -29
right_child=1 2 3 4 5 6 -8 -9 -10 -11 -12 -13 -14 24 15 -17 -18 18 19 20 -22 -23 -24 -25 -26 -27 27 28 -30 -31
leaf_value=-0.02000875200448194 0.031856333057347037 -0.017897568044130965 0.15030702768517534 0.017043144551844781 0.047931012387955239 0.19888934984008061 0.029735082667730242 -0.011092897682559453 -0.036056137874075432 -0.022990031460533442 -0.016644635017731009 -0.0049177400054403264 -0.020664638867964071 0.00068840582736031156 -0.012343639449610045 -0.041649344980230513 -0.015381818984043658 -0.02072498941255984 -0.014793329252731878 0.22320218713023215 -0.012324540446010258 -0.011181815514807542 -0.019704616769632605 0.14701006968712924 0.01104273232097884 -0.011586427759125743 0.014233414120019137 0.022363422206420017 -0.010229791948536114 0.15851927596381676
leaf_weight=30.099164101760834 12.998161840252576 30.038265988696367 1.2346413121558724 1.4716610354371402 2.291275052353738 0.40353432111442078 5.4197760908864439 0.28003175789490342 3.3051262139342725 0.83404263667762268 0.48935325164347876 0.53171906014904369 20.72260238789022 119.66624094266444 3.7564659356139618 4.6184221655130377 5.5272407629527152 0.69476266996935043 0.41411748155951533 1.7364238910377032 0.31462923530489195 0.28248800802975882 0.63897492317482818 1.7510407534427939 86.145516868680716 128.07712887693197 16.571580027230087 2.3174868263304225 1.4728594869375227 2.2017020196653903
leaf_count=2736 372 2226 75 99 183 26 239 25 284 84 44 37 2262 7878 328 444 527 70 43 136 23 25 66 136 5944 10229 204 143 58 82
internal_value=0 0.002325 0.00138916 0.00283116 0.00221657 0.0360928 0.0641728 0.157374 0.000383227 0.0639146 0.0932391 0.118694 0.00113381 0.00238133 0.0245577 0.00714507 0.0265972 0.0567733 0.117996 0.149243 0.174059 0.197566 0.0852093 0.105751 0.000996993 -0.00223344 0.00621097 0.0342277 0.0795797 0.1054
internal_weight=0 456.207 443.209 413.171 410.081 11.6997 6.10334 0.683566 5.5964 3.08976 2.25571 1.76636 398.381 377.659 21.2062 17.3446 12.7261 7.19889 3.44242 2.74766 2.33354 2.01891 3.86168 3.2227 356.453 270.307 142.23 22.5636 5.99205 4.51919
internal_count=35028 32292 31920 29694 29454 757 290 51 467 240 156 112 28697 26435 1897 1596 1152 625 297 227 184 161 301 235 24538 18594 8365 487 283 225
is_linear=0
shrinkage=0.05


Tree=75
num_leaves=31
num_cat=0
split_feature=38 39 14 39 31 38 0 2 2 3 21 41 39 12 19 47 19 0 36 21 39 39 38 0 0 2 14 38 31 2
split_gain=5.0906 11.6191 7.76698 5.90632 5.60449 5.33035 5.24721 7.00858 5.13115 4.57292 5.4427 4.12933 5.65321 4.06073 4.36416 3.81139 9.32964 6.14224 5.1948 5.01598 5.85173 13.5737 5.07473 4.56895 16.9192 7.22826 4.31369 4.05655 8.15478 6.62769
threshold=57.95000000000001 108.55000000000001 8285.2050000000017 248.75000000000003 11.500000000000002 417.55000000000007 604.48500000000001 0.68569335931627118 0.69562590075133179 -0.21067756690661621 21.871076388888891 1.0000000180025095e-35 67.250000000000014 619.22000000000014 1.0253935185185188 1.0000000180025095e-35 19.744693287037041 442.12500000000006 1.0000000180025095e-35 30.859444444444446 165.65000000000001 159.35000000000005 76.250000000000014 1174.1850000000002 1878.8200000000004 1.4339546429720522 37157.825000000004 99.950000000000017 10.500000000000002 2.4984811328393861
decision_type=2 2 2 2 2 2 2 2 2 2 2 2 2 2 2 2 2 2 2 2 2 2 2 2 2 2 2 2 2 2
left_child=1 11 -3 6 15 -6 9 -8 -9 10 -4 -1 -13 -7 -15 19 17 -17 27 20 21 -2 -21 -24 25 -25 -23 -19 29 -29
right_child=4 2 3 -5 5 13 7 8 -10 -11 -12 12 -14 14 -16 16 -18 18 -20 22 -22 26 23 24 -26 -27 -28 28 -30 -31
leaf_value=-0.002036628821303928 0.0020120202822714556 -0.023783974321207615 0.048758213696441073 0.063954930119745207 -0.011931722479425224 0.078344802641501593 -0.019706847296468252 0.11357368854151549 0.018946224585748753 0.13164928818623284 -0.032584868865348525 0.0761556327101722 -0.00034990362516607477 0.042770282853285865 -0.023834302993088349 -0.025836488202733651 -0.0355519663148764 0.019120697276227051 0.0038972325106866215 -0.030867069889329947 -0.016812979826062169 0.16651572773193199 -0.0045027027168433901 0.2295209921930158 0.010351971589632006 -0.010859287091874042 0.0082181072916991862 0.21729639450020286 -0.010762123693044207 0.0023504841117591574
leaf_weight=184.98038741387427 16.703892119694505 8.1796961035579425 9.9846372292377037 8.0166034800931794 128.77571971714497 1.6778577743098129 11.53897917550057 0.52353997621685167 56.890937003772706 0.64806098025292058 1.7919891192577768 3.088000866584478 5.8766170153394341 3.4268028344959003 4.5745292725041509 0.97583306347951104 2.364080399274826 1.2082654987461867 1.4483435158617792 1.5708744805306176 28.945968091953546 0.84447581181302556 2.2718771337531507 0.78693949384614803 3.6884286180138588 0.27379688294604421 0.70354019245132804 1.2396749528124931 0.5550809996202587 0.45327645447105158
leaf_count=14294 1190 575 340 109 11049 56 598 30 2403 48 145 79 228 82 313 61 230 97 84 171 2148 76 254 71 274 29 54 88 42 12
internal_value=0 0.00674416 0.0207219 0.0250123 -0.00355637 -0.00919423 0.0204463 0.0146204 0.0217386 0.0492809 0.0347991 -0.000358331 0.0310015 0.0249332 0.00627358 0.00858775 0.0383437 0.0689008 0.0889332 0.00359269 -0.00304425 0.0185309 0.0365677 0.0536227 0.0773751 0.192314 0.126033 0.115696 0.145735 0.18199
internal_weight=0 291.519 97.5744 89.3947 202.489 138.455 81.3781 68.9535 57.4145 12.4247 11.7766 193.945 8.96462 9.67919 8.00133 64.0343 8.24455 5.88047 4.90464 55.7898 47.1979 18.2519 8.59192 7.02104 4.74916 1.06074 1.54802 3.4563 2.24803 1.69295
internal_count=35230 18849 4248 3673 16381 11500 3564 3031 2433 533 485 14601 307 451 395 4881 614 384 323 4267 3468 1320 799 628 374 100 130 239 142 100
is_linear=0
shrinkage=0.05


Tree=76
num_leaves=31
num_cat=0
split_feature=6 38 21 21 15 18 17 13 14 3 38 40 3 31 31 15 21 38 14 40 16 40 21 17 14 47 13 15 38 17
split_gain=4.41944 3.59204 6.6337 8.26288 10.4316 5.7507 5.60246 4.91589 8.71826 5.12606 4.66031 7.08963 7.73012 8.71665 9.85502 7.38435 7.04851 7.66109 6.49046 6.75013 6.34048 5.41533 5.19908 4.77413 4.55122 4.44043 5.42397 4.95372 4.16548 9.38469
threshold=1.5000000000000002 57.95000000000001 9.9441087962962982 10.46471064814815 8687.0000000000018 1.0000000180025095e-35 7.5000000000000009 35.500000000000007 80737.770000000004 -0.37586126363383071 178.25000000000003 0.32863146942355154 -0.029207747954434548 13.500000000000002 8.5000000000000018 1360.5000000000002 28.272054398148153 140.95000000000002 15282.240000000002 0.74444342497990046 3.5000000000000004 0.26958515031871372 11.942164351851853 6.5000000000000009 429787.44500000007 1.0000000180025095e-35 45.500000000000007 9724.5000000000018 49.95000000000001 4.5000000000000009
decision_type=2 2 2 2 2 2 2 2 2 2 2 2 2 2 2 2 2 2 2 2 2 2 2 2 2 2 2 2 2 2
left_child=1 28 -3 4 -4 6 10 24 9 -9 11 -5 13 14 -13 -16 17 22 19 21 -20 -12 -17 -23 -8 26 27 -11 -1 -30
right_child=-2 2 3 5 -6 -7 7 8 -10 25 18 12 -14 -15 15 16 -18 -19 20 -21 -22 23 -24 -25 -26 -27 -28 -29 29 -31
leaf_value=0.0019841000508849364 0.034273445915014737 -0.016375728538833744 -0.029109574190764161 -0.033025645074408631 0.12022340572099044 0.033879052523492173 -0.029384315319195255 -0.020324185431764126 -0.023329463324695463 0.19555398778127323 0.010750736616160786 -0.030816107825549128 -0.012216974446634993 -0.0030678436123604378 -0.023289348841513572 -0.010653250975943844 0.01873504306349048 -0.016155852466447757 -0.0067247262925127817 -0.0015239354277830595 0.094927495174914625 0.15625153695034366 0.18214237841912181 -0.012491811171607489 0.056370203787976303 -0.01441154438748561 -0.013159581846001665 -0.0097979749108195943 -0.02879976488138531 0.034452093319178895
leaf_weight=251.65607288433239 8.9406989379785937 73.440724549349397 1.3455222332850092 13.354259276762603 2.1492959856987 10.369424307718871 32.660252424422652 0.67341532977297935 4.5109033319167793 0.82914471626281627 1.4513229001313477 1.551122810691594 20.21037075761706 8.486452348995952 0.84880151553079475 0.26738941948860961 1.8947340985760091 0.46920757833868254 13.257729039061811 2.5562472264282405 0.72127108601853329 1.8979186601936819 2.868726821616292 0.32628746377304185 0.71980194188654323 0.39864075789228071 0.35180556634441007 0.2407237053848803 6.7025370113551608 25.532457476016134
leaf_count=16996 129 5902 127 1239 157 109 3152 71 426 63 119 141 1797 874 78 29 199 45 1024 197 65 130 274 25 36 39 33 26 472 1302
internal_value=0 0.000591055 -0.0045674 0.00247815 0.0690444 3.64432e-06 -0.00344915 -0.0180531 0.0181166 0.078307 0.00509233 -0.00318555 0.00829196 0.0328347 0.0674137 0.0923404 0.111023 0.144924 0.0247368 0.0632169 0.00450742 0.0989385 0.167103 0.1353 -0.0259493 0.109064 0.135341 0.166938 0.00418954 0.0208295
internal_weight=0 481.743 197.851 124.411 3.49482 120.916 110.547 40.3847 7.00463 2.49373 70.1618 49.9511 36.5968 16.3864 7.89998 6.34886 5.50006 3.60532 20.2108 6.23178 13.979 3.67553 3.13612 2.22421 33.3801 1.82031 1.42167 1.06987 283.891 32.235
internal_count=35276 35147 16377 10475 284 10191 10082 3846 658 232 6236 4676 3437 1640 766 625 547 348 1560 471 1089 274 303 155 3188 161 122 89 18770 1774
is_linear=0
shrinkage=0.05


Tree=77
num_leaves=31
num_cat=0
split_feature=31 20 14 14 31 3 19 21 24 24 14 39 14 13 12 39 13 3 19 12 3 8 19 24 38 40 2 40 31 1
split_gain=5.3526 5.263 5.2481 4.91808 5.24156 5.17488 4.80636 7.36006 7.09069 5.83475 6.77444 5.5072 5.74164 5.26102 6.54523 7.1503 9.57854 6.36955 6.1087 4.79026 4.77688 6.62523 4.74416 5.68503 6.47131 7.00494 4.71695 6.28927 8.03611 5.31606
threshold=11.500000000000002 2.5000000000000004 8478.4750000000004 12091.565000000002 12.500000000000002 1.5065341239183319 12.109392361111114 7.4880034722222231 23.320318287037043 14.963761574074075 13566.395000000002 446.25000000000006 16255.26 22.500000000000004 34934.875000000007 47.150000000000013 15.500000000000002 0.74988945924890649 20.780341435185189 3105.2850000000003 0.30408525187160368 571.95500000000015 8.1566203703703728 4.4667418981481495 36.150000000000013 0.033003257884480205 1.1974520499397303 0.45143975924282248 17.500000000000004 8.1758571447382042
decision_type=2 2 2 2 2 2 2 2 2 2 2 2 2 2 2 2 2 2 2 2 2 2 2 2 2 2 2 2 2 2
left_child=6 2 -2 4 -4 -6 7 -1 11 -9 -11 -8 -13 14 15 16 -10 -18 19 -17 21 -5 23 -3 25 -25 -22 29 -29 -28
right_child=1 22 3 20 5 -7 8 9 13 10 -12 12 -14 -15 -16 18 17 -19 -20 -21 26 -23 -24 24 -26 -27 27 28 -30 -31
leaf_value=0.003758116851094655 -0.020660740349592487 -0.023594210803278681 -0.035698632484462998 -0.0092028493411622555 0.042955204643649242 -0.028601854661377241 -0.026860462278827092 0.015747432900664951 -0.0053957146467675044 -0.026560406277813586 0.072086055579339017 0.11540601151816754 -0.024151599177114541 -0.020949878126762606 0.093949782278219138 -0.0093636912874425476 0.16370201197818574 -0.015342108176921622 -0.011116797825587055 0.083479511723007438 0.086956925029901058 0.075283829362092075 -0.029947388946423677 -0.024876433709532669 -0.0036720130971447974 0.10769276591069982 -0.0025499858629884015 -0.020718188030966776 0.018203301032409355 0.03081183785363666
leaf_weight=60.798459397628903 29.549453254789114 11.224820681847634 2.3802451994270113 119.3790245372802 16.135595292784277 2.2488200711086384 27.589825646486137 21.692638813517988 2.3301075599156382 1.5128303016535927 10.806951991282402 0.50520771834999212 0.89859592402353883 9.0600059549324197 1.814519500825553 1.9934553597122455 1.3211215361952779 0.42904318682849396 19.41092632105574 2.5189518863335252 0.81256073340773483 1.3744286140426982 32.205142219085246 0.95339742070063804 7.0631263507530093 2.43003158736974 19.020388523116708 34.376897125504911 20.278923219069839 30.443633555900306
leaf_count=3810 2637 861 216 9719 1249 111 2366 1114 211 61 296 21 58 799 78 115 91 30 1641 87 62 78 2937 74 307 83 1557 2108 1018 1480
internal_value=0 -0.00392784 -0.00111183 0.00130611 0.0240055 0.0331782 0.00712638 0.0143405 -0.00301294 0.0326092 0.058888 -0.0213405 0.053189 0.0108474 0.020875 0.0130641 0.0669412 0.130191 0.00155784 0.0482059 -0.000879073 -0.00763078 -0.0180706 0.000121436 0.0254389 0.0731838 0.0068893 0.00544318 -0.00620957 0.0181869
internal_weight=0 329.876 276 246.451 20.7647 18.3844 162.683 94.8109 67.8718 34.0124 12.3198 28.9936 1.4038 38.8781 29.8181 28.0036 4.08027 1.75016 23.9233 4.51241 225.686 120.753 53.8765 21.6714 10.4466 3.38343 104.932 104.12 54.6558 49.464
internal_count=35275 24497 20235 17598 1576 1360 10778 5281 5497 1471 357 2445 79 3052 2253 2175 332 121 1843 202 16022 9797 4262 1325 464 157 6225 6163 3126 3037
is_linear=0
shrinkage=0.05


Tree=78
num_leaves=31
num_cat=0
split_feature=15 38 15 21 3 3 34 17 38 24 40 15 13 31 3 15 19 15 0 0 3 39 3 38 3 33 19 14 0 15
split_gain=5.27121 6.09929 5.6391 5.63704 5.56803 5.68879 7.46638 9.60228 8.56678 6.48645 5.35611 5.16744 5.15172 6.26342 5.14213 5.00976 4.7331 7.35694 4.68086 12.105 18.4487 7.08582 7.05503 6.49874 6.21456 4.67652 4.55158 4.38388 4.36811 5.64259
threshold=9724.5000000000018 65.450000000000017 23491.000000000004 40.795000000000009 -0.36458494436112016 -0.11114325895960257 1.0000000180025095e-35 5.5000000000000009 50.95000000000001 14.963761574074075 0.68834689313913511 7930.5000000000009 17.500000000000004 9.5000000000000018 0.081502287523366107 148168.50000000003 7.114994212962964 8221.0000000000018 1401.2300000000002 1149.8100000000002 0.84484694530602822 251.25000000000003 1.4729449140340993 302.45000000000005 0.26109326460773347 0.065591397849462371 5.9046469907407415 144248.57500000001 5307.0950000000012 14159.000000000002
decision_type=2 2 2 2 2 2 2 2 2 2 2 2 2 2 2 2 2 2 2 2 2 2 2 2 2 2 2 2 2 2
left_child=1 3 27 10 -4 6 8 -8 -6 -10 16 25 13 -11 -7 -15 26 -18 19 23 24 22 -22 -16 -21 -3 -1 -2 29 -29
right_child=2 11 4 -5 5 14 7 -9 9 12 -12 -13 -14 15 18 -17 17 -19 -20 20 21 -23 -24 -25 -26 -27 -28 28 -30 -31
leaf_value=0.01035306002400042 -0.02039399572239893 -0.014613052957327703 -0.011943019157710883 0.077983378330273495 -0.025223081014975803 -0.025848555841045336 0.14561870787230355 -0.0042159221894133448 -0.011385988997181812 -0.019309712363459491 0.024163812329604645 0.03005179448410757 -0.0064162044465914669 0.14544506387964665 -0.012610494906186166 -0.013963080356893021 -0.013212374276393766 0.047852067116213641 0.001279797802863601 0.075912337607373495 0.23586384623695777 -0.011952278725130907 -0.0099741952964816222 0.088676164854522344 -0.026253891387603479 0.024606464022222718 0.064281156819955429 -0.024138705102780551 -0.0072385576211540792 0.100822246153669
leaf_weight=45.007506407797337 58.36239175638184 56.116767073981464 55.710355093237013 2.3003045544028273 6.8130556186661142 13.070276188198475 1.794737632852047 1.6432588207535443 2.8051061443984509 0.61132970964536104 52.925610884092748 8.4787558256648463 1.2752630729228256 2.5530204852111642 12.409458494745195 0.38122605299577106 43.688685042783618 4.5587907079607239 88.58677238272503 1.37196435779333 1.2705356990918515 0.30667139869183291 0.24469236470758904 0.795805948320777 3.1000045938417315 7.8444709605537346 3.37121333554387 0.89956799428909873 6.5264589777216315 1.5593754337169228
leaf_count=2344 5180 4886 5110 74 613 1184 113 99 255 50 2530 625 118 170 1167 36 2818 273 5675 109 114 21 19 47 270 444 160 80 533 85
internal_value=0 0.00737315 -0.00304835 0.0130406 0.00128195 0.00662861 0.032166 0.0891894 0.013691 0.0473508 0.0115303 -0.00452295 0.0776126 0.102598 0.002628 0.126449 0.00443386 -0.00658803 0.00627692 0.0278095 0.0795086 0.179845 0.207982 -0.000693737 0.0132348 -0.00949827 0.0153367 -0.0154054 0.0157939 0.061345
internal_weight=0 224.292 262.091 151.852 194.744 139.033 17.877 3.438 14.439 7.62595 149.552 72.44 4.82084 3.54558 121.156 2.93425 96.6262 48.2475 108.086 19.4991 6.29387 1.8219 1.51523 13.2053 4.47197 63.9612 48.3787 67.3478 8.9854 2.45894
internal_count=35202 14154 21048 8199 15170 10060 1454 212 1242 629 8125 5955 374 256 8606 206 5595 3091 7422 1747 533 154 133 1214 379 5330 2504 5878 698 165
is_linear=0
shrinkage=0.05


Tree=79
num_leaves=31
num_cat=0
split_feature=23 24 21 12 0 21 19 38 13 15 21 14 19 17 17 3 0 0 3 0 0 19 14 0 39 14 40 10 24 14
split_gain=4.91853 8.2987 4.9577 4.86619 7.19935 5.33732 4.15263 5.57199 4.23969 4.04216 4.7536 3.93609 3.29779 3.11685 4.25041 3.09203 2.96091 2.73215 2.50717 4.22374 8.22403 11.5165 6.79153 5.16271 4.47248 4.13754 5.60356 5.38579 4.01442 5.51767
threshold=1.0000000180025095e-35 1.0000000180025095e-35 39.876035879629633 9825.0050000000028 1125.0800000000002 1.0000000180025095e-35 40.081041666666671 29.250000000000004 15.500000000000002 7628.5000000000009 24.803362268518523 37640.625000000007 2.9057581018518523 4.5000000000000009 9.5000000000000018 -0.17978419614116445 8226.3900000000012 648.95500000000004 4.6584016898942666 3801.6300000000006 3553.1000000000004 13.069149305555557 283205.79000000004 1212.2550000000003 287.55000000000007 69164.580000000016 0.59665436052605492 1470.3950000000002 14.857407407407409 36119.215000000004
decision_type=2 2 2 2 2 2 2 2 2 2 2 2 2 2 2 2 2 2 2 2 2 2 2 2 2 2 2 2 2 2
left_child=2 3 18 4 5 17 15 8 -8 10 12 -10 -6 16 -15 -4 -11 -2 19 20 22 25 -1 -24 -23 26 27 -22 29 -21
right_child=1 -3 6 -5 9 -7 7 -9 11 13 -12 -13 -14 14 -16 -17 -18 -19 -20 28 21 24 23 -25 -26 -27 -28 -29 -30 -31
leaf_value=0.00027498708872679276 0.067553324673602977 0.057336907523763463 -0.0061298445194866913 -0.027287999776089669 0.054858288456241001 -0.04057977507729079 -0.022544164296286251 -0.038264629005747869 0.12693293543994533 0.064096103102066412 0.13684574951381667 -0.015022082820890424 -0.027432070853046515 -0.021254447102461965 0.055304668979594608 0.076349232723906035 -0.01564928357159313 -0.021846190937525701 0.021584446012290523 0.0063537195731346273 0.17371714502522773 -0.038806820250613522 0.077813820964775127 -0.015106456986240217 0.070157960129549696 0.011928468520758899 0.0049284402342966403 -0.012216893849219224 -0.00062508973575530434 -0.030469081006252136
leaf_weight=292.03167195711285 1.323173712939026 9.6397566776722652 1.2651300639845429 7.3295908588916054 2.3041658150032194 6.4697015318088233 0.80163727514445771 3.0836114576086402 0.68554850947111823 3.5651585399173182 0.93544595642015327 0.41855626739561558 1.1633057240396736 6.3695059455931187 1.4063445907086132 4.3324383967556042 1.1111574843525884 0.74420916335657228 12.57336852326989 14.136262481566517 1.8885585158132014 3.206858870107681 3.9276120332069686 1.7380820307880638 0.2465830286964773 1.4048412749543784 0.89711608737707127 0.30551847908645857 69.377980050630867 32.719875468406826
leaf_count=24170 50 161 142 459 64 544 71 297 25 192 43 29 77 330 63 204 30 49 119 849 116 253 81 78 18 70 64 16 4134 2486
internal_value=0 0.0189398 0.00129469 0.00626331 0.0166151 -0.019323 0.0335732 -0.000706643 0.052319 0.0348804 0.0715862 0.0915553 0.0272899 0.017545 -0.00268381 0.0596042 0.0457287 0.0387411 0.000432822 -0.000247113 0.00283954 0.0500679 0.00141499 0.0513185 -0.0170199 0.0953194 0.121039 0.152107 -0.00831869 -0.0194592
internal_weight=0 42.3615 445.041 32.7218 25.3922 8.53708 10.5869 4.98935 1.90574 16.8551 4.40292 1.1041 3.46747 12.4522 7.77585 5.59757 4.67632 2.06738 434.454 421.881 305.647 7.94948 297.697 5.66569 3.45344 4.49603 3.09119 2.19408 116.234 46.8561
internal_count=35284 2062 33222 1901 1442 643 768 422 125 799 184 54 141 615 393 346 222 99 32454 32335 24866 537 24329 159 271 266 196 132 7469 3335
is_linear=0
shrinkage=0.05


Tree=80
num_leaves=31
num_cat=0
split_feature=23 24 13 15 21 13 13 39 19 19 3 0 39 20 21 0 21 15 24 39 39 38 15 31 33 21 19 17 15 39
split_gain=4.67477 9.77729 5.53434 4.85387 3.45483 3.74968 3.68229 5.55521 3.51511 3.42149 4.09635 5.66627 3.51571 3.41916 4.4638 4.19692 3.75844 3.19086 9.71712 7.47423 4.3282 5.12029 4.30155 4.04659 4.71084 3.99478 7.99961 4.38689 3.71107 3.69774
threshold=1.0000000180025095e-35 1.0000000180025095e-35 15.500000000000002 159535.50000000003 40.083640046296303 23.500000000000004 15.500000000000002 148.15000000000001 40.081041666666671 33.244577546296306 -1.1779466136771974 545.83500000000015 145.05000000000004 1.5000000000000002 10.30722800925926 1454.9850000000004 28.989971064814821 77001.000000000015 24.100549768518523 68.250000000000014 145.75000000000003 94.450000000000017 72064.000000000015 10.500000000000002 0.039230769230769243 23.890428240740743 20.780341435185189 7.5000000000000009 137900.50000000003 302.75000000000006
decision_type=2 2 2 2 2 2 2 2 2 2 2 2 2 2 2 2 2 2 2 2 2 2 2 2 2 2 2 2 2 2
left_child=3 2 13 4 9 6 8 -8 -6 17 11 -11 -13 -2 -15 -16 -17 22 20 28 -19 -22 -1 -21 25 26 -25 -27 -20 -23
right_child=1 -3 -4 -5 5 -7 7 -9 -10 10 -12 12 -14 14 15 16 -18 18 19 23 21 29 -24 24 -26 27 -28 -29 -30 -31
leaf_value=0.00076382678214720378 0.036839225571604087 0.059218807350100856 -0.02033015382766774 -0.023230123741347475 0.041686903446725043 -0.027561834896905609 0.11470803286617458 -0.012911438706011949 -0.032785929951691509 -0.031253607230966991 -0.024840693096227759 0.10097350694005985 -0.017169928370399028 -0.042305246136692266 -0.030983343554957112 0.07783679979989043 -0.022485459202481572 -0.01951705897361293 -0.039173240215731681 -0.00082377704086356832 0.050323194520435023 -0.029123435523756076 -0.030769995416249168 0.05508526549354862 -0.023885183719779012 0.058315371059568327 0.21780613197833745 -0.027930929096370224 0.055558773666492138 0.029636152971464647
leaf_weight=325.16365243401378 11.274739465210589 9.4437529062852246 13.370880045928059 20.676603201776743 2.6830165181308967 1.5847254563122986 1.9304605354554953 0.94129814580082882 1.8377459747716782 1.6065833871252864 22.325214857235551 1.3063540235161779 0.5145010114647447 3.3465032274834803 1.4975327430292962 2.3290628395043318 0.7816351749934255 18.161787935066968 3.3097206028178365 2.6548122242093077 5.4209031495265654 5.963064772076903 10.185595049522815 3.8960030018351937 0.8827792042866357 6.0812343610450625 0.49156381469219912 1.2180398381315169 0.41838027350604523 3.384811851195991
leaf_count=23074 618 166 870 1767 130 124 92 85 181 170 2447 114 58 157 119 71 60 1650 288 173 288 583 885 188 63 353 29 89 37 194
internal_value=0 0.0171056 0.00350683 -0.000154191 0.0010288 0.0301023 0.0442749 0.0803465 0.0109578 0.000325632 -0.0169704 0.028326 0.0733383 0.0202671 -0.00471249 0.025263 0.0532909 0.00151664 0.0129315 0.040474 -0.0036457 0.0158719 -0.000282588 0.0553228 0.0663682 0.0745309 0.11036 0.042292 -0.0190398 -0.00703907
internal_weight=0 42.0441 32.6004 442.639 421.962 8.97725 7.39252 2.87176 4.52076 412.985 25.7527 3.42744 1.82086 19.2295 7.95473 4.60823 3.1107 387.232 51.8831 18.9525 32.9306 14.7688 335.349 15.2244 12.5696 11.6868 4.38757 7.29927 3.7281 9.34788
internal_count=35123 2061 1895 33062 31295 612 488 177 311 30683 2789 342 172 1025 407 250 131 27894 3935 1220 2715 1065 23959 895 722 659 217 442 325 777
is_linear=0
shrinkage=0.05


Tree=81
num_leaves=31
num_cat=0
split_feature=34 19 19 13 24 21 31 31 21 19 15 17 2 31 19 24 15 31 24 10 21 31 2 21 17 25 15 13 31 21
split_gain=5.10466 7.65373 7.05483 7.00143 5.2704 6.50289 4.84112 6.24697 4.63649 8.32065 5.2475 4.44625 4.34443 4.25864 4.08182 7.30306 6.69643 3.94044 4.63942 5.80418 6.53921 4.08703 5.07664 4.71874 3.60913 3.50788 3.79947 3.57616 3.50256 3.28027
threshold=1.0000000180025095e-35 4.4207118055555563 3.9321064814814819 14.500000000000002 8.9288773148148177 10.19287615740741 19.500000000000004 9.5000000000000018 1.3163020833333337 2.8061574074074076 66904.000000000015 7.5000000000000009 1.0872463707927806 15.500000000000002 30.103443287037042 27.986631944444447 18055.500000000004 18.500000000000004 17.034589120370374 1980.825 18.433356481481486 20.500000000000004 0.72172702368467456 22.064924768518523 8.5000000000000018 1.5000000000000002 260737.50000000003 38.500000000000007 8.5000000000000018 12.616666666666669
decision_type=2 2 2 2 2 2 2 2 2 2 2 2 2 2 2 2 2 2 2 2 2 2 2 2 2 2 2 2 2 2
left_child=8 2 6 -4 -3 12 7 -2 -1 10 11 -10 13 -6 15 25 -17 -11 -19 21 -21 22 -20 -24 28 26 27 -7 -18 -9
right_child=1 4 3 -5 5 14 -8 29 9 17 -12 -13 -14 -15 -16 16 24 18 19 20 -22 -23 23 -25 -26 -27 -28 -29 -30 -31
leaf_value=-0.010780416937747167 0.036688591293878754 -0.035311787712709597 0.15992076141336781 -0.017678258277305566 0.13007838886130674 -0.029905667023985356 0.057038183930550407 -0.020448069321177625 0.018734590945111245 0.0015902822051468688 -0.0080481406049483454 0.057734973817791115 0.0035444261278105051 -0.014740862843309008 -0.041140880199505028 -0.016462921706572344 -2.2231981945081884e-05 -0.035846765198620817 -0.03974795746982638 0.12426986177911122 0.0015302703161054387 -0.038858440225572187 -0.025322865584962717 0.0423962362440184 -0.015544750141087924 0.042407274995062666 0.067343353318801702 0.055726953212846292 0.12857116460258108 0.03745284388251055
leaf_weight=80.691525115165859 12.891764714382591 7.9996847892180076 0.90051937522366532 0.52786678774282336 1.3301065769046574 13.842920111492282 7.4253937769681206 11.990950737614183 28.937658577691764 241.56230605440214 11.495898090768604 9.6850474439561349 1.9537686905823646 0.41002639336511482 4.2643595319241276 1.8521630112081755 0.63729758281260807 15.324125466402618 3.6411467664875152 0.79337315494194571 2.8123021111823618 7.6917016468942156 2.9407917475327832 7.3121428270824254 0.44231529626995314 1.8763255006633688 0.27519319439306933 0.41571492608636695 2.1213572728447616 2.0565208988264194
leaf_count=6307 357 671 56 37 69 1073 242 794 1073 19525 521 192 114 37 414 117 32 1342 357 35 158 650 238 546 36 37 17 34 96 25
internal_value=0 0.014137 0.0303317 0.114036 -0.00173942 0.00824956 0.0237264 0.0128316 -0.00010584 0.00251162 0.0210726 0.0297246 0.0623747 0.103028 -0.00156455 0.00777997 0.0548319 -0.000849021 -0.0150806 -0.00156213 0.0496553 -0.0119372 0.00457466 0.0224485 0.0901839 -0.00902583 -0.0179684 -0.0239205 0.106762 -0.0100458
internal_weight=0 73.2142 35.793 1.42839 37.4212 29.4215 34.3646 26.9392 412.888 332.196 50.1186 38.6227 3.6939 1.74013 25.7276 21.4633 5.05313 282.078 40.5156 25.1915 3.60568 21.5858 13.8941 10.2529 3.20097 16.4102 14.5338 14.2586 2.75865 14.0475
internal_count=35202 4258 1511 93 2747 2076 1418 1176 30944 24637 1786 1265 220 106 1856 1442 281 22851 3326 1984 193 1791 1141 784 164 1161 1124 1107 128 819
is_linear=0
shrinkage=0.05


Tree=82
num_leaves=31
num_cat=0
split_feature=39 26 39 21 11 3 3 17 15 24 12 11 14 12 11 12 3 24 3 0 21 15 31 31 14 24 39 12 21 14
split_gain=5.53279 5.18148 5.32185 5.1721 4.60945 5.68679 6.59518 8.71552 8.64775 5.35732 5.52116 5.10472 6.19792 8.96786 4.54467 4.38514 4.15043 3.99653 3.7784 5.19331 3.77065 3.70816 3.88446 4.85758 3.47457 8.2938 8.94195 6.78613 8.00871 5.98549
threshold=43.350000000000001 1.0000000180025095e-35 49.550000000000004 4.6232118055555569 1.5000000000000002 0.35608524014458703 -1.4277748902170044 6.5000000000000009 4105.5000000000009 24.201707175925929 2172.7200000000007 2.5000000000000004 19817.810000000001 4238.420000000001 3.5000000000000004 3791.8500000000004 1.4729449140340993 20.956145833333338 4.6584016898942666 22807.955000000005 37.920746527777787 53606.000000000007 17.500000000000004 19.500000000000004 59084.150000000001 14.963761574074075 168.45000000000002 21235.665000000005 33.610862268518524 61982.870000000003
decision_type=2 2 2 2 2 2 2 2 2 2 2 2 2 2 2 2 2 2 2 2 2 2 2 2 2 2 2 2 2 2
left_child=4 2 3 -2 20 6 7 8 -6 10 -10 12 -7 16 -13 -3 -14 -5 19 24 -1 22 -16 -24 -4 -26 27 28 -27 -28
right_child=1 15 18 17 5 11 -8 -9 9 -11 -12 14 13 -15 21 -17 -18 -19 -20 -21 -22 -23 23 -25 25 26 29 -29 -30 -31
leaf_value=-0.032210228575369759 -0.025654773689486383 -0.00021161594384058814 -0.000762134926231207 0.11737464687671091 -0.010347809209754307 -0.0096041376498678475 -0.027184866745713871 -0.034654174677992214 -0.010507577446183866 -0.012989491297226173 0.20021680935447694 -0.038479341662135291 0.17147458765552859 0.012586499471354465 -0.013864244733640348 0.093304862702923486 -0.010009705530138637 0.0072417033835110878 0.02873064772297837 -0.023267257636284289 0.03759578399438273 0.081003434267386112 0.095497319282694393 -0.019660639607329475 -0.0079589495076939597 0.061103794502378878 0.081216655940118454 0.005350083002001859 -0.010059271573359693 -0.011396046273990133
leaf_weight=25.702934369910512 1.0541550652123977 2.1918045761995009 263.1315970858559 1.6028533275239172 1.4718616469763248 2.6452423431910601 24.60753979254514 2.2624977566301823 0.26045275107026078 0.33955407654866565 0.79489829018712044 4.3853401052765539 1.2517084679566322 2.6720396084710956 7.5512671973556245 1.9144052746705709 0.24351496715098608 1.4097084491513667 11.573645817115901 20.067762115038931 1.2635483588092018 0.90087080234661776 1.1479321583174171 1.1016064616851506 38.531355924438685 22.195427917875353 0.89693231135607021 13.283865691628305 4.4549038601107886 21.041373632848263
leaf_count=2447 63 88 19819 93 93 224 2524 187 21 28 66 377 103 182 520 75 16 72 122 681 110 74 80 74 2832 1366 70 815 382 1593
internal_value=0 0.00306268 0.00241639 0.0533404 -0.0113587 -0.00245419 -0.016464 0.031013 0.0783978 0.13726 0.168402 0.0164576 0.0492636 0.081258 -0.000497377 0.0531221 0.149752 0.0804871 0.00175902 0.000872674 -0.027712 0.0170252 0.00418913 0.050408 0.00226541 0.0101291 0.0213409 0.035151 0.0492745 -0.00423405
internal_weight=0 403.35 399.244 4.06672 78.6028 51.6363 29.7368 5.12926 2.86677 1.39491 1.05535 21.8995 6.81251 4.16726 15.087 4.10621 1.49522 3.01256 395.177 383.603 26.9665 10.7017 9.80081 2.24954 363.535 100.404 61.8725 39.9342 26.6503 21.9383
internal_count=35197 28071 27908 228 7126 4569 2919 395 208 115 87 1650 525 301 1125 163 119 165 27680 27558 2557 748 674 154 26877 7058 4226 2563 1748 1663
is_linear=0
shrinkage=0.05


Tree=83
num_leaves=31
num_cat=0
split_feature=38 39 21 19 5 3 12 38 31 2 39 39 19 40 40 38 21 38 39 16 3 2 40 39 15 14 38 38 0 31
split_gain=4.40753 12.5621 4.7284 9.87415 5.54198 5.38714 4.76005 5.94413 4.72234 4.58751 5.25727 12.0201 4.49862 6.52962 6.25305 4.37961 4.32086 4.16328 6.44093 6.0834 3.97244 4.97845 4.10184 4.51218 3.97115 3.76272 6.16504 3.91364 4.25008 6.31584
threshold=64.350000000000009 165.65000000000001 1.7931423611111115 4.9688136574074084 1.0000000180025095e-35 0.87148869271300777 1025.9350000000002 74.950000000000017 19.500000000000004 1.3784005220032529 157.75000000000003 150.35000000000005 3.3104918981481486 0.31745665765940834 0.93563399582619833 60.150000000000013 29.576973379629631 165.05000000000004 316.95000000000005 1.5000000000000002 -0.039507138181629146 0.41552827288419658 1.159796027165432 173.35000000000005 99965.000000000015 6531.1500000000005 62.050000000000004 7.0500000000000007 1149.8100000000002 12.500000000000002
decision_type=2 2 2 2 2 2 2 2 2 2 2 2 2 2 2 2 2 2 2 2 2 2 2 2 2 2 2 2 2 2
left_child=1 25 4 9 -2 8 7 24 -5 10 11 -4 -11 -14 -15 20 -9 -12 19 -19 21 -3 23 -22 -7 26 27 28 -1 -30
right_child=2 15 3 5 -6 6 -8 16 -10 12 17 -13 13 14 -16 -17 -18 18 -20 -21 22 -23 -24 -25 -26 -27 -28 -29 29 -31
leaf_value=-0.025749792125953005 -0.030416185805563652 0.04229281415500416 0.0022170169591174751 0.0014133350445530034 0.029097393424457059 0.12931728640676307 -0.040971695228004826 -0.040898779749776265 -0.035304731205008572 0.025031622864653869 -0.043443752230421101 0.15279192259012156 -0.020671760933937341 0.16020238988645472 -0.015408887898117972 -0.032655020594048179 0.038735216507220838 -0.026621202964633151 -0.037213666849088292 0.093232936676947875 0.11822970345215872 -0.0143042451257053 0.00065440258609318852 0.043818364112348407 -0.015495371003139857 0.0024689999143508558 0.0787029162013477 -0.04064235940735892 0.094871076295818729 -0.027862715061633798
leaf_weight=3.8760274974629345 27.721240603365008 6.7381238420493883 5.9109033425338593 77.632401261944324 3.7187263350933781 0.39237587153911846 18.621045207139105 4.0173104577697814 8.8608065051957947 13.256431601010261 5.6662212735973281 0.7199299158528446 0.67654247302561943 1.3691297108307479 0.43736750306561578 1.7076323679648329 1.6537447627633808 1.082394441124052 2.6391734746284783 1.9832152873277662 2.2447220142930808 7.0506589720025659 3.4630924770608535 13.830399536993353 0.428193140309304 251.18467045063153 0.55063156969845195 13.166911251842974 1.4080965495668354 1.2278250269591806
leaf_count=448 2373 137 329 7875 29 33 1595 310 931 405 450 47 45 83 38 107 117 77 169 118 56 300 100 305 33 17171 49 1152 127 133
internal_value=0 0.00445542 -0.00543515 -0.00157169 -0.0226969 -0.00875076 -0.02866 0.00741086 -0.00270877 0.0217428 0.00398795 0.036446 0.0405984 0.092659 0.127345 0.0321934 -0.0153512 -0.0163555 0.0130162 0.0547761 0.0363707 0.0143425 0.0504614 0.0605247 0.0867464 0.000769913 -0.0194498 -0.0258693 0.00543518 0.0457616
internal_weight=0 306.449 176.787 145.347 31.44 111.606 25.1127 6.49162 86.4932 33.7413 18.0018 6.63083 15.7395 2.48304 1.8065 35.0346 5.67106 11.371 5.70478 3.06561 33.327 13.7888 19.5382 16.0751 0.820569 271.414 20.2295 19.6789 6.51195 2.63592
internal_count=35142 20085 15057 12655 2402 10894 2088 493 8806 1761 1190 376 571 166 121 1005 427 814 364 195 898 437 461 361 66 19080 1909 1860 708 260
is_linear=0
shrinkage=0.05


Tree=84
num_leaves=31
num_cat=0
split_feature=25 10 10 14 10 20 15 19 24 13 17 28 17 12 20 38 13 3 24 24 34 31 14 14 10 19 39 39 17 2
split_gain=3.7794 3.6231 4.1204 4.32076 2.94566 2.63518 4.18404 3.29723 6.78224 7.00554 6.04031 4.97439 4.91418 5.07155 4.70523 6.47865 9.18635 4.79896 5.3554 4.5456 7.60593 6.42317 4.57906 4.49212 4.85866 4.98525 6.64826 7.31126 7.64212 8.80784
threshold=2.5000000000000004 12791.080000000004 14639.065000000002 88211.630000000019 37297.340000000004 1.0000000180025095e-35 432.50000000000006 10.01113425925926 24.313153935185188 18.500000000000004 3.5000000000000004 1.0000000180025095e-35 5.5000000000000009 20611.910000000003 1.5000000000000002 178.25000000000003 11.500000000000002 -0.48943248864145505 21.92125578703704 9.0817418981481506 1.0000000180025095e-35 20.500000000000004 39288.875000000007 23463.225000000002 2476.3550000000005 17.108472222222225 47.150000000000013 163.95000000000002 11.500000000000002 0.5348898670062664
decision_type=2 2 2 2 2 2 2 2 2 2 2 2 2 2 2 2 2 2 2 2 2 2 2 2 2 2 2 2 2 2
left_child=1 5 -3 -4 -5 6 -1 11 14 10 -10 19 13 -11 15 23 17 -17 -19 21 -21 -7 -23 -9 25 -25 -27 28 29 -28
right_child=-2 2 3 4 -6 7 -8 8 9 12 -12 -13 -14 -15 -16 16 -18 18 -20 20 -22 22 -24 24 -26 26 27 -29 -30 -31
leaf_value=0.050616789841815238 0.050332643774813057 0.076309623848334576 0.048528261080873283 -0.024866779883751348 0.024296702967028076 -0.0075851690405034479 -0.028237694497593453 -0.028495337276409016 -0.030533315482726045 -0.02429904587293186 0.017133516344138452 0.052297040297913461 -0.016983753575022763 0.10014804506989881 -0.023707905208890687 -0.017299606908150467 -0.00486070901167069 0.14476015170366272 -0.015215800479474136 0.0037487652748212797 0.03841583365908828 0.049522872436198753 -0.028288818152333941 -0.011828013841047223 -0.042517674423368519 -0.036144923692589599 -0.027087805188480724 -0.016397699532081197 -0.02940905694127784 0.10228876629864836
leaf_weight=0.96621257718652387 2.7311401180922976 1.9358251253142977 4.1191467596217981 7.0272089517675322 3.9541280381381512 103.38670533197001 14.636919194366781 19.485194661654532 6.4145606826059511 0.88217348931357153 70.448442214168608 4.2366371923126271 38.337051443755627 0.90910248924046755 53.517228820361197 0.51904503116384182 5.5529509913176298 1.8109927242621764 0.42579908575862635 78.796708037611097 18.88380096713081 7.5855727368034405 1.71533513860777 14.269433613400908 4.4069947656244031 2.5023468378931275 1.152847271412609 3.3867021538317195 1.3299144674092529 6.5905907643027604
leaf_count=42 25 86 86 300 127 7866 1871 1760 572 61 5334 147 3399 41 4926 48 494 115 29 4040 617 369 121 1217 247 245 109 320 107 507
internal_value=0 -0.000184929 0.0218012 0.0105078 -0.00661377 -0.00104073 -0.0206002 -0.000312787 -0.00443638 0.0040269 0.0128145 0.00414383 -0.0127074 0.0521116 -0.0130104 -0.00346078 0.0351382 0.0955702 0.119014 0.00293124 0.0107721 -0.00390036 0.0338192 -0.0100355 0.00117128 0.00894635 0.0282584 0.0429169 0.0644865 0.082132
internal_weight=0 479.186 17.0363 15.1005 10.9813 462.149 15.6031 446.546 231.941 116.991 76.863 214.605 40.1283 1.79128 114.95 61.4328 8.30879 2.75584 2.23679 210.368 97.6805 112.688 9.30091 53.124 33.6388 29.2318 14.9624 12.4601 9.07335 7.74344
internal_count=35228 35203 599 513 427 34604 1913 32691 19531 9407 5906 13160 3501 102 10124 5198 686 192 144 13013 4657 8356 490 4512 2752 2505 1288 1043 723 616
is_linear=0
shrinkage=0.05


Tree=85
num_leaves=31
num_cat=0
split_feature=23 24 0 12 2 0 14 0 21 3 24 24 19 2 3 0 39 21 38 19 38 0 2 24 21 12 12 2 14 14
split_gain=4.82372 5.71317 4.45757 6.60514 3.98074 5.49817 5.55293 6.38825 6.12653 5.58208 5.47436 4.98653 8.61239 4.1422 6.46019 8.54308 6.23505 4.40826 4.70291 5.67382 6.93951 11.7997 8.17887 8.58671 7.92947 6.72019 9.44737 8.73861 5.38932 5.09818
threshold=1.0000000180025095e-35 1.0000000180025095e-35 1261.7700000000002 9825.0050000000028 18.681431251286991 4009.8850000000007 139495.45500000005 2823.1350000000007 0.037644675925925929 -0.57414696616616345 0.26277199074074081 14.857407407407409 13.648599537037038 1.4339546429720522 0.58859187866892448 1547.9150000000002 124.35000000000001 41.245567129629642 87.65000000000002 12.790792824074076 67.750000000000014 1314.0800000000002 0.78729537720922893 19.878454861111113 10.112112268518521 12110.420000000004 14364.310000000001 0.73232689229488568 44337.720000000008 10904.390000000001
decision_type=2 2 2 2 2 2 2 2 2 2 2 2 2 2 2 2 2 2 2 2 2 2 2 2 2 2 2 2 2 2
left_child=4 2 -2 -4 5 6 7 8 -1 -8 -10 -7 -13 14 17 -16 -15 18 19 20 29 22 23 -22 -24 -21 27 -27 -28 -12
right_child=1 -3 3 -5 -6 11 9 -9 10 -11 13 12 -14 16 15 -17 -18 -19 -20 25 21 -23 24 -25 -26 26 28 -29 -30 -31
leaf_value=-0.02244898734209258 -0.019986255807035176 0.051896331472320284 0.036101230073985163 -0.022549273761523013 0.025598012124446946 -0.024472164895597618 0.0064229570500963385 0.019233757788573017 0.044436806540676034 0.067489835635687334 -0.021983761867288031 0.018867476002448876 -0.016162521636840791 -0.034359941085616998 0.14359272285645863 -0.023933525204808223 0.0032348946041186166 0.064768440536454017 -0.012303698900555139 -0.010417297261240618 -0.017362263495912807 -0.03278010473916624 0.20636735118398686 0.13303730161078958 -0.013452731157159704 -0.0058769258332514443 0.073548366991952843 0.15239184186794441 -0.031402615100578797 0.017353886977684068
leaf_weight=32.740353563334793 9.7164087998680788 8.2202703766524774 15.333164849784227 6.0087140621617428 12.841746530495582 41.978958204388618 9.9789253287017328 37.567381512373686 5.8396771894767872 5.2281501879915586 9.2215347909368557 27.25293151056394 45.349373526871204 20.078831698279828 0.80336148943751939 0.89468266908079386 22.803285392001271 1.6868024133145798 51.687050299718976 58.494081231299788 2.5188882495276625 1.8018306000158189 1.1418971996754406 0.3636127896606921 0.36363170808181156 1.2444466566666954 0.60954945255070914 1.4449374219402669 4.1751924082636833 43.202318084426224
leaf_count=3440 768 160 724 380 128 3188 509 2622 488 268 753 1009 3174 1697 67 77 1738 118 4971 5368 245 163 109 26 43 100 36 82 319 2477
internal_value=0 0.0172778 0.00678218 0.0193182 -0.000796395 -0.00164523 0.00178244 0.000234974 -0.00256138 0.0302864 0.000375188 -0.0109693 -0.00293552 -0.000974673 0.00237688 0.0791696 -0.0147501 0.00120582 0.000235623 0.00549453 0.0166827 0.0628864 0.100962 0.0309892 0.169095 -0.004547 0.037203 0.0974141 -0.00762953 0.0101523
internal_weight=0 39.2786 31.0583 21.3419 441.313 428.472 313.89 298.683 261.116 15.2071 228.376 114.581 72.6023 222.536 179.654 1.69804 42.8821 177.956 176.269 124.582 58.6137 6.18986 4.38803 2.8825 1.50553 65.9682 7.47413 2.68938 4.78474 52.4239
internal_count=35247 2032 1872 1104 33215 33087 25716 24939 22317 777 18877 7371 4183 18389 14954 144 3435 14810 14692 9721 3816 586 423 271 152 5905 537 182 355 3230
is_linear=0
shrinkage=0.05


Tree=86
num_leaves=31
num_cat=0
split_feature=23 24 12 0 21 6 21 15 19 21 19 13 19 40 14 19 21 14 24 24 24 0 0 12 20 40 14 0 24 14
split_gain=4.05185 7.27448 4.92413 4.01372 3.9564 3.11299 3.52732 5.27698 5.75386 7.21973 5.34489 5.2854 5.23553 7.79802 4.65877 5.14952 4.76611 4.6811 4.04192 3.99758 6.00833 5.16974 4.80494 4.13488 6.02879 4.54992 7.55367 8.28322 8.66554 8.4783
threshold=1.0000000180025095e-35 1.0000000180025095e-35 9825.0050000000028 1125.0800000000002 1.0000000180025095e-35 1.5000000000000002 0.089456018518518532 260737.50000000003 13.648599537037038 16.503090277777783 14.96795138888889 9.5000000000000018 14.96795138888889 0.53228148869054104 80737.770000000004 4.7784953703703712 4.35738425925926 236325.32500000004 13.277025462962964 27.090121527777779 19.878454861111113 431.05000000000007 1966.2150000000004 33363.910000000011 2.5000000000000004 0.10168889711114308 20205.935000000009 739.40500000000009 9.0817418981481506 13239.450000000004
decision_type=2 2 2 2 2 2 2 2 2 2 2 2 2 2 2 2 2 2 2 2 2 2 2 2 2 2 2 2 2 2
left_child=5 2 3 4 -2 6 -1 8 9 14 18 -11 -9 -14 19 16 17 -16 -10 20 23 -22 -23 25 -25 -8 27 -27 -29 -30
right_child=1 -3 -4 -5 -6 -7 7 12 10 11 -12 -13 13 -15 15 -17 -18 -19 -20 -21 21 22 -24 24 -26 26 -28 28 29 -31
leaf_value=-0.011983583276676316 0.03570876072982393 0.056455922993164431 -0.03050044533752241 0.027317859602949097 -0.032822064427305654 0.031076020324297043 0.02382238291818338 -0.0049572773778638309 0.02581613674543054 -0.0074864118956037328 -0.0037708336925569297 0.049847998455250647 0.15061168663170812 -0.020539218540592239 -0.037739303900842402 -0.032996322175883136 0.045425089350490881 0.041755806883363722 -0.046801417340823742 -0.026838853147248931 0.099458981184639139 -0.020892909189581008 0.056733352343983592 -0.022341598185883459 0.12335285566608178 -0.015191166024596352 -0.016275891426244742 0.0074129785582760137 0.011868808982197367 0.10353366212120343
leaf_weight=65.381106694228947 2.0691427439451235 7.6104217031970611 6.8033838183619073 18.002334611490369 6.0749690975062549 6.515777065884321 22.350344044622034 2.0296741412021215 1.6168863256461907 5.1801801305264261 176.85890401992947 13.899110368918626 0.98803004436194874 0.67958675045520067 5.284369738306852 16.050161947496235 4.401617934461683 1.6950378380715845 11.019139066804199 7.2736754408106199 2.2354675759561342 3.3586278683505952 2.8290876005776227 0.76659125741571077 0.72449318831786513 15.644463120028375 41.056641372386366 17.85532727884129 4.781198014970867 5.1313212593086064
leaf_count=5278 105 153 444 816 559 105 1849 158 153 140 14957 275 65 60 381 1408 166 93 1021 494 73 215 107 52 51 1259 2880 1422 288 277
internal_value=0 0.0155097 0.00466797 0.0146053 -0.0134097 -0.000828727 -0.00138433 0.000548642 -0.000137971 0.00650558 -0.00611896 0.0346837 0.0532018 0.0993108 0.00275127 -0.0155413 0.00975159 -0.0156195 -0.0362976 0.00688965 0.00920139 0.047539 0.0175539 0.00581229 0.0695491 0.00428579 -0.0011018 0.0132922 0.0293101 0.0644594
internal_weight=0 40.5603 32.9498 26.1464 8.14411 435.607 429.091 363.71 360.013 170.518 189.495 19.0793 3.69729 1.66762 151.438 27.4312 11.381 6.97941 12.636 124.007 116.734 8.42318 6.18772 108.31 1.49108 106.819 84.469 43.4123 27.7678 9.91252
internal_count=35304 2077 1924 1480 664 33227 33122 27844 27561 11430 16131 415 283 125 11015 2048 640 474 1174 8967 8473 395 322 8078 103 7975 6126 3246 1987 565
is_linear=0
shrinkage=0.05


Tree=87
num_leaves=31
num_cat=0
split_feature=33 19 40 19 40 0 14 0 19 33 33 14 33 40 40 24 24 31 11 41 40 31 19 2 19 40 3 31 40 40
split_gain=3.91222 4.90933 6.51622 4.67941 4.83896 4.53586 4.52336 5.0435 4.04869 4.30686 7.36195 5.11407 3.89362 4.34643 3.19077 2.69116 2.67035 5.66953 4.51661 4.72473 4.44649 3.23802 8.29162 7.1314 6.37298 5.41406 5.32353 6.82456 5.40736 4.12268
threshold=0.032522474881015347 5.0473958333333337 1.9125174217886294 29.040758101851853 0.83482731035855073 1174.1850000000002 22266.209999999995 388.98500000000007 17.028998842592596 0.33771929824561409 0.088932806324110686 41431.730000000003 0.10960960960960962 0.43629488767319063 0.26958515031871372 23.320318287037043 18.419166666666669 20.500000000000004 2.5000000000000004 1.0000000180025095e-35 1.0008222506444351 16.500000000000004 31.296290509259261 0.62494720976591867 3.3104918981481486 0.013159796934906274 1.5681246126471886 20.500000000000004 1.5498338025929972 0.87046792447858068
decision_type=2 2 2 2 2 2 2 2 2 2 2 2 2 2 2 2 2 2 2 2 2 2 2 2 2 2 2 2 2 2
left_child=16 6 3 8 5 12 7 -2 9 10 15 14 13 -5 -12 -3 17 -1 21 -20 -21 29 23 -23 -25 -26 27 28 -27 -18
right_child=1 2 -4 4 -6 -7 -8 -9 -10 -11 11 -13 -14 -15 -16 -17 18 -19 19 20 -22 22 -24 24 25 26 -28 -29 -30 -31
leaf_value=-0.0075970569734236373 0.050389935279590695 -0.036929259184971273 0.067608631255939119 0.0087138907841746282 -0.026664579421070506 0.0081073311952346763 0.042438517627022512 -0.025434608684025979 -0.035766507401062936 -0.031512498500093779 -0.0090338109031463925 -0.015111415771406858 0.0020509104930903953 0.17349979053463513 0.10910924672168079 0.023475780503814766 0.010430046195374744 0.024714370171059864 -0.0095458515678093041 -0.0025303569138945981 0.094046739775473315 -0.022638936515535973 -0.028945204019168641 0.00022765093242162941 -0.01587043516232314 0.10117459799347586 0.0019212776369792531 -0.012074746753275549 -0.0053723710565227378 -0.014961046395748849
leaf_weight=208.22216828353703 2.1803979142569023 3.8801873591728526 2.2866850355640045 0.68820651527494037 2.48393982835114 3.8000825187191367 16.751322623807937 6.0716474624350667 12.425704378169028 5.3023822428658596 0.51080077467486296 1.2066577258519826 0.90986892627552141 0.56058895261958241 2.4818259309977293 2.1119005223736167 54.129569485783577 13.551395890302954 74.50472014117986 2.4880336709320541 1.2016466218046842 4.3648123587481704 5.9513912987895301 6.6233956217765835 1.889631438069048 10.585515628103169 2.7661453122273079 1.6017115334980179 1.2182077639736224 21.545048248954117
leaf_count=16431 84 321 141 62 222 310 519 321 948 428 37 55 89 33 74 56 4144 807 5881 114 68 399 614 307 164 627 71 123 90 1667
internal_value=0 0.0114195 0.000115001 -0.00582538 0.0249302 0.0471788 0.0282169 -0.00211894 -0.0156661 0.00164512 0.0201707 0.0640291 0.0916177 0.126945 0.0917319 -0.015327 -0.00181076 -0.0055206 0.00255153 -0.00659801 0.0422698 0.00901705 0.0213683 0.0322963 0.0425134 0.0571949 0.0661595 0.0783612 0.0906176 0.0031002
internal_weight=0 63.6522 38.6488 36.3621 8.44269 5.95875 25.0034 8.25205 27.9195 15.4938 10.1914 4.19928 2.15866 1.2488 2.99263 5.99209 410.643 221.774 188.87 78.1944 3.68968 110.675 35.0008 29.0494 24.6846 18.0612 16.1716 13.4054 11.8037 75.6746
internal_count=35207 3700 2776 2635 716 494 924 405 1919 971 543 166 184 95 111 377 31507 17238 14269 6063 182 8206 2395 1781 1382 1075 911 840 717 5811
is_linear=0
shrinkage=0.05


Tree=88
num_leaves=31
num_cat=0
split_feature=19 21 0 17 14 21 38 14 15 19 2 10 2 31 15 2 19 3 3 3 17 38 19 19 15 3 39 39 3 15
split_gain=4.22185 5.59378 4.4095 4.86328 5.03758 4.37913 7.81472 4.86979 4.38513 6.62702 5.52075 4.33827 3.86943 3.72178 4.42561 3.9219 3.64893 3.46493 3.32066 3.06565 4.11695 3.06164 2.94295 3.72704 7.58101 6.9256 7.52117 12.8561 9.39172 5.62052
threshold=33.244577546296306 31.102002314814818 1516.0750000000003 7.5000000000000009 12912.475000000002 31.374803240740743 89.350000000000009 89744.280000000028 1752.5000000000002 33.102540509259264 4.4398121770160843 113.93000000000002 1.040244660576028 11.500000000000002 67449.500000000015 1.0136033989195277 39.875763888888891 -2.3812806248741496 0.36653169309854611 -0.94224704426532202 4.5000000000000009 302.45000000000005 29.931024305555557 24.009386574074078 26593.000000000004 -1.0129721446972224 246.95000000000002 134.95000000000002 0.69784207731132641 77718.500000000015
decision_type=2 2 2 2 2 2 2 2 2 2 2 2 2 2 2 2 2 2 2 2 2 2 2 2 2 2 2 2 2 2
left_child=1 22 3 4 -2 6 7 11 12 10 19 -3 -7 14 15 -6 17 -15 -14 20 -10 -21 23 -1 -25 -26 27 29 -29 -27
right_child=2 5 -4 -5 13 8 -8 -9 9 -11 -12 -13 18 16 -16 -17 -18 -19 -20 21 -22 -23 -24 24 25 26 -28 28 -30 -31
leaf_value=0.0008584399625858266 -0.015679929659495679 0.16428732265067114 -0.03032937002321744 -0.022189561192304249 0.15863685991462106 -0.0070000801261723257 -0.025502096308512797 -0.014590377648284483 0.093558970937545921 0.088361862656230847 0.041073893741697148 -0.011021413162737099 0.13959157682582948 0.058256302632189262 -0.014915186314169299 -0.010793394052715998 0.080193694819201827 -0.036150505799285131 0.027105960885705927 -0.034192494608598328 -0.014706363595201569 0.041909118282280895 -0.027177719110115784 -0.0010995921245523525 -0.034221333067613817 -0.015441094401622902 -0.022289057856944003 0.15103573724146319 0.0069313628498566503 0.059314812730203406
leaf_weight=356.55738727562129 3.3249251060187834 1.3234042259864542 18.609106705989689 7.8321921867318443 0.91232224181294419 1.4995751013048018 1.0008251154795287 0.40395148424431671 0.3892943374812704 1.161734458990394 4.2026640456169835 0.27506098896265019 0.67476729955524239 0.36947473138570908 0.41946106264367689 0.26892441743984818 0.53210827568545926 2.5092123555950816 2.1458277143537998 12.098259819205843 1.7992065190337596 0.62406332837417799 7.4736968213692299 27.370004127267748 2.0901193511672345 4.6851593744941074 2.5087306518107644 3.9540147134102872 1.594233506824821 3.7309978976845741
leaf_count=25566 407 93 1940 891 84 110 90 33 31 99 45 17 22 21 50 20 44 280 62 1052 181 41 639 2009 207 383 166 281 107 261
internal_value=0 0.00349316 -0.0143733 0.004688 0.0296118 0.0248762 0.0739759 0.11563 0.0162248 0.00534538 -0.00384273 0.141488 0.0566818 0.0572708 0.10324 0.1328 0.017182 -0.0121379 0.083509 -0.0182885 0.0278547 -0.0276775 0.00199663 0.00260437 0.0158501 0.0396199 0.0504112 0.0640886 0.117011 0.020479
internal_weight=0 437.563 34.7777 16.1686 8.33643 27.5986 3.00324 2.00242 24.5954 20.2752 19.1135 1.59847 4.32017 5.0115 1.60071 1.18125 3.4108 2.87869 2.8206 14.9108 2.1885 12.7223 409.964 402.491 45.9333 18.5633 16.4731 13.9644 5.54825 8.41616
internal_count=35232 31495 3737 1797 906 1876 233 143 1643 1449 1350 110 194 499 154 104 345 301 84 1305 212 1093 29619 28980 3414 1405 1198 1032 388 644
is_linear=0
shrinkage=0.05


Tree=89
num_leaves=31
num_cat=0
split_feature=19 14 2 40 21 21 2 0 12 12 19 3 0 13 2 12 0 19 40 14 14 14 21 13 14 19 21 3 19 21
split_gain=4.44494 6.77396 6.51973 6.47321 6.62583 6.38577 3.40362 3.26924 5.77499 12.2623 4.96114 3.68635 5.35446 3.44357 3.34383 3.2581 2.79199 7.68323 5.13092 7.94652 11.0733 5.84546 4.16757 5.77158 6.57778 7.75603 5.4979 4.1845 3.79739 5.11345
threshold=29.55813078703704 9071.9500000000025 0.72648060418120741 0.78962998893229497 37.582314814814822 33.111064814814817 2.81578244746215 2948.9600000000005 6962.5250000000005 7544.8600000000015 38.100017361111121 -0.059529168221150321 1700.1800000000001 15.500000000000002 1.158292496071393 14958.625000000002 307.37500000000006 16.194519675925928 0.050486993600225592 11924.860000000002 3955.4600000000005 9786.7400000000016 23.392488425925929 26.500000000000004 92838.815000000031 29.040758101851853 24.967916666666671 -0.14123085144761463 10.093015046296298 9.6631539351851874
decision_type=2 2 2 2 2 2 2 2 2 2 2 2 2 2 2 2 2 2 2 2 2 2 2 2 2 2 2 2 2 2
left_child=5 2 3 4 -2 16 -4 8 10 -10 -3 13 14 15 -13 -11 17 18 19 20 -1 -20 28 24 -24 26 -26 -28 29 -18
right_child=1 7 6 -5 -6 -7 -8 -9 9 11 -12 12 -14 -15 -16 -17 22 -19 21 -21 -22 -23 23 -25 25 -27 27 -29 -30 -31
leaf_value=-0.018151213992183484 0.18632382296424835 -0.027886512918906516 -0.025550465702563141 -0.018656855713806146 -0.013798553574700268 0.047249494914162637 0.068563850338530158 -0.030376052908525644 0.14673490978287121 -0.023431891564970574 0.021050142243692456 0.12731867356929136 -0.014657730095781358 -0.041090198631675706 -0.012924589299755346 0.079761131033237176 0.0014025912862183207 -0.032985830513944672 -0.018955052448890102 0.0029719227116806867 0.20962939736506306 0.039017685286660844 0.01136582650467125 -0.022822063149387284 0.073935226109328359 0.14491968662397364 -0.03738651450125912 0.032313747320343658 -0.0068254455303077728 0.022188826086384436
leaf_weight=0.55838145362213898 0.69038371369242557 21.007179238367829 3.0303598521277313 0.58575784368440498 0.37644132785499096 7.9584219567477694 0.26358309714123596 19.126387734431773 0.7747428473085155 0.85135574778541812 5.9665173050016156 0.68481163587421112 1.7926631993614135 4.2632888602092862 0.34233608888462186 0.52679424686357379 179.44966860022396 4.6555194607935837 5.7844875995069769 1.7544626658782361 0.73086600285023451 12.047729366458951 44.533386660274118 7.9732285514473906 3.640309317968784 1.0268663065507997 2.75808216119185 4.051350813359023 102.3247681716457 34.466922262683511
leaf_count=56 67 2196 359 74 45 259 22 1759 68 71 592 43 161 414 30 31 13220 437 387 109 65 460 2997 634 137 46 189 209 8709 1298
internal_value=0 -0.00896842 0.0420479 0.100423 0.143198 0.00546658 -0.0038057 -0.0141942 -0.00506017 0.0272343 -0.0166963 0.00193983 0.0408986 -0.0207593 0.0972592 0.032966 0.00453291 0.0202281 0.0330606 0.0847588 0.146141 0.0202043 0.00342871 0.014962 0.0206467 0.0528623 0.0319491 0.00291013 0.00105544 0.0048394
internal_weight=0 60.2826 4.94653 1.65258 1.06683 413.714 3.29394 55.3361 36.2097 9.23599 26.9737 8.46125 2.81981 5.64144 1.02715 1.37815 405.756 25.5314 20.8759 3.04371 1.28925 17.8322 380.225 63.9832 56.01 11.4766 10.4497 6.80943 316.241 213.917
internal_count=35144 5932 567 186 112 29212 381 5365 3606 818 2788 750 234 516 73 102 28953 1514 1077 230 121 847 27439 4212 3578 581 535 398 23227 14518
is_linear=0
shrinkage=0.05


Tree=90
num_leaves=31
num_cat=0
split_feature=23 15 19 21 2 40 40 2 2 12 38 21 13 12 2 2 0 12 12 15 38 38 15 15 19 33 15 17 13 12
split_gain=3.58698 3.42069 4.65555 3.82315 3.24322 2.6119 4.63479 6.61296 15.0822 6.47292 8.46525 8.09733 8.88987 8.02043 6.9121 6.22437 6.23932 6.21136 5.94031 7.45483 5.89967 5.89556 5.8623 8.92598 5.74305 6.62463 5.20886 5.58213 9.09133 9.07397
threshold=1.0000000180025095e-35 174817.50000000003 33.702372685185189 35.315243055555563 18.681431251286991 1.1489927532088655 0.58612750371886702 0.94432872530142542 0.86896114084875586 11500.530000000002 116.95000000000002 24.132957175925927 18.500000000000004 1102.9650000000004 0.37676783160591809 2.582929053384841 3035.1700000000005 3144.2750000000005 3837.1750000000006 54943.500000000007 47.850000000000001 24.950000000000003 5045.5000000000009 55724.500000000007 1.5167303240740744 0.042572463768115944 35334.500000000007 8.5000000000000018 18.500000000000004 1989.8800000000003
decision_type=2 2 2 2 2 2 2 2 2 2 2 2 2 2 2 2 2 2 2 2 2 2 2 2 2 2 2 2 2 2
left_child=1 4 -3 -4 5 6 26 8 9 11 22 -8 13 -13 -15 16 17 -9 -10 -20 21 -17 -11 24 -24 -26 -1 -28 29 -29
right_child=-2 2 3 -5 -6 -7 7 15 18 10 -12 12 -14 14 -16 20 -18 -19 19 -21 -22 -23 23 -25 25 -27 27 28 -30 -31
leaf_value=-0.00846288548274245 0.014605583479602856 -0.03300699116006172 0.10369610230822948 -0.020398651100548709 0.025259181709040686 -0.0093848722171298842 -0.015864274321861261 -0.018875976287545799 0.023597436423421644 0.016347705624024666 -0.034816728068658535 -0.01501473756178268 -0.034991401663523505 -0.020861077886595157 0.1230666350952434 -0.013366895300496515 -0.037618554244458785 0.025931236972068519 0.16555846614362224 -0.016418039726102479 -0.002652142232703662 0.077865351636264804 -0.0097569290469250222 -0.024415965414791886 0.16322591677816553 -0.014978722616933574 0.0015362481047958931 -0.00060546831335155787 0.0051341204509907246 0.14412384039150203
leaf_weight=147.98184346919879 40.36872228840366 13.099665966816243 0.29911564616486508 0.67748503992334008 11.371852854266761 70.782931578811258 22.157606900669638 15.71104601537809 2.3599800355732432 4.7422606819309276 2.1961845187470308 1.8146831043995897 2.2492738775908947 0.70255971141159523 3.5305704372003675 2.0901970178820219 14.0977381542325 13.404931754805146 2.2338217943906788 0.47726844483986486 10.044824808835982 5.3754013455472887 0.57728480454534326 0.92889426928013552 2.9397216350771491 0.41839730367064465 68.125447011552751 1.6675690384581678 8.2834835201501829 2.0459120906889439
leaf_count=11399 2089 1152 23 80 119 5522 1697 1383 198 248 209 174 247 72 279 65 1268 994 166 37 389 130 30 81 184 36 5937 103 762 103
internal_value=0 -0.000804423 -0.0242031 0.0508422 3.87905e-05 -0.00072618 0.00111947 0.00960107 0.0234034 0.012498 0.0423289 -4.10805e-05 0.0393765 0.0680755 0.0997577 -0.00136139 -0.0115316 0.00192922 0.0972513 0.137731 0.0230046 0.0537607 0.0615851 0.0953795 0.122873 0.142681 -0.00292263 0.00728812 0.0373192 0.092792
internal_weight=0 432.388 14.0763 0.976601 418.312 406.94 336.157 108.053 47.3285 42.2574 11.8027 30.4547 8.29709 6.04781 4.23313 60.7241 43.2137 29.116 5.07107 2.71109 17.5104 7.4656 9.60656 4.8643 3.9354 3.35812 228.104 80.1224 11.997 3.71348
internal_count=35176 33087 1255 103 31832 31713 26191 7887 3658 3257 788 2469 772 525 351 4229 3645 2377 401 203 584 195 579 331 250 220 18304 6905 968 206
is_linear=0
shrinkage=0.05


end of trees

feature_importances:
payee_relation_age_d=232
payee_age_d=200
time_since_last_s=196
login_to_transfer_s=189
amount_ratio=173
session_duration_s=171
device_age_d=167
amount_try=153
sum_7d=141
amount_zscore=129
hour=116
typing_deviation=115
sum_24h=104
cnt_7d=89
distinct_payees_7d=84
night_ratio_7d=57
sum_1h=49
is_new_device=49
cnt_24h=33
device_customers_7d=33
is_new_payee=30
payee_fan_in_24h=29
paste_used=28
near_threshold_cnt_24h=27
amount_log=26
hour_unusual=23
cnt_1h=21
near_threshold=19
distinct_payees_24h=17
vulnerable_customer=10
is_new_location=5
channel_change=5
first_large_transfer=3
is_cash_channel=2
remote_access=2
sum_1m=1
is_anonymized_ip=1
is_foreign=1

parameters:
[boosting: gbdt]
[objective: binary]
[metric: binary_logloss]
[tree_learner: serial]
[device_type: cpu]
[data_sample_strategy: bagging]
[data: ]
[valid: ]
[num_iterations: 300]
[learning_rate: 0.05]
[num_leaves: 31]
[num_threads: 1]
[seed: 42]
[deterministic: 1]
[force_col_wise: 0]
[force_row_wise: 1]
[histogram_pool_size: -1]
[max_depth: -1]
[min_data_in_leaf: 20]
[min_sum_hessian_in_leaf: 0.001]
[bagging_fraction: 0.8]
[pos_bagging_fraction: 1]
[neg_bagging_fraction: 1]
[bagging_freq: 1]
[bagging_seed: 400]
[feature_fraction: 0.8]
[feature_fraction_bynode: 1]
[feature_fraction_seed: 30056]
[extra_trees: 0]
[extra_seed: 12879]
[early_stopping_round: 0]
[first_metric_only: 0]
[max_delta_step: 0]
[lambda_l1: 0]
[lambda_l2: 1]
[linear_lambda: 0]
[min_gain_to_split: 0]
[drop_rate: 0.1]
[max_drop: 50]
[skip_drop: 0.5]
[xgboost_dart_mode: 0]
[uniform_drop: 0]
[drop_seed: 17869]
[top_rate: 0.2]
[other_rate: 0.1]
[min_data_per_group: 100]
[max_cat_threshold: 32]
[cat_l2: 10]
[cat_smooth: 10]
[max_cat_to_onehot: 4]
[top_k: 20]
[monotone_constraints: ]
[monotone_constraints_method: basic]
[monotone_penalty: 0]
[feature_contri: ]
[forcedsplits_filename: ]
[refit_decay_rate: 0.9]
[cegb_tradeoff: 1]
[cegb_penalty_split: 0]
[cegb_penalty_feature_lazy: ]
[cegb_penalty_feature_coupled: ]
[path_smooth: 0]
[interaction_constraints: ]
[verbosity: -1]
[saved_feature_importance_type: 0]
[use_quantized_grad: 0]
[num_grad_quant_bins: 4]
[quant_train_renew_leaf: 0]
[stochastic_rounding: 1]
[linear_tree: 0]
[max_bin: 255]
[max_bin_by_feature: ]
[min_data_in_bin: 3]
[bin_construct_sample_cnt: 200000]
[data_random_seed: 175]
[is_enable_sparse: 1]
[enable_bundle: 1]
[use_missing: 1]
[zero_as_missing: 0]
[feature_pre_filter: 1]
[pre_partition: 0]
[two_round: 0]
[header: 0]
[label_column: ]
[weight_column: ]
[group_column: ]
[ignore_column: ]
[categorical_feature: ]
[forcedbins_filename: ]
[precise_float_parser: 0]
[parser_config_file: ]
[objective_seed: 16083]
[num_class: 1]
[is_unbalance: 0]
[scale_pos_weight: 1]
[sigmoid: 1]
[boost_from_average: 1]
[reg_sqrt: 0]
[alpha: 0.9]
[fair_c: 1]
[poisson_max_delta_step: 0.7]
[tweedie_variance_power: 1.5]
[lambdarank_truncation_level: 30]
[lambdarank_norm: 1]
[label_gain: ]
[lambdarank_position_bias_regularization: 0]
[eval_at: ]
[multi_error_top_k: 1]
[auc_mu_weights: ]
[num_machines: 1]
[local_listen_port: 12400]
[time_out: 120]
[machine_list_filename: ]
[machines: ]
[gpu_platform_id: -1]
[gpu_device_id: -1]
[gpu_use_dp: 0]
[num_gpu: 1]

end of parameters

pandas_categorical:null
