tree
version=v4
num_class=1
num_tree_per_iteration=1
label_index=0
max_feature_idx=47
objective=binary sigmoid:1
feature_names=amount_try amount_log amount_ratio amount_zscore first_large_transfer near_threshold near_threshold_cnt_24h cnt_1m sum_1m cnt_1h sum_1h cnt_24h sum_24h cnt_7d sum_7d time_since_last_s distinct_payees_24h distinct_payees_7d is_new_payee payee_relation_age_d payee_fan_in_24h payee_age_d device_missing is_new_device device_age_d device_customers_7d is_new_location ip_country_mismatch is_anonymized_ip is_foreign is_high_risk_country hour is_night night_ratio_7d hour_unusual is_cash_channel channel_change channel_unknown login_to_transfer_s session_duration_s typing_deviation paste_used is_emulator is_rooted remote_access active_call purpose_risk vulnerable_customer
feature_infos=[1.6599999999999999:373246.66999999998] [0.97832612279360764:12.829997472917116] [0.00028140638493220964:186.67959107508551] [-14.595441585301057:7.6037449681324523] [0:1] [0:1] [0:6] [0:3] [0:57351.68] [0:15] [0:377235.45999999996] [0:19] [0:984148.53000000003] [0:75] [0:1810427.7400000005] [0:604800] [0:17] [0:25] [0:1] [-1:42.213599537037034] [0:8] [-1:42.213599537037034] none [0:1] [0:42.165034722222224] [1:5] [0:1] [0:1] [0:1] [0:1] none [0:23] [0:1] [0:1] [0:1] [0:1] [0:1] [0:1] [-1:2970.9000000000001] [-1:3387.5] [0:13.458236480535779] [0:1] none [0:1] [0:1] [0:1] [0:1] [0:1]
tree_sizes=3324 3363 3369 3367 3384 3375 3384 3372 3405 3392 3398 3411 3394 3418 3405 3393 3397 3403 3390 3395 3420 3412 3412 3411 3404 3419 3425 3411 3417 3426 3417 3421 3406 3408 3439 3418 3407 3423 3425 3413 3419 3416 3421 3417 3422 3440 3421 3432 3446 3450 3431 3439 3428 3438 3420 3421 3424 3424 3431 3435 3418 3416 3447 3422 3425 3446 3434 3442 3438 3423 3453 3413 3441 3449 3438 3449 3434 3410 3441 3431 3432 3431 3432 3437 3449 3436 3439 3434 3442 3428 3442 3417 3433 3442 3460 3466 3443 3421 3446 3436

Tree=0
num_leaves=31
num_cat=0
split_feature=2 0 23 25 31 33 10 3 13 38 38 14 38 39 3 10 3 13 2 18 25 10 14 38 14 24 6 18 38 31
split_gain=3078.69 1609.1 1652.38 453.394 317.747 348.023 249.387 237.196 137.013 86.3359 109.72 68.6809 63.0213 51.4772 50.2977 47.9615 75.3671 24.4887 19.3994 40.4846 15.8259 20.1468 14.2353 13.8799 12.1102 12.3114 11.2463 11.5755 10.5372 7.23401
threshold=6.5581742892416139 90.210000000000022 1.0000000180025095e-35 2.5000000000000004 6.5000000000000009 0.2817460317460318 404.12000000000006 1.8760992090899908 28.500000000000004 60.050000000000004 15.950000000000001 11449.145 9.3500000000000032 56.750000000000007 1.6962433472099498 8480.2950000000019 1.1236578633750149 17.500000000000004 3.4604003180186544 1.0000000180025095e-35 1.5000000000000002 1172.6350000000002 88573.819999999992 26.450000000000003 4959.4250000000011 14.131655092592593 1.0000000180025095e-35 1.0000000180025095e-35 53.750000000000007 15.500000000000002
decision_type=2 2 2 2 2 2 2 2 2 2 2 2 2 2 2 2 2 2 2 2 2 2 2 2 2 2 2 2 2 2
left_child=1 2 12 4 5 6 9 -2 -9 10 -3 -12 13 -1 -7 18 22 -18 20 -20 26 -22 29 -21 -25 -26 -6 -28 -23 -17
right_child=7 3 -4 -5 15 14 -8 8 -10 -11 11 -13 -14 -15 -16 16 17 -19 19 23 21 28 -24 24 25 -27 27 -29 -30 -31
leaf_value=-4.3635308890394455 -4.3590658908187674 -4.3708308022426428 -2.560061482199508 -3.4446708549098224 -4.3896410102641674 -4.3770778859076662 -3.3502754540535049 -3.1045414944644634 -4.3168343686604373 -4.3629808988142251 -4.3590658908187674 -3.6959749683005656 -4.3818429264499592 -3.8356367807292617 -4.0491132574841293 -4.3441392254753213 -3.9005354559263137 -4.355944959782474 -4.3680974085901934 -4.3622603211883968 -4.3568473359310582 -4.0961620015758031 -4.3747185790094409 -4.3570441337706436 -4.0053153700644772 -4.3274020298676419 -4.3586090612967636 -4.1934816933965271 -4.3584164691866754 -4.1713590659787769
leaf_weight=0.6199444150552148 0.41751358564942975 1.1133695617318182 1.4802754400297997 0.31629817094653745 387.03509389702231 10.323972299695011 0.7717675371095537 4.5420417347922921 0.29099431727081526 2.163479489274323 0.41751358564943064 1.2904965374618766 2.9099431727081537 0.25303853675723076 0.30364624410867769 0.98685029335319618 0.51872900035232383 0.30364624410867691 12.133197837509213 0.55668478086590711 5.6048035891726604 0.34160202462226141 6.5030903946608305 0.34160202462226141 0.67055212240666129 0.49342514667659998 3.162981709465384 0.49342514667659987 0.39220973197370768 0.56933670770376921
leaf_count=49 33 88 117 25 30591 816 61 359 23 171 33 102 230 20 24 78 41 24 959 44 443 27 514 27 53 39 250 39 31 45
internal_value=-4.34415 -4.36026 -3.56445 -4.37161 -4.37434 -4.16467 -3.88409 -3.24279 -3.16034 -4.11899 -3.97593 -3.80372 -4.24831 -4.02071 -4.34314 -4.38292 -4.27329 -3.98289 -4.38546 -4.32895 -4.38751 -4.31295 -4.33953 -4.166 -4.11516 -4.07102 -4.3888 -4.30875 -4.16372 -4.23806
internal_weight=0 442.071 5.2632 436.808 436.491 16.3842 5.75663 5.25055 4.83304 4.98486 2.82138 1.70801 3.78293 0.872983 10.6276 420.107 8.88165 0.822375 411.226 14.1955 397.03 6.33862 8.05928 2.06226 1.50558 1.16398 390.692 3.65641 0.733812 1.55619
internal_count=35356 34941 416 34525 34500 1295 455 415 382 394 223 135 299 69 840 33205 702 65 32503 1122 31381 501 637 163 119 92 30880 289 58 123
is_linear=0
shrinkage=1


Tree=1
num_leaves=31
num_cat=0
split_feature=41 2 19 21 31 15 2 33 10 0 33 14 15 2 33 21 19 40 19 21 15 0 14 10 10 38 24 24 38 19
split_gain=1115.67 1028.81 721.871 250.423 200.478 214.467 158.433 81.1714 77.3073 65.5971 52.282 92.973 46.2945 95.3602 33.7328 31.4139 33.7515 30.0819 37.9256 67.3422 26.5339 24.6205 45.7888 20.1638 15.8971 13.5707 10.2983 11.0334 9.94245 9.51675
threshold=1.0000000180025095e-35 5.5368824942314019 0.022517361111111116 2.7662094907407409 6.5000000000000009 863.50000000000011 19.571745490999184 0.48331479421579543 2045.9500000000003 688.38000000000011 0.28869047619047622 55018.375000000007 717.50000000000011 2.9602220972206941 0.042572463768115944 7.3876909722222228 21.268032407407411 0.087661783624001219 2.8869675925925931 1.6905150462962963 717.50000000000011 1329.6900000000003 31152.510000000006 1190.7500000000002 28841.105000000007 52.150000000000013 14.702141203703706 7.0907233796296305 54.350000000000001 0.87139467592592601
decision_type=2 2 2 2 2 2 2 2 2 2 2 2 2 2 2 2 2 2 2 2 2 2 2 2 2 2 2 2 2 2
left_child=1 4 3 -2 5 7 8 9 17 -1 11 -7 13 14 29 -13 -17 -3 19 26 28 22 -16 -15 -14 -20 27 -19 -4 -6
right_child=2 6 20 -5 12 10 -8 -9 -10 -11 -12 15 24 23 21 16 -18 18 25 -21 -22 -23 -24 -25 -26 -27 -28 -29 -30 -31
leaf_value=0.015989939730319046 -0.0095066369693664332 -0.020313466684582195 0.22355429074260977 0.68721230461196059 0.028975505543249836 -0.011681891939426144 0.57155645105281006 0.004862591054405601 0.46684819669446381 0.67195473830425057 -0.040254251988863898 0.011773103046600909 -0.045170541181049337 -0.011501427601262448 -0.02459896389928358 0.52946721310446965 0.017587913329523499 -0.01978061245849741 0.12406459031710521 0.4980368295244717 -0.033016826203531642 -0.02778351866532941 0.39146952033937032 0.39692302068331514 0.099636486080849809 -0.035048638229198528 -0.027907440815929885 0.19770895874154737 -0.015264960223707639 -0.039119482550342637
leaf_weight=0.50387789402157412 1.4337681662291313 2.2272950578480977 0.63995773624628582 9.8077154168859106 5.9140844261273839 4.126430924050509 5.3359623812139025 0.81334780063480128 1.7020828528329719 1.6281514531001446 8.6942462315782887 0.60893724672496308 365.54976595472544 0.29395466856658348 0.94530814327299528 0.8965319814160464 0.47319682687520981 0.61509640607982941 1.56885336432606 1.003485422581434 7.5396873336285353 1.2155507327988742 0.58447383530437946 0.90032035671174526 1.0003672698512662 2.1045614657923579 1.1551566673442719 0.80969652533531189 0.42984710074961185 20.744449278339744
leaf_count=21 101 82 29 226 478 277 134 66 53 60 704 37 30058 24 78 46 30 21 61 31 611 98 40 64 78 91 35 22 33 1695
internal_value=0 -0.016349 0.358108 0.604833 -0.0321242 0.127916 0.359012 0.455942 0.219043 0.571529 0.0379056 0.139212 -0.0395781 0.0189875 -0.00458585 0.352172 0.434675 0.134283 0.178446 0.275669 0.00653933 0.1364 0.226273 0.336967 -0.0445053 0.0449121 0.0742191 0.134381 0.166582 -0.0235115
internal_weight=0 431.415 19.851 11.2415 414.893 17.7447 16.5222 2.94538 11.1862 2.13203 14.7993 6.1051 397.148 30.5981 29.4039 1.97867 1.36973 9.48414 7.25685 3.58344 8.60949 2.74533 1.52978 1.19428 366.55 3.67341 2.57995 1.42479 1.0698 26.6585
internal_count=35384 34384 1000 327 33854 1241 530 147 396 81 1094 390 32613 2477 2389 113 76 343 261 109 673 216 118 88 30136 152 78 43 62 2173
is_linear=0
shrinkage=0.05


Tree=2
num_leaves=31
num_cat=0
split_feature=2 41 15 25 31 15 19 10 3 3 12 19 15 33 40 0 19 39 17 2 19 3 0 25 15 39 0 0 3 19
split_gain=797.569 735.691 309.993 192.134 154.288 92.394 86.0051 45.4406 72.5825 38.471 38.4158 37.1338 35.4223 32.9265 28.8229 26.9833 18.7328 22.8353 19.1677 17.9695 16.5994 16.6321 27.0866 15.6877 26.2935 12.0627 11.6534 11.3105 9.56065 7.16908
threshold=5.5368824942314019 1.0000000180025095e-35 717.50000000000011 2.5000000000000004 6.5000000000000009 863.50000000000011 23.251863425925929 7061.4400000000014 1.1417892422569338 1.8760992090899908 15089.995000000001 1.0000000180025095e-35 178.50000000000003 0.28869047619047622 0.2241633360966899 5296.3250000000016 12.859016203703705 70.450000000000017 3.5000000000000004 2.2332830704182625 0.87139467592592601 -0.028098729483419519 7325.7650000000003 1.5000000000000002 651.50000000000011 1003.5500000000001 90.210000000000022 14983.295000000002 1.6962433472099498 0.531846064814815
decision_type=2 2 2 2 2 2 2 2 2 2 2 2 2 2 2 2 2 2 2 2 2 2 2 2 2 2 2 2 2 2
left_child=1 3 -3 4 5 12 9 23 20 -2 14 19 -1 16 27 -14 17 -7 -19 26 21 -9 -23 25 -25 -6 -4 -11 -15 -10
right_child=6 2 11 -5 7 13 -8 8 29 10 -12 -13 15 28 -16 -17 -18 18 -20 -21 -22 22 -24 24 -26 -27 -28 -29 -30 -31
leaf_value=0.037298623737199617 0.0010245330690010284 0.38524178553869959 0.14306389463426736 0.46796184702640969 -0.044870527838647589 -0.024471658599862774 -0.01824842624415015 -0.028715791373934346 0.40704825946126699 -0.012034546454729362 0.45669717161417867 -0.03247803658451439 0.45174352622240266 -0.039791547725152213 0.29059438235111684 0.038134885642211035 0.0054389194670984471 -0.017868291518475132 0.27208194881774395 0.30043741974177096 -0.038011994383989917 0.31624290381705467 -0.022803516963422605 0.21971698522666167 -0.014072985447203736 0.089415716163018716 -0.01809353891164113 0.14725800295416777 0.10865354369526109 0.049362833365382573
leaf_weight=1.2624126523733168 0.94486092682928458 14.52188425883651 1.0341911502182473 0.92600805312394996 365.38861815351993 0.92909491062164251 2.0235191406682125 1.3088703500106933 0.42117970529943782 1.5472389059141307 5.6711351741105309 7.2978311199694872 1.7802712023258211 8.3049916019663179 10.35407504159957 0.69030130840837944 2.5608749492093921 0.54315558727830682 2.4057627329602838 0.42507842276245345 6.9747814908623695 0.36450447421520571 0.81846614554524422 0.4815291240811338 5.8575917240232229 0.78975367452949186 2.0706834187731147 2.0068717794492841 0.25924000144004899 0.50510595738887787
leaf_count=55 67 216 12 21 31352 66 79 104 22 50 103 616 49 705 218 39 155 40 122 22 572 27 64 32 486 67 126 36 16 32
internal_value=0 -0.0141283 0.241893 -0.0308091 -0.0331184 0.103496 0.284744 -0.0400552 0.0591064 0.314077 0.3284 0.0333206 0.296813 0.0398543 0.248961 0.380464 0.117119 0.174634 0.227676 0.146493 0.00196903 0.0927151 0.178677 -0.0429726 0.0312041 -0.0443382 0.057361 0.0904965 -0.0244075 0.338883
internal_weight=0 427.922 25.3497 402.573 401.647 18.7361 22.5477 382.91 10.3929 20.5242 19.5793 10.8278 3.73299 15.0031 13.9082 2.47057 6.43889 3.87801 2.94892 3.52995 9.46662 2.49184 1.18297 372.517 6.33912 366.178 3.10487 3.55411 8.56423 0.926286
internal_count=35571 35018 992 34026 34005 1247 553 32758 821 474 407 776 143 1104 304 88 383 228 162 160 767 195 91 31937 518 31419 138 86 721 54
is_linear=0
shrinkage=0.05


Tree=3
num_leaves=31
num_cat=0
split_feature=15 2 19 21 25 31 2 31 3 38 31 19 21 40 15 25 10 38 38 0 41 23 3 14 10 10 12 2 15 18
split_gain=648.17 486.086 253.192 161.312 103.851 70.6663 56.5853 64.1129 51.6025 49.7309 41.2222 40.3316 142.327 39.2187 40.0825 35.7816 33.3564 24.9952 21.1679 21.1112 20.3494 39.5574 17.2138 13.6525 13.3038 10.3105 10.0479 8.24185 6.33346 5.9929
threshold=717.50000000000011 5.5368824942314019 0.022517361111111116 3.9357754629629631 1.5000000000000002 5.5000000000000009 3.084352139183872 7.5000000000000009 3.8853203711202711 60.050000000000004 1.5000000000000002 5.0147627314814818 6.4593287037037044 0.078525047230507947 18551.000000000004 2.5000000000000004 1190.7500000000002 51.550000000000004 64.15000000000002 38051.880000000012 1.0000000180025095e-35 1.0000000180025095e-35 2.0262601809877228 32600.580000000005 3012.7250000000004 28841.105000000007 12741.375000000002 2.3533470903435911 1476.5000000000002 1.0000000180025095e-35
decision_type=2 2 2 2 2 2 2 2 2 2 2 2 2 2 2 2 2 2 2 2 2 2 2 2 2 2 2 2 2 2
left_child=2 5 3 24 6 9 7 17 11 10 -2 12 22 -12 28 20 -5 23 -8 -10 25 27 -3 -4 -1 -7 -26 -22 -15 -29
right_child=1 8 4 16 -6 15 18 -9 19 -11 13 -13 -14 14 -16 -17 -18 -19 -20 -21 21 -23 -24 -25 26 -27 -28 29 -30 -31
leaf_value=-0.027812836557899151 -0.023479667419456729 0.15426768862140569 0.028292188034356881 0.26526247012462895 0.32798215841615869 -0.045589770469933649 0.26590716037750928 -0.035447226361599152 0.12371992000099957 -0.043206953372077701 -0.029151959779875697 0.0065368015422625648 0.40620341090786738 0.12323205325463554 0.35769109785499875 0.22600699738520152 0.4793903843368334 -0.025627082563516757 -0.020248830656958226 0.3254907501221585 -0.039401309953720154 0.2118497295399997 -0.015830007927298492 0.29471254184458928 0.15841789206364931 0.070894836374095119 -0.0073850598444104819 -0.020585016218511824 -0.010764405929897781 0.13754207152332074
leaf_weight=3.3509140470996526 2.6857722075656039 0.94353174790739824 0.87494601868094068 15.47235383000225 2.1541889850050202 339.80642105545849 1.9804542968049639 22.075058711692691 3.7958151828497648 5.7783073000609866 1.3078833799809215 5.826566083356739 3.0243550734594464 0.71679619885981116 2.6619103932753205 0.26573891937732597 4.5406397469341746 0.99772186297923315 0.65443608351051796 6.4951937794685364 7.9137916956096852 1.2634995244443423 5.7084526615217328 1.5927720153704283 1.6021584020927551 1.0610254378989328 1.2767283488065002 0.68616005685180403 1.5155892325565217 0.33092400431632996
leaf_count=251 205 29 31 157 59 30396 46 1898 57 468 100 199 45 25 95 6 129 62 35 76 637 39 116 41 62 75 69 60 116 16
internal_value=0 -0.0225947 0.157048 0.267962 0.0555886 -0.0375506 0.0242345 -0.00195828 0.183098 0.0668716 0.135569 0.113493 0.171251 0.19814 0.253519 -0.0420871 0.334347 0.171534 0.208816 0.268617 -0.0429314 0.0247138 0.0253045 0.23565 0.0379545 -0.0450209 0.10194 -0.0204279 0.0570741 0.073546
internal_weight=0 391.788 56.5724 26.2428 30.3296 365.994 28.1754 25.5405 25.7939 14.6663 8.88795 15.5029 9.67634 6.20218 4.8943 351.328 20.013 3.46544 2.63489 10.291 351.062 10.1944 6.65198 2.46772 6.2298 340.867 2.87889 8.93088 2.23239 1.01708
internal_count=35600 32760 2840 668 2172 32238 2113 2032 522 1009 541 389 190 336 236 31229 286 134 81 133 31223 752 145 72 382 30471 131 713 141 76
is_linear=0
shrinkage=0.05


Tree=4
num_leaves=31
num_cat=0
split_feature=15 2 19 33 21 31 38 34 21 19 33 39 6 14 2 38 38 31 37 2 17 39 2 31 12 24 23 24 24 2
split_gain=532.883 373.441 126.532 117.136 74.5294 64.5082 61.7857 55.8045 54.8961 121.671 44.2044 36.859 32.776 31.3184 22.6311 21.1276 21.7787 16.8414 15.5136 14.3447 14.0865 13.8887 13.3796 11.8827 11.2305 9.8613 8.33338 8.23655 13.8018 7.93169
threshold=651.50000000000011 4.5724085368789824 0.022517361111111116 0.046536796536796543 0.22250578703703708 6.5000000000000009 59.550000000000004 1.0000000180025095e-35 8.3585879629629645 11.656817129629632 0.26969696969696971 53.650000000000013 1.5000000000000002 55018.375000000007 6.5581742892416139 15.950000000000001 56.850000000000001 7.5000000000000009 1.0000000180025095e-35 9.6923103828038588 4.5000000000000009 -1.0000000180025095e-35 2.3213996266501762 18.500000000000004 44256.625000000007 8.0357291666666679 1.0000000180025095e-35 11.020555555555559 13.157268518518519 2.000760714944438
decision_type=2 2 2 2 2 2 2 2 2 2 2 2 2 2 2 2 2 2 2 2 2 2 2 2 2 2 2 2 2 2
left_child=2 5 4 14 27 10 11 8 24 -10 13 -5 18 29 17 -15 -17 -4 -7 -11 -9 -6 -14 -19 -3 -13 -20 -1 -29 -2
right_child=1 7 3 6 21 12 -8 20 9 19 -12 25 22 15 -16 16 -18 23 26 -21 -22 -23 -24 -25 -26 -27 -28 28 -30 -31
leaf_value=-0.036765676686769048 -0.0057868013612304139 -0.01521071400327903 0.12327124674991737 -0.021202023642207388 -0.014915261099487341 -0.044944153279193266 -0.031910769807689761 0.067107681224767596 0.3342697573209763 -0.041743479662908298 -0.029772084353050277 0.060596617601736708 -0.016771522415368209 -0.022196072723322663 0.15282335254253965 0.30950854938352895 0.02283779504469283 -0.045001592430523811 -0.0062194956990064285 0.10194899031823615 0.26677570865241507 0.24397691862596924 0.25868761493172904 0.053125027734512935 0.10159126160882881 0.36159866402707191 0.13192218043422901 0.18845271217260315 -0.013805902816309699 0.10968018409165253
leaf_weight=2.5280349403619793 4.4266206696629542 9.4597134226933139 1.0042426688596702 0.71310167759656806 0.41450149565935746 328.1584243522957 1.6872624037787316 1.8991291038692013 4.5229100715368968 4.2863240418955684 8.6243732338771206 0.77101343311369408 0.49585579615086217 0.67315910197794426 1.1769377645105112 2.4502347763627772 1.0296626184135673 16.896920408122245 2.3921343684196468 1.5904878759756682 7.6936069494113326 25.226813057437536 0.29485964402556419 2.8498322675004593 1.5696003194898356 4.0507633769884706 0.88588394876569498 0.46043738443404469 1.7048164857551453 1.1722272429615257
leaf_count=178 229 231 45 47 26 30592 123 33 75 255 746 23 43 27 12 44 46 1470 213 28 124 296 19 231 25 90 21 16 119 55
internal_value=0 -0.0228774 0.136833 0.0593855 0.206986 -0.0377095 0.220331 0.140695 0.088792 0.165756 0.0514754 0.290341 -0.0427822 0.119415 -0.000920931 0.20902 0.248718 -0.016266 -0.0438161 0.00631514 0.237313 0.239389 0.173046 -0.028962 0.00847507 0.332144 0.0532238 0.0189996 0.0751538 0.031346
internal_weight=0 381.625 59.4847 29.1501 30.3346 350.603 7.22214 31.0218 21.429 10.3997 18.3763 5.53488 332.227 9.7519 21.9279 4.15306 3.4799 20.751 331.436 5.87681 9.59274 25.6413 0.790715 19.7468 11.0293 4.82178 3.27802 4.69329 2.16525 5.59885
internal_count=35482 32806 2676 2041 635 32035 283 771 614 358 1147 160 30888 401 1758 117 90 1746 30826 283 157 322 62 1701 256 113 234 313 135 284
is_linear=0
shrinkage=0.05


Tree=5
num_leaves=31
num_cat=0
split_feature=15 3 19 33 6 40 38 31 33 39 14 3 34 39 18 19 17 38 38 14 19 3 18 24 31 23 38 3 31 0
split_gain=412.875 371.349 129.266 77.0099 60.5364 47.0869 39.4306 34.2954 37.3656 28.5855 21.2868 25.0484 19.4223 29.4465 18.4869 16.6418 30.9784 15.1457 14.8519 14.0243 13.4636 12.7397 20.5221 12.6222 12.3096 12.3064 11.8328 11.5928 11.2237 10.8391
threshold=863.50000000000011 2.2838636327926638 0.073726851851851863 0.037749287749287756 1.5000000000000002 0.0098527962866616931 59.550000000000004 5.5000000000000009 0.28869047619047622 73.15000000000002 5363.2300000000005 -2.0575984421710278 1.0000000180025095e-35 750.70000000000016 1.0000000180025095e-35 7.638964120370372 8.5000000000000018 67.65000000000002 60.550000000000004 35274.485000000008 21.268032407407411 1.7484187391750303 1.0000000180025095e-35 6.9278761574074084 1.5000000000000002 1.0000000180025095e-35 5.4500000000000011 3.8853203711202711 20.500000000000004 38051.880000000012
decision_type=2 2 2 2 2 2 2 2 2 2 2 2 2 2 2 2 2 2 2 2 2 2 2 2 2 2 2 2 2 2
left_child=2 4 5 15 7 -1 9 8 20 -5 -7 -12 13 25 -6 16 -4 -13 -18 -11 24 -9 -23 -19 -2 27 -26 -3 -17 -29
right_child=1 12 3 6 14 10 -8 21 -10 19 11 17 -14 -15 -16 28 18 23 -20 -21 -22 22 -24 -25 26 -27 -28 29 -30 -31
leaf_value=-0.035063699401572702 -0.0045534498131307739 0.010689369153464681 -0.024825292910823547 -0.008501229472297072 -0.01926744863541309 -0.024511874850185397 -0.033844426748501605 -0.043667313116983963 -0.039057462363834478 0.039802598027209091 0.14703884160660755 0.30608584508425518 0.20137187500141054 0.23174363244421886 0.2624728250418375 -0.047789328175558372 0.22867515576832032 0.19426625912013398 -0.019143331779001058 0.27038539635362424 -0.027128212675384563 -0.028040150988444996 0.12029845229384811 0.027079907074678413 -0.019644219592778407 0.16889458915444217 0.19458566283368206 0.014250300382936379 0.084980825548589212 0.14914014479542032
leaf_weight=2.2272724043577901 1.1664271298795919 9.1577038355171698 4.7910443674773004 1.3271700059995035 0.61476414464413998 0.92936865612864394 1.9962306050583718 310.63619140721858 7.7319579580798745 1.1752257011830805 20.801493481732901 7.7285516029223817 10.407573417760434 2.9778257459402075 1.2202841471880674 16.402489216998223 1.489221837371588 2.8196288701146841 0.60744429379701603 4.9657761035487056 1.1263543022796509 7.732793868519364 2.1934712333604693 2.1302580991759896 0.54146387148648489 1.9071978405117995 4.0354380877688527 2.6888173818588266 0.84164096228778262 3.1404185891151428
leaf_count=171 67 269 404 70 53 69 152 30091 700 37 174 195 125 25 28 1461 66 83 54 78 64 620 127 86 22 30 96 39 53 28
internal_value=0 -0.0214179 0.110085 0.0375181 -0.0366167 0.173865 0.15084 -0.0384576 0.0346724 0.198373 0.187997 0.194436 0.143501 0.104997 0.194583 -0.0111596 0.0500382 0.255766 0.173881 0.238011 0.112075 -0.0418862 0.0127492 0.138959 0.139349 0.0709539 0.170264 0.0487053 -0.0370064 0.0981178
internal_weight=0 367.279 70.2328 33.5962 336.999 36.6366 9.4644 335.164 14.6016 7.46817 34.4093 33.4799 30.2795 19.872 1.83505 24.1318 6.88771 12.6784 2.09667 6.141 6.86968 320.562 9.92627 4.94989 5.74333 16.8941 4.5769 14.9869 17.2441 5.82924
internal_count=35537 32384 3153 2375 31868 778 337 31787 949 185 607 538 516 391 81 2038 524 364 120 115 249 30838 747 169 185 366 118 336 1514 67
is_linear=0
shrinkage=0.05


Tree=6
num_leaves=31
num_cat=0
split_feature=15 3 19 21 3 6 31 31 21 5 19 3 33 3 38 21 18 25 38 19 33 41 23 25 39 39 3 1 18 31
split_gain=358.169 330.051 87.2115 67.5233 64.4903 62.4085 46.6449 40.4006 30.8197 92.4791 68.37 30.7875 30.4556 27.9277 21.0203 21.0067 19.1607 18.5222 17.8303 16.7504 11.9586 10.5265 23.0254 9.22751 7.53331 7.29047 6.67629 4.84512 4.78145 4.57328
threshold=717.50000000000011 2.1378119330449716 0.022517361111111116 0.93313657407407413 1.1417892422569338 1.5000000000000002 6.5000000000000009 6.5000000000000009 1.2560358796296298 1.0000000180025095e-35 1.8965914351851854 -2.0575984421710278 0.28869047619047622 2.9259036246439343 60.050000000000004 7.1611284722222228 1.0000000180025095e-35 2.5000000000000004 55.850000000000001 26.170723379629631 0.31698564593301443 1.0000000180025095e-35 1.0000000180025095e-35 1.5000000000000002 1003.5500000000001 74.050000000000011 1.8760992090899908 10.742019774548082 1.0000000180025095e-35 18.500000000000004
decision_type=2 2 2 2 2 2 2 2 2 2 2 2 2 2 2 2 2 2 2 2 2 2 2 2 2 2 2 2 2 2
left_child=2 5 3 26 7 6 12 20 9 -3 -10 -5 14 -12 15 -2 -7 21 25 -17 -4 24 -23 29 27 -6 -1 -8 -29 -9
right_child=1 8 4 11 18 16 17 23 10 -11 13 -13 -14 -15 -16 19 -18 -19 -20 -21 -22 22 -24 -25 -26 -27 -28 28 -30 -31
leaf_value=-0.032824700286143309 -0.0044812189762854799 -0.031466769621013635 0.16451854587572931 0.13314314924090806 0.042445903043352481 -0.02029426948604561 -0.045268193698682374 -0.044909965201503199 0.26367454040210903 0.19172015748650742 -0.007607441320013366 0.25052560946447655 -0.033576160942685382 0.15224755248112851 -0.02352473064977682 0.20221180835616537 0.25473895399930885 0.15778005422512476 -0.0046406996412206346 -0.022084658216670994 -0.0065513893744274191 -0.027298583458368716 0.1558047446992763 0.083351472897346957 0.065002115356802601 0.23638334114311754 0.074380792768983808 -0.026467235418389409 0.098124469335419851 0.013259593499745457
leaf_weight=4.599905931390821 2.1593761378899234 9.9280591169372219 3.291551128029826 20.564084348268807 1.0986583931371559 0.66907693818211478 294.5784901753068 16.769745556637652 8.5975660365074891 7.3436175864189854 5.7478698100894672 11.485124775208531 7.8602794958278528 4.0570655139163136 2.6820780811831355 4.8405631789937615 1.4320865916088223 0.20049908757209678 1.1263306960463522 0.75577349681407202 1.2431461522355673 7.5949183059856278 1.1500153066590426 0.86241866089403529 0.73457638826221128 3.927711009979248 0.96526114363223303 1.0863509997725476 0.33715003542602051 3.6904226960614315
leaf_count=331 99 195 37 154 35 57 29977 1592 85 53 266 171 730 59 174 97 28 4 71 37 59 682 39 33 62 55 17 84 14 296
internal_value=0 -0.0194818 0.103592 0.154381 0.0410414 -0.03538 -0.037411 0.00412305 0.122838 0.0687276 0.167464 0.181516 0.0385522 0.0665059 0.0910558 0.128841 0.188856 -0.042069 0.173926 0.173165 0.124911 -0.0427145 0.010298 -0.02601 -0.0443062 0.20807 -0.00573292 -0.0447954 0.0313543 -0.0342889
internal_weight=0 361.755 69.6244 37.6144 32.01 326.081 323.98 25.8573 35.6742 17.2717 18.4025 32.0492 18.2981 9.80494 10.4378 7.75571 2.10116 305.682 6.1527 5.59634 4.5347 305.482 8.74493 21.3226 296.737 5.02637 5.56517 296.002 1.4235 20.4602
internal_count=35593 32742 2851 673 2178 32084 31999 2017 658 248 410 325 1137 325 407 233 85 30862 161 134 96 30858 721 1921 30137 90 348 30075 98 1888
is_linear=0
shrinkage=0.05


Tree=7
num_leaves=31
num_cat=0
split_feature=15 3 19 21 33 31 6 33 3 38 14 21 6 19 3 25 39 3 10 3 39 10 0 0 37 3 24 3 3 24
split_gain=306.124 274.731 62.4576 63.4518 54.9537 43.4743 29.57 28.1259 25.9355 25.6386 22.7213 17.9743 79.7119 50.9125 19.9675 17.9518 15.7657 14.5918 12.6387 12.0762 11.2279 9.73494 7.19098 7.00544 6.76257 6.44772 6.42905 6.3556 6.16554 6.30052
threshold=791.50000000000011 2.1378119330449716 1.8108043981481483 1.6905150462962963 0.05634920634920635 6.5000000000000009 1.5000000000000002 0.28869047619047622 -0.34919373424960681 59.550000000000004 55018.375000000007 0.16281250000000003 1.0000000180025095e-35 0.14366319444444448 2.9259036246439343 2.5000000000000004 74.050000000000011 1.2176323312948181 1452.9100000000001 1.1795647483597815 1003.5500000000001 2770.1200000000003 72.14500000000001 46258.400000000001 1.0000000180025095e-35 1.0449964213733609 9.7427662037037059 0.99779451494346694 1.161177427148895 11.020555555555559
decision_type=2 2 2 2 2 2 2 2 2 2 2 2 2 2 2 2 2 2 2 2 2 2 2 2 2 2 2 2 2 2
left_child=2 5 3 28 17 7 15 10 18 16 25 12 -3 -13 -15 20 -6 22 -5 -8 23 -19 -4 24 -7 -2 -12 -22 -1 -30
right_child=1 11 4 8 9 6 19 -9 -10 -11 26 13 -14 14 -16 -17 -18 21 -20 -21 27 -23 -24 -25 -26 -27 -28 -29 29 -31
leaf_value=-0.028155018792887676 -0.017759677277895753 -0.043702111603954118 0.086337817978155151 0.13800506472026083 -0.0036180779505776018 -0.044589687958634633 -0.019886146342811353 -0.034091212360961874 0.2375044304694432 -0.031020700876712562 0.02972576139090671 0.20609907041965725 0.16549788121972137 -0.014822696301515354 0.11847732175515138 0.15254387761094809 0.20072940079257223 -0.02671469820067332 0.025034283385216127 0.20690912988217947 -0.019399135707533238 0.12795050081069789 -0.030495616171005074 0.041968039532696594 0.025426232806061044 0.082594337834323628 0.1770665381870406 0.15121010501049928 -0.02500784545818438 0.1188668199652512
leaf_weight=5.6617441549897185 4.8127814736217278 8.5575649105012435 0.45580195914954913 22.495902999304239 1.0520852329209427 286.38422788027674 0.64473727345466503 8.0141569469124061 8.5687590623274428 1.5614054445177314 1.4163123741745947 11.099254864268007 7.9951846599578849 5.7330772178247553 4.1661096597090364 0.23057588934898277 5.9340356299653649 1.0943415239453309 3.3277632044628254 0.73451192583888769 0.62172140367329021 1.9952988056465981 18.750559646636248 1.6571432296186674 2.8907781941816202 1.230737413279712 3.9488302180543542 0.24116851761937141 0.83854834828525759 0.75586565583944321
leaf_count=433 243 167 23 164 48 30324 50 755 91 115 36 92 50 278 57 4 86 73 85 17 53 36 1754 99 239 48 83 16 28 23
internal_value=0 -0.020306 0.091906 0.131275 0.0362921 -0.0357266 -0.0405354 0.0353432 0.15889 0.136683 0.082935 0.105753 0.061016 0.136642 0.0470002 -0.0418393 0.173356 -0.00640944 0.124923 0.137093 -0.0425134 0.0800316 -0.0235874 -0.0431742 -0.0438048 0.0115018 0.148952 0.0838575 -0.00300691 0.0627255
internal_weight=0 350.379 72.4921 41.6486 30.8435 312.828 293.405 19.4228 34.3924 8.54753 11.4087 37.5512 16.5527 20.9984 9.89919 292.026 6.98612 22.296 25.8237 1.37925 291.795 3.08964 19.2064 290.932 289.275 6.04352 5.36514 0.86289 7.25616 1.59441
internal_count=35570 32611 2959 824 2135 31967 30802 1165 340 249 410 644 217 427 335 30735 134 1886 249 67 30731 109 1777 30662 30563 291 119 69 484 51
is_linear=0
shrinkage=0.05


Tree=8
num_leaves=31
num_cat=0
split_feature=2 41 25 38 31 38 23 10 3 38 33 6 21 12 18 21 5 39 38 10 3 3 31 5 21 0 6 34 38 31
split_gain=264.847 295.511 123.668 49.7244 46.3558 41.6452 33.7176 34.0608 48.5678 29.9508 29.7676 22.6144 18.8891 18.8816 18.8593 18.2979 18.6385 15.601 16.6774 13.0147 14.1575 9.69527 8.12253 7.58184 35.3793 6.59187 5.59344 4.89828 4.18792 4.15544
threshold=3.4604003180186544 1.0000000180025095e-35 1.5000000000000002 55.850000000000001 5.5000000000000009 20.950000000000003 1.0000000180025095e-35 2045.9500000000003 3.8853203711202711 15.950000000000001 0.35388994307400384 1.5000000000000002 6.4593287037037044 22374.080000000005 1.0000000180025095e-35 1.6905150462962963 1.0000000180025095e-35 104.85000000000001 59.050000000000004 6875.8600000000015 1.0289256920261063 0.89457892251934867 6.5000000000000009 1.0000000180025095e-35 -1.0000000180025095e-35 366.86500000000007 1.0000000180025095e-35 1.0000000180025095e-35 21.450000000000003 22.500000000000004
decision_type=2 2 2 2 2 2 2 2 2 2 2 2 2 2 2 2 2 2 2 2 2 2 2 2 2 2 2 2 2 2
left_child=1 2 4 9 10 -3 7 8 14 -4 12 19 -1 22 29 16 -16 -14 -19 26 27 -13 -7 24 -10 -11 -6 -21 -9 -2
right_child=6 5 3 -5 11 13 -8 28 23 25 -12 21 17 -15 15 -17 -18 18 -20 20 -22 -23 -24 -25 -26 -27 -28 -29 -30 -31
leaf_value=-0.03598280776940023 -0.032200170494444201 0.14475488883526763 -0.026818895929762162 -0.037533309494053972 -0.044722011251640791 0.074383816254892085 0.17801743682846932 0.022937637793495599 -0.034151857191363481 -0.0088555064072820128 -0.038749080853427202 -0.017639806123698799 -0.0065568802151208284 0.13087143734878035 -0.037276350173102595 0.13552949052480787 0.13310694447681345 0.1781133288001803 0.010546752183086334 -0.028143727750246417 0.12542372658311238 0.20558731403811592 -0.032892920936307184 0.15575083697392952 0.15968075409765789 0.23637559150305179 0.024994053537335307 0.064390533653580745 0.15914713348202672 0.063095524946465267
leaf_weight=2.2584335030987885 14.507831338793038 28.3970458637923 1.1278030006214956 2.8596413880586624 276.16961275599897 1.2585257766768316 10.208103528246282 0.98163564782589574 3.9267704049125314 0.21128213871270407 7.4631385784596196 0.53082876838743587 2.1891850167885405 2.1742489114403716 5.5644176732748747 3.5733769321814179 1.1258920179679988 5.7139701629057527 2.0755970822647214 7.8703061314299685 1.2452145572751749 0.36464174743741751 7.2659058328717947 7.8556558340787888 3.9616614356636983 6.2799051385372877 2.3141525108367196 0.73609258234500874 10.697573451325296 0.31894477084279138
leaf_count=113 988 223 109 272 30143 23 132 35 50 17 688 39 66 74 188 52 13 55 92 700 51 9 631 44 24 154 228 52 140 15
internal_value=0 -0.0141256 -0.0301025 0.131386 -0.0359863 0.1139 0.0964754 0.0775941 0.0536701 0.191786 0.0368201 -0.0410551 0.0823533 0.0266292 0.0092741 0.0584268 0.00497684 0.109974 0.139744 -0.0420585 0.0132467 0.133766 -0.0109079 0.119642 0.0702063 0.228277 -0.0440553 -0.0143504 0.150411 -0.0262931
internal_weight=0 358.506 319.41 10.4786 308.931 39.0957 62.7219 52.5138 40.8346 7.61899 19.7003 289.231 12.2372 10.6987 25.0905 10.2637 6.69031 9.97875 7.78957 288.335 9.85161 0.895471 8.52443 15.7441 7.88843 6.49119 278.484 8.6064 11.6792 14.8268
internal_count=35420 33739 32788 552 32236 951 1681 1549 1374 280 1014 31222 326 728 1256 253 201 213 147 31174 803 48 654 118 74 171 30371 752 175 1003
is_linear=0
shrinkage=0.05


Tree=9
num_leaves=31
num_cat=0
split_feature=15 3 38 39 31 34 33 39 19 21 5 14 24 3 17 38 19 19 38 18 3 21 12 31 3 21 39 24 19 13
split_gain=280.244 197.453 52.0535 53.7486 42.7134 37.008 23.2728 21.4091 18.2039 31.4241 59.7772 17.7547 16.5642 13.8422 11.7477 11.4279 9.91589 9.28333 8.81521 8.17597 24.1126 22.6334 8.40702 8.0577 7.48263 6.30133 5.94882 5.63631 7.75739 5.48302
threshold=791.50000000000011 1.9404464718940477 60.050000000000004 51.45000000000001 6.5000000000000009 1.0000000180025095e-35 0.28869047619047622 114.25000000000001 0.073726851851851863 0.16281250000000003 1.0000000180025095e-35 55018.375000000007 10.271799768518521 3.8853203711202711 6.5000000000000009 17.150000000000002 0.022517361111111116 24.813061342592597 52.150000000000013 1.0000000180025095e-35 1.0609047966360006 4.9303182870370383 49410.445000000007 21.500000000000004 -0.87897072970443835 32.225868055555559 180.35000000000005 27.685306712962966 27.888200231481488 25.500000000000004
decision_type=2 2 2 2 2 2 2 2 2 2 2 2 2 2 2 2 2 2 2 2 2 2 2 2 2 2 2 2 2 2
left_child=2 4 3 -1 6 16 11 14 9 10 -3 -2 -9 18 -5 -13 24 29 27 -6 23 22 -22 -21 -4 -14 -26 -10 -29 -16
right_child=1 8 5 7 19 -7 -8 12 13 -11 -12 15 25 -15 17 -17 -18 -19 -20 20 21 -23 -24 -25 26 -27 -28 28 -30 -31
leaf_value=-0.026354495019793936 0.0078666430096787834 -0.035271813705981328 -0.035254197333585938 0.0055155442064004521 -0.044468417999721996 0.15485053477538629 -0.032270834880709129 0.10386694531630727 -0.00040279971762059166 0.15490545497839237 0.13493170303321375 -0.025197942658603381 0.19717295763480777 0.12436834866546809 0.11713423423777046 0.1499186075108517 -0.046356060531406514 -0.013476272387937104 -0.044092727479681626 -0.03811320198396799 -0.020295087898970339 0.23755896831490353 0.11572357816707342 0.04983051540399891 0.1081346931359573 0.043715854250972047 -0.0039889234644064553 0.14519460081652374 -0.021484518140916606 0.021010986994044994
leaf_weight=6.6473572608083478 5.5926349898800272 9.5814981227740681 2.1889044772833586 4.830652664415541 216.32173400186002 2.68322177696973 7.2482957849279037 18.731776968576014 3.7838326245546305 12.933476964011787 9.4044135361909866 0.78183425310999144 14.168845631182192 1.7206917405128486 13.346994020044805 5.5261208778247237 10.867667537182568 1.5820763166993845 5.2356655355542898 42.880294511094689 3.9666976369917384 0.56273527536541212 0.48601796105504025 1.9283055597916234 2.0372869502753086 1.3941479893401254 1.825126946903765 1.0225934684276579 0.71923260949552048 2.2074428638443342
leaf_count=541 272 211 104 273 24979 23 742 186 166 101 50 25 238 10 205 87 1067 112 280 4797 408 44 11 150 49 30 62 30 47 99
internal_value=0 -0.0197209 0.0827876 0.10466 -0.0350299 0.010919 0.0356928 0.12033 0.0772499 0.0968739 0.0515692 0.0763803 0.145773 0.0236038 0.0759901 0.127736 -0.0192753 0.0944569 -0.00171253 -0.0402329 -0.0213303 0.0735455 0.0130518 -0.0333234 0.0290364 0.186895 0.0652283 0.0390468 0.0936357 0.105586
internal_weight=0 329.696 82.5115 62.9093 285.295 19.6022 19.1489 56.2619 44.4014 31.9194 18.9859 11.9006 34.2948 12.482 21.9672 6.30796 16.919 17.1365 10.7613 266.146 49.8241 5.01545 4.45272 44.8086 6.05132 15.563 3.86241 5.52566 1.74183 15.5544
internal_count=35399 32410 2989 1684 31515 1305 1126 1143 895 362 261 384 454 533 689 112 1282 416 523 30389 5410 463 419 4947 215 268 111 243 77 304
is_linear=0
shrinkage=0.05


Tree=10
num_leaves=31
num_cat=0
split_feature=15 2 41 15 31 34 6 13 14 33 19 21 21 19 19 41 19 21 3 40 31 19 33 2 2 3 3 31 21 3
split_gain=223.651 215.03 44.1352 45.4416 30.2741 22.9996 20.0429 18.1967 20.0612 16.3568 14.8877 27.0765 12.3093 13.5116 10.5362 10.2684 16.6142 11.2971 9.18608 8.98118 8.89276 8.83993 8.18636 7.67464 6.57641 6.22184 7.92801 6.96157 5.83213 5.94561
threshold=717.50000000000011 3.8480422997287929 1.0000000180025095e-35 178.50000000000003 6.5000000000000009 1.0000000180025095e-35 1.5000000000000002 29.500000000000004 29466.330000000005 0.24404761904761907 20.887812500000003 17.164050925925931 7.1611284722222228 8.4957523148148173 25.851684027777782 1.0000000180025095e-35 0.77613425925925938 4.9303182870370383 1.197566260374834 0.059468712439535734 12.500000000000002 0.022517361111111116 0.050641025641025648 5.5368824942314019 0.49732171013566157 0.95154245027236117 2.0262601809877228 20.500000000000004 3.4735532407407415 -1.9014711169230551
decision_type=2 2 2 2 2 2 2 2 2 2 2 2 2 2 2 2 2 2 2 2 2 2 2 2 2 2 2 2 2 2
left_child=2 4 3 21 9 10 15 8 25 12 11 20 -2 -14 19 -6 17 -17 -8 -10 -3 24 -15 -22 -1 27 -27 -5 -21 -30
right_child=1 5 -4 7 6 -7 18 -9 14 -11 -12 -13 13 22 -16 16 -18 -19 -20 28 23 -23 -24 -25 -26 26 -28 -29 29 -31
leaf_value=-0.03341018482488841 -0.025053200657741095 -0.021039866461174964 0.11931303722892889 -0.034472560357752834 -0.042920519336063299 0.11961447824514078 -0.019083847957108525 -0.026840496406662896 -0.0037159387185656647 -0.032003302312269319 -0.03285593376799921 0.12940498559028252 0.15522555557964729 -0.0073887153699636957 -0.0099288237910086785 -0.026965338428427549 -0.042122995503224611 0.13794270879187712 0.18610670853056588 0.032766395754836315 -0.032723660107985976 -0.040219371217023847 0.11064082263977276 0.064528822805059047 0.065952167687867699 0.11952893967712822 -0.027576922205708052 0.089399127679840679 0.0045175833809000679 0.15548524252604207
leaf_weight=1.8726235730573559 2.8007666533812907 6.4483112012967565 32.339037817902863 4.7524594934657278 245.25706390757114 18.660992093384266 0.59958980325609335 3.1323931515216819 1.1375519372522891 7.1205149451270691 4.2945289509370914 8.6485892357304675 3.2032656390219909 4.4594451626762748 1.318868115544318 1.1385505441576227 5.0433616181835532 2.096654144115746 0.47249459289014339 1.8774212477728749 1.8296237159520377 12.90689644962549 1.1123105548322199 10.176102048717437 3.4904670640826225 1.593846124596894 0.93101214058697213 0.42430938687175501 0.74559472780675839 13.932384373620138
leaf_count=103 137 215 201 358 29575 229 43 235 91 736 290 107 35 163 98 102 550 52 7 64 171 1184 24 151 123 67 15 17 21 232
internal_value=0 -0.0179493 0.0747224 0.0429337 -0.0354363 0.0763489 -0.0399481 0.0800066 0.0930518 0.0249143 0.0477354 0.0612202 0.0596863 0.0865291 0.119578 -0.041073 0.0123866 0.0872435 0.117522 0.129246 0.0242558 -0.0186376 0.0294243 0.0483314 0.0314597 0.0213544 0.0728507 -0.0114898 0.138073 0.148594
internal_weight=0 323.362 80.4549 48.1158 273.304 50.0581 254.608 29.8458 26.7134 18.6963 31.3972 27.1026 11.5758 8.77502 19.0118 253.536 8.27857 3.2352 1.07208 17.693 18.454 18.27 5.57176 12.0057 5.36309 7.70163 2.52486 5.17677 16.5554 14.678
internal_count=35396 32587 2809 2608 31424 1163 30329 1198 963 1095 934 644 359 222 506 30279 704 154 50 408 537 1410 187 322 226 457 82 375 317 253
is_linear=0
shrinkage=0.05


Tree=11
num_leaves=31
num_cat=0
split_feature=15 2 38 38 31 34 25 33 5 19 21 5 38 39 38 38 41 38 3 19 21 39 19 23 39 38 41 33 13 13
split_gain=194.401 199.614 38.6056 38.119 37.4844 31.688 23.0513 19.3277 17.9085 17.4792 25.4939 52.2222 18.6018 15.7872 13.8748 11.2986 10.7896 10.4218 9.44606 8.97789 8.33404 8.27117 7.50935 7.0138 10.7013 19.0991 7.52084 6.52568 6.20434 5.94909
threshold=863.50000000000011 3.8480422997287929 59.550000000000004 1.0000000180025095e-35 5.5000000000000009 1.0000000180025095e-35 2.5000000000000004 0.37715517241379315 1.0000000180025095e-35 0.073726851851851863 0.16281250000000003 1.0000000180025095e-35 53.750000000000007 113.55000000000001 60.550000000000004 16.550000000000004 1.0000000180025095e-35 5.4500000000000011 2.2838636327926638 7.1761226851851863 1.0000000180025095e-35 166.95000000000002 16.186481481481483 1.0000000180025095e-35 223.05000000000004 87.15000000000002 1.0000000180025095e-35 0.048809523809523817 7.5000000000000009 29.500000000000004
decision_type=2 2 2 2 2 2 2 2 2 2 2 2 2 2 2 2 2 2 2 2 2 2 2 2 2 2 2 2 2 2
left_child=2 4 3 -1 7 16 8 14 23 10 11 -3 15 19 17 -11 -4 -2 -17 20 -5 22 -19 -6 26 -26 -25 -21 -15 -30
right_child=1 9 5 13 6 -7 -8 -9 -10 12 -12 -13 -14 28 -16 18 -18 21 -20 27 -22 -23 -24 24 25 -27 -28 -29 29 -31
leaf_value=-0.03542847968811879 -0.029109646059983615 -0.034842192492244593 -0.041239542252611221 -0.028576004806256106 -0.044753976817757057 0.13028758615754416 0.16617532583138303 -0.0355425952936037 0.12163050393087033 -0.020888434347885853 0.13722023359229363 0.12006755269268672 -0.034185576186302025 0.0073866752235574699 -0.034106837455402932 0.0088741834554235 0.05930193824990615 0.090861390657125382 0.13407387510216187 -0.024308778551828114 0.089796063224619138 0.19427519100744456 -0.028330542619370798 -0.041804626823098587 0.2267961341209338 -0.016120171875206864 0.063089133371462255 0.059512929026070874 0.12619534097251339 0.031558497846770679
leaf_weight=5.566654651425778 1.0619578734040276 9.4606584636494517 14.277166877873247 1.1811954462900818 228.5136807942763 3.0645880578085771 0.37981786578893562 5.7262624539434901 0.73490968998521466 2.2604418452829105 15.512721684761344 10.766203268431127 6.8366149300709358 1.3939826935529698 2.020094550214707 2.2860339377075434 2.3168725119903675 4.992926518432796 4.4695109780877829 4.5156007427722207 14.856789226643739 1.7910888604819772 1.1842909744009373 10.518622143194076 0.26158888451754991 1.9270750274881718 1.0961517803370959 3.0708824340254068 33.424228296615183 2.5745009714737526
leaf_count=511 58 240 1292 64 28551 21 5 629 40 134 108 58 384 45 135 158 49 77 64 392 250 20 42 1263 13 234 27 49 354 57
internal_value=0 -0.0178333 0.0665731 0.0845137 -0.0356761 0.00465854 -0.0406726 0.0350339 -0.0416755 0.071125 0.0902064 0.049384 0.0253062 0.095851 0.071521 0.0693266 -0.0246292 0.0961949 0.0983141 0.0596862 0.0799125 0.114278 0.0672466 -0.0426686 -0.00745427 0.0749337 -0.0276887 0.0126003 0.11655 0.120463
internal_weight=0 311.801 86.2425 66.5838 260.208 19.6586 243.432 16.7766 243.052 51.5922 35.7396 20.2269 15.8526 61.0172 11.0504 9.01599 16.594 9.03026 6.75554 23.6245 16.038 7.96831 6.17722 242.317 13.8034 2.18866 11.6148 7.58648 37.3927 35.9987
internal_count=35324 32240 3084 1722 31094 1362 30133 961 30128 1146 406 298 740 1211 332 356 1341 197 222 755 314 139 119 30088 1537 247 1290 441 456 411
is_linear=0
shrinkage=0.05


Tree=12
num_leaves=31
num_cat=0
split_feature=19 21 5 25 2 0 9 31 38 38 31 39 38 39 2 23 0 14 21 0 39 17 40 38 3 10 2 14 33 3
split_gain=172.186 152.887 103.429 77.9128 48.0679 45.9126 57.4348 38.612 23.7998 16.7142 16.6321 14.6104 13.1344 13.2364 10.266 9.90233 9.45002 12.5595 9.08676 9.33818 7.81091 6.56896 6.06722 5.87538 5.27266 4.95554 4.53635 4.53373 4.46551 5.21232
threshold=0.073726851851851863 3.305439814814815 1.0000000180025095e-35 1.5000000000000002 9.6923103828038588 2001.1600000000001 1.5000000000000002 6.5000000000000009 55.850000000000001 52.150000000000013 21.500000000000004 133.85000000000005 60.050000000000004 73.15000000000002 5.5368824942314019 1.0000000180025095e-35 5751.2300000000005 28853.990000000002 1.6905150462962963 3951.6800000000007 53.650000000000013 6.5000000000000009 0.29007527360359936 56.350000000000001 0.06486133277568347 8873.6550000000007 0.030667517314144743 13151.135000000002 0.05634920634920635 1.2657877042353836
decision_type=2 2 2 2 2 2 2 2 2 2 2 2 2 2 2 2 2 2 2 2 2 2 2 2 2 2 2 2 2 2
left_child=1 2 10 4 7 6 9 12 20 11 18 15 13 -2 24 -3 17 27 25 -20 -5 -13 -12 -24 -7 -1 -9 -15 -28 -30
right_child=3 5 -4 8 -6 14 -8 26 -10 -11 22 21 -14 16 -16 -17 -18 -19 19 -21 -22 -23 23 -25 -26 -27 28 -29 29 -31
leaf_value=-0.048252565931334326 -0.037382106512759826 -0.028763040120891523 0.12332307285179181 -0.019190529421920802 0.089215747234769369 0.050112947561427368 0.11149074478598651 0.054165065838459703 -0.035982798680367398 -0.045711743880653771 -0.020724093468282783 0.0051656743796848932 -0.034309849584354492 0.058738049271493009 0.10833765366766089 0.071074324895409782 -0.019672942664254248 0.12632345369867301 -0.022662604568854616 0.10713067715516543 0.13821788818929567 0.13776816860838756 0.16303469130866588 -0.014976206586713295 0.20809804760174011 0.018343378094522834 -0.044900178895039694 -0.03591279908874933 -0.027335894729855259 0.045351607299413711
leaf_weight=52.749149945564568 2.652148216962817 7.2365521853789705 11.479950086213647 0.60978141240775485 7.039518864825367 1.3640070520341421 26.778068291954696 0.40767724765464564 2.3502710014581671 9.0148553098551911 0.6901378077454855 1.3326159636490036 5.1288409121334544 1.2393992878496631 15.334780551493166 2.5563092557713389 1.8850453346967686 6.8862685644999146 3.1598871955648056 1.1529655093327162 8.9623644584789854 2.9100917712785304 0.8606231673620639 0.40980982827022672 8.5001692194491607 2.4506301656365386 186.09498700592667 1.9273136332631109 14.137364411726596 2.0132786161266258
leaf_count=5650 204 671 70 60 61 44 166 14 242 955 77 53 459 53 70 47 83 83 241 38 175 52 41 37 172 132 23436 78 1730 164
internal_value=0 0.0433835 -0.0082159 -0.0249227 -0.0315312 0.0930045 0.0630707 -0.0357359 0.0948377 0.00452355 -0.0343613 0.0376833 0.0298793 0.0531969 0.147529 0.00146893 0.0746538 0.0925208 -0.0395597 0.0256688 0.127324 0.105048 0.0834994 0.124308 0.192876 -0.0450222 -0.0422359 0.00633831 -0.0426958 -0.0161589
internal_weight=0 147.981 72.9532 241.334 229.412 75.0274 49.8285 222.372 11.9224 23.0504 61.4732 14.0356 19.719 14.5902 25.199 9.79286 11.938 10.053 59.5126 4.31285 9.57215 4.24271 1.96057 1.27043 9.86418 55.1998 202.653 3.16671 202.246 16.1506
internal_count=35358 8516 6286 26842 26365 2230 1944 26304 477 1778 6216 823 960 501 286 718 297 214 6061 279 235 105 155 78 216 5782 25344 131 25330 1894
is_linear=0
shrinkage=0.05


Tree=13
num_leaves=31
num_cat=0
split_feature=15 3 38 38 6 25 34 31 23 3 33 19 24 38 39 17 34 41 19 21 47 18 39 41 15 40 40 39 3 24
split_gain=162.373 148.421 30.6077 33.9161 29.1102 29.3277 21.7684 21.344 16.4599 16.7927 14.2885 13.0368 11.6762 11.0711 13.2048 10.8151 9.28436 9.1275 13.0455 8.58694 8.57456 8.31327 7.82113 7.061 7.03974 6.07501 5.84664 5.5843 4.61572 4.60781
threshold=791.50000000000011 1.6962433472099498 60.050000000000004 1.0000000180025095e-35 1.5000000000000002 2.5000000000000004 1.0000000180025095e-35 6.5000000000000009 1.0000000180025095e-35 3.8853203711202711 0.28869047619047622 25.851684027777782 11.020555555555559 60.550000000000004 106.95000000000002 5.5000000000000009 1.0000000180025095e-35 1.0000000180025095e-35 0.77613425925925938 4.9303182870370383 1.0000000180025095e-35 1.0000000180025095e-35 1003.5500000000001 1.0000000180025095e-35 33636.000000000007 1.4890599562439506 0.95493125180438054 304.90000000000003 -2.0575984421710278 9.3438715277777806
decision_type=2 2 2 2 2 2 2 2 2 2 2 2 2 2 2 2 2 2 2 2 2 2 2 2 2 2 2 2 2 2
left_child=2 4 3 -1 5 7 23 10 9 16 13 12 15 14 25 -5 27 22 19 -19 28 -6 -9 -4 -18 -2 -26 -3 -14 -11
right_child=1 8 6 11 21 -7 -8 17 -10 29 -12 -13 20 -15 -16 -17 24 18 -20 -21 -22 -23 -24 -25 26 -27 -28 -29 -30 -31
leaf_value=-0.042281902222794619 -0.030175785970708049 -0.016080876225950055 -0.037099113930034393 -0.0036338045381298918 -0.017803826903526575 0.14927110509141403 0.10430605522572248 -0.044562481039877248 0.1175063114535661 0.018546800973132407 -0.043369400431855935 -0.0081380492071003556 0.035424773176741142 -0.036593348841166058 0.11839358339135367 0.079026665471899404 0.098011380805686166 -0.026007796105732724 -0.041261178036881417 0.11933616578472567 0.0013015125949733313 0.17243943719174992 0.069232488187645144 0.047410552448847912 -0.038666554536904624 0.077020454461434573 0.07093358090580569 0.044735777086795291 0.13213728681330969 0.085751148247241449
leaf_weight=5.0033007068559519 3.4042996056377905 16.194534655194737 13.13275829004124 4.4900888465344897 0.5427914550527918 1.1523992493748654 3.2143899630755177 213.84652233449742 8.2338684205897135 3.7287292592227486 6.1139973793178788 3.2968448190949848 2.2395815835334387 2.5436129216104737 4.8543330738320947 27.721139202825725 3.9153157696127883 1.0572481360286468 4.5039192796684802 2.1078529264777899 1.5069001503288735 1.2128350101411343 0.6709005469456305 2.1008798833936444 2.2957272124476735 0.88920919597148884 0.92987706931307901 3.8396223201416424 21.984747773967687 16.945541061460972
leaf_count=494 142 937 1230 189 51 8 21 29242 98 29 705 217 54 166 57 273 88 105 555 50 58 19 60 37 79 9 24 87 402 99
internal_value=0 -0.017609 0.0604318 0.076085 -0.0345437 -0.0362566 0.00320279 -0.0377632 0.0550566 0.0421248 0.0142255 0.0862796 0.0916988 0.0453886 0.0695439 0.0677417 0.0153049 -0.0419745 0.0104137 0.0761986 0.118033 0.128505 -0.043887 -0.0232418 0.0603391 0.00238113 0.00223842 -0.00285245 0.124955 0.0750454
internal_weight=0 298.983 84.6906 66.2426 242.9 241.144 18.448 239.992 56.0832 47.8493 17.8055 61.2393 57.9425 11.6915 9.14784 32.2112 27.1751 222.186 7.66902 3.1651 25.7312 1.75563 214.517 15.2336 7.14092 4.29351 3.2256 20.0342 24.2243 20.6743
internal_count=35585 32610 2975 1687 31169 31099 1288 31091 1441 1343 1079 1193 976 374 208 462 1215 30012 710 155 514 70 29302 1267 191 151 103 1024 456 128
is_linear=0
shrinkage=0.05


Tree=14
num_leaves=31
num_cat=0
split_feature=19 21 5 31 3 1 15 10 15 38 38 17 19 13 14 41 12 13 38 31 40 9 24 3 21 1 24 1 14 21
split_gain=152.745 117.082 86.1204 48.5057 45.8195 41.1072 38.6532 19.9075 18.2432 15.5216 13.5064 13.3516 14.033 10.0105 12.4857 9.47996 8.48722 8.12554 7.14326 5.9242 5.08659 5.79748 5.0468 4.94977 4.20068 10.54 9.22774 3.80916 5.74152 3.45977
threshold=0.073726851851851863 4.2802430555555562 1.0000000180025095e-35 6.5000000000000009 2.9259036246439343 7.6019818739552125 717.50000000000011 3437.7200000000007 717.50000000000011 60.050000000000004 60.050000000000004 8.5000000000000018 20.769866898148152 26.500000000000004 28853.990000000002 1.0000000180025095e-35 15089.995000000001 23.500000000000004 22.450000000000003 21.500000000000004 0.15719099875976292 4.5000000000000009 17.398755787037043 1.7484187391750303 0.93313657407407413 8.1317409825861713 2.4005266203703708 6.7044878815976379 65018.220000000001 37.545688657407418
decision_type=2 2 2 2 2 2 2 2 2 2 2 2 2 2 2 2 2 2 2 2 2 2 2 2 2 2 2 2 2 2
left_child=1 2 7 9 8 6 29 24 10 13 11 19 17 14 23 27 20 -13 -16 -5 -9 -22 -6 -2 -1 -26 -27 -8 -29 -3
right_child=3 5 -4 4 22 -7 15 16 -10 -11 -12 12 -14 -15 18 -17 -18 -19 -20 -21 21 -23 -24 -25 25 26 -28 28 -30 -31
leaf_value=-0.045111463800196372 -0.023982261248484391 0.090777558679981496 0.10980015443181977 -0.032186201763354606 0.015645173213134498 0.13050431501802814 -0.041768291369295191 -0.020151266752277429 -0.042935507674263074 -0.033843129585955194 -0.045106788820674995 0.14186876281897592 -0.033073716185651351 -0.034727291975232395 -0.001416209371719246 0.055776551106183882 -0.01669932223404029 0.012731441901257605 0.1083316288150173 0.063457533632618579 0.13060928618756454 -0.0096269716209540987 0.1100058183759693 0.069054708386030852 -0.040749656916940165 -0.026253525817285947 0.15300252913568271 -0.031592798899031709 0.087377268534772956 0.036919918008713706
leaf_weight=48.224845363292843 4.0418800171464779 28.037176293320954 12.401298327371476 7.1299486383795756 2.3767725722864261 27.992928017862141 10.506353431846948 0.65559422131627698 171.99534370750189 4.9651906057260922 8.3254793337546271 3.8864869200624517 1.8728171791881321 1.9419497004710127 1.6567406211979676 3.2749149091541758 3.0611031041480601 1.9059002418071029 11.301867697387932 1.0531933745369313 2.6525899888947611 0.76002236269414414 4.7615418033674359 0.99690496921539296 4.1277302289381614 0.81477795867249347 0.69394308468326926 1.5653622504323714 0.7477099448442458 5.4918791800737372
leaf_count=5448 205 189 71 643 28 267 1378 61 23911 474 980 110 178 130 72 63 195 110 131 22 87 4 34 16 478 52 29 174 35 27
internal_value=0 0.0401372 -0.00521054 -0.0245012 -0.0325872 0.0825377 0.0534359 -0.0299898 -0.0372495 0.0402189 0.00330492 0.0299044 0.0733071 0.0593969 0.0708465 -0.00997392 0.0441536 0.107508 0.0952043 -0.0143068 0.0842026 0.104273 0.0843705 0.00281182 -0.0404297 0.000388763 0.0843192 -0.0295915 0.0216304 0.0832807
internal_weight=0 151.008 73.3919 228.212 203.307 77.6163 49.6234 60.9906 196.169 24.9045 24.1738 15.8483 7.6652 19.9393 17.9974 16.0943 7.12931 5.79239 12.9586 8.18314 4.06821 3.41261 7.13831 5.03878 53.8613 5.63645 1.50872 12.8194 2.31307 33.5291
internal_count=35602 8558 6425 27044 26016 2133 1866 6354 25954 1028 2043 1063 398 554 424 1650 347 220 203 665 152 91 62 221 6007 559 81 1587 209 216
is_linear=0
shrinkage=0.05


Tree=15
num_leaves=31
num_cat=0
split_feature=19 21 5 25 0 41 31 3 38 31 15 38 33 38 14 23 24 0 0 24 24 20 12 38 24 3 3 38 24 13
split_gain=144.667 107.505 81.8574 68.3689 31.8798 58.5973 29.6913 29.8518 11.8876 10.4499 9.54364 9.19295 8.88039 7.58727 7.08076 6.75702 6.93815 5.86707 5.60948 5.4121 8.09553 4.94575 8.51822 4.93198 4.16511 4.06813 3.85201 3.70896 3.68797 3.64433
threshold=0.073726851851851863 3.305439814814815 1.0000000180025095e-35 1.5000000000000002 630.12000000000012 1.0000000180025095e-35 6.5000000000000009 2.1378119330449716 55.850000000000001 21.500000000000004 17375.500000000004 60.050000000000004 0.41277890466531447 15.950000000000001 28853.990000000002 1.0000000180025095e-35 1.0000000180025095e-35 5751.2300000000005 72.14500000000001 7.0907233796296305 13.283906250000003 2.5000000000000004 1198.8500000000001 57.45000000000001 8.5273842592592608 1.8760992090899908 0.63757792149043568 12.750000000000002 29.976059027777783 21.500000000000004
decision_type=2 2 2 2 2 2 2 2 2 2 2 2 2 2 2 2 2 2 2 2 2 2 2 2 2 2 2 2 2 2
left_child=1 2 9 6 5 -3 11 18 13 15 23 12 14 -5 -2 -1 -17 29 -8 -11 -21 27 -23 24 -9 -14 -24 -6 -12 -16
right_child=3 4 -4 8 21 -7 7 10 -10 19 28 -13 25 -15 17 16 -18 -19 -20 20 -22 22 26 -25 -26 -27 -28 -29 -30 -31
leaf_value=-0.041509851187947477 -0.0040649727752271924 -0.040182237981977273 0.099632693870448194 -0.021995558536206983 0.034709690560364208 0.086658115968594462 0.046491667918074416 -0.003979665921316094 -0.010762723897850759 -0.02453101530197227 -0.041821936906307554 -0.032304650960028193 -0.04011702746368763 0.1167005035308262 0.11955010319262394 -0.027572637152970609 0.076965397003442501 -0.001675815816615518 -0.042528959986206843 0.16213888305433147 -0.020305230377876786 -0.024159969170454442 0.029784333452029407 -0.0033799017836322002 0.10092876176940001 0.061329950678177682 0.10983938538352467 0.13138810677232221 0.038470054301379009 0.028388597915927117
leaf_weight=49.867950717918575 2.9741149577312234 12.556575980037449 13.970173319801686 0.76869149971753259 1.9259306741878415 28.037252164445817 1.0111116925254453 1.0335324537008981 2.5007343352772287 0.85264984332024996 3.5667450726032248 4.4812161731533697 3.4196739317849274 9.7463506627827865 5.3530599558725935 2.9150701044127336 1.7434135153889654 1.7013387647457419 175.46970334509388 0.63653807295486309 0.65291946846991777 1.562870752532034 3.1189452507533115 1.9299113950692115 5.0599677017889917 0.32766193151473988 6.1636833483353257 25.313886771444231 1.1809203629381952 2.2549119358882308
leaf_count=5767 117 1405 75 82 60 152 55 26 248 72 139 448 298 150 54 321 9 36 25197 30 60 65 102 74 65 5 57 392 43 26
internal_value=0 0.0402322 -0.00461297 -0.023189 0.0800471 0.0474008 -0.030208 -0.0363993 0.0840142 -0.0315941 0.0353305 0.0259522 0.0431778 0.105532 0.0625765 -0.0361688 0.0182379 0.082196 -0.0417599 0.0593029 0.10124 0.112741 0.0715559 0.0657877 0.0850824 -0.0201963 0.0884535 0.126024 -0.0186319 0.0989677
internal_weight=0 149.318 70.6387 222.78 78.6791 40.5938 209.764 189.252 13.0158 56.6685 12.7711 20.512 16.0308 10.515 12.2834 54.5264 4.65848 9.30931 176.481 2.14211 1.28946 38.0853 10.8455 8.02341 6.0935 3.74734 9.28263 27.2398 4.74767 7.60797
internal_count=35630 8567 6334 27063 2233 1557 26583 25599 480 6259 347 984 536 232 233 6097 330 116 25252 162 90 676 224 165 91 303 159 452 182 80
is_linear=0
shrinkage=0.05


Tree=16
num_leaves=31
num_cat=0
split_feature=19 21 5 25 31 2 0 41 10 33 14 0 2 19 0 2 24 23 14 10 14 0 0 31 31 2 21 3 2 12
split_gain=134.626 80.8664 76.393 58.6209 33.2095 31.4674 23.4089 50.7136 12.0983 9.27958 9.64284 9.24328 12.0475 9.01539 6.21603 4.44693 4.26644 7.45997 4.12303 3.6369 6.49799 3.62733 3.58785 2.63498 5.472 8.31596 4.63594 3.08085 2.21459 2.28764
threshold=0.073726851851851863 2.4680439814814821 1.0000000180025095e-35 1.5000000000000002 6.5000000000000009 9.6923103828038588 630.12000000000012 1.0000000180025095e-35 3437.7200000000007 0.41277890466531447 28853.990000000002 5032.5850000000009 1.0876654198755451 26.384340277777785 5751.2300000000005 0.047275868706526288 18.03104166666667 1.0000000180025095e-35 9232.8350000000009 14088.610000000002 88573.819999999992 46258.400000000001 90.210000000000022 14.500000000000002 9.5000000000000018 3.2491642741371343 30.099641203703708 -1.4745982638767947 6.5581742892416139 4405.9250000000002
decision_type=2 2 2 2 2 2 2 2 2 2 2 2 2 2 2 2 2 2 2 2 2 2 2 2 2 2 2 2 2 2
left_child=1 2 8 4 9 15 7 -3 -1 10 22 12 -10 16 -12 -6 17 -5 -11 28 -21 -7 -2 24 -8 -26 27 -25 -17 -30
right_child=3 6 -4 13 5 21 23 -9 11 18 14 -13 -14 -15 -16 19 -18 -19 -20 20 -22 -23 -24 26 25 -27 -28 -29 29 -31
leaf_value=-0.041349211913277159 0.062142573829302154 -0.040143062082180089 0.097057891127512216 -0.015177290700967815 0.05241706628019064 0.085085841197173981 0.097646894017805907 0.075932731592774277 -0.012079515052667661 0.056529963797706639 0.0864697715994861 -0.026570486685618649 0.16753577518007065 -0.030191082412722881 -0.0062659807760571066 -0.044429342186608246 0.11490560733921658 0.088609413621183561 -0.041908025652654161 0.087000674674673761 -0.034507545074375499 0.0077599562604555115 -0.032386238524203068 -0.010356247804041395 -0.01871314148047085 0.07284634616134604 0.043958636570191403 0.13037523935760018 0.026063607744350334 -0.035843580125873714
leaf_weight=45.659581964369863 0.29718654602766292 12.565619792789219 13.415978381410239 2.7097012191079539 0.4375596703030159 4.314769532531499 12.85649735061452 31.153107951860875 1.4886719998903566 0.40041577303782006 8.9770323317497951 2.7579807066358626 1.0450930530205367 1.365721113514154 2.0489211035892358 167.45053309295326 6.341349930036813 2.8185165375471115 4.7113296021707356 0.70295143127441351 2.1541658462956548 2.4262483641505241 3.8799425456672907 0.25376656977460044 3.4000504673458618 5.6940852282568812 3.4153852695599189 14.891730099916456 2.0423084450885649 1.9526479137130079
leaf_count=5756 2 1465 71 209 25 28 146 168 131 38 136 161 48 120 74 25173 151 12 513 27 246 28 216 21 256 34 48 259 39 46
internal_value=0 0.0373723 -0.00485624 -0.0243346 -0.0311211 -0.0379065 0.0693211 0.0424186 -0.0330429 0.0284304 0.0472857 0.0338083 0.0884508 0.0740548 0.0701489 -0.042085 0.0874634 0.0432053 -0.0262094 -0.0426199 0.0101929 0.0618522 -0.0149566 0.0966321 0.0766142 0.0401521 0.115179 0.127522 -0.043554 -0.00531335
internal_weight=0 148.598 64.3673 215.031 201.796 181.481 84.2302 43.7187 50.9513 20.3148 15.2031 5.29175 2.53377 13.2353 11.026 174.74 11.8696 5.52822 5.11175 174.303 2.85712 6.74102 4.17713 40.5115 21.9506 9.09414 18.5609 15.1455 171.445 3.99496
internal_count=35647 8564 6167 27083 26591 25612 2397 1633 6096 979 428 340 179 492 210 25556 372 221 551 25531 273 56 218 764 436 290 328 280 25258 85
is_linear=0
shrinkage=0.05


Tree=17
num_leaves=31
num_cat=0
split_feature=19 21 5 31 2 0 9 10 41 38 39 2 31 12 38 14 2 31 21 3 24 14 38 38 23 24 0 2 15 0
split_gain=110.016 71.2604 64.5123 45.3791 44.476 20.4302 30.3432 19.9444 15.7119 12.5021 8.93469 7.93548 6.51071 6.35883 6.1369 6.0039 5.76803 9.28228 5.67293 5.58119 5.50196 5.15468 4.67875 5.23236 3.83873 3.73344 3.5493 3.22973 3.05948 2.85428
threshold=0.073726851851851863 4.2802430555555562 1.0000000180025095e-35 6.5000000000000009 9.6923103828038588 1930.5900000000001 1.5000000000000002 3512.3300000000004 1.0000000180025095e-35 60.050000000000004 114.25000000000001 0.14375361867551273 21.500000000000004 14775.510000000004 39.550000000000004 23319.975000000002 3.084352139183872 21.500000000000004 37.545688657407418 -2.0575984421710278 17.398755787037043 416984.72000000003 42.050000000000004 59.050000000000004 1.0000000180025095e-35 29.976059027777783 3399.7150000000006 0.42211355562861935 71651.000000000015 8456.3000000000011
decision_type=2 2 2 2 2 2 2 2 2 2 2 2 2 2 2 2 2 2 2 2 2 2 2 2 2 2 2 2 2 2
left_child=1 2 7 9 11 6 8 12 -3 10 14 19 -1 22 27 -12 -13 21 -8 -5 -6 24 -9 -24 -18 -19 -14 -2 -26 -28
right_child=3 5 -4 4 20 -7 18 13 -10 -11 15 16 26 -15 -16 -17 17 25 -20 -21 -22 -23 23 -25 28 -27 29 -29 -30 -31
leaf_value=-0.042920478006510526 0.04413098669119972 -0.029493359844321072 0.091549158825611376 -0.012777141123430244 0.0076456394203946567 0.097469485880158191 0.087535696058498924 0.022207039623464968 0.061207946252637729 -0.032198391704964129 0.0063170552930001461 -0.041531579356690843 -0.023119073218613992 -0.014426829792083797 0.057782817060902526 0.1009053322999147 -0.038166299563309539 -0.014645535748754646 0.017522957301137544 0.11549834870921792 0.093921724188344866 0.063335239176918412 0.16115532226644108 0.0045262361067165803 -0.022556886565543902 0.12515584144557121 0.11200767924482964 -0.030804581796510296 0.079501447246820331 -0.013856035133728774
leaf_weight=46.485641249921173 0.94137770729139969 14.731376620940866 13.33628775551915 1.5705817188136282 2.7232576962560398 30.944225840736181 22.561352819204334 3.2164767864160231 5.8563273260369888 4.4567022267729035 2.1977699520066372 154.66066458914429 0.84602746833115705 2.8639887236058712 4.2475247895345092 8.6867996407672745 13.087194024585186 0.4038278437219549 3.9553949320688835 0.48842835845425625 6.3325988277792931 0.70691899582743722 1.0771080646663902 0.79720176989212621 0.78087955992668934 0.6685337913222611 0.52590537769719958 5.0598270115442574 0.50183583982288837 0.3592159622348845
leaf_count=5882 25 1595 70 161 31 275 138 84 66 467 56 24211 108 199 83 92 1283 38 19 10 40 40 21 54 59 12 28 298 18 22
internal_value=0 0.0335435 -0.0033396 -0.0227633 -0.0315467 0.0660172 0.0437586 -0.0270754 -0.00205253 0.0385173 0.0542111 -0.0373144 -0.0391879 0.0425205 0.0179773 0.083945 -0.0385711 -0.00944966 0.0781085 0.0454612 0.0713173 -0.0217904 0.0716668 0.119288 -0.0298264 0.0908466 0.0400569 -0.0144254 0.0347074 0.0806737
internal_weight=0 147.557 69.5079 207.515 181.925 78.0487 47.1045 56.1716 20.5877 25.59 21.1333 172.869 48.2168 7.95478 10.2487 10.8846 170.81 16.1492 26.5167 2.05901 9.05586 15.0768 5.09079 1.87431 14.3699 1.07236 1.73115 6.0012 1.28272 0.885121
internal_count=35485 8561 6468 26924 25903 2093 1818 6398 1661 1021 554 25832 6040 358 406 148 25661 1450 157 171 71 1400 159 75 1360 50 158 323 77 50
is_linear=0
shrinkage=0.05


Tree=18
num_leaves=31
num_cat=0
split_feature=15 2 31 19 21 33 19 3 5 21 5 33 10 13 31 12 0 12 33 21 2 31 2 21 24 14 24 14 33 19
split_gain=122.512 113.54 23.8695 21.1158 12.6677 11.5243 11.3405 11.669 10.7613 10.391 17.0901 9.80219 9.78072 7.54461 6.95972 6.92238 6.6393 6.11218 6.01441 5.45786 5.02921 4.81742 4.5737 4.65357 5.05316 4.21486 4.1041 5.02443 4.05806 4.05518
threshold=863.50000000000011 3.4604003180186544 6.5000000000000009 10.686770833333336 3.305439814814815 0.037749287749287756 0.073726851851851863 2.9259036246439343 1.0000000180025095e-35 4.464687500000001 1.0000000180025095e-35 0.28869047619047622 3012.7250000000004 32.500000000000007 20.500000000000004 11845.180000000002 90.210000000000022 1198.8500000000001 0.044466403162055343 7.1611284722222228 9.6923103828038588 21.500000000000004 0.96441240375717874 11.369722222222224 2.792748842592593 11625.475 11.303686342592593 28538.150000000005 0.41801075268817212 8.2731655092592611
decision_type=2 2 2 2 2 2 2 2 2 2 2 2 2 2 2 2 2 2 2 2 2 2 2 2 2 2 2 2 2 2
left_child=3 2 11 4 12 14 9 18 16 10 26 19 -1 17 20 25 -4 -6 21 -2 -5 -8 23 24 -19 -14 27 -3 -20 -21
right_child=1 6 8 5 13 -7 7 -9 -10 -11 -12 -13 15 -15 -16 -17 -18 22 28 29 -22 -23 -24 -25 -26 -27 -28 -29 -30 -31
leaf_value=-0.034106283025630679 -0.015615974077636234 -0.020594676318165708 0.026930348225527929 -0.046307912161522413 -0.025466819489692469 0.049555271123075312 -0.039061760883471457 0.061473754283871522 0.088224115616537493 0.090211861357891748 0.070979960604597561 -0.034432253148427593 -0.017029010936235729 -0.018368024652622075 0.062910362455158464 0.0012666847735665228 -0.040624413345347492 0.059811837179365474 0.087641949930754637 0.089252456877142963 0.049865282679729533 0.067555794123259988 0.10329561934844518 0.075508270497775254 -0.014477580180873889 0.11475525016311774 -0.043661708158092477 0.065777306492677087 -0.022948656049447083 0.025092239650509714
leaf_weight=4.8360316865146142 2.9796185218729105 3.3056716411374509 3.0642889505252233 10.291262394282967 0.96248975489288469 8.3941955636255425 10.333473533391953 6.7891121357679358 0.75976635795086522 16.615432288497686 13.431488186120987 5.285618102643638 0.44505323143675957 1.7382964156568039 1.1368801645003248 3.6219133613631129 178.73138431366533 3.9760678969323626 1.1470286119729269 4.3434965889900905 0.71863403916359025 0.26305460603907782 18.831749569159001 28.328639717772603 3.6532767992466688 2.6740489532239735 4.5886056735180318 1.8457163712009785 0.80460486141964782 6.7121240152046084
leaf_count=464 152 109 218 1250 77 237 894 62 28 94 64 700 24 81 50 151 29553 34 66 37 3 16 231 184 246 66 168 41 61 198
internal_value=0 -0.0149188 -0.0327535 0.0525301 0.0656065 0.00755719 0.0455087 0.0131878 -0.038336 0.0605088 0.0363589 0.0192837 0.0162055 0.0751074 -0.0230279 0.0520427 -0.0393446 0.0782942 -0.0155462 0.0404576 -0.0364012 -0.0308177 0.0805408 0.0661512 0.0266833 0.0963823 -0.0135473 0.0160142 0.0497204 0.0556118
internal_weight=0 261 201.876 89.6085 69.0676 20.541 59.1242 19.3373 182.555 39.7869 23.1715 19.3209 11.577 57.4905 12.1468 6.74102 181.796 55.7522 12.5482 14.0352 11.0099 10.5965 54.7897 35.958 7.62934 3.1191 9.73999 5.15139 1.95163 11.0556
internal_count=35559 32461 30886 3098 1558 1540 1575 1099 29799 476 382 1087 705 853 1303 241 29771 772 1037 387 1253 910 695 464 280 90 318 150 127 235
is_linear=0
shrinkage=0.05


Tree=19
num_leaves=31
num_cat=0
split_feature=15 3 25 6 31 38 38 10 13 19 21 12 23 3 33 38 41 38 10 38 14 13 2 39 12 3 3 19 24 39
split_gain=96.1356 94.8919 22.2334 21.2471 16.5043 15.8398 15.7737 15.6264 10.342 9.74528 9.54585 8.5715 7.48232 9.12672 7.04432 6.61786 6.50357 13.103 5.52137 5.40332 5.3091 5.02141 4.63599 4.0956 3.96733 3.43194 3.18056 6.18736 7.94559 4.26046
threshold=717.50000000000011 1.6962433472099498 2.5000000000000004 1.5000000000000002 6.5000000000000009 60.050000000000004 1.0000000180025095e-35 7061.4400000000014 33.500000000000007 23.251863425925929 17.164050925925931 1171.7750000000003 1.0000000180025095e-35 3.8853203711202711 0.28869047619047622 59.050000000000004 1.0000000180025095e-35 16.550000000000004 2533.8600000000001 8.4500000000000011 71447.255000000019 6.5000000000000009 2.0189481201995876 1003.5500000000001 20220.435000000005 1.1795647483597815 1.1236578633750149 7.638964120370372 11.303686342592593 131.65000000000001
decision_type=2 2 2 2 2 2 2 2 2 2 2 2 2 2 2 2 2 2 2 2 2 2 2 2 2 2 2 2 2 2
left_child=5 2 3 4 14 6 -1 -7 11 10 12 -8 13 18 15 19 23 -18 24 -2 22 -13 -21 -6 -3 -5 27 28 -23 -29
right_child=1 9 -4 25 16 7 8 -9 -10 -11 -12 21 -14 -15 -16 -17 17 -19 -20 20 -22 26 -24 -25 -26 -27 -28 29 -30 -31
leaf_value=-0.030852186668531151 -0.033725334045214182 -0.027065987630788296 0.1244773696389115 0.0030298850772359758 -0.041508299977368796 -0.03468000015923163 -0.031484364385990261 0.058123318904051514 -0.035970580076816569 -0.029879503545906572 0.080691608705887471 -0.012771111898822947 0.087024708475149093 0.049165526983514847 -0.034500472013576096 -0.035921014361778247 0.096431949104729547 -0.034254324787863347 0.057303161942204042 -0.019403937213794326 0.088812253036685732 0.054806883214687942 0.069170781876118262 0.046476323376747924 0.037847241675546206 0.12427635698792093 0.10258472444360045 -0.0072046357812952577 0.11004426153815952 0.057535765892774454
leaf_weight=4.064735757187008 1.2315815053880239 12.112617474980654 1.324366271495818 0.83054910227656309 169.48842269508168 10.02824766142294 1.552975162398069 6.7095071021467438 1.8784208088181902 3.625897758640348 15.570250718854366 1.4356019026599813 4.5529267564415923 15.042268500663342 5.3037266149185589 2.3784154332242897 1.7951469835825253 5.1414837152697146 2.0873364978469899 3.2711178134195489 5.0187153425067663 25.250655718613416 1.3064853362739084 0.55203593662008543 1.9552670009434212 1.4750595232471821 10.92752948310226 4.9826284511946124 11.061770219821481 3.8032326558604836
leaf_count=463 72 664 8 59 29380 1063 109 168 109 311 233 73 44 95 705 170 46 660 32 83 35 253 18 63 34 15 77 324 103 96
internal_value=0 -0.0146674 -0.0307111 -0.0323711 -0.0343446 0.0473696 0.0583952 0.00370072 0.0647549 0.0429818 0.0486023 0.0685069 0.0328112 0.0224422 0.0101026 0.0291831 -0.039024 0.00745519 -0.00385557 0.0453115 0.0576805 0.0717016 0.0137451 -0.0409526 -0.0161308 0.0947292 0.0740521 0.0650632 0.074132 0.0238359
internal_weight=0 254.064 199.117 197.793 195.487 81.6953 64.9576 16.7378 60.8928 54.9466 51.3207 59.0144 35.7504 31.1975 18.51 13.2063 176.977 6.93663 16.1552 10.8279 9.59632 57.4614 4.5776 170.04 14.0679 2.30561 56.0258 45.0983 36.3124 8.78586
internal_count=35565 32727 31314 31306 31232 2838 1607 1231 1144 1413 1102 1035 869 825 1083 378 30149 706 730 208 136 926 101 29443 698 74 853 776 356 420
is_linear=0
shrinkage=0.05


Tree=20
num_leaves=31
num_cat=0
split_feature=23 2 9 24 25 19 31 0 10 3 17 39 41 19 14 33 2 38 24 20 38 38 39 31 34 38 24 11 38 18
split_gain=100.182 62.0892 38.6795 32.182 23.971 18.7874 18.4379 13.4303 12.8556 11.7756 11.3659 9.25142 8.90607 8.14607 6.96841 7.77438 6.1764 6.01025 4.81905 4.6138 4.59033 4.77246 4.26112 3.91147 3.86207 3.65905 3.54449 3.24707 3.22829 2.93305
threshold=1.0000000180025095e-35 3.1577769441944779 1.5000000000000002 1.0000000180025095e-35 2.5000000000000004 0.77613425925925938 7.5000000000000009 38051.880000000012 2045.9500000000003 3.8853203711202711 8.5000000000000018 255.65000000000001 1.0000000180025095e-35 20.769866898148152 28853.990000000002 0.31414473684210531 2.0846170265764843 60.050000000000004 33.277343750000007 1.5000000000000002 24.950000000000003 5.4500000000000011 99.750000000000014 21.500000000000004 1.0000000180025095e-35 169.05000000000004 4.1615509259259271 2.5000000000000004 25.950000000000003 1.0000000180025095e-35
decision_type=2 2 2 2 2 2 2 2 2 2 2 2 2 2 2 2 2 2 2 2 2 2 2 2 2 2 2 2 2 2
left_child=1 2 4 5 6 16 14 -8 9 11 18 24 -5 19 -1 17 20 22 23 -12 21 -2 -16 -4 -3 -13 -10 -26 -28 -27
right_child=3 8 10 12 -6 -7 7 -9 26 -11 13 25 -14 -15 15 -17 -18 -19 -20 -21 -22 -23 -24 -25 27 29 28 -29 -30 -31
leaf_value=-0.027933556314609156 -0.027693473662272705 -0.029597782627391208 -0.036067155132165997 0.12824380185039705 0.11955538118423091 -0.040730552375302848 -0.040630518297815471 0.091260022206467312 -0.0015410804568473831 0.050487071582689738 0.025386659369216531 0.09867717723388264 0.067676188940918786 -0.017409667775679271 0.0096335534176811809 -0.03802134519788658 0.087844500467201603 -0.031814166762714619 0.053139338834881034 0.097129845024848713 -0.035261407953705574 0.078983219505099594 0.075614784637272392 0.044129326017462077 -0.025227535394021935 -0.03020580260040491 0.0031709141888036137 0.038485722686816951 0.088465004512384746 0.040283681635563125
leaf_weight=8.3121644854545611 0.98822645703330847 15.352796879597014 7.4199098017998057 11.043104706332086 1.640871375799178 9.1106144436635059 165.35097239166498 1.0430692848749448 1.4036276186816383 17.42537531722337 4.1836179797537616 1.4839730160310853 24.610949009656906 2.4118523746728888 3.9268033392727357 2.9876994197256854 5.0392962237820029 1.6867483784444619 1.6723693902604271 8.0333394850604218 2.2066589598543942 1.9879842614755032 7.3269286416471004 0.96834841137751926 2.4380659731104961 1.3627369427122173 1.2994182086549688 4.0439796466380358 11.637624038383363 3.3627996197901666
leaf_count=885 124 1179 715 56 9 1372 28424 48 28 110 286 30 106 235 175 352 73 191 92 119 254 27 97 32 123 131 45 94 129 47
internal_value=0 -0.0114387 -0.0238666 0.0618767 -0.0314415 0.00917614 -0.0333583 -0.0392635 0.0332951 0.0194345 0.0340525 -0.00093397 0.0894227 0.0607597 0.0071269 0.0259926 0.0533219 0.0424393 -0.00676384 0.0763414 0.0109768 0.0455056 0.0552568 -0.0230948 -0.0164932 0.0484766 0.0731112 0.0143527 0.0807401 0.0182308
internal_weight=0 276.775 216.965 54.9868 192.275 19.3328 190.634 166.394 59.8104 45.4697 24.6894 28.0444 35.6541 14.6288 24.2403 15.9282 10.2222 12.9405 10.0606 12.217 5.18287 2.97621 11.2537 8.38826 21.8348 6.20951 14.3407 6.48205 12.937 4.72554
internal_count=35588 33576 31660 2012 30181 1850 30172 28472 1916 1714 1479 1604 162 640 1700 815 478 463 839 405 405 151 272 747 1396 208 202 217 174 178
is_linear=0
shrinkage=0.05


Tree=21
num_leaves=31
num_cat=0
split_feature=19 25 21 5 2 31 2 9 19 41 15 23 24 38 31 14 12 38 14 0 0 24 3 31 38 14 21 31 2 2
split_gain=86.2177 51.1201 48.2747 49.1958 25.3837 21.4309 15.6864 19.2435 15.2552 11.5094 8.44799 8.14807 9.89643 7.92691 7.14861 5.60022 9.9011 5.37523 5.36305 4.65504 4.49879 4.27816 4.07483 3.87069 3.42977 4.93656 3.31018 3.26408 4.86278 3.8576
threshold=0.022517361111111116 1.5000000000000002 4.464687500000001 1.0000000180025095e-35 9.6923103828038588 7.5000000000000009 1.8361238198222758 1.5000000000000002 1.0000000180025095e-35 1.0000000180025095e-35 651.50000000000011 1.0000000180025095e-35 0.0071527777777777787 55.850000000000001 7.5000000000000009 55018.375000000007 5506.9000000000005 15.950000000000001 65018.220000000001 1763.9750000000001 38051.880000000012 26.923888888888893 -0.019709853658856375 21.500000000000004 97.550000000000011 70086.210000000006 37.545688657407418 21.500000000000004 3.1577769441944779 0.14375361867551273
decision_type=2 2 2 2 2 2 2 2 2 2 2 2 2 2 2 2 2 2 2 2 2 2 2 2 2 2 2 2 2 2
left_child=2 4 3 8 5 10 7 9 11 14 -2 23 -13 17 18 -12 -17 -3 -4 -18 -6 -8 -10 -1 25 -5 -9 -7 29 -29
right_child=1 13 6 24 20 27 21 26 22 -11 15 12 -14 -15 -16 16 19 -19 -20 -21 -22 -23 -24 -25 -26 -27 -28 28 -30 -31
leaf_value=-0.040794905386153511 0.05610634906098888 -0.020604946174571159 -0.032455902165135622 -0.0018333381703483686 0.080392994582224819 -0.040830557245351368 0.097840639519414851 0.073821336824252112 -0.015687996550104267 0.055754661205255997 -0.03492035579945444 -0.011391517892807131 0.13289902467109707 -0.0093513462430885961 -0.036386262782950325 0.079796635762735768 0.040353452452836787 0.099132971120154068 0.077479143528624783 -0.043906205216059258 0.0064182056709300777 0.03418440308567855 0.12106117441528555 0.027125656412316002 0.10688902436687536 0.069990108307029689 0.016432426859181056 0.054752638006366788 0.062987465230373504 -0.041216559790246549
leaf_weight=41.6558912913315 6.4860641872510341 0.68777668895199795 1.0644115777686267 3.3260059058666211 4.813195735216139 136.91423443844542 22.253482131287459 23.41464052209631 0.44558698451146495 6.3778038602322331 8.2238230798393506 4.0940580056048921 0.60167018510401238 2.2192382966168216 12.221838319208471 3.0592729714699072 1.4730541659519074 9.6796803046017867 1.9689723295159636 4.3023400069214404 3.4683467578142881 4.592525750398635 1.2350886170752333 1.5437943865545083 5.3429561369121066 7.0892141303047538 3.5477163325995198 0.3871189272031178 1.1009086454287169 4.508388813585043
leaf_count=5770 139 84 65 18 28 24271 179 144 44 64 882 321 5 244 1583 81 43 142 31 388 36 32 26 150 25 37 17 13 44 776
internal_value=0 -0.0205561 0.0310665 -0.000485106 -0.0276836 -0.0320148 0.0580399 0.0397282 -0.0250792 0.00412162 0.0117673 -0.0310113 0.0271838 0.0731471 -0.0195668 -0.00726485 0.0194116 0.0900757 0.0404204 -0.0196312 0.0534414 0.0885697 0.0924782 -0.0378089 0.0737685 0.0489026 0.0671278 -0.0392596 -0.00268102 -0.0256277
internal_weight=0 187.323 140.776 65.3343 174.737 166.455 75.4414 48.5954 49.5761 21.633 23.5446 47.8954 4.69573 12.5867 15.2552 17.0585 8.83467 10.3675 3.03338 5.77539 8.28154 26.846 1.68068 43.1997 15.7582 10.4152 26.9624 142.911 5.99642 4.89551
internal_count=35682 27171 8511 6396 26701 26637 2115 1904 6316 1743 1533 6246 326 470 1679 1394 512 226 96 431 64 211 70 5920 80 55 161 25104 833 789
is_linear=0
shrinkage=0.05


Tree=22
num_leaves=31
num_cat=0
split_feature=15 3 6 25 19 31 13 18 17 38 38 15 0 19 19 0 21 41 10 31 6 24 2 31 39 38 24 38 0 19
split_gain=96.3479 77.5564 15.8183 15.0794 14.4744 14.244 10.4372 9.90257 9.60113 7.57555 7.39551 7.44486 11.539 7.34259 6.63784 6.4181 6.31161 5.4982 5.47712 5.40288 5.17575 5.45193 4.89904 4.86842 4.73652 7.5201 4.66689 5.52186 4.71612 4.40116
threshold=863.50000000000011 1.6962433472099498 1.0000000180025095e-35 2.5000000000000004 20.887812500000003 6.5000000000000009 33.500000000000007 1.0000000180025095e-35 4.5000000000000009 69.550000000000011 1.0000000180025095e-35 178.50000000000003 90.210000000000022 0.073726851851851863 27.888200231481488 90.210000000000022 10.342592592592593 1.0000000180025095e-35 3679.0950000000003 18.500000000000004 1.0000000180025095e-35 18.297309027777782 0.62112802709391612 1.5000000000000002 106.95000000000002 59.050000000000004 7.0907233796296305 59.550000000000004 22077.235000000004 10.185746527777779
decision_type=2 2 2 2 2 2 2 2 2 2 2 2 2 2 2 2 2 2 2 2 2 2 2 2 2 2 2 2 2 2
left_child=4 2 3 5 6 23 8 -4 -1 10 -10 12 -12 22 16 17 20 -7 -14 -13 21 26 -11 -2 -25 -26 28 -28 -3 -18
right_child=1 14 7 -5 -6 15 -8 -9 9 13 11 19 18 -15 -16 -17 29 -19 -20 -21 -22 -23 -24 24 25 -27 27 -29 -30 -31
leaf_value=0.00025261022127937493 -0.040381069224480003 -0.043099703166036729 -0.014009620333475806 0.10036663982001442 -0.012798540446361263 -0.030960485396582516 -0.038436100191640114 0.10709610596611462 -0.017911334362690733 -0.027989192272067899 0.066390426547106002 0.075399344900207263 -0.042837978646608474 -0.038291084040947158 -0.035883836273432439 -0.042072733544473856 0.074952722039073397 0.076787669455991928 0.037847900347932055 0.14819218158623379 0.045485089031861159 -0.042237797167675208 0.067591498310358558 -0.019827741713787882 0.063786913100238804 -0.024541302288196024 0.074596384639767407 -0.014235650621097813 0.034290111420777918 0.024766091617906712
leaf_weight=7.1151596698909989 3.3761547934263971 3.5937897837720865 3.028653376735746 1.1226117908954609 9.1647806335240585 1.5688257031142703 2.3972337879240504 2.3143997015431523 2.0702007729560128 1.1530008134432117 26.155771497637033 21.655479252338413 3.6193062374368301 3.139568411745131 2.3124149395152918 151.23736749961972 14.880262189544739 1.3598694754764438 2.8826349237933755 3.9811942009255281 13.103915436193345 3.7852631686255327 4.541117827873677 4.5207923082634798 6.8600410879589599 2.8394338758662343 4.2689784048125148 2.2008952777832747 2.4993807305581868 7.9122019917704156
leaf_count=461 348 241 403 7 888 218 196 59 242 53 127 289 234 448 221 29321 100 8 55 60 71 157 67 251 119 315 112 78 28 411
internal_value=0 -0.0156975 -0.0316404 -0.0343293 0.0454623 -0.0357856 0.0523215 0.0470624 0.0556327 0.0612423 0.0675201 0.0708049 0.052052 0.0158397 0.0360172 -0.0406234 0.0398138 0.0258805 -0.0067892 0.0918426 0.0232785 0.00388304 0.0469474 0.00650471 0.019558 0.0380526 0.0198689 0.0465175 -0.010996 0.059304
internal_weight=0 232.785 178.228 172.885 87.8754 171.762 78.7107 5.34305 76.3134 69.1983 60.3646 58.2944 32.6577 8.83369 54.5571 154.166 52.2447 2.9287 6.50194 25.6367 29.4522 16.3483 5.69412 17.5964 14.2203 9.69947 12.563 6.46987 6.09317 22.7925
internal_count=35588 32468 31049 30587 3120 30580 2232 462 2036 1575 1007 765 416 568 1419 29547 1198 226 289 349 687 616 120 1033 685 434 459 190 269 511
is_linear=0
shrinkage=0.05


Tree=23
num_leaves=31
num_cat=0
split_feature=15 3 25 19 6 3 41 25 21 31 34 33 0 3 31 0 31 33 33 34 19 21 5 31 40 40 21 3 10 21
split_gain=74.421 60.3417 20.3314 16.6521 13.986 11.9879 15.8782 13.3629 12.2777 9.69372 9.47251 8.97407 6.33936 6.30618 7.67726 8.23916 5.98401 5.94345 6.04749 5.79994 5.43841 8.48 7.88148 4.76105 4.74623 4.70497 4.08137 4.0773 3.91498 3.39127
threshold=1789.5000000000002 1.6962433472099498 1.5000000000000002 20.769866898148152 2.5000000000000004 1.161177427148895 1.0000000180025095e-35 1.5000000000000002 21.339149305555562 6.5000000000000009 1.0000000180025095e-35 0.044466403162055343 630.12000000000012 -0.081773163105598498 18.500000000000004 1432.3150000000003 21.500000000000004 0.17752100840336138 0.042572463768115944 1.0000000180025095e-35 5.1966898148148157 1.2560358796296298 1.0000000180025095e-35 9.5000000000000018 2.9628116603124774 0.7566436737634773 8.8657928240740755 -1.065195359965726 113.03000000000002 37.545688657407418
decision_type=2 2 2 2 2 2 2 2 2 2 2 2 2 2 2 2 2 2 2 2 2 2 2 2 2 2 2 2 2 2
left_child=3 2 4 5 9 6 7 8 13 17 -4 16 -10 -1 19 -16 20 18 27 -15 21 22 -3 -5 -11 -14 -13 -2 -25 -8
right_child=1 11 10 23 -6 -7 29 -9 12 24 -12 26 25 14 15 -17 -18 -19 -20 -21 -22 -23 -24 28 -26 -27 -28 -29 -30 -31
leaf_value=-0.037564511381755393 0.050425407309057695 -0.039730362582341923 -0.0042632212727467178 0.025785791532930449 0.090472719863879392 0.077260373046064187 0.065549944553663531 0.080892272529550238 -0.016177318087066534 -0.039561175542145929 0.11377335270174763 0.034460155016059042 0.12819417768373512 -0.027069707893989638 0.1532484417440973 -0.0090472142813507201 0.069816633714201493 -0.036211372479678663 0.076595800773425121 0.061154900138570216 -0.018563791254408445 0.050475737809176816 0.037734355505796152 0.048215763358108357 0.059949829921272617 0.011287521588945068 0.099513222990005687 -0.021687038849888589 -0.044990099604546377 0.01307617615604641
leaf_weight=14.546785612590613 1.7432647095993159 6.6920988126657921 3.1809561979025593 3.8858055975288144 1.3349422798492003 21.170846804976463 26.839013954624537 4.6891890084370962 1.5469453167170275 139.14458950003609 2.4867686638608575 6.6002870732918364 2.0399132170714442 8.307243138551712 0.69786544609814782 1.2564459135755894 4.2426217542961231 5.4118071873672298 2.6904484489932656 1.3480552858673043 9.6956366389058513 12.879893530625848 4.7529029976576567 0.45933688385411997 0.36293053161352773 1.4935439173132179 5.3339514336548746 5.8698356198146922 8.1068489528261107 4.1049441546201697
leaf_count=1570 42 282 387 197 26 337 178 61 101 27756 79 73 40 917 47 107 41 696 40 31 657 191 25 16 64 21 85 236 1239 18
internal_value=0 -0.0148103 -0.029607 0.037199 -0.0330767 0.0447975 0.0335329 0.0104067 -0.0023555 -0.0347116 0.0568225 0.0326532 0.0619437 -0.0166655 0.0104231 0.081163 0.0198543 0.00238322 0.0240647 -0.0101686 0.0118079 0.0241687 -0.00711352 -0.0158616 -0.0388775 0.0921692 0.0689812 -0.0012372 -0.0354744 0.0592162
internal_weight=0 212.423 162.226 100.493 156.558 88.0408 66.8699 35.926 31.2368 155.223 5.66772 50.1974 5.0804 26.1564 11.6096 1.95431 38.2632 15.7154 10.3035 9.6553 34.0205 24.3249 11.445 12.452 139.508 3.53346 11.9342 7.6131 8.56619 30.944
internal_count=35560 30680 29326 4880 28860 3428 3091 2895 2834 28834 466 1354 162 2672 1102 154 1196 1014 318 948 1155 498 307 1452 27820 61 158 278 1255 196
is_linear=0
shrinkage=0.05


Tree=24
num_leaves=31
num_cat=0
split_feature=19 25 40 2 31 3 41 25 5 2 9 19 38 39 24 19 31 0 12 31 38 39 0 12 0 41 33 13 39 2
split_gain=82.0528 29.7595 27.3437 22.4402 25.4255 14.9243 27.971 14.0195 11.9171 11.5512 8.40125 7.4424 6.93626 5.64187 5.36379 7.52081 4.31506 4.14041 4.0694 3.99514 3.97209 3.77213 3.69944 3.47809 3.33949 3.33364 3.04254 2.95927 2.9478 5.70465
threshold=0.022517361111111116 1.5000000000000002 0.022730671873701674 9.6923103828038588 7.5000000000000009 1.0289256920261063 1.0000000180025095e-35 1.5000000000000002 1.0000000180025095e-35 5.5368824942314019 1.5000000000000002 10.686770833333336 55.850000000000001 205.55000000000004 32.388535879629636 26.787494212962965 7.5000000000000009 10266.390000000001 8559.6800000000021 10.500000000000002 59.050000000000004 77.450000000000017 630.12000000000012 9863.5850000000009 31310.120000000003 1.0000000180025095e-35 0.71825396825396837 8.5000000000000018 71.450000000000017 1.3747937933773235
decision_type=2 2 2 2 2 2 2 2 2 2 2 2 2 2 2 2 2 2 2 2 2 2 2 2 2 2 2 2 2 2
left_child=2 3 8 4 11 6 7 10 25 13 16 17 21 20 26 -16 18 -2 -4 -15 -7 -3 -12 -22 -5 -1 -13 -9 29 -18
right_child=1 12 5 24 -6 9 -8 27 -10 -11 22 14 -14 19 15 -17 28 -19 -20 -21 23 -23 -24 -25 -26 -27 -28 -29 -30 -31
leaf_value=-0.045605228323556124 0.054015560444158575 -0.0046021815815162409 -0.026190012079826248 0.071044050255786625 -0.041736117947119809 0.088858971206956808 0.055947400689838549 -0.0037734435647074518 0.049567479975478723 0.041110299557306107 -0.029198491794719339 -0.038844112569729396 -0.022757616955036818 0.011410979291275908 0.08158278637484076 -0.033032813654909586 -0.032261668547940776 -0.029080226415837265 0.056550550227266551 0.17208164692432479 -0.020967983600024036 0.078401954392133821 0.049085561576907778 0.055808385914519448 0.0029208474761810402 0.042626393344688096 0.038915669979279977 0.10561778469355582 -0.043572480282597026 0.092008843473428373
leaf_weight=16.379318385850645 9.3971779332496244 1.4761178833432484 2.2465824456885484 5.0013759396970263 127.51725999172777 7.29192226519808 31.696467851754278 0.69127445574849788 3.6276785638183346 34.33412062516436 1.2798767196945835 8.8233846477232838 2.1709466818720093 0.59861039184033815 2.1643010838888577 1.8490369655191896 1.7616237266920536 1.1058875559829164 1.8327013421803711 2.708596533164382 2.0061212801374495 8.4251304659992439 4.9554116916842759 2.1751310364343226 2.695831848308444 0.37963598221540351 0.62968371668830592 2.0489759957417846 20.671557554509491 0.40545123582705844
leaf_count=2889 385 98 208 29 24993 221 250 29 19 248 66 744 248 26 42 235 298 97 67 117 158 135 126 30 31 6 32 50 3638 58
internal_value=0 -0.0227859 0.0289474 -0.0285947 -0.0329049 0.0382465 0.0224782 -0.00779275 -0.0235847 0.0590647 -0.01766 0.0138669 0.0501362 0.0955238 -0.0106536 0.0327209 -0.0296907 0.0434988 0.0147979 0.152401 0.0682247 0.0667403 0.031202 0.0220346 0.0502641 -0.0413188 -0.030437 0.0843912 -0.0379243 0.0126992
internal_weight=0 171.256 137.091 159.184 151.487 116.704 67.5899 35.8935 20.3866 49.1145 33.1532 23.9695 12.0722 14.7804 13.4664 4.01334 26.9179 10.5031 4.07928 3.30721 11.4732 9.90125 6.23529 4.18125 7.69721 16.759 9.45307 2.74025 22.8386 2.16707
internal_count=35573 27069 8504 26588 26528 5590 4790 4540 2914 800 4461 1535 481 552 1053 277 4269 482 275 143 409 233 192 188 60 2895 776 79 3994 356
is_linear=0
shrinkage=0.05


Tree=25
num_leaves=31
num_cat=0
split_feature=19 21 5 25 33 25 33 0 41 38 38 19 15 24 38 15 19 24 15 41 12 12 15 15 39 38 24 38 24 38
split_gain=71.3562 38.6955 37.7343 33.2295 19.5375 16.2989 10.7592 10.2394 24.5801 10.2291 9.09027 7.32516 7.12456 6.74531 6.52945 5.30233 4.18078 10.8081 7.2089 3.8161 3.42789 3.33557 3.14491 3.20774 3.06568 2.99772 2.94739 2.5291 2.52814 3.22509
threshold=0.073726851851851863 4.2802430555555562 1.0000000180025095e-35 1.5000000000000002 0.037749287749287756 1.5000000000000002 0.35388994307400384 630.12000000000012 1.0000000180025095e-35 68.850000000000009 28.850000000000005 26.787494212962965 1631.5000000000002 14.263952546296297 55.850000000000001 471.50000000000006 19.283449074074078 18.191290509259264 178.50000000000003 1.0000000180025095e-35 606.94000000000017 20220.435000000005 354.50000000000006 28.500000000000004 53.650000000000013 14.750000000000002 3.9970023148148153 60.550000000000004 18.604103009259262 70.850000000000009
decision_type=2 2 2 2 2 2 2 2 2 2 2 2 2 2 2 2 2 2 2 2 2 2 2 2 2 2 2 2 2 2
left_child=1 2 5 4 12 15 9 8 -3 10 -6 13 16 -12 24 22 17 19 -19 -2 -15 -4 23 -1 -5 -9 -7 -20 -27 -30
right_child=3 7 21 14 6 26 -8 25 -10 -11 11 -13 -14 20 -16 -17 -18 18 27 -21 -22 -23 -24 -25 -26 28 -28 -29 29 -31
leaf_value=0.045242791529639712 -0.035783601494424999 -0.036983069557546447 0.019021189468235531 -0.0177638509992766 -0.0064069678273461208 0.12046860397383266 -0.033343256228747724 0.013586144420626342 0.054952590461908403 -0.032468535108688065 -0.024155448596494419 -0.027621304626820217 -0.041695917392145704 -0.015080714584232227 -0.013346174915987309 -0.037861707516928148 -0.038797039815400107 -0.018879929892354638 0.10910270667203914 0.042119673330476226 0.10374266129043588 0.078703387634570077 0.047854224444535007 -0.033632998535039496 0.07852291351910462 0.085592950160846226 0.00331595437434779 0.0020006990678193416 0.067921428502163983 0.014550518647767444
leaf_weight=0.80365263111889262 8.9058646387420595 9.0388780646026117 3.8793263379484406 0.54019514471292396 5.3549914220348098 1.199217528104781 9.5438142511993629 2.7181759304366997 26.927692354656756 4.6064031920395783 0.89809819683432479 1.1949356542900194 101.17123559117317 0.39758514473214646 2.4652437083423129 37.83208029018715 7.1383668719790867 1.7203965336084355 2.7101408620364968 1.0008425149135298 8.3073304286226612 10.983372678048907 2.1647476335056126 3.8952667438425124 9.2960738907568139 22.340766142588109 0.78707839082926501 0.6918584401719271 7.7084574545733613 5.1898820763453841
leaf_count=21 1324 1343 21 64 560 25 1284 98 151 874 134 189 20423 39 261 5985 1171 175 90 31 218 54 58 240 168 348 57 83 93 78
internal_value=0 0.0278326 -0.00151951 -0.0209094 -0.0273247 -0.0237192 0.00842411 0.0519635 0.0314725 0.028276 0.0464817 0.0710305 -0.036105 0.0847534 0.0552471 -0.0306777 -0.00989002 0.00540378 0.0582795 -0.0247731 0.0973209 0.0653068 0.00869904 -0.0145712 0.0720837 0.0700736 0.0907018 0.0927241 0.0739357 0.0490387
internal_weight=0 135.469 61.5447 165.943 153.642 46.682 30.3032 73.9239 35.9666 20.7593 16.1529 10.7979 123.339 9.60301 12.3015 44.6957 22.1675 15.0291 5.1224 9.90671 8.70492 14.8627 6.86367 4.69892 9.83627 37.9573 1.9863 3.402 35.2391 12.8983
internal_count=35660 8572 6461 27088 26595 6386 3298 2111 1494 2014 1140 580 23297 391 493 6304 2874 1703 348 1355 257 75 319 261 232 617 82 173 519 171
is_linear=0
shrinkage=0.05


Tree=26
num_leaves=31
num_cat=0
split_feature=15 2 31 41 15 25 5 25 3 23 41 15 23 39 6 9 14 10 31 10 31 24 12 13 13 21 41 21 39 0
split_gain=59.6677 59.9786 12.2745 11.1409 18.254 10.1267 8.98056 7.60576 9.50855 6.33366 9.92013 6.21173 6.1924 6.43017 9.74244 5.83388 5.82461 5.37946 4.99737 4.34607 4.25668 4.1312 4.04478 3.69344 3.34775 3.73038 3.2206 3.11423 2.88836 4.06816
threshold=863.50000000000011 3.084352139183872 6.5000000000000009 1.0000000180025095e-35 178.50000000000003 2.5000000000000004 1.0000000180025095e-35 1.5000000000000002 1.1417892422569338 1.0000000180025095e-35 1.0000000180025095e-35 37717.500000000007 1.0000000180025095e-35 266.35000000000008 1.5000000000000002 1.5000000000000002 75414.435000000012 7946.2850000000008 7.5000000000000009 3012.7250000000004 10.500000000000002 29.235717592592597 4299.5950000000003 21.500000000000004 26.500000000000004 3.9357754629629631 1.0000000180025095e-35 21.97559606481482 178.35000000000005 2388.0100000000007
decision_type=2 2 2 2 2 2 2 2 2 2 2 2 2 2 2 2 2 2 2 2 2 2 2 2 2 2 2 2 2 2
left_child=3 2 11 4 17 6 9 8 15 -4 28 -2 13 14 21 18 26 -1 -6 -10 -15 -3 -23 -22 25 -17 -13 -25 -11 -30
right_child=1 12 5 -5 7 -7 -8 -9 19 10 -12 16 -14 20 -16 24 -18 -19 -20 -21 23 22 -24 27 -26 -27 -28 -29 29 -31
leaf_value=-0.03475781491526464 -0.020709107791277541 -0.010965270683476851 -0.039422185163438796 0.061623602645411606 0.026819084465742528 0.090262128762911606 0.066124774769517169 0.086550250408818016 -0.0057976225034222922 -0.042236537602378166 0.082381047970926255 -0.024935364530650841 0.068254833615985736 -0.01071762281784637 0.057433939958095682 -0.022190044865803282 0.067873567705085222 0.030596227462969958 -0.038838660869455588 0.076026441075528584 0.077278668635468395 0.049283729020789306 -0.022905397522681052 0.042505341482338664 -0.017262998009319592 0.073767937964465652 0.05656373745383414 -0.048892872242997612 -0.027950865635281055 0.079149499815533583
leaf_weight=12.70605574455112 8.1947646513581294 24.178789182100449 123.5811211024411 30.644763061776757 3.5931311775930279 0.70576664805412193 1.2856819923035789 7.068743177689611 1.7684798333793867 5.2151504061184806 1.9178284523077307 3.9522527377121133 8.2496509253978711 1.9138549985364068 8.2809709114953858 0.77626532688736816 5.0401922171004117 3.2449061870574942 7.3110024244524539 9.214285977650432 8.4959042011760157 5.51372251426801 2.0708358478732407 0.96108954399824031 1.5005742688663302 4.109396499581635 0.61260944977402676 0.77659141924232244 1.2461241167038677 0.54659653408452857
leaf_count=1303 663 1227 27745 197 69 4 19 49 100 1107 39 287 122 44 46 73 92 122 870 75 142 239 181 32 117 123 6 23 251 106
internal_value=0 -0.0118991 -0.0285807 0.0380663 0.0230828 -0.0337174 -0.0350362 0.042749 0.0292154 -0.0365057 0.00377793 0.00996196 0.0299157 0.0226864 0.0123679 0.0051788 0.0356149 -0.0204422 -0.0167677 0.0634666 0.0531735 -0.000775575 0.0292015 0.0650126 0.039848 0.0573418 -0.00579907 -0.0012806 -0.0253345 0.0213524
internal_weight=0 212.739 152.298 81.9376 51.2928 134.498 133.793 35.3419 28.2731 132.507 8.9257 17.7998 60.4414 52.1918 40.0443 17.2904 9.60505 15.951 10.9041 10.9828 12.1474 31.7633 7.58456 10.2336 6.38624 4.88566 4.56486 1.73768 7.00787 1.79272
internal_count=35473 32375 30319 3098 2901 29271 29267 1476 1427 29248 1503 1048 2056 1934 1693 1252 385 1425 939 175 241 1647 420 197 313 196 293 55 1464 357
is_linear=0
shrinkage=0.05


Tree=27
num_leaves=31
num_cat=0
split_feature=19 21 6 25 33 0 38 38 33 3 19 21 0 38 24 23 21 19 24 20 15 0 38 13 15 15 19 24 14 17
split_gain=58.2729 40.9191 34.788 27.1242 16.4078 16.0486 19.3751 9.51416 10.6339 8.79722 7.86205 9.99474 7.2134 6.36458 5.57433 5.46102 4.14902 4.02419 3.83079 3.69889 4.18934 4.23464 5.70821 3.78264 3.6603 3.16979 3.14351 5.98707 3.07199 3.00908
threshold=0.073726851851851863 0.93313657407407413 1.0000000180025095e-35 1.5000000000000002 0.037749287749287756 2001.1600000000001 44.45000000000001 68.850000000000009 0.35388994307400384 2.2838636327926638 26.787494212962965 17.788564814814816 90.210000000000022 1.0000000180025095e-35 15.326076388888891 1.0000000180025095e-35 17.164050925925931 26.384340277777785 29.976059027777783 2.5000000000000004 178.50000000000003 7870.5850000000009 12.750000000000002 21.500000000000004 1394.5000000000002 471.50000000000006 20.769866898148152 33.277343750000007 23319.975000000002 4.5000000000000009
decision_type=2 2 2 2 2 2 2 2 2 2 2 2 2 2 2 2 2 2 2 2 2 2 2 2 2 2 2 2 2 2
left_child=1 2 25 4 9 6 13 8 10 12 11 14 -2 -3 -6 16 -5 -18 24 20 -7 22 -22 -21 -11 -1 -13 -28 -16 -15
right_child=3 5 -4 15 7 19 -8 -9 -10 18 -12 26 -14 29 28 -17 17 -19 -20 23 21 -23 -24 -25 -26 -27 27 -29 -30 -31
leaf_value=0.0041797108601748711 0.054553422283451308 -0.032793681461988439 0.054186563377084052 -0.024166642752189681 -0.039144256460496074 0.00033723741192118206 -0.031451379673679884 -0.03823031085824545 -0.030000032673281357 0.042702138266126587 -0.033988934907985276 0.12308953532201201 -0.039436175004486831 -0.014508723477914976 -0.024488653519195956 0.086232443776736334 0.060552961007270326 -0.026714983507868037 0.059088852504487581 0.053470526932222796 -0.02328460043869348 0.059998258034088037 0.1178511897440092 -0.016704061059442662 -0.029663000077974202 -0.041905358280792393 -0.021787761444484008 0.09042257056536418 0.061947421392845495 0.052729417252994765
leaf_weight=4.0278896843083194 1.2480318951420475 1.8523742710240174 13.912236227188258 2.8930089562199992 2.5166825195774489 1.5110136712901319 10.322829942218958 7.2831961158663026 5.7483463673852375 1.5707259834744016 2.0414266134612253 4.0039189015515149 106.93269553873688 1.3528876029886294 0.76459340658038888 4.5598908476531497 4.5060141524299979 1.1028773030266164 2.1541347173042595 6.6158995414152724 0.44337659189477818 14.116022055502979 11.017265421804039 2.0371863748878241 4.5546984658576548 31.075107137672603 1.7038094834424558 1.4573496528901158 3.1594022740609944 30.930746505968273
leaf_count=275 83 335 135 213 301 14 1300 1415 731 16 355 124 22986 156 51 23 129 118 54 116 25 109 175 13 144 5396 208 15 87 504
internal_value=0 0.0255865 -0.0102981 -0.019512 -0.0257899 0.0473747 0.0263952 0.00786823 0.0245669 -0.0340748 0.0452112 0.058608 -0.0378621 0.0442854 0.0103208 0.0471198 0.0192747 0.0419476 0.0141581 0.072043 0.0815455 0.0861498 0.110961 0.0369305 -0.00771793 -0.036648 0.0954333 0.0392414 0.0435524 0.0495605
internal_weight=0 129.215 49.0152 158.201 145.139 80.1996 44.4588 28.6787 21.3955 116.46 15.6472 13.6058 108.181 34.136 6.44068 13.0618 8.5019 5.60889 8.27956 35.7408 27.0877 25.5767 11.4606 8.65309 6.12542 35.103 7.16508 3.16116 3.924 32.2836
internal_count=35606 8553 5806 27053 26570 2747 2295 3287 1872 23283 1141 786 23069 995 439 483 460 247 214 452 323 309 200 129 160 5671 347 223 138 660
is_linear=0
shrinkage=0.05


Tree=28
num_leaves=31
num_cat=0
split_feature=23 3 9 24 10 25 41 18 2 32 21 12 21 2 41 24 20 34 24 38 14 10 1 33 14 24 24 3 24 40
split_gain=46.9083 34.6808 26.8915 16.2109 14.9064 11.1984 10.8624 10.803 8.84253 8.6443 7.53574 7.0339 7.92298 6.97646 6.95802 5.93566 5.65863 4.74927 6.47807 4.37316 4.83049 4.38695 4.35195 4.05244 5.40515 4.04732 4.0287 3.71924 3.32326 3.15052
threshold=1.0000000180025095e-35 1.0914268598658898 1.5000000000000002 1.0000000180025095e-35 2045.9500000000003 2.5000000000000004 1.0000000180025095e-35 1.0000000180025095e-35 19.571745490999184 1.0000000180025095e-35 3.9357754629629631 20220.435000000005 0.16281250000000003 3.2491642741371343 1.0000000180025095e-35 1.1787557870370373 2.5000000000000004 1.0000000180025095e-35 29.976059027777783 69.550000000000011 38697.435000000005 2770.1200000000003 3.9334905240642217 0.2817460317460318 32242.370000000006 6.9278761574074084 7.0907233796296305 -2.0575984421710278 20.019612268518522 2.9628116603124774
decision_type=2 2 2 2 2 2 2 2 2 2 2 2 2 2 2 2 2 2 2 2 2 2 2 2 2 2 2 2 2 2
left_child=1 2 5 6 7 9 13 8 17 22 -4 12 -9 -2 -5 -6 26 -3 -19 20 -12 27 -1 24 -11 -21 -14 -22 -28 -24
right_child=3 4 10 14 15 -7 -8 11 -10 23 19 -13 16 -15 -16 -17 -18 18 -20 25 21 -23 29 -25 -26 -27 28 -29 -30 -31
leaf_value=0.041422938507782205 -0.044920993372844831 -0.040369057389907426 -0.038069363476857 0.099492700003667389 -0.025684647694598852 0.067600967527303643 0.063223949871663493 -0.019953874554176063 0.066876206189676032 -0.038893846438672497 -0.00081143339179614552 0.060592171991824054 -0.0099527511660938602 0.02850072062410371 0.045111257487466 0.065819643474299902 -0.021427567396645746 -0.022271129618291252 0.084563141774687045 0.049709622761971946 0.006222076997356725 0.016373747375931322 -0.038986503151647173 -0.032571159234749708 0.03730819874123583 -0.039150904898201291 0.10040459355438502 0.096704856988173687 0.017980441828109078 0.037820760393551672
leaf_weight=0.96161031583323975 8.1667842073366064 17.165126084815718 3.0260317439679083 10.194352396298202 1.4475274193100656 1.932983249425887 4.5900532212108365 10.952172298450028 1.7519149854779232 2.2052829801104954 3.8213625585194739 8.7181833120994252 1.480924510397015 4.1644235360436133 20.070044070482254 16.471380987670273 2.381340152118355 3.4766185528133056 1.1091533654835073 0.9960287944413716 1.5027431338094173 4.267533218022435 117.51702467887662 4.5624267244711509 8.3454570095054788 2.6522281286306679 3.5900482088327408 6.6450170464813691 2.3743674573488533 0.60282618552446265
leaf_count=62 1685 2817 372 54 32 9 50 497 8 119 304 65 51 102 101 308 45 373 70 39 11 239 26679 662 98 405 31 86 19 70
internal_value=0 -0.00955235 -0.0224784 0.0446831 0.0193444 -0.0309026 0.0049569 0.00563202 -0.0192065 -0.032811 0.0267737 0.0254039 0.00853564 -0.0198475 0.0660257 0.0574608 0.0391984 -0.0287748 0.0140817 0.0379917 0.048572 0.0626995 -0.0372971 0.00265756 0.0193924 -0.00941562 0.0588304 0.082521 0.0748856 -0.0382803
internal_weight=0 229.957 159.039 47.1857 70.9188 136.128 16.9213 52.9998 23.5028 134.195 22.9109 29.497 20.7789 12.3312 30.2644 17.9189 9.82668 21.7509 4.58577 19.8849 16.2367 12.4153 119.081 15.1132 10.5507 3.64826 7.44534 8.14776 5.96442 118.12
internal_count=35463 33471 29155 1992 4316 27699 1837 3976 3268 27690 1456 708 643 1787 155 340 146 3260 443 1084 640 336 26811 879 217 444 101 97 50 26749
is_linear=0
shrinkage=0.05


Tree=29
num_leaves=31
num_cat=0
split_feature=19 33 23 2 3 9 19 24 31 25 2 33 20 24 6 14 33 12 40 10 23 24 39 31 10 27 40 12 39 14
split_gain=51.1584 28.4095 19.6795 18.1594 15.3271 18.1112 12.4929 10.6613 9.02435 7.45207 7.74182 6.35731 5.62771 6.91703 5.95526 5.17861 6.57814 4.52235 4.54524 4.4496 4.32242 4.23227 4.19135 4.01874 4.90167 4.02306 3.61654 3.47309 3.42667 3.2623
threshold=0.073726851851851863 0.042572463768115944 1.0000000180025095e-35 9.6923103828038588 1.0609047966360006 2.5000000000000004 26.787494212962965 25.526018518518523 13.500000000000002 1.5000000000000002 0.083722745463578219 0.046536796536796543 1.5000000000000002 10.079976851851853 1.0000000180025095e-35 32600.580000000005 0.41277890466531447 14443.155000000002 0.26318713854915071 17459.105000000003 1.0000000180025095e-35 18.909074074074077 86.550000000000011 20.500000000000004 925.30000000000007 1.0000000180025095e-35 1.5825264077169592 1066.0000000000002 289.55000000000007 90317.294999999998
decision_type=2 2 2 2 2 2 2 2 2 2 2 2 2 2 2 2 2 2 2 2 2 2 2 2 2 2 2 2 2 2
left_child=2 3 4 9 5 11 7 15 17 10 -2 23 14 -14 21 -3 -17 26 -19 -12 -11 -10 -13 25 -25 -1 28 -9 -6 -21
right_child=1 6 -4 -5 8 -7 -8 27 12 20 19 22 13 -15 -16 16 -18 18 -20 29 -22 -23 -24 24 -26 -27 -28 -29 -30 -31
leaf_value=-0.036263879072397129 0.063280323669829983 -0.023573371869251236 0.056483117744421746 0.045599227227413518 -0.038260678279885468 0.060382435688545726 -0.042210150187682843 -0.005219541174872006 0.027530387937461459 -0.0032180945635817402 -0.039411761321151088 -0.030460481894470544 0.012280379077430102 0.12626416834981394 0.06517694917856974 0.049318637922606767 -0.029974750646350537 -0.0087988226766577467 0.070550480628059117 0.083522356581572685 0.090181347342449814 -0.039068229094182116 0.044723311351896923 -0.027449673920277737 0.08933225352741947 0.039471201504278353 0.040849399816568814 0.088946477181315042 0.018876709012563289 -0.022444064433517652
leaf_weight=30.896362650906671 1.0496269790455688 5.559332042001194 36.757725199218839 6.8988910652697077 7.4346940456889588 7.554481475846841 5.0669218576513222 0.97833760501816769 6.5787414666265303 4.4657366434112182 101.2543324995786 1.8877568163443346 2.1282322451006612 4.0318133421242237 8.1407005004584772 9.6920905178412777 2.7166947235818943 2.6640894119627765 3.5404100934974849 0.45789994858205207 0.68097329325973976 2.5034901155158877 4.8416535251308233 1.192482026759534 0.68257218645885576 1.0584766345564265 1.9676236694212992 8.0157017703168076 3.0850731548853219 0.80322107556276023
leaf_count=5843 50 916 599 53 389 87 953 115 220 387 23015 224 61 32 38 539 363 33 37 14 5 166 318 227 34 93 24 316 38 136
internal_value=0 -0.0170079 0.0261219 -0.0285123 0.013264 -0.00601612 0.0241239 0.0376536 0.0349391 -0.0335882 -0.036523 -0.0195387 0.0550092 0.0940991 0.0366315 0.0137751 0.0310179 0.00831356 0.0399873 -0.0381463 0.0218008 0.00711852 0.0224203 -0.0282892 0.0313473 -0.0326336 -0.00922185 0.0792061 -0.0213203 0.0359537
internal_weight=0 147.64 126.946 115.611 90.1887 48.1138 32.0291 26.9622 42.0749 108.712 103.565 40.5593 23.383 6.16005 17.2229 17.9681 12.4088 18.6919 6.2045 102.515 5.14671 9.08223 6.72941 33.8299 1.87505 31.9548 12.4874 8.99404 10.5198 1.26112
internal_count=35325 26862 8463 23660 7864 6826 3202 2249 1038 23607 23215 6739 517 93 424 1818 902 521 70 23165 392 386 542 6197 261 5936 451 431 427 150
is_linear=0
shrinkage=0.05


Tree=30
num_leaves=31
num_cat=0
split_feature=2 0 25 40 32 19 38 4 13 21 6 38 6 38 10 39 38 0 2 40 38 19 38 40 16 21 10 20 12 38
split_gain=43.2836 46.1272 20.964 17.4621 13.9682 7.64605 6.74014 6.21844 6.67038 5.65146 9.81489 5.64269 5.11383 4.46136 4.31966 4.06037 6.11277 3.97787 6.15166 3.72522 3.35268 5.6111 3.19486 2.83798 2.70523 2.58862 2.3812 2.33157 2.18132 4.13077
threshold=3.1577769441944779 90.210000000000022 1.5000000000000002 2.9628116603124774 1.0000000180025095e-35 27.888200231481488 53.750000000000007 1.0000000180025095e-35 24.500000000000004 4.1774305555555564 1.0000000180025095e-35 17.750000000000004 1.5000000000000002 19.450000000000003 6875.8600000000015 138.85000000000005 56.350000000000001 5296.3250000000016 0.9715600505635329 1.2189243491251249 59.550000000000004 0.022517361111111116 9.3500000000000032 1.4578400037239403 3.5000000000000004 17.435480324074078 471.99500000000006 2.5000000000000004 33868.055000000008 36.150000000000013
decision_type=2 2 2 2 2 2 2 2 2 2 2 2 2 2 2 2 2 2 2 2 2 2 2 2 2 2 2 2 2 2
left_child=1 22 3 4 12 7 13 8 11 10 24 -2 14 -4 28 23 -17 18 -16 -15 -13 -22 26 25 -9 -6 -1 -11 -3 -30
right_child=5 2 6 -5 15 -7 -8 9 -10 27 -12 20 -14 19 17 16 -18 -19 -20 -21 21 -23 -24 -25 -26 -27 -28 -29 29 -31
leaf_value=0.059482733385188273 -0.0016516038035211994 -0.038158693162738969 -0.023709751945285421 0.067532957383944991 -0.046731203624046092 -0.03770622559723516 -0.031850385919751686 -0.040440970525598648 -0.012012807411984627 0.049105049197664979 0.035138532343434663 0.08646256606030038 0.041307396065063152 0.087958881741703077 -0.014099328458740693 0.060051694060260952 -0.018303233067129349 -0.036521639328628126 0.092948208896525622 0.00028977000792343205 0.065483407361398627 -0.021100712347354004 0.00078647663408614127 0.034039300953384165 0.02004578119627998 0.0047726580980670978 0.018502711231649684 0.0037551389831915194 0.029854876851767506 -0.03935654818201359
leaf_weight=20.809000469744213 2.7896002894267502 120.54204468242824 0.88170343078672697 4.0308084010612211 4.1385714779607969 2.761572223622351 1.7056203349493433 8.0729532330296951 2.8656810468528411 18.67803250299767 12.295103994198142 14.883639965904878 1.4562567290849973 6.3791776010766625 2.6762686951551582 6.0394798791967315 3.2634972468949854 2.5630994313396513 1.3132570872548965 1.4577012141235171 3.9755943501368156 2.3776050303131342 3.4983620843850067 1.9243291248567391 1.667573305312543 4.3253847602754831 5.628468661569058 3.5144642335362724 3.1051235431805244 3.5868937042541802
leaf_count=149 251 29085 119 95 295 339 267 216 236 182 60 318 56 126 271 70 378 425 87 25 71 331 237 57 37 231 34 36 521 830
internal_value=0 -0.0102316 -0.0203832 -0.0249559 -0.0277798 0.0343251 0.0454287 0.0376061 0.0564745 0.0251385 0.00667336 0.0647967 -0.0334795 0.0622685 -0.0345939 0.0110928 0.033456 0.00437596 0.0327045 0.0735301 0.0732069 0.0346174 0.0460127 -0.0101133 -0.0291834 -0.0226877 0.0517505 0.0423949 -0.0366194 -0.00753591
internal_weight=0 199.325 169.389 158.965 154.934 73.8818 10.4242 71.1202 26.8921 44.2281 22.0356 24.0264 135.243 8.71858 133.787 19.6913 9.30298 6.55263 3.98953 7.83688 21.2368 6.3532 29.9358 10.3883 9.74053 8.46396 26.4375 22.1925 127.234 6.69202
internal_count=35435 33358 32938 32401 32306 2077 537 1738 1207 531 313 971 31275 270 31219 1031 448 783 358 151 720 402 420 583 253 526 183 218 30436 1351
is_linear=0
shrinkage=0.05


Tree=31
num_leaves=31
num_cat=0
split_feature=15 2 31 25 38 24 41 38 33 2 38 13 0 18 2 34 0 15 40 38 31 12 15 12 13 13 21 0 13 0
split_gain=41.768 44.9333 11.5078 11.7969 8.09719 7.56301 7.39713 7.35773 6.82118 6.16236 5.61941 5.38026 4.7985 4.49557 7.64894 4.18962 4.08326 4.47482 4.05167 4.04314 3.80803 3.69812 3.65366 3.54764 3.31034 3.26269 3.46265 3.25205 3.15455 3.04461
threshold=863.50000000000011 3.084352139183872 6.5000000000000009 2.5000000000000004 59.550000000000004 0.049849537037037046 1.0000000180025095e-35 1.0000000180025095e-35 0.26969696969696971 2.0846170265764843 10.250000000000002 33.500000000000007 24211.650000000005 1.0000000180025095e-35 9.6923103828038588 1.0000000180025095e-35 3652.2100000000005 29001.500000000004 0.7068386967209076 60.050000000000004 11.500000000000002 1171.7750000000003 13958.000000000002 606.94000000000017 21.500000000000004 6.5000000000000009 37.545688657407418 31310.120000000003 25.500000000000004 38051.880000000012
decision_type=2 2 2 2 2 2 2 2 2 2 2 2 2 2 2 2 2 2 2 2 2 2 2 2 2 2 2 2 2 2
left_child=4 2 8 6 7 -6 12 -1 19 10 -8 21 -4 14 16 29 17 -3 20 28 22 -9 -15 -19 -22 -23 -27 -16 -2 -7
right_child=1 13 3 -5 5 15 9 11 -10 -11 -12 -13 -14 18 27 -17 -18 23 -20 -21 24 25 -24 -25 -26 26 -28 -29 -30 -31
leaf_value=-0.027105325872197841 0.046686574462554573 -0.028249569452080743 -0.039818473886783598 0.089221937909407967 0.049451694015478914 -0.044013361563208779 0.056072792015898092 -0.026970654807987566 -0.040367029965293649 0.089835592265653949 -0.040249635391347321 -0.032992262399244431 0.030729120229200713 0.021413321171388191 0.068021952654139364 0.037616320640002074 -0.031493546846850531 -0.017001505958231248 0.055382791125670718 -0.031758465505039822 0.041077399187683029 -0.016802651136797943 -0.048267977768977482 0.10533525193913446 -0.023204144614779206 0.053746422777126948 0.0068686434782953658 0.0026039787307365258 -0.027677426038487531 0.037712970917661438
leaf_weight=3.272054099244996 10.250294474884868 1.2705361498519807 104.89955338952132 1.0079642832279194 4.1089312122203401 8.7073334997985459 1.2320574866607774 1.0891949755605299 4.0287187881767741 1.0382435310166327 3.8262233193963766 1.5504469207953651 1.7742773408535857 3.0601232433691647 4.1902438439428797 1.5145557150244719 9.9585586059838516 0.50666522816754855 14.933934047352521 1.6704872604459513 13.16335318610072 1.4373961673118163 2.6137773187365383 0.90715332678519189 1.6722114637959737 50.336412223288789 4.6098507321439675 3.1266937237232924 0.96706179808825332 0.52465757448226291
leaf_count=509 197 220 28332 5 128 1237 11 109 707 78 628 121 226 34 24 15 1140 86 168 159 189 79 49 100 28 883 46 36 22 6
internal_value=0 -0.0118162 -0.0277562 -0.0334414 0.0317069 -0.00142029 -0.0353123 0.0395043 0.0102134 0.0160657 -0.0114052 0.043587 -0.0383706 0.0256115 0.00619306 -0.0234252 -0.0171511 0.0301636 0.0360769 0.0277929 0.0200981 0.0461818 -0.0131091 0.0726131 0.032824 0.0480403 0.0500066 0.0437416 0.0385349 -0.036137
internal_weight=0 186.098 130.695 113.778 77.1508 14.8555 112.77 62.2954 16.9166 6.09652 5.05828 59.0233 106.674 55.4033 19.9599 10.7465 12.6429 2.68435 35.4434 12.8878 20.5095 57.4729 5.6739 1.41382 14.8356 56.3837 54.9463 7.31694 11.2174 9.23199
internal_count=35572 32439 30365 29280 3133 1386 29275 1747 1085 717 639 1238 28558 2074 1606 1258 1546 406 468 378 300 1117 83 186 217 1008 929 60 219 1243
is_linear=0
shrinkage=0.05


Tree=32
num_leaves=31
num_cat=0
split_feature=15 18 2 21 33 13 17 2 2 12 12 38 34 38 38 39 31 2 24 38 39 31 21 24 28 25 33 0 0 0
split_gain=39.5806 33.3866 17.5026 13.7473 12.7328 9.74213 9.36838 10.0556 8.84986 6.96883 6.48827 6.41487 6.05803 5.84788 5.61584 5.51776 5.0734 4.97363 4.84802 4.79424 5.16052 4.75625 4.39368 4.91742 4.28669 4.1765 3.88472 3.86545 3.51745 3.47939
threshold=1865.5000000000002 1.0000000180025095e-35 1.8710877599610996 9.0535127314814829 0.050641025641025648 33.500000000000007 10.500000000000002 3.084352139183872 4.9736416646247781 13852.140000000001 4137.9450000000006 28.850000000000005 1.0000000180025095e-35 5.4500000000000011 67.65000000000002 113.55000000000001 5.5000000000000009 9.6923103828038588 10.271799768518521 68.850000000000009 106.95000000000002 4.5000000000000009 0.16281250000000003 7.0907233796296305 1.0000000180025095e-35 1.5000000000000002 0.41277890466531447 49283.490000000013 46258.400000000001 38051.880000000012
decision_type=2 2 2 2 2 2 2 2 2 2 2 2 2 2 2 2 2 2 2 2 2 2 2 2 2 2 2 2 2 2
left_child=5 4 11 9 16 6 7 12 -5 22 19 13 14 -3 15 25 -2 -18 -17 20 -6 -11 28 -24 -16 -1 -22 -23 -4 -19
right_child=1 2 3 8 10 -7 -8 -9 -10 21 -12 -13 -14 -15 24 18 17 29 -20 -21 26 27 23 -25 -26 -27 -28 -29 -30 -31
leaf_value=-0.01841627004300626 0.0096685045726200604 -0.03232192459399965 -0.0436063719356364 0.14006920017594701 0.010650565478001802 -0.036761604986912937 0.059324844307844599 0.054791667061705421 0.0461446495945812 -0.017763341172427668 -0.024666414667688034 -0.035816739098913641 0.047515894193859598 0.043193922641917903 -0.042706064093659152 -0.010384465352931686 -0.041312558610717011 0.047625233439495755 0.057304275688560169 -0.020201709635651769 0.1088520330783517 0.070852242019040459 -0.01608655540666297 0.07410555033755091 0.055784865300058384 0.045251274337527986 -0.016005176899047468 -0.012179234856236509 0.015340871241813339 -0.028360203462100372
leaf_weight=13.638496414525436 5.4277120442129663 3.2152323827613163 7.1448519045952725 3.1377249299548557 4.0668029570952076 4.4130765097215763 24.377503674943 15.981217322871087 11.295651853084562 2.151154998689889 6.5388250162359318 14.787416827864943 7.2789024459198108 5.8068880625069141 8.2258342879358644 3.4374129725620133 81.174131253734231 2.1195852849632493 7.5523088797926903 2.3369895024225116 2.9065465582534675 7.2635990104172361 2.5668539563193908 1.8921940885484216 0.38741019833833057 2.1455866671167305 0.4630270970519631 1.3680705176666377 3.0636307206004858 1.9983278829604385
leaf_count=1435 149 690 642 67 547 627 660 194 56 14 1182 3268 125 646 1368 173 22068 15 298 577 153 120 118 18 26 26 80 18 28 27
internal_value=0 -0.0114291 0.0170661 0.0369767 -0.0283872 0.029744 0.0336744 0.0221966 0.074316 0.0137919 0.0116921 -0.0164325 0.00901242 0.0157424 4.29899e-06 0.011405 -0.0356427 -0.0386048 0.037032 0.0360492 0.054026 0.0424922 -0.00867262 0.0287503 -0.032934 -0.00758127 0.0919585 0.0577941 -0.0261256 0.0124148
internal_weight=0 170.725 63.6933 39.8837 107.032 87.4377 83.0247 58.6472 14.4334 25.4504 16.3122 23.8095 42.666 9.02212 35.387 26.7738 90.7198 85.292 10.9897 9.77337 7.43638 10.7828 14.6675 4.45905 8.61324 15.7841 3.36957 8.63167 10.2085 4.11791
internal_count=35415 30483 5685 1081 24798 4932 4305 3645 123 958 2539 4604 3451 1336 3326 1932 22259 22110 471 1357 780 152 806 136 1394 1461 233 138 670 42
is_linear=0
shrinkage=0.05


Tree=33
num_leaves=31
num_cat=0
split_feature=19 21 5 33 38 33 14 3 41 2 31 20 31 31 19 31 21 38 39 39 17 14 10 31 2 38 14 39 23 14
split_gain=37.3464 24.2993 22.0086 19.5731 10.2401 10.7317 9.1905 8.99157 10.8947 8.86076 8.25269 6.64093 5.88553 5.7945 5.68046 5.35594 4.86558 4.63373 5.23889 4.32679 4.16709 5.22792 4.03518 3.92332 3.55522 5.59095 3.51151 3.29134 3.17983 4.35477
threshold=0.073726851851851863 0.93313657407407413 1.0000000180025095e-35 0.037749287749287756 68.850000000000009 0.35388994307400384 22583.27 -0.67095769101397196 1.0000000180025095e-35 9.6923103828038588 4.5000000000000009 2.5000000000000004 21.500000000000004 9.5000000000000018 26.787494212962965 20.500000000000004 17.164050925925931 52.150000000000013 112.85000000000001 101.65000000000002 14.500000000000002 293408.0400000001 11207.285000000002 14.500000000000002 3.5784911103162877 59.050000000000004 70086.210000000006 129.05000000000004 1.0000000180025095e-35 32242.370000000006
decision_type=2 2 2 2 2 2 2 2 2 2 2 2 2 2 2 2 2 2 2 2 2 2 2 2 2 2 2 2 2 2
left_child=1 2 12 9 5 6 -5 8 13 10 -2 23 22 -3 16 20 19 18 -17 -8 -12 -22 -1 27 25 -25 -4 -9 29 -13
right_child=3 7 26 4 -6 -7 14 11 -10 -11 15 28 -14 -15 -16 17 -18 -19 -20 -21 21 -23 -24 24 -26 -27 -28 -29 -30 -31
leaf_value=-0.039443482276402299 0.03221361881834918 0.032358020463053493 0.0040458190309514593 -0.022887687498617613 -0.036442691540427286 -0.024224716837044483 -0.032503644548563727 -2.7183509676300273e-05 0.038603640261500982 0.025274254453983153 -0.039288360272018312 -0.035345114324025005 0.039147803142477428 -0.040370651640663724 -0.026959811528056613 -0.014456372441068028 0.090653542517287702 -0.034297239734716177 0.09432356526918638 0.04980275283682329 -0.018491859593176879 0.087762014786819734 0.027503919952747109 0.1499726946814863 0.058116757111353702 0.018354497677780739 0.061574076389564372 0.055757876506949577 0.055811118987741305 0.031323850328305383
leaf_weight=28.437960373004902 4.2048242697492233 3.0381073916796586 3.8034711023792616 3.2995596951805117 6.2375022103078654 6.1218456546775988 1.4717099859844918 3.3435770852956948 23.219400159083307 6.8714177804067722 83.133575813146308 3.5388763421215099 2.1226849132217458 8.199979057768358 1.1423139488324512 1.6186578043270849 9.8254144019447249 2.1524692070670426 1.4183392606209961 4.3760212606284767 3.644752647727727 0.55445225024595846 1.7472597914747883 3.5518938524182877 9.6163594787940365 1.3555461978539822 9.0598186105489713 11.621376247378064 2.9449441537726671 4.3211363875307143
leaf_count=5598 110 227 20 427 1431 736 187 146 159 57 21444 232 148 1397 222 370 275 588 82 93 960 30 98 120 61 82 48 199 22 67
internal_value=0 0.0218543 -0.00702756 -0.0162678 0.0172168 0.0308433 0.0479564 0.0391696 0.0195787 -0.0268283 -0.0307504 0.055043 -0.0289219 -0.0196717 0.062362 -0.0339257 0.0700985 0.0132692 0.0471266 0.0273669 -0.0368486 0.00971913 -0.0348106 0.0671233 0.0865048 0.122878 0.0460827 0.044073 0.0191803 0.000705572
internal_weight=0 119.922 45.1712 136.073 32.4744 26.2369 20.115 74.7512 34.4575 103.598 96.7271 40.2937 32.3079 11.2381 16.8155 92.5222 15.6731 5.18947 3.037 5.84773 87.3328 4.1992 30.1852 29.4888 14.5238 4.90744 12.8633 14.965 10.805 7.86001
internal_count=35636 8624 5912 27012 3371 1940 1204 2712 1783 23641 23584 929 5844 1624 777 23474 555 1040 452 280 22434 990 5696 608 263 202 68 345 321 299
is_linear=0
shrinkage=0.05


Tree=34
num_leaves=31
num_cat=0
split_feature=15 3 34 14 10 25 13 31 23 14 24 38 2 40 23 13 9 40 10 21 24 39 13 13 13 21 34 21 40 0
split_gain=33.209 32.4276 9.52001 9.59366 9.34363 9.15338 8.53691 7.37325 6.9299 5.07337 4.5073 6.4391 5.01122 4.47018 4.35374 3.74191 3.70365 3.34132 3.27151 3.2686 8.13687 4.74158 3.74941 3.33497 3.26575 3.24244 4.27088 3.19333 3.14489 3.12073
threshold=1865.5000000000002 1.4472871469932787 1.0000000180025095e-35 32600.580000000005 2018.0900000000004 1.5000000000000002 33.500000000000007 6.5000000000000009 1.0000000180025095e-35 124568.73000000003 7.2735011574074084 191.75000000000003 0.96441240375717874 2.9628116603124774 1.0000000180025095e-35 8.5000000000000018 4.5000000000000009 0.21015751682157843 13031.015000000001 28.296990740740743 28.436932870370374 235.45000000000002 10.500000000000002 38.500000000000007 7.5000000000000009 28.296990740740743 1.0000000180025095e-35 32.387332175925934 0.022730671873701674 15792.705000000002
decision_type=2 2 2 2 2 2 2 2 2 2 2 2 2 2 2 2 2 2 2 2 2 2 2 2 2 2 2 2 2 2
left_child=2 5 3 4 16 7 27 -2 -7 14 11 -6 -12 18 15 17 -1 -3 19 -9 21 22 -21 -22 -20 -17 29 28 -5 -27
right_child=1 9 -4 6 10 8 -8 13 -10 -11 12 -13 -14 -15 -16 25 -18 -19 24 20 23 -23 -24 -25 -26 26 -28 -29 -30 -31
leaf_value=-0.037649010172872407 0.0046494191253848164 -0.019950662568776294 0.057571333155943344 -0.011135353683168342 -0.047879228222859692 0.0034120177975458937 -0.033829213559451565 -0.040816777749516996 0.13063390601400127 0.052103991550425138 -0.026203756158347549 0.066000075784018591 0.074215830213337872 0.062007248196638512 0.048605913798263442 -0.012203429841509466 0.035838358184244599 0.050888399389615369 0.077657616584530284 0.052508359210513125 -0.038063649089430218 0.10152771255440295 -0.033946851005898795 0.040913056972365233 -0.026141095568089141 -0.035542281170558139 0.085981292056731606 -0.01395428723678151 0.045569415389268786 0.034641823910591937
leaf_weight=13.996393088018523 14.378909199498592 1.6024966214317817 19.604795212624595 2.2423863364383569 2.7148866401985274 3.9641363134142003 3.7354876894969484 70.786083702929318 0.49565924704074849 10.44010267080739 1.0382138865534214 0.88364073610864569 4.7224782782141119 0.33765471656806667 6.3779232716187826 20.984434117795903 1.1414641886949528 5.8129115728661418 0.46748275915160664 1.1199445487000077 15.519702556775883 0.92767525068484236 2.0721816059667617 0.64821142936125475 0.81909376033581793 2.152873608050867 1.1347169927321372 2.2608290985226622 36.037352461367846 2.1828063121065497
leaf_count=1816 985 142 213 298 231 461 568 20848 5 171 129 25 141 67 102 1116 6 256 15 192 4808 146 583 191 132 243 28 227 1299 26
internal_value=0 -0.0103698 0.0275471 0.0182858 -0.00667169 -0.0253742 0.0319366 -0.0283858 0.0388882 0.0224987 0.0306726 -0.011644 0.0549189 -0.033505 0.0137423 0.0059717 -0.0302303 0.0350282 -0.0345146 -0.0357182 -0.0168468 0.0395985 0.0016755 -0.0326986 0.0290426 -0.00315215 0.0280885 0.0386649 0.0420488 -0.000337746
internal_weight=0 162.225 88.3779 68.7731 24.4971 111.537 44.2761 107.077 4.4598 50.6883 9.35922 3.59853 5.76069 92.698 40.2482 33.8702 15.1379 7.41541 92.3604 91.0738 20.2877 4.1198 3.19213 16.1679 1.28658 26.4548 5.4704 40.5406 38.2797 4.33568
internal_count=35470 30517 4953 4740 2348 28433 2392 27967 466 2084 526 256 270 26982 1913 1811 1822 398 26915 26768 5920 921 775 4999 147 1413 297 1824 1597 269
is_linear=0
shrinkage=0.05


Tree=35
num_leaves=31
num_cat=0
split_feature=23 3 15 24 16 17 31 25 14 0 33 39 0 31 15 2 34 13 24 24 12 14 15 10 13 24 2 2 39 31
split_gain=31.9424 23.4147 20.8417 12.024 10.8753 7.30797 7.30509 10.2323 8.73748 6.64101 5.89257 5.15247 4.96345 4.79058 4.47482 4.28668 4.24286 4.17321 4.16839 4.08591 3.47674 2.95396 2.90742 2.85809 2.77437 2.6132 2.6049 4.36639 4.10674 3.26609
threshold=1.0000000180025095e-35 1.1417892422569338 585.50000000000011 0.0071527777777777787 2.5000000000000004 8.5000000000000018 7.5000000000000009 2.5000000000000004 55018.375000000007 2269.3300000000004 0.048809523809523817 750.70000000000016 3174.3350000000005 18.500000000000004 31825.500000000004 19.571745490999184 1.0000000180025095e-35 31.500000000000004 0.049849537037037046 1.1787557870370373 5506.9000000000005 15375.495000000004 291.50000000000006 4341.7300000000005 12.500000000000002 13.581765046296299 1.8043217288044124 1.9221350549601548 166.05000000000004 13.500000000000002
decision_type=2 2 2 2 2 2 2 2 2 2 2 2 2 2 2 2 2 2 2 2 2 2 2 2 2 2 2 2 2 2
left_child=1 2 5 16 10 18 8 26 -4 25 11 15 13 -7 17 23 -2 19 -1 -6 -11 -12 -15 -3 -17 -10 -8 28 -28 -30
right_child=3 4 6 -5 14 12 7 -9 9 20 21 -13 -14 22 -16 24 -18 -19 -20 -21 -22 -23 -24 -25 -26 -27 27 -29 29 -31
leaf_value=0.054048958465944964 0.006806000952070252 -0.034901056116931665 -0.038015380757627733 0.085780112721379101 -0.02145010919174983 0.031843055895506588 -0.041014347137432655 0.075787215604517205 -0.011007272870347549 0.035178617746368122 -0.018252679504147204 0.038960860630237786 -0.034080903886902672 0.018399528097902764 -0.01555315602200591 0.042856287514353469 0.042278433182231907 -0.020052379947834393 -0.017564414610138544 0.054763734268305803 -0.041620591495239709 0.045162442159408518 0.15211370296578028 0.022662614412115142 -0.017507478849336278 0.074324328557505204 -0.01304293049901251 -0.029909097431143106 -0.013361359767284132 0.12448884545146632
leaf_weight=1.3643271436449129 17.805930114351213 19.29773258836941 7.4126445881556746 10.002241763286291 1.3785199895501232 13.511790916323664 74.65364559320733 1.1357831954956044 0.78477217792533149 1.42896859976463 1.7538746213540415 3.4832958395127198 1.4265538330655534 0.950284810271113 2.9402659034822127 3.1829101331531993 15.837821785360573 1.7865107615943987 14.133065546164287 24.212716123554856 2.9532065994571894 7.4053209249395877 0.69560838979668915 1.7284026297274966 2.720265943557024 4.6921932739205658 1.6974430687259876 8.7398709147237224 0.36310311895795155 0.43227215274237096
leaf_count=53 1632 2315 1004 57 56 540 22780 5 34 60 96 27 109 65 214 24 301 215 1331 753 366 201 30 44 23 82 522 2411 117 132
internal_value=0 -0.00667538 -0.0186911 0.0399508 0.0167038 0.016178 -0.0294689 -0.0353028 0.000247707 0.0298676 -0.000700875 -0.0113895 0.0382849 0.0467833 0.0387178 -0.0190641 0.024243 0.0448889 -0.00836581 0.0500061 -0.0146943 0.0324178 0.111044 -0.0293551 0.0165332 0.0622858 -0.0376272 -0.0136032 0.0357609 0.0891674
internal_weight=0 206.265 136.376 43.646 69.8898 32.0816 104.294 87.0221 17.2718 9.85914 39.5718 30.4126 16.5842 15.1577 30.318 26.9293 33.6438 27.3777 15.4974 25.5912 4.38218 9.1592 1.64589 21.0261 5.90318 5.47697 85.8863 11.2327 2.49282 0.795375
internal_count=35599 33609 29641 1990 3968 2128 27513 25967 1546 542 2730 2433 744 635 1238 2406 1933 1024 1384 809 426 297 95 2359 47 116 25962 3182 771 249
is_linear=0
shrinkage=0.05


Tree=36
num_leaves=31
num_cat=0
split_feature=19 21 5 25 31 2 0 9 19 0 23 10 14 0 10 31 0 21 14 12 2 10 21 12 12 33 24 0 2 31
split_gain=42.1007 27.5482 25.9811 14.9892 13.769 13.9028 9.5682 9.25301 7.07921 5.63849 5.59367 4.5099 4.28109 8.17227 5.05857 3.83365 3.63873 3.42768 3.22244 3.19458 2.83844 3.09129 2.67126 3.6024 3.11095 3.27084 2.61284 2.42492 2.70208 2.34687
threshold=0.073726851851851863 0.93313657407407413 1.0000000180025095e-35 1.5000000000000002 7.5000000000000009 9.6923103828038588 2001.1600000000001 1.5000000000000002 10.185746527777779 90.210000000000022 1.0000000180025095e-35 3512.3300000000004 293408.0400000001 2553.4050000000002 17459.105000000003 9.5000000000000018 46258.400000000001 37.545688657407418 81455.680000000008 14775.510000000004 0.2278905792677067 1302.8100000000002 7.1611284722222228 6931.1250000000009 35421.575000000004 0.081666666666666679 2.2514351851851857 688.38000000000011 0.63396643257766472 20.500000000000004
decision_type=2 2 2 2 2 2 2 2 2 2 2 2 2 2 2 2 2 2 2 2 2 2 2 2 2 2 2 2 2 2
left_child=1 2 11 4 8 12 7 9 22 -3 18 -1 14 -14 -6 27 -7 -9 -5 26 -10 -22 24 -24 -2 -26 -13 -11 -29 -17
right_child=3 6 -4 10 5 16 -8 17 20 15 -12 19 13 -15 -16 29 -18 -19 -20 -21 21 -23 23 -25 25 -27 -28 28 -30 -31
leaf_value=-0.043593413851463397 -0.026304358812934626 0.038251535961140545 0.047231076635873781 -0.016991295148155745 -0.042684109554080037 0.051088041394611573 0.062075520657224117 0.051867659170997227 0.042902133265187214 -0.028017629562263332 0.077626110981861798 -0.023111279102285359 0.10651873770544158 -0.02709393095678202 0.041760067632687463 -0.044073234824660024 -0.015445635188594481 -0.005150759013938056 0.046095535573275608 -0.03293031236064816 -0.037195314630952138 0.015618842934620753 0.079237704966216529 -0.013978306149645115 0.088521887279776432 -0.021968241530981713 0.063564522594010686 0.067677425256504511 -0.012492179826606852 0.022131900227210108
leaf_weight=24.918620389420543 2.2446151496842526 5.1220209416933384 12.740946304053066 4.8042243465315533 81.832627835450694 4.9469441864639512 30.017512968275696 20.01973202126101 1.0462080787401635 1.2067984617315222 3.6319229416549206 0.64981281687505488 0.56751795182935838 3.3085080599412322 1.0577095428016026 8.3043795453850144 2.5622423347085714 2.8181351935490957 2.1253977781161666 1.626176399644464 7.8825500996317697 3.3564640276599675 4.3010954009369016 0.9538022179622202 0.67456202767789342 0.58171228528954089 1.8133247634395955 1.7026005701627585 1.2832405210938302 0.94034132547676641
leaf_count=5379 227 205 73 356 23935 32 416 161 18 193 21 59 57 838 105 1522 31 18 97 175 914 138 108 62 9 60 74 24 58 96
internal_value=0 0.0221519 -0.0099807 -0.0196989 -0.0249694 -0.0330691 0.040815 0.0242982 0.0111754 -0.00206555 0.0350302 -0.035846 -0.0387332 0.0103026 -0.0411216 -0.0190185 0.0292386 0.0449108 0.00573112 0.0106532 -0.0131394 -0.0214352 0.0431412 0.0627885 0.00625219 0.0502988 0.0406274 0.0178239 0.0387327 -0.0358361
internal_weight=0 113.164 41.7489 125.878 115.317 94.2755 71.4148 41.3972 21.041 18.5594 10.5615 29.0079 86.7664 3.87603 82.8903 13.4374 7.50919 22.8379 6.92962 4.08931 12.2852 11.239 8.75579 5.2549 3.50089 1.25627 2.46314 4.19264 2.98584 9.24472
internal_count=35461 8453 5760 27008 26534 24998 2693 2277 1536 2098 474 5687 24935 895 24040 1893 63 179 453 308 1070 1052 466 170 296 69 133 275 82 1618
is_linear=0
shrinkage=0.05


Tree=37
num_leaves=31
num_cat=0
split_feature=15 3 18 25 31 38 2 39 20 5 24 0 31 0 24 38 38 23 15 38 4 10 31 41 23 3 39 38 38 33
split_gain=27.2818 32.7482 10.8382 10.1167 8.44131 7.91928 7.35081 6.12431 5.60837 6.44046 4.60007 4.49786 4.21977 4.1687 3.79158 4.04136 4.06385 3.7174 3.66013 6.40373 4.31994 3.53362 3.3252 3.24323 3.2427 3.18468 3.09248 2.97628 4.27219 3.06789
threshold=791.50000000000011 1.0609047966360006 1.0000000180025095e-35 2.5000000000000004 7.5000000000000009 60.050000000000004 3.8480422997287929 38.850000000000001 1.5000000000000002 1.0000000180025095e-35 6.9278761574074084 46258.400000000001 11.500000000000002 90.210000000000022 26.923888888888893 52.150000000000013 18.950000000000003 1.0000000180025095e-35 178.50000000000003 9.3500000000000032 1.0000000180025095e-35 3512.3300000000004 18.500000000000004 1.0000000180025095e-35 1.0000000180025095e-35 3.8853203711202711 175.05000000000004 5.4500000000000011 60.050000000000004 0.29520697167755999
decision_type=2 2 2 2 2 2 2 2 2 2 2 2 2 2 2 2 2 2 2 2 2 2 2 2 2 2 2 2 2 2
left_child=5 3 6 4 27 7 17 -1 9 24 26 -10 -11 23 25 16 -16 -3 19 -9 22 -21 -20 -6 -4 -8 -7 -2 29 -29
right_child=1 2 8 -5 13 10 14 18 11 12 -12 -13 -14 -15 15 -17 -18 -19 20 21 -22 -23 -24 -25 -26 -27 -28 28 -30 -31
leaf_value=-0.025596920295308141 -0.042511126386711007 -0.04210345522361824 -0.013754343497147393 0.065945874396647494 -0.027691233772407349 0.050237979879375221 -0.01439067922528625 0.042652572265062381 0.081791414885298383 0.0024114906643568053 -0.029399657352990584 0.0027974786430529351 0.065266943055057258 -0.036449790555642243 -0.019133351927125307 -0.013372669906473515 0.096521230872043229 0.044075901161704699 0.047635807836220984 -0.030971489174472146 -0.015111916611872299 0.026848560495794489 0.10163484071995024 0.058321851724511965 0.037113646475565497 0.044185408811651734 -0.013843659752566252 0.035520462010120823 -0.029490144862099416 -0.02931175597558713
leaf_weight=3.0028233171906313 1.9944711206480885 10.288956942036748 10.810745462076737 2.0473563224077216 1.2082903643604359 3.5794725064188224 8.4584721608553064 19.78081902675331 8.4785388524178398 3.777751289308072 7.445720634656027 2.3145685568451873 8.8065404519438726 79.020752776646987 0.59196467511355821 1.4412972715217618 2.6284257438965142 0.59260897152125913 19.728161756880588 5.3127676241565478 1.6567998137325037 3.587886253837496 4.0488814348354927 1.3799244314432144 3.2641439805738637 2.0747221410274497 2.604999772971496 10.412104339571668 3.791134287370368 1.3899607989005733
leaf_count=495 296 2875 572 10 225 148 488 122 145 23 986 14 45 26183 61 127 69 139 443 410 14 96 80 9 36 10 206 335 749 224
internal_value=0 -0.00758719 0.0203577 -0.0251497 -0.0276693 0.0293221 -0.00436729 0.0373714 0.0372386 0.0234054 -0.00465778 0.0665249 0.0479645 -0.0343678 0.0177129 0.0507117 0.0757656 -0.0340955 0.0412664 0.0274251 0.0552472 -0.00730635 0.0605619 0.0216407 -0.00027802 -2.21954e-05 0.0250759 0.00358946 0.0116926 0.0261918
internal_weight=0 164.773 63.5287 101.244 99.1966 70.7483 26.0764 57.1181 37.4523 26.6592 13.6302 10.7931 12.5843 81.609 15.1949 4.66169 3.22039 10.8816 54.1153 28.6815 25.4338 8.90065 23.777 2.58821 14.0749 10.5332 6.18447 17.5877 15.5932 11.8021
internal_count=35635 32635 4604 28031 28021 3000 3769 1660 835 676 1340 159 68 26417 755 257 130 3014 1165 628 537 506 523 234 608 498 354 1604 1308 559
is_linear=0
shrinkage=0.05


Tree=38
num_leaves=31
num_cat=0
split_feature=19 25 21 5 33 19 21 10 15 0 38 19 17 32 21 38 10 2 24 38 3 17 13 24 38 24 19 2 19 13
split_gain=26.6946 16.4655 13.701 16.2708 12.4788 7.86421 10.9184 6.7305 6.62909 6.61539 14.4742 6.48411 7.29488 5.02121 4.73894 4.67093 4.18431 3.72092 3.57564 3.51039 3.46618 3.27921 3.67192 3.25299 3.10782 3.06902 2.86379 2.76474 2.73636 2.8108
threshold=0.073726851851851863 1.5000000000000002 3.305439814814815 1.0000000180025095e-35 0.037749287749287756 20.769866898148152 17.164050925925931 3437.7200000000007 1631.5000000000002 630.12000000000012 10.250000000000002 7.638964120370372 8.5000000000000018 1.0000000180025095e-35 5.0341550925925933 68.850000000000009 17459.105000000003 0.01664170781265813 16.182511574074077 12.050000000000002 2.1378119330449716 7.5000000000000009 5.5000000000000009 18.604103009259262 24.450000000000003 41.326979166666675 39.976412037037043 19.571745490999184 26.384340277777785 9.5000000000000018
decision_type=2 2 2 2 2 2 2 2 2 2 2 2 2 2 2 2 2 2 2 2 2 2 2 2 2 2 2 2 2 2
left_child=2 4 3 7 8 6 18 -1 11 10 17 12 -2 26 -14 24 20 -4 -6 -11 -13 22 -9 -15 -8 -7 27 -10 29 -3
right_child=1 28 9 -5 5 25 15 21 13 19 -12 16 14 23 -16 -17 -18 -19 -20 -21 -22 -23 -24 -25 -26 -27 -28 -29 -30 -31
leaf_value=-0.030658442681468331 -0.017405274773645531 -0.0052379020658862227 0.007074703038005785 0.042899060956158197 -0.024881697025152263 -0.034259855018035794 0.0097849455609915308 -0.025224475073345787 -0.041884406718498204 -0.017915123462330578 -0.041380705908663634 -0.04213152591992686 -0.019559621175541917 0.048316096800537243 0.10450890620534842 -0.020005681311649669 0.050727311171687377 0.050077656169261936 0.030338458965143807 0.051967277026757047 0.027818150927867109 -0.02322091961786138 0.064112092488365052 -0.024268847173925273 0.11260005967466782 0.043042944835002234 0.027259658301072704 0.031349592513372902 -0.024364734704584737 0.057014711075848525
leaf_weight=26.327722734073177 2.9665956979151842 2.006827503209931 7.943143238546333 14.037944800220428 5.765946620609613 8.0054534545633906 1.100700715323909 0.9353131155949076 60.714680773904547 1.4249261505901802 7.2119068377651265 9.6926357313059217 0.63015234237536821 2.1231779041700056 2.4815468594897538 0.66081884852610517 0.85329836583696383 14.722544536460189 4.1738855489529669 35.325752524659038 1.4014195324853069 1.9211175483651457 3.5542943764012307 2.175593311432749 3.9788165502250195 0.62551734992303032 0.93968321266583998 0.63394126296043296 0.91390634560957629 9.3162770669441652
leaf_count=5913 552 89 56 79 1010 1577 87 102 19891 90 1182 2086 91 55 86 179 64 304 272 602 19 101 146 69 131 20 334 3 116 287
internal_value=0 -0.0131785 0.0204339 -0.000363666 -0.0194289 0.0117737 0.0321678 -0.019636 -0.0284269 0.0348244 0.0165429 -0.00140617 0.0371456 -0.0356126 0.0807373 0.0812933 -0.0223738 0.0359431 -0.00104028 0.048855 -0.0317258 0.0236599 0.0442961 0.0139338 0.0955948 -0.0247699 -0.0391981 -0.040637 0.0397218 0.0464518
internal_weight=0 121.161 113.405 46.7764 108.924 24.3111 15.6802 32.7384 84.6127 66.6283 29.8776 18.0256 6.07829 66.5871 3.1117 5.74034 11.9474 22.6657 9.93983 36.7507 11.0941 6.41073 4.48961 4.29877 5.07952 8.63097 62.2883 61.3486 12.237 11.3231
internal_count=35593 27018 8575 6341 26526 3276 1679 6262 23250 2234 1542 2898 729 20352 177 397 2169 360 1282 692 2105 349 248 124 218 1597 20228 19894 492 376
is_linear=0
shrinkage=0.05


Tree=39
num_leaves=31
num_cat=0
split_feature=19 15 15 20 3 2 15 2 38 31 16 38 46 33 33 19 19 13 15 31 24 24 13 39 20 20 1 39 38 38
split_gain=25.9669 14.6806 10.4946 9.58314 9.05468 7.55033 16.861 5.73879 5.4132 5.1758 4.26047 3.91259 3.81853 3.7892 3.50718 4.62029 3.44209 3.38679 3.92254 3.60886 3.62855 3.38487 6.54572 5.22993 3.22255 3.13835 3.04121 2.90507 2.9055 2.77847
threshold=0.87139467592592601 585.50000000000011 178.50000000000003 1.0000000180025095e-35 2.9259036246439343 1.8361238198222758 651.50000000000011 3.7080359877045295 60.050000000000004 6.5000000000000009 2.5000000000000004 14.750000000000002 1.0000000180025095e-35 0.088932806324110686 0.33854166666666669 20.769866898148152 14.345347222222225 21.500000000000004 28014.000000000004 11.500000000000002 7.0907233796296305 7.9596759259259269 12.500000000000002 198.35000000000005 3.5000000000000004 1.5000000000000002 6.9404789705745413 602.45000000000016 529.1500000000002 188.95000000000002
decision_type=2 2 2 2 2 2 2 2 2 2 2 2 2 2 2 2 2 2 2 2 2 2 2 2 2 2 2 2 2 2
left_child=3 2 12 -1 9 6 10 21 11 26 -5 -4 24 27 15 16 -15 19 -19 -9 -21 23 -23 -7 -2 -24 -3 -11 -29 -25
right_child=1 4 8 5 -6 7 -8 17 -10 13 -12 -13 -14 14 -16 -17 -18 18 -20 20 -22 22 25 29 -26 -27 -28 28 -30 -31
leaf_value=-0.042425856678552448 -0.042656137022522092 0.034257575377268715 -0.024348558438586715 -0.0096315500106461758 0.027993412692310562 -0.003590888255305714 -0.024929354778284202 0.0046307764395345915 -0.030161646018550925 -0.039646869084738585 0.03847970915986041 0.063363319449716321 0.0615412305524927 -0.002841951657034476 -0.033740390284159184 -0.026479054754344734 0.11920901022537107 -0.046942702294065837 0.031498908003188456 0.0094898868352866449 0.05210132160205197 0.1299402582987248 -0.027920402633446459 0.093749864347709821 0.030432299412108774 0.055742829888469736 -0.015177972789749786 0.08501275714443049 -0.022151851689033289 -0.015067631095372703
leaf_weight=5.4086558346170923 7.483673888258636 3.3663633090909562 0.89673923584632476 5.1013895573560175 6.5733599215745917 4.4165500018279982 22.449285390553996 10.980184790911151 1.4870575554668892 64.517964537255466 26.575217664940283 11.433092611841856 0.321300901006908 0.80482602864503794 2.044299895176664 1.1145952565129844 0.70544854504987597 2.6467713552992782 1.9201139570213852 7.7184606203809407 16.505825716070831 3.093758539063856 1.2301668473519387 2.1667608255520467 1.0840608503203837 1.445841761305928 9.8262263317592424 0.11013195267878373 0.76652750000357628 0.41412028041668225
leaf_count=1772 1121 243 125 205 61 405 5397 117 292 21950 331 276 17 170 582 320 112 45 19 109 160 152 262 76 56 23 635 22 215 56
internal_value=0 -0.0163486 0.0189599 0.0175026 -0.0253838 0.0209073 0.00757802 0.0342412 0.0449896 -0.0298804 0.0306739 0.055636 -0.021958 -0.0352201 0.00696173 0.0392243 0.0789458 0.0238178 -0.0142286 0.02901 0.0394387 0.0626228 0.0895179 0.032026 -0.0311942 0.0201498 -0.00103851 -0.0382913 0.0294372 0.0769576
internal_weight=0 112.536 22.7059 112.073 89.8297 106.664 54.1259 52.5386 13.8169 83.2564 31.6766 12.3298 8.88904 70.0638 4.66917 2.62487 1.51027 39.7714 4.56689 35.2045 24.2243 12.7672 5.76977 6.99743 8.56773 2.67601 13.1926 65.3946 0.876659 2.58088
internal_count=35326 26197 1887 9129 24310 7357 5933 1424 693 24249 536 401 1194 23371 1184 602 282 450 64 386 269 974 437 537 1177 285 878 22187 237 132
is_linear=0
shrinkage=0.05


Tree=40
num_leaves=31
num_cat=0
split_feature=23 14 10 2 19 21 38 24 6 15 12 39 10 19 21 0 40 24 24 24 26 3 38 0 38 0 24 13 15 15
split_gain=22.4828 19.2663 14.7108 14.064 12.5972 14.5686 13.0981 9.13036 6.83582 8.32318 7.9112 5.88835 5.63139 4.80178 6.58975 4.27173 4.33731 3.9167 3.75219 3.78917 3.50364 3.37802 3.33702 3.31418 3.17863 4.6226 3.87992 3.77732 3.71032 3.17973
threshold=1.0000000180025095e-35 44769.975000000006 6875.8600000000015 2.5603883708496444 21.268032407407411 15.026660879629631 58.45000000000001 1.0000000180025095e-35 1.5000000000000002 1865.5000000000002 6931.1250000000009 651.30000000000007 2588.5900000000006 13.74258101851852 18.528153935185191 38051.880000000012 0.08303899683108458 0.80214120370370379 15.999432870370372 18.909074074074077 1.0000000180025095e-35 2.0262601809877228 8.4500000000000011 1511.9850000000004 58.45000000000001 46258.400000000001 7.0907233796296305 20.500000000000004 52651.500000000007 157235.00000000003
decision_type=2 2 2 2 2 2 2 2 2 2 2 2 2 2 2 2 2 2 2 2 2 2 2 2 2 2 2 2 2 2
left_child=1 2 3 -1 5 8 12 13 9 10 18 24 15 14 20 16 -7 -4 -3 -20 -2 -12 -9 -6 26 -26 -5 28 -28 -30
right_child=7 4 17 11 23 6 -8 22 -10 -11 21 -13 -14 -15 -16 -17 -18 -19 19 -21 -22 -23 -24 -25 25 -27 27 -29 29 -31
leaf_value=-0.037285346387969105 -0.022133594629667613 0.0058162024435748716 -0.019623059631396395 -0.036749989058265632 0.010982561272082384 0.0072108562171310231 -0.0092639611139958868 0.028748566502615754 0.036124230068552393 -0.028790561443439219 -0.016300353274630416 0.054443293469708103 0.0087897058102671486 -0.040584169309356724 0.066745308716087984 -0.015961261043113947 0.095510476903022834 0.083921376682803125 0.1731364139943157 0.0023747417712701889 0.056652673078397137 0.045357276477577826 0.070659247844275172 -0.042038806569925369 -0.041021512066439517 0.033731350238878376 0.045660384604060744 -0.038326785902891562 -0.038811684059254462 0.041774344330748454
leaf_weight=67.237605240661651 6.6187147512100619 0.91727913590148336 0.74819854926317875 2.8990770319942483 3.4492522827349594 1.7268877695314664 6.913725043879821 10.479762226343157 9.825668254401533 19.761847825022414 7.0611719794105721 3.8060082285664967 3.5216938727535299 3.4936106728855512 3.6503468649461865 0.77959790150635022 13.562879428034647 3.191034433664754 0.50973375560715795 0.44985936442390084 0.74692694190889586 2.0666788099333644 13.191820816602556 10.858000865904613 8.5018672570586187 1.8276137937791634 8.5438167047686857 1.5497864929493506 2.4675728790462013 0.93685076013207425
leaf_count=20232 885 86 35 254 705 324 1068 67 90 4114 656 35 155 865 90 19 681 67 15 41 15 18 81 3091 940 17 382 172 258 56
internal_value=0 -0.00620562 -0.0206263 -0.0246625 0.0118437 0.0209349 0.0490314 0.035506 0.00185141 -0.00988664 0.0236307 0.0034358 0.0690548 0.0037627 0.0200339 0.0809735 0.0865924 0.0642635 0.095932 0.135147 -0.00832709 0.000759909 0.0540221 -0.0293738 -0.00552954 -0.0259855 0.00810977 0.0196149 0.02951 -0.0121859
internal_weight=0 183.114 101.709 97.7702 81.4043 67.097 26.5048 38.1812 40.5922 30.7666 11.0047 30.5326 19.5911 14.5096 11.016 16.0694 15.2898 3.93923 1.87687 0.959593 7.36564 9.12785 23.6716 14.3073 26.7266 10.3295 16.3971 13.498 11.9482 3.40442
internal_count=35514 33511 22448 22346 11063 7267 2247 2003 5020 4930 816 2114 1179 1855 990 1024 1005 102 142 56 900 674 148 3796 2079 957 1122 868 696 314
is_linear=0
shrinkage=0.05


Tree=41
num_leaves=31
num_cat=0
split_feature=41 3 25 39 38 5 9 38 39 38 14 32 39 0 0 40 13 39 21 14 33 39 21 24 15 14 2 3 40 0
split_gain=23.1714 27.6757 18.9495 7.36647 7.11671 10.0497 6.50259 5.25101 5.19654 5.04689 5.1623 5.026 4.45597 3.85841 4.50405 4.99573 3.71591 3.46613 3.38402 3.36934 3.30187 3.59439 2.98354 2.90058 2.8357 2.77867 2.68945 2.61947 2.61837 2.54755
threshold=1.0000000180025095e-35 1.0914268598658898 1.5000000000000002 750.70000000000016 59.550000000000004 1.0000000180025095e-35 1.5000000000000002 55.850000000000001 127.65000000000002 30.750000000000004 137985.50000000003 1.0000000180025095e-35 74.950000000000017 630.12000000000012 1529.5200000000002 0.89336880286019371 8.5000000000000018 63.250000000000007 3.9357754629629631 18663.425000000003 0.31414473684210531 138.85000000000005 4.2802430555555562 8.0357291666666679 178.50000000000003 165107.13500000004 19.571745490999184 3.8853203711202711 1.0563893659412036 24211.650000000005
decision_type=2 2 2 2 2 2 2 2 2 2 2 2 2 2 2 2 2 2 2 2 2 2 2 2 2 2 2 2 2 2
left_child=1 2 6 4 8 -6 11 16 9 10 26 -1 23 -8 15 18 -4 -18 -15 -10 21 -13 -2 -11 -19 -24 -3 -14 -16 -5
right_child=22 3 7 29 5 -7 13 -9 19 12 -12 20 27 14 28 -17 17 24 -20 -21 -22 -23 25 -25 -26 -27 -28 -29 -30 -31
leaf_value=-0.03514914375180981 -0.0040740485330522875 -0.034636429709119933 -0.02535925969583866 0.096675928937616229 -0.030858870979341632 0.034382080533829164 -0.037594800901239692 -0.029190846862811287 0.00083121134099929314 -0.0052430916208043785 0.040046267723890153 -0.013733430268665673 -0.0030970267781276197 -0.018320188577392232 -0.0388058929987809 -0.022634674580468278 -0.019372902310861917 -0.0086011863313327133 0.085850392682559576 0.062988622796578603 -0.039094198547520588 0.040631786095218059 0.048841278104585557 0.091747959863423656 0.089035796570994863 0.0022998702012369684 0.020069227505144845 0.052352208778264409 0.023066469170937322 0.023229218715207625
leaf_weight=77.027229242492467 3.4266303973272434 8.8748084064573067 0.65057584689929893 3.0575070527847847 14.963091741548851 8.3936580636072904 2.826768201775848 1.3656125685665754 2.7035586454439899 0.82409308874048237 3.4518859540112308 5.7672922308556718 7.0922499950975162 0.56365938275120964 2.8977166214026511 1.4081126800738273 0.60648682969622303 0.64490350149571884 3.6526146181859076 10.875079857185481 3.3691263138316563 4.6705779219046235 28.928161885589361 3.0427430756390095 6.066444652620703 3.7057397807948282 2.1890374086797229 1.9839077498763797 2.1667966078966856 2.8316066488623619
leaf_count=27111 201 1262 49 28 1880 96 479 267 132 27 106 132 545 97 375 124 83 9 230 246 637 102 706 76 129 89 19 12 98 17
internal_value=0 -0.00407248 -0.0192594 0.0204181 0.0148974 -0.00696437 -0.0254554 0.0457696 0.0272098 0.0138009 -0.00642865 -0.0302276 0.0353225 0.00648963 0.020367 0.0477441 0.0604387 0.0701981 0.0710818 0.0515188 -0.00225163 0.0120186 0.0392471 0.0742473 0.079755 0.0437818 -0.0230463 0.0130161 -0.0128959 0.0698593
internal_weight=0 183.967 113.684 70.2832 64.3941 23.3567 104.35 9.33402 41.0374 27.4587 14.5157 90.8342 12.943 13.5157 10.6889 5.62439 7.96841 7.31783 4.21627 13.5786 13.807 10.4379 36.0605 3.86684 6.71135 32.6339 11.0638 9.07616 5.06451 5.88911
internal_count=35364 34368 29922 4446 4401 1976 29385 537 2425 2047 1387 27982 660 1403 924 451 270 221 327 378 871 234 996 103 138 795 1281 557 473 45
is_linear=0
shrinkage=0.05


Tree=42
num_leaves=31
num_cat=0
split_feature=19 33 3 9 3 3 31 3 39 12 33 38 39 31 9 40 19 19 13 17 17 3 24 39 31 0 10 31 0 40
split_gain=23.1483 13.4579 9.22332 13.2513 7.18016 6.42271 7.33223 5.69673 6.75217 5.33171 5.14239 5.2258 5.46633 4.01822 4.76917 3.94318 3.77353 4.49652 3.52423 3.38247 3.29862 3.14749 3.67542 7.57305 4.62096 3.13442 2.96006 2.77505 2.64885 2.55722
threshold=0.073726851851851863 0.037749287749287756 1.0289256920261063 2.5000000000000004 1.2657877042353836 2.1378119330449716 7.5000000000000009 2.0262601809877228 156.45000000000002 35421.575000000004 0.35388994307400384 60.050000000000004 73.15000000000002 18.500000000000004 1.0000000180025095e-35 2.5156732073457699 7.1761226851851863 6.2211284722222233 21.500000000000004 8.5000000000000018 8.5000000000000018 -0.37254323953508067 0.31092592592592599 154.05000000000004 7.5000000000000009 90.210000000000022 3512.3300000000004 11.500000000000002 4038.1400000000008 0.65068080507125436
decision_type=2 2 2 2 2 2 2 2 2 2 2 2 2 2 2 2 2 2 2 2 2 2 2 2 2 2 2 2 2 2
left_child=2 5 3 15 10 6 9 8 -4 25 11 12 -3 -8 -15 21 17 -16 27 -6 -7 22 23 -1 -24 -2 -23 29 -27 -9
right_child=1 4 7 -5 19 20 13 18 -10 -11 -12 -13 -14 14 16 -17 -18 -19 -20 -21 -22 26 24 -25 -26 28 -28 -29 -30 -31
leaf_value=0.053840303773824677 0.053932745479440658 -0.033357371981536037 0.022147899290738023 0.036667058417078867 0.013630257422544943 -0.011724612944515558 -0.04077967543727859 -0.016101766941711847 0.090043235480550543 0.072213531481291754 -0.036980173595513713 -0.037265498892329746 0.044211175302383485 -0.030375983581095223 -0.015493424963076798 0.048656957584548015 -0.00018500637872804397 0.13992144533316483 -0.018465661060285896 0.081848590742936683 0.04139243889844621 -0.042980665206622734 0.027395650845775756 -0.040832040679559332 -0.033635710401222325 -0.040852132348972878 0.014248894739533453 0.037327002404232493 0.020457292055433913 0.031831549572792113
leaf_weight=5.0897791883908239 0.66400817036628534 2.0756199073512169 7.9491504796314967 19.963740042643622 3.6720349795650682 5.9000065915752185 52.690543873235583 5.6553707432467508 7.5196196616161615 1.7099414519034324 5.7650744097772977 2.8756624052766702 10.017459257738663 6.5928284390829486 0.44471197994425926 1.517161645926534 3.0518650324083865 0.31157862022519112 4.1071204198524347 3.8457603733986616 4.2170308954082429 12.200648319674654 3.3449173658154896 2.3551893816329539 10.97114655212499 4.4648302597925067 2.21825695503503 20.750289174495265 1.8655177191831169 3.8040741733275354
leaf_count=386 3 410 555 184 199 215 19317 66 237 38 1198 910 547 2648 109 42 534 23 53 117 93 3548 154 206 2611 581 173 213 91 38
internal_value=0 -0.0139764 0.0184935 0.00472019 0.0153905 -0.0241685 -0.0293826 0.0340384 0.0586163 0.0124491 -0.000464801 0.0150339 0.0293667 -0.035258 -0.00616217 -0.0127087 0.0333568 0.091747 0.0216136 0.0540398 0.0121476 -0.0165214 -0.00407494 0.0226024 -0.0185182 -0.0093672 -0.0338232 0.0274796 -0.0224586 0.00437479
internal_weight=0 110.164 107.446 57.6608 28.2516 81.9129 71.7958 49.7856 15.4688 8.7043 20.7338 14.9687 12.0931 63.0915 10.401 37.6971 3.80816 0.756291 34.3169 7.5178 10.117 36.1799 21.761 7.44497 14.3161 6.99436 14.4189 30.2097 6.33035 9.45944
internal_count=35499 27033 8466 7304 3381 23652 23344 1162 792 713 3065 1867 957 22631 3314 7120 666 132 370 316 308 7078 3357 592 2765 675 3721 317 672 104
is_linear=0
shrinkage=0.05


Tree=43
num_leaves=31
num_cat=0
split_feature=19 40 38 39 3 15 13 13 0 6 39 40 10 13 9 25 13 38 0 4 12 40 15 31 31 10 0 31 39 3
split_gain=18.0985 12.2646 16.1402 17.5538 11.0746 8.11101 5.70627 5.72816 5.44972 5.1825 7.34374 6.40667 5.02032 4.00827 4.00521 5.1071 8.17653 6.87025 6.84517 5.67744 4.41874 3.98522 3.58076 3.08715 3.06623 3.07817 2.93111 2.87656 2.90533 2.70526
threshold=22.775590277777781 0.022730671873701674 59.050000000000004 221.45000000000002 0.72341468225539651 2550.5000000000005 33.500000000000007 4.5000000000000009 31310.120000000003 1.0000000180025095e-35 750.70000000000016 2.9628116603124774 589.25000000000011 13.500000000000002 1.5000000000000002 1.5000000000000002 9.5000000000000018 41.050000000000004 1316.2450000000001 1.0000000180025095e-35 110473.46500000001 0.54616525602169574 178.50000000000003 12.500000000000002 8.5000000000000018 24226.820000000003 1168.5000000000002 21.500000000000004 170.95000000000002 -0.64203335073892809
decision_type=2 2 2 2 2 2 2 2 2 2 2 2 2 2 2 2 2 2 2 2 2 2 2 2 2 2 2 2 2 2
left_child=1 8 3 6 12 -5 7 -3 -1 10 11 -6 -4 -12 15 16 17 21 -19 -20 24 -9 -16 -7 -18 27 -17 28 -26 -14
right_child=-2 2 4 5 9 23 -8 14 -10 -11 13 -13 29 -15 22 26 20 18 19 -21 -22 -23 -24 -25 25 -27 -28 -29 -30 -31
leaf_value=-0.037073349586995444 -0.031780281591750427 -0.036898985251004865 -0.042786549165947846 0.039772476706501775 -0.023500617326393781 0.04894918277139948 -0.04198763877881375 -0.02789764661811004 0.025101885824648784 0.042771584390617262 0.081000497368775431 0.060522286238193959 -0.030147390630766043 -0.0067083068677555148 0.024005599278187965 -0.0093123941677592265 0.0115224633905236 -0.021240962373273647 0.14479495324290895 -0.016588146055142292 0.058593418677082669 0.039233555914763046 0.065951487920611826 0.16567016745637425 -0.034245775449557779 0.052235904334513222 0.064100340078917115 0.024237712795737311 0.027672568275305433 0.020461681588341572
leaf_weight=17.640827452531088 31.06197858415544 3.2680973827373228 18.999206812353808 7.2147231034468842 17.456072797998793 2.0998416086658835 2.8974009011872104 2.810928011313079 3.6009413127321741 9.3680148837156576 2.7319800790864965 1.6196678997948755 3.2322442391887307 1.7817331976257262 16.242468577343974 1.3915936867706467 12.652988903457297 0.73065682011656496 2.3253176105208699 0.42397276451811183 1.7231407419312734 4.4604146995116025 8.1182305186521244 2.3441635894123465 17.894913324154924 0.5339135944377621 6.1622902192175388 2.1655055871233335 1.3619315603282292 6.0272685554809851
leaf_count=5584 9993 800 7116 55 2415 40 564 428 91 104 24 17 592 25 230 46 490 241 245 11 48 480 187 56 4130 7 101 144 210 997
internal_value=0 0.00899333 0.0138137 0.0264203 -0.00622975 0.0815629 0.0180124 0.0206045 -0.0258786 0.013308 0.000343672 -0.0137071 -0.0286922 0.0514411 0.0234148 0.0154189 0.00875633 0.0450183 0.0939983 0.122121 -0.00289256 0.0130469 0.0400335 0.12964 -0.00751333 -0.0185074 0.0510685 -0.0225215 -0.0287167 0.00157889
internal_weight=0 179.28 158.039 96.8225 61.2162 11.6587 85.1638 82.2664 21.2418 32.9575 23.5895 19.0757 28.2587 4.51371 78.9983 54.6376 47.0837 10.7513 3.47995 2.74929 36.3324 7.27134 24.3607 4.44401 34.6093 21.9563 7.55388 21.4224 19.2568 9.25951
internal_count=35471 25478 19803 8513 11290 151 8362 7798 5675 2585 2481 2432 8705 49 6998 6581 6434 1405 497 256 5029 908 417 96 4981 4491 147 4484 4340 1589
is_linear=0
shrinkage=0.05


Tree=44
num_leaves=31
num_cat=0
split_feature=23 2 31 24 19 24 9 21 24 21 0 5 34 0 21 19 6 39 19 12 39 18 2 2 21 31 39 11 12 33
split_gain=17.5804 13.3984 10.0751 9.27164 5.5076 5.71461 5.42243 5.23834 4.9447 5.6086 5.22509 4.4806 4.13439 3.89046 3.82788 5.63876 3.80745 4.5431 3.59433 3.47881 3.35415 3.21675 3.17492 3.11808 3.27922 3.07152 2.75936 2.61191 2.69425 2.60716
threshold=1.0000000180025095e-35 3.084352139183872 7.5000000000000009 0.4439583333333334 10.686770833333336 32.388535879629636 1.5000000000000002 7.1611284722222228 7.1784664351851859 7.9654456018518527 3652.2100000000005 1.0000000180025095e-35 1.0000000180025095e-35 2001.1600000000001 4.9303182870370383 7.1761226851851863 1.5000000000000002 268.95000000000005 26.787494212962965 35421.575000000004 417.60000000000008 1.0000000180025095e-35 0.01664170781265813 9.6923103828038588 1.0000000180025095e-35 21.500000000000004 112.85000000000001 2.5000000000000004 3078.6400000000003 0.065591397849462371
decision_type=2 2 2 2 2 2 2 2 2 2 2 2 2 2 2 2 2 2 2 2 2 2 2 2 2 2 2 2 2 2
left_child=1 2 4 12 7 -6 11 19 9 -3 13 25 20 -10 -8 -16 17 23 -7 -1 21 -2 -9 -12 -25 29 -15 28 -27 -4
right_child=3 8 6 -5 5 18 14 22 10 -11 16 -13 -14 26 15 -17 -18 -19 -20 -21 -22 -23 -24 24 -26 27 -28 -29 -30 -31
leaf_value=-0.039221915586846332 -0.037881817188198746 -0.04142147130705922 -0.03281574347797702 0.08278625704069581 -0.043632900118084725 0.05948122777776349 -0.036876086817805402 -0.027173100459466755 -0.021620609086528544 0.043612724562711855 -0.021773922687397973 0.04538265277370699 0.037315088612099104 0.01578248943577008 0.050891479106260101 -0.019247207045817585 0.045138086681313985 0.036258564965050505 -0.027296067551328532 0.037063438749962437 0.064231351516896407 0.0098613065195696289 0.052820395421384003 -0.015474496163415894 0.032851373697693968 -0.0073250973386666807 0.10139323943324184 -0.029220799856020732 0.079351301726734436 0.002227462623685898
leaf_weight=3.1831921443808886 4.483212411636484 5.8930529952049246 67.716966814827174 6.7750161061994723 5.8489647270180267 2.2084644837304954 2.6207901898305854 0.76949438918381829 0.72007266827858885 1.7847708198241887 11.61504294537008 1.2763542756438244 15.5521522203926 1.771107906475663 5.8738602406810951 4.1997727102134377 7.6059513944201163 8.7630195298697782 1.1619471039157359 1.3904621296096591 0.83850007923320014 9.0753498442936689 11.447573728626592 5.308391875587402 7.2542314622551203 1.4065198111347852 3.1226474726572633 1.3759028948843477 0.90253685205243517 5.6189184470567843
leaf_count=497 1247 338 25873 46 668 44 388 10 99 44 965 17 317 130 150 813 51 161 222 88 62 305 268 85 51 344 160 411 165 1440
internal_value=0 -0.00400427 -0.0134735 0.033693 0.0135845 -0.0163424 -0.0212717 0.0300117 0.0164447 -0.0189067 0.0226009 -0.0261426 0.0202712 0.064192 0.00848661 0.0225527 0.015436 0.00744999 0.0301644 -0.0135412 0.00063203 -0.0074429 0.0461073 -0.00401687 0.0127957 -0.0278943 0.0783445 0.0136426 0.0402957 -0.0301369
internal_weight=0 170.84 117.002 36.7242 26.0101 9.21938 90.9916 16.7907 53.8383 7.67782 46.1605 78.2972 29.9492 5.61383 12.6944 10.0736 40.5466 32.9407 3.37041 4.57365 14.3971 13.5586 12.2171 24.1777 12.5626 77.0208 4.89376 3.68496 2.30906 73.3359
internal_count=35459 33482 31398 1977 1797 934 29601 863 2084 382 1702 28250 1931 389 1351 963 1313 1262 266 585 1614 1552 278 1101 136 28233 290 920 509 27313
is_linear=0
shrinkage=0.05


Tree=45
num_leaves=31
num_cat=0
split_feature=19 21 33 6 25 38 38 19 25 15 21 40 32 38 21 10 17 13 2 38 33 14 14 2 46 31 33 20 15 0
split_gain=18.0679 18.8921 9.88199 8.97015 9.01004 5.67956 5.07721 5.87899 5.04858 5.03689 4.56334 4.371 4.30788 4.19018 4.18303 3.83522 3.52847 4.34336 3.35342 3.25096 2.91726 2.67674 3.19892 2.44686 2.3258 2.32367 2.27011 2.08725 5.51646 4.13306
threshold=10.686770833333336 10.211336805555558 0.042572463768115944 1.5000000000000002 1.5000000000000002 68.850000000000009 17.750000000000004 26.787494212962965 1.5000000000000002 53418.000000000007 17.164050925925931 0.087661783624001219 1.0000000180025095e-35 60.050000000000004 37.545688657407418 19874.730000000003 3.5000000000000004 21.500000000000004 9.6923103828038588 50.550000000000004 0.067816091954023008 11449.145 82993.405000000013 0.01664170781265813 0.95000000000000007 22.500000000000004 0.037749287749287756 2.5000000000000004 1322.5000000000002 1180.2500000000002
decision_type=2 2 2 2 2 2 2 2 2 2 2 2 2 2 2 2 2 2 2 2 2 2 2 2 2 2 2 2 2 2
left_child=1 3 8 4 9 6 -4 10 15 11 -8 -1 -12 16 27 18 -13 21 24 -6 -15 -18 25 -16 -2 -23 -19 29 -29 -3
right_child=2 14 5 -5 19 -7 7 -9 -10 -11 12 13 -14 20 23 -17 17 26 -20 -21 -22 22 -24 -25 -26 -27 -28 28 -30 -31
leaf_value=-0.032755584057868492 -0.04045158975362665 0.023944529499038313 -0.028131023553878365 0.042945436497920313 0.06752818150802449 -0.038453220534966123 -0.01680551920945637 -0.031924121211785103 0.024429231658052095 -0.035138849182343869 0.093358637675411582 -0.029540513999109994 0.017664644343534042 -0.025828527549765341 -0.055074307201274243 0.042858006781846085 -0.019530096137021873 -0.039971247928451907 0.013745970631178859 -0.017308078127358958 0.026970541939221548 0.053358095483006809 -0.0058300000590637193 0.011641783392792303 0.043204115716328151 -0.018183294124728817 0.027578024242434069 0.043139158684145758 -0.0097246865429857048 0.063011106582174542
leaf_weight=9.8463790174573642 42.064726469339803 13.239691415801646 2.6308420193381634 8.889631260186432 4.0879546157084397 3.2651219414547077 1.5092534292489279 1.6958099959883828 3.3702192686032495 17.49805827322416 5.1041536526754481 2.9383578395936665 3.5274858144111931 13.306595846079288 0.81972957984544237 0.79316203785128792 1.6384107887279302 2.9998289893846954 2.7209472320973864 1.0014806319959459 2.3453398272395125 12.674415906425565 3.1157892495393744 4.7033192173112184 0.072712804190813496 0.76293502352200526 0.98183466447517265 13.162632343592124 7.0911027085967353 18.512090677162632
leaf_count=2885 15805 935 464 84 112 1034 152 368 264 4856 295 547 99 3370 10 76 323 576 28 112 277 1014 223 160 25 11 71 149 788 577
internal_value=0 0.0136434 -0.0177915 -0.00181042 -0.00775145 0.0136379 0.0271201 0.0406351 -0.0292059 -0.0127927 0.0545452 -0.00453547 0.0674705 0.00290216 0.0353485 -0.0336043 0.0153379 0.0223033 -0.0358613 0.0507335 -0.0167724 0.0324133 0.0383743 -0.00518523 -0.039309 0.0483181 -0.0211221 0.0396699 0.0250441 0.0479498
internal_weight=0 139.616 66.7544 82.087 73.1974 17.7327 14.4675 11.8367 49.0218 68.1079 10.1409 50.6099 8.63164 40.7635 57.5286 45.6515 25.1116 22.1732 44.8584 5.08944 15.6519 18.1916 16.5531 5.52305 42.1374 13.4374 3.98166 52.0055 20.2537 31.7518
internal_count=35690 17080 18610 14461 14377 2412 1378 914 16198 14153 546 9297 394 6412 2619 15934 2765 2218 15858 224 3647 1571 1248 170 15830 1025 647 2449 937 1512
is_linear=0
shrinkage=0.05


Tree=46
num_leaves=31
num_cat=0
split_feature=19 25 21 5 3 31 10 0 41 17 20 14 14 40 3 0 17 21 40 17 19 19 40 13 14 19 13 31 16 39
split_gain=16.9684 10.8041 10.1973 12.4219 8.94687 7.97168 5.96024 4.93415 8.83182 4.41799 4.11191 3.95233 3.60015 3.34234 3.11175 3.07482 2.81021 2.8386 2.72878 2.70524 2.68651 2.56192 2.72554 3.03209 2.5469 2.51729 2.35696 2.76393 3.63892 3.67688
threshold=0.87139467592592601 1.5000000000000002 3.1134953703703707 1.0000000180025095e-35 1.9404464718940477 6.5000000000000009 3437.7200000000007 595.03000000000009 1.0000000180025095e-35 15.500000000000002 2.5000000000000004 58612.084999999999 120410.17500000002 0.56348998023895558 0.17173291048382275 72.14500000000001 6.5000000000000009 26.441672453703706 0.93320828348363782 3.5000000000000004 22.188038194444449 10.818576388888891 0.62018338962003816 16.500000000000004 60646.80000000001 26.384340277777785 6.5000000000000009 12.500000000000002 1.5000000000000002 137.35000000000005
decision_type=2 2 2 2 2 2 2 2 2 2 2 2 2 2 2 2 2 2 2 2 2 2 2 2 2 2 2 2 2 2
left_child=2 4 3 6 5 21 26 8 -4 15 24 -10 19 14 -11 -7 17 -6 25 -8 -18 22 -2 -24 -9 -3 27 -1 29 -29
right_child=1 18 7 -5 16 9 12 10 11 13 -12 -13 -14 -15 -16 -17 20 -19 -20 -21 -22 -23 23 -25 -26 -27 -28 28 -30 -31
leaf_value=-0.037515804197196495 -0.0070970785073804082 0.055154643819129878 -0.036318911941038888 0.038084324709380092 -0.030196929772883907 0.032187174564930331 -0.025008462200085065 0.03752552590290624 0.04222153306567708 0.10189449218522353 0.012457604903190353 -0.010404613260573556 -0.035620194997438938 -0.02556532266435485 -0.016304609112516563 -0.036261072477777011 0.050867964430838686 0.036299845062487165 -0.010903082071589515 0.04785092190635179 -0.014217103376176848 -0.010745012327564862 0.070574334696880736 -0.013552984635297652 0.076106913492121703 -0.022124260528350065 -0.040174963157402599 0.072407850824048312 -0.031412925523991407 -0.023683608421794778
leaf_weight=2.9225639066426146 3.1156716695986679 7.3753121844492835 5.9142524064518538 13.285006181802599 3.5983756256755424 0.95548750134184857 0.9304119108710428 16.120675008976836 13.761211123317482 0.63955535320565038 9.0828765671467391 4.2532978989183894 1.5217269691638646 1.0377789908088741 0.4802438709884882 57.618211122928187 6.1274774766061455 1.4942490535322575 2.1976266421843311 5.277213369961828 1.5606400379911063 8.368669282877816 3.0352208307012916 1.0729037835262714 8.5124244191683811 0.66283284127712239 16.255931160994805 2.1088195099728186 1.6483946542721239 0.88281866325996805
leaf_count=985 161 267 1396 81 186 47 120 379 116 196 253 39 112 417 183 23691 171 52 130 156 123 654 63 62 124 76 4146 495 536 298
internal_value=0 -0.0117286 0.0171313 -0.000802767 -0.0173924 -0.0238604 -0.0178453 0.0308552 0.0127349 -0.0319415 0.0429783 0.0299026 0.0185889 0.0287658 0.0674247 -0.034623 0.0201614 -0.00793024 0.0347359 0.034976 0.0375404 0.00764282 0.0276612 0.0502511 0.053307 0.0470393 -0.0299412 -0.00582078 0.0172547 0.0452223
internal_weight=0 99.3403 102.478 44.8329 89.1045 76.3237 31.5479 57.6447 23.9288 60.7313 33.716 18.0145 7.72935 2.15758 1.1198 58.5737 12.7807 5.09262 10.2358 6.20763 7.68812 15.5925 7.2238 4.10812 24.6331 8.03815 23.8185 7.5626 4.64003 2.99164
internal_count=35715 26479 9236 6929 26006 25474 6848 2307 1551 24534 756 155 388 796 379 23738 532 238 473 276 294 940 286 125 503 343 6460 2314 1329 793
is_linear=0
shrinkage=0.05


Tree=47
num_leaves=31
num_cat=0
split_feature=19 38 39 21 5 31 38 24 19 39 14 1 1 9 21 39 15 11 10 38 38 18 39 14 12 24 14 17 24 24
split_gain=16.0856 11.3409 14.4294 8.15511 10.0399 7.61028 6.01517 8.10418 7.50007 6.86077 4.99216 5.51517 4.67144 4.32897 4.04239 3.6901 3.61024 3.57223 3.4176 3.19281 3.13991 4.02715 3.12682 3.80631 2.98077 2.94031 2.63377 2.61119 4.25463 3.39773
threshold=0.022517361111111116 58.45000000000001 130.35000000000005 3.305439814814815 1.0000000180025095e-35 21.500000000000004 30.750000000000004 18.110445601851854 27.888200231481488 80.450000000000017 38697.435000000005 7.9166379541313896 7.6019818739552125 2.5000000000000004 29.336730324074079 1003.5500000000001 651.50000000000011 3.5000000000000004 4289.7100000000009 76.850000000000009 52.650000000000013 1.0000000180025095e-35 83.550000000000011 199096.10000000006 3800.1950000000002 26.923888888888893 113916.87500000001 1.5000000000000002 0.099994212962962972 0.31092592592592599
decision_type=2 2 2 2 2 2 2 2 2 2 2 2 2 2 2 2 2 2 2 2 2 2 2 2 2 2 2 2 2 2
left_child=3 2 6 4 5 18 16 -8 9 24 17 -12 13 20 -11 -3 -2 -4 27 26 22 -22 -5 -24 -9 -14 -6 28 -1 -30
right_child=1 15 10 12 19 -7 7 8 -10 14 11 -13 25 -15 -16 -17 -18 -19 -20 -21 21 -23 23 -25 -26 -27 -28 -29 29 -31
leaf_value=-0.031134381905397968 0.0042619596800388604 -0.038142879918036485 -0.023934898723362224 -0.021401959078572536 -0.023678995836267959 0.053313334498629329 -0.030949639369261064 -0.012581759458309758 -0.036893359553379024 -0.0036420488694399776 0.088577752167748658 0.015059120634807081 0.049833771559399692 0.033797506326473527 0.075676310854791679 0.045692292915761185 -0.041236713768600101 0.042565890300440126 0.0073563385016616467 0.055805502488282421 0.052398858536364994 -0.045920401521762105 0.036366464358696261 -0.048575371498086238 0.11208604811214172 0.00031830589472452408 0.033146304157302721 -0.041673674609058527 0.1182046750277229 -0.015708606750968839
leaf_weight=1.6340115464991058 5.3451675651595023 34.522618199232966 4.1744097808841643 4.2401227199006852 3.0110359042882902 2.4109290540218344 8.9257387488614786 0.33414159808307742 2.7220874081831417 6.4020108139375225 5.4237942904001084 5.0458411988802254 21.333843514556069 14.426515642087905 1.1081590263638643 0.55300178867764671 19.071981294546276 2.3148287171497941 5.5022479391191146 6.4303560256958008 0.39775908924639125 4.8738337025279179 8.686054613674056 0.64563923422247249 2.7510797781869769 3.4779313583858302 3.1895769350230694 18.280189209617674 0.18888926238287229 0.44813316990621388
leaf_count=642 570 13369 843 493 19 153 2025 121 958 908 323 415 265 112 53 59 7043 230 251 34 5 955 359 25 157 26 23 4865 82 145
internal_value=0 -0.0131964 -0.000489653 0.015173 -0.00188794 -0.01826 -0.0148749 0.00394604 0.0278622 0.0462457 0.0377139 0.0575476 0.0270719 0.0141538 0.0155789 -0.0355912 -0.0315008 0.00230326 -0.0266091 0.03364 -0.00183067 -0.0313298 0.0109912 0.0263568 0.0988093 0.0431743 0.00609555 -0.0356221 0.0109372 0.0719502
internal_weight=0 98.6949 63.6192 99.1771 41.0954 28.4644 46.6604 22.2432 13.3175 10.5954 16.9589 10.4696 58.0817 33.2699 7.51017 35.0756 24.4171 6.48924 26.0535 12.631 18.8434 5.27159 13.5718 9.33169 3.08522 24.8118 6.20061 20.5512 2.27103 0.637022
internal_count=35528 27074 13646 8454 6214 6138 11835 4222 2197 1239 1811 738 2240 1949 961 13428 7613 1073 5985 76 1837 960 877 384 278 291 42 5734 869 227
is_linear=0
shrinkage=0.05


Tree=48
num_leaves=31
num_cat=0
split_feature=15 18 34 34 19 0 33 24 2 12 17 25 40 13 24 20 0 6 17 20 11 17 19 2 9 13 15 2 17 46
split_gain=16.3397 12.6013 5.59623 5.12958 4.90685 4.66734 4.36293 4.26929 4.12303 4.70863 4.07059 4.06058 4.79683 3.53516 3.44439 3.3427 3.50242 3.50647 3.32282 3.06146 3.01434 2.89428 2.65038 2.5985 2.58389 2.5813 2.57787 2.55676 3.47687 2.45792
threshold=1951.5000000000002 1.0000000180025095e-35 1.0000000180025095e-35 1.0000000180025095e-35 26.787494212962965 1193.3950000000002 0.037749287749287756 14.359907407407409 0.93870009964806023 3004.7450000000003 10.500000000000002 1.5000000000000002 1.4578400037239403 31.500000000000004 0.80214120370370379 1.5000000000000002 1287.5800000000002 1.0000000180025095e-35 2.5000000000000004 2.5000000000000004 1.5000000000000002 19.500000000000004 39.976412037037043 0.40506571556033127 2.5000000000000004 17.500000000000004 37717.500000000007 0.50452101119308079 9.5000000000000018 0.95000000000000007
decision_type=2 2 2 2 2 2 2 2 2 2 2 2 2 2 2 2 2 2 2 2 2 2 2 2 2 2 2 2 2 2
left_child=3 2 22 4 8 -3 11 -8 10 -10 27 12 -4 14 -11 16 -7 -18 -17 -20 -14 24 23 26 -12 -21 -2 28 -1 -25
right_child=1 5 6 -5 -6 15 7 -9 9 13 21 -13 20 -15 -16 18 17 -19 19 25 -22 -23 -24 29 -26 -27 -28 -29 -30 -31
leaf_value=0.013366838635450365 -0.030712162873120119 -0.017506115768083561 -0.038557821815528415 0.045499152531734054 -0.039028530926955331 0.081866062256016323 -0.030374792779649502 0.064700851863187844 -0.022521124481609978 -0.0053287819664267514 -0.0033820113999377985 0.048788321579911059 0.06111507922111991 -0.02085216275475317 0.051176848800977684 -0.022916727806306797 -0.013477671682612167 0.022975306421759 0.066291459433586136 0.032900566956744259 -0.026223988415767365 -0.030186297182165919 0.032798570050933284 -0.037140326684152916 0.051278722078770413 -0.036091930475821203 0.038329542952942011 -0.037764039355420262 -0.051195484446349963 0.043838354746259474
leaf_weight=10.273508321144622 1.5780809290008613 11.530484083108602 9.6234107972122747 14.500355085358022 3.3474098113365462 0.47387485241052019 0.96980092173907806 3.1299355597002432 3.0421151163755011 2.9251607074402335 2.8909778640372661 1.3431300399824966 1.5434549666242667 1.770379053428768 18.423369321040809 1.3346591710578639 14.227561022504235 10.652667577611281 6.6227497727377322 2.7300922698341314 0.89039201918058086 1.2084575974149618 0.81011119240429152 48.750138909672387 6.3808537626173347 1.1657292447052894 1.8802864666795356 5.3061798969283691 1.5593631359515718 0.15718988724984129
leaf_count=826 707 3045 2783 224 943 94 177 220 439 119 315 60 101 307 924 237 1855 84 163 113 167 22 353 19756 72 25 534 832 73 29
internal_value=0 -0.0102006 -0.023557 0.0198279 0.0126413 0.00925189 0.000970247 0.0406645 0.0165111 0.030349 0.00280135 -0.0131544 -0.0232626 0.0379512 0.0435425 0.0177853 0.00694965 0.00241464 0.0386189 0.0477386 0.0308313 0.0260147 -0.0314978 -0.0330884 0.0355654 0.00910099 0.00700293 -0.0120449 0.00153226 -0.0360069
internal_weight=0 119.414 70.6759 71.6281 57.1278 48.7378 17.5001 4.09974 53.7804 26.161 27.6193 13.4004 12.0573 23.1189 21.3485 37.2073 25.3541 24.8802 11.8532 10.5186 2.43385 10.4803 53.1758 52.3657 9.27183 3.89582 3.45837 17.1391 11.8329 48.9073
internal_count=35599 30503 24887 5096 4872 5616 3508 397 3929 1789 2140 3111 3051 1350 1043 2571 2033 1939 538 301 268 409 21379 21026 387 138 1241 1731 899 19785
is_linear=0
shrinkage=0.05


Tree=49
num_leaves=31
num_cat=0
split_feature=3 15 25 41 25 21 23 23 24 13 33 10 37 2 0 34 0 0 16 34 21 32 15 13 40 24 0 21 21 13
split_gain=11.9165 16.621 7.16612 3.93522 5.39639 4.24079 3.90017 3.54267 4.90714 6.87945 6.62553 5.04621 3.46678 3.33677 4.13786 3.16965 3.04528 5.38729 3.39591 2.73201 2.48888 2.71271 2.61824 2.5247 2.27486 2.11022 2.0517 1.99819 1.9212 2.20907
threshold=1.0449964213733609 863.50000000000011 1.5000000000000002 1.0000000180025095e-35 1.5000000000000002 37.545688657407418 1.0000000180025095e-35 1.0000000180025095e-35 10.001678240740743 12.500000000000002 0.037749287749287756 4289.7100000000009 1.0000000180025095e-35 4.5724085368789824 2001.1600000000001 1.0000000180025095e-35 630.12000000000012 774.94000000000017 2.5000000000000004 1.0000000180025095e-35 39.88837962962964 1.0000000180025095e-35 35629.500000000007 3.5000000000000004 0.7068386967209076 24.400439814814817 7104.2300000000005 25.968859953703706 17.934085648148152 7.5000000000000009
decision_type=2 2 2 2 2 2 2 2 2 2 2 2 2 2 2 2 2 2 2 2 2 2 2 2 2 2 2 2 2 2
left_child=1 3 12 4 15 -5 25 8 26 13 11 19 20 14 -10 16 -1 18 -18 -11 21 23 -23 -3 -21 -4 -2 -27 29 -28
right_child=7 2 6 5 -6 -7 -8 -9 9 10 -12 -13 -14 -15 -16 -17 17 -19 -20 24 -22 22 -24 -25 -26 27 28 -29 -30 -31
leaf_value=-0.042972745724776676 -0.032903725549102786 0.0065277144207948681 -0.031544798685051549 0.040289485309032147 0.048295277355686943 -0.018082054657309592 0.086275071073331516 0.044571922239220914 -0.021062619583611244 -0.033849659086117027 0.04176551889674808 0.036385213790173225 0.030921797600483761 0.022052080158608694 0.081143884684804823 0.040986052662098454 -0.022965706820882739 -0.015959520604262024 0.078211394490577638 -0.019598318638041304 0.025681584847132951 -0.028889086486771146 0.018357601634463153 -0.036321123814333139 0.040236166367744026 0.059018647152058235 0.018461795050126024 -0.020274320515706063 0.047792764450518485 -0.026051896094131527
leaf_weight=5.3823453093646192 5.1079978729831046 3.3801577024860299 1.6461291310843074 18.339417152106765 4.3079600632190695 3.1085456013679496 1.1786606609821317 10.71805872756522 0.72119468695018696 11.4465175671503 8.2372283177683112 3.8396319897146887 1.8170133837265883 8.6537619843147677 6.8256916156969965 2.0053084257524452 0.63913834327831809 12.445191362756303 1.8952802573330698 2.4485611564014098 1.3916732006473456 4.6199902545195055 5.1686658400576562 51.350167817319743 2.0255909059196711 0.99573987815529086 4.2812523910542932 0.66993543971329927 1.0164307069499035 4.9681873613735661
leaf_count=946 949 1525 278 182 57 20 8 311 258 1694 327 80 247 167 654 38 73 1409 111 128 527 568 218 24225 77 47 135 133 26 206
internal_value=0 -0.00659812 -0.0216475 0.0159673 0.00287186 0.0314008 0.034318 0.0191623 0.0139303 0.0222657 0.00671542 -0.00920349 -0.0258034 0.0471866 0.0700552 -0.00756914 -0.0140458 -0.00161324 0.0534175 -0.0216988 -0.027806 -0.0293341 -0.00455242 -0.0336051 0.00989234 0.000106093 -0.00992962 0.0314851 0.0034076 -0.00565701
internal_weight=0 120.341 72.2181 48.1232 26.6752 21.448 4.49047 70.2901 59.572 44.1982 27.9975 19.7603 67.7277 16.2006 7.54689 22.3673 20.362 14.9796 2.53442 15.9207 65.9107 64.519 9.78866 54.7303 4.47415 3.3118 15.3739 1.66568 10.2659 9.24944
internal_count=35624 30612 27776 2836 2634 202 466 5012 4701 3385 2306 1979 27310 1079 912 2577 2539 1593 184 1899 27063 26536 786 25750 205 458 1316 180 367 341
is_linear=0
shrinkage=0.05


Tree=50
num_leaves=31
num_cat=0
split_feature=19 21 10 33 5 23 2 2 3 14 3 21 10 34 25 38 38 33 40 14 2 13 39 39 25 40 19 31 38 19
split_gain=13.1992 18.8074 8.36589 7.58958 7.00664 6.38772 6.29396 5.02604 4.47566 6.67818 5.54692 4.78298 5.15924 4.44627 4.23173 3.92488 3.86757 3.7519 3.59889 3.34742 4.55613 2.95466 2.90618 3.25673 2.89107 2.82679 2.65921 2.60279 2.58037 2.31995
threshold=10.686770833333336 10.211336805555558 998.71500000000015 0.042572463768115944 1.0000000180025095e-35 1.0000000180025095e-35 0.72470441112826733 9.6923103828038588 -2.0575984421710278 48739.685000000005 0.88242367439902625 27.583125000000003 925.30000000000007 1.0000000180025095e-35 1.5000000000000002 10.250000000000002 67.65000000000002 0.2817460317460318 1.4106728613200985 191074.04000000001 0.4402498102919481 4.5000000000000009 160.75000000000003 241.75000000000003 2.5000000000000004 0.10166540146778653 39.976412037037043 21.500000000000004 97.550000000000011 40.212390046296306
decision_type=2 2 2 2 2 2 2 2 2 2 2 2 2 2 2 2 2 2 2 2 2 2 2 2 2 2 2 2 2 2
left_child=1 2 4 7 5 -1 -4 24 15 10 11 -10 -13 17 -7 22 -11 19 -12 20 -5 -8 -3 -24 26 -23 27 -2 -6 -28
right_child=3 8 6 13 28 14 21 -9 9 16 18 12 -14 -15 -16 -17 -18 -19 -20 -21 -22 25 23 -25 -26 -27 29 -29 -30 -31
leaf_value=-0.032035066331847946 -0.040183336104696439 0.042313439526316096 -0.027314410505372345 0.052231725046313515 -0.0011953074569561136 -0.0016382065332299187 -0.030958244341445208 0.025427727156838553 -0.03937273157189173 0.074877621277189402 0.050943885765911079 -0.031562887076563843 0.084999395832377991 0.054048094650801654 0.086900917689994195 -0.032004678375574989 0.015344533687748694 -0.036700300484019892 -0.01012449549011696 0.064488106767106868 -0.025427295738126566 -0.0053715144702106976 -0.028305981943641745 0.035546770268828819 0.038381685217051049 0.046960403623330954 0.073649697494238553 0.018194043747215751 0.047914588768711068 -0.020811994731374499
leaf_weight=37.365402311668731 36.103516860399395 7.1407418862218055 4.7538548142183599 1.7125282714841903 5.8386643391568196 5.2893835930153719 0.95112106320448475 3.2954540778882793 4.8510597428539795 14.463953582686374 10.571323935408143 0.99199566687457297 1.1290327960159627 3.5002509894547975 0.79565374925732602 3.3253302987432098 4.0453879915876305 4.3589381072670212 2.674875921686179 1.5636436248896641 5.2251886962912977 2.8825409164419424 3.9006162360310555 2.374357818858698 0.59299149364232917 14.054580623283981 0.21289547579362889 1.4650240871123958 3.8633317959029227 0.70249277306720614
leaf_count=11554 15414 172 707 124 53 633 155 30 806 241 197 183 24 239 5 657 186 928 35 92 989 353 28 20 3 877 94 297 33 277
internal_value=0 0.0111345 -0.00507718 -0.0171859 -0.0158524 -0.0243709 0.0198184 -0.0281707 0.0329845 0.0421703 0.020737 -0.014084 0.037838 0.0112479 0.0205702 0.0105553 0.0633196 -0.00346023 0.038767 0.015652 -0.0020925 0.033127 0.022593 -0.00257997 -0.0332125 0.0382511 -0.0352598 -0.0374941 0.0210101 0.028139
internal_weight=0 131.263 75.7945 58.7329 53.1524 43.4504 22.6421 42.3724 55.4687 38.7276 20.2183 6.97209 2.12103 16.3605 6.08504 16.741 18.5093 12.8603 13.2462 8.50136 6.93772 17.8882 13.4157 6.27497 39.0769 16.9371 38.4839 37.5685 9.702 0.915388
internal_count=35406 16919 14370 18487 12278 12192 2092 16115 2549 1672 1245 1013 207 2372 638 877 427 2133 232 1205 1113 1385 220 48 16085 1230 16082 15711 86 371
is_linear=0
shrinkage=0.05


Tree=51
num_leaves=31
num_cat=0
split_feature=23 15 31 14 19 24 19 21 21 24 17 40 38 39 21 5 0 24 24 39 31 0 24 24 19 0 19 21 15 38
split_gain=14.5243 11.4207 9.11814 8.70403 5.49676 7.85042 8.56649 5.80359 5.44618 5.32623 4.69556 4.67305 5.50743 6.37339 4.39725 4.33304 4.28972 4.76075 4.72271 4.27267 4.04511 3.97638 4.50018 3.78984 3.62997 3.33454 3.03287 3.07032 2.66195 2.64951
threshold=1.0000000180025095e-35 55610.500000000007 20.500000000000004 24796.810000000001 7.638964120370372 25.526018518518523 23.952002314814816 20.470075231481484 4.9303182870370383 30.767771990740744 5.5000000000000009 0.12512553317180922 56.350000000000001 112.85000000000001 0.93313657407407413 1.0000000180025095e-35 530.49000000000012 13.581765046296299 18.604103009259262 651.30000000000007 4.5000000000000009 1844.3000000000002 0.16323495370370372 0.4439583333333334 39.976412037037043 2269.3300000000004 13.74258101851852 4.2802430555555562 87.500000000000014 17.150000000000002
decision_type=2 2 2 2 2 2 2 2 2 2 2 2 2 2 2 2 2 2 2 2 2 2 2 2 2 2 2 2 2 2
left_child=1 2 3 21 8 -6 7 -7 10 11 14 -4 13 -13 -5 -12 28 -18 -19 20 -3 22 -1 26 -8 -23 27 -2 -10 -9
right_child=23 19 9 4 5 6 24 29 16 -11 15 12 -14 -15 -16 -17 17 18 -20 -21 -22 25 -24 -25 -26 -27 -28 -29 -30 -31
leaf_value=0.034754711356732165 -0.010256751708385754 0.01695708809834346 -0.015511920644377564 0.057621074431802546 -0.03395257996702377 -0.0068750822423345641 -0.026580669607004538 -0.010183637423481651 0.022213629186957563 -0.028362300581669688 -0.036164106784029731 0.024905093339503033 0.018654994543167325 0.13997880534387092 -0.022974493209784133 0.018131278772495006 0.0057180940787113013 0.097200265387612367 0.02940094381211807 0.027760634409279464 -0.039332031272175869 0.042688590470299881 -0.044205561477400152 0.0646584689867543 0.063182919692759076 -0.014318309353737665 -0.020664335733485469 0.035032743097788255 -0.035915870365139033 0.096023273627783165
leaf_weight=1.2609918313100958 4.0594893402885708 2.9966587277594945 1.786979270284063 4.1404459617333513 14.837340236292222 2.4005245071602976 8.2164245182648266 0.46544447925407428 3.8690931145101812 1.8076169450068835 8.9525166376261023 2.5976140868151543 4.6451303992653266 2.6014532764675096 1.8616789764491839 5.0508359938394269 5.3318946928484392 4.9165642230072972 6.8445273614488542 2.3186329411109901 30.344454656355083 2.2856278177350751 17.964504326111637 5.9974964032880953 0.32487900205887932 10.722214433946645 3.0187356165843076 20.491611959179863 2.3087583332089707 3.7168227994116023
leaf_count=363 481 204 328 444 4328 364 2778 50 30 299 1858 251 549 102 319 39 743 134 201 100 10798 519 6814 44 130 1224 823 635 504 204
internal_value=0 -0.00486584 0.00263502 -0.00244394 0.00710057 -0.0091845 0.0157127 0.0546794 0.018328 0.0399046 -0.000940806 0.0519195 0.0644617 0.0957767 0.0329118 -0.0166772 0.0342492 0.0465337 0.0631394 -0.0292676 -0.0339264 -0.0236913 -0.0375643 0.0309662 -0.0169022 -0.00196914 0.0216302 0.0274359 -0.00148745 0.0845192
internal_weight=0 154.57 118.91 105.471 73.2378 29.9614 15.1241 6.58279 43.2763 13.4388 20.0055 11.6312 9.8442 5.19907 6.00212 14.0034 23.2708 17.093 11.7611 35.6597 33.3411 32.2333 19.2255 33.5673 8.5413 13.0078 27.5698 24.5511 6.17785 4.18227
internal_count=35660 33677 22575 21046 12126 7854 3526 618 4272 1529 2660 1230 902 353 763 1897 1612 1078 335 11102 11002 8920 7177 1983 2908 1743 1939 1116 534 254
is_linear=0
shrinkage=0.05


Tree=52
num_leaves=31
num_cat=0
split_feature=19 38 39 40 3 15 38 5 21 24 39 39 38 21 1 40 3 3 16 15 41 40 40 21 24 38 1 39 31 16
split_gain=11.9153 8.33801 9.59834 7.35647 6.33964 7.30597 5.10998 4.09409 6.76213 5.95426 3.57294 5.52786 6.90335 4.80812 3.16259 3.15675 3.43066 5.55818 3.14973 3.03203 4.90422 2.97069 2.69458 2.8057 2.5037 2.46976 2.47836 2.25575 2.23115 1.991
threshold=0.87139467592592601 64.15000000000002 166.05000000000004 0.08303899683108458 2.1378119330449716 585.50000000000011 59.550000000000004 1.0000000180025095e-35 6.4593287037037044 6.9278761574074084 126.05000000000001 74.950000000000017 43.95000000000001 37.545688657407418 8.3457830866950058 0.67396974930651388 -0.019709853658856375 -0.064481553138823269 4.5000000000000009 178.50000000000003 1.0000000180025095e-35 2.299522687546542 0.41781705821642728 17.788564814814816 29.976059027777783 17.750000000000004 8.1317409825861713 80.450000000000017 20.500000000000004 5.5000000000000009
decision_type=2 2 2 2 2 2 2 2 2 2 2 2 2 2 2 2 2 2 2 2 2 2 2 2 2 2 2 2 2 2
left_child=3 2 4 18 5 19 10 8 -8 -10 11 12 -5 21 -11 -7 17 27 -1 20 -2 -12 -13 28 -6 -21 -27 -17 29 -24
right_child=1 -3 -4 6 24 15 7 -9 9 14 13 22 -14 -15 -16 16 -18 -19 -20 25 -22 -23 23 -25 -26 26 -28 -29 -30 -31
leaf_value=-0.028060586745664629 -0.041321475095726291 -0.035110719466140507 0.044954101029750421 0.01488128871232562 0.0052053763516293761 -0.04194507185770361 -0.037410761159675517 0.037083804456939033 0.050119463651997931 -0.040063144455237627 0.054862013087462469 -0.031525988587958041 0.10808236043305386 -0.032878737335526369 0.014083203328404559 0.036964356636208687 -0.028938430438632763 0.11711202392376995 0.028260996065143845 -0.025539402703442793 0.046793822564146874 -0.0061322151391114748 -0.030262093774288502 0.041150397111436948 0.060572775685856055 0.05735936025764158 -0.013549848256857995 -0.023723301327185219 0.042352284781968653 0.022307412718307669
leaf_weight=12.639759770827366 3.7233309823786822 27.193230759934522 8.2339892403688264 6.9676166295539605 5.0854479814879587 19.671658782754093 9.5410724303219521 5.8076990600675336 5.7379816418979308 3.9252372828777862 19.202101212693385 4.5154847494559389 2.0298978972714394 1.2666048535611469 5.146695944480598 1.3585525261005384 7.5323044372489658 0.19655192585196335 2.1875409914646289 0.84818770666606713 1.4170746440067885 2.0049244830152011 5.6995484420331177 3.7043435605010009 2.6663631033152342 5.0841260943561792 1.1277774558402596 3.3810291739646345 0.95307200425304461 1.6461911372607572
leaf_count=3192 582 12036 736 548 135 8327 2356 37 113 710 611 451 39 13 46 541 2385 88 187 139 18 17 648 137 43 179 56 1129 40 27
internal_value=0 -0.012661 -0.00213387 0.0129026 -0.0102834 -0.0176382 0.0190173 0.00272972 -0.00660333 0.0143548 0.0289884 0.0152645 0.0446158 0.0432561 -0.0109964 -0.0298914 -0.00917189 0.0207847 -0.0184906 0.0144599 -0.0133657 0.0490791 -0.00235698 0.0101968 0.028995 0.0338642 0.044392 -0.00291835 -0.00655951 -0.0172199
internal_weight=0 87.5196 60.3264 92.9758 52.0924 44.3406 78.1485 30.1587 24.351 14.8099 47.9898 25.5162 8.99751 22.4736 9.07193 32.1401 12.4684 4.93613 14.8273 12.2005 5.14041 21.207 16.5186 12.0032 7.75181 7.06009 6.2119 4.73958 8.29881 7.34574
internal_count=35566 26394 14358 9172 13622 13444 5793 3262 3225 869 2531 1890 587 641 756 12470 4143 1758 3379 974 600 628 1303 852 178 374 235 1670 715 675
is_linear=0
shrinkage=0.05


Tree=53
num_leaves=31
num_cat=0
split_feature=23 14 3 10 13 40 24 31 47 21 24 21 24 39 24 24 21 21 11 40 33 11 13 13 16 3 21 40 6 25
split_gain=11.647 10.3784 10.1511 7.64191 7.58154 5.53415 5.37703 5.0633 4.828 4.88311 5.15337 3.06331 3.05833 4.45621 2.9328 3.01326 2.75682 2.72852 2.7242 2.94223 2.61876 3.66817 3.56927 3.31615 2.53677 2.37116 2.31176 2.20702 2.1661 2.12492
threshold=1.0000000180025095e-35 44769.975000000006 1.0609047966360006 1736.2500000000002 31.500000000000004 0.078525047230507947 0.4439583333333334 21.500000000000004 1.0000000180025095e-35 32.387332175925934 14.263952546296297 0.043616898148148155 37.294068287037042 297.25000000000006 11.890011574074077 6.8013831018518527 -1.0000000180025095e-35 27.583125000000003 5.5000000000000009 1.326721178255639 0.042572463768115944 3.5000000000000004 21.500000000000004 12.500000000000002 4.5000000000000009 1.197566260374834 2.7662094907407409 0.59205591342954034 1.5000000000000002 3.5000000000000004
decision_type=2 2 2 2 2 2 2 2 2 2 2 2 2 2 2 2 2 2 2 2 2 2 2 2 2 2 2 2 2 2
left_child=1 2 3 29 5 28 26 12 9 10 11 25 13 -4 15 17 -9 -5 19 -10 21 23 -23 27 -13 -7 -2 -12 -3 -1
right_child=6 4 7 14 -6 8 -8 16 18 -11 20 24 -14 -15 -16 -17 -18 -19 -20 -21 -22 22 -24 -25 -26 -27 -28 -29 -30 -31
leaf_value=-0.039575603632016981 -0.023897822125483775 -0.030538535076513714 -0.015613168984436467 -0.031109508480887494 -0.032578317972277962 -0.021071602085816338 0.069774110038489573 -0.01526066736359457 -0.058541104719223705 -0.028506050004041869 -0.019107928691090913 -0.017734572169726612 0.041772400825737244 0.03373683289839078 -0.012989252038376767 0.083181435793481195 0.080743816838947047 0.052854583318815089 0.036376978031267243 0.016406898418216374 0.06451286502415661 0.079113974578546048 0.0070942380192261303 -0.01140393378874221 0.027315329958302006 0.055847184118911576 0.023547048737512784 0.061669472773850181 0.019753195020740813 0.029155034108796819
leaf_weight=38.468340310384519 2.0457993663148981 6.6738493294687924 21.885563627234667 1.5768191692186517 7.586494723102077 0.71079168433789419 6.0128230550326398 0.61166540230624411 2.8777172549162051 2.7412317721173158 0.60422122641467124 8.7089332438772527 2.8260422948515034 4.7388598603429264 3.9289778140373528 1.3242417359724639 2.1818348044762379 0.54940147697925557 0.88293139601591963 1.4338546040235085 11.190852256258948 4.3517396415118119 2.8502784122247249 6.7444657268933952 3.619879098609089 3.6257344044279307 24.969249935355037 2.4176199423382059 2.1827587517909706 0.4764181524515142
leaf_count=18025 402 2026 2700 364 2221 169 46 13 777 896 204 1543 228 258 617 130 84 3 101 178 500 342 417 1246 127 36 1556 254 28 2
internal_value=0 -0.00222244 -0.0145719 -0.0293275 0.0118061 0.0177039 0.0302113 0.00687151 0.0238102 0.0287984 0.0328485 0.0099797 -0.000127494 -0.0059261 0.0156382 0.0438299 0.0612412 0.000553189 -0.0191425 -0.0352201 0.0455764 0.0301923 0.0549514 0.00852587 -0.00345044 0.0416535 0.0192294 0.0447828 -0.0173973 -0.038026
internal_weight=0 147.772 78.5682 46.3242 69.2034 61.6169 33.0279 32.244 52.7603 47.5657 44.8245 16.6653 29.4505 26.6244 7.37944 3.45046 2.7935 2.12622 5.1945 4.31157 28.1592 16.9683 7.20202 9.76631 12.3288 4.33653 27.015 3.02184 8.85661 38.9448
internal_count=35493 33489 22424 19141 11065 8844 2004 3283 6790 5734 4838 1875 3186 2958 1114 497 97 367 1056 955 2963 2463 759 1704 1670 205 1958 458 2054 18027
is_linear=0
shrinkage=0.05


Tree=54
num_leaves=31
num_cat=0
split_feature=19 33 21 25 6 10 33 19 38 38 31 14 3 0 38 14 14 24 3 17 0 25 14 38 14 21 40 38 3 10
split_gain=12.2746 13.8463 11.1775 5.53195 6.85579 6.58175 5.42035 5.30446 4.27418 4.62645 4.12799 3.77379 3.33672 3.31556 7.1266 5.6093 5.03279 4.32388 3.76604 3.63644 3.4731 3.21171 3.10034 2.94317 2.67201 2.28762 2.16537 2.1303 2.09541 2.07444
threshold=7.638964120370372 0.042572463768115944 7.0764236111111121 1.5000000000000002 1.0000000180025095e-35 3437.7200000000007 0.33854166666666669 26.787494212962965 68.850000000000009 28.850000000000005 21.500000000000004 120410.17500000002 2.9259036246439343 530.49000000000012 10.250000000000002 31152.510000000006 55018.375000000007 0.0071527777777777787 0.88242367439902625 19.500000000000004 46258.400000000001 2.5000000000000004 20021.450000000001 59.550000000000004 9232.8350000000009 17.164050925925931 0.77611134055925557 51.050000000000004 -0.39392024780191598 8480.2950000000019
decision_type=2 2 2 2 2 2 2 2 2 2 2 2 2 2 2 2 2 2 2 2 2 2 2 2 2 2 2 2 2 2
left_child=2 10 3 4 5 -1 7 8 9 -3 12 23 21 14 16 17 19 -15 29 -4 -17 -2 26 -7 -8 -11 -20 -5 -16 -19
right_child=1 6 13 27 -6 11 24 -9 -10 25 -12 -13 -14 15 28 20 -18 18 22 -21 -22 -23 -24 -25 -26 -27 -28 -29 -30 -31
leaf_value=-0.024317429152799448 -0.03679328719040615 0.0071298251706747784 0.054394881274973675 0.072343150118060667 0.025562743644988423 0.048816330770527473 0.046958355645373685 -0.031242680379638555 -0.025994110770996715 0.019991984818749212 0.033186187117918216 -0.029305178165963227 0.012115051631289592 0.059836021962651066 -0.042917846533422101 0.067210412182522758 -0.023293444388920899 -0.050627602571484256 0.05103259286637505 -0.019055654140854944 0.0062548833172465989 0.038549037929035655 -0.026043009033921129 -0.025215159661224031 -0.030163619353413548 0.095028319680377449 -0.0044281839232963123 -0.011003945992711395 0.038567067223857374 0.024166709938685731
leaf_weight=33.163622496533208 38.915364038664848 3.2393907692749071 10.301461848663168 2.4404721562750633 13.688593645463696 6.4091361531754938 0.45481126743834366 1.6313769064145152 1.0738887747284014 1.9619948798790572 1.9120508099440474 2.0419160212622955 3.7363957511261097 3.3736402699723831 4.6790522264782348 15.788861132343301 2.8094468301860607 2.96580020757392 4.5941924834623915 1.4669642075896252 2.9682503270450971 0.68843956291675468 2.1089937726501375 0.98735452617984254 4.8755691439146176 5.4341110875830054 2.3496627334970981 0.680092152673751 0.12878544942941328 0.55622114241123188
leaf_count=10610 17919 285 230 90 229 254 57 575 423 100 346 196 42 57 1079 692 89 532 92 10 28 3 49 177 998 191 51 83 59 3
internal_value=0 -0.0122248 0.015002 -4.05931e-05 -0.00406453 -0.0139521 0.0231726 0.0393804 0.0509038 0.0602351 -0.0270151 0.021309 -0.0303595 0.0312249 0.0136762 0.0403697 0.0307485 0.0170054 0.00195328 0.0444637 0.0583692 -0.0345665 0.0188688 0.0371078 -0.0172048 0.079875 0.0340708 0.0559164 -0.0344704 -0.0360835
internal_weight=0 63.9234 113.503 59.4112 56.2906 42.602 18.6711 13.3408 11.7094 10.6355 45.2523 9.43841 43.3402 54.0913 19.3857 34.7056 14.5779 15.9485 12.5749 11.7684 18.7571 39.6038 9.05285 7.39649 5.33038 7.39611 6.94386 3.12056 4.80784 3.52202
internal_count=35549 20939 14610 11639 11466 11237 2629 1574 999 576 18310 627 17964 2971 1467 1504 329 784 727 240 720 17922 192 431 1055 291 143 173 1138 535
is_linear=0
shrinkage=0.05


Tree=55
num_leaves=31
num_cat=0
split_feature=19 21 25 12 38 39 21 19 38 39 12 38 0 38 21 0 17 15 0 20 39 15 14 12 10 14 17 15 15 0
split_gain=11.3028 10.0874 6.1152 5.21066 4.16687 5.14169 5.00405 4.8093 3.28032 5.37796 2.83168 2.79734 3.3555 2.79387 2.74261 2.6622 3.70451 2.65331 2.24501 2.22855 2.67025 2.15376 2.95706 3.55831 2.66133 2.10767 1.95729 2.98236 3.76591 2.74833
threshold=10.686770833333336 10.211336805555558 1.5000000000000002 11654.190000000001 59.550000000000004 101.65000000000002 18.528153935185191 26.924722222222226 30.750000000000004 80.450000000000017 3800.1950000000002 59.050000000000004 764.82000000000005 50.550000000000004 25.757251157407413 1180.2500000000002 2.5000000000000004 178.50000000000003 1092.9850000000004 2.5000000000000004 113.55000000000001 1476.5000000000002 52608.515000000007 4043.5600000000004 3437.7200000000007 307075.76000000007 1.5000000000000002 23228.500000000004 9429.0000000000018 3517.6250000000005
decision_type=2 2 2 2 2 2 2 2 2 2 2 2 2 2 2 2 2 2 2 2 2 2 2 2 2 2 2 2 2 2
left_child=1 2 3 21 5 8 -7 14 -2 10 -10 15 -13 -4 -8 18 -17 -18 -3 -14 -21 22 24 -24 -1 -5 27 28 -23 -28
right_child=4 11 13 25 -6 6 7 -9 9 -11 -12 12 19 -15 -16 16 17 -19 -20 20 -22 26 23 -25 -26 -27 29 -29 -30 -31
leaf_value=-0.02682524163773289 -0.038140593146043122 0.025965482554642157 0.067595590554203347 0.019369841254466176 -0.035349040401722438 -0.028461212684237226 0.023184802990789462 -0.017052458252189134 -0.018007352989167481 -0.030639050902896453 0.070611817980987035 -0.035766970788430164 0.033725745265248609 -0.015520341535723958 0.086455245653076968 -0.023782185641932678 -0.0077837334120964864 0.06558639360491049 -0.039511117623882298 0.038634260682506964 -0.03128925008373893 -0.014086585711884937 0.10244514832282121 -0.01217230738284714 0.026470122854620793 -0.020307511536549624 -0.038453141619780577 -0.028590801232542991 0.10399456318743122 -0.0077825200931184229
leaf_weight=5.5439180089160782 11.605280147399755 19.584875576430935 3.4002287541516116 20.182093713083308 18.04737887205556 3.9301492085214695 5.4711636409629119 3.1239987841108805 0.79088066273834501 3.978897294960916 2.0910174822201952 2.4085083295358336 8.301402621669693 0.89254803548101325 2.5417048447998241 0.95644758362322946 1.1403591274283815 12.10577346710488 0.52692488639149715 1.0984912256244559 3.0166014696005732 0.88989377405960046 0.48719220422208198 0.90040880639571697 2.7027820834191516 3.1311862374423063 16.304249476874251 1.3141762188170103 0.42991978849750012 13.723244482302105
leaf_count=972 4706 938 107 2267 9018 817 748 1174 345 1111 316 722 367 115 230 19 17 346 17 20 143 202 21 127 100 405 7893 603 119 1447
internal_value=0 0.0111612 -0.00109887 -0.00519412 -0.0166416 -0.00584132 0.0152853 0.0317963 -0.0229789 0.00425716 0.0479181 0.0282756 0.00930059 0.050647 0.05062 0.0359779 0.052384 0.059167 0.0224597 0.0200569 -0.00871984 -0.0155298 0.00486108 0.0541226 -0.00838451 0.0134247 -0.0215103 0.0153874 0.0526257 -0.0251386
internal_weight=0 119.041 69.9018 65.6091 51.5805 33.5331 15.067 11.1369 18.4661 6.8608 2.8819 49.1394 14.825 4.29278 8.01287 34.3144 14.2026 13.2461 20.1118 12.4165 4.11509 42.2958 9.6343 1.3876 8.2467 23.3133 32.6615 2.63399 1.31981 30.0275
internal_count=35432 16967 14378 14156 18465 9447 2969 2152 6478 1772 661 2589 1252 222 978 1337 382 363 955 530 163 11484 1220 148 1072 2672 10264 924 321 9340
is_linear=0
shrinkage=0.05


Tree=56
num_leaves=31
num_cat=0
split_feature=40 38 39 34 23 39 39 38 0 15 27 15 40 39 5 14 2 0 14 14 16 13 38 39 13 39 2 15 15 17
split_gain=9.56977 9.06057 8.54405 4.94015 4.92845 5.06316 4.62416 5.79238 6.9346 4.61823 4.49343 4.78828 3.6344 3.52228 3.23889 3.06882 3.96944 2.91221 2.78841 5.40955 2.765 2.65064 2.81603 2.47858 2.27831 2.24458 2.19569 2.19219 2.19195 2.10129
threshold=0.41781705821642728 60.050000000000004 169.95000000000002 1.0000000180025095e-35 1.0000000180025095e-35 1003.5500000000001 129.65000000000001 43.95000000000001 27220.955000000005 651.50000000000011 1.0000000180025095e-35 76574.000000000015 1.10089476244095 152.35000000000005 1.0000000180025095e-35 38697.435000000005 3.084352139183872 2388.0100000000007 7500.1000000000013 6359.6650000000009 4.5000000000000009 31.500000000000004 19.450000000000003 76.550000000000011 8.5000000000000018 106.25000000000001 0.77003561871609394 13958.000000000002 21485.500000000004 1.5000000000000002
decision_type=2 2 2 2 2 2 2 2 2 2 2 2 2 2 2 2 2 2 2 2 2 2 2 2 2 2 2 2 2 2
left_child=6 2 3 12 5 14 20 -8 -9 -4 11 -11 15 -5 18 16 -2 -6 19 -3 29 22 -17 -22 25 -14 -21 -16 -18 -1
right_child=1 4 9 13 17 -7 7 8 -10 10 -12 -13 24 -15 27 21 28 -19 -20 26 23 -23 -24 -25 -26 -27 -28 -29 -30 -31
leaf_value=0.026638326095115347 -0.025564584542790467 -0.032163310315164825 0.023489509411906785 0.044030216696052851 -0.025387212140958626 0.03534395844475071 0.03204326894809096 -0.028593430075444154 0.035576284860174626 0.11034221040238089 -0.027823885470108764 -0.0046468573080448656 -0.022216740745401774 -0.023606163546510069 0.042701469452174227 -0.0020202877205620661 0.050746696718363953 0.050109010134321896 -0.034112159803822116 0.1041690079880314 0.031480964510007502 -0.027416025388577778 0.049116869092862094 -0.028218931912215445 -0.027951205446654793 0.049774229774609872 -0.011750159347483274 -0.022083032004641828 -0.020572791011909806 -0.030506297423233186
leaf_weight=0.95475065824575622 7.2269054829375836 1.7859374730615045 6.7941053281538171 14.52217915246729 1.0045830246526737 3.5485501056537023 10.372055308544079 15.169243300217206 4.7567429366754359 5.4166034744121134 0.39539002592209715 0.9624289534986018 1.1987852090969675 1.5625372262438748 2.2318886322900648 3.5335909256245932 2.7063106998102744 4.2666501691564918 21.737983118393458 0.55115155747625966 3.464127153158187 1.1349918337073166 9.360826504416762 1.9031428068410603 9.7895013481611368 1.3625156519701702 0.30502851528581232 1.3860428235493598 0.88238057924900193 31.11080810718704
leaf_count=432 2447 932 84 953 357 69 485 5275 98 362 10 81 244 63 28 221 67 197 8651 88 528 302 1053 233 2021 148 141 36 60 9865
internal_value=0 0.0129325 0.0237809 0.0141921 -0.00687253 -0.0145306 -0.0110872 0.0034145 -0.0123067 0.0578753 0.0849038 0.0947147 0.00385911 0.0364626 -0.0218526 0.0147123 -0.0051593 0.0339671 -0.0283292 0.0155521 -0.0226083 0.0293557 0.0359664 0.00920511 -0.0174399 0.0193027 0.0787896 0.0184748 0.032549 -0.0280507
internal_weight=0 103.667 66.8491 53.2805 36.8178 31.5466 67.7309 30.298 19.926 13.5685 6.77442 6.37903 37.1958 16.0847 27.998 24.845 10.8156 5.27123 24.3801 2.64212 37.4328 14.0294 12.8944 5.36727 12.3508 2.5613 0.85618 3.61793 3.58869 32.0656
internal_count=35531 18615 8116 7579 10499 9945 16916 5858 5373 537 453 443 6563 1016 9876 4150 2574 554 9812 1161 11058 1576 1274 761 2413 392 229 64 127 10297
is_linear=0
shrinkage=0.05


Tree=57
num_leaves=31
num_cat=0
split_feature=25 3 15 31 17 13 13 31 20 1 24 14 13 23 1 2 14 40 39 38 24 14 39 24 24 38 3 1 14 3
split_gain=9.04712 6.69905 10.5012 6.24448 5.2045 4.36886 4.34789 3.91103 4.58641 4.6954 4.26145 3.62758 3.59041 3.39533 3.36733 3.35287 2.93163 2.89144 2.86941 2.70774 2.63186 2.5707 2.54088 2.53524 3.9661 2.4579 2.22457 2.2232 2.78506 3.8131
threshold=1.5000000000000002 1.0914268598658898 87.500000000000014 7.5000000000000009 15.500000000000002 9.5000000000000018 7.5000000000000009 14.500000000000002 1.5000000000000002 8.479858855438307 36.883067129629637 14319.145000000002 15.500000000000002 1.0000000180025095e-35 8.7466201606459126 4.5724085368789824 54136.325000000012 0.56348998023895558 159.75000000000003 43.550000000000004 20.019612268518522 51769.120000000003 67.65000000000002 0.31092592592592599 1.0000000180025095e-35 55.850000000000001 3.8853203711202711 7.8714504533630167 32242.370000000006 -1.1103902647445119
decision_type=2 2 2 2 2 2 2 2 2 2 2 2 2 2 2 2 2 2 2 2 2 2 2 2 2 2 2 2 2 2
left_child=1 2 16 5 23 6 -4 10 14 22 12 -2 13 -3 -9 -14 18 19 -1 -6 -8 -17 -10 24 -5 -13 -11 28 -7 -30
right_child=11 7 3 4 17 27 20 8 9 26 -12 25 15 -15 -16 21 -18 -19 -20 -21 -22 -23 -24 -25 -26 -27 -28 -29 29 -31
leaf_value=0.050079264754502056 -0.015635672160674151 -0.031668738020876878 -0.023742436913298588 -0.023495352791607253 -0.014594398596022457 -0.024971571538890416 0.10469398264271845 -0.030419807177327327 -0.015067188643752 -0.0087192148373100298 0.051717315178953366 0.059436626560768716 -0.025787021162309166 0.024897176552405784 0.019115185748514278 -0.0062464453618604129 -0.0091084272918198917 -0.021241477075307345 0.0040797535274388124 0.099264624666185478 -0.00040933595589330725 0.048001799459511406 0.084547596750073672 -0.031204203646381892 0.04124866192264362 0.0012390226904560361 0.051313072617236104 -0.030407052346915216 -0.027878511257403666 0.040401885127226589
leaf_weight=9.3702584641287121 2.022689653793349 13.035463289008481 0.88272508478258105 5.9191735405474883 0.41068048391025402 3.5225849077105549 1.6018272094661372 3.3202282815473216 0.40503983828238954 4.044806508696638 2.526466005248948 10.185202168766407 2.976729668560437 2.4838426365749902 16.584066590294242 3.0298805518541467 4.5624994942918411 0.73544604564085592 5.3191724790958679 0.85006304853595793 0.76238441502209742 5.2744405283592641 5.5446704924106598 48.843289751093835 2.595200834563002 2.2169965248322105 1.2909512296319006 4.3140738668153054 2.0149461938999593 6.4539388318080437
leaf_count=319 132 1151 234 2031 207 585 82 875 94 268 208 243 882 80 439 91 189 390 192 179 52 80 360 24527 581 240 7 471 74 208
internal_value=0 0.000182492 -0.0078601 -0.0159417 -0.0239156 0.00824978 0.0534441 0.0131433 0.0251769 0.049305 -6.27898e-05 0.0402943 -0.00662882 -0.0216563 0.00979235 0.0141245 0.024415 0.0421183 0.0347441 0.0721257 0.0807542 0.0296649 0.0765739 -0.0268961 -0.00149996 0.049902 0.0116117 -0.00331804 0.00801795 0.0229278
internal_weight=0 158.675 98.1583 78.9063 59.3539 19.5525 3.24694 60.5166 31.1898 11.2855 29.3268 14.4249 26.8004 15.5193 19.9043 11.2811 19.2519 1.99619 14.6894 1.26074 2.36421 8.30432 5.94971 57.3577 8.51437 12.4022 5.33576 16.3055 11.9915 8.46889
internal_count=35471 34856 30321 29621 27915 1706 368 4535 2043 729 2492 615 2284 1231 1314 1053 700 776 511 386 134 171 454 27139 2612 483 275 1338 867 282
is_linear=0
shrinkage=0.05


Tree=58
num_leaves=31
num_cat=0
split_feature=19 33 33 40 2 20 31 3 3 2 12 2 15 31 15 24 24 39 14 39 31 12 12 39 24 0 12 40 40 40
split_gain=12.8197 8.33572 6.88277 5.7471 3.97935 4.696 4.53161 8.54903 5.77786 4.63473 3.78232 3.49153 3.27548 3.74888 3.43567 2.96099 2.75127 2.69471 3.17201 2.90784 2.6569 2.47753 2.61265 2.40887 2.47564 2.39377 2.17568 2.15219 2.81122 2.00704
threshold=20.887812500000003 0.044466403162055343 0.51925925925925942 0.087661783624001219 1.7871846081191778 1.5000000000000002 18.500000000000004 -0.46406311107844272 0.28150368264292797 0.61501754186286106 11845.180000000002 0.2278905792677067 19980.500000000004 14.500000000000002 1322.5000000000002 2.2514351851851857 37.294068287037042 99.750000000000014 137985.50000000003 526.90000000000009 13.500000000000002 1509.6450000000002 12512.055000000002 188.25000000000003 30.360225694444448 4815.7700000000013 95537.710000000006 0.85672932868859519 1.151357923005113 0.54616525602169574
decision_type=2 2 2 2 2 2 2 2 2 2 2 2 2 2 2 2 2 2 2 2 2 2 2 2 2 2 2 2 2 2
left_child=1 3 17 15 6 10 9 -8 21 20 -6 -2 14 -14 -7 -1 -13 18 -3 -19 27 -9 -23 24 -12 -15 -17 -5 -29 -18
right_child=11 2 -4 4 5 12 7 8 -10 -11 23 16 13 25 -16 26 29 19 -20 -21 -22 22 -24 -25 -26 -27 -28 28 -30 -31
leaf_value=0.010311778040694393 0.032277766798669387 -0.01024328083040142 -0.024371916455626752 0.03282864094595566 -0.010036366336825163 0.037854307690231598 -0.02296298544660574 -0.01131730215942353 -0.023422579954116118 -0.027712187577776853 0.018028948730311654 -0.040541745236121904 0.016201212094817379 0.11973006264428741 -0.018500280500650498 -0.040150085466541113 -0.029887865862253345 0.050697969770165524 0.046121956592417579 -0.023913316247297658 -0.017944461341004997 0.12257166554337956 -0.00099563667853334501 0.054310458987938084 -0.05322403341819372 0.02924531620792439 0.020193439653863679 -0.047422029691828016 0.018522666951310419 0.026925984564305606
leaf_weight=4.5299179876456064 1.4381606682436565 5.6026202037464845 4.414846201776526 8.4580036902334559 16.664953608764339 5.4935984505573305 3.7111858522985131 0.29102037206757758 0.86499765061307687 18.173840608098544 5.9721035852562618 20.102629239903766 3.6495216316543511 2.0000913474941626 3.831892637652345 12.229861359461209 1.7546316190855566 21.568566842353906 3.132201294763945 0.82354080118238826 6.5640298834769046 2.4997707766015087 0.46908799267839629 3.7411878813290969 0.48730388609692443 2.1019036086509004 1.075423675472847 1.5662158934865136 3.4287254933733493 2.5774359272327274
leaf_count=1111 156 620 575 1169 1738 111 701 158 385 7233 279 9256 384 134 558 4790 880 1108 132 46 1611 335 114 135 23 86 64 267 405 927
internal_value=0 0.00923126 0.0298715 0.00221445 0.00740018 0.0179876 -0.00287534 0.0295418 0.0720439 -0.0101108 0.0045484 -0.0283871 0.0377089 0.0600176 0.0151488 -0.0229489 -0.0330864 0.0380841 0.0126302 0.0470489 0.00642802 0.0969274 0.107716 0.0271446 0.00623902 0.0881846 -0.0342021 0.0187387 -0.00661614 0.00262486
internal_weight=0 143.346 35.5418 107.805 89.9694 43.9426 46.0269 7.83606 4.12488 38.1908 26.8655 25.8729 17.077 7.75152 9.32549 17.8352 24.4347 31.1269 8.73482 22.3921 20.017 3.25988 2.96886 10.2006 6.45941 4.10199 13.3053 13.4529 4.99494 4.33207
internal_count=35491 24272 2481 21791 15826 3448 12378 1693 992 10685 2175 11219 1273 604 669 5965 11063 1906 752 1154 3452 607 449 437 302 220 4854 1841 672 1807
is_linear=0
shrinkage=0.05


Tree=59
num_leaves=31
num_cat=0
split_feature=19 21 19 21 24 19 19 1 25 24 24 2 14 24 39 24 39 24 9 12 12 24 39 40 36 6 19 12 31 21
split_gain=10.1745 11.0385 8.76009 7.24603 6.25929 8.4404 7.10392 6.38181 5.44473 4.06451 8.86405 3.8758 3.83697 3.80922 3.79641 5.021 3.59491 5.61078 4.40303 3.5643 3.5401 3.44449 3.5191 3.55761 3.3902 3.22189 2.88299 2.82775 2.74699 2.72689
threshold=21.563715277777781 17.164050925925931 8.2731655092592611 6.4593287037037044 26.672112268518521 17.823964120370373 -1.0000000180025095e-35 7.1508661497893664 1.5000000000000002 7.0907233796296305 15.129971064814816 0.48204688487904213 28853.990000000002 37.294068287037042 170.95000000000002 18.110445601851854 159.75000000000003 16.627152777777781 5.5000000000000009 2366.4350000000004 33868.055000000008 28.864699074074078 172.05000000000004 0.45562789113758678 1.0000000180025095e-35 1.0000000180025095e-35 26.924722222222226 20220.435000000005 11.500000000000002 17.788564814814816
decision_type=2 2 2 2 2 2 2 2 2 2 2 2 2 2 2 2 2 2 2 2 2 2 2 2 2 2 2 2 2 2
left_child=1 2 3 8 5 7 -6 16 9 11 12 -1 28 -2 15 20 17 -3 19 -18 -5 22 23 -8 -16 -12 -15 -13 -11 -9
right_child=13 4 -4 14 6 -7 21 29 -10 10 25 27 -14 26 24 -17 18 -19 -20 -21 -22 -23 -24 -25 -26 -27 -28 -29 -30 -31
leaf_value=0.011035200044251904 -0.036116361640947545 0.046893077658789459 -0.033589578003604112 -0.017326788083407405 0.017224893090654884 -0.033927181714081135 0.0029037196131089056 -0.00068809538658091919 0.048449227515820668 -0.017432746121412438 -0.040373230200503138 -0.043626436763880831 0.00872400785312691 0.05394291066424961 0.066640102484824257 0.06587441175580093 0.011875586075472948 -0.026398550706980314 0.026405431826741755 -0.075471543489964363 0.037166174535158296 0.05228480930221522 0.017762638108884007 0.21478276659664319 -0.0014343358915190545 0.0082928100467867319 -0.01489265214205775 0.00027846758418892083 0.076477279656809616 0.06130395518469544
leaf_weight=5.9211813292931792 18.645554894814271 6.6773862122790941 16.393226756714284 10.022517018718647 7.6523123269435018 6.2266673226840785 0.26050736149772802 2.0693506436655289 3.4459622566355383 0.52982678532134908 8.1280017417157051 14.683760029845873 7.1130553141701967 1.4333980052033428 6.9588615528773499 2.3210549618815994 1.3567649101605628 3.1689378822920844 2.2678800523281097 2.6814415914705023 3.0894529684446743 5.4411147811915725 0.66999861923977733 0.49017183796968311 2.3207159569719806 4.9538231001934028 3.2457882863236591 4.7701565463794386 4.2917854519328102 10.563003238174131
leaf_count=1071 8870 168 6072 1629 503 2086 45 174 162 230 2785 4976 755 107 605 137 157 496 23 178 111 410 36 50 277 61 1678 566 559 441
internal_value=0 0.00857321 -0.0014594 0.00558404 0.0274546 0.0152163 0.0540924 0.0266291 -0.00476283 -0.00927361 0.00498367 -0.0229854 0.0346983 -0.026372 0.0274338 0.01094 0.00503696 0.0230458 -0.0223877 -0.0495923 -0.00276329 0.0877865 0.145987 0.184913 0.0511321 -0.0226642 0.0119794 -0.0333735 0.064936 0.0518433
internal_weight=0 144.469 94.9434 78.5502 49.5255 35.0114 14.5141 28.7848 53.8376 50.3916 25.0165 25.3751 11.9347 23.3247 24.7126 15.433 16.1524 9.84632 6.30609 4.03821 13.112 6.86179 1.42068 0.750679 9.27958 13.0818 4.67919 19.4539 4.82161 12.6324
internal_count=35418 24763 19996 13924 4767 3723 1044 1637 11165 11003 4390 6613 1544 10655 2759 1877 1022 664 358 335 1740 541 131 95 882 2846 1785 5542 789 615
is_linear=0
shrinkage=0.05


Tree=60
num_leaves=31
num_cat=0
split_feature=19 21 19 40 38 39 40 3 6 24 19 38 40 15 5 17 40 24 24 19 15 39 40 3 21 24 15 0 38 31
split_gain=10.0619 9.32931 8.34256 5.0865 5.7052 8.93875 5.25768 4.75251 3.7587 3.74774 10.9087 8.30326 6.16217 3.64415 3.82396 3.60075 3.54978 3.46889 3.34508 4.67974 3.27732 3.17891 3.34611 3.1251 2.80592 2.68298 3.19209 3.35108 3.18744 2.67071
threshold=22.775590277777781 17.164050925925931 8.2731655092592611 0.13851491441678232 58.45000000000001 170.95000000000002 1.9012284946120468 -2.0575984421710278 1.0000000180025095e-35 26.672112268518521 16.863454861111112 69.550000000000011 1.0635921596233058 13709.500000000002 1.0000000180025095e-35 10.500000000000002 0.32915372219967226 30.360225694444448 37.294068287037042 27.888200231481488 1547.5000000000002 71.450000000000017 0.54616525602169574 -2.6160201662224849 5.0341550925925933 18.604103009259262 4173.5000000000009 1274.2100000000003 103.25000000000001 7.5000000000000009
decision_type=2 2 2 2 2 2 2 2 2 2 2 2 2 2 2 2 2 2 2 2 2 2 2 2 2 2 2 2 2 2
left_child=1 2 3 8 5 21 13 -3 29 10 25 12 16 14 24 -13 -11 20 -2 -20 -18 22 -5 -7 -6 26 28 -28 -9 -1
right_child=18 7 -4 4 6 23 -8 9 -10 11 -12 15 -14 -15 -16 -17 17 -19 19 -21 -22 -23 -24 -25 -26 -27 27 -29 -30 -31
leaf_value=0.020245479136323775 -0.039223542344777963 -0.0024573489350261982 -0.033212191409838089 0.066908533563176109 -0.036473749990375233 -0.012136998548986084 0.046395180812274103 -0.013041558777026188 0.018263979435640478 0.028911254263959404 -0.022440054731708552 -0.048014196467997837 0.010508973907799354 -0.039278272976976746 0.036198400918409201 0.043743766784459154 0.031644432999939326 0.060893873646259866 0.058624311353476267 -0.02672904264430051 0.22145407823806679 0.00049533638458832557 0.0010279383627500832 0.080116069611113019 0.017497703383377711 0.017309382043792627 -0.015438111622779693 0.099828308935919013 0.058674504994115764 -0.040604347971444688
leaf_weight=1.5004939123755345 16.329339320654984 12.426518270163795 16.619388962746598 3.3591662276303422 5.4996455713408121 0.7706940077478065 2.9851817110320544 2.552029904443776 4.3441764806630081 2.3510582805611175 8.9660159430932236 2.0041669782949607 3.1749647947726771 8.6172161713475344 4.1212655706331125 0.73643963155336667 0.71755497716367223 3.4149027972016484 1.5932448302628461 3.2529025505064055 0.63619755825493485 21.556934449356049 3.5117670667823404 6.4931244653416789 3.0669714629184455 7.1427761289523906 0.44107110030017782 4.0282372346846387 2.0536276610800996 10.835114862886256
leaf_count=243 8196 742 6097 315 1674 14 208 54 91 242 3037 298 105 2589 36 79 12 95 111 1692 69 2819 483 218 732 438 158 166 34 4592
internal_value=0 0.00724714 -0.00216986 0.00490075 0.0116908 0.0241555 -0.00685546 0.024298 -0.018797 0.032838 0.0202365 0.0540073 0.0731576 -0.0160622 0.001423 -0.0182549 0.0963602 0.118838 -0.0289223 0.00656008 0.177034 0.0104485 0.0376452 0.0700437 -0.0173419 0.0437633 0.0608001 0.08771 0.0236986 -0.0322395
internal_weight=0 143.927 93.2811 76.6618 59.982 35.6917 24.2903 50.6456 16.6798 38.219 25.1838 13.0353 10.2947 21.3051 12.6879 2.74061 7.11971 4.76866 21.1755 4.84615 1.35375 28.4279 6.87093 7.26382 8.56662 16.2177 9.07497 4.46931 4.60566 12.3356
internal_count=35639 25640 20111 14014 9088 3849 5239 5529 4926 4787 3887 900 523 5031 2442 377 418 176 9999 1803 81 3617 798 232 2406 850 412 324 88 4835
is_linear=0
shrinkage=0.05


Tree=61
num_leaves=31
num_cat=0
split_feature=19 21 19 39 14 14 0 31 33 19 0 2 16 40 2 0 31 0 0 14 40 40 40 31 21 47 13 14 40 14
split_gain=8.12342 9.62614 6.40004 6.71147 4.97239 4.43303 4.16336 3.98063 3.76098 4.22676 4.1438 4.35209 3.69932 4.01373 3.63884 5.27109 3.5796 3.1901 2.75299 2.57057 2.52498 2.49461 2.58822 2.4493 2.44326 2.31483 2.26183 2.33122 2.48449 2.2526
threshold=22.775590277777781 17.164050925925931 10.686770833333336 124.65000000000002 17381.790000000005 8663.1300000000028 49283.490000000013 21.500000000000004 0.044466403162055343 17.257303240740743 1865.8650000000002 0.14375361867551273 4.5000000000000009 0.81368777198326903 1.8043217288044124 1056.8000000000002 4.5000000000000009 255.34500000000003 6475.0850000000009 191074.04000000001 1.4578400037239403 0.11588804725141814 0.76340007049726977 6.5000000000000009 28.980908564814818 1.0000000180025095e-35 33.500000000000007 31152.510000000006 1.9012284946120468 39761.950000000012
decision_type=2 2 2 2 2 2 2 2 2 2 2 2 2 2 2 2 2 2 2 2 2 2 2 2 2 2 2 2 2 2
left_child=1 2 3 7 -5 17 14 12 9 10 11 -7 19 -14 15 -6 -10 -3 29 20 -1 -19 -23 -17 -11 -20 27 -18 -29 -16
right_child=-2 5 -4 4 6 8 -8 -9 16 24 -12 -13 13 -15 18 23 26 21 25 -21 -22 22 -24 -25 -26 -27 -28 28 -30 -31
leaf_value=-0.034801154941211603 -0.024974698465692696 -0.0023634328716491421 -0.038070753394356303 -0.011700693114476232 0.041836139501334635 0.016646481163003456 -0.031311102565073641 0.035243413285367599 0.011691010991642548 -0.033312064685284713 0.038763539688263335 -0.045725690443896128 0.04090343458012758 -0.036263236988796778 0.021663971467621963 0.01946957790652995 0.0010398143670119324 -0.012898506607890431 0.037410202682122584 0.01662440928508126 0.010501351499479799 0.12298626100499421 0.015424832549928845 -0.03475591393318634 0.03986004840362424 -0.022112776415285348 -0.022141617882854462 0.080899467684537985 -0.0066714721293673999 0.10434495592252374
leaf_weight=22.873280585627079 20.044031906872988 1.2041798195568834 9.6273428971180675 10.898771780077366 6.2569782853825071 7.865946133853873 2.0982807485852382 3.1024497939506537 8.4376407221425342 6.3985822331160298 11.224761019228024 3.0910842779558152 4.1532080110628149 1.6011186597170306 1.9384488242212672 2.4179281822871417 1.3549583485582806 0.32806385657750103 10.264069587923583 2.7958366501843548 3.0706696377601466 2.0439475974999373 1.0789362342329694 4.9220092091709375 0.48180836625397194 1.2348492675228051 0.37055850878823626 6.7388802084606141 0.74239037698134769 2.4457545696059242
leaf_count=6899 9958 125 4433 3004 1039 431 37 251 191 2539 385 771 381 119 318 96 241 107 378 423 380 189 146 1978 85 67 24 282 17 162
internal_value=0 0.00832539 -0.00160137 0.00319888 0.0166356 0.0253615 0.0264744 -0.0120198 0.0197851 0.00821621 0.0187386 -0.00330189 -0.0171439 0.0172421 0.0314797 0.0112575 0.0373776 0.0679192 0.047099 -0.024377 -0.0292485 0.0874647 0.0985793 -0.0167003 -0.0237802 0.0297604 0.0574666 0.0627167 0.0724475 0.0786013
internal_weight=0 141.063 89.701 80.0737 42.4771 51.3617 31.5783 37.5966 46.7066 29.0622 22.1818 10.957 34.4941 5.75433 29.48 13.5969 17.6444 4.65513 15.8831 28.7398 25.944 3.45095 3.12288 7.33994 6.88039 11.4989 9.20679 8.83623 7.48127 4.3842
internal_count=35456 25498 19965 15532 7079 5533 4075 8453 4966 4211 1587 1202 8202 500 4038 3113 755 567 925 7702 7279 442 335 2074 2624 445 564 540 299 480
is_linear=0
shrinkage=0.05


Tree=62
num_leaves=31
num_cat=0
split_feature=34 14 13 0 17 0 16 40 21 17 17 21 21 0 33 19 40 23 24 24 7 21 31 31 2 2 40 11 12 19
split_gain=7.10858 6.35995 5.44507 6.41298 4.8662 4.68625 3.75954 3.63376 3.63339 7.39664 4.64827 3.57763 3.77662 3.48503 4.21319 3.41102 3.30456 3.21026 3.4902 2.9199 2.83306 2.77846 3.50597 2.81857 2.5653 2.55957 4.08821 2.69648 3.01226 2.23736
threshold=1.0000000180025095e-35 44769.975000000006 19.500000000000004 1529.5200000000002 8.5000000000000018 1844.3000000000002 7.5000000000000009 0.078525047230507947 17.164050925925931 6.5000000000000009 10.500000000000002 37.545688657407418 18.528153935185191 2741.5350000000003 0.053342816500711245 19.020578703703709 0.21015751682157843 1.0000000180025095e-35 1.0000000180025095e-35 14.973287037037039 1.0000000180025095e-35 17.435480324074078 15.500000000000002 15.500000000000002 2.3213996266501762 0.49732171013566157 0.92484058997275287 6.5000000000000009 5437.3850000000002 7.1761226851851863
decision_type=2 2 2 2 2 2 2 2 2 2 2 2 2 2 2 2 2 2 2 2 2 2 2 2 2 2 2 2 2 2
left_child=1 5 4 19 7 20 -6 -3 -7 16 -11 12 17 14 -14 21 -10 -2 -19 -4 -1 22 24 -23 -9 -21 27 28 -27 -24
right_child=11 2 3 -5 6 8 -8 15 9 10 -12 -13 13 -15 -16 -17 -18 18 -20 25 -22 23 29 -25 -26 26 -28 -29 -30 -31
leaf_value=-0.03198108219391009 0.0005314234402776745 -0.030820377156812791 -0.014292078664778031 -0.03106654259894719 0.066709010930827498 -0.014175971785250263 -0.033619607002528425 -0.042299473479894191 -0.019159183311817211 -0.052750995603723018 0.035633633785684522 -0.03998995978579753 -0.023738423204537992 0.068984850631361908 0.042204095794346502 -0.026246929480082667 0.06303946234053602 -0.0040189636606966497 0.06358231208031441 0.0052861633380727911 0.010658722303322619 0.081111359200547586 0.050772424221280747 -0.0057009832653954042 0.015474332729592064 -0.0018836721783874275 -0.011736550916764017 -0.011205607692815705 0.14333443637969251 -0.021786726813236245
leaf_weight=31.369542904663831 21.737722102669071 3.5628531222464579 3.1196039573987964 13.174587783170862 6.3697785479016593 17.874002474476587 0.45576036954298604 2.6207038298016432 1.0016020952025408 3.3387394973542541 1.4220977214863522 1.5921592179220159 3.1235669290181232 5.8025134167401111 5.2711949334479868 2.6609653318300834 5.9911704676924273 2.9336343809263772 3.9270121306180954 3.0452560640405864 3.9420052714413023 2.7454253024188797 4.6839541617082432 1.0799496102845294 3.2863131547346711 0.40276811213698271 0.88724927848670621 0.28769453265704203 1.0165420849807558 0.71234884206205595
leaf_count=14931 2881 977 577 3809 708 3425 11 816 309 886 203 182 771 394 121 1154 713 159 34 448 263 171 346 109 143 156 199 145 219 254
internal_value=0 -0.00479061 0.00849773 -0.00994305 0.0227008 -0.0150182 0.0565697 0.00982782 -0.000253087 0.0203712 -0.0247472 0.0185499 0.0215912 0.0418531 0.0177528 0.0191757 0.0503418 0.0104582 0.0378419 0.0217565 -0.0270585 0.028297 0.0133668 0.0605007 -0.0125707 0.0408467 0.0695049 0.100468 0.11838 0.0392855
internal_weight=0 115.051 50.1118 21.9337 28.1781 64.9392 6.82554 21.3525 29.6276 11.7536 4.76084 44.3878 42.7956 14.1973 8.39476 17.7897 6.99277 28.5984 6.86065 8.75911 35.3115 15.1287 11.3033 3.82537 5.90702 5.63951 2.59425 1.707 1.41931 5.3963
internal_count=35514 30972 10242 5553 4689 20730 719 3970 5536 2111 1089 4542 4360 1286 892 2993 1022 3074 193 1744 15194 1839 1559 280 959 1167 719 520 375 600
is_linear=0
shrinkage=0.05


Tree=63
num_leaves=31
num_cat=0
split_feature=19 21 40 25 12 2 0 2 33 20 31 3 17 24 40 12 14 40 19 31 40 40 24 33 24 21 24 0 24 2
split_gain=7.44312 8.00351 7.83023 6.01276 4.9515 4.90816 3.77695 6.45056 5.91077 3.97682 4.67492 4.43543 3.68524 4.04936 3.68489 3.63486 3.59187 3.39759 3.33138 2.9978 2.6346 2.51879 2.49923 2.49341 2.43862 2.35622 2.19857 2.12379 2.1071 2.02602
threshold=23.952002314814816 28.296990740740743 1.4578400037239403 1.5000000000000002 33868.055000000008 0.59506491956954533 90.210000000000022 1.8043217288044124 0.042572463768115944 1.5000000000000002 13.500000000000002 0.73540596028901262 1.5000000000000002 0.099994212962962972 0.51969810580415199 29528.415000000005 456089.75000000006 1.326721178255639 2.8869675925925931 9.5000000000000018 0.24143944177286394 1.8297834177823245 0.31092592592592599 0.35067567567567576 28.25847800925926 5.1462905092592601 7.1784664351851859 3061.7150000000006 31.1062962962963 1.2285442870319423
decision_type=2 2 2 2 2 2 2 2 2 2 2 2 2 2 2 2 2 2 2 2 2 2 2 2 2 2 2 2 2 2
left_child=1 3 5 4 6 24 17 8 12 11 23 25 13 -8 -10 29 21 -1 26 -16 -5 28 -15 -11 -3 27 -12 -9 -6 -7
right_child=-2 2 -4 20 16 15 7 9 14 10 18 -13 -14 22 19 -17 -18 -19 -20 -21 -22 -23 -24 -25 -26 -27 -28 -29 -30 -31
leaf_value=0.035007752661763883 -0.02802660294428579 0.033939713070835001 -0.019428435743412298 -0.015924448956459378 0.0082381658189961456 0.1511175658652685 -0.026305419098019728 0.13212517970621693 -0.026297564470153974 -0.02341370335214912 0.018496984864088708 -0.013914243235310451 -0.038859435476911133 0.11831188792661601 0.059129504206343025 -0.019343794589647127 -0.032782386280934932 -0.033642381838361643 -0.00023213366884212105 -0.014291799758893496 0.045532667017995465 0.068040222989764518 -0.011623503527682325 0.038968270783226608 -0.025157597973516962 -0.013238651320988818 0.086058520799595445 -0.0085715875110042462 0.054626080027230219 0.058585914439765741
leaf_weight=7.4473940843017754 17.574582024710253 6.1479286620160583 4.4698064487893125 1.5958095220848907 14.220021936343992 0.85627073189243663 1.1047343974933053 0.097861829679461887 2.9703409326029933 5.6012473568553096 2.6389733032556233 25.683074817876332 30.088481495389715 0.18815343419555564 3.2262585854623467 0.48716961324680585 2.1118124563945448 1.4386103586293755 2.9954258935758844 1.5826214236440135 8.7580891195684654 2.1546497686067587 0.30200144310947508 1.14834474097006 1.5070341421524061 0.34677244233898818 3.2477510399185121 0.20398696733172983 2.0996943234931669 5.3177950370591134
leaf_count=231 9140 126 129 156 1164 126 616 43 822 753 187 3137 15427 94 233 20 425 38 720 519 285 60 185 27 392 124 34 88 69 161
internal_value=0 0.00564693 0.0351329 0.000828555 -0.00269604 0.0523243 -0.00776483 -0.0111943 -0.0254416 0.00248412 0.0217112 -0.00930675 -0.0348192 0.0270042 0.0123674 0.0811725 0.0188704 0.0216148 0.0437089 0.0366656 0.0354922 0.026155 0.0841784 -0.00914143 0.0207427 0.0709112 0.062855 0.103495 0.0170158 0.0906946
internal_weight=0 140.038 18.786 121.252 110.898 14.3162 90.312 81.426 39.4626 41.9634 15.6317 26.3317 31.6834 1.59489 7.77922 6.66124 20.5862 8.886 8.88215 4.80888 10.3539 18.4744 0.490155 6.74959 7.65496 0.648621 5.88672 0.301849 16.3197 6.17407
internal_count=35531 26391 954 25437 24996 825 23278 23009 17896 5113 1721 3392 16322 895 1574 307 1718 269 941 752 441 1293 279 780 518 255 221 131 1233 287
is_linear=0
shrinkage=0.05


Tree=64
num_leaves=31
num_cat=0
split_feature=19 40 38 3 13 10 0 45 13 25 3 0 19 13 0 0 13 13 3 38 40 31 11 31 15 40 40 31 0 12
split_gain=9.22282 6.19101 6.23722 5.11398 4.72245 3.85982 3.12364 3.0794 2.96344 2.74349 2.40564 2.33588 2.30649 2.2438 2.23479 4.36274 3.76936 3.61947 3.61618 3.43113 2.76594 2.58543 2.34754 2.34853 2.34174 2.26158 2.08331 2.67781 3.35527 2.00386
threshold=21.268032407407411 0.022730671873701674 58.45000000000001 0.72341468225539651 33.500000000000007 998.71500000000015 31310.120000000003 1.0000000180025095e-35 5.5000000000000009 2.5000000000000004 2.4886287789189101 50.085000000000008 21.056348379629636 3.5000000000000004 2001.1600000000001 7870.5850000000009 21.500000000000004 18.500000000000004 2.2838636327926638 21.450000000000003 1.7371063279883976 12.500000000000002 7.5000000000000009 20.500000000000004 354.50000000000006 0.82010929593307391 0.6435842022515007 11.500000000000002 22077.235000000004 156606.86500000002
decision_type=2 2 2 2 2 2 2 2 2 2 2 2 2 2 2 2 2 2 2 2 2 2 2 2 2 2 2 2 2 2
left_child=1 6 4 5 8 12 13 26 -3 10 11 -2 -4 -1 17 16 19 22 25 -16 -19 -21 23 -10 -23 -17 27 29 -29 -5
right_child=9 2 3 7 -6 -7 -8 -9 14 -11 -12 -13 -14 -15 15 18 -18 20 -20 21 -22 24 -24 -25 -26 -27 -28 28 -30 -31
leaf_value=0.020868548443758923 0.032157794744865548 -0.016117510544687619 -0.042537184102363179 -0.055834018584176949 -0.040835454007840388 0.0087548650291347837 0.016044866117466538 0.064006413165444628 0.0023825441350352663 0.037549447292161892 0.02428258290538348 -0.038513582138527527 0.041961969183739525 -0.042161266664672202 0.0014454776448056706 -0.036760078460096615 -0.012031618959414722 0.040388528367953008 0.031454666934068592 0.035349044417499254 -0.027426572937776058 0.0061149839678255923 -0.036999262419053026 0.049624439220611459 0.094553307416571877 0.016261414148820687 0.019204608719568399 -0.025454604754635041 0.033539508007834805 0.015502721270320234
leaf_weight=1.0152470080647606 0.5127092050388552 4.1263702881988129 11.856714738532901 2.8336228971602453 2.203011682839132 5.9221611943794406 3.3998428282793602 1.48104972927831 19.957589414319962 0.7508457712829103 1.1709919339045871 18.636260566185229 0.087342315353453936 9.6180837665451673 2.5267029524548041 3.637928898097015 1.9241028721444298 13.586395542020906 9.3026695789303613 7.1767524401657266 0.98171470896340984 0.98966629919596005 2.1994301103986791 2.0514867543242863 6.6492584689985961 2.7690236925845966 11.62305017292965 3.4547041750047356 4.3191313764546067 0.83368353825062502
leaf_count=391 6 995 7169 377 531 1218 96 42 2585 4 41 10773 71 5022 309 359 339 1258 95 433 96 22 40 164 661 220 1214 782 79 11
internal_value=0 0.0081331 0.0117702 -0.00368673 0.0199007 -0.023357 -0.0222855 0.0109849 0.0221146 -0.0266939 -0.0307177 -0.0351193 -0.0387252 -0.0348668 0.0244407 0.0336126 0.0490655 0.0155306 0.0128588 0.0561305 0.0343504 0.0647756 0.00329191 0.00875136 0.0851297 -0.014743 0.00506186 -0.00969454 0.00740934 -0.0397702
internal_weight=0 136.527 122.494 42.4115 80.0821 17.8662 14.0332 24.5452 77.8791 21.0708 20.32 19.149 11.9441 10.6333 73.7527 34.9761 19.2665 38.7766 15.7096 17.3424 14.5681 14.8157 24.2085 22.0091 7.63892 6.40695 23.0642 11.4411 7.77384 3.66731
internal_count=35403 24579 19070 10963 8107 8458 5509 2505 7576 10824 10820 10779 7240 5413 6581 2438 1764 4143 674 1425 1354 1116 2789 2749 683 579 2463 1249 861 388
is_linear=0
shrinkage=0.05


Tree=65
num_leaves=31
num_cat=0
split_feature=40 13 14 16 39 10 17 13 11 40 31 2 3 31 2 39 2 40 0 41 2 14 3 33 3 17 14 14 13 39
split_gain=4.15158 3.59953 5.28857 4.58613 3.99707 4.29612 3.89113 4.42451 4.13058 3.85537 3.5459 4.03758 4.70148 3.57807 3.03761 3.65732 3.01971 2.95065 2.91825 2.71178 2.5136 2.50079 2.38179 2.36932 2.23745 2.00883 1.99106 1.96714 1.94702 1.92735
threshold=0.0098527962866616931 21.500000000000004 51769.120000000003 4.5000000000000009 602.45000000000016 7946.2850000000008 8.5000000000000018 10.500000000000002 2.5000000000000004 0.90982186596004588 20.500000000000004 0.50452101119308079 0.83213257386603845 13.500000000000002 0.38606322304751223 126.05000000000001 3.5784911103162877 0.89336880286019371 24211.650000000005 1.0000000180025095e-35 0.083722745463578219 101317.78500000002 0.057019022509601509 0.49358974358974367 -1.6435472417054593 8.5000000000000018 36478.350000000013 15375.495000000004 32.500000000000007 66.550000000000011
decision_type=2 2 2 2 2 2 2 2 2 2 2 2 2 2 2 2 2 2 2 2 2 2 2 2 2 2 2 2 2 2
left_child=18 2 4 -3 5 10 7 16 21 23 11 13 29 14 20 -16 22 -17 19 -1 -2 -9 24 28 -4 -6 -14 -12 -5 -13
right_child=1 3 6 9 25 -7 -8 8 -10 -11 27 12 26 -15 15 17 -18 -19 -20 -21 -22 -23 -24 -25 -26 -27 -28 -29 -30 -31
leaf_value=-0.037970139167383468 0.031649354755051227 -0.025395093054914671 0.041565794292655459 0.048732915308767097 0.062447140415382352 0.048352486508141765 0.046299828625257618 0.0034978111419665583 0.020571893217294055 -0.024675987789210679 0.046594486041390375 0.016735723343559553 0.0050910155732158298 -0.017639656883966993 -0.016314984044950225 0.13284928589202039 -0.010039969594061476 -0.011043474929392522 0.016611521196173193 0.034043011240795541 -0.02535124033317699 -0.04741410391015749 0.06851140469025889 -0.034519344745972909 -0.033321568336213817 -0.01872257130121156 -0.034215084409036908 -0.003556198243705093 -0.0076917459890892617 -0.037459348437774952
leaf_weight=11.141494521580167 4.7968130451627058 16.684632516058631 0.93118913890793953 6.5960406218073295 2.7993028370547104 3.1832010098732999 13.162434015248435 4.0684343141620065 8.9970475080190209 3.7517928176675914 3.9952692968072361 1.236522890569179 21.374108692747544 4.6078095818520515 0.47520464711124066 0.84827804384985916 2.0976866527926177 0.26347984815947711 3.4885102875996372 0.69079487281851548 2.0190691758180037 4.498262386303395 5.1622479905490763 0.49700406449847001 1.0708856864948773 0.46874145290348668 2.7641345653682938 2.9948752799537033 1.6040427466505205 17.957639764994383
leaf_count=6747 107 5376 88 443 188 80 916 662 1115 589 475 664 2897 1392 194 182 75 97 158 9 717 876 467 92 366 37 302 482 456 9237
internal_value=0 0.00651422 0.0106458 -0.00888997 0.00223928 -0.000759089 0.0249037 0.0131188 -0.00200975 0.0134745 -0.00394072 -0.00823229 -0.01551 0.0153833 0.033442 0.0802181 0.0392077 0.109667 -0.0201518 -0.0314406 0.0136809 -0.0253971 0.0530908 0.0307795 0.00375282 0.0491459 -0.000592056 0.0273519 0.0380592 -0.0333122
internal_weight=0 138.906 109.773 29.1335 69.7845 66.5164 39.9882 26.8258 17.5637 12.4489 63.3332 56.3431 43.3324 13.0107 8.40284 1.58696 9.26201 1.11176 15.3208 11.8323 6.81588 8.5667 7.16432 8.69709 2.00207 3.26804 24.1382 6.99014 8.20008 19.1942
internal_count=35486 28572 21616 6956 17051 16826 4565 3649 2653 1580 16746 15789 13100 2689 1297 473 996 279 6914 6756 824 1538 921 991 454 225 3199 957 899 9901
is_linear=0
shrinkage=0.05


Tree=66
num_leaves=31
num_cat=0
split_feature=39 19 33 33 31 14 40 23 14 13 31 39 39 10 39 13 10 10 12 40 3 39 39 3 3 0 0 14 10 14
split_gain=7.0528 5.20712 4.92275 6.57059 4.67908 4.25053 4.07728 4.06805 3.9317 3.04843 3.92688 3.61383 4.53926 3.03321 3.49299 2.89136 3.43786 3.72187 3.63339 3.20944 3.11785 3.44905 2.56731 2.73611 4.27693 3.02733 2.48019 2.43129 2.40139 2.68918
threshold=750.70000000000016 23.952002314814816 0.11882352941176472 0.48331479421579543 21.500000000000004 24202.495000000003 2.3911494336189496 1.0000000180025095e-35 9232.8350000000009 7.5000000000000009 20.500000000000004 70.450000000000017 58.150000000000013 5257.5500000000011 102.95000000000002 31.500000000000004 1219.6150000000002 1840.845 70001.780000000013 0.47571619310102264 -0.34919373424960681 417.60000000000008 243.55000000000004 1.4472871469932787 2.0262601809877228 1235.2800000000002 38051.880000000012 60646.80000000001 217.73000000000002 159162.37500000003
decision_type=2 2 2 2 2 2 2 2 2 2 2 2 2 2 2 2 2 2 2 2 2 2 2 2 2 2 2 2 2 2
left_child=1 2 4 13 5 7 -6 9 -5 11 -11 12 -1 14 -4 16 18 19 22 -18 -19 -22 23 25 -25 28 -26 -24 29 -7
right_child=-2 -3 3 8 6 15 -8 -9 -10 10 -12 -13 -14 -15 -16 -17 17 20 -20 -21 21 -23 27 24 26 -27 -28 -29 -30 -31
leaf_value=-0.010875117928592779 0.054897587436842733 -0.025219041530330166 0.0061633139628762407 0.048577227737249436 0.043200945685940628 0.02450920301998892 -0.053271333603843521 0.014595685768329323 -0.040053364700997983 -0.042358870869884505 0.034061592941802776 -0.018488389042824984 0.10323315665348978 -0.0068255729668674839 0.063736599075273057 -0.029995231510980054 -0.017181087354906109 -0.020263727335984232 0.040854955798749315 0.091864600674459895 0.03278291430514027 -0.048378436624373071 0.042511953869396019 0.054487537851770886 0.018391568944558939 -0.03939109470746148 -0.031308198363440391 -0.023623049579757444 -0.035203243574450933 -0.039593936772762413
leaf_weight=1.5411117830663008 5.2654999287915407 16.123929512279574 3.7820115928771036 0.72372287441976269 7.9959150293143448 6.8533551072468999 0.39042354724369932 7.503755963756702 4.3067198777571321 17.860134304210082 1.1093296404578712 7.8842445313930511 0.60526873217895616 2.6124904976459211 9.8664189169649017 4.6439607290667473 0.51029347872827502 4.2450052220956485 3.6467828719178206 2.0346407040487975 11.841277892235659 0.57425567461177784 3.6565035113017066 2.5838044187985352 3.6148356690537167 10.386529042094478 4.6835485296323895 1.2315669638919642 2.8302555081900209 1.1180677773663772
leaf_count=830 191 9117 279 93 558 1726 7 637 692 7156 218 2740 137 76 449 1732 156 562 226 144 848 40 716 288 103 5093 54 445 225 77
internal_value=0 0.00072283 0.00409199 0.025507 -0.000271254 -0.00337876 0.0335128 -0.0167743 -0.0213613 -0.0251073 -0.0364079 -0.00237278 0.043886 0.0404037 0.0492928 0.00434817 0.00746415 0.0243181 -0.000900333 0.0713208 0.0135064 0.0257026 -0.0059882 -0.0112652 0.00860154 -0.0213964 -0.010009 0.0246669 -0.00222177 0.012107
internal_weight=0 146.76 130.636 21.2914 109.345 100.959 8.38634 36.5038 5.03044 29.0001 18.9695 10.0306 2.14638 16.2609 13.6484 64.4547 59.8107 19.2055 40.6052 2.54493 16.6605 12.4155 36.9585 32.0704 10.8822 21.1882 8.29838 4.88807 10.8017 7.97142
internal_count=35615 35424 26307 1589 24718 24153 565 11718 785 11081 7374 3707 967 804 728 12435 10703 1750 8953 300 1450 888 8727 7566 445 7121 157 1161 2028 1803
is_linear=0
shrinkage=0.05


Tree=67
num_leaves=31
num_cat=0
split_feature=14 13 17 34 21 13 31 5 13 19 21 3 21 10 19 19 33 31 19 12 24 24 3 24 3 2 2 24 14 21
split_gain=6.64416 4.55514 4.99752 3.89499 4.00527 4.26467 3.97925 4.03739 3.95051 3.58278 5.15448 4.11818 3.80433 3.55698 3.1151 4.84879 2.95185 2.6059 2.64505 2.5667 2.50237 2.86673 2.72132 2.35189 2.53412 2.2654 2.24603 2.19023 2.17879 2.14789
threshold=38697.435000000005 31.500000000000004 8.5000000000000018 1.0000000180025095e-35 33.844265046296307 15.500000000000002 20.500000000000004 1.0000000180025095e-35 10.500000000000002 23.952002314814816 18.528153935185191 1.1236578633750149 32.794733796296306 660.58000000000004 7.638964120370372 0.531846064814815 0.065591397849462371 21.500000000000004 14.949097222222223 35421.575000000004 7.1784664351851859 8.1068865740740765 2.4886287789189101 38.228206018518527 -5.1644574533274303 3.7080359877045295 4.9736416646247781 30.932476851851856 177079.70000000001 3.4735532407407415
decision_type=2 2 2 2 2 2 2 2 2 2 2 2 2 2 2 2 2 2 2 2 2 2 2 2 2 2 2 2 2 2
left_child=3 2 9 4 6 23 7 8 20 10 11 17 26 -8 15 -4 19 18 -2 -16 -1 -22 -23 24 -6 -13 28 -3 -12 -17
right_child=1 27 14 -5 5 -7 13 -9 -10 -11 12 25 -14 -15 16 29 -18 -19 -20 -21 21 22 -24 -25 -26 -27 -28 -29 -30 -31
leaf_value=-0.029487232475491183 -0.032549589605122248 -0.038183340471162223 0.026442289388613673 0.0097626921922063202 -0.033422079512447973 -0.030372151680226434 -0.015888514874230729 0.036905042851508425 -0.043488548506005871 -0.039032058181966811 0.070778022183536557 0.045937003970518968 -0.033117900038336097 0.053364901161547997 -0.028886790161713218 -0.011768093452357535 0.034765950800223426 0.032426194617346672 0.036129529185098354 0.037081287509169746 0.07127433793774833 -0.020056158791428295 0.032789516416962504 -0.021832112457300074 0.061515846695302245 0.003860814962068534 -0.0029645037808556257 0.025297555966093257 -0.015707647930570112 0.093633616406208653
leaf_weight=8.6916064673569071 12.486909043916967 5.1732524096150874 16.070487893477555 21.267236826650333 0.17306086118333031 2.3994336322648451 3.3722483658930278 1.6148214666172851 21.308416531246621 3.2899934710003427 5.8366113338270207 3.7324830637080586 0.84722355497069646 2.3688016675878316 5.0474975368124415 0.30588006705511261 4.5652299956418574 1.3029674681602035 0.73904603160917837 1.0207055865903383 0.45249635342042793 6.8153572401497495 2.5498515027575195 0.73540255619445805 4.3065260478178962 10.527888350887222 1.4485033175442366 0.98953971406444896 0.45326579414540891 3.9184862897382118
leaf_count=3578 3255 1935 675 2899 2 954 769 13 9600 1718 743 267 87 119 2164 130 293 119 382 229 95 2947 33 396 909 223 27 550 192 280
internal_value=0 0.0125765 0.0161979 -0.00807826 -0.0150545 0.0169592 -0.0204667 -0.0258354 -0.0292217 0.00445434 0.00919968 -0.00132876 0.0409593 0.0163635 0.0310154 0.0421018 0.00805593 -0.0194145 -0.026442 -0.0141143 -0.01141 0.0058402 -0.00389265 0.0401194 0.0524181 0.0171623 0.0519313 -0.0258817 0.0632458 0.0852099
internal_weight=0 77.756 71.5932 76.0553 54.788 7.61442 47.1736 41.4325 39.8177 40.6649 37.3749 28.7893 8.5856 5.74105 30.9283 20.2949 10.6334 14.5289 13.226 6.0682 18.5093 9.81771 9.36521 5.21499 4.47959 14.2604 7.73838 6.16279 6.28988 4.22437
internal_count=35583 13269 10784 22314 19415 2261 17154 16266 16253 7013 5295 4246 1049 888 3771 1085 2686 3756 3637 2393 6653 3075 2980 1307 911 490 962 2485 935 410
is_linear=0
shrinkage=0.05


Tree=68
num_leaves=31
num_cat=0
split_feature=38 39 2 40 0 38 39 38 39 2 17 27 14 19 31 6 21 40 25 14 31 12 47 14 14 12 19 38 0 14
split_gain=7.49586 11.9457 7.60484 7.48553 7.26093 6.10691 9.88229 5.28561 4.23737 4.16213 3.49192 3.40296 3.34328 3.23512 3.53666 3.53383 4.36851 2.95022 2.89912 3.01424 3.29233 2.69902 3.0339 2.74639 2.54368 2.34162 2.1312 2.089 2.08035 1.98424
threshold=70.15000000000002 129.65000000000001 1.9621099585898829 0.82662162922869153 90.210000000000022 27.850000000000005 76.550000000000011 39.550000000000004 1003.5500000000001 19.571745490999184 1.5000000000000002 1.0000000180025095e-35 38697.435000000005 9.8381597222222243 4.5000000000000009 1.0000000180025095e-35 5.0341550925925933 0.17925222463280435 1.5000000000000002 120410.17500000002 6.5000000000000009 3848.2600000000007 1.0000000180025095e-35 5574.1650000000009 52608.515000000007 11654.190000000001 19.976226851851855 31.150000000000002 394.55500000000006 153267.40000000005
decision_type=2 2 2 2 2 2 2 2 2 2 2 2 2 2 2 2 2 2 2 2 2 2 2 2 2 2 2 2 2 2
left_child=1 4 11 21 -1 9 7 27 13 10 -6 -2 -5 14 -4 16 -16 -9 19 20 -8 22 23 -3 -14 -23 -25 -7 -26 -27
right_child=2 3 8 12 5 6 18 17 -10 -11 -12 -13 24 -15 15 -17 -18 -19 -20 -21 -22 25 -24 26 28 29 -28 -29 -30 -31
leaf_value=0.040804582561242031 -0.040879329131053882 -0.0061322896506977431 -0.042944543971336478 -0.018095528933469267 0.041180534679054415 0.034149154578805997 0.012186982275247215 -0.018997708618096708 0.045753342573677525 0.02549746904670391 -0.03554503265315586 0.032431816405852479 0.062340337411715623 -0.040643044274222502 -0.041300799306636479 0.042333609029578799 0.025021814218788675 0.089117726865143382 0.026141275595380677 0.013816409295624651 -0.038995993933108763 0.0038298238906293216 -0.01460803253587045 0.089992422171721251 -0.034363731101475399 0.059897213432504363 0.016205069355167741 -0.02341080003558571 0.021396150556424142 0.0019437833194464961
leaf_weight=7.8321091616526237 18.480394760088533 0.85804794437717724 2.1281818081624868 7.4825568316737181 0.76431542017963394 2.0487715536728484 3.5699257921660417 0.35956850100774307 4.2032466831151387 2.891498500481247 23.595188100473024 0.99471309629734506 2.114297748077659 3.8420736647676668 3.6085702053969708 5.7728642898146054 4.4183348136721179 4.471162990143057 3.7126323052216312 5.2156924308510488 12.53957932355115 5.5478019415750151 0.74245889135636467 8.1723672765656357 1.3823338119545949 5.4502932547475211 1.6567910070298228 2.2918105648132041 4.7210072710295208 2.0047603677376173
leaf_count=190 11468 172 49 762 349 315 163 42 44 28 10083 160 129 1588 585 54 344 285 106 705 4952 612 140 539 32 273 311 529 371 183
internal_value=0 0.0109914 -0.013336 0.0323371 -0.00165584 -0.00763339 0.00640672 0.0480565 0.00556153 -0.0248613 -0.0316087 -0.0357338 0.00486172 -0.00477497 0.00576682 0.0156731 -0.00606643 0.0791923 -0.0101093 -0.0173086 -0.0276043 0.0491073 0.0669084 0.0733369 0.0254608 0.0297991 0.0801999 0.00506481 0.00570741 0.0463859
internal_weight=0 109.425 43.4484 40.1327 69.2923 61.4601 34.2091 9.17131 23.9733 27.251 24.3595 19.4751 15.7002 19.77 15.928 13.7998 8.02691 4.83073 25.0378 21.3252 16.1095 24.4325 11.4297 10.6872 8.21764 13.0029 9.82916 4.34058 6.10334 7.45505
internal_count=35563 21271 14292 3524 17747 17557 7097 1171 2664 10460 10432 11628 1294 2620 1032 983 929 327 5926 5820 5115 2230 1162 1022 532 1068 850 844 403 456
is_linear=0
shrinkage=0.05


Tree=69
num_leaves=31
num_cat=0
split_feature=31 13 33 19 21 10 13 33 14 14 39 19 2 40 0 2 13 13 6 25 40 2 0 2 31 21 2 31 2 12
split_gain=4.74101 4.89328 4.50555 5.27475 4.30575 3.80624 3.31553 3.3142 4.59155 3.62244 2.84516 3.01714 3.24473 2.74302 2.71587 2.70672 2.64344 2.57134 3.03132 3.29398 2.5275 2.40662 2.5925 2.20064 2.19943 4.39603 3.31152 2.4677 3.35023 2.95921
threshold=20.500000000000004 12.500000000000002 0.04083333333333334 7.638964120370372 6.2637326388888903 6875.8600000000015 10.500000000000002 0.47434210526315795 28853.990000000002 9232.8350000000009 1003.5500000000001 39.976412037037043 19.571745490999184 1.7371063279883976 46258.400000000001 0.40506571556033127 7.5000000000000009 6.5000000000000009 2.5000000000000004 1.5000000000000002 1.5256368585396471 2.4426258746752545 1373.6500000000003 0.10420024313338506 14.500000000000002 25.968859953703706 0.94556564128388143 9.5000000000000018 0.01664170781265813 7030.9300000000003
decision_type=2 2 2 2 2 2 2 2 2 2 2 2 2 2 2 2 2 2 2 2 2 2 2 2 2 2 2 2 2 2
left_child=2 16 3 4 5 17 -7 8 15 -9 11 12 23 -3 20 -4 -2 -1 19 -19 21 22 -10 -5 27 26 -26 28 -6 -29
right_child=1 13 7 10 24 6 -8 9 14 -11 -12 -13 -14 -15 -16 -17 -18 18 -20 -21 -22 -23 -24 -25 25 -27 -28 29 -30 -31
leaf_value=0.0059104080011028069 -0.0065471304359799674 0.012856747153368035 0.035125192811866594 0.030573181441222144 -0.033255203243687852 0.058092282082102292 -0.0084344344858065939 0.046216609448505891 0.027207967742453005 -0.03845002931628097 0.046555318381961426 0.04560431828772795 0.029969882702284813 -0.051306015383356773 -0.01095372669992666 -0.028431636733406908 0.06693392530029546 -0.039154504064867514 0.032867240012411522 0.026751549005537154 0.071547777069870713 0.05102764226085426 -0.019956027171113919 -0.034689052199270459 -0.0017344086699159931 -0.018940031734628854 0.060835087390950227 -0.037340649267077024 0.031382773353129979 0.015113163499935377
leaf_weight=7.2678819929715273 1.2822394355316671 9.2117044463520834 1.3143584643257806 0.61337384150830487 1.6516845858423064 2.4009739161701864 3.6889201855519786 0.74508595885708828 6.9366057707811759 4.3037471022107638 0.53184214187785883 0.56741362938191642 1.4822146743535984 0.99253644951386455 2.8756275756750247 5.6244720520917326 5.9455653663608246 17.283488208893694 1.1213262150995422 1.4176069847308088 3.7355398401850826 5.185799394384957 3.7176909523550421 28.290736033173744 2.7902931867283751 2.9951692135073236 7.0836304493714124 5.0732922396855411 8.7565024985815381 4.0641073663136922
leaf_count=2735 292 1214 151 45 16 93 158 72 348 719 40 349 9 87 34 1073 491 6505 10 98 149 170 717 17037 580 240 439 889 399 374
internal_value=0 0.025988 -0.00108204 -0.00659526 0.00154198 -0.0109594 0.0222883 0.0142068 0.0206236 -0.0203803 -0.0230734 -0.0256893 -0.0284312 0.00259368 0.0312906 -0.0134846 0.0546867 -0.0189609 -0.0279259 -0.0330543 0.037727 0.0259761 0.0104504 -0.0323281 0.0142837 0.0295279 0.04462 0.00329792 0.0191094 -0.014821
internal_weight=0 17.432 131.519 97.0805 65.5949 33.1802 6.08989 34.4389 29.3901 5.04883 31.4856 30.9537 30.3863 10.2042 22.4513 6.93883 7.2278 27.0903 19.8224 18.7011 19.5756 15.8401 10.6543 28.9041 32.4147 12.8691 9.87392 19.5456 10.4082 9.1374
internal_count=35533 2084 33449 30016 12536 9599 251 3433 2642 791 17480 17440 17091 1301 1418 1224 783 9348 6613 6603 1384 1235 1065 17082 2937 1259 1019 1678 415 1263
is_linear=0
shrinkage=0.05


Tree=70
num_leaves=31
num_cat=0
split_feature=39 23 31 17 2 31 25 15 13 13 17 21 25 11 12 1 33 15 21 19 1 39 17 2 12 1 33 21 21 19
split_gain=5.16243 5.04008 4.11722 4.62718 4.07242 3.34293 3.23094 3.10439 3.26592 3.08814 3.29608 3.40844 3.12499 3.93591 2.74141 2.62234 2.5861 2.46047 2.04879 2.41463 3.58906 3.07828 3.54898 2.49435 2.03508 2.90375 2.21514 2.01487 1.99698 1.97674
threshold=750.70000000000016 1.0000000180025095e-35 21.500000000000004 8.5000000000000018 19.571745490999184 3.5000000000000004 1.5000000000000002 1704.5000000000002 33.500000000000007 9.5000000000000018 6.5000000000000009 1.8657986111111113 2.5000000000000004 3.5000000000000004 110473.46500000001 7.0853950595845934 0.075498575498575513 178.50000000000003 6.2637326388888903 1.8108043981481483 7.639283867509711 160.75000000000003 8.5000000000000018 0.083722745463578219 21549.730000000003 7.7391306171749603 0.048809523809523817 3.9357754629629631 -1.0000000180025095e-35 12.859016203703705
decision_type=2 2 2 2 2 2 2 2 2 2 2 2 2 2 2 2 2 2 2 2 2 2 2 2 2 2 2 2 2 2
left_child=1 2 3 4 5 -1 18 8 17 10 11 15 13 14 -11 -7 -4 -5 -3 20 21 -20 -23 -21 26 -26 -9 -19 -6 -29
right_child=-2 6 16 7 28 9 -8 24 -10 12 -12 -13 -14 -15 -16 -17 -18 27 19 23 -22 22 -24 -25 25 -27 -28 29 -30 -31
leaf_value=0.010193545754052555 0.044178204495711415 -0.02034705509108212 0.037721838839570442 -0.00084729618371636849 -0.0034970364332321986 -0.032053134633191045 0.053635295404863441 -0.02880699254051889 -0.035489778747180588 -0.050822344651060995 0.055408606230028107 -0.030703485507370534 0.035901049266767161 -0.012142809848005302 0.043787374291128361 0.025902520767471734 -0.023547355249599413 -0.010931083547553509 0.030031503248852173 0.029826272492294727 0.059501469436065317 -0.065466931222237956 0.012491480557376351 -0.038413137745445074 0.069054335977812617 -0.0066709449168209367 0.010232774992298424 0.064368822256334973 0.045057477401063209 0.011892991632247833
leaf_weight=6.8605628890218204 5.1223467969684853 4.1110024285153548 6.6432842232752574 5.3328643350978409 5.1099540758877993 1.7750005198759087 3.9275404363870612 10.830925361951815 1.5298689666669805 22.649112339247953 0.84401118295499955 11.759498553583397 0.77700022608041663 11.876656573382204 0.066026307293212905 5.9185511947143823 1.4836272352840749 1.3000888636452135 5.2117790109477955 1.1928549855947488 4.0367244770750395 1.5244256098521871 2.8558554608607665 2.7559470585547388 0.8676732643507411 3.4641757973586209 4.6338612197432658 5.5419741807854717 2.4660548828542224 3.2140165194286965
leaf_count=491 209 565 670 337 53 1204 38 6482 474 10864 287 4462 4 3504 27 1704 380 127 97 6 40 30 42 1165 180 775 728 178 15 470
internal_value=0 -0.00271849 -0.00720511 -0.00987991 -0.0173297 -0.0215184 0.0169282 0.00442659 0.0195841 -0.0255377 -0.00935934 -0.0147411 -0.0343093 -0.0368507 -0.0487125 0.0103825 0.0251822 0.0268906 0.00821001 0.0156246 0.0252338 0.00655661 -0.0217649 -0.0159378 -0.00884627 0.0186034 -0.0171981 0.0403465 0.0157188 0.0483002
internal_weight=0 140.561 114.945 106.818 70.1024 62.5264 25.6161 36.7154 16.9188 55.6659 20.2971 19.4531 35.3688 34.5918 22.7151 7.69355 8.12691 15.3889 21.6886 17.5776 13.6288 9.59206 4.38028 3.9488 19.7966 4.33185 15.4648 10.0561 7.57601 8.75599
internal_count=35608 35399 33416 32366 22615 22547 1983 9751 1586 22056 7657 7370 14399 14395 10891 2908 1050 1112 1945 1380 209 169 72 1171 8165 955 7210 775 68 648
is_linear=0
shrinkage=0.05


Tree=71
num_leaves=31
num_cat=0
split_feature=40 38 39 24 3 21 19 13 13 34 46 31 14 10 24 39 15 3 15 39 40 19 0 31 10 14 11 0 0 33
split_gain=6.48758 5.65833 9.61685 10.355 7.09164 4.44444 5.70241 4.40168 4.26958 4.71125 3.45927 3.30923 3.40541 3.16044 4.95274 3.08054 2.97582 2.91521 3.25125 2.62299 2.55262 2.54356 2.81012 2.47951 2.32656 2.37118 2.67469 2.97848 2.27713 2.08981
threshold=0.036118499314415541 70.15000000000002 166.05000000000004 0.4439583333333334 0.60678037601247026 17.164050925925931 30.101741898148152 7.5000000000000009 16.500000000000004 1.0000000180025095e-35 1.0000000180025095e-35 10.500000000000002 147552.63 998.71500000000015 8.1068865740740765 197.05000000000004 57.500000000000007 1.8109126750432212 1547.5000000000002 159.75000000000003 0.24551124161574397 5.1966898148148157 49283.490000000013 4.5000000000000009 2704.9400000000005 4100.5150000000003 5.5000000000000009 90.210000000000022 50.085000000000008 0.019803921568627456
decision_type=2 2 2 2 2 2 2 2 2 2 2 2 2 2 2 2 2 2 2 2 2 2 2 2 2 2 2 2 2 2
left_child=-1 2 5 15 13 24 8 -5 19 -10 21 -9 17 -3 -15 16 -4 18 -13 -7 -20 22 23 -6 25 -2 27 -27 -28 -22
right_child=1 4 3 7 10 6 -8 11 9 -11 -12 12 -14 14 -16 -17 -18 -19 20 -21 29 -23 -24 -25 -26 26 28 -29 -30 -31
leaf_value=-0.0252673830970261 0.032843687726537223 -0.04605647335152116 0.021131164631665009 -0.022977901405205434 -0.023622461890325505 0.046038581321801803 -0.037720884921066906 0.03348086646522612 -0.018015815779058884 0.045578782633637328 0.064034177246558507 0.04742249294652004 -0.0072258294509760131 0.042069689303373792 -0.040394845543004099 0.013347394770737007 -0.079382659648220638 0.035374090623384279 -0.0068053558088638933 -0.035720946855983586 0.18571877631561418 -0.023481222059950121 -0.030638741950166984 0.029522050170950765 0.013786046352711863 0.032781249938918969 -0.031240137424241882 -0.029637775655260913 0.030024887835605869 0.033966254708860048
leaf_weight=15.331544401880818 1.7009272587019975 10.981810817320367 0.57720977813005703 0.91802616853965346 1.8487579871434814 16.045427176053646 2.9971990507328874 6.0724863409996024 8.0273568364791554 3.3029607758508055 1.6486791721545149 2.5127203998272289 0.69719151989556838 2.5914148782612747 2.6930601689382456 4.2268230130430311 1.2788071813993154 2.634945422410965 0.15714905568165738 0.33208794466918234 1.8612871808581988 5.5099529918516046 2.1980736809782675 12.377132529742083 10.392861001717391 1.2828148296102941 1.2439988995902229 20.078213986300398 4.0712697972194292 0.82166496623540286
leaf_count=7653 584 8534 6 125 42 2046 1962 223 1712 170 223 80 85 442 1045 72 58 39 96 46 375 2518 33 986 530 46 9 5175 605 49
internal_value=0 0.00815851 0.0149744 0.0432023 -0.00743094 0.00564638 0.0195513 0.0636274 0.0268447 0.00271595 0.0100227 0.0701312 0.0896541 -0.03185 0.000303782 -0.010985 -0.0516697 0.0979732 0.118369 0.0424206 0.152443 0.00334784 0.0131796 0.0215177 -0.00558071 -0.0129014 -0.0168995 -0.0245909 0.01301 0.161085
internal_weight=0 131.082 91.2334 21.7583 39.8489 69.4751 30.705 15.6755 27.7078 11.3303 23.5826 14.7574 8.68496 16.2663 5.28448 6.08284 1.85602 7.98777 5.35282 16.3775 2.8401 21.9339 16.424 14.2259 38.7701 28.3772 26.6763 21.361 5.31527 2.68295
internal_count=35569 27916 14093 1208 13823 12885 5936 1072 3974 1882 3802 947 724 10021 1487 136 64 639 600 2092 520 3579 1061 1028 6949 6419 5835 5221 614 424
is_linear=0
shrinkage=0.05


Tree=72
num_leaves=31
num_cat=0
split_feature=23 38 39 38 39 24 1 13 14 33 3 24 1 17 38 13 31 25 41 12 33 21 24 24 4 20 39 40 13 24
split_gain=6.93109 5.35626 14.9046 4.95434 9.47654 3.72348 3.48411 3.48299 3.19147 3.01296 3.01177 3.05584 2.88246 3.49312 3.52842 2.86495 2.72857 2.60716 2.49914 2.58507 2.4905 2.36277 2.35115 2.348 2.11141 2.04787 2.0347 1.94837 1.89402 1.78747
threshold=1.0000000180025095e-35 70.15000000000002 166.05000000000004 42.050000000000004 76.550000000000011 7.9596759259259269 6.9162937224899048 9.5000000000000018 15203.160000000002 0.49358974358974367 2.1378119330449716 0.93304976851851862 10.351728572351462 15.500000000000002 882.70000000000016 29.500000000000004 4.5000000000000009 1.5000000000000002 1.0000000180025095e-35 110473.46500000001 0.10818713450292398 0.22250578703703708 0.16323495370370372 27.899826388888894 1.0000000180025095e-35 2.5000000000000004 59.45000000000001 2.0819646223935195 21.500000000000004 1.0000000180025095e-35
decision_type=2 2 2 2 2 2 2 2 2 2 2 2 2 2 2 2 2 2 2 2 2 2 2 2 2 2 2 2 2 2
left_child=1 2 3 10 5 -5 -7 20 -4 15 11 22 13 14 27 29 -14 23 19 -13 21 -6 -1 -9 -12 -20 -24 -3 -10 -2
right_child=9 12 8 4 7 6 -8 17 28 -11 24 18 16 -15 -16 -17 -18 -19 25 -21 -22 -23 26 -25 -26 -27 -28 -29 -30 -31
leaf_value=-0.014496255409805479 0.01446094362877603 -0.040183675142140787 -0.0013728909632349318 -0.02133626798718033 0.045515754801635527 -0.017988645235356579 0.10599343154996912 -0.034567200199266818 0.071395420488827674 -0.036569995358210337 0.043094473221267138 -0.03409140862604345 -0.044723832846908305 0.03371640281190217 0.034402409440264382 -0.030757450028533029 0.015497290127587937 0.031488500990208411 -0.020971512625882226 0.021760433548507502 0.073314959233426943 -0.024356418626920496 0.098129213683283908 0.010238287101828629 -0.0053472369298241239 0.036539036690474397 -0.01221242476282431 0.013636640562262043 0.017953394988561539 0.044819274402999945
leaf_weight=1.1018538666539814 9.160333236970482 21.440105219720873 2.5042192974360651 0.48092680954141842 0.95909205806674735 0.35555285884765941 2.963383499707561 9.3886903366073948 8.4837023695581575 1.0010696732206259 2.2381684982683492 27.39856239681831 1.345302858040667 1.3987287140334945 1.1204591181594867 1.0865135980420735 8.6049977812217531 1.7651765911141399 2.1852842284133649 1.5728194120456453 1.1945709087885914 2.1732371584512293 0.34729617059929285 3.5377280320390119 6.7797649101121351 2.0851779827498831 0.31987973832292482 1.3466677695396345 3.0180558916763394 13.916937934234737
leaf_count=439 1620 12456 308 52 288 67 95 2507 543 59 94 12342 34 395 77 216 183 87 181 173 84 876 129 1182 131 50 136 401 265 143
internal_value=0 -0.0025521 0.00455772 -0.00547342 0.0130701 0.0758585 0.0916216 -0.00263768 0.0496082 0.025918 -0.0151606 -0.0216771 -0.0185331 -0.0272144 -0.0319898 0.0298571 0.00401455 -0.0143757 -0.0252975 -0.0304344 0.0324346 0.0028751 0.030921 -0.0224501 0.00977716 0.00871445 0.0696328 -0.0365634 0.05993 0.0338699
internal_weight=0 116.109 80.8531 66.8472 22.8184 3.79986 3.31894 19.0185 14.006 25.1649 44.0288 35.0109 35.2563 25.306 23.9072 24.1638 9.9503 14.6916 33.2418 28.9714 4.3269 3.13233 1.76903 12.9264 9.01793 4.27046 0.667176 22.7868 11.5018 23.0773
internal_count=35613 33575 20029 18913 5238 214 162 5024 1116 2038 13675 13450 13546 13329 12934 1979 217 3776 12746 12515 1248 1164 704 3689 225 231 265 12857 808 1763
is_linear=0
shrinkage=0.05


Tree=73
num_leaves=31
num_cat=0
split_feature=31 2 11 12 16 33 24 17 24 0 24 2 31 23 6 3 34 19 17 21 12 14 40 40 40 6 0 24 39 12
split_gain=5.02729 4.83449 3.57962 5.32918 3.98168 3.64647 3.56367 3.09426 3.85326 3.2226 3.04286 2.751 3.24758 2.96168 3.19391 2.74647 2.66027 2.68176 2.41747 2.37875 2.37337 2.69301 2.39923 2.35929 2.47407 2.17739 2.14466 2.14025 1.86234 1.80012
threshold=20.500000000000004 1.8043217288044124 4.5000000000000009 6397.4950000000017 3.5000000000000004 0.042572463768115944 28.003605324074076 1.5000000000000002 0.099994212962962972 50.085000000000008 7.2735011574074084 1.9052810819512389 13.500000000000002 1.0000000180025095e-35 2.5000000000000004 1.3655537548544487 1.0000000180025095e-35 0.022517361111111116 15.500000000000002 1.0000000180025095e-35 29528.415000000005 147552.63 2.0819646223935195 0.46525014694704531 0.94047389210962862 1.0000000180025095e-35 2968.8400000000006 10.001678240740743 73.15000000000002 33868.055000000008
decision_type=2 2 2 2 2 2 2 2 2 2 2 2 2 2 2 2 2 2 2 2 2 2 2 2 2 2 2 2 2 2
left_child=1 2 5 4 23 7 29 8 -1 -9 -6 12 -3 14 15 25 17 -2 20 -10 22 -22 -11 -4 -25 -13 -14 -18 -7 -5
right_child=16 11 3 6 10 28 -8 9 19 18 -12 13 26 -15 -16 -17 27 -19 -20 -21 21 -23 -24 24 -26 -27 -28 -29 -30 -31
leaf_value=-0.024554868642204419 0.027870122063451099 -0.011052675523678645 -0.0095802641868159202 -0.041103897620971136 0.041608010098909728 -0.033057261942253509 0.026369312209538909 0.027196895229405018 0.11925366988543946 -0.041973670370954279 -0.022179189680908932 -0.031485500449095837 0.11535736883043263 0.035547568318289209 0.040965679933466004 0.0059961136723146978 0.016844619345928163 -0.021882507464547299 0.031236437370951376 -0.010966234896176943 0.046737106704657118 -0.030529619595147835 0.02318834905871205 0.14677088543025471 -0.0081364440073860081 0.024039783474320051 -0.0041522599024886265 0.072208335002487439 0.015133532618911906 0.0034312797655356646
leaf_weight=0.96028863743413129 6.0190440365695412 0.90390001330524627 0.23653841391206043 5.900028992444275 3.6807893744553439 1.4668432304169972 3.6781330407829946 1.7194011037936459 0.18154662201413885 25.806898380338691 2.29830346518429 8.7834555835579504 0.748684318794403 7.4712085537030353 4.0809345915913573 34.272677840024699 4.0308084841817609 3.4946789381792769 0.70992861816193809 0.28022242389852181 1.1874386490089812 1.3675956709776071 0.88295321544865046 0.53441497898893431 0.18942428519949317 1.3822494153282594 0.39229422307107598 3.7358376381453127 10.285677818348629 3.1652954190503806
leaf_count=607 359 389 198 1749 219 504 908 55 103 16955 653 3759 257 375 32 2451 176 1260 194 188 254 584 409 79 99 105 156 303 1492 543
internal_value=0 0.00055034 -0.00880338 0.00867002 0.040971 -0.0164938 -0.0106208 -0.0247965 0.0325054 -0.0282852 0.0174241 0.010924 0.0574405 0.00824708 0.00341028 -0.000864231 0.0286633 0.00925141 -0.0322456 0.0867884 -0.0347685 0.00842545 -0.0390584 0.1039 0.125029 -0.0224588 0.09152 0.0486741 0.00699823 -0.0267578
internal_weight=0 122.567 64.5317 19.6829 6.93947 44.8488 12.7435 33.0963 1.42206 31.6742 5.97909 58.0354 2.04488 55.9905 48.5193 44.4384 17.2804 9.51372 29.9548 0.461769 29.2449 2.55503 26.6899 0.960378 0.723839 10.1657 1.14098 7.76665 11.7525 9.06532
internal_count=35415 33317 25793 4448 1248 21345 3200 19349 898 18451 872 7524 802 6722 6347 6315 2098 1619 18396 291 18202 838 17364 376 178 3864 413 479 1996 2292
is_linear=0
shrinkage=0.05


Tree=74
num_leaves=31
num_cat=0
split_feature=39 0 21 31 2 33 2 19 40 21 19 21 24 13 31 11 10 14 24 13 31 31 40 2 31 14 13 20 14 13
split_gain=5.53854 3.82688 5.06464 4.16683 4.87382 3.95044 3.6524 3.37458 3.88504 3.71901 4.18817 5.421 3.30675 3.14696 3.10384 3.05498 2.99593 2.98283 2.54375 3.15672 2.44778 2.3982 2.31134 2.30839 2.26415 2.16052 2.07818 2.05114 2.02867 1.93029
threshold=750.70000000000016 90.210000000000022 37.545688657407418 14.500000000000002 0.6616658548918336 0.11882352941176472 0.73844602367050627 20.887812500000003 1.7079900047526093 18.316302083333337 7.1761226851851863 7.0764236111111121 8.0357291666666679 8.5000000000000018 17.500000000000004 3.5000000000000004 6875.8600000000015 171295.14999999999 1.1787557870370373 11.500000000000002 12.500000000000002 6.5000000000000009 0.45562789113758678 3.5784911103162877 16.500000000000004 120410.17500000002 7.5000000000000009 2.5000000000000004 137985.50000000003 3.5000000000000004
decision_type=2 2 2 2 2 2 2 2 2 2 2 2 2 2 2 2 2 2 2 2 2 2 2 2 2 2 2 2 2 2
left_child=1 2 -1 5 25 16 24 9 -9 10 11 18 -7 26 -11 27 21 20 -8 22 -18 -3 -20 -15 -6 -5 -14 -13 -27 -23
right_child=-2 3 -4 4 6 12 7 8 -10 14 -12 15 13 23 -16 -17 17 -19 19 -21 -22 29 -24 -25 -26 28 -28 -29 -30 -31
leaf_value=0.031944930742844678 0.048660043866798425 -0.0038787471173062169 -0.038136950815760878 -0.040674712786372885 -0.012838087586030628 -0.032946794856412304 -0.036526414831827822 -0.042003077181007251 0.042949178175715752 0.00026987282627175614 -0.031704790063671294 0.035464661623659646 -0.0062738975330305291 -0.0078207638044281592 0.069809917051530321 0.085347828629443567 0.062360891717776992 -0.02994900379852829 -0.0067265569647781132 -0.0094602732034016965 -0.015373265688810249 0.012047360709287499 0.049747897315209073 0.040477287049680399 0.096915437120006262 0.041580157238659557 0.10648414054361591 -0.027067809659846162 -0.027092168108230036 -0.033296183958217145
leaf_weight=13.751464671920983 4.6861606751335776 11.849252197542226 2.2427873656852162 6.3006883549969626 0.34394041320774593 2.4428976131603113 2.7799660555319958 4.8077030568965702 0.87577751261414949 2.4185441458830601 4.9681346537545314 2.8723914778092872 0.40692875039530807 6.2372233580099401 3.8140293731703423 2.529133697040379 2.1477672041510227 1.5341836305451577 2.3582439890597042 9.8406642563641054 1.0043138064793309 2.0391578405979081 4.6068752846331336 2.8465040350565687 0.90891348681179807 1.2464818917796949 0.60244545293971896 1.1116425488144157 1.1312991202576084 31.71690201992169
leaf_count=377 196 383 37 3324 268 301 726 3491 272 368 2565 197 48 785 399 79 140 198 624 1797 84 1036 442 46 475 66 37 72 396 16128
internal_value=0 -0.00173273 0.0204519 -0.00494733 0.00534092 -0.0135602 0.0121416 0.00867353 -0.0244451 0.0142264 0.00648259 0.0146536 0.0108947 0.0235194 0.0465933 0.0507615 -0.0197495 0.0157552 0.000763469 0.00863681 0.0398559 -0.0236577 0.0321829 0.00982726 0.0744609 -0.0269966 0.0805266 0.0160865 0.0105595 -0.0302892
internal_weight=0 131.736 15.9943 115.742 52.9144 62.8276 44.236 42.9831 5.68348 37.2996 31.0671 26.0989 12.536 10.0931 6.23257 6.51317 50.2916 4.68626 19.5857 16.8058 3.15208 45.6053 6.96512 9.08373 1.25285 8.67847 1.00937 3.98403 2.37778 33.7561
internal_count=35357 35161 414 34747 15561 19186 11775 11032 3763 7269 6502 3937 1217 916 767 348 17969 422 3589 2863 224 17547 1066 831 743 3786 85 269 462 17164
is_linear=0
shrinkage=0.05


Tree=75
num_leaves=31
num_cat=0
split_feature=38 39 24 5 21 19 21 19 38 39 19 31 14 21 47 14 39 24 24 19 17 24 10 24 19 12 21 19 24 2
split_gain=3.80886 7.16201 14.6267 4.78507 4.10387 5.01041 3.93011 5.50226 3.42271 3.74625 3.27686 2.94854 2.35501 2.3327 2.25903 2.16114 2.13383 2.32957 4.85445 3.77048 2.76667 2.45376 2.09847 2.05363 2.02686 1.95377 2.11304 1.88443 2.47088 1.81802
threshold=70.15000000000002 166.05000000000004 0.0071527777777777787 1.0000000180025095e-35 17.164050925925931 30.101741898148152 5.0341550925925933 5.1966898148148157 43.95000000000001 76.550000000000011 1.0000000180025095e-35 17.500000000000004 68704.135000000024 30.422118055555558 1.0000000180025095e-35 11130.250000000002 38.850000000000001 26.672112268518521 18.191290509259264 -1.0000000180025095e-35 7.5000000000000009 0.0071527777777777787 4289.7100000000009 18.191290509259264 17.823964120370373 2366.4350000000004 19.878865740740746 22.775590277777781 31.025833333333338 0.62112802709391612
decision_type=2 2 2 2 2 2 2 2 2 2 2 2 2 2 2 2 2 2 2 2 2 2 2 2 2 2 2 2 2 2
left_child=1 4 25 6 8 14 -2 10 22 -10 23 15 -13 -9 16 -4 -6 18 20 -19 24 -22 -1 29 -18 -3 -27 -21 -29 -8
right_child=3 2 11 -5 5 -7 7 13 9 -11 -12 12 -14 -15 -16 -17 17 19 -20 27 21 -23 -24 -25 -26 26 -28 28 -30 -31
leaf_value=-0.022755010347820279 -0.045738190153939096 0.019451919447017949 -0.01980285931482002 0.027286893167891981 -0.014034442693946736 -0.032633948245244342 -0.0266546549553839 -0.040230050049348279 0.053368107586439451 -0.0028823006064104327 0.062588682792069902 0.11308156370472927 0.00027738633502689698 0.0081568944311109278 -0.018774736461600258 0.046618619286590224 0.079092946231233793 -0.0070825458999932579 -0.012007123830717356 0.08686752636991954 0.033793628855717864 -0.030562011760041891 0.0085178932071238445 -0.028501094404268953 -0.013704819359621208 -0.0026390788113163201 -0.068610147665568555 -0.018351532534015478 0.054444373450157194 0.028604143832973623
leaf_weight=25.205154507246338 7.8788768267259028 0.89898007077863695 0.80882157507585262 6.4351446564542121 2.3347111372859279 3.8460346803185521 1.0761106541031056 9.0866488882456888 3.0905773775884873 10.374219158606136 2.084055167681071 2.6453490569256242 0.5355865315068512 2.9122724244371048 2.3060750131844534 11.570974961447062 3.3140328729059569 2.028060938755516 7.1174759950372382 3.9001809102483076 2.8630458450643346 1.460510956996586 6.1787938597844905 2.6250398429110646 0.37262955866754044 2.0068940783385187 2.4303890658775344 1.405428799800575 1.6325152767240068 5.5209478873875923
leaf_count=8482 3451 43 159 97 1295 2783 309 7239 114 2595 324 198 61 2363 734 710 140 160 1546 226 120 211 421 373 184 39 30 667 290 165
internal_value=0 0.00929813 0.0345487 -0.00922338 0.00212977 0.0153858 -0.0173714 -0.00629403 -0.00762568 0.0128258 0.0179502 0.0581417 0.0986975 -0.028762 0.0226944 0.0411233 0.0268654 0.03123 0.0173787 0.0505111 0.0419242 0.0103968 -0.0165252 0.0027265 0.0687905 -0.0325675 -0.0447457 0.0661175 0.0245626 0.0172683
internal_weight=0 98.3264 20.897 37.6191 77.4294 32.5807 31.184 23.3051 44.8487 13.4648 11.3062 15.5607 3.18094 11.9989 28.7347 12.3798 26.4286 24.0939 15.1277 8.96619 8.01022 4.32356 31.3839 9.2221 3.68666 5.33626 4.43728 6.93812 3.03794 6.59706
internal_count=35529 21208 1240 14321 19968 8356 14224 10773 11612 2709 1171 1128 259 9602 5573 869 4839 3544 2201 1343 655 331 8903 847 324 112 69 1183 957 474
is_linear=0
shrinkage=0.05


Tree=76
num_leaves=31
num_cat=0
split_feature=40 38 5 24 24 38 25 2 47 21 17 0 38 18 31 18 0 40 38 0 31 31 14 2 15 24 40 38 9 24
split_gain=4.26355 4.24178 5.46604 5.49319 4.71079 3.58307 3.16378 3.48225 3.01373 2.97535 2.66221 2.29851 2.90011 2.28688 2.28323 2.77813 2.2097 2.16449 2.15963 2.06901 3.31286 2.0681 1.99511 6.3183 2.29701 2.1571 1.63648 1.54414 3.39509 2.62001
threshold=0.0098527962866616931 60.050000000000004 1.0000000180025095e-35 0.049849537037037046 7.9596759259259269 42.050000000000004 1.5000000000000002 0.45703233803271809 1.0000000180025095e-35 6.4593287037037044 15.500000000000002 72.14500000000001 8.4500000000000011 1.0000000180025095e-35 9.5000000000000018 1.0000000180025095e-35 366.86500000000007 0.51445424470196144 487.45000000000005 6678.4950000000008 5.5000000000000009 15.500000000000002 36916.140000000014 3.1577769441944779 53418.000000000007 13.157268518518519 0.12996353656341122 17.150000000000002 1.5000000000000002 32.868373842592597
decision_type=2 2 2 2 2 2 2 2 2 2 2 2 2 2 2 2 2 2 2 2 2 2 2 2 2 2 2 2 2 2
left_child=13 4 3 9 6 22 7 11 16 -3 18 12 17 -1 -4 -16 -7 -2 -5 20 -18 -15 23 -6 -25 -24 -12 28 -27 -29
right_child=1 2 14 10 5 8 -8 -9 -10 -11 26 -13 -14 21 15 -17 19 -19 -20 -21 -22 -23 25 24 -26 27 -28 29 -30 -31
leaf_value=-0.039062040243027729 0.0059169879577048619 -0.029148154702152831 -0.015415067179696942 -0.03260253936272494 -0.036654391710142009 -0.021203654249527637 0.044778115843852037 -0.026318068260507168 -0.019589706881463012 0.03897805783690831 0.055235221303890407 0.03295553803566266 0.0339376058115302 -0.027579188124058931 -0.0092808558205394725 0.06127018475572571 0.014672231274577905 -0.048155407577924733 0.0059409088512095854 0.011421789576012724 0.070686217948598098 0.029387016207747814 -0.016345732373534653 0.0469085886969254 -0.012851126320577689 -0.034808286743665921 -0.018830971986879639 0.04621683072050619 0.033673701119914211 -0.012399097851893665
leaf_weight=7.4906564033008163 3.0392603129148537 1.3202544277301047 1.5999502973863844 24.030296318931512 6.3769617596408334 0.71937380183954402 2.0817459762329227 12.847633225668686 1.537978988024405 5.5110121912439354 0.84306483005639055 4.9274409179342902 2.1026919120922685 1.9162601608550174 1.5796968407230449 4.2284219264984131 4.3364092449191984 3.0656663738191128 3.9242255041608578 3.9724160479963748 9.6976268200087343 2.5353275262168609 2.7360515628824968 4.2050827231723815 1.8074748570797963 2.2687776497332406 0.60148187773302197 9.7124448749236745 3.0673436265205964 1.8734790391172271
leaf_count=5972 33 629 22 13967 3124 268 44 2858 377 661 53 472 36 607 60 28 82 28 436 343 2003 391 424 98 78 413 396 1222 38 429
internal_value=0 0.00635123 -0.00610843 -0.0142088 0.0131079 0.0218407 -0.00336121 -0.00873473 0.037862 0.0237708 -0.0235255 0.00910901 -0.00723158 -0.0238133 0.0304857 0.0435369 0.0433345 -0.0241922 -0.0271735 0.0468928 0.0555055 0.00430418 0.0108712 -0.00465395 0.029673 0.0204075 0.0293079 0.0269304 0.0036587 0.0365064
internal_weight=0 124.014 43.6384 36.2303 80.3759 52.3114 28.0644 25.9827 20.2638 6.83127 29.3991 13.1351 8.20762 11.9422 7.40807 5.80812 18.7258 6.10493 27.9545 18.0065 14.034 4.45159 32.0476 12.3895 6.01256 19.6581 1.44455 16.922 5.33612 11.5859
internal_count=35592 28622 16252 16142 12370 8899 3471 3427 3073 1290 14852 569 97 6970 110 88 2696 61 14403 2428 2085 998 5826 3300 176 2526 449 2102 451 1651
is_linear=0
shrinkage=0.05


Tree=77
num_leaves=31
num_cat=0
split_feature=19 21 40 2 3 38 39 1 13 25 40 1 40 31 39 3 1 2 14 1 38 1 13 24 2 12 12 9 38 21
split_gain=4.81325 5.06247 6.21738 6.48299 3.91653 3.61943 6.44509 3.92126 3.71953 3.58064 3.63427 3.86246 3.56699 3.53782 2.85747 2.82948 2.5596 2.94273 3.78549 2.57014 2.5383 2.50576 2.05724 3.3933 4.02751 3.0337 1.97985 2.1542 1.97975 2.00106
threshold=26.924722222222226 28.296990740740743 1.4578400037239403 0.49732171013566157 1.8109126750432212 70.15000000000002 129.65000000000001 10.546731971366972 29.500000000000004 1.5000000000000002 1.8297834177823245 4.5131645341819207 2.5156732073457699 4.5000000000000009 750.70000000000016 -5.1644574533274303 8.4333767041784657 1.8043217288044124 11130.250000000002 7.030543545079774 43.95000000000001 10.805364698182599 11.500000000000002 7.0907233796296305 1.7871846081191778 33868.055000000008 110473.46500000001 1.5000000000000002 41.050000000000004 37.545688657407418
decision_type=2 2 2 2 2 2 2 2 2 2 2 2 2 2 2 2 2 2 2 2 2 2 2 2 2 2 2 2 2 2
left_child=1 5 3 -3 28 6 9 12 15 10 11 -1 14 -9 -7 -8 17 19 -19 -17 -21 -15 23 25 -25 -13 27 -24 -5 -30
right_child=-2 2 -4 4 -6 7 8 13 -10 -11 -12 22 -14 21 -16 16 -18 18 -20 20 -22 -23 26 24 -26 -27 -28 -29 29 -31
leaf_value=0.030117276011594463 -0.029272378563154268 0.0072620191992387381 -0.024365932932578094 0.020668881721834592 0.020666721798901569 -0.036691639593447865 -0.023131816429751595 -0.043782182312012155 -0.031362336225816488 0.031174977507106173 0.03738994967408369 -0.039321490923034559 0.037280694416906367 0.041735614319247577 0.020499781484482671 0.046523294658078362 0.010909396816091006 -0.019402676477747766 0.093522647993320843 0.027629877966573985 -0.033316925328098206 -0.016388843258926988 -0.037585541600705298 -0.021895113430620533 0.04907261513420344 0.030695082397848867 0.013839635650865474 0.0033129012104927574 0.12563238523050621 -0.003318790834686107
leaf_weight=3.7976390548283225 9.6972329540294577 7.2927746906643751 3.6657539982115841 1.193472276907414 3.1727095118258148 17.587595902034092 1.6028416332555995 1.2771662687882761 1.8461699680774462 5.4365739019121966 2.9721664938260792 5.6944911975297128 1.2975728344754305 5.7457034753169864 1.8302514746901568 7.0220373933552818 8.4446142188971844 0.51713382959132914 3.8088529536034912 2.8277423667022958 2.0856259776628576 1.9367877967888487 18.134228086157243 2.5733469075057656 4.0042803421383724 1.20397764199879 2.210167253157123 3.686099609185475 2.9327711439109412 0.27098248264519487
leaf_count=127 7368 503 158 168 41 10381 21 23 240 223 404 2254 121 88 131 902 443 84 195 284 407 45 7717 1766 551 110 163 437 248 36
internal_value=0 0.00566279 0.0290845 0.0429725 0.0725137 0.00139672 0.00705271 -0.0131908 0.0257257 -0.00382149 -0.00871225 -0.0128351 -0.0247904 0.0134248 -0.030561 0.0307334 0.034992 0.0461416 0.078915 0.0290805 0.000499966 0.0268823 -0.0178533 -0.00195162 0.0220827 -0.0247625 -0.0263366 -0.0308342 0.0991624 0.11653
internal_weight=0 126.072 18.5285 14.8627 7.56994 107.543 77.868 29.6751 28.155 49.713 44.2764 41.3042 20.7154 8.95966 19.4178 26.3088 24.706 16.2614 4.32599 11.9354 4.91337 7.68249 37.5066 13.4761 6.57763 6.89847 24.0305 21.8203 4.39723 3.20375
internal_count=35639 28271 1154 996 493 27117 16328 10789 2576 13752 13529 13125 10633 156 10512 2336 2315 1872 279 1593 691 133 12998 4681 2317 2364 8317 8154 452 284
is_linear=0
shrinkage=0.05


Tree=78
num_leaves=31
num_cat=0
split_feature=38 39 40 46 25 3 0 16 13 13 21 31 24 24 40 15 14 24 19 3 3 15 13 13 17 6 21 40 13 31
split_gain=3.38907 6.87622 5.68816 3.79899 3.77515 3.00648 3.75204 2.83972 3.09004 3.02697 2.81323 2.68345 2.61098 3.36519 3.17352 2.30934 2.29188 2.17034 2.39137 2.14488 2.65339 2.13715 2.14923 2.13339 2.11297 2.09929 3.34292 2.09129 2.05044 1.92178
threshold=70.15000000000002 129.65000000000001 0.90982186596004588 1.0000000180025095e-35 1.5000000000000002 -5.1644574533274303 6678.4950000000008 3.5000000000000004 33.500000000000007 10.500000000000002 17.435480324074078 21.500000000000004 8.1068865740740765 8.0357291666666679 2.5156732073457699 408.50000000000006 34480.160000000011 17.808321759259261 15.1928125 0.72341468225539651 0.84371057256050663 9429.0000000000018 9.5000000000000018 46.500000000000007 11.500000000000002 1.0000000180025095e-35 28.504496527777782 0.52562464775581275 17.500000000000004 18.500000000000004
decision_type=2 2 2 2 2 2 2 2 2 2 2 2 2 2 2 2 2 2 2 2 2 2 2 2 2 2 2 2 2 2
left_child=1 4 5 12 7 -3 21 9 -9 10 -1 15 13 14 25 29 -4 18 -12 23 -21 22 -7 -14 -18 26 -2 28 -23 -11
right_child=3 2 16 -5 -6 6 -8 8 -10 11 17 -13 19 -15 -16 -17 24 -19 -20 20 -22 27 -24 -25 -26 -27 -28 -29 -30 -31
leaf_value=-0.010911496980998844 -0.038608363264944878 -0.019639146885801331 -0.024282739029138495 0.044381363178374725 0.03271560266281686 -0.018835907676213313 0.006930854069928466 0.020085820419494478 -0.037702680580169103 -0.016437565695909619 0.076058407297491165 0.02061974914695093 -0.046280550330619209 0.090157622819106165 0.047549902284981363 -0.035259129191673115 0.03351289765160325 -0.0011781137016430633 -0.018355205675957189 0.057433413746904562 -0.015339692408241996 0.053363629827364992 0.042076386249411075 0.034551629599464763 -0.018594152880705105 0.024762616475277957 0.029144724172440552 0.10919663958973165 -0.017611162037790864 0.045592875672513924
leaf_weight=9.5971621414646489 6.8268134878599032 1.5022191337775463 5.4362250710255449 2.1395260006538583 6.213598900823853 1.0908126511494689 5.8401281491387627 14.022646105790043 1.7884554914780881 2.5074529221165061 1.951685857609845 2.4174482403905122 8.5201195481931791 0.07017545017879534 1.6212339432677261 18.797054600494448 4.5032929611043073 2.7046212062123232 0.43746270227711637 0.39588555181398888 12.805769421043804 3.4709352509235023 9.7527197101735492 0.18243769160471934 2.2176102238008752 1.977407146769109 1.5716634377604348 2.5943380745593458 0.78652852791128669 0.96509572799550358
leaf_count=3387 3400 21 610 723 278 147 316 2042 748 379 31 291 7357 58 29 9074 404 1311 148 372 1900 555 698 126 116 68 215 443 213 60
internal_value=0 0.00897967 0.0256382 -0.00874102 -0.00136039 0.0388257 0.0432058 -0.00571089 0.0116952 -0.0128164 0.00497869 -0.0231875 -0.0132601 0.00517492 -0.00222066 -0.0286247 -0.00240832 0.031795 0.0584559 -0.0231987 -0.00926693 0.0541667 0.0348758 -0.0411996 0.0161383 -0.0134936 -0.0241773 0.0763662 0.0393959 0.00714143
internal_weight=0 98.5975 37.1948 36.111 61.4027 25.0377 23.5355 55.1891 15.8111 39.378 14.6909 24.6871 33.9715 12.0673 11.9971 22.2696 12.1571 5.09377 2.38915 21.9042 13.2017 17.6953 10.8435 8.70256 6.7209 10.3759 8.39848 6.8518 4.25746 3.47255
internal_count=35520 21272 3523 14248 17749 2393 2372 17471 2790 14681 4877 9804 13525 3770 3712 9513 1130 1490 179 9755 2272 2056 845 7483 520 3683 3615 1211 768 439
is_linear=0
shrinkage=0.05


Tree=79
num_leaves=31
num_cat=0
split_feature=34 14 0 10 39 3 38 17 6 38 39 17 16 24 0 10 21 11 10 0 15 13 24 19 46 23 14 24 40 39
split_gain=7.0584 4.39754 4.82185 4.45881 4.26935 3.71071 2.94702 2.92752 2.67379 2.59913 2.52948 3.78432 3.01707 2.51677 2.37969 2.50538 2.28222 2.12045 2.05333 1.97285 2.1493 1.93471 1.91857 1.89221 1.82896 1.86197 2.17687 1.83727 1.82439 1.75093
threshold=1.0000000180025095e-35 45953.790000000015 3951.6800000000007 8480.2950000000019 301.05000000000007 0.57586020559859608 60.050000000000004 11.500000000000002 2.5000000000000004 59.550000000000004 101.65000000000002 11.500000000000002 14.500000000000002 12.336440972222224 1529.5200000000002 2416.3900000000003 32.113460648148155 1.5000000000000002 28841.105000000007 20397.215 27038.500000000004 11.500000000000002 4.254114583333334 27.888200231481488 1.0000000180025095e-35 1.0000000180025095e-35 3390.7500000000005 33.277343750000007 0.031908179449531358 131.65000000000001
decision_type=2 2 2 2 2 2 2 2 2 2 2 2 2 2 2 2 2 2 2 2 2 2 2 2 2 2 2 2 2 2
left_child=1 3 5 4 19 6 10 29 18 13 11 -3 14 -2 15 -12 17 -6 -4 24 -21 22 -11 -15 25 26 -1 -26 -8 -7
right_child=9 2 8 -5 16 7 28 -9 -10 21 12 -13 -14 23 -16 -17 -18 -19 -20 20 -22 -23 -24 -25 27 -27 -28 -29 -30 -31
leaf_value=0.0096036523882047434 0.012488709927278957 -0.032321560503494995 -0.022488826755712558 0.043801034160044244 0.026290736828612063 0.013114877506425785 0.04287731740505512 -0.01778238319514118 0.0364857558183104 0.013112082300890733 0.069653752737827535 0.038223903210546306 -0.037323330035770666 0.049135599508278588 -0.0073053118017626017 -0.0043437481478288244 0.055860066733951601 -0.027538847514309701 0.020479160426922275 -0.024194497896171788 0.037587228752757898 0.013402125432714388 -0.052376171499869978 -0.018960244380682063 -0.014760293802016525 -0.00601219021577536 -0.039058446555661902 0.058166047533095261 -0.032218818350944083 0.10358118455233825
leaf_weight=2.1136211170232881 14.026808740163689 3.5809524203068639 17.19180494121975 2.0939409318380049 2.5352309839217915 1.0785281275748273 0.076551803329492851 0.54435869195731346 1.7574708536267269 1.2912865349207989 5.4422208854812162 2.2556694109225646 0.4880995303392418 11.188336419756521 1.5089343499275853 1.2537415373371912 1.4856222442467695 2.7959459245321341 2.4762031603604546 1.8169112172909074 1.8773378225741906 6.6251162562402897 1.8804396353662012 0.60133164149010632 1.5815676214988332 7.0429564515361553 28.088582458323799 0.36048827302874986 3.9316879119141959 1.6664643732947295
leaf_count=1276 1202 1216 4696 72 563 179 53 342 22 220 304 553 2 970 377 54 279 854 142 33 44 1229 542 287 764 975 16019 147 2019 143
internal_value=0 -0.00565795 0.00604238 -0.0153585 -0.0186659 0.0221098 0.0117062 0.0643437 -0.0105823 0.0201444 0.0219868 -0.0034548 0.0376628 0.0281985 0.0456938 0.0570345 0.0162797 -0.00183096 -0.01635 -0.0244655 0.00852051 -0.00172551 -0.0289623 0.0444515 -0.0277098 -0.0301897 -0.0354543 0.0139459 -0.0225096 0.0810296
internal_weight=0 95.0449 43.2527 51.7922 49.6983 21.8272 18.5379 3.28935 21.4255 35.6133 14.5296 5.83662 8.693 25.8165 8.2049 6.69596 6.8168 5.33118 19.668 42.8815 3.69425 9.79684 3.17173 11.7897 39.1872 37.2452 30.2022 1.94206 4.00824 2.74499
internal_count=35578 31128 10102 21026 20954 5242 4578 664 4860 4450 2506 1769 737 2459 735 358 1696 1417 4838 19258 77 1991 762 1257 19181 18270 17295 911 2072 322
is_linear=0
shrinkage=0.05


Tree=80
num_leaves=31
num_cat=0
split_feature=33 33 2 0 38 38 39 14 21 15 31 31 39 39 31 13 31 0 31 24 12 15 39 0 39 19 2 0 14 21
split_gain=3.68634 5.6335 4.12046 4.10325 4.08017 3.94348 4.19776 3.12819 5.0803 2.96635 2.88102 2.65145 2.45419 3.75187 2.65303 2.26812 2.91261 2.86103 2.26614 2.24226 2.0719 2.98663 2.44109 5.02714 2.05586 2.05099 2.99614 1.93219 1.88938 1.93148
threshold=0.47673160173160178 0.11882352941176472 1.7871846081191778 3652.2100000000005 18.950000000000003 52.150000000000013 201.45000000000002 14493.485000000002 5.7969849537037046 28.500000000000004 14.500000000000002 4.5000000000000009 51.45000000000001 66.550000000000011 21.500000000000004 22.500000000000004 10.500000000000002 10710.510000000002 6.5000000000000009 5.5610416666666671 29528.415000000005 1547.5000000000002 158.05000000000004 90.210000000000022 103.65000000000002 5.0147627314814818 9.6923103828038588 2024.2950000000003 117270.71000000001 1.0000000180025095e-35
decision_type=2 2 2 2 2 2 2 2 2 2 2 2 2 2 2 2 2 2 2 2 2 2 2 2 2 2 2 2 2 2
left_child=1 2 5 4 -4 6 12 10 19 -8 -6 -3 -1 -14 20 16 17 -5 -17 -9 22 -22 23 -15 -13 28 -27 -12 29 -18
right_child=-2 11 3 15 7 -7 9 8 -10 -11 27 24 13 14 -16 18 25 -19 -20 -21 21 -23 -24 -25 -26 26 -28 -29 -30 -31
leaf_value=-0.033223586259918281 -0.033968966265290612 0.0082745259429599077 -0.026021526313561961 0.015345140123300594 -0.02786138575957994 -0.02765549746046695 -0.019147732202225834 -0.0088098202630226292 0.021257987657170629 0.060977013184725849 -0.018765336027135072 0.0042118508605389722 0.04329675291769796 0.032067444532313687 0.031757781099253431 0.025455303848551325 -0.00757036764729822 -0.044212329843296913 -0.041328185127471398 0.12407488619204712 -0.02395770837601852 0.052028009473728654 -0.054116980546670079 -0.025768936877153405 0.063037581961730496 -0.038490006509065477 0.022815898699190873 0.057734514375484464 0.043937305665652911 0.025331240601567353
leaf_weight=5.706315097922924 5.5538566946634083 7.3678766353405072 1.7238355257431965 2.7554939946276127 1.9703152419533561 17.780840668187011 1.0436262767761935 0.21290928300004486 3.9128711394732818 3.2743272493244149 0.59645317535614628 2.0774831693852303 3.3636953915702206 4.2958627470652706 2.930323749955277 0.95234492095187206 7.3118477039388479 3.8870879622991197 3.9922836453770287 2.0822661755955778 1.5717798188561567 1.8257617882918564 3.0335491569130673 12.25797362817684 5.9864414601470344 3.2066231934004454 2.8786452962085605 1.9203726701671255 5.5748791585210702 9.1445038083475065
leaf_count=5362 1120 361 978 361 674 13054 11 109 1270 154 357 298 924 83 144 14 375 212 717 198 73 283 376 5259 496 1406 30 191 153 365
internal_value=0 0.00450987 0.000399276 0.0104596 0.0343689 -0.00880865 0.000192329 0.0454952 0.0660628 0.0416523 0.0101859 0.0318048 -0.00594003 0.000299033 -0.00668318 0.00232038 0.00702122 -0.0207313 -0.0263472 0.112815 -0.0127037 0.019421 -0.0189486 -0.00978812 0.0500192 0.0140647 -0.0103621 0.0394243 0.0209686 0.0111162
internal_weight=0 124.639 109.207 52.1227 12.419 57.0841 39.3032 10.6952 6.20805 4.31795 4.48714 15.4318 34.9853 29.2789 25.9153 39.7037 34.7591 6.64258 4.94463 2.29518 22.9849 3.39754 19.5874 16.5538 8.06392 28.1165 6.08527 2.51683 22.0312 16.4564
internal_count=35408 34288 33133 7410 3777 25723 12669 2799 1577 165 1222 1155 12504 7142 6218 3633 2902 573 731 307 6074 356 5718 5342 794 2329 1436 548 893 740
is_linear=0
shrinkage=0.05


Tree=81
num_leaves=31
num_cat=0
split_feature=19 21 19 24 24 19 19 0 10 24 21 25 12 31 5 10 0 17 15 0 31 15 25 24 2 12 15 24 24 9
split_gain=4.26114 4.61685 5.58859 4.61485 3.12913 7.57343 5.51062 4.07347 3.50339 3.98361 2.74902 2.70282 2.56963 2.94141 2.54645 2.82316 3.05441 2.68744 3.53482 2.64762 2.45255 2.43437 2.35306 2.33218 2.29319 2.2847 2.07591 2.00041 2.90914 1.93586
threshold=22.775590277777781 17.164050925925931 7.2829745370370373 37.294068287037042 26.672112268518521 9.3360474537037046 17.823964120370373 1784.1250000000002 5477.8900000000003 18.909074074074077 7.0764236111111121 1.5000000000000002 8828.4000000000015 2.5000000000000004 1.0000000180025095e-35 1535.1700000000003 4490.4800000000005 1.5000000000000002 20462.000000000004 298.24500000000006 11.500000000000002 9429.0000000000018 1.5000000000000002 33.741614583333337 1.0507074725709777 5040.1600000000008 30320.000000000004 7.9596759259259269 16.885787037037041 1.5000000000000002
decision_type=2 2 2 2 2 2 2 2 2 2 2 2 2 2 2 2 2 2 2 2 2 2 2 2 2 2 2 2 2 2
left_child=1 2 10 -2 6 12 7 25 9 -9 11 14 13 -6 15 17 27 18 21 -19 -16 -1 -8 -7 -12 29 -26 -17 -29 -3
right_child=3 4 -4 -5 5 23 22 8 -10 -11 24 -13 -14 -15 20 16 -18 19 -20 -21 -22 -23 -24 -25 26 -27 -28 28 -30 -31
leaf_value=-0.011887823631784127 -0.03686343888324891 -0.0063622123758420249 -0.028530521347647216 0.024363263926295696 0.033306612441060472 0.09064334432955394 -0.04304157825448246 0.081266591496459095 -0.01168775255771686 0.0079393841241170542 7.6668309045770357e-05 0.038897840509477699 0.029209710119041301 -0.044603378401970588 -0.019111886104085929 0.0029903409011816004 -0.017933936150086257 0.016291778044515377 -0.024527320011979988 -0.033336001151901024 0.029724186574712298 0.11408832125630559 0.023649627664241172 -0.0065358224727207542 0.054411603097034245 -0.025282878579330689 0.0042887641671923151 0.087306690795421416 -0.013631874662436911 0.034539296131365145
leaf_weight=0.31115029583452869 10.388466336240525 5.0034535612794624 13.21165333513636 3.428110357199329 0.94931905460543786 4.6799757398548527 4.8337500452180384 4.939476022787856 1.9324960738886146 3.0348168982309289 6.2401018451200789 3.0393918695626772 4.5664284136728384 2.6730100611457601 2.8379694554023427 2.854578619822858 4.3217443338944577 2.5408878832822692 0.95267603691900149 16.927211504604202 7.7923920217435807 0.21868741879006848 1.0119446879252789 0.54821739636827249 5.7984322519623657 3.9722638960229224 3.2302993535995483 1.5008094810182231 0.66346753295510996 5.0980804654536769
leaf_count=203 8179 722 6856 1784 11 447 2673 272 35 171 911 180 152 411 33 620 388 617 629 8470 68 112 41 199 357 339 258 107 196 83
internal_value=0 0.00743631 -0.000331745 -0.0210531 0.0201628 0.0394274 0.010499 0.0211026 0.0440497 0.0573544 0.00632747 -0.000167021 0.00693133 -0.0213969 -0.00392717 -0.0112693 0.0108067 -0.0211555 0.0304358 -0.0263793 0.0161642 0.0806957 -0.0297285 0.0810401 0.0238869 0.00309909 0.0386945 0.0344231 0.0618344 0.0155319
internal_weight=0 115.685 72.4415 13.8166 43.2432 13.417 29.8263 23.9806 9.90679 7.97429 59.2298 43.961 8.18876 3.62233 40.9216 30.2912 9.3406 20.9506 1.48251 19.4681 10.6304 0.529838 5.84569 5.22819 15.2688 14.0738 9.02873 5.01886 2.16428 10.1015
internal_count=35524 25561 20005 9963 5556 1220 4336 1622 478 443 13149 11623 574 422 11443 11342 1311 10031 944 9087 101 315 2714 646 1526 1144 615 923 303 805
is_linear=0
shrinkage=0.05


Tree=82
num_leaves=31
num_cat=0
split_feature=3 31 24 15 20 20 17 15 23 14 24 15 14 14 15 14 0 0 0 3 21 21 3 17 12 3 3 0 31 24
split_gain=2.15375 3.52449 2.73212 2.62677 2.56359 4.39811 2.547 3.01875 2.3817 2.22429 2.61445 2.2214 2.53474 3.27958 3.52743 3.00315 4.64368 5.20332 5.43304 3.17191 2.65035 2.53055 2.44916 2.1117 2.10308 2.51333 2.08559 2.05741 2.00256 1.99515
threshold=0.98290835196706472 14.500000000000002 36.883067129629637 54169.500000000007 1.5000000000000002 3.5000000000000004 1.5000000000000002 9429.0000000000018 1.0000000180025095e-35 58612.084999999999 17.258177083333337 49557.000000000007 25078.145000000004 9592.0550000000021 43.500000000000007 70086.210000000006 2553.4050000000002 735.54500000000007 530.49000000000012 0.73540596028901262 8.0406655092592612 21.339149305555562 0.07463766932878782 9.5000000000000018 1355.6800000000001 -5.1644574533274303 -3.8219205515550869 90.210000000000022 11.500000000000002 18.110445601851854
decision_type=2 2 2 2 2 2 2 2 2 2 2 2 2 2 2 2 2 2 2 2 2 2 2 2 2 2 2 2 2 2
left_child=3 2 8 6 -3 -6 7 -1 9 -2 -11 12 13 20 -15 16 17 18 27 22 -8 -13 -18 -20 -22 -26 -16 -14 -5 -17
right_child=1 4 -4 28 5 -7 11 -9 -10 10 -12 21 15 14 26 29 19 -19 23 -21 24 -23 -24 -25 25 -27 -28 -29 -30 -31
leaf_value=-0.016374201576816388 -0.028551778258193397 0.010655980234024899 0.040796543524834708 -0.0017713833167477433 0.05258849803333835 -0.030517578391084734 -0.029624898731301447 0.10376197639551688 0.025026890303118821 -0.02090819393724332 0.029795471880438396 -0.012831341171675316 0.020018980704539557 0.031527197786461889 0.019239159946373222 -0.02126028229617186 -0.01256859768996928 -0.023258819200000266 0.099551872263798816 -0.018079498227585863 -0.02101164438979871 0.077408000004440314 0.09945668340353056 -0.011186355867311254 -0.032331126008193788 0.064659551148478961 -0.046076677452311476 -0.03167557585303498 -0.039610964914319993 0.0087803197186596751
leaf_weight=0.48517731466563319 11.098887502332227 17.758777161012407 2.2935680538066654 7.1021911274292489 9.6307726919767429 1.2000263482914295 1.4447264501359338 0.30049659317592159 3.6335376065107985 4.1451002292451431 4.0559771278058179 0.88751550822052994 5.9734232487389871 1.2784258783212852 0.82904047396732394 10.793537627963817 0.3315764988074078 7.1640608683228484 1.8150942723732444 0.54874253936577577 0.71993887616554308 0.94157368596643209 2.2178230506833643 0.28727405052632082 0.1806142479181293 2.6894498336478136 9.7298618768691068 1.6840124116279183 6.0801640544668771 9.6073423197958601
leaf_count=279 2083 1590 236 4382 826 114 1134 171 189 289 296 373 101 89 37 2335 172 3618 269 300 580 205 648 241 1 431 5484 862 5687 2523
internal_value=0 0.011671 -0.0019844 -0.00142273 0.0233802 0.0415793 0.00310937 0.0619506 -0.00778872 -0.0148953 0.00468102 0.00131008 -0.000811504 -0.016537 -0.0301757 0.00599292 0.0193056 0.00728329 0.0297804 0.0671762 0.0152159 0.0445635 0.0854505 0.085692 0.035784 0.0517789 -0.0397276 0.00630478 -0.0207867 -0.00736409
internal_weight=0 53.8166 25.2271 73.0921 28.5896 10.8308 59.9097 0.785674 22.9335 19.3 8.20108 59.124 57.2949 16.8721 11.8373 40.4229 20.022 16.9239 9.7598 3.09814 5.03473 1.82909 2.5494 2.10237 3.59 2.87006 10.5589 7.65744 13.1824 20.4009
internal_count=35545 5623 3093 29922 2530 940 19853 450 2857 2668 585 19403 18825 7756 5610 11069 6211 5091 1473 1120 2146 578 820 510 1012 432 5521 963 10069 4858
is_linear=0
shrinkage=0.05


Tree=83
num_leaves=31
num_cat=0
split_feature=39 38 39 38 39 11 21 20 13 14 40 40 39 33 40 0 21 21 31 15 21 3 39 40 13 0 31 39 31 38
split_gain=3.41231 3.11283 4.9252 3.91901 8.59076 3.95985 3.58968 4.74434 4.59857 3.24069 3.19634 5.12608 3.31512 2.97724 2.38676 2.56223 2.90489 3.0926 2.26878 2.26584 2.24603 3.03664 2.14971 2.13417 2.05531 1.93878 1.91867 1.8374 1.78637 1.74045
threshold=750.70000000000016 70.15000000000002 103.65000000000002 39.550000000000004 76.550000000000011 6.5000000000000009 32.387332175925934 1.5000000000000002 21.500000000000004 38697.435000000005 0.7566436737634773 0.52562464775581275 145.85000000000005 0.063508064516129045 1.9012284946120468 38051.880000000012 28.296990740740743 34.319820601851859 4.5000000000000009 2550.5000000000005 17.934085648148152 2.1378119330449716 241.75000000000003 0.12512553317180922 27.500000000000004 49283.490000000013 2.5000000000000004 155.75000000000003 21.500000000000004 111.45000000000002
decision_type=2 2 2 2 2 2 2 2 2 2 2 2 2 2 2 2 2 2 2 2 2 2 2 2 2 2 2 2 2 2
left_child=1 2 3 5 23 20 8 -8 9 10 11 -4 -13 22 15 16 -3 29 -17 -14 28 -22 -10 -5 -7 -20 -9 -12 -1 -18
right_child=-2 14 6 4 -6 24 7 26 13 -11 27 12 19 -15 -16 18 17 -19 25 -21 21 -23 -24 -25 -26 -27 -28 -29 -30 -31
leaf_value=-0.039048115884502542 0.045071102166676244 -0.034950368345658851 0.0089125992952258752 -0.017571702486130089 -0.016144294487369367 0.045679819207947274 0.028326872893936917 0.015975764871745759 -0.035687339246706966 0.044586500160433029 0.011220759801530636 0.0047489622291704385 -0.0059734869405055069 0.031321980426757927 0.026369666362180647 -0.034047541218581549 -0.018380235838368644 -0.031548996664886982 0.034352720138888751 0.13041888232595542 -0.01787683589319445 0.040203861169273464 0.026831219618350319 0.075543789417327978 -0.014456182301489366 -0.023253629279971107 -0.062823156600378585 -0.030413548145200267 0.011402589314380126 0.053756033185778165
leaf_weight=14.364511641178984 3.8843180824769652 15.343933354131886 8.4214099274831842 0.32295654783956518 6.9862123906495981 2.7753291378612621 2.5664618737064293 0.5279558913316581 6.0286306102643703 17.464957574557047 5.1756363483145815 1.0936527215526433 0.25495623250026245 2.376713780220598 2.863973028084728 1.4934251146623854 0.57898473067325484 1.9165281944442538 4.9442397020757198 1.2153924947488119 7.8701712332549487 2.0211778792436235 0.93431119673186902 3.9757911931956187 1.6654543450567869 1.1606118134222922 2.9276703607756644 3.7338132924633101 1.5376847513834935 2.1289516160031781
leaf_count=6841 194 10322 1503 31 2063 279 504 14 1192 1279 925 340 26 151 661 28 580 1514 89 144 4087 55 30 292 430 35 476 288 195 902
internal_value=0 0.00243395 0.00691915 -0.00589123 0.0182102 -0.0151821 0.0169294 -0.0172757 0.02161 0.0293003 0.0143896 0.0313168 0.0817551 -0.00901073 -0.0112345 -0.0159276 -0.0249929 0.00838558 0.00803228 0.113924 -0.0226968 -0.00340707 -0.0249824 0.0665522 0.0246148 0.0216695 -0.0499006 -0.00753591 -0.0337837 0.0375351
internal_weight=0 124.671 94.2409 41.5193 11.285 30.2343 52.7216 6.02209 46.6995 37.3598 19.8949 10.9854 2.564 9.33966 30.4306 27.5667 19.9684 4.62446 7.59828 1.47035 25.7935 9.89135 6.96294 4.29875 4.44078 6.10485 3.45563 8.90945 15.9022 2.70794
internal_count=35470 35276 21145 14273 2386 11887 6872 994 5878 4505 3226 2013 510 1373 14131 13470 13318 2996 152 170 11178 4142 1222 323 709 124 490 1213 7036 1482
is_linear=0
shrinkage=0.05


Tree=84
num_leaves=31
num_cat=0
split_feature=39 15 25 2 38 14 15 15 14 3 11 33 33 19 19 12 19 24 19 13 19 24 37 15 12 12 24 3 12 3
split_gain=3.78864 2.79227 2.49308 2.50118 2.31346 2.16861 2.59692 3.61439 2.66071 2.92458 2.50811 2.40873 3.39721 2.43163 2.61633 2.34423 2.16642 3.04827 2.82547 3.97993 4.15505 3.16585 2.43985 2.04464 2.01162 1.94615 2.03118 1.89981 1.88017 1.83194
threshold=750.70000000000016 54169.500000000007 2.5000000000000004 19.571745490999184 286.85000000000008 23319.975000000002 19980.500000000004 57.500000000000007 9592.0550000000021 -0.45255749922609512 2.5000000000000004 0.51925925925925942 0.044466403162055343 39.976412037037043 21.268032407407411 3899.1000000000004 18.337256944444448 27.035630787037039 8.2731655092592611 29.500000000000004 1.0000000180025095e-35 7.0907233796296305 1.0000000180025095e-35 651.50000000000011 39423.615000000013 13008.905000000002 19.032314814814818 1.2657877042353836 11654.190000000001 0.83213257386603845
decision_type=2 2 2 2 2 2 2 2 2 2 2 2 2 2 2 2 2 2 2 2 2 2 2 2 2 2 2 2 2 2
left_child=1 4 3 -3 5 6 7 -1 9 -9 15 12 13 14 16 29 18 -18 19 20 22 23 28 -22 -16 26 -23 -14 -7 -8
right_child=-2 2 -4 -5 -6 11 10 8 -10 -11 -12 -13 27 -15 24 -17 17 -19 -20 -21 21 25 -24 -25 -26 -27 -28 -29 -30 -31
leaf_value=0.032897957133372478 0.0453316133913889 -0.023965769907726388 0.038684887228165939 0.023021659308512799 -0.035851181980879811 -0.021685649608049782 -0.019423332848989276 0.043101865828210788 -0.03196186126254659 -0.020239426805176066 -0.021856454276960174 -0.034517701048043511 0.01595925976072458 0.075314238523285892 -0.04092357835953514 0.094253542786906591 -0.014609327149458834 0.085518235329573436 -0.02647466025974789 -0.036833526707295304 0.032940711657302127 0.092237446348135535 0.042617843915332118 -0.03037295163440993 0.025908988820350493 0.0064343211754423471 -0.0087369008104825341 0.049777992507675721 0.0091169573242633056 0.039588612308032678
leaf_weight=2.7476616366184379 3.9494971692329264 20.692928579082952 1.1595602929592121 2.4504374805837861 2.4376205479493356 7.2032171615574141 1.6104871102434115 2.173251545871608 14.01022171138902 3.3479273620760095 1.5754652842006178 1.8678905929555174 12.229985940677581 0.19682007998926465 4.1319093879428683 0.504253351362422 0.83754802073235513 0.94214706064667553 5.3725812272168687 3.096662667230702 1.6424156233551905 3.156641340174247 2.414819856057874 1.4707945011905392 0.70563654223224137 1.2782545980880966 0.38056212745141227 6.7754983191844067 11.573313969885929 1.8402014352905096
leaf_count=179 204 11876 9 25 1041 1036 879 752 4849 1520 554 389 1107 137 3263 128 535 103 2797 821 131 390 86 828 319 270 165 149 715 251
internal_value=0 0.000685211 -0.0141055 -0.0182432 0.00455538 0.00598329 -0.00556986 -0.0132175 -0.0209913 0.00747925 0.0225447 0.010915 0.0127685 0.00493826 0.00296585 0.0410734 0.00742899 0.0500931 0.00416326 0.00991577 0.015945 0.0445747 0.00370732 0.00291688 -0.0284066 0.066374 0.0818425 0.0299013 -0.00319883 0.0138709
internal_weight=0 119.827 24.3029 23.1434 95.5238 93.0862 27.8095 22.2791 19.5314 5.52118 5.53041 65.2767 63.4088 44.4033 44.2065 3.95494 39.369 1.7797 37.5893 32.2167 29.12 7.92867 21.1914 3.11321 4.83755 4.81546 3.5372 19.0055 18.7765 3.45069
internal_count=35508 35304 11910 11901 23394 22353 9112 7300 7121 2272 1812 13241 12852 11596 11459 1258 7877 638 7239 4442 3621 1784 1837 959 3582 825 555 1256 1751 1130
is_linear=0
shrinkage=0.05


Tree=85
num_leaves=31
num_cat=0
split_feature=2 38 39 2 31 33 23 24 14 38 39 38 0 6 24 38 24 14 24 19 24 19 24 6 21 19 21 24 24 38
split_gain=4.17552 5.9728 4.24153 3.61814 3.64977 3.42041 3.30243 2.95906 3.48296 3.78333 3.18146 3.72467 2.94893 2.74443 2.6105 2.59269 2.56136 2.46072 2.41904 2.31916 2.52817 3.04311 2.42286 3.03475 2.29139 2.0854 1.72248 1.70391 1.6867 1.66506
threshold=1.7871846081191778 52.150000000000013 173.15000000000001 1.9221350549601548 12.500000000000002 0.10818713450292398 1.0000000180025095e-35 0.93304976851851862 68704.135000000024 17.150000000000002 159.75000000000003 23.450000000000003 3457.7300000000005 2.5000000000000004 9.7427662037037059 178.65000000000001 0.16323495370370372 7306.4550000000008 18.110445601851854 10.686770833333336 25.90502314814815 27.888200231481488 18.909074074074077 1.0000000180025095e-35 26.85279513888889 13.74258101851852 29.336730324074079 0.0071527777777777787 6.0042708333333339 54.350000000000001
decision_type=2 2 2 2 2 2 2 2 2 2 2 2 2 2 2 2 2 2 2 2 2 2 2 2 2 2 2 2 2 2
left_child=1 2 7 4 -2 -3 13 10 -9 -10 11 16 28 14 15 -5 27 -7 -11 22 -21 29 -16 26 -20 -8 -24 -1 -6 -22
right_child=3 5 -4 6 12 17 25 8 9 18 -12 -13 -14 -15 19 -17 -18 -19 24 20 21 -23 23 -25 -26 -27 -28 -29 -30 -31
leaf_value=0.03324623365085496 -0.0010752433471283077 -0.036790959807399486 0.034500520032727383 -0.030836112866317007 -0.0066466124011740554 0.076285205781922702 0.046948229739674927 -0.02382514621415735 -0.033803146054140115 -0.0088394027039120689 -0.041972764856982606 -0.030651323663800169 -0.0083147440047073706 0.0383826662944571 0.031834055028588076 0.021250594502807287 0.11325631657731139 -0.0061151351196731228 0.060734516566821599 -0.03572258589791185 0.044473990240942167 -0.032835804560119232 -0.033525775883435853 0.03974363451818045 -0.011886386779759226 -0.018826792508482987 0.011069119949795637 -0.032053497282947631 0.12851699172080794 -0.018213640554099735
leaf_weight=7.4041108494275214 1.6150734242983156 15.889908625045793 8.7231299877748807 9.0364380602550209 0.15284908300964151 0.18730766198132132 6.8164685408119103 17.660831704997694 2.4207230610481911 2.5479867127141915 0.96268162317574102 1.4367966036661526 0.43868365156231437 4.3251974310260257 11.292537603178067 2.3561203880235544 0.22460821393178765 3.3055651318281889 3.9670297247939743 4.4448884800658544 3.4399759903899394 1.8743273811414836 4.5978029603138548 2.2576621170155704 1.0194889102131126 0.86790790688246477 2.8920380717609078 0.33653912477893744 1.1185177158913573 0.7833994788234121
leaf_count=620 445 13082 415 1471 106 90 239 8908 1311 575 26 603 206 43 657 204 138 827 391 1754 253 1223 654 26 370 183 34 77 337 292
internal_value=0 -0.0047317 0.0050251 0.0134912 0.0577622 -0.0273344 0.00983001 -0.00245598 -0.0109702 0.0119279 0.0191987 0.028895 0.0932236 0.00452436 0.000321388 -0.0192184 0.041857 0.0142993 0.0288597 0.00774334 -0.0107346 0.00994694 0.0170691 -0.00140664 0.0463818 0.0382068 -0.0170309 0.0270648 0.116495 0.0315852
internal_weight=0 66.0867 46.7039 58.3099 3.32512 19.3828 54.9848 37.9808 27.6161 9.95523 10.3647 9.40205 1.71005 47.3004 42.9752 11.3926 7.96526 3.49287 7.53451 31.5826 10.5426 6.0977 21.04 9.7475 4.98652 7.68438 7.48984 7.74065 1.27137 4.22338
internal_count=35560 27433 13434 8127 1094 13999 7033 13019 11555 2647 1464 1438 649 6611 6568 1675 835 917 1336 4893 3522 1768 1371 714 761 422 688 697 443 545
is_linear=0
shrinkage=0.05


Tree=86
num_leaves=31
num_cat=0
split_feature=40 38 38 24 10 40 5 14 24 21 47 5 24 19 0 46 20 13 11 13 40 41 6 15 40 38 11 21 19 21
split_gain=3.54447 3.314 3.10265 4.19652 3.07677 5.64732 3.30126 2.89209 2.70677 4.58752 2.7051 2.68629 3.64291 2.62459 2.42025 2.04973 2.01666 1.80826 1.75084 2.31025 1.76822 1.67712 1.67631 1.72725 2.1862 2.02763 1.6018 1.45646 1.54606 2.9896
threshold=0.022730671873701674 58.45000000000001 42.050000000000004 5.5610416666666671 462.35500000000008 0.7566436737634773 1.0000000180025095e-35 11449.145 8.1068865740740765 7.9654456018518527 1.0000000180025095e-35 1.0000000180025095e-35 8.0357291666666679 13.74258101851852 366.86500000000007 1.0000000180025095e-35 1.5000000000000002 31.500000000000004 3.5000000000000004 13.500000000000002 1.4890599562439506 1.0000000180025095e-35 2.5000000000000004 76574.000000000015 0.44475818143428553 68.850000000000009 6.5000000000000009 31.298420138888893 25.851684027777782 28.296990740740743
decision_type=2 2 2 2 2 2 2 2 2 2 2 2 2 2 2 2 2 2 2 2 2 2 2 2 2 2 2 2 2 2
left_child=21 2 4 -4 6 -6 7 16 9 11 14 12 -3 -11 -5 22 -2 18 20 -20 -9 26 23 24 -10 -25 -1 28 29 -16
right_child=1 8 3 10 5 -7 -8 17 15 13 -12 -13 -14 -15 27 -17 -18 -19 19 -21 -22 -23 -24 25 -26 -27 -28 -29 -30 -31
leaf_value=-0.034107973094373592 0.017854538480338095 -0.040340441706089053 -0.016094090769629785 -0.022407913217858039 0.016166052737079533 -0.036511143605136707 -0.039182242200342436 0.0057991280153464886 -0.0040817749602621431 0.052447198847480704 -0.019248898450702434 0.031815236828325148 0.055208866630126467 -0.022759481639201641 0.041882707894769083 0.029322010927803732 -0.035865910153821338 -0.025519206317525772 -0.014774926137029871 0.051606668421928847 0.046338162451762525 0.028574776651689705 0.026280498475230438 0.057950746311476377 -0.041516021237008843 -0.01169115839033627 0.016052906274393566 0.00047826791517126396 -0.015286784379778992 0.12064375052746353
leaf_weight=9.55451992337475 2.2947403413127203 5.7832597737142333 3.9854932227754061 0.78990913549205899 9.2412159290979634 9.2682314823614416 1.762441256083547 12.088173748197738 6.0135346612951386 5.2670052887697238 1.3978239395655681 1.5620590434409676 0.27996524551417667 0.82599757576826949 13.347833009203894 1.4421300872636482 2.9681420038104989 0.91923622152535145 1.0678844342473883 8.8310845979140122 2.6058346448116927 0.69496093894122246 1.031570141436531 0.38716304500121568 11.497990684729301 3.3503379035100807 1.266943872789853 1.5645022919634346 0.43458954471862021 0.86532272305339653
leaf_count=6831 821 3507 819 275 868 701 38 3149 3117 473 361 22 28 601 1621 594 656 432 135 917 454 25 13 247 5973 1754 433 449 269 31
internal_value=0 0.00608891 0.0122056 0.0273144 0.00518241 -0.0107304 0.0142847 0.0184834 -0.00591302 0.0112558 0.0370618 -0.0140821 -0.0287368 0.0404805 0.0425034 -0.0158951 -0.0133317 0.0253018 0.0281243 0.043747 0.0154828 -0.0219846 -0.0199556 -0.0232805 -0.0295759 0.00623254 -0.0273741 0.0467842 0.0513835 0.0542929
internal_weight=0 110.873 73.4325 22.3855 51.047 18.5094 32.5375 30.7751 37.441 13.7183 18.4 7.62528 6.06323 6.093 17.0022 23.7227 5.26288 25.5122 24.593 9.89897 14.694 11.5164 22.2806 21.249 17.5115 3.7375 10.8215 16.2122 14.6477 14.2132
internal_count=35614 28325 11996 3825 8171 1569 6602 6564 16329 4631 3006 3557 3535 1074 2645 11698 1477 5087 4655 1052 3603 7289 11104 11091 9090 2001 7264 2370 1921 1652
is_linear=0
shrinkage=0.05


Tree=87
num_leaves=31
num_cat=0
split_feature=40 2 8 25 14 15 0 3 24 24 24 24 24 19 40 2 3 19 12 12 12 3 40 0 19 33 19 15 40 33
split_gain=3.45536 3.74549 3.2102 2.06002 2.05891 1.95312 1.75652 2.89933 2.89062 4.3943 2.65357 4.25887 3.66152 5.07354 3.26774 2.88644 3.90819 2.50845 2.49306 2.7287 3.17967 2.38962 2.13041 2.10093 2.16387 2.08377 2.05231 1.95895 1.8907 1.95184
threshold=0.027278815643012027 0.01664170781265813 69.805000000000021 1.5000000000000002 18459.200000000008 73.500000000000014 90.210000000000022 -1.9014711169230551 7.9596759259259269 8.1068865740740765 18.909074074074077 25.526018518518523 18.110445601851854 5.7360648148148163 1.10089476244095 0.73844602367050627 -0.55502824473840795 26.924722222222226 16997.850000000002 3389.605 2780.2750000000005 -0.80387342639271164 0.95493125180438054 5575.7650000000003 39.976412037037043 0.070197044334975381 0.77613425925925938 45588.500000000007 0.21976534805614237 0.10818713450292398
decision_type=2 2 2 2 2 2 2 2 2 2 2 2 2 2 2 2 2 2 2 2 2 2 2 2 2 2 2 2 2 2
left_child=-1 2 5 6 -5 -2 -3 -8 18 -10 12 -12 13 22 15 16 25 -17 19 20 -9 -14 27 24 -16 -13 -20 -11 29 -15
right_child=1 3 -4 4 -6 -7 7 8 9 10 11 14 21 28 23 17 -18 -19 26 -21 -22 -23 -24 -25 -26 -27 -28 -29 -30 -31
leaf_value=-0.021370946106008325 -0.065801236180125469 0.0278473178988774 0.028654151296753118 -0.011716451904426212 0.039321032160362562 -0.0052830056855800722 -0.036653928626051421 -0.013009856215100007 0.086958078856187809 0.024546212675468564 -0.026964100916991481 -0.013678820475501098 -0.015881310737492122 -0.021160254173055854 -0.041992639720222442 0.022669124816761487 0.13021113203265103 -0.024583348747324096 0.029889443944116759 -0.036558933410981959 0.051066309671422797 0.074261999793466815 0.055583559764513159 0.015676311071924635 0.041398982653327469 0.05445371178731661 -0.023528496029823612 -0.021954377867989448 -0.031765091315259092 0.056181667904251553
leaf_weight=11.488279897632308 2.8848405033349982 7.6066933898837297 1.2473499625921247 2.0214688949636175 8.1928610907052626 2.317113300494384 3.1827365651261053 7.6158002051524871 0.9069951809651674 8.2916079419665092 9.3991355088946857 1.8152956640115014 0.51421112450771067 0.86060053214896359 4.4800209755194365 9.6112387550238036 0.38643631001469003 2.9082538185466538 5.2890009559341697 8.5464503396360652 1.4981442696589509 3.2362489881343199 4.0546674700744907 2.8681166810565628 0.094026963983196654 1.0398905972251666 1.6714547455776481 2.1406775875657322 5.958473910955945 0.62667623441666365
leaf_count=7352 25 280 12 161 361 93 1359 3198 201 583 3796 1122 56 746 1850 1709 319 2811 258 2557 390 322 389 357 73 106 615 349 4041 39
internal_value=0 0.0063748 -0.0280235 0.00873612 0.0290764 -0.0440428 0.00625881 0.00407616 0.00603678 0.0119684 0.00935437 -0.000209087 0.0210472 0.0118198 0.0112951 0.0237197 0.0596704 0.010686 -0.00813431 -0.0178735 0.00153063 0.0611614 0.0284161 -0.0147108 -0.0331588 0.0188239 0.0157176 0.0139187 -0.0200122 0.0209139
internal_weight=0 111.266 6.4493 104.817 10.2143 5.20195 94.6029 86.9962 83.8134 59.1926 58.2856 32.6024 25.6832 21.9327 23.2033 15.7611 3.24162 12.5195 24.6209 17.6604 9.11394 3.75046 14.487 7.44216 4.57405 2.85519 6.96046 10.4323 7.44575 1.48728
internal_count=35530 28178 130 28048 522 118 27526 27246 25887 18869 18668 12143 6525 6147 8347 6067 1547 4520 7018 6145 3588 378 1321 2280 1923 1228 873 932 4826 785
is_linear=0
shrinkage=0.05


Tree=88
num_leaves=31
num_cat=0
split_feature=19 21 19 14 13 0 3 17 3 15 10 19 21 3 17 31 21 31 15 34 2 38 13 39 8 39 13 15 17 38
split_gain=2.53708 4.03842 2.95949 2.79543 3.27323 3.93824 8.49138 2.95439 3.17463 2.55013 2.16706 2.08419 2.00283 1.97905 2.284 1.94736 1.90225 2.92709 1.99349 1.90048 2.10241 1.97725 1.97611 1.8157 1.57657 1.59731 3.68848 2.80048 1.89971 1.53285
threshold=27.888200231481488 28.296990740740743 1.0000000180025095e-35 44769.975000000006 31.500000000000004 5296.3250000000016 0.49860846279488308 6.5000000000000009 -2.0575984421710278 8405.0000000000018 3679.0950000000003 21.563715277777781 5.4348148148148159 2.1378119330449716 5.5000000000000009 14.500000000000002 30.170694444444447 9.5000000000000018 73.500000000000014 1.0000000180025095e-35 3.084352139183872 54.850000000000001 16.500000000000004 131.65000000000001 587.86500000000012 70.450000000000017 8.5000000000000018 20462.000000000004 10.500000000000002 64.750000000000014
decision_type=2 2 2 2 2 2 2 2 2 2 2 2 2 2 2 2 2 2 2 2 2 2 2 2 2 2 2 2 2 2
left_child=1 3 16 19 5 6 7 15 -9 13 11 -4 -10 14 -7 -5 -3 -18 -19 20 24 22 -21 -8 25 26 27 -1 -27 -14
right_child=-2 2 10 4 -6 9 23 8 12 -11 -12 -13 29 -15 -16 -17 17 18 -20 21 -22 -23 -24 -25 -26 28 -28 -29 -30 -31
leaf_value=0.073384322818851933 -0.024537399399520887 0.038768558857078438 0.090247945707736588 -0.047249826164417114 -0.030754715667978157 0.02595191590524893 0.021212943769891784 -0.019941756973982823 -0.022431799306627469 -0.018407656974555039 -0.012659821362745158 0.013930615072202862 0.047441861232315405 0.032339972853006271 -0.029588275093219225 0.011126723077910804 0.024539791544274409 0.023491136407560523 -0.042048542005896195 0.029203075711952527 0.0023795077346764515 -0.018191992555323135 -0.015331390353640565 0.099969420669925146 0.026279403211750131 -0.037948930581597873 -0.032494888732691012 -0.020561016703178579 0.007342943187252083 -0.0087030660049115215
leaf_weight=1.1645222437800899 7.3372638225846449 3.0761001289938603 2.4100308219203717 2.3064942462078823 3.8402817476599003 2.2457434074895009 1.7026112553139672 2.9407448600977686 0.80162664415547169 11.025786675396374 0.68991382390959177 1.789796430035494 7.9503891429339983 5.7315396817866713 3.3800585013523232 1.9655241342261431 4.2437145924195629 0.830774844624102 3.6310741843772121 8.113465983013155 12.347487368155269 4.745391627715434 2.7097918897925402 3.011050300905481 0.77850452595157449 15.558896701404594 2.6499884994409513 0.69609571390901681 2.3512907140830057 1.082276818458922
leaf_count=519 6746 109 200 638 1790 273 336 205 468 1961 42 446 850 71 718 520 87 11 397 1034 858 1217 334 291 84 10188 2883 699 899 665
internal_value=0 0.00402245 0.026042 9.49685e-05 0.00866984 0.0127049 0.0273533 0.00910216 0.0208712 -0.00209698 0.0552177 0.0666583 0.0337897 0.0139458 -0.00684674 -0.0233752 0.0105605 -0.00237423 -0.0277787 -0.00796651 -0.0142262 0.00632187 0.0176994 0.0802135 -0.0227975 -0.0255509 0.000973137 0.0433363 -0.031929 0.0405177
internal_weight=0 115.771 16.6714 99.0996 47.9841 44.1438 21.7607 17.0471 12.775 22.3831 4.88974 4.19983 9.83429 11.3573 5.6258 4.27202 11.7817 8.70556 4.46185 51.1154 35.5468 15.5686 10.8233 4.71366 23.1993 22.4208 4.51061 1.86062 17.9102 9.03267
internal_count=35539 28793 1292 27501 8786 6996 3973 3346 2188 3023 688 646 1983 1062 991 1158 604 495 408 18715 16130 2585 1368 627 15272 15188 4101 1218 11087 1515
is_linear=0
shrinkage=0.05


Tree=89
num_leaves=31
num_cat=0
split_feature=40 25 14 39 38 39 40 40 38 14 3 31 45 31 39 11 40 3 0 31 38 39 17 14 39 15 13 15 0 0
split_gain=2.9192 2.1415 2.87946 2.40016 5.22193 4.79602 2.80717 4.16931 3.53792 3.55731 3.18627 3.86521 3.02235 2.76952 2.54341 2.50728 2.4363 2.41115 2.32338 2.27607 2.18554 2.13687 2.12633 1.94537 1.92996 2.3068 1.90236 1.72767 1.68198 2.34627
threshold=0.022730671873701674 1.5000000000000002 19837.215 74.950000000000017 39.550000000000004 99.750000000000014 0.77611134055925557 0.65710990042787187 43.95000000000001 10112.975 0.57586020559859608 10.500000000000002 1.0000000180025095e-35 4.5000000000000009 138.15000000000001 2.5000000000000004 0.18362900735304552 0.73540596028901262 3652.2100000000005 10.500000000000002 127.65000000000002 166.05000000000004 5.5000000000000009 159162.37500000003 154.05000000000004 103.50000000000001 14.500000000000002 15105.500000000002 2741.5350000000003 2553.4050000000002
decision_type=2 2 2 2 2 2 2 2 2 2 2 2 2 2 2 2 2 2 2 2 2 2 2 2 2 2 2 2 2 2
left_child=-1 3 -3 4 15 13 7 8 9 -7 24 -12 16 -5 -11 -2 26 28 20 -6 21 -9 -18 -16 25 -8 -10 -17 29 -13
right_child=1 2 -4 5 19 6 10 18 12 14 11 17 -14 -15 23 27 22 -19 -20 -21 -22 -23 -24 -25 -26 -27 -28 -29 -30 -31
leaf_value=-0.02064159097842613 -0.029900411271276087 -0.019379241696630193 0.039656031497653038 0.018685581067851783 0.0024282522160735333 -0.023241002096201457 0.029287107141967264 0.017063242736501911 -0.01553741283657843 0.0084982771876628491 -0.027229453787936682 -0.0086017130843283225 0.050158374323585643 -0.037708618157176799 0.063629118050710906 0.0024629832919484044 0.0040571482758320872 0.014628701537548234 0.010263406800039464 0.085744833906022652 -0.013998095273419345 0.10947232128492888 -0.034809131338889313 -0.010884849706741993 -0.037596209869791029 -0.022587341217833852 0.032469026619759589 0.06028811272848289 -0.0088556261601447413 0.14061686871585508
leaf_weight=11.035915034328353 3.2543375988316239 2.0416500018909556 7.6582207543542609 2.0477751616854212 1.1500301711494096 2.5138544064830048 2.5573107392119736 1.3878158060542771 2.8583436426415636 5.6883227581274678 4.182327792979776 0.20736586974817228 1.1706993953557674 10.314973313885273 5.5715622286079451 4.5456285145774018 4.8989114217401939 10.116650528943863 3.1571190468384884 2.4830544223659672 0.38780513862729993 1.6463834906171539 9.9673234375077282 0.70455533917993296 8.0577868657128402 4.40123595087789 3.7132149672252126 0.85724814920104098 0.21456092686275952 0.04901439551031217
leaf_count=7217 1429 178 345 106 57 290 80 596 1296 866 555 228 96 3857 379 849 2302 1514 354 209 412 235 4244 52 3607 2443 1196 305 170 15
internal_value=0 0.00532226 0.0265803 0.00297344 0.0227457 -8.77025e-05 0.00486364 0.0128193 0.00574729 0.0242121 -0.0068367 0.00937723 -0.00660214 -0.0276682 0.0352062 -0.000163367 -0.0117991 0.0249396 0.0466662 0.065588 0.0703353 0.0819121 -0.0225529 0.0549179 -0.0223743 -0.00223863 0.012294 0.0196207 0.0859096 0.109142
internal_weight=0 107.805 9.69987 98.1052 12.2903 85.8149 73.4522 43.6659 37.0868 14.4783 29.7863 14.7699 22.6085 12.3627 11.9644 8.65721 21.4378 10.5876 6.57912 3.63308 3.422 3.0342 14.8662 6.27612 15.0163 6.95855 6.57156 5.40288 0.470941 0.25638
internal_count=35482 28265 523 27742 2849 24893 20930 12318 10721 1587 8612 2482 9134 3963 1297 2583 9038 1927 1597 266 1243 831 6546 431 6130 2523 2492 1154 413 243
is_linear=0
shrinkage=0.05


Tree=90
num_leaves=31
num_cat=0
split_feature=38 39 40 39 13 40 13 14 14 0 17 33 11 33 2 2 15 15 17 40 40 38 40 3 2 15 38 38 12 40
split_gain=2.4827 5.90315 3.99343 3.64872 2.76638 2.73441 2.71711 3.59787 2.76257 2.60344 2.57611 2.37699 2.34305 2.65176 2.11758 2.30767 2.08866 4.68519 2.06135 2.03354 1.76905 1.74928 1.71215 3.00205 4.18539 3.82911 2.26221 2.62846 1.70651 1.63463
threshold=70.15000000000002 233.45000000000002 1.7636020165128199 750.70000000000016 21.500000000000004 1.9927079576516291 9.5000000000000018 12335.175000000003 17381.790000000005 6678.4950000000008 3.5000000000000004 0.46247654784240161 2.5000000000000004 0.037749287749287756 0.98489053956870853 0.24223593555723008 15105.500000000002 25356.000000000004 15.500000000000002 0.65068080507125436 1.10089476244095 68.250000000000014 0.47571619310102264 -1.9014711169230551 0.85399441633215145 3765.5000000000005 30.750000000000004 44.45000000000001 156606.86500000002 0.38658002551042198
decision_type=2 2 2 2 2 2 2 2 2 2 2 2 2 2 2 2 2 2 2 2 2 2 2 2 2 2 2 2 2 2
left_child=1 6 -3 5 -5 10 7 16 -8 14 19 12 -10 20 15 -9 -1 -18 28 -2 22 -19 -14 -24 25 -25 -27 -28 -12 -11
right_child=3 2 -4 4 -6 -7 8 9 11 29 18 -13 13 -15 -16 -17 17 21 -20 -21 -22 -23 23 24 -26 26 27 -29 -30 -31
leaf_value=-0.034780022740349324 -0.021343679787580387 0.058465029516516803 -0.03042646645380305 0.052298783076347645 -0.025415033348221684 0.02699787206248452 -0.025276662451732469 0.043649561081790959 -0.00899166026092337 -0.029522461423084762 -0.035166183700364465 -0.039427540483453385 -0.0030663228432197091 0.033885215097887805 0.079203922001161872 -0.026979130549000918 0.073457087970998911 -0.028933711169961764 0.028154763104296456 0.038104041447916272 -0.021633411771938005 0.044961205419868477 -0.027355963379692018 0.014100658239438705 0.0077973441347912401 -0.0064431987007936347 0.18450124812039415 -0.0060994560398173287 0.01645218449091549 0.022770508593176447
leaf_weight=2.8700712135178064 1.7150538848363894 6.8644602989661498 0.8623442074167541 2.8298976609366941 0.9299663888523354 2.4900708432251113 9.774359678005565 1.734941864095161 18.120286332006799 1.2401154477265661 18.600405391189277 2.1930944091873235 10.308143188944095 9.453381005645495 3.1842856075963937 1.1298756865144239 1.0878123539441729 3.3893884270219137 0.80399240113911119 2.2542852656915784 4.5888874131196635 0.052563509496394434 1.3360867373994549 1.3540443097881496 4.3927454226068221 0.14739178659510788 0.27386512997327372 0.13848147154203616 1.1723422955838021 3.6166308121173643
leaf_count=1140 991 192 13 153 47 560 3605 141 5193 317 11397 449 3454 636 672 706 232 1655 388 640 1079 27 84 172 900 113 90 110 85 239
internal_value=0 0.00712622 0.0461946 -0.00915886 0.0317759 -0.0157819 0.00284948 0.0192381 -0.00221138 0.0363114 -0.0210086 0.00249209 0.00506209 0.0130532 0.0557984 0.0160206 -0.00725173 0.0133257 -0.0279347 0.0132919 0.00324764 -0.0179373 0.0104141 0.0268471 0.0405029 0.0871329 0.141493 0.161494 -0.031461 0.00665716
internal_weight=0 88.1133 7.7268 30.796 3.75986 27.0362 80.3865 18.3057 62.0808 10.9058 24.5461 52.3064 50.1133 31.993 6.0491 2.86482 7.39984 4.52976 20.5767 3.96934 22.5396 3.44195 17.9508 7.64261 6.30653 1.91378 0.559738 0.412347 19.7727 4.85675
internal_count=35480 21219 205 14261 200 14061 21014 5129 15885 2075 13501 12280 11831 6638 1519 847 3054 1914 11870 1631 6002 1682 4923 1469 1385 485 313 200 11482 556
is_linear=0
shrinkage=0.05


Tree=91
num_leaves=31
num_cat=0
split_feature=38 39 24 38 39 34 24 12 0 13 38 12 16 39 39 31 38 39 15 39 20 38 19 31 37 12 19 6 31 31
split_gain=2.47743 3.64807 4.33263 3.54145 2.90848 2.81809 3.01423 2.85334 3.06218 3.74674 3.85762 3.49185 3.33729 2.60741 3.4853 2.59645 2.4788 2.3684 2.59796 2.20411 2.16917 1.91605 2.34528 1.8867 1.82744 1.8131 1.67724 1.55189 2.12507 1.53506
threshold=60.050000000000004 197.05000000000004 0.4439583333333334 111.45000000000002 175.05000000000004 1.0000000180025095e-35 11.667621527777779 2187.48 5296.3250000000016 10.500000000000002 22.450000000000003 4462.7750000000005 1.5000000000000002 74.950000000000017 130.35000000000005 16.500000000000004 127.65000000000002 163.35000000000005 2467.5000000000005 199.95000000000002 1.5000000000000002 30.250000000000004 1.0000000180025095e-35 12.500000000000002 1.0000000180025095e-35 3389.605 0.77613425925925938 1.0000000180025095e-35 4.5000000000000009 10.500000000000002
decision_type=2 2 2 2 2 2 2 2 2 2 2 2 2 2 2 2 2 2 2 2 2 2 2 2 2 2 2 2 2 2
left_child=1 5 15 27 -5 7 17 -1 9 11 24 -9 20 -12 -15 -3 19 18 -7 -6 -13 22 -8 -4 -11 -16 29 -2 -29 -18
right_child=3 2 23 4 16 6 21 8 -10 10 13 12 -14 14 25 -17 26 -19 -20 -21 -22 -23 -24 -25 -26 -27 -28 28 -30 -31
leaf_value=-0.022751474979567237 -0.035786453635984115 0.019627656147154546 0.013500264489966475 0.040213057779646108 -0.017694017251773147 0.03875283495015458 0.031124267925513066 -0.0071649852697403668 -0.016961704320484529 -0.033077456460412845 0.054232216966210001 0.15097709612833965 0.023251758104316723 -0.019223487146261001 0.068563514685025639 -0.048425993135154735 -0.027811874387889318 -0.042059452565555863 -0.012091815990301678 0.069055872026327278 0.011367482277138408 0.048573358580093345 -0.03186415017584264 0.068671793956024685 0.023193339959495959 0.0066640027149778612 -0.030284009733815717 -0.05074365680995916 0.017870446439032711 0.012066274465595921
leaf_weight=13.002389829576712 10.467755686462622 2.5033112972741933 2.9150465808343142 3.6102320122590781 0.63309284878778516 3.3811408417532238 2.4831704721727856 2.0477466092561398 11.605611405015223 6.799665016122165 2.722910801152465 0.48467732075369008 2.8914281152538024 5.8388636636664142 1.2951403675251638 1.3818802790483458 2.2902750680223134 1.821178507991134 5.0918220253079198 0.98903122069896199 0.55952464445726946 7.1548822317854501 1.5836722590902352 4.8214814310777001 1.02133624284761 2.9508644847664982 5.7640145452460265 0.51445234735729117 3.428124304744415 8.0734586387989093
leaf_count=6174 7469 47 134 884 386 94 229 726 2070 3309 565 156 615 2040 135 18 320 40 1015 392 91 477 552 194 33 552 5407 21 125 1219
internal_value=0 0.00734384 0.0321701 -0.0081893 0.00478453 0.00299461 0.0177501 -0.00342487 0.00356287 0.0128038 0.00198878 0.0444664 0.0673395 0.0184046 0.00471135 -0.00953558 -0.00418184 -0.00199544 0.0101468 0.0413628 0.118325 0.0345446 0.0051481 0.0518084 -0.0239328 0.0350155 -0.0109102 -0.0264827 0.000462048 0.00158171
internal_weight=0 84.3577 11.6217 35.7704 21.3601 72.736 21.5159 51.2202 38.2178 26.6122 20.6288 5.98338 3.93563 12.8078 10.0849 3.88519 17.7499 10.2941 8.47296 1.62212 1.0442 11.2217 4.06684 7.73653 7.821 4.246 16.1277 14.4103 3.94258 10.3637
internal_count=35489 19266 393 16223 8608 18873 2407 16466 10292 8222 6634 1588 862 3292 2727 65 7724 1149 1109 778 247 1258 781 328 3342 687 6946 7615 146 1539
is_linear=0
shrinkage=0.05


Tree=92
num_leaves=31
num_cat=0
split_feature=40 39 40 10 38 15 39 15 13 39 20 3 2 3 3 39 0 38 9 39 24 21 19 31 13 19 38 0 3 13
split_gain=2.59225 3.19899 2.94099 3.77381 4.57659 4.00085 3.98468 4.97774 3.11772 2.94248 2.66787 2.63174 3.20602 2.36452 2.23913 2.47592 2.18867 2.1576 3.54184 3.20045 1.95945 1.86315 1.7656 1.74326 2.02712 1.6563 1.63487 1.61644 2.10954 1.61639
threshold=0.41781705821642728 133.85000000000005 0.99520918912876799 925.30000000000007 68.850000000000009 1394.5000000000002 113.55000000000001 11193.000000000002 22.500000000000004 110.15000000000002 2.5000000000000004 0.73540596028901262 0.71299646842814002 0.83213257386603845 -0.28164028171706645 80.450000000000017 50.085000000000008 34.350000000000001 6.5000000000000009 82.750000000000014 8.0357291666666679 28.296990740740743 19.283449074074078 15.500000000000002 11.500000000000002 3.6618865740740745 29.850000000000005 3951.6800000000007 2.0262601809877228 16.500000000000004
decision_type=2 2 2 2 2 2 2 2 2 2 2 2 2 2 2 2 2 2 2 2 2 2 2 2 2 2 2 2 2 2
left_child=1 -1 3 4 6 -5 17 29 14 -7 13 12 -11 -3 16 26 -4 18 -2 -19 -14 -12 -22 24 -15 -17 -16 28 -9 -8
right_child=2 10 8 5 -6 9 7 27 -10 11 21 -13 20 23 15 25 -18 19 -20 -21 22 -23 -24 -25 -26 -27 -28 -29 -30 -31
leaf_value=-0.017961904391924379 -0.042712934657333668 -0.022931543821961546 0.02693008212467948 0.020013036788290885 -0.023556929556931668 -0.0078037945696153108 -0.028937730165034588 0.086699664479073457 -0.031695400378018095 0.00030029966682823084 0.0098506841124574151 0.027208531583215137 -0.0043875979035901255 -0.038024411463477695 -0.0043896266437864605 0.016176191724663915 -0.029316010420217 0.054428070728391342 0.034127404079682497 -0.017964425746016491 0.20150099274400135 0.070923352907692236 -0.0035635422686459495 0.033969882697012871 0.018295034173513896 -0.01660836064591566 0.067604334614847481 0.020703598991499525 -0.0088331482150925469 0.021991917734690003
leaf_weight=24.13695271225879 4.3634870334353817 6.6706940450239953 1.4458644818514645 10.103045924479373 7.8742618021497028 0.59330058970954214 2.2481850475596712 4.010841670591617 6.117816975893219 0.32616935123223845 3.3484030399995381 1.4493491862085646 0.095947071211412549 1.8303800151625162 0.90590778761543633 10.333305878972167 5.8850735513260588 2.0344481815409381 1.2366791069507597 2.3339694365276955 0.38443611207185313 1.4526740368455646 0.076552188751520589 4.2373804678791203 2.7392671153647825 4.8924001849663901 2.0623590164177585 2.9122693433309905 0.45663026662077744 2.0263945489423349
leaf_count=11340 1488 3684 29 836 4439 229 271 792 1952 137 774 131 72 213 324 796 2141 353 11 998 93 256 81 367 358 2712 178 217 13 271
internal_value=0 -0.0059874 0.00915639 0.0175923 0.0071675 0.0390007 0.0189029 0.0375469 -0.00237261 0.0827683 0.00843964 0.101235 0.143762 -0.00225766 0.00558545 0.014803 -0.0163218 -0.00432981 -0.0231446 0.0196084 0.173623 0.0373701 0.188317 0.0141429 -0.00704057 0.00526736 0.0500628 0.0599744 0.0771054 -0.0052021
internal_weight=0 44.4158 74.1687 42.526 29.4972 13.0288 21.6229 11.6543 31.6427 2.92575 20.2788 2.33245 0.883105 15.4777 25.5249 18.194 7.33094 9.96858 5.60017 4.36842 0.556935 4.80108 0.460988 8.80703 4.56965 15.2257 2.96827 7.37974 4.46747 4.27458
internal_count=35556 16992 18564 10432 8853 1579 4414 1564 8132 743 5652 514 383 4622 6180 4010 2170 2850 1499 1351 246 1030 174 938 571 3508 502 1022 805 542
is_linear=0
shrinkage=0.05


Tree=93
num_leaves=31
num_cat=0
split_feature=19 17 3 38 11 13 21 40 33 16 3 31 0 31 0 13 31 40 24 21 13 40 24 21 13 38 17 17 24 24
split_gain=3.87861 2.63165 2.40866 2.86049 2.68808 2.21788 2.29899 2.08567 2.20788 2.01797 2.22122 2.01045 2.47551 2.66762 2.09042 1.88505 1.77871 2.71519 1.61671 1.57998 2.72999 2.83704 2.36864 2.10068 1.6228 1.87923 1.52325 1.50238 1.47446 2.44117
threshold=27.888200231481488 17.500000000000004 0.67797979198585079 57.45000000000001 4.5000000000000009 21.500000000000004 30.422118055555558 0.022730671873701674 0.48331479421579543 3.5000000000000004 0.80561417150752135 10.500000000000002 10710.510000000002 6.5000000000000009 1865.8650000000002 16.500000000000004 18.500000000000004 1.4890599562439506 1.0237500000000004 18.528153935185191 13.500000000000002 0.43949664888368262 0.23373842592592595 30.769392361111112 16.500000000000004 8.4500000000000011 4.5000000000000009 1.5000000000000002 18.604103009259262 14.973287037037039
decision_type=2 2 2 2 2 2 2 2 2 2 2 2 2 2 2 2 2 2 2 2 2 2 2 2 2 2 2 2 2 2
left_child=2 -2 3 7 -5 6 11 27 16 10 -7 12 13 -4 -13 -14 19 -18 26 20 21 22 -9 24 -21 -26 -16 -1 29 -22
right_child=1 -3 5 4 -6 9 -8 8 -10 -11 -12 14 15 -15 18 -17 17 -19 -20 23 28 -23 -24 -25 25 -27 -28 -29 -30 -31
leaf_value=0.028752376671632301 -0.043184158095773646 0.034929304855055764 0.028070306573775558 -0.036686118532297522 0.013504861397985513 0.036916824091062943 0.048779942731458178 0.043431929243288273 -0.038533548377449892 0.011372734076175908 -0.042628295070194056 -0.029480492432044172 -0.047926615791096722 -0.03218305641589881 -0.03352278283638048 0.0085511439510912932 0.041500644316384741 -0.031433034944297847 0.024879160555082311 0.044053309606007479 0.0042444188281986683 -0.052466503366897857 -0.029389692451470356 -0.013766857483499135 0.038188860845503374 -0.015686948245827132 0.01641824268439104 -0.037782574619958161 -0.019948848258846196 0.066801919590970024
leaf_weight=0.26948999235173632 6.1404300589929326 0.501681359251961 5.6721073761582357 9.301304610387886 3.0094338557973961 0.26069834444206019 3.5801676440751171 1.2865462873596762 1.6584309230674978 4.4505376531742513 4.2175301714160014 1.386463887640274 3.290800059447065 1.6083489707089027 1.7780733407707909 1.8496513375430366 6.0118632543599224 0.79135130831855338 26.388482111913618 5.0424245531030447 7.2421102535445225 3.9212058937409893 1.2343029558833221 3.8374907885445273 1.5536679272481704 3.4663397735275794 2.4698666399344802 3.7239500189607497 2.502464449586113 1.0445969417924059
leaf_count=198 6519 236 190 8437 1691 142 107 184 228 690 806 1004 163 809 264 68 840 140 2775 780 1322 1159 658 190 37 672 134 4231 436 385
internal_value=0 -0.0334856 0.00331298 -0.00403024 -0.0243238 0.0104653 0.0146944 0.00211858 0.00582472 -0.0114703 -0.0321041 0.0109356 -0.00580678 0.0124804 0.0174088 -0.0295216 0.00870389 0.030076 0.0203956 0.00324268 -0.00673893 -0.0301738 0.00955555 0.0152383 0.0265445 0.00456119 -0.00689025 -0.0284337 0.00862621 0.0184744
internal_weight=0 6.64211 112.85 55.897 12.3107 56.9527 48.024 43.5862 39.5928 8.92877 4.47823 44.4438 12.4209 7.28046 32.0229 5.14045 37.9344 6.80321 30.6364 31.1311 17.2312 6.44206 2.52085 13.8999 10.0624 5.02001 4.24794 3.99344 10.7892 8.28671
internal_count=35495 6755 28740 21588 10128 7152 5514 11460 7031 1638 948 5407 1230 999 4177 231 6803 980 3173 5823 4144 2001 842 1679 1489 709 398 4429 2143 1707
is_linear=0
shrinkage=0.05


Tree=94
num_leaves=31
num_cat=0
split_feature=21 19 3 39 13 24 17 19 3 3 14 13 40 41 24 14 14 0 24 24 13 23 39 0 39 21 40 0 19 24
split_gain=1.9372 3.25029 3.91423 3.30491 3.05142 2.59107 2.46391 2.42827 3.62333 3.40512 2.22068 2.20861 2.18708 4.22922 2.16784 2.15361 2.12074 3.71593 2.75438 2.54118 3.46988 2.06005 2.04983 1.70868 1.6736 1.63852 1.48873 1.59073 1.48604 1.6003
threshold=17.164050925925931 21.563715277777781 -3.4722241197468633 159.75000000000003 13.500000000000002 37.294068287037042 10.500000000000002 10.686770833333336 -0.51299408696242532 -0.41594880950092233 48739.685000000005 16.500000000000004 0.81368777198326903 1.0000000180025095e-35 0.0071527777777777787 26734.980000000003 23319.975000000002 6475.0850000000009 21.75179976851852 14.973287037037039 8.5000000000000018 1.0000000180025095e-35 51.45000000000001 27220.955000000005 58.150000000000013 3.4735532407407415 0.10166540146778653 9844.8900000000012 1.8108043981481483 8.2737384259259272
decision_type=2 2 2 2 2 2 2 2 2 2 2 2 2 2 2 2 2 2 2 2 2 2 2 2 2 2 2 2 2 2
left_child=7 2 3 14 26 -3 10 8 12 15 -6 -5 13 -1 -2 -10 28 18 19 20 -18 -19 -21 -8 -14 -24 -4 -28 29 -11
right_child=1 5 4 11 6 -7 23 -9 9 16 -12 -13 24 -15 -16 -17 17 21 -20 22 -22 -23 25 -25 -26 -27 27 -29 -30 -31
leaf_value=-0.033195855023331028 0.036780958238526347 -0.022130396645639913 -0.007684170234020642 -0.074002096980006163 -0.02904831019845144 0.024768323876036273 0.038595907053026915 -0.031702501990409825 0.10820874754143922 -0.0184127499083944 0.013665757321591161 -0.0020157858497226021 0.015601183546572958 0.034834369427784694 -0.034698502609718081 -0.011375586518510157 0.082335944234231434 -0.009177283488887359 -0.026653207535821684 -0.017033968848830319 -0.0028319330578203267 0.033044895694157236 -0.011241952078605283 -0.023375066258583876 -0.059733755910945867 0.080964889262972711 0.056201583640006242 0.0056931005633151753 -0.037702995533636881 0.015389800709820996
leaf_weight=4.680479049071435 2.6051508570089932 10.846542836050501 1.0598372647073144 1.615437982225558 4.433594373607777 3.0106183151074211 6.4537841082783407 5.9983430089778258 0.26387572960811567 6.4285041101393272 5.9936102715437301 1.8953132532187735 0.45153816702077154 2.8436895495979115 0.61034946015570302 0.29131704452447593 0.49771842293557877 17.733867872215345 1.1087189611571364 0.33319595069042396 5.6347300639899913 2.4214506847783914 0.28532933437963937 0.62437084072735149 3.6155324876890518 3.8167222754273098 9.0147344282595423 2.1329911290667942 3.1106220662186379 5.6436340045765974
leaf_count=3007 42 8851 381 45 1222 1805 884 4454 256 2218 708 61 43 80 138 206 158 1681 824 121 2251 95 127 13 1105 138 1235 105 2054 1124
internal_value=0 0.0091003 0.0168178 -0.0158758 0.0244947 -0.0109599 0.0101296 -0.00385069 -0.000546761 0.00565867 -0.00544873 -0.044202 -0.0244403 -0.00641422 0.0182005 0.0784938 0.00318168 0.0104254 0.0316453 0.0395371 0.0146551 -0.00278249 0.0649145 0.0309125 -0.0499416 0.0736049 0.0427673 0.0478016 -0.0117111 -0.00264188
internal_weight=0 50.2963 36.4392 6.72625 29.7129 13.8572 17.5054 65.1593 59.1609 47.5697 10.4272 3.51075 11.5912 7.52417 3.2155 0.555193 47.0145 31.8317 11.6764 10.5677 6.13245 20.1553 4.43525 7.07815 4.06707 4.10205 12.2076 11.1477 15.1828 12.0721
internal_count=35432 15490 4834 286 4548 10656 2827 19942 15488 11253 1930 106 4235 3087 180 462 10791 5395 3619 2795 2409 1776 386 897 1148 265 1721 1340 5396 3342
is_linear=0
shrinkage=0.05


Tree=95
num_leaves=31
num_cat=0
split_feature=40 13 24 21 14 38 24 24 39 21 19 3 19 19 39 38 8 39 21 21 19 16 33 36 8 17 33 39 39 33
split_gain=2.41974 2.27202 2.65444 2.12222 2.80521 2.16022 4.48323 4.46034 3.28273 3.85705 3.03013 2.30534 2.18377 2.17172 2.16866 5.76483 2.00309 2.27474 2.29728 2.55711 2.50595 2.42302 2.03028 1.98122 1.89296 2.40169 1.85383 2.26523 1.7757 1.69076
threshold=0.41781705821642728 3.5000000000000004 0.16323495370370372 0.16281250000000003 117270.71000000001 69.550000000000011 14.888506944444446 18.191290509259264 166.05000000000004 31.478917824074077 8.0752719907407435 -0.64203335073892809 39.976412037037043 9.7139814814814844 80.450000000000017 30.250000000000004 30.940000000000001 602.45000000000016 32.225868055555559 26.228651620370375 26.924722222222226 4.5000000000000009 0.048809523809523817 1.0000000180025095e-35 50.865000000000009 3.5000000000000004 0.037749287749287756 106.25000000000001 354.25000000000006 0.25543478260869573
decision_type=2 2 2 2 2 2 2 2 2 2 2 2 2 2 2 2 2 2 2 2 2 2 2 2 2 2 2 2 2 2
left_child=1 2 -1 4 28 6 13 10 9 14 11 -7 -9 24 15 -8 17 18 19 21 -21 22 -3 -13 25 -5 -16 -28 -2 -29
right_child=3 16 -4 5 -6 7 8 12 -10 -11 -12 23 -14 -15 26 -17 -18 -19 -20 20 -22 -23 -24 -25 -26 -27 27 29 -30 -31
leaf_value=-0.019399666219050645 -0.035677331072001481 -0.029845136567285709 0.065707602274174548 -0.031191059262882528 0.025399948283554359 -0.02396877895299487 -0.019182710561547398 -0.043998499695704102 0.064556338891636478 -0.029032661782405957 -0.027775234886468842 0.059105083972239639 0.039275181205989398 -0.033754342311834634 -0.0036315882090285191 0.088796591210615658 0.026440862377667913 0.035381331192902758 -0.050096780837891208 0.047300295012883527 -0.025444997263432207 0.015715323100928501 0.0027133352942694299 -0.0010592468876889996 -0.025543845931876655 0.020379029679149022 -0.014440232035277167 0.059889110344992294 0.021418352306887892 -0.012105622545511514
leaf_weight=0.94304845420992878 6.5887443520768993 18.168823241459911 1.2399283996783195 1.7114059287414516 2.7868697039375547 0.90217490919167165 1.3727302286715808 5.4127011345990459 5.0942162204883052 2.5726980850740793 2.0325662066461518 4.0562410235288535 0.12003548978827883 2.804910059174289 6.1017986789811385 2.8481671524059493 2.6232848013169123 1.3949138132156793 3.34490856679622 2.4787703510664865 1.0276987261313477 4.4298556717985766 6.1729403893405097 1.8284280993102582 2.7403745929477727 15.317523548321331 1.3834031692822462 3.7053333194344305 0.96105589330545615 0.62568416353315104
leaf_count=605 1711 9894 483 400 173 643 617 4046 404 1255 2056 1027 108 1187 2010 337 200 126 1984 471 1224 852 1057 416 44 1724 143 118 119 69
internal_value=0 -0.00658487 0.0343973 0.00843575 -0.0116928 0.0120014 0.0171703 -0.00469831 0.0318893 0.0201111 0.0169084 0.0321389 -0.0364563 0.00101755 0.0292361 0.0567314 -0.00963253 -0.0128171 -0.015619 -0.0106481 0.0250644 -0.0156962 -0.0218072 0.0429728 0.00733872 0.0137537 0.0157543 0.0339123 -0.0267543 0.0491685
internal_weight=0 41.8242 2.18298 70.9671 10.3367 60.6304 46.2782 14.3521 23.704 18.6098 8.81941 6.78684 5.53274 22.5742 16.0371 4.2209 39.6412 37.0179 35.623 32.2781 3.50647 28.7716 24.3418 5.88467 19.7693 17.0289 11.8162 5.71442 7.5498 4.33102
internal_count=35503 16896 1088 18607 2003 16604 8308 8296 4953 4549 4142 2086 4154 3355 3294 954 15808 15608 15482 13498 1695 11803 10951 1443 2168 2124 2340 330 1830 187
is_linear=0
shrinkage=0.05


Tree=96
num_leaves=31
num_cat=0
split_feature=13 1 14 1 14 1 3 31 14 39 3 31 3 10 40 39 9 16 14 2 15 3 15 21 39 13 10 39 1 1
split_gain=2.42817 2.5413 2.09613 2.77168 1.96373 3.41732 3.00464 2.66542 2.95228 2.59084 2.28024 2.25437 2.09173 2.04038 1.94267 2.56851 2.28845 1.89236 2.2122 3.18248 2.70923 2.67084 2.34341 1.85514 2.03343 1.75333 1.73828 1.73137 1.66024 2.48077
threshold=21.500000000000004 7.461332872735702 24202.495000000003 9.5576698818855998 104486.72000000002 8.971014714124026 0.057019022509601509 9.5000000000000018 98806.249999999985 136.65000000000001 -4.3210458221838843 13.500000000000002 1.1795647483597815 7061.4400000000014 0.90982186596004588 199.95000000000002 1.5000000000000002 1.0000000180025095e-35 9592.0550000000021 0.77656633376461237 29001.500000000004 -0.51299408696242532 57.500000000000007 19.878865740740746 208.65000000000001 22.500000000000004 8480.2950000000019 170.95000000000002 6.6019703338094615 6.5498581568258425
decision_type=2 2 2 2 2 2 2 2 2 2 2 2 2 2 2 2 2 2 2 2 2 2 2 2 2 2 2 2 2 2
left_child=2 14 3 17 5 6 7 -4 10 13 -9 -11 -6 -8 15 16 -2 -1 19 21 22 23 -20 -19 -25 -18 -24 -22 29 -17
right_child=1 -3 4 -5 12 -7 9 8 -10 11 -12 -13 -14 -15 -16 28 25 18 20 -21 27 -23 26 24 -26 -27 -28 -29 -30 -31
leaf_value=-0.035113457239328724 -0.022321482387743272 -0.027855908178329305 0.037508343054220357 0.028489315152258672 -0.015662894845817295 -0.0038268549177766218 0.0043139399783172459 0.030162817099884772 0.063572649024656772 0.014087244197096111 -0.029898424338795304 0.089373120557122959 0.01552366968554722 0.06475145386064235 -0.021042048848287344 0.005741998642343025 -0.028192012068773965 -0.02600940586049786 0.022824403092490612 -0.0088382280800273893 -0.0057796194941849783 0.098240704587177125 -0.036876559202378215 0.053207727202275783 -0.029838415219325065 0.04350743618303942 0.021878332814425104 0.055940283145588833 -0.0097005937833086319 0.13430568373597015
leaf_weight=4.6028071663458858 3.4695249656506366 10.819989879120838 4.4622954055375903 4.9503858928219406 9.7524521009181644 10.559579120628767 5.5682614390971121 1.1636290630558486 0.29858472026535299 1.8214813999366013 6.1063348091847747 3.5705393317621201 9.7541564872954023 0.94076089962618414 3.7991374405974057 0.71809066701098323 0.36552572983782772 1.0776260621496483 1.6112411441572501 5.5637217566545587 2.1994690651190463 0.63801168758073057 10.692159974423699 1.8161373075272425 0.27937844159896474 2.6137571731815115 0.75484627648256797 1.0352572999254332 0.35499455334502272 0.084769163921009749
leaf_count=3385 2418 3770 552 118 2673 956 2035 65 66 752 3555 884 250 38 1369 261 22 931 120 2701 1868 183 4820 229 75 218 23 738 367 28
internal_value=0 -0.0115762 0.00656475 -0.00288474 0.0126687 0.019673 0.0297796 0.0107613 -0.00754534 0.0466809 -0.0178002 0.0701234 -7.17112e-05 0.020509 0.00486788 0.0187499 0.00254564 -0.00876255 -0.00289775 0.0154735 -0.013752 0.0454251 -0.0236995 0.0138092 0.0360734 0.0298366 -0.0315557 0.0225188 0.0659969 0.0862829
internal_weight=0 22.2258 89.2191 35.221 53.9981 34.4915 23.9319 12.0308 7.56855 11.901 7.26996 5.39202 19.5066 6.50902 11.4058 7.60666 6.44881 30.2707 25.6678 9.37488 16.293 3.81115 13.0582 3.17314 2.09552 2.97928 11.447 3.23473 1.15785 0.80286
internal_count=35470 8453 27017 15191 11826 8903 7947 4238 3686 3709 3620 1636 2923 2073 4683 3314 2658 15073 11688 4119 7569 1418 4963 1235 304 240 4843 2606 656 289
is_linear=0
shrinkage=0.05


Tree=97
num_leaves=31
num_cat=0
split_feature=6 21 13 24 39 12 39 0 0 13 12 14 0 10 19 24 16 12 12 12 12 21 21 11 31 11 2 19 39 12
split_gain=2.01701 2.71834 2.14591 2.72075 3.24991 2.13225 1.96731 2.93231 1.89049 1.72101 2.9271 2.7746 1.96829 3.52749 2.52025 2.47249 1.94079 2.02174 2.89727 2.45605 2.03858 2.1093 2.67977 3.62381 1.92194 2.50555 2.12633 1.8218 1.7235 1.70711
threshold=2.5000000000000004 3.305439814814815 8.5000000000000018 7.0907233796296305 59.45000000000001 3152.9250000000006 51.45000000000001 24211.650000000005 4490.4800000000005 20.500000000000004 28352.610000000004 41333.590000000004 735.54500000000007 511.32500000000005 17.823964120370373 16.182511574074077 6.5000000000000009 29528.415000000005 4906.3750000000009 5937.0350000000008 490.86000000000007 38.042471064814826 19.878865740740746 4.5000000000000009 8.5000000000000018 1.5000000000000002 9.6923103828038588 22.775590277777781 275.05000000000007 6665.71
decision_type=2 2 2 2 2 2 2 2 2 2 2 2 2 2 2 2 2 2 2 2 2 2 2 2 2 2 2 2 2 2
left_child=1 2 3 4 5 -1 7 -3 -7 16 11 29 13 -13 15 -14 17 18 20 -20 28 22 23 24 25 -22 -26 -24 -8 -11
right_child=-2 6 -4 -5 -6 8 9 -9 -10 10 -12 12 14 -15 -16 -17 -18 -19 19 -21 21 -23 27 -25 26 -27 -28 -29 -30 -31
leaf_value=-0.017188048052090833 0.039333410613643725 -0.036139486175925106 -0.020135822173684086 0.040962848472997034 -0.027926206920696462 0.10180468899650003 -0.014195651984840865 0.032235060031877052 -0.010992571089268087 -0.029884545675131959 -0.037761132622499131 0.068595028354209817 -0.024086710965433106 -0.013160006600775176 -0.033215353044587469 0.04242244357914552 -0.025010774539482496 0.042444707460226445 -0.043813897870180835 0.0045131813428741889 -0.017918048227070375 -0.01729589915834685 0.060135611348805997 0.063662580979024039 -0.027706285847573127 0.047457857867099142 0.029783534686511459 0.011234182246319885 0.030394109522511256 0.019431555200871746
leaf_weight=0.51813876203959963 3.2847806718200436 4.3759448675555168 16.446483565145172 3.0714426253980491 5.0573466557252686 0.31654304769472219 6.1366610253171512 1.3325313728710169 0.27196348432335071 5.0665377763798523 3.4704757087456519 3.0366567116870993 1.2936522813688496 1.54455488914391 2.1426007536938414 3.3081021269608755 2.0400013849721281 6.0355728810536666 2.2361980735149691 13.268721622123847 1.7043139477609708 1.8084939156542521 8.0840193641488423 1.9678069049550675 5.5261162290116772 2.7946619924041443 1.2377010174095628 3.0879932826501308 2.1126179282437079 1.6749480438593307
leaf_count=423 55 4277 5118 493 2386 224 2940 86 82 2250 982 356 840 176 1525 379 40 791 735 3347 136 474 978 150 3108 199 11 2248 453 360
internal_value=0 0.00427001 -0.00973415 0.00894671 -0.0104976 0.044599 0.00855094 -0.0177529 0.0755729 0.0106347 -0.00140158 0.00719681 0.0216249 0.0436121 0.00298683 0.0227632 0.0150492 0.0169217 0.0130663 -0.00468909 0.020962 0.0275632 0.0314377 0.014504 0.00142404 0.0239373 -0.0147051 0.0486525 -0.000724846 -0.0167045
internal_weight=0 110.969 25.6819 9.23543 6.16399 1.10665 85.2869 5.70848 0.588507 79.5784 21.5375 18.0671 11.3256 4.58121 6.74436 4.60175 58.0409 56.0009 49.9653 15.5049 34.4604 26.2111 24.4026 13.2306 11.2628 4.49898 6.76382 11.172 8.24928 6.74149
internal_count=35622 35567 8726 3608 3115 729 26841 4363 306 22478 6868 5886 3276 532 2744 1219 15610 15570 14779 4082 10697 7304 6830 3604 3454 335 3119 3226 3393 2610
is_linear=0
shrinkage=0.05


Tree=98
num_leaves=31
num_cat=0
split_feature=33 10 14 19 13 11 10 24 39 13 15 12 38 19 2 13 38 38 39 21 38 19 38 21 24 15 19 21 11 39
split_gain=2.11476 3.09111 2.23389 2.01077 2.23728 3.08413 2.99443 2.55894 2.95044 2.63892 1.97777 1.89658 1.88523 2.33264 1.95591 1.84736 1.80446 1.68555 2.38767 1.65677 1.62615 2.55923 2.3629 1.87901 3.04309 1.57572 1.52391 1.40167 1.35755 1.32532
threshold=0.11882352941176472 13031.015000000001 230717.26000000007 39.976412037037043 28.500000000000004 5.5000000000000009 7198.6050000000005 15.725642361111113 233.45000000000002 9.5000000000000018 57548.000000000007 14443.155000000002 41.050000000000004 20.887812500000003 0.34004037065454779 27.500000000000004 59.050000000000004 57.45000000000001 750.70000000000016 7.3876909722222228 58.45000000000001 20.212818287037042 30.750000000000004 31.478917824074077 27.685306712962966 9429.0000000000018 40.212390046296306 30.099641203703708 3.5000000000000004 181.45000000000002
decision_type=2 2 2 2 2 2 2 2 2 2 2 2 2 2 2 2 2 2 2 2 2 2 2 2 2 2 2 2 2 2
left_child=1 3 12 4 5 7 16 8 9 10 25 -11 14 19 29 20 -7 -10 -19 -14 21 28 -23 24 -24 -1 -5 -6 -9 -2
right_child=2 -3 -4 26 27 6 -8 15 17 11 -12 -13 13 -15 -16 -17 -18 18 -20 -21 -22 22 23 -25 -26 -27 -28 -29 -30 -31
leaf_value=0.0032258947214485155 0.044869853381813957 0.028981041637138657 -0.027670783106897714 0.083351178806788731 -0.040997530708487072 0.036995468853797092 -0.043778809187054887 -0.030126978991615139 0.0551611655104631 -0.025046762900173415 -0.016674263898850013 0.012440163328841868 0.001387659468386103 -0.021180962676661707 -0.014074702355577407 0.040758422591523236 -0.014219926967321933 -0.013712948980345941 0.050803245217106656 0.062353904689320942 -0.034338738853991073 -0.019285388269600908 -0.01041882390333692 -0.020720470083164289 0.073495644866728313 0.042773959173594042 -0.01210180686170593 0.014303150371358059 0.0046277319835497282 -0.0089806150913813564
leaf_weight=5.3384513101482316 2.5598303970182337 6.3265132372034705 1.7025709671142966 0.12452015612507139 5.3730810722627202 8.5560609916865307 0.73698406369658265 10.712366967956774 2.4429067295277482 14.487893914047165 3.7075721368018995 3.6483011075179084 1.4464840010623436 0.79231728668673884 4.9318170817859937 0.4189299464924251 1.5391041767725262 3.6687973279622383 1.0929652457707559 4.638750128011452 10.843617489590541 2.6583209045929825 1.2959945391630756 0.70132781667052757 2.20077699990361 4.0897287343395874 0.31756101964856498 0.87185477893217456 3.3782327314256682 1.2583740125410257
leaf_count=1300 83 409 552 101 2845 863 45 3021 44 5914 1940 851 262 404 607 165 761 1840 73 343 6739 2297 496 637 451 1066 282 590 592 21
internal_value=0 -0.00227324 0.0162686 -0.00481469 -0.00571499 -0.00330562 0.0204005 -0.00717232 0.0015651 -0.00528125 0.0112947 -0.0172498 0.022432 0.0402447 0.00573936 -0.0173426 0.0286093 0.0283035 0.00734262 0.0501032 -0.0193279 -0.0103467 0.0134307 0.0338719 0.0469941 0.0228376 0.0539396 -0.0323684 -0.02204 0.0289418
internal_weight=0 94.5319 17.3301 88.2054 87.7633 81.5183 10.8321 70.6862 38.4766 31.2719 13.1358 18.1362 15.6276 6.87755 8.75002 32.2096 10.0952 7.20467 4.76176 6.08523 31.7906 20.947 6.85642 4.1981 3.49677 9.42818 0.442081 6.24494 14.0906 3.8182
internal_count=35594 33322 2272 32913 32530 29095 1669 27426 13028 11071 4306 6765 1720 1009 711 14398 1624 1957 1913 605 14233 7494 3881 1584 947 2366 383 3435 3613 104
is_linear=0
shrinkage=0.05


Tree=99
num_leaves=31
num_cat=0
split_feature=13 11 47 25 3 39 15 13 14 21 31 39 3 17 8 15 20 0 12 15 31 3 16 19 19 17 0 39 15 39
split_gain=2.05592 2.12104 2.38036 2.32578 3.09252 2.03756 4.45727 2.78535 2.46251 2.02644 2.9973 2.56133 4.35933 1.96724 1.86331 1.85475 1.78109 2.53705 3.53114 5.02673 3.23158 3.20122 1.77959 1.80711 1.68254 2.49412 1.81956 1.67822 1.64502 1.56734
threshold=8.5000000000000018 3.5000000000000004 1.0000000180025095e-35 1.5000000000000002 0.49860846279488308 197.05000000000004 2718.5000000000005 33.500000000000007 72874.395000000019 17.435480324074078 10.500000000000002 166.05000000000004 1.3655537548544487 8.5000000000000018 62.445000000000007 2632.0000000000005 1.5000000000000002 3587.4600000000005 801.66500000000008 3069.5000000000005 17.500000000000004 0.73540596028901262 2.5000000000000004 21.563715277777781 1.8108043981481483 2.5000000000000004 3399.7150000000006 151.55000000000004 2208.5000000000005 248.05000000000004
decision_type=2 2 2 2 2 2 2 2 2 2 2 2 2 2 2 2 2 2 2 2 2 2 2 2 2 2 2 2 2 2
left_child=16 3 5 4 13 7 -7 -3 29 28 27 -12 -13 14 -2 -15 17 18 -1 -20 21 22 23 -21 25 -18 -27 -11 -6 -8
right_child=1 2 -4 -5 9 6 8 -9 -10 10 11 12 -14 15 -16 -17 24 -19 19 20 -22 -23 -24 -25 -26 26 -28 -29 -30 -31
leaf_value=-0.0080963410724366348 -0.040653626981830657 0.011742504966841441 -0.021310540224344122 0.020919713295176594 0.017208956977368569 -0.00036079487295248634 0.1220607743827461 -0.036703084429361453 0.0055815883706898202 0.013515097908283924 0.0054616433171467927 0.12247814393060169 0.0084569551396513429 0.025500639246155671 0.022366485749733496 -0.02283297392173814 -0.029282309762144992 0.0086190276156445887 -0.0059414167451323262 0.1808750926403917 -0.011443988874528938 0.01157299225813469 -0.0046247981889043985 -0.0042579152344220435 -0.030795864666616459 -0.0011660150794150538 0.051380559858832289 -0.037891873254731756 -0.019149995550641705 0.029521980046082676
leaf_weight=1.3673954573168901 11.483911569986958 25.915364256215984 4.6271572512923731 6.2149998078239141 3.3120308855432112 5.0424876802135241 1.005075962020783 2.3571342299983362 1.4248297710728364 2.532681732933268 3.5148836716834921 0.8089852400880776 1.8651284594670867 2.6328441658115471 0.66872489583329375 3.3773907599097583 1.690755826770326 6.5161545272276271 1.1322177445108539 0.93705129512818552 0.29596535436576221 0.64023984636878584 0.10082001966657106 0.092968079348793253 1.940555394394323 2.855140563857276 2.7598424356547184 2.0426824711903464 11.20024365300196 1.7310456518025601
leaf_count=1362 8917 4945 1261 352 261 611 336 1409 407 402 1488 550 174 473 79 3131 678 908 368 637 261 154 98 129 1646 637 155 259 2961 507
internal_value=0 0.00136427 0.00950373 -0.00558871 -0.00976674 0.0137634 0.0330008 0.00658764 0.0656665 0.00165442 0.0172471 0.03762 0.0668982 -0.0249181 -0.0357489 -0.00104262 0.0186157 0.0312607 0.056216 0.0790859 0.112411 0.12977 0.159852 0.170299 0.00188743 0.0132313 0.0285243 -0.0121155 -0.0102776 0.0870868
internal_weight=0 91.7576 42.1031 49.6545 43.4395 37.4759 9.20344 28.2725 4.16095 25.2766 10.7644 6.189 2.67411 18.1629 12.1526 6.01023 20.3291 11.0828 4.56666 3.19926 2.06704 1.77108 1.13084 1.03002 9.24629 7.30574 5.61498 4.57536 14.5123 2.73612
internal_count=35556 28523 9476 19047 18695 8215 1861 6354 1250 6095 2873 2212 724 12600 8996 3604 7033 3917 3009 1647 1279 1018 864 766 3116 1470 792 661 3222 843
is_linear=0
shrinkage=0.05


end of trees

feature_importances:
login_to_transfer_s=223
device_age_d=207
payee_relation_age_d=200
session_duration_s=188
payee_age_d=185
hour=182
amount_try=168
amount_zscore=163
amount_ratio=145
sum_7d=145
typing_deviation=135
time_since_last_s=132
cnt_7d=129
night_ratio_7d=100
sum_24h=90
sum_1h=83
device_customers_7d=70
distinct_payees_7d=68
is_new_device=46
paste_used=40
near_threshold_cnt_24h=39
near_threshold=37
hour_unusual=31
amount_log=29
payee_fan_in_24h=28
cnt_24h=26
cnt_1h=24
distinct_payees_24h=21
is_new_payee=21
vulnerable_customer=8
purpose_risk=7
is_night=6
sum_1m=5
channel_unknown=5
first_large_transfer=4
ip_country_mismatch=3
channel_change=2
active_call=2
cnt_1m=1
is_new_location=1
is_anonymized_ip=1

parameters:
[boosting: gbdt]
[objective: binary]
[metric: binary_logloss]
[tree_learner: serial]
[device_type: cpu]
[data_sample_strategy: bagging]
[data: ]
[valid: ]
[num_iterations: 300]
[learning_rate: 0.05]
[num_leaves: 31]
[num_threads: 1]
[seed: 42]
[deterministic: 1]
[force_col_wise: 0]
[force_row_wise: 1]
[histogram_pool_size: -1]
[max_depth: -1]
[min_data_in_leaf: 20]
[min_sum_hessian_in_leaf: 0.001]
[bagging_fraction: 0.8]
[pos_bagging_fraction: 1]
[neg_bagging_fraction: 1]
[bagging_freq: 1]
[bagging_seed: 400]
[feature_fraction: 0.8]
[feature_fraction_bynode: 1]
[feature_fraction_seed: 30056]
[extra_trees: 0]
[extra_seed: 12879]
[early_stopping_round: 0]
[first_metric_only: 0]
[max_delta_step: 0]
[lambda_l1: 0]
[lambda_l2: 1]
[linear_lambda: 0]
[min_gain_to_split: 0]
[drop_rate: 0.1]
[max_drop: 50]
[skip_drop: 0.5]
[xgboost_dart_mode: 0]
[uniform_drop: 0]
[drop_seed: 17869]
[top_rate: 0.2]
[other_rate: 0.1]
[min_data_per_group: 100]
[max_cat_threshold: 32]
[cat_l2: 10]
[cat_smooth: 10]
[max_cat_to_onehot: 4]
[top_k: 20]
[monotone_constraints: ]
[monotone_constraints_method: basic]
[monotone_penalty: 0]
[feature_contri: ]
[forcedsplits_filename: ]
[refit_decay_rate: 0.9]
[cegb_tradeoff: 1]
[cegb_penalty_split: 0]
[cegb_penalty_feature_lazy: ]
[cegb_penalty_feature_coupled: ]
[path_smooth: 0]
[interaction_constraints: ]
[verbosity: -1]
[saved_feature_importance_type: 0]
[use_quantized_grad: 0]
[num_grad_quant_bins: 4]
[quant_train_renew_leaf: 0]
[stochastic_rounding: 1]
[linear_tree: 0]
[max_bin: 255]
[max_bin_by_feature: ]
[min_data_in_bin: 3]
[bin_construct_sample_cnt: 200000]
[data_random_seed: 175]
[is_enable_sparse: 1]
[enable_bundle: 1]
[use_missing: 1]
[zero_as_missing: 0]
[feature_pre_filter: 1]
[pre_partition: 0]
[two_round: 0]
[header: 0]
[label_column: ]
[weight_column: ]
[group_column: ]
[ignore_column: ]
[categorical_feature: ]
[forcedbins_filename: ]
[precise_float_parser: 0]
[parser_config_file: ]
[objective_seed: 16083]
[num_class: 1]
[is_unbalance: 0]
[scale_pos_weight: 1]
[sigmoid: 1]
[boost_from_average: 1]
[reg_sqrt: 0]
[alpha: 0.9]
[fair_c: 1]
[poisson_max_delta_step: 0.7]
[tweedie_variance_power: 1.5]
[lambdarank_truncation_level: 30]
[lambdarank_norm: 1]
[label_gain: ]
[lambdarank_position_bias_regularization: 0]
[eval_at: ]
[multi_error_top_k: 1]
[auc_mu_weights: ]
[num_machines: 1]
[local_listen_port: 12400]
[time_out: 120]
[machine_list_filename: ]
[machines: ]
[gpu_platform_id: -1]
[gpu_device_id: -1]
[gpu_use_dp: 0]
[num_gpu: 1]

end of parameters

pandas_categorical:null
