tree
version=v4
num_class=1
num_tree_per_iteration=1
label_index=0
max_feature_idx=45
objective=binary sigmoid:1
feature_names=amount_try amount_log amount_ratio amount_zscore first_large_transfer near_threshold near_threshold_cnt_24h cnt_1m sum_1m cnt_1h sum_1h cnt_24h sum_24h cnt_7d sum_7d time_since_last_s distinct_payees_24h distinct_payees_7d is_new_payee payee_relation_age_d payee_fan_in_24h payee_age_d is_new_device device_age_d device_customers_7d is_new_location ip_country_mismatch is_anonymized_ip is_foreign is_high_risk_country hour is_night night_ratio_7d hour_unusual channel_change channel_unknown login_to_transfer_s session_duration_s typing_deviation paste_used is_emulator is_rooted remote_access active_call purpose_risk vulnerable_customer
feature_infos=[1.4299999999999999:420846.04999999999] [0.88789125735245711:12.950024744991774] [0.00043358567324323081:245.38200102572728] [-13.492315478883464:9.0364392651115306] [0:1] [0:1] [0:6] [0:3] [0:62854.550000000003] [0:15] [0:516355.82000000001] [0:21] [0:655994.06000000006] [0:61] [0:1576772.03] [0:604800] [0:21] [0:25] [0:1] [-1:42.187418981481478] [0:9] [-1:42.473078703703706] [0:1] [0:42.202175925925928] [1:5] [0:1] [0:1] [0:1] [0:1] [0:1] [0:23] [0:1] [0:1] [0:1] [0:1] [0:1] [-1:3019.5999999999999] [-1:3367] [0:9.4367399305104449] [0:1] none [0:1] [0:1] [0:1] [0:1] [0:1]
tree_sizes=3339 3394 3383 3384 3397 3385 3415 3406 3382 3404 3393 3409 3395 3409 3432 3385 3384 3425 3413 3410 3390 3428 3402 3449 3405 3418 3402 3420 3414 3423 3426 3432 3393 3381 3424 3419 3414 3426 3436 3421 3405 3420 3424 3424 3420 3446 3430 3438 3406 3453 3446 3433 3433 3421 3445 3430 3435 3443 3432 3459 3425 3423 3425 3443 3450 3453 3440 3446 3474 3443 3437 3457 3449 3441 3429 3435 3449 3461 3470 3483 3467 3459 3448 3464 3465 3483 3459 3465 3476 3475 3465 3465 3458 3465 3478 3464 3494 3477 3482 3487 3465 3477 3468 3492 3501 3480 3489 3464 3496 3487 3475 3493 3487 3482 3470 3501 3481 3490 3483 3479 3494 3520 3481 3509 3508 3482 3508 3483 3484 3502 3512 3494 3495 3506 3521 3511 3507 3510 3496 3486 3497 3489 3510 3499 3516 3503 3527 3505 3509 3511 3517 3528 3525 3511 3523 3538 3519 3510 3513 3545 3528 3537 3537 3548 3528 3514 3518 3522 3532 3539 3537 3544 3504 3546 3547 3548 3526 3546 3543 3534 3536 3521 3546 3549 3551 3515 3524 3552 3538 3540 3548 3551 3553 3565 3523 3548 3545 3569 3552 3556 3544 3558 3542 3550 3561 3581 3548 3544 3552 3539 3558 3564 3567 3540 3547 3549 3576 3589 3557 3548 3565 3554 3578 3587 3567 3552 3573 3577 3574 3569 3573 3571 3564 3574 3582 3579 3583 3591 3562 3570 3585 3582 3596 3595 3602 3598 3591 3580 3570 3579 3577 3588 3581 3601 3605 3585 3582 3577 3592 3578 3583 3580 3569 3584 3599 3589 3600 3581 3589 3578 3589 3599

Tree=0
num_leaves=31
num_cat=0
split_feature=22 23 2 19 37 23 0 19 2 15 33 21 2 15 32 19 38 37 30 32 32 38 2 0 12 10 0 10 2 0
split_gain=9515.67 9303.54 1711.68 398.631 193.286 138.953 73.632 82.1311 65.9883 28.8251 182.313 21.8702 13.9977 8.40187 15.7841 10.324 11.2353 7.97842 5.9165 10.426 12.6867 5.75516 3.76974 2.69544 2.59511 2.34563 1.61152 1.60498 1.35213 0.556742
threshold=1.0000000180025095e-35 1.0000000180025095e-35 8.8199967649303783 0.027800925925925927 59.350000000000001 7.9839583333333346 45425.610000000008 0.90694444444444455 5.7313164596176085 614.00000000000011 1.0000000180025095e-35 10.095422453703707 3.4383815098538704 365.50000000000006 0.082207207207207214 0.027800925925925927 0.52563589787208664 994.05000000000007 6.5000000000000009 0.19139194139194141 0.039607843137254913 0.37446390874291652 0.61716727723923037 2037.9800000000002 50008.92500000001 9532.5300000000007 1156.6200000000001 15289.795000000002 2.6747992827852056 35003.370000000003
decision_type=2 2 2 2 2 2 2 2 2 2 2 2 2 2 2 2 2 2 2 2 2 2 2 2 2 2 2 2 2 2
left_child=2 3 6 4 -2 -4 8 -8 9 10 12 -10 13 24 15 16 -15 18 19 20 22 -13 26 -19 27 -26 -11 -1 -24 -20
right_child=1 -3 5 -5 -6 -7 7 -9 11 17 -12 21 -14 14 -16 -17 -18 23 29 -21 -22 -23 28 -25 25 -27 -28 -29 -30 -31
leaf_value=-4.1595276609587604 -4.1329390084808448 -1.4825575173651755 -4.0893465471668593 -4.1552357649706071 -3.248705671451801 -3.050235569716413 -3.6569915591919862 -4.1424677816327664 -4.1295087361177654 -4.0283467304882032 -3.582407610673084 -4.08590966554923 -3.9756199117735926 -4.1359119480111257 -3.9385601459745714 -4.1539389033254883 -3.9331878663946216 -4.1259514647027675 -4.1607813928451192 -4.1559962804336523 -3.9331878663946216 -3.7630747938844871 -4.1484574759445589 -4.009093277567688 -4.0470459831542209 -4.1350652332073574 -4.1229513943272877 -4.0932269250602511 -4.0849986887407548 -4.1213237016013151
leaf_weight=24.426170619204647 0.77770133875310277 5.681981209665536 0.3967863973230118 7.0786693282425404 1.3014593832194803 2.8251191489398479 0.58724386803805773 1.6665028687566517 0.58724386803805717 0.50788658857345481 0.55550095625221629 0.33330057375133038 0.34917202964424987 0.98403026536106952 0.34917202964425076 5.6978526655584574 0.31742911785840988 0.42852930910885234 469.90619462169707 8.1896712407469732 0.31742911785840977 0.50788658857345581 2.8886049725115304 0.31742911785840988 0.31742911785840877 0.92054444178938866 0.31742911785840988 0.47614367678761382 0.31742911785840977 1.5077883098274458
leaf_count=1539 49 358 25 446 82 178 37 105 37 32 35 21 22 62 22 359 20 27 29607 516 20 32 182 20 20 58 20 30 20 95
internal_value=-4.11071 -2.90199 -4.14578 -3.95471 -3.47926 -3.14283 -4.15379 -3.9154 -4.1552 -4.15633 -4.11206 -3.89353 -4.13567 -4.14121 -4.09555 -4.12392 -4.03082 -4.15947 -4.15977 -4.12453 -4.06789 -3.80805 -4.11167 -4.04651 -4.15413 -4.09414 -4.05151 -4.15763 -4.13756 -4.16068
internal_weight=0 14.8398 525.996 9.15783 2.07916 3.22191 522.774 2.25375 520.52 519.092 34.3934 1.42843 33.8379 33.4888 7.34848 6.99931 1.30146 484.698 483.952 12.5385 4.34878 0.841187 4.03135 0.745958 26.1403 1.23797 0.825316 24.9023 3.20603 471.414
internal_count=34076 935 33141 577 131 203 32938 142 32796 32706 2167 90 2132 2110 463 441 82 30539 30492 790 274 53 254 47 1647 78 52 1569 202 29702
is_linear=0
shrinkage=1


Tree=1
num_leaves=31
num_cat=0
split_feature=22 3 21 5 18 14 18 23 3 23 37 31 33 14 36 9 19 0 37 2 38 2 14 9 36 37 14 38 2 2
split_gain=1746.63 846.949 162.914 107.794 98.259 96.6741 68.0119 190.052 46.8456 25.6987 24.04 14.7025 37.2391 46.2953 27.6745 11.1628 9.85919 6.62864 4.69543 4.14165 4.0703 3.37294 2.7318 1.87465 2.51301 26.332 13.8694 14.5762 3.42629 1.71402
threshold=1.0000000180025095e-35 2.8025866982932452 5.2896122685185194 1.0000000180025095e-35 1.0000000180025095e-35 58958.945000000014 1.0000000180025095e-35 1.0000000180025095e-35 3.4357288626039613 1.0000000180025095e-35 994.05000000000007 1.0000000180025095e-35 1.0000000180025095e-35 32707.424999999999 57.850000000000001 3.5000000000000004 8.8411863425925947 35003.370000000003 160.25000000000003 3.973382124839397 1.3586501789907837 5.7313164596176085 33122.295000000006 1.0000000180025095e-35 58.850000000000001 166.95000000000002 29174.240000000002 0.84635514034591652 3.2051050221021935 3.0056865608451151
decision_type=2 2 2 2 2 2 2 2 2 2 2 2 2 2 2 2 2 2 2 2 2 2 2 2 2 2 2 2 2 2
left_child=1 3 5 10 -5 17 7 29 21 -8 11 15 -13 -14 -15 19 -12 -3 -17 23 -21 -4 -22 -1 25 28 -27 -28 -25 -2
right_child=6 2 8 4 -6 -7 9 -9 -10 -11 16 12 13 14 -16 18 -18 -19 -20 20 22 -23 -24 24 -26 26 27 -29 -30 -31
leaf_value=-0.049996532817270962 -0.044566303694007825 -0.037484690244223129 0.016664104601602732 -0.029189506021457246 0.53748971248331301 0.38288104047294663 0.4606613996739376 0.25357282191369324 0.73483311551508101 0.26226834136571536 0.20942086653923556 -0.045451487824223702 -0.032846950669583423 0.38587922196784846 -0.016168815181482662 -0.018303472649364477 -0.017468793251671 0.077008114017896742 0.1265246355850829 -0.023686691610632356 -0.01543442765409859 0.20543592105895372 0.10163962514646119 -0.041699211215122288 -0.049677927668485701 -0.024626713096543115 0.25821826062881675 -0.017263605251928195 0.035932679846161546 0.026102353778087669
leaf_weight=382.82544401846826 7.1596058234572437 2.590948334895073 0.4941313546150925 1.3365238923579443 0.53078855574131001 2.2225035736337304 3.1986215636134139 18.246933981776237 2.687497466802597 33.025442495942116 0.34792857430875201 8.5143259344622475 1.8276137337088578 0.71908368170261361 0.46681362017989159 0.5634900564327826 0.52333185821771622 0.95282417908310879 0.41425741091370583 4.5598309235647312 0.43578515667468298 0.757563809864223 0.31715739332139492 48.608701749704778 44.832254990004003 0.94148611277341787 0.62046265415847279 0.51505924947559834 0.73847994022071262 0.31026879139244545
leaf_count=25309 469 88 32 76 22 57 98 121 72 219 20 557 116 41 30 37 32 28 26 293 27 34 20 3197 2949 62 38 34 47 19
internal_value=0 -0.034346 0.405893 -0.0436913 0.263167 0.184683 0.244817 0.170344 0.626754 0.291691 -0.0453678 -0.0459607 0.00912554 0.136231 0.292622 -0.0472851 0.136632 0.00347238 0.0760062 -0.04769 -0.00316487 0.171411 0.0637299 -0.0481762 -0.0404967 -0.0316974 0.111948 0.183692 -0.0398468 -0.0388958
internal_weight=0 509.344 9.70547 499.639 1.86731 5.76628 61.9409 25.7168 3.93919 36.2241 497.772 496.9 11.5278 3.01351 1.1859 485.372 0.87126 3.54377 0.977747 484.395 5.31277 1.2517 0.752943 479.082 96.2564 51.4242 2.07701 1.13552 49.3472 7.46987
internal_count=34170 33244 311 32933 98 173 926 609 138 317 32835 32783 744 187 71 32039 52 116 63 31976 340 66 47 31636 6327 3378 134 72 3244 488
is_linear=0
shrinkage=0.05


Tree=2
num_leaves=31
num_cat=0
split_feature=3 3 24 5 15 33 18 19 36 14 19 18 15 36 15 17 32 30 39 36 14 36 36 36 3 10 33 14 0 14
split_gain=900.068 705.776 245.96 93.7737 86.6549 178.984 57.1872 50.8376 27.3634 26.4177 22.4374 13.9075 13.6008 16.5194 13.3748 12.3931 10.285 9.65711 14.6986 9.88125 8.85486 7.73967 7.30676 7.26557 6.11854 5.64217 5.02806 5.56656 9.0169 3.3087
threshold=2.3159627611228468 -3.2337409725332322 2.5000000000000004 1.0000000180025095e-35 758.50000000000011 1.0000000180025095e-35 1.0000000180025095e-35 20.652442129629634 304.10000000000008 14190.490000000003 0.027800925925925927 1.0000000180025095e-35 182.50000000000003 15.850000000000003 64057.000000000007 3.5000000000000004 0.065591397849462371 6.5000000000000009 1.0000000180025095e-35 856.05000000000007 46722.220000000016 9.8500000000000032 51.650000000000013 195.15000000000001 0.85823799127816247 3313.9750000000004 1.0000000180025095e-35 34880.375000000007 2886.0850000000005 9871.2450000000008
decision_type=2 2 2 2 2 2 2 2 2 2 2 2 2 2 2 2 2 2 2 2 2 2 2 2 2 2 2 2 2 2
left_child=1 11 3 4 5 10 -5 8 9 29 12 -1 -3 -14 21 -15 -12 18 26 -19 -18 -11 -9 -23 -21 -22 -6 -28 -29 -2
right_child=7 2 -4 6 17 -7 -8 22 -10 14 16 -13 13 15 -16 -17 20 19 -20 24 25 23 -24 -25 -26 -27 27 28 -30 -31
leaf_value=0.077776473281843977 0.077302668455494175 -0.025255512102292578 0.20041959899396911 -0.025810876836392861 -0.04466451497400651 0.26250010080678871 0.41852163928838926 0.090904989277885886 0.39942798662845791 0.10296017612952696 -0.045405579548188295 0.22691081827162318 -0.029883342468159449 -0.020604636739460155 0.089639920497022171 0.1847610610780524 -0.029993273367459508 -0.04880633767112412 0.14250218103777401 -0.022720801283284825 0.158946447000958 0.28035441697220431 -0.029648447533865759 0.082769790231651041 0.12882640555249053 -0.015156974900948231 -0.025184871348837529 0.13484543806381336 -0.026654647191458214 -0.021021834668427448
leaf_weight=3.096051235683265 2.0593535443767972 2.9464207869023076 9.9952082484960538 1.0251677082851518 7.3147238371893728 5.8112234994769087 0.81039637327194203 2.4091077027842398 4.1688270000740877 2.473177017644054 26.733657870441679 26.342117842286825 1.4305331101641057 0.6830993024632338 2.7851477153599253 2.7300683166831732 1.4434963911771768 429.24141932185739 0.54162601754069406 0.80662430636584648 0.64935872703790642 17.508884679526094 1.3743767235428093 1.5414107535034407 0.38249759189784527 0.42536575999110937 2.9271847670897841 0.87588001135736693 1.0975661259144542 0.69274894986301649
leaf_count=103 68 199 57 60 498 67 20 67 59 55 1819 168 96 46 60 79 97 29573 17 48 21 227 74 28 12 28 188 40 63 34
internal_value=0 -0.0195056 -0.0337317 -0.038929 -0.040524 0.0268656 0.248775 0.238838 0.259445 0.224414 -0.0160298 0.214297 0.0548559 0.0995703 0.240878 0.148304 -0.0360968 -0.047086 -0.00389255 -0.0483541 0.0475431 0.2556 0.0500698 0.269293 0.0626069 0.115946 -0.0206756 0.0166318 0.0662679 0.0535464
internal_weight=0 527.31 497.872 487.876 486.041 42.8532 1.83556 35.013 31.2295 27.0607 37.042 29.4382 7.79012 4.8437 24.3086 3.41317 29.2519 443.188 12.757 430.431 2.51822 21.5235 3.78348 19.0503 1.18912 1.07472 12.2154 4.90063 1.97345 2.7521
internal_count=33971 33299 33028 32971 32891 2452 80 672 531 472 2385 271 420 221 370 125 1965 30439 806 29633 146 310 141 255 60 49 789 291 103 102
is_linear=0
shrinkage=0.05


Tree=3
num_leaves=31
num_cat=0
split_feature=22 0 4 19 21 12 30 17 37 17 19 36 37 33 14 0 37 10 19 38 23 12 23 17 12 0 17 33 19 36
split_gain=1207.09 437.725 117.815 104.318 68.4343 55.4934 26.644 47.6858 24.9468 17.903 16.0264 13.2055 11.2954 10.313 16.5925 9.99686 9.65276 8.83204 11.8847 12.466 7.99665 7.39013 6.69015 6.67972 6.41202 4.87245 4.80553 4.11368 3.87194 2.32631
threshold=1.0000000180025095e-35 45425.610000000008 1.0000000180025095e-35 0.80135995370370383 5.8525000000000009 35354.160000000011 6.5000000000000009 9.5000000000000018 37.850000000000001 3.5000000000000004 0.32731481481481489 59.45000000000001 994.05000000000007 1.0000000180025095e-35 31582.470000000005 2972.6150000000002 67.250000000000014 6524.7250000000013 0.027800925925925927 0.30600685713706371 1.9449016203703706 11159.410000000002 12.974947916666668 3.5000000000000004 10940.255000000001 2313.1250000000005 14.500000000000002 1.0000000180025095e-35 30.010711805555559 48.550000000000004
decision_type=2 2 2 2 2 2 2 2 2 2 2 2 2 2 2 2 2 2 2 2 2 2 2 2 2 2 2 2 2 2
left_child=1 2 6 5 21 24 7 13 20 29 -11 -9 17 -1 -15 -16 -6 -8 19 -19 -2 -4 -18 -21 -3 -14 27 -20 -12 -10
right_child=8 3 4 -5 16 -7 12 11 9 10 28 -13 25 14 15 -17 22 18 26 23 -22 -23 -24 -25 -26 -27 -28 -29 -30 -31
leaf_value=-0.044847408267032769 -0.033807430293715149 0.16766511163700015 -0.042405557727238002 -0.019878078039048504 -0.011913152803680421 0.45217220425873283 -0.048245570564691462 0.30821534799133848 0.076696478579423688 0.20412621983663259 0.14451203090185955 -0.011996530257650602 -0.018204853611799649 -0.0363224926272009 0.20068259179204367 0.00046722341262153986 0.050262169478406254 -0.029201764891515321 -0.046295645193667634 -0.013970024361317203 0.098174054071999542 0.084860200003903222 0.26718358472224651 0.18348173981373622 0.01538297906354359 0.13085604534744338 0.067424940090468566 0.045730595459857845 0.036953015533425101 -0.0013849821960468754
leaf_weight=7.6251991586759651 1.9905228726565831 1.7179359197616562 4.4149117153137905 2.2020475631579757 0.30383956339210261 4.8317113537341356 424.45877018105239 0.67157044820487577 0.90354015026241485 50.249206127598882 23.393649276345972 0.30908100958913565 0.55701117496937413 2.5129650859162211 0.7906520878896115 0.96366212330758572 0.95950933080166567 1.3559172898530953 10.463596545159811 0.38005941081792094 0.92373077571392048 0.47202168870717276 4.1314745955169201 0.92337754741311073 1.2228402346372602 0.37988818623125553 0.27546836901456195 0.56041897460818368 1.7137784883379925 1.8426182949915526
leaf_count=540 134 27 172 114 16 73 30687 26 23 301 366 20 33 169 35 56 33 95 749 27 5 14 77 54 22 18 18 32 72 53
internal_value=0 -0.0332112 -0.0405346 0.279117 0.1196 0.356436 -0.0444312 0.0248936 0.174556 0.179878 0.184486 0.252189 -0.0465144 -0.0119564 0.0441728 0.130802 0.227372 -0.04696 -0.00725518 0.0723702 0.0224203 -0.0177862 0.241264 0.144838 0.124315 0.0785903 -0.0303555 -0.0382032 0.138867 0.0379209
internal_weight=0 472.484 462.509 9.97454 10.2818 7.77249 452.228 12.8731 81.017 78.1028 75.3566 0.980651 439.355 11.8925 4.26728 1.75431 5.39482 438.418 13.9588 2.65935 2.91425 4.88693 5.09098 1.30344 2.94078 0.936899 11.2995 11.024 25.1074 2.74616
internal_count=34061 33107 32871 236 312 122 32559 846 954 815 739 46 31713 800 260 91 126 31662 975 176 139 186 110 81 49 51 799 781 438 76
is_linear=0
shrinkage=0.05


Tree=4
num_leaves=31
num_cat=0
split_feature=22 2 5 21 6 19 17 19 15 33 2 33 37 9 18 17 30 33 19 18 15 30 30 2 2 17 38 13 17 19
split_gain=992.115 419.584 60.739 39.1601 92.6018 34.3919 32.6606 27.296 26.6566 95.1354 13.4307 7.86164 6.93351 6.85527 6.75523 12.9889 6.2976 8.88538 4.1788 4.06564 4.29544 3.3199 5.92418 2.96131 2.589 2.58849 2.05402 2.02557 2.00356 1.60512
threshold=1.0000000180025095e-35 5.7313164596176085 1.0000000180025095e-35 5.2896122685185194 1.0000000180025095e-35 7.2076273148148156 8.5000000000000018 20.866273148148149 758.50000000000011 1.0000000180025095e-35 3.7461379636806407 1.0000000180025095e-35 994.05000000000007 3.5000000000000004 1.0000000180025095e-35 5.5000000000000009 6.5000000000000009 1.0000000180025095e-35 14.272256944444447 1.0000000180025095e-35 182.50000000000003 5.5000000000000009 3.5000000000000004 1.2134886036669876 0.61716727723923037 3.5000000000000004 1.7459230229238742 9.5000000000000018 3.5000000000000004 21.908668981481487
decision_type=2 2 2 2 2 2 2 2 2 2 2 2 2 2 2 2 2 2 2 2 2 2 2 2 2 2 2 2 2 2
left_child=1 2 8 4 -3 -5 -4 14 9 10 13 26 16 19 15 27 17 -10 -7 -1 -21 22 24 -14 -19 -22 -9 28 -2 -20
right_child=7 3 6 5 -6 18 -8 11 12 -11 -12 -13 23 -15 -16 -17 -18 21 29 20 25 -23 -24 -25 -26 -27 -28 -29 -30 -31
leaf_value=-0.040201302518945069 -0.018043515749549575 -0.029849926596673754 -0.012141550020829709 0.32353968809607125 0.28003875270953854 0.00028853462696058725 0.27791327711059266 -0.027065357521582362 -0.044364981653116357 0.30164050227085132 0.13117626121905809 0.10007671373227428 -0.018284349615736072 0.07500388081539329 0.17663935195163086 0.13979053019637258 -0.049649893216365169 0.053766580976712858 0.150115980502319 -0.033153326790727834 -0.017968284743665529 -0.013579959917731414 0.12348061557169998 0.093591079830969551 -0.030439794720829774 0.078224837375816092 0.040989525782577071 -0.024674531626583601 0.063940111978100497 0.035919168941521806
leaf_weight=27.654958500526849 0.55110681429505692 5.5697973184287566 1.5563573315739625 6.4815707318484765 3.0354368072003126 0.90490483865141902 1.2685495698824523 2.9847221290692683 7.0091015826910716 1.4084434527903784 0.37713061459362407 1.8019117238000033 0.55949758924543758 0.59606069047003885 51.886790826916695 22.0638158749789 388.86001299228519 0.44103905558586154 1.4517843890935185 1.8887791531160467 0.54849974624812592 1.7064412347972391 1.0105565031990407 0.38948226906359196 1.4904715232551096 1.3297960748896001 0.56750935036689032 0.94525956641882647 1.4584773061797021 1.2900268239900468
leaf_count=2053 38 132 69 62 39 20 21 178 520 39 18 23 31 39 310 245 29526 24 22 138 39 109 52 18 95 75 14 63 34 42
internal_value=0 -0.0328917 -0.0429615 0.19284 0.0972356 0.258031 0.156715 0.154745 -0.0446136 -0.00190996 -0.0237446 0.0372685 -0.0481956 -0.029487 0.16234 0.127036 -0.0485624 -0.0112298 0.0970271 -0.0337214 0.0123034 0.0377412 0.063402 0.0520933 0.000569775 0.0536512 -0.00957694 0.0205342 0.0429321 0.120345
internal_weight=0 456.829 438.095 18.7335 8.60523 10.1283 2.82491 82.2596 435.27 33.8037 32.3952 5.35414 401.467 32.0181 76.9055 25.0187 400.518 11.6576 3.64672 31.422 3.76707 4.64851 2.94207 0.94898 1.93151 1.8783 3.55223 2.95484 2.00958 2.74181
internal_count=34088 33183 32866 317 171 146 90 905 32776 2401 2362 215 30375 2344 690 380 30326 800 84 2305 252 280 171 49 119 114 192 135 72 64
is_linear=0
shrinkage=0.05


Tree=5
num_leaves=31
num_cat=0
split_feature=22 2 0 19 21 12 15 33 18 15 33 23 2 23 2 3 10 19 0 32 15 30 14 0 37 30 0 14 19 15
split_gain=869.866 331.831 66.8637 29.092 39.2377 45.5598 27.0722 87.8183 25.489 24.8641 13.0449 62.199 32.119 19.6126 17.3485 10.0422 10.518 10.8333 9.89879 9.33451 9.91339 7.93189 10.2573 14.6661 7.42899 3.07663 3.23556 3.06325 2.55634 1.73577
threshold=1.0000000180025095e-35 4.8000462868304981 45425.610000000008 0.90694444444444455 3.8986342592592598 23147.165000000005 758.50000000000011 1.0000000180025095e-35 1.0000000180025095e-35 970.50000000000011 1.0000000180025095e-35 1.0000000180025095e-35 5.7313164596176085 1.0000000180025095e-35 0.20906932184824964 0.80203339531218354 1742.075 14.105943287037039 7453.2750000000005 0.082207207207207214 365.50000000000006 6.5000000000000009 72604.070000000022 2437.2100000000005 66.250000000000014 19.500000000000004 1212.7500000000002 193368.03000000006 9.3233796296296312 81029.000000000015
decision_type=2 2 2 2 2 2 2 2 2 2 2 2 2 2 2 2 2 2 2 2 2 2 2 2 2 2 2 2 2 2
left_child=1 2 6 4 5 29 7 15 -4 -5 11 12 14 24 -2 19 -17 18 -18 25 -21 22 -8 -24 -12 -1 -27 -11 -28 -3
right_child=10 3 8 9 -6 -7 21 -9 -10 27 13 -13 -14 -15 -16 16 17 -19 -20 20 -22 -23 23 -25 -26 26 28 -29 -30 -31
leaf_value=-0.048580105078631711 0.12779496112508371 -0.014442774098525646 -0.012099456204166706 0.18963263894576246 0.27048993570272856 0.2093958356826876 -0.030841355430563197 0.26646295481241028 0.22529947992010635 -0.032422314289287268 0.020083018173798813 0.14501335692305381 0.20625281165129516 0.14289347621924303 -0.046776749980444836 -0.032954507538165013 0.22617526368096275 -0.022743114494753421 -0.014967762733635476 -0.028664194518768862 0.14150178261131516 -0.049284763117275913 0.1900691881074742 -0.015264959176770782 0.29747124004594255 -0.030897381486790429 0.09158897005004242 0.050516509749027078 -0.016378188086188725 0.038227052822240967
leaf_weight=23.113655798137199 0.67160974722355327 4.2659795656800323 1.5927816675975912 1.0508717857301224 7.0130124725401393 4.0801423117518425 9.0826426791027171 1.8265680782496918 2.2196072246879339 4.1592145292088389 0.41760600171983187 32.674252390861511 0.73955667018890459 43.624505296349525 9.4816110190004093 1.8572931773960584 0.62734286114573456 0.81319561786949623 0.41793752089142799 1.3011679397895921 0.56400255765765894 367.15735133830458 0.45452497527003233 1.8333614086732266 3.1329273357987404 1.5624617580324405 0.41023800708353508 0.47452762722969044 0.47768100537359715 1.2265018858015535
leaf_count=1761 17 111 93 14 54 38 651 38 26 164 21 147 9 194 474 139 40 60 29 97 35 29271 17 120 65 120 28 18 37 34
internal_value=0 -0.0319612 -0.0421655 0.15197 0.184256 0.101471 -0.0442376 -0.000756225 0.144212 0.0442997 0.137339 0.111413 0.0069047 0.158473 -0.0248065 -0.0242298 0.0448374 0.106911 0.169581 -0.0348342 0.0542195 -0.0480131 -0.00628535 0.0709298 0.276428 -0.0431281 0.00747371 -0.0164696 0.0555959 0.00139504
internal_weight=0 437.582 415.312 22.2703 16.5856 9.57262 411.499 32.9715 3.81239 5.68461 90.7421 43.567 10.8928 47.175 10.1532 31.145 3.71577 1.85848 1.04528 27.4292 1.86517 378.528 11.3705 2.28789 3.55053 25.564 2.45038 4.63374 0.887919 5.49248
internal_count=33922 32995 32562 433 237 183 32443 2384 119 196 927 647 500 280 491 2346 268 129 69 2078 132 30059 788 137 86 1946 185 182 65 145
is_linear=0
shrinkage=0.05


Tree=6
num_leaves=31
num_cat=0
split_feature=22 2 6 15 33 2 18 23 39 3 2 37 10 33 15 18 23 2 6 30 32 32 14 23 6 15 3 2 3 37
split_gain=791.455 314.504 48.3411 23.6349 52.7247 25.6599 17.4894 12.3474 100.358 46.4976 9.50727 17.3531 15.3882 5.98171 5.55961 7.89032 5.15822 3.74644 3.5681 3.67039 5.07989 7.22094 3.45352 2.89847 1.84597 1.63941 1.57642 1.56293 3.15141 1.5505
threshold=1.0000000180025095e-35 5.7313164596176085 1.5000000000000002 614.00000000000011 1.0000000180025095e-35 3.5876276440757437 1.0000000180025095e-35 1.0000000180025095e-35 1.0000000180025095e-35 2.1834855719553268 19.249882541093541 994.05000000000007 7300.630000000001 1.0000000180025095e-35 237.50000000000003 1.0000000180025095e-35 8.0583275462962991 0.35296304695807762 1.0000000180025095e-35 6.5000000000000009 0.19139194139194141 0.039607843137254913 466359.55500000005 23.394195601851855 1.0000000180025095e-35 86055.500000000015 -0.92562907532061811 3.973382124839397 1.8806768610036946 372.05000000000001
decision_type=2 2 2 2 2 2 2 2 2 2 2 2 2 2 2 2 2 2 2 2 2 2 2 2 2 2 2 2 2 2
left_child=1 2 3 4 5 14 -4 8 9 -2 11 12 13 25 -1 17 -17 -16 19 20 21 26 -20 -24 -12 -3 -5 -21 -29 -30
right_child=7 10 6 18 -6 -7 -8 -9 -10 -11 24 -13 -14 -15 15 16 -18 -19 22 27 -22 -23 23 -25 -26 -27 -28 28 29 -31
leaf_value=-0.047947630502152679 -0.042732054948312961 -0.02679234120143489 -0.024165149349609477 0.028306162136909448 0.19885865219493201 0.17886235292914876 0.20691881794170131 0.13285374759941412 0.28042219217472603 0.20139577997715263 0.128035172787547 0.18666989969611897 0.14780411114059736 0.078959837155576751 0.05863859354597302 -0.018415756458423159 0.12990442383816145 -0.032391649404290838 -0.026317989111483222 -0.049755009711257653 -0.043983316526381745 0.1124473037273879 -0.017281042383023918 0.096596576985637381 0.23597917424722004 0.028241450102493161 -0.027268222844989538 0.051522509314746202 -0.040852782831082068 0.026946224908916957
leaf_weight=17.784331389702867 10.431598545052109 4.7993930159136635 0.90654333308339041 0.90071722678840149 1.9814826734364022 0.52576067764311929 1.6686694342643023 82.562271520495415 3.321851121261715 1.3517301939427842 7.198584696277976 3.0389015153050432 1.9333358015865085 1.2662935098633168 0.37813706416636517 0.56798481754958607 0.66333583276718855 7.2423616349697113 3.0259793587028976 348.90465435758233 6.5899212695658207 0.53371488675475109 0.51764079649001349 0.35448908247053623 3.7581519447267056 0.88129153847694386 3.2779413983225805 0.47450152691453595 4.1131930463016033 0.29500228818505991
leaf_count=1424 531 125 65 43 31 22 15 354 39 18 69 20 17 25 28 37 33 565 199 29181 519 24 41 14 28 26 214 38 285 17
internal_value=0 -0.0325592 -0.0429687 -0.044514 -0.0011227 -0.0222547 0.141565 0.124647 0.0743286 -0.00116301 0.143941 0.0978541 0.0516437 0.00965112 -0.0325529 0.000104284 0.0838961 -0.0215964 -0.0479289 -0.0484355 -0.0182257 0.0191886 -0.000274205 0.0558789 0.181699 -0.0153052 -0.0121363 -0.0493466 -0.0166629 -0.0321721
internal_weight=0 423.582 400.706 398.131 29.1434 27.1619 2.57521 97.6675 15.1052 11.7833 22.876 11.9192 8.88031 6.94698 26.6362 8.85182 1.23132 7.6205 368.988 365.09 11.3023 4.71237 3.89811 0.87213 10.9567 5.68068 4.17866 353.787 4.8827 4.4082
internal_count=34047 33105 32795 32715 2140 2109 80 942 588 549 310 213 193 176 2087 663 70 593 30575 30321 800 281 254 55 97 151 257 29521 340 302
is_linear=0
shrinkage=0.05


Tree=7
num_leaves=31
num_cat=0
split_feature=22 2 5 15 33 18 19 17 3 19 23 14 19 32 17 17 15 23 19 15 38 33 38 18 42 30 17 37 3 37
split_gain=686.319 283.275 74.0903 38.0758 71.0696 21.6946 13.9658 16.0351 13.6386 12.0694 14.2813 8.9573 9.30085 8.49065 12.9916 5.67189 5.00296 4.48005 3.68794 3.90788 5.70595 3.54602 2.5741 2.07959 1.89879 1.65209 3.54626 3.25624 1.55457 2.11598
threshold=1.0000000180025095e-35 4.8000462868304981 1.0000000180025095e-35 691.50000000000011 1.0000000180025095e-35 1.0000000180025095e-35 0.90694444444444455 9.5000000000000018 1.2612405391485977 21.206394675925928 23.086174768518521 34880.375000000007 14.105943287037039 0.082207207207207214 9.5000000000000018 3.5000000000000004 1220.5000000000002 12.404120370370373 0.027800925925925927 365.50000000000006 0.52029769336009857 1.0000000180025095e-35 0.060852610049268376 1.0000000180025095e-35 1.0000000180025095e-35 6.5000000000000009 8.5000000000000018 104.45000000000002 -0.92562907532061811 173.75000000000003
decision_type=2 2 2 2 2 2 2 2 2 2 2 2 2 2 2 2 2 2 2 2 2 2 2 2 2 2 2 2 2 2
left_child=1 2 3 4 8 -4 17 16 13 15 -11 -10 -13 18 -15 21 -8 -3 19 -1 -21 -2 -19 -17 25 26 28 -28 29 -5
right_child=9 6 5 24 -6 -7 7 -9 11 10 -12 12 -14 14 -16 23 -18 22 -20 20 -22 -23 -24 -25 -26 -27 27 -29 -30 -31
leaf_value=-0.026404876051926651 -0.013459021786375772 0.064695010592310601 -0.02671631407491154 -0.027796740099900664 0.21536558468952816 0.20262863952526994 0.060759744304169576 0.139218244256469 -0.023717351770104936 -0.038427273719492311 0.10398196273082388 0.20548804122951433 -0.016453144178573163 -0.029777182663413095 0.17039387914528428 0.09923109921927814 -0.039996898434103846 0.063648170115518279 -0.045620376002353302 -0.023885815630824661 0.11563540190014043 0.077269577647260015 0.16861614666109548 0.13142229660084959 0.024268877557575657 -0.049096356830184928 0.080192250576156573 -0.023264911566763028 -0.044871146528561744 0.049135074162049416
leaf_weight=3.1467291954904928 1.6446879031136623 3.5092842401936712 1.0992994755506504 1.209267122671007 2.716558100655674 3.0406768508255482 0.75254893023520608 1.8291466068476436 0.87776623945683141 2.7828483749181023 2.4746573716402054 0.56230919528752543 0.47930236719548702 1.4235009234398592 0.35934535320848215 26.914887026883662 3.3105371296405792 2.3329508714377907 19.165040787309408 0.88927620090544202 0.50574205722659826 1.1716199880465865 14.357901745475827 63.244252521544695 0.34331323578953643 335.3065205803141 0.53010482620447763 0.839418132789433 7.7052377108484498 0.50873647909611452
leaf_count=244 72 69 65 88 36 24 13 36 65 184 11 29 34 108 19 339 143 33 1616 64 25 13 139 307 28 29410 26 52 592 36
internal_value=0 -0.0301156 -0.0411376 -0.0436086 0.010011 0.14838 0.126286 0.0475818 -0.0172065 0.116507 0.0345085 0.0863749 0.145325 -0.0279725 0.0573007 0.120727 -0.0130205 0.145917 -0.0364451 0.00351808 0.0538577 0.0346422 0.158371 0.123006 -0.0482866 -0.0484282 -0.0252684 0.0337235 -0.0362548 0.00468044
internal_weight=0 406.801 380.708 376.568 30.1256 4.13998 26.0924 5.89223 27.409 98.233 5.25751 1.91938 1.04161 25.4896 1.78285 92.9754 4.06309 20.2001 23.7068 4.54175 1.39502 2.81631 16.6909 90.1591 346.443 346.099 10.7928 1.36952 9.42324 1.718
internal_count=33920 32994 32561 32472 2240 89 433 192 2204 926 195 128 63 2076 127 731 156 241 1949 333 89 85 172 646 30232 30204 794 78 716 124
is_linear=0
shrinkage=0.05


Tree=8
num_leaves=31
num_cat=0
split_feature=22 2 1 15 33 21 6 16 19 23 19 23 3 9 17 30 32 14 36 32 15 19 2 15 37 42 2 30 21 2
split_gain=601.982 269.901 51.9225 25.9718 55.0694 22.4672 57.1035 16.605 12.4996 11.7367 8.80486 14.1262 7.55781 10.4882 7.177 6.4054 11.322 11.5179 6.68954 6.1762 6.57087 5.79646 5.41905 4.77161 2.40544 1.9508 1.49834 1.35529 3.754 1.3029
threshold=1.0000000180025095e-35 4.8000462868304981 10.72385327633009 758.50000000000011 1.0000000180025095e-35 5.2896122685185194 1.0000000180025095e-35 2.5000000000000004 17.994108796296299 37.822152777777781 21.206394675925928 23.086174768518521 0.80203339531218354 1.5000000000000002 3.5000000000000004 5.5000000000000009 0.19139194139194141 30499.280000000002 56.850000000000001 0.082207207207207214 419.50000000000006 13.387528935185186 4.3173928839014559 419.50000000000006 37.850000000000001 1.0000000180025095e-35 0.18905092891570993 19.500000000000004 31.164600694444449 3.973382124839397
decision_type=2 2 2 2 2 2 2 2 2 2 2 2 2 2 2 2 2 2 2 2 2 2 2 2 2 2 2 2 2 2
left_child=1 2 3 4 12 6 23 -4 -7 -10 14 -12 19 -14 22 16 17 -5 -19 27 -21 -15 26 -3 -16 29 -2 -1 -29 -17
right_child=10 5 7 15 -6 8 -8 -9 9 -11 11 -13 13 21 24 25 -18 18 -20 20 -22 -23 -24 -25 -26 -27 -28 28 -30 -31
leaf_value=-0.045901146812294485 0.034823424673735281 0.059886187553517503 -0.029336862792322095 -0.030240782507673515 0.16750735288519619 0.17399939142191431 0.16259969929880985 0.15593325382165302 -0.033610039620701512 0.12989873195614848 -0.03821938252185058 0.10111062929824038 -0.022770790923722584 0.1657239555669916 0.042852904202686677 -0.049292362773703829 -0.04329592831256604 0.16915149849752814 -0.015552917103738649 -0.027843152192409348 0.11100771902104878 -0.014658074430410312 0.083268380675867226 -0.046989601060539947 0.11486766653995628 0.02501355508214876 -0.034776224322172908 -0.03324525091587318 0.070597337493801163 -0.01003046671343555
leaf_weight=20.381727292202427 0.16318707168102253 0.33647783845663237 1.2793561816215504 1.4772576689720138 3.2773230802267781 13.131803244352339 5.8950118031352758 3.4372020633891225 1.8771512089297169 0.89963742531836022 2.7425143914297214 2.7736778855323792 2.6041628718376155 0.61892594676464774 2.7538768285885444 315.72590379603207 5.9198902873322368 1.0446571381762622 0.43917487934231747 1.2197327939793456 0.54906766675412644 0.40720886550843716 1.3196697421371935 6.8021972011774778 89.244171863421798 0.33014455996453662 1.9760054182261226 1.9120708499103778 0.24251441285014141 2.7080972213298073
leaf_count=1758 2 3 62 109 39 122 43 52 90 14 187 12 199 33 74 29067 503 37 25 96 30 33 7 156 575 27 78 158 20 216
internal_value=0 -0.0294698 -0.0412547 -0.0435323 5.26269e-05 0.115005 0.059467 0.109338 0.154299 0.039732 0.106849 0.0366046 -0.0247029 0.0357641 0.110486 -0.0476719 -0.00516587 0.0627502 0.130232 -0.0347908 0.0397841 0.122237 0.0291929 -0.0352128 0.113196 -0.0488363 -0.0200651 -0.0420856 -0.00288289 -0.0489909
internal_weight=0 392.517 363.574 358.858 31.2127 28.9423 13.0337 4.71656 15.9086 2.77679 100.973 5.51619 27.9354 3.6303 95.4569 327.645 8.88098 2.96109 1.48383 24.3051 1.7688 1.02613 3.45886 7.13868 91.998 318.764 2.13919 22.5363 2.15459 318.434
internal_count=33827 32892 32464 32350 2366 428 202 114 226 104 935 199 2327 265 736 29984 674 171 62 2062 126 66 87 159 649 29310 80 1936 178 29283
is_linear=0
shrinkage=0.05


Tree=9
num_leaves=31
num_cat=0
split_feature=22 3 5 15 15 32 19 21 18 23 18 39 2 37 3 21 19 11 2 30 2 2 3 30 38 23 30 33 2 23
split_gain=535.232 229.106 41.1458 32.6061 35.7627 23.8291 20.0803 24.1833 14.9767 11.4548 57.9039 14.9978 16.5936 11.4214 8.69086 19.9196 17.0561 5.2142 4.92247 4.14101 6.41937 3.87357 3.71547 2.51815 2.34152 2.22051 1.67909 1.63685 1.60613 1.60276
threshold=1.0000000180025095e-35 2.8025866982932452 1.0000000180025095e-35 614.00000000000011 182.50000000000003 0.054804804804804812 0.027800925925925927 5.5592071759259269 1.0000000180025095e-35 1.0000000180025095e-35 1.0000000180025095e-35 1.0000000180025095e-35 2.3483981836115562 994.05000000000007 4.641437745208993 6.4998206018518525 7.2076273148148156 4.5000000000000009 1.698979840774169 6.5000000000000009 0.26943872157144344 3.4383815098538704 1.2612405391485977 19.500000000000004 0.61852374809154942 30.821255787037042 8.5000000000000018 1.0000000180025095e-35 3.5876276440757437 25.442013888888891
decision_type=2 2 2 2 2 2 2 2 2 2 2 2 2 2 2 2 2 2 2 2 2 2 2 2 2 2 2 2 2 2
left_child=1 2 3 4 22 6 7 24 -4 10 28 12 -12 19 15 17 -17 -3 -15 20 -5 23 -1 26 -6 -18 -8 -22 -2 -25
right_child=9 14 8 13 5 -7 21 -9 -10 -11 11 -13 -14 18 -16 16 25 -19 -20 -21 27 -23 -24 29 -26 -27 -28 -29 -30 -31
leaf_value=-0.047676146439737069 -0.044960801210934515 -0.041408712583593375 -0.02959928996824164 0.084361861684662795 -0.029968138667031675 0.18369159988297779 0.02633312226305233 0.2551204861161353 0.1433074766683142 0.10758157045036504 -0.025499954904876748 0.19891428252600715 0.14155965447895727 -0.018306758077175942 0.1357937387706695 0.15557339577590124 -0.030791234082522607 0.051338968397543962 0.13115504797891353 -0.04923993522796679 -0.042887538516238985 0.067130392724506438 0.036125560487658484 -0.017718413448059397 0.049339237912750217 0.039069432334887612 -0.044079124820146635 -0.0022102032513231827 0.023339190214129557 0.063279778216723218
leaf_weight=14.830298920162022 7.5734756905585536 3.4873610828071842 1.3650920381769527 0.48263223003595968 1.4415552467107757 2.363664378412067 0.29768135957419861 0.79191045183688391 3.1778674721717834 82.806175574660301 2.6519847456365824 4.231375589966774 1.7819392513483761 0.56390980444848438 14.253325540572405 5.4709640573710185 1.4334833770990374 1.3181273108348248 0.3750118687748909 308.60636735428125 5.5714578535407764 0.27742655668407668 0.72737659420818168 0.51527253165841091 0.5040588667616247 1.1389809707179663 6.3345756269991398 4.1481935465708375 0.34731106366962183 0.31623657792806625
leaf_count=1270 469 89 75 26 106 71 18 16 21 335 46 29 15 39 97 34 51 17 12 29720 493 12 43 32 25 25 519 269 11 18
internal_value=0 -0.0301372 -0.0409847 -0.0430323 0.00805483 0.0671227 0.0271163 0.122593 0.0953849 0.0996417 0.0561384 0.138773 0.0553348 -0.0475808 0.107459 0.0684922 0.112275 -0.0115073 0.0782443 -0.0481949 -0.015009 -0.0168092 -0.0418129 -0.0274921 0.000353153 0.00241817 -0.0378826 -0.0273528 -0.0396854 0.0308177
internal_weight=0 379.793 352.691 348.148 28.4001 12.8424 10.4787 2.73752 4.54296 99.3923 16.5861 8.6653 4.43392 319.748 27.1022 12.8489 8.04343 4.80549 0.938922 318.809 10.2023 7.74119 15.5577 7.46377 1.94561 2.57246 6.63226 9.71965 7.92079 0.831509
internal_count=34003 33098 32785 32689 2130 817 746 147 96 905 570 90 61 30559 313 216 110 106 51 30508 788 599 1313 587 131 76 537 762 480 50
is_linear=0
shrinkage=0.05


Tree=10
num_leaves=31
num_cat=0
split_feature=22 2 0 15 33 10 37 33 32 15 19 23 39 2 23 37 16 12 38 30 14 18 23 32 14 23 0 2 42 16
split_gain=521.063 182.682 37.0014 26.5079 30.4528 16.4095 22.9714 23.196 8.82889 10.3158 8.73407 8.55107 58.4621 26.889 8.42802 10.027 6.52217 5.90493 4.60864 4.34577 4.95006 7.89369 3.56194 3.22032 3.18664 3.06442 3.22263 2.06768 1.987 1.35157
threshold=1.0000000180025095e-35 3.973382124839397 45425.610000000008 758.50000000000011 1.0000000180025095e-35 7541.1750000000002 767.50000000000011 1.0000000180025095e-35 0.082207207207207214 365.50000000000006 0.027800925925925927 1.0000000180025095e-35 1.0000000180025095e-35 2.2110177072425423 8.0583275462962991 69.15000000000002 3.5000000000000004 94166.160000000018 1.6286505249724763 6.5000000000000009 30499.280000000002 1.0000000180025095e-35 16.321562500000002 0.029857397504456332 35330.695 33.176452546296304 6224.2200000000003 3.2051050221021935 1.0000000180025095e-35 2.5000000000000004
decision_type=2 2 2 2 2 2 2 2 2 2 2 2 2 2 2 2 2 2 2 2 2 2 2 2 2 2 2 2 2 2
left_child=1 2 3 4 8 6 7 17 10 -10 14 12 13 -2 -1 -16 29 18 25 20 -5 24 -17 -6 -22 -3 -27 -12 -21 -4
right_child=11 5 16 19 23 -7 -8 -9 9 -11 27 -13 -14 -15 15 22 -18 -19 -20 28 21 -23 -24 -25 -26 26 -28 -29 -30 -31
leaf_value=-0.035058914815623121 -0.046800485513003962 -0.03837664694650534 -0.025300952736868478 -0.042516799547541076 0.042089517717553718 0.15202888434549311 0.14282035833029902 0.1093512259651238 -0.028507172372919484 0.13879304203382148 -0.045576195672633942 0.10166249415152771 0.18060753782146544 0.10532894958314426 -0.026363561329527271 0.17392656076193491 0.12780057252965013 0.079784197804457627 0.060414923070767401 -0.049110472848992309 0.058123710467378735 0.12436921489285485 0.011781639846193091 0.15544344167939195 -0.02892273055718686 0.070746236144568778 -0.018744993589528042 0.032398148909668294 0.025810514437751765 0.036019312535042203
leaf_weight=2.2438770243898132 9.4726975494995731 9.3801274867728406 0.93208514899015316 5.2531639421358687 2.1324070263653989 6.4769375119358292 5.4870776534080496 5.4188013393431893 1.288027232512831 0.84736903477460135 19.241422436200086 88.774411737918854 5.3913036920130244 3.0212778057903042 1.0840633073821666 0.78039035107940413 2.6854642890393734 0.80048202350735742 0.79288429953157979 286.58314921241254 0.38454940821975503 0.42915291991084803 0.61015757732093334 1.8271568268537519 3.5866618948057294 0.63792528957128469 1.8319158367812631 0.21103156823664804 0.31616645958274503 0.69440989382565022
leaf_count=181 481 377 50 451 26 46 29 89 106 38 1827 357 36 60 90 37 23 5 34 29094 29 21 41 14 256 26 57 13 26 18
internal_value=0 -0.0303779 -0.041271 -0.0432877 0.00125206 0.0842548 0.0609406 0.03113 -0.0194884 0.0609737 -0.0287369 0.0948771 0.0575976 -0.00493334 0.027972 0.0787668 0.0909556 -0.00578777 -0.0166567 -0.0478224 -0.0131699 0.0232501 0.13747 0.115192 -0.0104972 -0.0261138 0.0180967 -0.0431876 -0.0489385 0.00462513
internal_weight=0 361.957 331.131 326.819 30.2659 30.8262 24.3492 18.8621 26.3063 2.1354 24.1709 106.66 17.8853 12.494 4.71849 2.47461 4.31196 13.4433 12.6429 296.553 9.65353 4.40036 1.39055 3.95956 3.97121 11.85 2.46984 19.4525 286.899 1.6265
internal_count=33938 33004 32341 32250 2373 663 617 588 2333 144 2189 934 577 541 349 168 91 499 494 29877 757 306 78 40 285 460 83 1840 29120 68
is_linear=0
shrinkage=0.05


Tree=11
num_leaves=31
num_cat=0
split_feature=22 2 0 30 33 14 10 37 6 36 15 3 19 0 33 16 32 23 19 2 39 14 17 38 38 37 37 6 14 3
split_gain=469.47 166.364 31.5754 21.1973 20.6384 22.1686 17.6459 18.0747 17.878 12.375 10.344 17.6876 14.5615 8.93019 8.5259 8.14602 7.42172 6.70767 50.4389 8.63808 22.5772 5.36079 5.33618 4.61071 1.82548 1.72367 1.43759 1.43762 1.7048 1.07549
threshold=1.0000000180025095e-35 3.973382124839397 45425.610000000008 6.5000000000000009 1.0000000180025095e-35 30499.280000000002 4429.7450000000008 562.85000000000002 1.5000000000000002 57.850000000000001 614.00000000000011 0.93002577312115642 0.078894675925925931 2886.0850000000005 1.0000000180025095e-35 2.5000000000000004 0.096006144393241177 1.0000000180025095e-35 0.027800925925925927 2.2110177072425423 1.0000000180025095e-35 95132.884999999995 14.500000000000002 0.49316449194909567 1.6286505249724763 666.85000000000014 994.05000000000007 1.0000000180025095e-35 466359.55500000005 0.80203339531218354
decision_type=2 2 2 2 2 2 2 2 2 2 2 2 2 2 2 2 2 2 2 2 2 2 2 2 2 2 2 2 2 2
left_child=1 2 3 4 -1 -6 7 8 14 13 11 16 -13 -7 22 -4 25 18 19 20 -2 -18 24 -16 -3 29 27 -12 -29 -5
right_child=17 6 15 10 5 9 -8 -9 -10 -11 26 12 -14 -15 23 -17 21 -19 -20 -21 -22 -23 -24 -25 -26 -27 -28 28 -30 -31
leaf_value=-0.043240748879329806 -0.028861602595495046 -0.035839852314997818 -0.026242810140888025 -0.043375233525391167 -0.035580551264897738 0.20838424056786742 0.14226455894891435 0.11614366882909205 0.11346602464779341 -0.021767330094238684 -0.049029664103410447 0.16688120893546232 -0.015217062991948284 0.0069379014536740105 -0.010255878940322007 0.1115030569756309 -0.022755946640386205 0.095933829816848115 -0.044593479908083489 0.16346924145997679 0.13970945018086955 0.11644182026047781 0.067266787732167641 0.096907982309385909 0.019208444298453156 0.028267419221595081 0.012641914546792678 -0.031498826241349885 0.031514340528535294 0.0098089240278199687
leaf_weight=5.8936620848253352 3.2224623234942573 10.67280732188374 0.9906590823084106 19.269566277042045 2.3283798908814788 2.4006080543622383 6.9990952275693408 6.9868073370307675 3.4091293951496473 0.74796769395470608 275.04400459025055 1.2794789122417562 1.8255345337092874 0.74064686987549055 1.2659689644351595 3.3328815130516887 0.79073508363217004 86.861506208777428 7.0952852265909305 5.2097732536494732 3.2113484889268875 0.48962528817355633 0.6490583987906583 1.9053532900288699 1.0927091082558043 0.26493440289050241 0.58806674182414909 1.6579798003658646 0.83127459604293097 0.64890915900468726
leaf_count=543 81 439 48 1762 182 37 53 40 19 47 29279 39 141 36 38 41 49 349 458 35 18 15 14 35 37 15 38 171 77 39
internal_value=0 -0.0301423 -0.0412352 -0.0431641 0.0202992 0.0781749 0.0752474 0.0525905 0.0245747 0.139626 -0.0457619 -0.0139684 0.0821936 0.174032 -0.000537488 0.0809403 -0.0309192 0.0895822 0.0567716 0.117182 0.0627536 0.0581947 -0.0199207 0.0619258 -0.0296231 -0.0390526 -0.0485104 -0.0486849 -0.00745484 -0.0412565
internal_weight=0 352.106 319.125 314.801 12.1113 6.2176 32.9809 25.9818 18.995 3.88922 302.69 24.5688 3.10501 3.14125 15.5859 4.32354 21.4638 105.6 18.7389 11.6436 6.43381 1.28036 12.4146 3.17132 11.7655 20.1834 278.121 277.533 2.48925 19.9185
internal_count=34175 33234 32559 32470 845 302 675 622 582 120 31625 2060 180 73 563 89 1880 941 592 134 99 64 490 73 476 1816 29565 29527 248 1801
is_linear=0
shrinkage=0.05


Tree=12
num_leaves=31
num_cat=0
split_feature=22 2 5 15 33 21 2 36 30 14 32 18 21 32 18 15 14 32 37 2 36 2 15 38 15 15 14 42 14 18
split_gain=423.709 151.47 42.3876 22.0586 24.6165 15.0811 18.3051 8.8974 8.72209 12.9695 9.03633 6.69653 15.2521 5.3405 4.8349 15.3359 4.74638 4.19054 3.99102 4.71727 3.89144 12.1427 6.70398 3.85016 3.32685 3.06655 2.92863 2.1275 1.86181 1.44731
threshold=1.0000000180025095e-35 3.973382124839397 1.0000000180025095e-35 758.50000000000011 1.0000000180025095e-35 5.2896122685185194 19.249882541093541 13.15 5.5000000000000009 72604.070000000022 0.28991596638655465 1.0000000180025095e-35 6.4998206018518525 0.082207207207207214 1.0000000180025095e-35 1956.5000000000002 46722.220000000016 0.065591397849462371 37.850000000000001 2.4342906506319317 60.050000000000004 1.3700010445788116 691.50000000000011 1.6054870504147896 19630.500000000004 93744.500000000015 552762.34500000009 1.0000000180025095e-35 635824.20000000019 1.0000000180025095e-35
decision_type=2 2 2 2 2 2 2 2 2 2 2 2 2 2 2 2 2 2 2 2 2 2 2 2 2 2 2 2 2 2
left_child=1 2 3 4 11 6 26 -7 9 -5 -11 13 -13 28 15 -9 -15 -4 19 -2 -20 22 -22 25 -8 -17 -3 -10 -1 -23
right_child=18 5 17 8 -6 7 24 14 27 10 -12 12 -14 16 -16 23 -18 -19 20 -21 21 29 -24 -25 -26 -27 -28 -29 -30 -31
leaf_value=-0.040626123470926007 -0.030820246365491577 -0.04486740169879716 0.019091636304990264 -0.03081472460799807 0.1059877667293978 -0.025570144897364606 0.093499015485983342 0.12166880731852846 -0.048935277751633664 0.15633319741454105 -0.022120001661765573 -0.024879811645692251 0.15845923676672508 -0.026216577621840709 0.14006776258695242 -0.039460381034500447 0.089879531881962585 0.12634595111950028 0.092199684188491726 0.062370411223436284 0.053742357190544793 0.037830153820659247 -0.041829656801561886 0.060405035107690089 0.012445761713139044 0.043650555396745873 0.035126229030740294 0.029486947522702169 0.032550513256340591 0.097540587870125331
leaf_weight=19.261839143000557 1.5441022943705314 5.563745445571838 1.7230412457138289 6.5781291797757131 3.5829080063849679 0.9982841163873698 5.5490389987826347 5.7106149410828966 261.83124614320695 0.92444208171218611 0.77772077731788158 2.8845125511288638 0.66923251468688238 1.0667165080085386 7.6480080941691986 3.2713406858965759 0.77942939195781935 2.8985510943457484 84.544582913629711 2.2173477746546268 2.1275944048538831 3.2062520654872033 3.4434791374951601 1.124131225980818 1.9926465228199957 0.59190957993268956 0.61301793158054341 0.25572276674210925 0.19761749636381765 8.4518511444330215
leaf_count=1949 114 198 53 581 33 62 42 50 29180 26 73 216 23 80 39 184 40 17 501 19 18 69 166 35 25 34 3 21 8 39
internal_value=0 -0.0292133 -0.0403275 -0.0427655 -0.000843458 0.0709769 0.0279741 0.0985992 -0.0471563 0.00301855 0.0967858 -0.0197439 0.0368618 -0.030415 0.106328 0.0722961 0.0371562 0.0968682 0.0851617 0.0256765 0.087089 0.0583283 -0.00270655 0.00488481 0.0760476 -0.0203693 -0.0331401 -0.048747 -0.0383283 0.0854048
internal_weight=0 336.494 303.431 298.81 28.4423 33.0627 13.7184 19.3443 270.367 8.28029 1.70216 24.8593 3.55375 21.3056 18.346 10.698 1.84615 4.62159 105.535 3.76145 101.774 17.2292 5.57107 4.98738 7.54169 3.86325 6.17676 262.087 19.4595 11.6581
internal_count=33898 32972 32300 32230 2349 672 268 404 29881 680 99 2316 239 2077 342 303 120 70 926 133 793 292 184 253 67 218 201 29201 1957 108
is_linear=0
shrinkage=0.05


Tree=13
num_leaves=31
num_cat=0
split_feature=22 3 6 15 15 14 23 19 21 44 23 18 39 2 21 6 30 3 3 17 23 10 42 6 19 15 14 0 3 12
split_gain=386.764 160.17 32.0654 33.9434 32.4427 19.7104 17.2498 18.8644 15.977 14.0927 8.09025 41.3953 8.63381 15.2272 7.80158 25.9173 5.45246 9.06307 3.52123 3.19571 3.10788 2.80162 1.88497 1.86546 1.67298 1.92828 1.65409 1.6359 1.54805 1.33495
threshold=1.0000000180025095e-35 2.8025866982932452 1.5000000000000002 614.00000000000011 182.50000000000003 29174.240000000002 14.849513888888891 21.025092592592596 5.5592071759259269 1.0000000180025095e-35 1.0000000180025095e-35 1.0000000180025095e-35 1.0000000180025095e-35 2.3483981836115562 9.0012500000000006 1.0000000180025095e-35 6.5000000000000009 -2.439985648015996 1.2612405391485977 10.500000000000002 15.265763888888889 1182.4250000000004 1.0000000180025095e-35 1.0000000180025095e-35 0.027800925925925927 482.50000000000006 300907.25500000006 23218.055000000004 4.641437745208993 8952.8150000000023
decision_type=2 2 2 2 2 2 2 2 2 2 2 2 2 2 2 2 2 2 2 2 2 2 2 2 2 2 2 2 2 2
left_child=1 2 3 4 18 24 -7 8 -8 16 11 27 13 -13 15 20 17 -5 -1 -19 28 -9 23 -18 25 -6 -25 -2 -3 -20
right_child=10 14 -4 9 5 6 7 21 -10 -11 -12 12 -14 -15 -16 -17 22 19 29 -21 -22 -23 -24 26 -26 -27 -28 -29 -30 -31
leaf_value=-0.047153637496182427 -0.044808086311257656 -0.014176029334489561 0.09002932134580266 0.10018385054866877 -0.022287443930931839 -0.01808583337534651 -0.020192129117175169 0.053080871515225385 0.21449745038781637 0.10947164004702292 0.088291709471334689 -0.028756637840881245 0.13642289438631938 0.11433850621904561 0.10724360933010467 0.1149900247601081 -0.049260781773094876 -0.035158418250219203 -0.015256134770810803 0.044704841674227447 -0.043267925481888653 -0.029466642239536614 0.023742116236948562 -0.034796293325768141 -0.038102388685716998 0.05855518967443555 0.019638151858345942 0.024648576120912855 0.042862852644848543 0.061812073059538869
leaf_weight=12.84061068855226 7.409502645023168 1.5838463697582501 3.8298207884654394 0.64887801557779212 0.77515740320086368 2.0344579163938743 0.65538580901920784 0.84146653767675195 4.1385629093274474 0.53253757953643699 85.638554528355598 3.1166840605437756 7.0396282821893692 2.6814319789409637 15.466013229452072 6.2489604912698269 253.30065224971622 8.6824346920475328 0.42882380262017328 0.57114092912525016 3.894081343896687 1.3702065749093888 0.35093483421951432 1.9443093389272683 2.9784905053675175 0.37777379620820284 1.7608683342114089 0.31543455738574255 1.4634502846747637 0.32767517399042845
leaf_count=1289 494 47 74 26 51 144 44 30 106 4 349 53 34 16 125 40 29482 757 30 25 72 127 25 133 276 26 120 12 15 11
internal_value=0 -0.0281972 -0.0391016 -0.0410795 0.0122067 0.0657184 0.103765 0.13699 0.184465 -0.0464316 0.0811969 0.0489247 0.101125 0.0445046 0.0828368 0.0486784 -0.0471492 -0.00962999 -0.0405811 -0.02635 -0.0179811 0.0086885 -0.0485499 -0.0487403 -0.0215297 0.0190959 -0.010251 -0.0394719 0.017039 0.0343114
internal_weight=0 327.047 298.39 294.56 26.7686 13.1715 9.04008 7.00562 4.79395 267.792 106.201 20.5627 12.8377 5.79812 28.6564 13.1903 267.259 9.90245 13.5971 9.25358 6.94138 2.21167 257.357 257.006 4.13142 1.15293 3.70518 7.72494 3.0473 0.756499
internal_count=34037 33079 32780 32706 2134 804 451 307 150 30572 958 609 103 69 299 174 30568 808 1330 782 134 157 29760 29735 353 77 253 506 62 41
is_linear=0
shrinkage=0.05


Tree=14
num_leaves=31
num_cat=0
split_feature=22 2 19 15 15 32 21 5 18 21 32 23 19 33 5 37 13 2 15 30 32 32 4 13 30 12 12 42 37 37
split_gain=354.793 137.779 41.7555 21.5927 19.5095 23.6093 18.0762 43.0316 11.2633 19.5086 10.6125 8.68811 32.5538 8.37846 8.22771 6.81651 3.99337 3.77242 3.65966 3.33538 3.50628 7.71433 2.34365 3.70375 2.1717 2.02488 2.40583 1.94049 1.91848 1.79328
threshold=1.0000000180025095e-35 2.7962566456686622 0.027800925925925927 758.50000000000011 691.50000000000011 0.077935222672064791 3.8986342592592598 1.0000000180025095e-35 1.0000000180025095e-35 5.5592071759259269 0.23303167420814483 1.0000000180025095e-35 0.027800925925925927 1.0000000180025095e-35 1.0000000180025095e-35 174.75000000000003 17.500000000000004 3.7461379636806407 614.00000000000011 6.5000000000000009 0.19139194139194141 0.039607843137254913 1.0000000180025095e-35 18.500000000000004 1.5000000000000002 50008.92500000001 60076.935000000005 1.0000000180025095e-35 172.75000000000003 666.85000000000014
decision_type=2 2 2 2 2 2 2 2 2 2 2 2 2 2 2 2 2 2 2 2 2 2 2 2 2 2 2 2 2 2
left_child=1 4 6 -4 5 8 7 18 25 -10 16 12 13 15 19 17 -7 -2 -3 20 21 24 -5 -24 28 29 -27 -21 -6 -1
right_child=11 2 3 22 14 10 -8 -9 9 -11 -12 -13 -14 -15 -16 -17 -18 -19 -20 27 -22 -23 23 -25 -26 26 -28 -29 -30 -31
leaf_value=-0.045656338300263694 -0.039052373356021977 0.046024317404131064 0.093447826809871834 -0.043337327848531428 -0.019117941292899735 0.029828599740672753 0.13093818878729002 0.11501458822089616 -0.035552968629255659 0.16414200421221853 -0.026268852403570277 0.084929378503729031 -0.043965006579243342 0.12315558325604681 0.053539536822229283 0.081329358331725388 0.16530802653767576 0.048670242223943394 -0.041789692584156629 -0.049322937720081089 -0.041696106711168884 0.11061262317318321 -0.034521771331930337 0.04884870039576672 -0.037698680185366873 0.060950841283258506 -0.026154623361924478 0.024476362772309454 0.06814851553736602 0.026481977725905055
leaf_weight=17.273138379678144 2.5920487865805648 0.52915960550308661 3.128450469113889 12.670615500770511 0.59803382586687659 1.3188544595614069 11.623781092464922 9.8328929450362921 2.3169448645785446 1.0720405327156184 1.0666242558509109 84.143559783697128 6.4051618333905926 6.7608882980421185 1.234150057658552 3.1647419761866331 1.9000244252383707 0.88891228288412083 8.0155030088499171 228.51583981886506 4.7336093783378601 0.54316330607980479 2.0525163225829597 1.3656927365809677 2.8340459251776338 0.34868532046675582 1.0110140303149817 0.33936639130115409 0.26492354460060596 0.28497407119721074
leaf_count=1742 71 11 67 1272 39 46 71 54 182 25 77 347 441 37 23 25 24 6 384 28111 492 17 121 27 196 29 74 27 15 14
internal_value=0 -0.0284399 0.047712 -0.00971795 -0.0426747 -0.00196397 0.0836254 0.0484872 -0.0235325 0.0506226 0.0935157 0.0776691 0.0442346 0.0864999 -0.0471762 0.0379784 0.130026 -0.0107888 -0.0320993 -0.0479208 -0.0157676 0.0156114 -0.0340729 0.00230472 -0.0189242 -0.0386915 0.0125466 -0.0491075 0.0298727 -0.0431216
internal_weight=0 314.874 49.2186 19.2173 265.655 26.5923 30.0013 18.3776 22.3068 3.38899 4.2855 103.955 19.8118 13.4066 239.063 6.6457 3.21888 3.48096 8.54466 237.829 8.97378 4.24017 16.0888 3.41821 3.697 18.9178 1.3597 228.855 0.862957 17.5581
internal_count=34067 33140 2007 1487 31133 2213 520 449 2066 207 147 927 580 139 28920 102 70 77 395 28897 759 267 1420 148 250 1859 103 28138 54 1756
is_linear=0
shrinkage=0.05


Tree=15
num_leaves=31
num_cat=0
split_feature=18 24 21 0 5 3 15 15 36 36 14 15 23 2 23 19 0 15 2 23 2 24 30 3 0 14 44 3 10 9
split_gain=237.64 130.302 66.5429 74.2122 90.8948 41.157 22.1286 15.0707 15.2204 17.1389 8.43833 7.45995 7.27569 8.73658 7.17311 8.25683 5.24598 5.05702 4.5375 3.05623 2.37125 1.82685 1.72378 3.06363 1.68731 1.5113 1.24619 1.20767 0.88348 0.816956
threshold=1.0000000180025095e-35 1.5000000000000002 5.2896122685185194 106.38000000000001 1.0000000180025095e-35 2.8025866982932452 758.50000000000011 182.50000000000003 58.850000000000001 16.450000000000003 19480.010000000006 2773.5000000000005 15.024895833333336 8.8199967649303783 19.219704861111115 20.137048611111116 1021.215 829.50000000000011 2.7962566456686622 1.0000000180025095e-35 0.68715316242706626 2.5000000000000004 6.5000000000000009 -2.1014494415733505 35003.370000000003 41821.270000000011 1.0000000180025095e-35 1.2612405391485977 7795.045000000001 1.0000000180025095e-35
decision_type=2 2 2 2 2 2 2 2 2 2 2 2 2 2 2 2 2 2 2 2 2 2 2 2 2 2 2 2 2 2
left_child=1 5 3 -2 17 6 7 27 9 -9 21 -7 19 16 20 -16 -14 18 28 -4 -11 -3 23 -8 -10 -13 -24 -1 -5 -25
right_child=2 10 12 4 -6 11 22 8 24 14 -12 25 13 -15 15 -17 -18 -19 -20 -21 -22 -23 26 29 -26 -27 -28 -29 -30 -31
leaf_value=-0.043828174067593983 0.08460562741552137 -0.02595034589886934 0.12548643010832328 -0.036917263359282436 0.11197133849968398 0.088502846213154074 0.039668045431564658 -0.036369876506845429 -0.0422469171422101 0.049333232777374732 0.079201576685776376 -0.031429283657270171 0.054073836052022234 0.085271570883216768 0.1698442690254367 0.027196119283237431 0.23197940541198292 -0.04661914683630345 0.058124642649357183 0.072795688550917281 -0.026076686866424073 0.037314263197190861 -0.049052154178714079 -0.037717943295345085 0.029727287722709519 0.023563544439268797 0.017548825757242825 0.013134476618299249 0.010347676463100986 0.0088187794105690914
leaf_weight=11.181465202011168 37.707930399104953 2.3959434377029569 6.6107850810512927 2.6121566230431195 11.649976763874291 6.1746278284117562 0.88467818778008211 2.527586190029977 4.7307715183123937 1.3172612339258196 26.77966227196157 1.4380057724192741 1.2782516162842492 5.825680285692215 3.2110368488356471 1.9197412328794596 3.5239556487649679 37.229699527844787 1.5530940154567359 19.800153885502368 1.0471662729978559 0.73331069946289051 204.24959954572842 6.6728301309049112 0.22773811500519503 1.5797990104183552 0.24607406556606193 0.57313728146255094 0.85835858900099982 0.69309845753014077
leaf_count=1163 168 269 36 212 57 38 25 238 420 41 275 49 33 24 45 116 57 3813 13 250 94 3 25698 580 5 37 1 36 30 71
internal_value=0 -0.0266163 0.0552818 0.0317822 -0.00603834 -0.038523 -0.0425701 0.000303713 0.0326414 0.0659781 0.0704245 0.060745 0.111042 0.150904 0.100711 0.129613 0.202106 -0.0404122 0.00569035 0.0900813 0.0181115 -0.00567868 -0.0479343 -0.0215889 -0.034507 -0.00394135 -0.048887 -0.0402387 -0.0255275 -0.0328083
internal_weight=0 278.584 128.65 91.6112 53.9033 248.675 239.482 26.7359 14.9813 10.0228 29.9089 9.19243 37.0388 10.6279 7.49521 5.13078 4.80221 42.2533 5.02361 26.4109 2.36443 3.12925 212.746 8.25061 4.95851 3.0178 204.496 11.7546 3.47052 7.36593
internal_count=33897 29204 4693 4293 4125 28657 28533 2158 959 534 547 124 400 114 296 161 90 4068 255 286 135 272 26375 676 425 86 25699 1199 242 651
is_linear=0
shrinkage=0.05


Tree=16
num_leaves=31
num_cat=0
split_feature=19 24 37 17 15 36 0 15 2 36 2 39 2 15 14 14 15 17 2 15 9 14 37 14 36 37 38 0 41 15
split_gain=183.645 127.504 60.9726 48.3604 31.8405 21.804 20.8513 20.5127 15.3124 13.5301 10.539 10.5063 37.7149 13.0199 10.2709 7.2849 4.27553 3.62897 2.6723 2.66149 2.58351 2.22984 2.09928 6.76467 1.94686 1.81446 1.7682 1.75355 1.72604 1.55421
threshold=0.027800925925925927 2.5000000000000004 37.850000000000001 3.5000000000000004 758.50000000000011 58.850000000000001 29395.065000000006 182.50000000000003 4.3173928839014559 15.850000000000003 19.249882541093541 1.0000000180025095e-35 1.7310960094860863 614.00000000000011 32707.424999999999 144542.26500000004 182.50000000000003 13.500000000000002 8.8199967649303783 91545.500000000015 2.5000000000000004 139749.715 317.35000000000008 18591.48 46.150000000000013 666.85000000000014 2.9674897060337968 60.735000000000007 1.0000000180025095e-35 165.50000000000003
decision_type=2 2 2 2 2 2 2 2 2 2 2 2 2 2 2 2 2 2 2 2 2 2 2 2 2 2 2 2 2 2
left_child=2 4 6 8 5 7 -1 18 27 -9 17 12 13 16 -11 -15 -5 28 -2 22 21 -19 23 26 -17 -21 -14 -4 -6 -13
right_child=1 -3 3 11 10 -7 -8 9 -10 14 -12 29 19 15 -16 24 -18 20 -20 25 -22 -23 -24 -25 -26 -27 -28 -29 -30 -31
leaf_value=-0.048136255816905338 -0.037925180679124593 0.081488264556349457 0.02694017875520803 -0.023024453129339609 -0.048029648663526492 -0.046013240002152983 0.065842879389982512 -0.032250436064929458 0.05689017246157544 -0.011020134087684774 0.070691155433462077 0.07603966189084925 -0.024863919067941335 -0.044532000380878949 0.12303519235208603 0.064794562892989946 0.078721415590226496 -0.039698066067393151 0.039852202859328625 -0.01001518759305199 0.057222315704587093 0.015106659518986286 0.10612844605911059 0.077607308271875342 -0.010047178344941957 0.052294187402808612 0.042700108417560931 -0.047342352706287089 0.020822443709216463 0.10911773735720348
leaf_weight=20.727184132207189 5.6160757439211073 23.607917085289955 0.22447881102562206 0.82500439696014183 188.44979815464467 9.5177768878638727 4.0080587663687757 1.7444376284256566 4.09643062762916 1.5082353698089708 1.0897725224494923 33.981760430149734 2.1872762911953063 11.793852001894264 8.1618018411099893 1.3823940716683858 3.8759026080369949 3.6973969847895196 0.48126053810119618 1.6501503754407159 0.32602624688297499 2.3727398184128106 12.457776155322788 23.41872051358223 0.99733485328033555 1.5680912435054779 0.40134815871715535 13.254807346500455 0.39945187279954453 13.86887777270749
leaf_count=2624 557 98 1 79 24303 999 63 169 51 139 5 150 147 1359 172 46 56 479 2 52 8 230 84 335 95 7 2 1548 38 111
internal_value=0 -0.0267832 0.0430562 0.0570825 -0.0385388 0.0119599 -0.0278264 0.0442522 -0.0189458 0.0814431 -0.0455164 0.0694691 0.0539013 -0.00471051 0.103053 -0.0286971 0.0599586 -0.0465219 -0.0270361 0.0799297 -0.00806478 -0.0191689 0.0837173 0.06945 0.0397365 0.0255449 -0.00540889 -0.0443301 -0.0477751 0.0876644
internal_weight=0 246.973 150.719 125.984 223.365 27.0296 24.7352 17.5118 17.5757 11.4145 196.335 108.408 60.5579 18.8745 9.67004 14.1736 4.70091 195.245 6.09734 41.6834 6.39616 6.07014 38.4651 26.0073 2.37973 3.21824 2.58862 13.4793 188.849 47.8506
internal_count=34009 27199 6810 4123 27101 2038 2687 1039 1600 480 25063 2523 2262 1635 311 1500 135 25058 559 627 717 709 568 484 141 59 149 1549 24341 261
is_linear=0
shrinkage=0.05


Tree=17
num_leaves=31
num_cat=0
split_feature=22 3 6 30 33 37 36 37 32 13 19 32 35 12 21 3 36 3 39 37 38 36 12 19 38 6 3 18 37 19
split_gain=299.901 112.171 24.1515 15.9185 13.6875 11.7201 8.74353 8.28268 4.89349 7.84403 5.48764 5.64643 4.38049 3.80691 11.5895 4.21065 3.33023 10.5177 4.48928 3.60434 2.19376 2.15744 1.61846 2.56751 4.55421 1.4667 1.34933 3.47482 3.26913 1.02861
threshold=1.0000000180025095e-35 2.8025866982932452 1.5000000000000002 6.5000000000000009 1.0000000180025095e-35 994.05000000000007 57.850000000000001 66.250000000000014 0.082207207207207214 17.500000000000004 21.109311342592594 0.27636363636363642 1.0000000180025095e-35 44951.905000000006 5.8525000000000009 4.641437745208993 60.050000000000004 0.99764377980570973 1.0000000180025095e-35 37.850000000000001 0.056812554082939691 22.550000000000004 50008.92500000001 0.027800925925925927 0.30600685713706371 2.5000000000000004 1.5319487877656324 1.0000000180025095e-35 262.55000000000007 1.0000000180025095e-35
decision_type=2 2 2 2 2 2 2 2 2 2 2 2 2 2 2 2 2 2 2 2 2 2 2 2 2 2 2 2 2 2
left_child=1 2 3 4 -1 8 7 -6 12 -10 11 21 22 14 15 -3 19 18 -18 -2 -16 -11 26 24 -24 -4 -5 -28 -29 -7
right_child=16 13 25 5 6 29 -8 -9 9 10 -12 -13 -14 -15 20 -17 17 -19 -20 -21 -22 -23 23 -25 -26 -27 27 28 -30 -31
leaf_value=-0.042222593701519644 0.01761606728983468 -0.040337013306644742 0.010265203038683248 -0.048927239358639255 -0.025135939687514902 0.092299529071761449 -0.030887070926640694 0.11302790943427539 -0.038780694531851206 -0.0085594312710707606 -0.028332650361158552 -0.021292961896606979 0.049832917277793085 0.091008517727175955 0.003650001801305776 0.027136924348211945 -0.035983326047133272 0.074357752843582661 0.040567883733955604 0.077889936336743751 0.079346246426416731 0.12627709414536539 -0.032522299621993489 -0.037727258196090713 0.06697444777862685 0.082468302385435066 -0.039628916323693468 -0.017439054141240157 0.073509034612139701 0.0073773309008497217
leaf_weight=5.1057091639377159 3.2508801324293009 3.2051257006824079 1.2288709925487626 199.47863543080166 0.97460193745791901 0.67741250433027633 1.5619403701275585 4.0878733731806278 7.6331953709013742 0.20016394276172 1.2800616840831933 0.72672178922221053 0.41226959228515525 9.0280598457902652 1.1410578731447447 4.1487341849133372 3.8836191566661027 9.9963972410187107 2.1689916094765067 82.754193081520498 11.885768523439763 1.4296497516334055 1.6402653213590368 6.8159505208022892 1.0910666612908242 3.1153553929179907 12.81694139074534 1.8920768266543739 0.57972307549789537 0.69273839518427849
leaf_count=571 140 93 48 27593 71 7 132 94 1019 19 164 87 2 45 20 47 208 74 16 509 98 54 175 856 63 32 1530 172 26 46
internal_value=0 -0.0280768 -0.0388404 -0.0409635 0.0148081 -0.0437702 0.0585366 0.0866706 -0.0447292 -0.0113802 0.0420932 0.0773921 -0.0463438 0.0629092 0.0467876 -0.00357935 0.0715061 0.0451931 -0.00668824 0.0758403 0.0734487 0.112759 -0.046741 -0.0228205 0.0145204 0.0677865 -0.0476936 -0.0295825 0.0189207 0.0705914
internal_weight=0 282.85 253.441 249.097 11.7301 237.367 6.62442 5.06248 235.997 11.2698 3.6366 2.35654 224.727 29.4087 20.3807 7.35386 102.054 16.049 6.05261 86.0051 13.0268 1.62981 224.315 9.54728 2.73133 4.34423 214.767 15.2887 2.4718 1.37015
internal_count=34011 33064 32761 32681 868 31813 297 165 31760 1343 324 160 30417 303 258 140 947 298 224 649 118 73 30415 1094 238 80 29321 1728 198 53
is_linear=0
shrinkage=0.05


Tree=18
num_leaves=31
num_cat=0
split_feature=22 2 30 19 15 32 21 5 14 23 18 17 15 32 19 0 17 14 33 2 15 36 37 14 38 37 5 42 3 37
split_gain=255.54 124.844 23.2574 19.9034 17.381 16.4182 13.28 33.9118 12.8526 10.0659 24.6921 8.71479 8.19173 11.5959 6.0473 5.87734 5.30226 4.67098 4.57908 6.61074 4.50819 3.70494 8.26645 4.99895 3.38099 3.13952 2.77206 1.98705 1.86946 1.65789
threshold=1.0000000180025095e-35 2.7962566456686622 6.5000000000000009 0.027800925925925927 758.50000000000011 0.22474747474747478 5.8525000000000009 1.0000000180025095e-35 30499.280000000002 1.0000000180025095e-35 1.0000000180025095e-35 9.5000000000000018 758.50000000000011 0.096006144393241177 0.027800925925925927 2972.6150000000002 7.5000000000000009 46722.220000000016 1.0000000180025095e-35 5.7313164596176085 47925.500000000007 54.550000000000004 62.95000000000001 13540.130000000003 1.5463336143265562 264.85000000000008 1.0000000180025095e-35 1.0000000180025095e-35 4.641437745208993 666.85000000000014
decision_type=2 2 2 2 2 2 2 2 2 2 2 2 2 2 2 2 2 2 2 2 2 2 2 2 2 2 2 2 2 2
left_child=1 2 5 6 16 8 7 24 -1 10 -2 -6 13 14 21 -10 -5 -15 19 25 28 22 -4 -24 -3 -12 27 -14 -13 -16
right_child=9 3 12 4 11 -7 -8 -9 15 -11 18 20 26 17 29 -17 -18 -19 -20 -21 -22 -23 23 -25 -26 -27 -28 -29 -30 -31
leaf_value=-0.032422279734613993 -0.043785528813353354 -0.047127633320949304 -0.030364198572998026 -0.00636141116433259 -0.042849528932988712 -0.041661718173106439 0.10425767080277837 0.090451012308475146 0.13092535459817858 0.076057235604185258 -0.030483015661617527 -0.031019619471366756 -0.049287299980707008 -0.019616963619533696 -0.044811498521279067 0.0065954958545149534 0.12322266363319079 0.10920641302292329 0.096084078289110128 0.092185935776711581 0.097183338118609019 -0.031294031565571388 -0.016046139611022272 0.13636530289777446 0.034947087174293068 0.041207094770211512 0.019936550296996199 0.025739533921958963 0.039932465344613879 0.024449898676844321
leaf_weight=1.790356270968912 6.273672368377448 7.536515248939395 1.4902301905676787 0.92401696089655461 11.324933694675563 4.6836401517502964 13.472190926782785 11.446859989315271 3.8579462799243629 78.932391285896301 3.1176609247922897 1.5278799575753508 188.73252405365929 0.6171289430931205 15.755835349205881 1.3188485838472841 2.1861819848418236 1.4211480142548678 7.157842006534338 1.7998502552509306 0.96823409292846907 1.596258020494133 0.46464728750288475 1.1107285176403818 0.72822765633463848 1.4360081553459165 0.97085306793451209 0.31634398922324081 0.48246735334396351 0.30821929126977998
leaf_count=179 478 379 145 36 1226 537 71 57 68 350 48 139 27959 47 1816 56 32 33 33 8 48 137 47 41 21 13 19 26 2 15
internal_value=0 -0.0254166 -0.0413995 0.0449067 0.00132059 0.025616 0.0670715 0.0378494 0.0703956 0.0679697 0.0335975 -0.0232661 -0.0451715 -0.0159366 -0.0281416 0.105447 0.0925431 0.0765834 0.0700698 0.0316813 0.0432476 0.0189808 0.0464173 0.102637 -0.0369043 -0.00452636 -0.0485721 -0.049027 -0.00638308 -0.0421276
internal_weight=0 275.032 224.435 50.5975 17.4137 11.6508 33.1838 19.7116 6.96715 98.7174 19.785 14.3035 212.784 22.7642 20.7259 5.17679 3.1102 2.03828 13.5114 6.35352 2.97858 4.66186 3.06561 1.57538 8.26474 4.55367 190.02 189.049 2.01035 16.0641
internal_count=34066 33136 31125 2011 1483 840 528 457 303 930 580 1415 30285 2281 2201 124 68 80 102 69 189 370 233 88 400 61 28004 27985 141 1831
is_linear=0
shrinkage=0.05


Tree=19
num_leaves=31
num_cat=0
split_feature=22 2 30 19 10 33 23 14 1 32 17 19 17 21 5 1 23 19 12 14 18 3 10 37 36 33 37 2 14 36
split_gain=242.442 116.122 21.9786 16.8834 14.8553 14.5911 11.8054 9.89833 6.8714 6.57332 10.6103 8.20743 6.00122 5.91281 31.1634 5.59956 5.30748 24.857 4.02233 3.7178 3.22613 10.1536 5.86933 3.9895 3.15972 2.92577 5.33229 3.51302 2.79285 2.65995
threshold=1.0000000180025095e-35 2.9272750312602089 6.5000000000000009 0.027800925925925927 3718.7350000000001 1.0000000180025095e-35 7.885422453703705 30499.280000000002 7.6692688014643133 0.082207207207207214 8.5000000000000018 21.025092592592596 9.5000000000000018 3.8986342592592598 1.0000000180025095e-35 9.9733211690465318 1.0000000180025095e-35 0.078894675925925931 5747.6200000000008 148642.81500000009 1.0000000180025095e-35 0.80203339531218354 1835.9400000000003 480.25000000000006 53.95000000000001 1.0000000180025095e-35 213.35000000000005 4.3173928839014559 300907.25500000006 17.550000000000004
decision_type=2 2 2 2 2 2 2 2 2 2 2 2 2 2 2 2 2 2 2 2 2 2 2 2 2 2 2 2 2 2
left_child=1 2 5 6 12 -1 -3 -7 -9 20 -11 18 -5 14 -8 -6 17 25 -12 -20 -4 -22 23 28 29 26 27 -2 -23 -14
right_child=16 3 9 4 15 7 13 8 -10 10 11 -13 24 -15 -16 -17 -18 -19 19 -21 21 22 -24 -25 -26 -27 -28 -29 -30 -31
leaf_value=-0.04106905004495652 -0.022374847141436494 -0.036782260358133111 -0.048896974780580034 -0.041938839990265667 0.11000242452552032 -0.030837298044390504 -0.034385166550374817 0.12664132281197674 0.0089842087798826867 -0.038219173683783636 -0.01426036294623159 -0.028543900273883684 -0.015417328567764163 0.095296530237650778 0.096604826217430398 -0.0093234547076179852 0.073557090221295404 -0.043077408231926378 0.15888789012801791 0.005782128262873212 -0.043810909357243702 -0.039913463786508056 0.089614083760008276 0.078711889867751628 -0.023893113717365248 0.096038897776484028 0.082942144098156714 0.056413370368840067 0.039874539601387496 0.093635318785209615
leaf_weight=4.3839188469573838 3.3850429551675933 2.1594369998201719 167.36261469125748 10.075251880101861 2.4802115373313423 1.5665818406268952 6.7514362614601895 3.6487797778099775 1.914077623747289 7.2096994309686107 0.38826539786532599 1.2990968008525667 0.43146198661997848 14.276846166700123 10.694606710225344 1.1662699710577724 76.805202215909958 5.6356132179498664 1.0796353081241248 0.58633417263627041 21.735292102210227 3.6881233626045278 1.411802857648581 0.16355451848357905 0.87326896283775557 7.548610239289701 3.197433665394783 1.0926654711365698 0.5615759128704666 0.99816314550116658
leaf_count=539 75 134 25497 1052 31 159 244 47 70 1030 44 166 37 72 46 41 349 447 27 36 3147 511 62 12 80 35 19 6 7 38
internal_value=0 -0.0245208 -0.0403237 0.0436338 0.00108211 0.0251451 0.0631506 0.0659039 0.0936952 -0.044096 -0.00515341 0.0583872 -0.0257294 0.0708694 0.0467971 0.078045 0.0671605 0.0413204 0.104708 0.127384 -0.0461692 -0.0284727 0.0267932 -0.00614539 0.0364139 0.0732927 0.0424297 0.00364014 -0.0237827 0.0679238
internal_weight=0 266.906 216.999 49.907 16.0246 11.5134 33.8823 7.12944 5.56286 205.486 10.563 3.35333 12.3781 31.7229 17.446 3.64648 97.6646 20.8594 2.05423 1.66597 194.923 27.5603 5.82506 4.41325 2.30289 15.2238 7.67514 4.47771 4.2497 1.42963
internal_count=34060 33129 31354 1775 1279 815 496 276 117 30539 1303 273 1207 362 290 72 931 582 107 63 29236 3739 592 530 155 135 100 81 518 75
is_linear=0
shrinkage=0.05


Tree=20
num_leaves=31
num_cat=0
split_feature=22 2 30 14 0 15 19 3 36 19 21 12 37 18 21 30 14 0 15 36 3 38 30 15 17 14 37 3 0 2
split_gain=216.027 104.156 23.461 13.0666 11.9646 7.70038 9.43587 7.20688 6.71425 6.44313 9.24781 8.17848 6.0948 5.53446 5.02857 3.70533 4.56808 3.28365 3.12695 4.73889 3.09446 2.95093 2.84436 2.44993 2.25966 2.43913 2.24646 8.19371 1.78136 1.69878
threshold=1.0000000180025095e-35 3.973382124839397 6.5000000000000009 30499.280000000002 35003.370000000003 758.50000000000011 0.027800925925925927 0.80203339531218354 61.750000000000007 23.137812500000006 20.097858796296297 21030.745000000003 66.250000000000014 1.0000000180025095e-35 5.2896122685185194 18.500000000000004 46722.220000000016 2886.0850000000005 55971.000000000007 52.750000000000007 3.4357288626039613 1.3873917754968101 19.500000000000004 182.50000000000003 4.5000000000000009 19286.810000000005 502.35000000000008 1.5665996026553377 10820.490000000002 1.5332945103566735
decision_type=2 2 2 2 2 2 2 2 2 2 2 2 2 2 2 2 2 2 2 2 2 2 2 2 2 2 2 2 2 2
left_child=1 2 3 -1 5 6 7 22 12 10 11 14 -5 -6 21 -8 -17 23 24 -20 -16 -3 -4 -18 25 -2 -7 -28 -12 -21
right_child=18 9 4 8 13 26 15 -9 -10 -11 28 -13 -14 -15 20 16 17 -19 19 29 -22 -23 -24 -25 -26 -27 27 -29 -30 -31
leaf_value=-0.040699469755160575 -0.020968524896527861 -0.036892121792979418 -0.027457854535153689 -0.011776402754390385 -0.03089252755233628 -0.04860818805513268 -0.046869801187893974 0.094610390037881742 -0.018388523792984626 -0.021438188759178307 0.13284869154113876 0.064809680912133558 0.099796332607622981 0.067260595276949567 -0.0073473942408191486 -0.035331354123020936 -0.012017886657768794 -0.020383927351260871 0.052122113675944361 -0.037990007042111501 0.063574889719023336 0.031617497086308587 0.05445902411025097 0.10848143787830569 0.069511408730700594 0.046551896968243217 -0.03858493246426712 0.10556512996733088 0.060366063135979656 0.021084328546054017
leaf_weight=4.1399115584790698 1.4305206192657345 5.109919838607313 3.2535503944382103 1.2693831888027469 1.5509302522987116 175.23987081227824 12.456717075780036 1.9417799413204191 1.8226667726412413 2.2903128089383236 3.5207651644013804 13.484886630438266 5.4361403090879321 2.8440923155285418 2.0752462930977345 2.1757112424820657 0.31308035226538755 0.64738775277510274 9.0516247013583762 1.844909348059445 3.3952188063412905 1.2666290225461123 0.42652863357216109 0.79643050814047456 75.786735951434821 2.4773488589562476 3.2802055408246811 0.28360779723152507 5.0986930127255619 1.2803256092593072
leaf_count=491 53 196 307 83 146 28508 1595 56 149 157 47 101 117 22 115 202 42 44 147 83 17 21 30 28 579 33 504 28 40 26
internal_value=0 -0.0254008 -0.0384703 0.025935 -0.0425526 -0.04437 -0.0155655 0.0361253 0.0591585 0.0520933 0.0575251 0.039566 0.0798879 0.033318 0.00802426 -0.0343542 0.00675434 0.0527835 0.063662 0.0352066 0.0396927 -0.0208421 -0.00835584 0.0849007 0.0675196 0.022599 -0.0478096 -0.00649615 0.100705 -0.0145444
internal_weight=0 254.12 217.878 12.6681 205.21 200.815 22.0112 5.62186 8.52819 36.2417 33.9514 25.3319 6.70552 4.39502 11.847 16.3893 3.93261 1.7569 91.8715 12.1769 5.47047 6.37655 3.68008 1.10951 79.6946 3.90787 178.804 3.56381 8.61946 3.12523
internal_count=33967 33046 32352 840 31512 31344 2304 393 349 694 537 450 200 168 349 1911 316 114 921 256 132 217 337 70 665 86 29040 532 87 109
is_linear=0
shrinkage=0.05


Tree=21
num_leaves=31
num_cat=0
split_feature=18 2 30 17 15 33 3 33 3 15 32 19 14 14 39 17 14 36 38 37 15 37 33 36 19 32 14 0 38 14
split_gain=150.745 61.6678 31.9101 28.251 16.8549 13.2586 10.9921 10.6098 9.11557 21.8884 8.85128 8.56938 7.16915 6.04384 5.41642 5.35886 4.96066 4.4869 4.34207 3.53158 3.80848 2.63557 2.63546 2.47688 2.58589 2.40634 3.92752 3.93508 2.33543 1.76881
threshold=1.0000000180025095e-35 3.973382124839397 6.5000000000000009 3.5000000000000004 758.50000000000011 1.0000000180025095e-35 2.4965913171622796 1.0000000180025095e-35 1.5665996026553377 970.50000000000011 0.065591397849462371 0.21398148148148152 30499.280000000002 300907.25500000006 1.0000000180025095e-35 5.5000000000000009 46722.220000000016 24.450000000000003 0.17778135142181586 317.35000000000008 21987.500000000004 56.750000000000007 1.0000000180025095e-35 82.65000000000002 1.7143865740740742 0.075498575498575513 61078.31500000001 3403.2600000000007 0.048384071334218487 41338.270000000011
decision_type=2 2 2 2 2 2 2 2 2 2 2 2 2 2 2 2 2 2 2 2 2 2 2 2 2 2 2 2 2 2
left_child=1 2 5 6 10 -1 22 8 9 17 11 18 -7 14 -11 -3 -12 -5 -4 20 29 -17 -2 -23 -25 -6 -27 -28 -14 -10
right_child=3 15 4 7 25 12 -8 -9 19 13 16 -13 28 -15 -16 21 -18 -19 -20 -21 -22 23 -24 24 -26 26 27 -29 -30 -31
leaf_value=-0.039789533346785477 -0.042929923274369189 -0.0035856556770647204 -0.025514782484192179 0.07325285666780891 -0.047362949851378774 -0.029419291552195182 0.053554090501600829 0.072419596249174392 0.0086471825995548326 -0.046901842854803463 -0.023890926196693609 -0.031078554799789243 0.0016281973917314783 0.053336178409395009 0.038139172142187316 -0.0040089601873965911 0.086652067924481505 0.0045975568105057754 0.072819580665439296 0.088315179781409223 -0.0064332960590792049 0.073816066236307529 0.018682341457639591 0.050850739247876448 -0.015503337476796167 -0.042394084713639035 0.053956372584270031 -0.030819107875992759 0.082429391888136846 0.06335222383166926
leaf_weight=3.7422199519351098 11.702707842923701 3.9244500813074437 1.0197524181567197 11.509344776161017 150.03494321694598 1.3960825679823763 3.6518320506438604 47.748254348989576 2.1517617055214968 11.606238607782867 0.88104425836354439 15.205823131836949 1.0298356749117363 1.3109750836156298 1.427278253715486 1.4163633799180413 2.9015954690985382 3.1116389329545191 2.6722662481479347 8.1438189917243999 3.0537395547144106 14.359492201823743 1.4348187330178923 2.334442973136901 1.9731345353648064 5.3530099662020785 2.1095368145033722 1.5782682150602338 8.7179652936756593 8.7843062514439207
leaf_count=483 1688 178 118 104 24755 151 41 551 53 1686 83 1827 27 54 41 59 46 147 58 52 95 152 118 11 84 888 124 242 99 63
internal_value=0 -0.0250577 -0.0343243 0.045166 -0.0401032 0.0343174 -0.0140935 0.0552716 0.0381657 0.0186824 0.000226651 -0.0144626 0.0604304 -0.0244663 -0.035535 0.0491804 0.0612928 0.0598713 0.0460099 0.061753 0.0414303 0.0591723 -0.0353554 0.0639263 0.0232621 -0.0458187 -0.0180275 0.0188402 0.0748387 0.0542148
internal_weight=0 220.65 196.642 115.637 181.756 14.8861 16.7894 98.8474 51.0991 28.9655 22.6805 18.8978 11.1439 14.3445 13.0335 24.0079 3.78264 14.621 3.69202 22.1336 13.9898 20.0834 13.1375 18.6671 4.30758 159.076 9.04081 3.68781 9.7478 10.9361
internal_count=34078 29385 28901 4693 28141 760 1847 2846 2295 2032 2132 2003 277 1781 1727 484 129 251 176 263 211 306 1806 247 95 26009 1254 366 126 116
is_linear=0
shrinkage=0.05


Tree=22
num_leaves=31
num_cat=0
split_feature=22 3 19 10 21 6 15 36 36 15 0 23 19 0 17 23 15 30 3 17 32 19 33 37 38 15 30 14 2 3
split_gain=186.676 101.816 16.6834 17.4967 14.5119 28.2777 12.687 10.0849 11.8208 9.44839 8.67059 6.56996 19.5389 5.01459 4.90255 4.74805 4.22718 3.53728 3.25605 3.22245 4.13948 2.6931 2.34864 2.86829 1.75091 1.40514 1.51523 1.32914 0.853921 0.77561
threshold=1.0000000180025095e-35 1.5319487877656324 0.027800925925925927 3718.7350000000001 3.8986342592592598 1.0000000180025095e-35 614.00000000000011 56.850000000000001 19.550000000000004 182.50000000000003 45425.610000000008 1.0000000180025095e-35 0.027800925925925927 21445.595000000005 9.5000000000000018 8.0583275462962991 47925.500000000007 6.5000000000000009 1.2612405391485977 8.5000000000000018 0.039607843137254913 22.971701388888892 1.0000000180025095e-35 213.35000000000005 0.50453712356409819 237.50000000000003 7.5000000000000009 10625.925000000003 19.249882541093541 3.4357288626039613
decision_type=2 2 2 2 2 2 2 2 2 2 2 2 2 2 2 2 2 2 2 2 2 2 2 2 2 2 2 2 2 2
left_child=1 6 4 14 5 25 7 8 -1 18 17 12 22 -5 -4 -11 28 19 -10 -8 -21 -17 23 24 27 -3 -27 -2 -16 -6
right_child=11 2 3 13 29 -7 10 -9 9 15 -12 -13 -14 -15 16 21 -18 -19 -20 20 -22 -23 -24 -25 -26 26 -28 -29 -30 -31
leaf_value=-0.040683917579224724 -0.02020754227757211 0.022005491658502577 -0.042606239252099727 0.10067673725619618 0.12891549697383481 0.07932062484868499 -0.029372068758280297 -0.045080690915401206 -0.036855676950273392 -0.019330867937291888 0.049290119722953309 0.068849248634872615 -0.042732238467342469 -0.0098655645248715371 -0.031686557062621898 0.11718150084783174 0.079107242964166311 -0.04838743455936298 0.05440735084182622 -0.026278743214120933 0.081394159467670049 0.012949846393278645 0.080660115871810809 0.060502466118742465 -0.033220356780059815 0.018955907265485836 -0.047146154374450841 0.042493127653902035 0.021768774665805776 0.072509786551071154
leaf_weight=4.0606638318859067 0.56340078916400926 0.33885843493044632 11.072431539651008 3.3512865472584954 4.1028911340981713 10.842486988753079 6.0745829641818991 7.8844089484773567 2.6272139181382941 0.60239039547741402 1.614757427945732 67.218826785683632 5.3643220108933738 1.1243974077515302 1.6218090075999492 4.0292110601440072 0.88380566239356984 156.97070976952091 0.37687644734978665 1.0219131042249499 0.85113893263041962 1.014873696491122 7.97841502353549 3.1023871712386608 1.3692847546190021 0.43240596773102691 7.6786973420530558 1.4665880342945454 0.24811649322509755 9.2627300918102247
leaf_count=502 19 6 1361 50 35 52 671 994 339 47 20 331 446 45 164 109 55 27910 8 45 37 64 36 21 18 22 415 36 1 42
internal_value=0 -0.0239294 0.038196 -0.000213939 0.0590881 0.0289172 -0.0409608 -0.00373811 0.0233231 0.054471 -0.0455144 0.0612261 0.0333401 0.0761759 -0.0284122 0.0879334 0.0248064 -0.0467342 -0.0146778 -0.0123224 0.0339495 0.101822 0.062462 0.0323551 -0.00124746 -0.0373073 -0.0419285 0.0241653 -0.01948 0.0975934
internal_weight=0 238.089 50.9599 18.3018 32.6581 19.2924 187.129 20.5956 12.7112 8.65057 166.533 87.0632 19.8444 4.47568 13.8262 5.64648 2.75373 164.918 3.00409 7.94764 1.87305 5.04408 14.4801 6.50166 3.39927 8.44996 8.1111 2.02999 1.86993 13.3656
internal_count=33901 32994 2248 1676 572 495 30746 2063 1069 567 28683 907 576 95 1581 220 220 28663 347 753 82 173 130 94 73 443 437 55 165 77
is_linear=0
shrinkage=0.05


Tree=23
num_leaves=31
num_cat=0
split_feature=22 3 15 19 36 37 21 5 15 23 19 33 17 15 39 3 30 17 32 6 0 12 30 17 3 32 14 13 15 33
split_gain=171.566 84.8771 17.7689 17.7155 13.2758 18.0698 12.0129 27.9504 10.0122 9.40258 15.4225 7.47015 4.88881 5.2074 4.04352 9.79079 3.48161 3.44631 3.57942 2.56293 2.51039 4.13681 2.52711 2.07395 1.53981 1.07785 0.995168 0.836808 0.796106 0.594663
threshold=1.0000000180025095e-35 1.5319487877656324 691.50000000000011 0.027800925925925927 56.850000000000001 152.85000000000005 3.8986342592592598 1.0000000180025095e-35 758.50000000000011 1.0000000180025095e-35 0.027800925925925927 1.0000000180025095e-35 9.5000000000000018 47925.500000000007 1.0000000180025095e-35 0.80203339531218354 6.5000000000000009 8.5000000000000018 0.039607843137254913 1.0000000180025095e-35 1752.0950000000003 7909.9450000000006 14.500000000000002 7.5000000000000009 -0.92562907532061811 0.087595907928388769 300907.25500000006 21.500000000000004 142099.50000000003 1.0000000180025095e-35
decision_type=2 2 2 2 2 2 2 2 2 2 2 2 2 2 2 2 2 2 2 2 2 2 2 2 2 2 2 2 2 2
left_child=1 2 4 6 5 11 7 28 23 10 14 20 29 -14 15 -2 17 24 -19 -18 -1 22 -22 -5 25 -4 -21 -15 -3 -10
right_child=9 3 16 8 -6 -7 -8 -9 12 -11 -12 -13 13 27 -16 -17 19 18 -20 26 21 -23 -24 -25 -26 -27 -28 -29 -30 -31
leaf_value=-0.042574238598843961 -0.040243865049262167 -0.046483500162662873 0.035954822532948426 -0.0078836869934989975 -0.04531032093561288 0.12279270623983006 0.091323756128320943 0.075844881484581045 -0.046293204087807363 0.067648343866784935 -0.042458118351701629 0.062885632882319964 -0.030664913666073042 0.094795786068084031 0.077444491929949399 0.070054366749184555 -0.048586244638206093 -0.024314048720804018 0.07850157360923915 -0.02604227954290772 -0.016402271155214799 -0.032779467822749285 0.086601935470904667 0.068404620733209714 -0.041447702365916737 -0.02094281389909667 0.020779290256090103 0.0076812686972309065 0.0017053118245429393 -0.0046163581585127733
leaf_weight=5.3754994706250745 2.944016622379424 6.9906247486360416 0.71958103170618393 0.88631492014974611 8.2135951006785017 2.9447095170617095 12.683728822972624 11.146574595943093 9.4784556566737557 65.736640438437462 5.1739891185425213 2.3043110817670813 1.4966118196025484 0.6744806859642265 6.8425999879837036 3.2182973735034466 147.50594682991505 0.87773341452702858 0.89181022485718131 0.98942135553806965 0.48125971015542768 1.840139109175652 0.81162940943613648 3.2299596983939409 4.5527525092475107 0.71018203999847174 1.6434194734320042 0.55906766606494784 0.88250264106318344 1.189414008054883
leaf_count=738 73 378 31 45 1062 75 73 56 1206 333 450 14 161 21 28 32 27625 40 38 122 58 211 53 44 550 91 140 38 52 161
internal_value=0 -0.024316 -0.0402005 0.0333771 0.00186184 0.0311867 0.0551221 0.0276245 -0.00683578 0.0588425 0.0251327 -0.00204371 -0.0278536 0.0252405 0.0531352 0.0190983 -0.0460285 -0.0115725 0.0371378 -0.0477192 -0.0243924 0.00955627 0.0578286 0.053648 -0.0292355 0.0107052 0.000858643 0.0764297 -0.0414986 -0.0424403
internal_weight=0 229.08 179.862 49.2177 21.9711 13.7575 31.7034 19.0197 17.5143 83.9155 18.1789 10.8128 13.398 2.73016 13.0049 6.16231 157.891 7.75206 1.76954 150.139 8.50853 3.13303 1.29289 4.11627 5.98252 1.42976 2.63284 1.23355 7.87313 10.6679
internal_count=33999 33083 30848 2235 2211 1149 559 486 1676 916 583 1074 1587 220 133 105 28637 750 78 27887 1060 322 111 89 672 122 262 59 430 1367
is_linear=0
shrinkage=0.05


Tree=24
num_leaves=31
num_cat=0
split_feature=22 2 17 19 15 32 14 23 19 5 23 14 30 2 30 14 10 39 3 19 36 3 13 36 36 36 12 30 23 13
split_gain=163.109 89.5745 13.623 14.2604 11.7371 10.8828 7.39591 6.81332 16.5107 6.74696 6.6334 5.47162 4.71008 4.35895 4.27594 3.8302 3.17202 3.04244 8.31197 2.91046 2.81566 1.79398 1.61724 1.42377 1.05775 1.87287 1.0258 0.981 1.45386 1.41616
threshold=1.0000000180025095e-35 2.7338532495338232 8.5000000000000018 0.90694444444444455 758.50000000000011 0.082207207207207214 33122.295000000006 1.0000000180025095e-35 0.027800925925925927 1.0000000180025095e-35 7.885422453703705 46722.220000000016 5.5000000000000009 1.6673853972093315 3.5000000000000004 47397.555000000015 17058.305000000004 1.0000000180025095e-35 0.80203339531218354 0.078894675925925931 20.650000000000002 4.641437745208993 10.500000000000002 13.15 387.55000000000007 60.650000000000013 130343.04500000003 19.500000000000004 25.442013888888891 13.500000000000002
decision_type=2 2 2 2 2 2 2 2 2 2 2 2 2 2 2 2 2 2 2 2 2 2 2 2 2 2 2 2 2 2
left_child=1 4 3 10 5 13 -4 8 17 12 -3 -7 14 27 -6 -16 -5 18 -2 -15 21 -12 -22 -8 25 -24 -14 -1 -29 -30
right_child=7 2 6 16 9 11 23 -9 -10 -11 20 -13 26 19 15 -17 -18 -19 -20 -21 22 -23 24 -25 -26 -27 -28 28 29 -31
leaf_value=-0.040413043129297804 -0.038138354135381601 -0.028066451965331002 -0.022760290177970835 -0.041233758355282757 -0.031360037219705102 -0.025335665851770568 0.02628404298915011 0.066272773253739536 -0.042252832917828276 0.043818049239761174 -0.030647714458987979 0.086294807985701466 -0.049216911968723791 0.057915582540900193 -0.023848205560995518 0.079687028119762249 0.033281178904301496 0.077499274183576605 0.062483767479469002 -0.017935665470372005 0.073113044700152993 0.039396535454257892 0.036078838077071983 0.083269389816719941 0.049304526092779057 -0.021596667388552995 0.0017441461509417227 -0.028306807698219014 0.06183997091602017 -0.016169227686286199
leaf_weight=12.14525767974556 2.4441205528564769 2.5817983597517076 1.6260353573597992 9.3158386745490098 4.2118955748155704 0.9892830397002389 2.4487168495543328 62.029510751366615 5.0376150296069673 1.3334570890292514 1.4062478011474038 3.0425968924537301 142.5918906936422 1.5696558323688798 0.88341091852635178 1.2351663303561506 0.89496025536209423 7.4538258612155914 4.4774327548220754 1.788617333397269 7.6312784599140269 0.48515691235661496 1.9101783735677602 14.722601213958113 3.1964412955567241 1.8093193355016408 0.92657977109774847 1.2299130163155489 0.31172091746702779 0.46389141073450446
leaf_count=1740 63 189 122 1178 497 99 62 324 457 18 107 53 27874 45 102 37 14 31 37 168 76 5 36 265 19 46 150 128 14 56
internal_value=0 -0.0242935 0.0355775 0.0133712 -0.0410506 -0.00619549 0.0676903 0.058078 0.0299298 -0.0459435 0.038287 0.0593129 -0.0470274 -0.0236699 -0.00412626 0.0427111 -0.0323165 0.0563279 0.0266233 0.0226712 0.0497201 -0.0052694 0.0567488 0.0770367 0.0317369 0.00939166 -0.0488781 -0.0354381 -0.00188817 0.0323532
internal_weight=0 220.752 48.0286 29.2312 172.723 21.5409 18.7974 81.4425 19.413 151.182 19.0204 4.03188 149.849 17.5091 6.33047 2.11858 10.2108 14.3754 6.92155 3.35827 16.4386 1.8914 14.5472 17.1713 6.91594 3.7195 143.518 14.1508 2.00553 0.775612
internal_count=34012 33100 2119 1670 30981 2303 449 912 588 28678 478 152 28660 2151 636 139 1192 131 100 213 289 112 177 327 101 82 28024 1938 198 70
is_linear=0
shrinkage=0.05


Tree=25
num_leaves=31
num_cat=0
split_feature=22 2 30 10 18 33 21 6 23 23 19 2 10 30 23 19 2 33 3 2 0 37 21 23 12 3 19 2 23 38
split_gain=165.777 78.9772 16.3898 9.58824 13.9242 9.18743 8.62328 19.07 6.60115 6.23694 14.8553 4.43854 4.31707 6.15455 5.0842 6.07277 4.08226 2.52539 2.52256 5.35212 2.51311 2.46432 2.43483 2.25071 2.12542 2.01089 1.73067 1.43295 0.978321 0.908813
threshold=1.0000000180025095e-35 2.8601106558260896 6.5000000000000009 4429.7450000000008 1.0000000180025095e-35 1.0000000180025095e-35 5.2896122685185194 1.0000000180025095e-35 18.378292824074077 1.0000000180025095e-35 0.027800925925925927 19.249882541093541 1135.8150000000003 18.500000000000004 15.265763888888889 21.025092592592596 0.12813749444333472 1.0000000180025095e-35 -3.2337409725332322 5.7313164596176085 1212.7500000000002 666.85000000000014 33.190399305555566 38.142968750000009 108348.12500000001 1.2612405391485977 24.329641203703705 2.2740365623802332 12.974947916666668 0.2391984778639811
decision_type=2 2 2 2 2 2 2 2 2 2 2 2 2 2 2 2 2 2 2 2 2 2 2 2 2 2 2 2 2 2
left_child=1 2 5 4 11 -1 7 -6 -7 10 17 23 21 16 -15 20 -14 18 -2 29 -16 24 -10 -3 -4 -18 -25 -27 -5 -20
right_child=9 3 12 28 6 8 -8 -9 22 -11 -12 -13 13 14 15 -17 25 -19 19 -21 -22 -23 -24 26 -26 27 -28 -29 -30 -31
leaf_value=-0.039725346825108816 0.065950779865914841 -0.037955983868706175 -0.04877139345659938 0.016295650169132082 -0.04546780830519101 -0.021692039837086577 0.081412504835109437 0.065017033564505097 0.085399034714253114 0.065238771276263069 -0.041582001426705623 0.05212586969230551 0.052123824578112314 -0.033471022433222218 -0.012244998805390447 -0.027104265157857563 -0.04498160260072101 0.072777379342337578 0.0040875945595971758 0.064693959746900578 0.10387052760071416 0.012377687305114422 -0.0030367367733256804 0.059615791231086235 0.0076478841878505318 0.043092795206075347 -0.019944007814498042 -0.022838010981380209 0.07838487133353618 -0.039862707666456457
leaf_weight=3.7293771668337268 1.741513133049011 10.413940226659173 129.06230603484437 1.3213360467925657 6.0600919742137211 2.0221627494320273 8.0706863617524487 7.8539252802729607 4.5479496554471552 67.042432591319084 4.6106471056118599 0.9240821301937111 0.42977617681027069 1.9249534760601807 0.32161032268777567 1.1463439655490217 17.32869009766728 7.977718785405159 1.5425107488408705 1.4993845894932745 1.9695217693224547 1.3349359505809832 0.82725686207413662 0.35444033937528796 1.4353155479766417 0.56743065826594719 0.64914631051942706 0.82451640162616968 9.7213132116012257 2.3778250757604837
leaf_count=542 7 1287 26167 22 279 136 50 38 110 362 439 4 20 278 55 175 3033 36 53 7 109 181 41 24 167 45 79 121 89 32
internal_value=0 -0.0237681 -0.0395843 0.0342094 0.0200428 0.0177135 0.0432077 0.0170745 0.0479536 0.0578335 0.0307628 -0.0213675 -0.0437487 -0.0230419 0.0214048 0.0527524 -0.0359324 0.0540071 0.0267415 0.00583181 0.0888031 -0.0473965 0.0734471 -0.0310345 -0.0480974 -0.0404945 0.0238849 0.0108182 0.0729255 -0.0252537
internal_weight=0 212.841 167.472 45.369 34.3263 11.1267 21.9847 13.914 7.39737 86.792 19.7496 12.3416 156.345 24.5128 5.36243 3.43748 19.1504 15.139 7.16123 5.41972 2.29113 131.833 5.37521 11.4175 130.498 18.7206 1.00359 1.39195 11.0426 3.92034
internal_count=33988 33052 31180 1872 1761 829 367 317 287 936 574 1394 30351 3836 617 339 3219 135 99 92 164 26515 151 1390 26334 3199 103 166 111 85
is_linear=0
shrinkage=0.05


Tree=26
num_leaves=31
num_cat=0
split_feature=18 24 21 0 5 15 2 15 36 36 17 23 15 2 30 2 21 19 19 2 0 23 2 23 15 0 23 17 30 44
split_gain=109.916 66.5957 33.1534 38.4849 43.974 27.1385 13.5185 11.6331 7.81829 9.52351 4.03081 4.02129 3.72839 3.4817 3.26823 4.39058 3.46784 2.90657 2.85343 1.99442 1.5332 1.47626 1.23075 4.24322 3.20487 1.07615 1.00088 0.971825 0.914735 0.819933
threshold=1.0000000180025095e-35 2.5000000000000004 5.2896122685185194 106.38000000000001 1.0000000180025095e-35 758.50000000000011 8.8199967649303783 182.50000000000003 60.050000000000004 15.250000000000002 5.5000000000000009 15.024895833333336 829.50000000000011 2.7962566456686622 5.5000000000000009 0.61716727723923037 20.385457175925932 23.137812500000006 0.078894675925925931 1.9532490451821827 21445.595000000005 19.219704861111115 3.973382124839397 33.030028935185193 80277.500000000015 1053.4450000000004 9.9100694444444475 9.5000000000000018 5.5000000000000009 1.0000000180025095e-35
decision_type=2 2 2 2 2 2 2 2 2 2 2 2 2 2 2 2 2 2 2 2 2 2 2 2 2 2 2 2 2 2
left_child=1 5 3 -2 12 7 14 19 9 -9 -11 25 13 -5 15 16 -7 21 -10 -1 -13 26 29 -24 -25 -4 -12 -21 -14 -16
right_child=2 -3 11 4 -6 6 -8 8 18 10 17 20 28 -15 22 -17 -18 -19 -20 27 -22 -23 23 24 -26 -27 -28 -29 -30 -31
leaf_value=-0.04108688031556057 0.065032654703942233 0.064222924280888563 0.0261297515880895 -0.026485841669608535 0.069790463259230454 -0.024779812091574968 0.039477193669653549 -0.033588708502522678 0.039643683189769907 -0.0074170560484413742 0.049750616833395239 0.12628621723061637 0.00043306687284640167 0.051719827984208704 -0.04811900257795132 -0.03912528592674875 0.070129785696919231 0.0035408606089620538 -0.039103892840738341 -0.01796397159272025 0.053565458047836349 0.10603057337609607 -0.040660464720295497 -0.020153781547619556 0.091270778740890388 0.069038546529165065 -0.0081997306446000649 0.039644419142702253 -0.049074153751811379 0.012067422040079366
leaf_weight=7.2930351458489913 28.148678496014327 18.33298297226429 3.4013983434997561 2.8389344369061318 11.594688240438698 0.92545649642124717 4.1395741105079642 1.9533577738329793 0.67629448929801528 1.22973769949749 1.7369945896789416 7.3470434402115625 0.94892424717545765 1.2647326234728096 125.1580350920558 3.4151410823687911 1.4506544675678013 1.1269005741924036 3.3057339605875313 0.53134951181709744 3.3077924996614456 5.9852008773013949 3.8852487574331454 0.65722293965518452 0.40313351433724165 17.787974261213094 0.67934476397931565 0.65153143974021077 25.58674480766058 0.20638555288314719
leaf_count=1142 167 96 92 247 55 79 31 243 5 91 46 93 88 13 26160 437 60 81 411 36 17 73 320 59 20 204 55 14 3733 1
internal_value=0 -0.0238923 0.0405238 0.0208199 -0.0094702 -0.0339856 -0.042521 0.01338 0.0369015 0.0550511 0.0726333 0.0821139 -0.0407222 0.00302805 -0.0452848 -0.00715512 0.0367735 0.0826877 -0.0204568 -0.0319515 0.110243 0.0917979 -0.046912 -0.017487 0.0459463 0.0636387 0.0358269 0.0173921 -0.0473523 -0.0479252
internal_weight=0 183.743 102.227 70.3827 42.234 165.41 140.241 25.1695 16.6936 12.7115 10.7582 31.8442 30.6393 4.10367 136.101 5.79125 2.37611 9.52844 3.98203 8.47592 10.6548 8.40154 130.31 4.94561 1.06036 21.1894 2.41634 1.18288 26.5357 125.364
internal_count=34169 29460 4709 4303 4136 29364 27167 2197 1005 589 346 406 4081 260 27136 576 139 255 416 1192 110 174 26560 399 79 296 101 50 3821 26161
is_linear=0
shrinkage=0.05


Tree=27
num_leaves=31
num_cat=0
split_feature=22 3 31 32 13 33 19 9 21 12 17 12 0 12 14 14 18 0 36 17 15 36 15 3 15 35 12 33 13 15
split_gain=140.568 63.4462 14.0692 9.92002 10.6886 9.35347 9.30677 11.2674 7.64751 10.9937 5.32631 5.09168 4.12862 3.97917 3.9125 2.91049 4.47923 2.79403 2.52428 2.47312 2.08532 2.63382 2.04412 1.73348 1.62707 1.56838 1.35052 1.36317 1.34743 1.28575
threshold=1.0000000180025095e-35 1.5319487877656324 1.0000000180025095e-35 0.077935222672064791 20.500000000000004 1.0000000180025095e-35 0.027800925925925927 1.5000000000000002 3.8986342592592598 23147.165000000005 10.500000000000002 8811.885000000002 45425.610000000008 3720.9350000000009 30499.280000000002 466359.55500000005 1.0000000180025095e-35 2225.4950000000003 37.550000000000004 9.5000000000000018 55296.000000000007 52.750000000000007 758.50000000000011 4.641437745208993 482.50000000000006 1.0000000180025095e-35 130343.04500000003 1.0000000180025095e-35 49.500000000000007 14487.500000000002
decision_type=2 2 2 2 2 2 2 2 2 2 2 2 2 2 2 2 2 2 2 2 2 2 2 2 2 2 2 2 2 2
left_child=1 2 3 12 22 -4 8 10 9 23 26 13 15 -6 -7 25 -17 -16 -12 -11 -2 -22 24 -3 -5 28 27 -8 -1 -19
right_child=20 6 5 4 11 14 7 -9 -10 19 18 -13 -14 -15 17 16 -18 29 -20 -21 21 -23 -24 -25 -26 -27 -28 -29 -30 -31
leaf_value=-0.048529859279238766 0.058517135838193568 -0.042012866352324929 -0.038824350829794206 -0.020465581479966702 -0.013557228817710765 -0.022948573394922019 -0.046412784130947841 0.070308432982872343 0.076950378183769513 0.014356593550696451 0.060379536004202095 -0.02022434449706427 0.027874711064785368 0.13223912652362932 0.094509352380768311 -0.032564062950688137 0.074026161763260476 0.037264830185362773 -0.02220837061987363 0.069524233009997813 0.042594269575732327 -0.011931484578936865 -0.041374423658091804 0.0076510575768701993 0.055457909329909842 0.022681529008161117 0.023267444829267223 0.003147343257152171 0.010861858906916353 -0.022959768180259459
leaf_weight=131.00927694793791 67.986685747746378 4.246533135417855 3.3610597676597518 0.66658981842919984 0.36321820411831174 0.83438240317627776 9.2933667078614217 3.276997758075594 10.863282305654137 3.6437716730870289 1.6575544793158763 0.66366647323593486 1.259551485069095 1.5053115519694982 3.0727559626102448 1.8371395431458943 0.5158632737584411 0.81459453050047137 0.77952391700819124 6.5353585206903517 7.4007929265499097 2.5054870806634426 4.6685950993560255 2.2361365584656596 0.38394542876631021 0.24576005339622398 0.27831479255110103 1.4626068016514189 0.62761160265654226 0.80925123952329159
leaf_count=28373 679 379 511 59 58 98 1251 65 68 42 68 98 23 54 28 365 18 8 91 35 144 104 1012 40 11 1 5 173 101 40
internal_value=0 -0.023756 -0.0389927 -0.0427669 0.00943436 0.020176 0.0284754 -0.00104795 0.0458467 0.0223588 -0.0220648 0.0790364 -0.0459917 0.109052 0.0564842 -0.0468858 0.00591254 0.0721472 0.0351873 0.0528269 0.0551748 0.0289741 -0.028559 -0.0261487 0.020796 -0.0478652 -0.036583 -0.0399791 -0.0481669 0.00993983
internal_weight=0 196.912 152.639 143.747 8.25133 8.89204 44.2734 16.7484 27.5251 16.6618 13.4714 2.5322 135.495 1.86853 5.53098 134.236 2.353 4.6966 2.43708 10.1791 77.893 9.90628 5.71913 6.48267 1.05054 131.883 11.0343 10.756 131.637 1.62385
internal_count=34002 33075 30858 30173 1292 685 2217 1653 564 496 1588 210 28881 112 174 28858 383 76 159 77 927 248 1082 419 70 28475 1429 1424 28474 48
is_linear=0
shrinkage=0.05


Tree=28
num_leaves=31
num_cat=0
split_feature=22 2 15 32 23 31 18 21 14 23 18 18 10 14 6 21 15 23 0 0 15 12 9 0 15 36 2 14 0 15
split_gain=124.343 65.0807 14.2044 10.0877 8.05549 7.96225 7.36759 9.15184 6.56589 6.18375 13.4459 5.75779 11.9615 4.34752 4.1362 12.6211 3.2275 3.20308 2.9975 2.98545 2.17316 1.68913 1.67357 1.43577 1.35808 1.27299 4.55979 1.18087 1.12584 1.09226
threshold=1.0000000180025095e-35 2.7962566456686622 758.50000000000011 0.082207207207207214 7.885422453703705 1.0000000180025095e-35 1.0000000180025095e-35 5.5592071759259269 72604.070000000022 1.0000000180025095e-35 1.0000000180025095e-35 1.0000000180025095e-35 3718.7350000000001 46722.220000000016 1.0000000180025095e-35 3.8986342592592598 614.00000000000011 38.142968750000009 2437.2100000000005 45425.610000000008 1132.5000000000002 50008.92500000001 2.5000000000000004 49226.510000000002 47925.500000000007 45.250000000000007 2.9272750312602089 202916.24000000005 45425.610000000008 104718.00000000001
decision_type=2 2 2 2 2 2 2 2 2 2 2 2 2 2 2 2 2 2 2 2 2 2 2 2 2 2 2 2 2 2
left_child=1 2 3 6 -3 19 21 -8 -7 10 23 12 17 -5 15 16 -13 -6 -10 22 -14 -1 -4 -2 -19 -12 -27 -23 -20 -18
right_child=9 4 5 13 11 8 7 -9 18 -11 25 14 20 -15 -16 -17 29 24 28 -21 -22 27 -24 -25 -26 26 -28 -29 -30 -31
leaf_value=-0.041962496964791207 -0.042223053681837909 -0.033648027388384585 -0.047712118137347104 -0.022583592177970666 -0.031643537233121154 -0.030454775246950769 -0.033085805258450687 0.097143713356122707 0.092865829145776027 0.063071736131923337 0.065687058990529193 0.047357112074537695 0.079127075501543589 0.08236507373606812 0.076475630463402638 0.066977317755642016 -0.044787330223518239 -0.01538374041178185 -0.024749838263730853 0.026833406859392402 0.0094205663521715818 0.040430794934866107 0.019696941641076063 0.025408192940904174 0.058559872251398554 -0.01547391345656054 0.061615079552762991 -0.021061677304720774 0.032922763970063947 0.01166443904271661
leaf_weight=10.770748962182553 5.0261289430782208 3.5977361137047401 118.66940371738747 0.79881087318062682 8.6386655075475556 3.9673965889960519 1.8763223881833249 1.7985255029052494 1.2986155832186344 54.562944531440735 8.1625728607177717 0.4787092842161681 4.3412457536905995 3.4448584904894233 10.216947734355925 8.5337647777050716 4.5555777396075428 0.4378511351533223 0.94234814867377259 0.77559585450217028 1.7911706017330287 0.53549137664958724 0.42603802494704623 0.23386906087398518 0.76133478619158268 2.9285573102533826 3.2114060968160629 0.69714210787788033 0.49965767562389374 0.5894307680428027
leaf_count=1853 490 375 27928 90 1129 528 204 26 11 324 55 5 37 49 46 49 160 59 86 23 46 29 74 1 44 32 14 79 2 24
internal_value=0 -0.0215705 -0.0375312 0.0016527 0.0312926 -0.0436628 -0.0174419 0.0377967 0.00823584 0.0543347 0.0280835 0.0377575 0.0132558 0.0620706 0.052656 0.031555 -0.0241937 -0.0206662 0.0574137 -0.0466112 0.0629424 -0.0359594 -0.047309 -0.0356376 0.0368427 0.0523154 0.0278287 0.0117961 0.000532379 -0.0374743
internal_weight=0 190.443 146.501 19.9219 43.9424 126.579 15.6782 3.67485 6.70802 74.1255 19.5625 40.3447 15.9703 4.24367 24.3744 14.1575 5.62372 9.83785 2.74062 119.871 6.13242 12.0034 119.095 5.26 1.19919 14.3025 6.13996 1.23263 1.44201 5.14501
internal_count=33872 32956 30982 2330 1974 28652 2191 230 627 916 592 1599 1315 139 284 238 189 1232 99 28025 83 1961 28002 491 103 101 46 108 88 184
is_linear=0
shrinkage=0.05


Tree=29
num_leaves=31
num_cat=0
split_feature=22 3 31 19 9 15 33 23 19 36 37 23 4 36 12 23 19 6 36 2 39 18 23 1 33 1 37 15 23 14
split_gain=112.742 65.8333 14.0818 11.8201 9.90589 9.52784 8.86439 8.02083 11.4537 7.99697 9.87646 5.69552 4.29944 4.26701 3.95486 3.45996 2.92727 2.89798 2.75862 2.67432 5.3375 2.58152 1.86431 1.65272 1.61187 1.35441 1.33352 2.25817 2.50025 2.15554
threshold=1.0000000180025095e-35 1.5319487877656324 1.0000000180025095e-35 0.027800925925925927 1.5000000000000002 758.50000000000011 1.0000000180025095e-35 1.0000000180025095e-35 0.027800925925925927 52.150000000000013 93.750000000000014 7.885422453703705 1.0000000180025095e-35 54.550000000000004 2794.7200000000007 19.386325231481486 11.97892939814815 1.0000000180025095e-35 25.350000000000005 4.8000462868304981 1.0000000180025095e-35 1.0000000180025095e-35 40.25133101851852 7.8126493094054057 1.0000000180025095e-35 7.4691380760658852 502.35000000000008 46634.000000000007 9.6745891203703724 35330.695
decision_type=2 2 2 2 2 2 2 2 2 2 2 2 2 2 2 2 2 2 2 2 2 2 2 2 2 2 2 2 2 2
left_child=1 2 5 11 12 9 -4 8 19 10 21 -3 22 18 -12 -14 23 -7 -8 20 24 -1 -5 -16 -2 -23 27 29 -29 -13
right_child=7 3 6 4 -6 17 13 -9 -10 -11 14 26 15 -15 16 -17 -18 -19 -20 -21 -22 25 -24 -25 -26 -27 -28 28 -30 -31
leaf_value=-0.040839616461842226 -0.030497178051799707 -0.022401080212761756 -0.038383754285215482 -0.045455958468978978 0.066524507409550904 -0.04800392677480933 0.00064925291407161214 0.061349785798408808 -0.041406561956091076 -0.044232197300433575 -0.021008223705645326 0.0056809357398447729 -0.030258429205543603 -0.014379782929349575 0.12407507842344921 0.051313708883768051 0.0071545874892575446 0.0069795218571896932 0.092632706678633936 0.073419572728399926 0.055084229630031289 -0.016113405554580205 0.028601185728502922 0.023053586577772428 0.023855832394918425 0.059493325074107123 0.076468284728252345 0.06066883809545949 -0.019461304535359821 0.058973251216251181
leaf_weight=4.1841766247525829 3.2628976078704017 1.9754444267600799 3.2051677452400309 8.7329360200092161 2.9475419567897907 112.44674856169149 1.0196751803159712 55.13714425265789 4.5196372903883448 6.9355213171802452 0.71159320790320624 2.4541608882136705 1.3713811701163643 1.381893702317029 1.9383355495519938 2.1211916729807854 1.2119956440292297 2.2057526926510027 3.3655906142666936 4.3103294260799876 5.0714794099330902 0.46273991651833046 0.26954799098894078 1.1025348226539788 1.1405308265238998 0.35550876939669251 8.0516407815739495 0.33674684353172724 2.5958065446466208 13.137229207437484
leaf_count=679 77 159 518 1441 57 27813 47 341 464 1153 119 107 111 93 76 46 118 251 38 19 22 46 33 35 8 13 50 8 125 115
internal_value=0 -0.0209752 -0.0376338 0.0318906 -0.00335077 -0.0417657 0.0210629 0.0518637 0.0215921 -0.00629735 0.0217261 0.0504203 -0.0235422 0.0548911 0.0658758 0.0196782 0.0816452 -0.0468949 0.0753366 0.0436505 0.0243917 -0.0257639 -0.0406009 0.102217 -0.0146097 0.0313895 0.0564494 0.044277 0.00282763 0.0514328
internal_weight=0 184.521 140.527 43.9936 15.4426 131.555 8.97233 73.442 18.3049 16.9024 9.96688 28.551 12.4951 5.76716 4.96446 3.49257 4.25287 114.653 4.38527 13.7852 9.47491 5.00243 9.00248 3.04087 4.40343 0.818249 26.5756 18.5239 2.93255 15.5914
internal_count=34182 33251 30999 2252 1688 30303 696 931 590 2239 1086 564 1631 178 348 157 229 28064 85 126 107 738 1474 111 85 59 405 355 133 222
is_linear=0
shrinkage=0.05


Tree=30
num_leaves=31
num_cat=0
split_feature=22 2 30 19 15 23 19 33 15 23 36 37 14 23 5 21 6 30 36 2 39 2 36 19 3 36 37 15 14 23
split_gain=112.123 54.7808 15.4175 9.80683 9.46785 8.1601 10.1581 7.6798 7.02634 6.64901 6.1239 10.5338 5.19635 4.50647 4.15947 4.0713 11.9649 2.79609 2.82073 2.58162 5.39554 2.42855 2.19592 1.92045 1.74344 1.74197 4.12689 1.31501 2.20078 1.11564
threshold=1.0000000180025095e-35 2.7338532495338232 6.5000000000000009 0.027800925925925927 758.50000000000011 1.0000000180025095e-35 0.027800925925925927 1.0000000180025095e-35 758.50000000000011 7.9839583333333346 58.850000000000001 152.85000000000005 30499.280000000002 38.142968750000009 1.0000000180025095e-35 -1.0000000180025095e-35 1.0000000180025095e-35 18.500000000000004 34.750000000000007 3.973382124839397 1.0000000180025095e-35 19.249882541093541 18.550000000000004 33.541290509259262 0.80203339531218354 30.850000000000005 102.05000000000001 482.50000000000006 15848.910000000003 18.378292824074077
decision_type=2 2 2 2 2 2 2 2 2 2 2 2 2 2 2 2 2 2 2 2 2 2 2 2 2 2 2 2 2 2
left_child=1 2 7 9 10 6 19 -1 -5 -3 11 17 -9 21 -6 16 25 27 -19 20 24 -10 -14 -15 -2 26 -11 -4 -29 -24
right_child=5 3 4 8 14 -7 -8 12 13 15 -12 -13 22 23 -16 -17 -18 18 -20 -21 -22 -23 29 -25 -26 -27 -28 28 -30 -31
leaf_value=-0.038286246425387048 -0.038775972238066309 -0.034181127163263922 -0.041623339127494642 0.049421348652104236 -0.048343584027893759 0.061366414838395458 -0.040748065427312019 -0.028858257737666537 -0.041770365784021046 -0.0320298731263872 -0.043536593990448423 0.086974944520807465 -0.015968160001298755 0.066668900818591434 0.026998706731465618 0.073476923444709005 0.063670641423548502 -0.025591734013535906 0.057227770652643284 0.06596421641375147 0.052746870283452686 0.032382193099397494 0.010339306211448294 -0.017493461681168342 0.015785820657341559 -0.041948926057057828 0.070269479542170374 0.052117923456497253 -0.027562861528123095 0.079509397069872104
leaf_weight=3.1750748306512815 2.5779400127939898 1.8156714183278406 4.6456604134291428 3.4534060684964052 107.10952535783872 54.369462169706821 4.1639336175285271 1.3289763727225361 9.7268656017258728 1.6112035838887142 6.1757545582950106 2.5940641877241424 0.45413100346922863 0.90359109127893933 1.2677863975986827 11.204934411682185 9.0607505384832603 1.0174537114799025 1.4198760380968449 5.4544236529618493 4.8244939744472504 0.49955907464027483 1.0155807146802542 0.52797683328390121 1.7492901235818861 3.4898821548558772 0.59895781334489573 0.45535024441778649 1.1684304121881721 4.7216575155034661
leaf_count=533 70 160 749 69 27871 348 449 169 1435 137 1077 74 24 34 21 68 44 136 57 25 21 2 30 72 24 129 9 48 137 64
internal_value=0 -0.0214434 -0.0368708 0.0273907 -0.041757 0.0515926 0.0216097 0.01928 -0.00491776 0.0445249 -0.00713714 0.0146769 0.0452253 -0.0236471 -0.0472235 0.0510919 0.0305156 -0.0136045 0.0252679 0.0408587 0.0208719 -0.0355862 0.062929 0.0412001 -0.0178964 -0.0238244 0.00894703 -0.0301137 0.0061292 0.0706173
internal_weight=0 179.442 136.549 42.8928 125.854 73.1395 18.7701 10.6954 15.1114 27.7814 17.4766 11.3008 7.52035 11.658 108.377 25.9657 14.7608 8.70677 2.43733 14.6061 9.15172 10.2264 6.19137 1.43157 4.32723 5.70004 2.21016 6.26944 1.62378 5.73724
internal_count=34086 33149 30990 2159 30170 937 589 820 1612 547 2278 1201 287 1543 27892 387 319 1127 193 140 115 1437 118 106 94 275 146 934 185 94
is_linear=0
shrinkage=0.05


Tree=31
num_leaves=31
num_cat=0
split_feature=22 4 32 17 12 19 15 15 37 23 19 23 15 30 19 23 35 36 36 14 19 14 38 38 17 14 36 33 35 36
split_gain=105.8 34.4726 21.4924 16.9658 9.80352 6.88626 5.84301 6.12228 6.06031 5.43025 10.6421 5.14354 4.82797 4.69286 4.22731 5.73601 3.90519 3.15615 4.29512 2.32523 2.18016 2.01725 1.828 1.59169 1.39866 1.37993 3.08556 3.90372 1.23888 0.991324
threshold=1.0000000180025095e-35 1.0000000180025095e-35 0.057983193277310933 8.5000000000000018 108348.12500000001 21.025092592592596 691.50000000000011 237.50000000000003 994.05000000000007 1.0000000180025095e-35 0.027800925925925927 7.885422453703705 758.50000000000011 5.5000000000000009 16.67264467592593 8.0583275462962991 1.0000000180025095e-35 20.650000000000002 56.850000000000001 31582.470000000005 14.048229166666669 75627.975000000006 0.017733858832087983 0.73625514515960822 6.5000000000000009 36200.795000000006 408.55000000000007 1.0000000180025095e-35 1.0000000180025095e-35 46.150000000000013
decision_type=2 2 2 2 2 2 2 2 2 2 2 2 2 2 2 2 2 2 2 2 2 2 2 2 2 2 2 2 2 2
left_child=1 2 4 12 6 21 7 28 13 10 22 -3 19 23 15 -9 -15 -17 -19 -4 24 -5 -2 -8 -6 26 27 -13 -1 -24
right_child=9 11 3 5 20 -7 8 14 -10 -11 -12 25 -14 16 -16 17 -18 18 -20 -21 -22 -23 29 -25 -26 -27 -28 -29 -30 -31
leaf_value=-0.044416537173018862 -0.010473877194072435 -0.02624055648668009 -0.024015390209784881 0.005507432570124416 -0.0020645090759646482 -0.019447876198806092 -0.013635961662940246 -0.030817376845648822 0.046208146870244708 0.059619402359800816 -0.040230513587907066 -0.040236442175116828 -0.040858412356345658 -0.047605343742658922 -0.033368119290335119 -0.018736174033904616 0.043376087698969112 0.10366395696392319 -0.0067159545503922297 0.050526177120057351 -0.021358864027950949 0.092634509633706744 0.060527889122986428 0.04712617937777263 0.068071632712315422 0.054635594670855131 0.050583960597473658 0.044725325222059527 0.02025464783998792 0.025977701565294994
leaf_weight=7.1584763987921161 1.0563819035887743 2.2827235180884626 0.88641754072159828 0.87408759072422793 0.85039822012186039 1.5823724351357666 1.6360835833474987 1.5095092188566921 1.0814016750082363 51.141451723873615 3.9090178683400145 2.5275921928696361 8.3858959709759784 105.87217608047649 1.9324328261427579 0.58963781455531705 0.46142520010471244 2.7849673093296592 0.9975762148387729 1.9495976432226596 0.73330097133293737 6.4149201333057135 8.5757811870425922 0.98178512509912241 2.0677225028630346 12.339550110977141 3.4467315692454576 1.216722297947854 0.24995967745780934 5.8057729648426166
leaf_count=1305 51 142 107 79 84 268 99 166 45 342 435 105 1886 27583 294 87 2 75 105 49 129 99 50 44 39 110 21 28 1 47
internal_value=0 -0.0213821 -0.0299903 0.017409 -0.0374558 0.0655407 -0.0398695 -0.0100523 -0.0438669 0.0510014 0.0264103 0.0361549 -0.0228904 -0.0451731 0.0197387 0.0395003 -0.0468101 0.0649951 0.0792359 0.0270408 0.0361144 0.0841113 0.0447052 0.0158791 0.0523222 0.0443705 0.0222364 -0.00902009 -0.0400852 0.0491758
internal_weight=0 170.813 149 20.0933 128.907 8.87138 125.255 15.2226 110.033 70.4884 19.347 21.8133 11.2219 108.951 7.81412 5.88169 106.334 4.37218 3.78254 2.83602 3.65142 7.28901 15.4379 2.61787 2.91812 19.5306 7.19105 3.74431 7.40844 14.3816
internal_count=33877 32952 32546 2488 30058 446 29806 2033 27773 925 583 406 2042 27728 727 433 27585 267 180 156 252 178 148 143 123 264 154 133 1306 97
is_linear=0
shrinkage=0.05


Tree=32
num_leaves=31
num_cat=0
split_feature=22 2 19 15 21 5 32 2 30 36 14 30 37 14 12 15 36 37 21 2 15 15 15 12 9 36 1 12 12 1
split_gain=96.24 45.3574 14.3957 13.1386 9.66625 18.4187 9.22313 7.97244 6.41283 4.95107 3.99364 3.65751 3.44599 3.39513 4.31356 2.80503 2.68669 2.51326 2.22665 1.87707 1.83969 1.74666 1.66487 1.6604 1.63621 1.60965 1.5662 1.32842 1.15105 1.12453
threshold=1.0000000180025095e-35 2.184532917163279 0.027800925925925927 758.50000000000011 3.8986342592592598 1.0000000180025095e-35 0.057983193277310933 3.973382124839397 6.5000000000000009 59.45000000000001 31582.470000000005 19.500000000000004 69.15000000000002 34880.375000000007 5268.2850000000008 614.00000000000011 41.45000000000001 37.850000000000001 18.53696180555556 1.7310960094860863 172797.50000000003 182.50000000000003 55296.000000000007 2972.1650000000004 2.5000000000000004 52.750000000000007 10.46322818499157 130343.04500000003 10336.175000000001 9.8975555614915081
decision_type=2 2 2 2 2 2 2 2 2 2 2 2 2 2 2 2 2 2 2 2 2 2 2 2 2 2 2 2 2 2
left_child=1 3 4 6 5 15 11 20 13 12 -8 19 -9 -5 18 -3 21 26 -15 -1 -4 -13 -19 -14 -21 -24 -2 -10 -12 -25
right_child=17 2 7 8 -6 -7 10 9 27 -11 28 16 23 14 -16 -17 -18 22 -20 24 -22 -23 25 29 -26 -27 -28 -29 -30 -31
leaf_value=-0.040701891176374058 -0.02898887553920056 0.027937795242655484 -0.045798491021724376 -0.036412572420133481 0.077765679957343251 0.056874439995069664 -0.024589168644294362 -0.025497216551099468 -0.04855488611093195 -0.034958030323999065 0.0813256610348667 -0.01261616595087426 -0.0040047685129535717 -0.013655829167996378 -0.013761913896500402 -0.046402498392433461 -0.023571294869200843 0.054960107522440328 0.090369657057427721 -0.021887487078220403 0.0272402520112901 0.083359635302986457 0.037304911431608433 0.079854294019744421 0.052105098613113826 -0.0087820738976733155 0.032058718003076386 0.010003865358353688 0.014130103205363282 0.013067131040746636
leaf_weight=9.2756436702329683 1.3074239585548633 0.81323947012424813 10.233569901436567 2.5996278556995085 10.247886203695087 11.574348919093609 0.92856621881946821 0.99366690730675866 91.574351681862026 2.0987932537682354 3.220957962796092 0.32707480061799177 0.85464442800730456 0.35765226744115342 2.7093826425261796 7.3246164827141911 0.85936513729393471 56.291847902350128 1.3418371789157388 0.75679591018706449 0.29390010656789023 0.80422210087999701 6.1939263246022147 3.1581438113935292 0.3997747590765357 2.1252816938795149 0.93056234717369068 0.66346198157407243 1.3268099618144331 1.273878116160631
leaf_count=1771 134 24 2420 428 87 63 114 91 26255 175 38 43 61 38 191 705 118 603 44 98 77 38 89 45 8 105 5 132 45 25
internal_value=0 -0.0207311 0.0194553 -0.0375175 0.0405113 0.0183242 0.0018415 -0.0142698 -0.0445635 0.020809 0.0507584 -0.0218974 0.0416874 0.00136995 0.0262611 -0.0367291 0.0300365 0.0498856 0.0715288 -0.0335678 -0.0415732 0.0627114 0.0516634 0.0563623 0.01599 0.0258522 -0.00154364 -0.0480309 0.0678021 0.0665974
internal_weight=0 166.012 48.8667 117.146 29.9601 19.7122 17.8992 18.9066 99.2463 8.37913 5.47633 12.4229 6.28033 7.0085 4.40887 8.13786 1.99066 66.849 1.69949 10.4322 10.5275 1.1313 64.6111 5.28667 1.15657 8.31921 2.23799 92.2378 4.54777 4.43202
internal_count=34070 33134 3773 29361 879 792 2273 2894 27088 397 197 2076 222 701 273 729 199 936 82 1877 2497 81 797 131 106 194 139 26387 83 70
is_linear=0
shrinkage=0.05


Tree=33
num_leaves=31
num_cat=0
split_feature=22 3 30 23 19 21 23 19 14 32 32 14 1 14 1 17 19 12 30 3 2 39 1 37 36 17 36 2 3 2
split_gain=89.5765 52.5005 11.613 11.4259 11.4957 7.92231 6.30247 9.91595 6.14219 5.41588 4.79418 4.7728 7.20423 4.22532 3.36884 3.35294 2.54652 2.50294 2.22854 2.39334 2.07814 4.65822 2.01538 1.95467 1.89187 1.59167 1.52194 1.42704 1.39752 1.31851
threshold=1.0000000180025095e-35 1.5319487877656324 6.5000000000000009 12.404120370370373 16.848096064814818 15.925949074074076 1.0000000180025095e-35 0.027800925925925927 35330.695 0.36602870813397131 0.084523809523809543 46722.220000000016 7.608364548760898 30499.280000000002 7.0541214519573137 13.500000000000002 2.5098321759259261 50008.92500000001 19.500000000000004 1.1945966753204555 3.973382124839397 1.0000000180025095e-35 9.4283185701252155 103.35000000000001 856.05000000000007 6.5000000000000009 682.20000000000016 19.249882541093541 0.80203339531218354 19.249882541093541
decision_type=2 2 2 2 2 2 2 2 2 2 2 2 2 2 2 2 2 2 2 2 2 2 2 2 2 2 2 2 2 2
left_child=1 2 9 24 5 8 7 20 26 13 17 -12 23 -1 -15 29 -10 -4 19 -19 21 28 -7 -13 27 -20 -5 -3 -2 -6
right_child=6 3 10 4 15 22 -8 -9 16 -11 11 12 -14 14 -16 -17 -18 18 25 -21 -22 -23 -24 -25 -26 -27 -28 -29 -30 -31
leaf_value=-0.028715235666774613 -0.036618120744692131 -0.044716529335835142 -0.045965059838503741 -0.029161410283336416 -0.041992904593971481 0.12034175095643146 0.058414444231515573 -0.040452456313131102 0.054939936404900018 -0.036941945963025087 -0.037424030931103067 -0.008587974859967127 -0.022834411225289258 0.081179062904371102 0.005120323339494812 0.037908350155600415 -0.0075929103711625786 -0.040155532993274984 -0.017822231189676189 0.031296146503807944 0.064186010628088652 0.050357664027302435 0.049226126418805319 0.11863958437543567 0.025429631352724798 0.060169160126566472 0.027824141506107604 0.011510627885235972 0.013112104056897476 0.023382102519040084
leaf_weight=1.3270273017697016 2.1873719356954116 5.2980145569890729 97.32028196263127 3.5872180000878933 4.8269169735722235 4.0258070151321572 47.129061050713062 4.0156683451496056 13.052723417757077 2.7411336023360491 2.9229533111210904 0.20564006245695077 1.7937596447300164 3.1850235522724688 2.451652645599097 1.1894280745182184 1.5864711813628662 3.9546602030750355 0.48288732185028471 0.72652268991805602 5.3997093290090552 5.1377273499965668 4.1831253075506538 0.9762007468380034 0.78185251355171193 0.684415114345029 0.70100533496588457 0.9427813384681939 1.8257636232301591 0.24336586892604817
leaf_count=206 66 653 27722 297 812 90 337 446 152 473 766 41 300 33 93 39 108 954 70 49 24 23 43 62 7 46 6 14 25 1
internal_value=0 -0.0202512 -0.036932 0.0284742 0.040508 0.0542336 0.04871 0.0223494 0.0334201 0.0142351 -0.0415728 0.00195621 0.0403229 0.0364891 0.0538537 -0.0182678 0.048111 -0.0440564 -0.0102215 -0.0255094 0.0411682 0.0226008 0.0933832 0.102712 -0.0266684 0.034569 -0.0163459 -0.0358058 -0.015891 -0.03552
internal_weight=0 159.191 118.772 40.4187 33.3961 27.1364 65.6953 18.5662 18.9274 9.70484 109.067 5.89855 2.9756 6.9637 5.63668 6.25971 14.6392 103.169 5.84849 4.68118 14.5506 9.15086 8.20893 1.18184 7.02265 1.1673 4.28822 6.2408 4.01314 5.07028
internal_count=33958 33037 30815 2222 1548 696 921 584 563 805 30010 1169 403 332 126 852 260 28841 1119 1003 138 114 133 103 674 116 303 667 91 813
is_linear=0
shrinkage=0.05


Tree=34
num_leaves=31
num_cat=0
split_feature=22 2 30 23 23 18 33 9 36 18 10 21 6 5 36 17 32 10 15 30 15 2 17 15 3 3 2 12 15 15
split_gain=80.0926 48.7486 12.7962 7.65889 6.466 10.102 6.34204 6.31225 4.84469 4.301 9.42712 4.03444 11.9464 3.79677 3.73823 3.65291 3.25571 4.49951 3.18551 2.95438 2.63585 2.45102 1.77018 1.7204 1.56849 1.28711 5.52769 1.20749 1.05952 0.959342
threshold=1.0000000180025095e-35 2.6747992827852056 6.5000000000000009 7.885422453703705 1.0000000180025095e-35 1.0000000180025095e-35 1.0000000180025095e-35 2.5000000000000004 57.850000000000001 1.0000000180025095e-35 3718.7350000000001 3.8986342592592598 1.0000000180025095e-35 1.0000000180025095e-35 29.850000000000005 9.5000000000000018 0.082207207207207214 1632.6200000000001 614.00000000000011 12.500000000000002 49048.000000000007 0.83448556894418646 14.500000000000002 829.50000000000011 1.6901196134520535 0.80203339531218354 0.18905092891570993 8154.9100000000008 1220.5000000000002 102584.00000000001
decision_type=2 2 2 2 2 2 2 2 2 2 2 2 2 2 2 2 2 2 2 2 2 2 2 2 2 2 2 2 2 2
left_child=1 2 6 -3 5 -2 -1 13 14 10 15 12 18 16 28 29 24 22 -11 27 -17 -19 -18 -12 -4 26 -7 -9 -8 -5
right_child=4 3 7 9 -6 25 8 19 -10 11 23 -13 -14 -15 -16 20 17 21 -20 -21 -22 -23 -24 -25 -26 -27 -28 -29 -30 -31
leaf_value=-0.037399937110691665 -0.040841652226027522 -0.039882428836260427 -0.046706494371250476 -0.041410737484852501 0.057844903217074375 0.057990085352202708 0.02771284171763258 -0.010147813924794658 -0.029222152363528393 0.040255811100907209 0.073696030856599065 0.072273180603653328 0.060310938079962823 0.029008216645251345 0.080596251321052428 -0.015756544828074846 -0.040911880062474371 0.074261436229499878 -0.044448318035193918 -0.024643770732389846 0.06523265853950265 -0.018649724835390173 0.032360725653154697 0.010098805980304227 0.017798931292684891 0.055188383197631842 -0.025997190831483281 0.074459172200925072 -0.026329162504481071 0.009625966652359895
leaf_weight=2.8974819723516685 4.1981641701422641 3.0597546340432009 94.87901165150106 6.3048094939440471 44.100290156900883 3.1113486140966415 0.62973204255104054 0.2532796633895481 1.3467785743996499 0.56095879897475498 3.8201886685565105 8.9156106524169427 8.6146552786231023 1.1703543439507473 4.0725971716456115 1.4098785275127741 4.3281071018427602 1.0790828778408466 4.5525623555295169 0.96273162262514222 0.99288927228189994 0.57578055234625924 0.21348794060759235 1.8231714882422236 0.47247862350195546 7.1001427378505468 2.9172134371474385 1.1875776248052714 1.0594938970170913 0.67196239880286146
leaf_count=547 474 436 28513 1095 325 14 3 63 126 6 30 62 43 18 60 149 1125 54 191 221 52 68 44 53 112 39 47 39 88 134
internal_value=0 -0.0192248 -0.0357837 0.0273206 0.0477378 0.0202606 0.0168478 -0.040905 0.0408448 0.0336699 0.0118185 0.0470541 0.0268808 -0.0428344 0.0591219 -0.0187266 -0.0439372 -0.0074628 -0.0300914 0.029909 0.0270457 0.0470863 -0.0322495 0.0577629 -0.0462055 0.041307 0.0194323 0.0615223 -0.00336909 -0.0359047
internal_weight=0 155.854 115.128 40.7264 61.4272 17.3269 10.0061 105.122 7.1086 37.6667 15.0229 22.6438 13.7282 102.718 5.76182 9.37954 101.548 6.19646 5.11352 2.40359 2.40277 1.65486 4.5416 5.64336 95.3515 13.1287 6.02856 1.44086 1.68923 6.97677
internal_count=34231 33332 31081 2251 899 574 824 30257 277 1815 1513 302 240 29934 151 1430 29916 1291 197 323 201 122 1169 83 28625 100 61 102 91 1229
is_linear=0
shrinkage=0.05


Tree=35
num_leaves=31
num_cat=0
split_feature=22 2 15 23 19 30 36 37 9 23 19 32 21 5 23 5 23 21 33 36 30 21 12 2 2 2 2 33 23 2
split_gain=82.6715 42.6279 12.3469 7.63004 7.75606 7.59163 7.55094 9.74363 5.63056 5.50699 8.84001 4.44734 4.01443 10.4226 3.94773 3.90194 2.97863 3.19095 2.86562 2.34262 1.81641 1.69419 1.2051 1.19921 1.17979 3.40342 3.46081 1.19751 1.11467 1.0973
threshold=1.0000000180025095e-35 2.6747992827852056 691.50000000000011 7.885422453703705 6.9852141203703715 5.5000000000000009 58.850000000000001 160.25000000000003 1.5000000000000002 1.0000000180025095e-35 0.027800925925925927 0.19139194139194141 5.2896122685185194 1.0000000180025095e-35 9.6745891203703724 1.0000000180025095e-35 33.030028935185193 33.047112268518525 1.0000000180025095e-35 50.050000000000004 19.500000000000004 27.974947916666668 130343.04500000003 0.24344554179186695 4.8000462868304981 0.12813749444333472 1.1893304763807537 1.0000000180025095e-35 27.7352025462963 19.249882541093541
decision_type=2 2 2 2 2 2 2 2 2 2 2 2 2 2 2 2 2 2 2 2 2 2 2 2 2 2 2 2 2 2
left_child=1 2 6 -3 12 11 7 18 16 10 24 19 13 14 -5 22 29 -18 20 28 23 -22 -7 -1 25 -2 -27 -28 -4 -6
right_child=9 3 5 4 8 15 -8 -9 -10 -11 -12 -13 -14 -15 -16 -17 17 -19 -20 -21 21 -23 -24 -25 -26 26 27 -29 -30 -31
leaf_value=0.016614571212607943 0.059336996268134073 -0.040815982612639856 0.0096913214957288323 0.055864331039322694 -0.04412236340369502 -0.048416659907587617 -0.04207910564030419 0.085233962396532456 0.055946641278926269 0.057298033226242266 -0.039582021973243106 -0.035684938903450959 0.066734868086530022 0.056065374333439645 -0.039899219883197529 0.02604295597755775 0.055726690766098687 -0.028585775893339327 0.03787295542826357 -0.01240882029172031 -0.01981053861301393 0.058969379541672196 0.007076094588496235 -0.041492585454149251 0.063083315305316329 -0.039431572160386723 -0.00074868291929233266 0.046234345881198839 0.079048262626226093 0.018196005638886181
leaf_weight=0.49872755585238504 3.7098704874515551 3.277290492784231 1.170082763303071 0.39434403600171286 5.9960456050466728 85.018511814298108 4.997837236383929 3.4796588877215981 1.9864219482988108 45.376226603984833 3.6333070299588135 2.4435268817469478 11.34099352895282 9.0086144362576306 5.2177745690569282 1.2342115892097343 1.3308361331000926 1.296614963095635 1.7240508515387771 1.2182571976445613 0.64622011128813017 0.35107334237545729 0.74841560563072462 4.6028510897886008 3.8528465926647177 2.1027895538136363 2.2854931238107383 2.2268041670322418 1.4682219233363865 0.24789635837078083
leaf_count=116 17 443 47 19 987 27641 1037 66 41 349 444 488 131 55 312 17 71 206 13 85 99 19 155 840 18 56 33 12 17 1
internal_value=0 -0.0197153 -0.0357712 0.0239747 0.0306684 -0.0427188 0.00416676 0.0263742 -0.00460926 0.0480446 0.0226775 0.00900422 0.0450461 0.0250274 -0.0257391 -0.0465241 -0.0224625 0.0177092 -0.00649997 0.0388369 -0.0226116 0.0235616 -0.0478564 -0.0340201 0.0401893 0.0268302 0.00320174 0.0266186 0.0594067 -0.0394779
internal_weight=0 149.698 109.602 40.0968 36.8195 93.3012 16.3004 11.3026 10.8578 63.1873 17.8111 6.30009 25.9617 14.6207 5.61212 87.0011 8.87139 2.62745 7.82292 3.85656 6.09887 0.997293 85.7669 5.10158 14.1778 10.325 6.61509 4.5123 2.6383 6.24394
internal_count=33835 32906 30640 2266 1823 28450 2190 1153 1306 929 580 637 517 386 331 27813 1265 277 1087 149 1074 118 27796 956 136 118 101 45 64 988
is_linear=0
shrinkage=0.05


Tree=36
num_leaves=31
num_cat=0
split_feature=22 3 15 36 36 19 21 5 23 19 17 30 15 23 21 14 0 19 38 5 23 9 14 23 30 33 36 12 15 17
split_gain=70.6732 48.3181 12.6023 7.98667 7.78753 6.88844 8.77091 9.30696 6.20384 7.53531 5.91297 5.69285 4.55891 3.68139 3.60917 2.94831 3.38 2.94444 2.8344 2.08513 1.94392 1.7768 1.69048 1.68684 1.67007 1.32181 1.33234 1.22259 1.2096 1.2034
threshold=1.0000000180025095e-35 1.5319487877656324 758.50000000000011 56.850000000000001 15.850000000000003 6.9852141203703715 11.027870370370371 1.0000000180025095e-35 1.0000000180025095e-35 0.078894675925925931 13.500000000000002 6.5000000000000009 165.50000000000003 8.0583275462962991 3.8986342592592598 34880.375000000007 2717.8000000000006 21.025092592592596 0.17778135142181586 1.0000000180025095e-35 18.378292824074077 1.5000000000000002 13540.130000000003 8.3435532407407411 5.5000000000000009 1.0000000180025095e-35 30.850000000000005 50008.92500000001 237.50000000000003 5.5000000000000009
decision_type=2 2 2 2 2 2 2 2 2 2 2 2 2 2 2 2 2 2 2 2 2 2 2 2 2 2 2 2 2 2
left_child=1 2 3 4 -1 6 7 14 9 18 21 15 27 -14 24 -4 20 22 -2 -13 -17 -7 -15 -16 -3 26 -20 -6 -26 -9
right_child=8 5 11 -5 12 10 -8 29 -10 -11 -12 19 13 17 23 16 -18 -19 25 -21 -22 -23 -24 -25 28 -27 -28 -29 -30 -31
leaf_value=-0.036836492932248145 -0.01480686529791134 0.030657890268714717 -0.035868651605123307 -0.042184814189439028 -0.030663409269488146 -0.033897310724662018 0.081584786830997499 0.015569098180927127 0.056539012810016567 -0.039212440358291856 0.052249861704249556 -0.047701611876454629 -0.020238635816692371 -0.0090721028692862093 -0.021793205626353132 -0.017518732006376714 -0.029365097026890104 0.00025550101291453938 0.040215000041877884 0.014563195670210314 0.06165901595343453 0.023846597103317303 0.09877573316103988 0.043579217784637185 0.01676412442214063 0.061776337092414549 -0.0057356359682666815 0.032068362691349238 -0.044824964890654739 0.062096279087659946
leaf_weight=2.6564192683435968 1.8249807446263719 0.22778930002823816 2.4675436438992611 5.0769124960061154 1.5514656275045107 7.2250106595456582 8.4427334305364621 2.654669423121959 42.197642713785172 3.4841545331291845 2.3151287436485282 80.792170916218311 0.65744834346696723 0.21779078361578275 0.70282925292849574 0.51224818825721774 1.3683273280039427 1.0040007170755414 2.6107263490557653 0.94840219058096309 2.6070807217620313 0.85345591697841872 4.6244687433354557 2.2498240512795746 0.38615282392129291 5.4890439510345459 2.4119205782189965 0.19898982066661108 5.9304555354174227 7.4733343687839806
leaf_count=509 54 11 456 1099 326 1249 69 27 339 436 61 27749 75 27 103 40 169 104 17 15 67 33 135 64 9 27 28 10 593 46
internal_value=0 -0.0183414 -0.0358675 0.00474764 0.0282945 0.0290611 0.0415643 0.0212266 0.0466158 0.0183607 -0.0053883 -0.0431598 0.050971 0.0681637 -0.0138385 0.000250666 0.0230281 0.0796092 0.0363416 -0.0468119 0.0475603 -0.0258422 0.0932025 0.0264417 -0.0331078 0.0457366 0.0208606 -0.0144656 -0.0392832 0.052396
internal_weight=0 143.145 104.683 15.9875 10.9106 38.4614 28.0678 19.6251 58.0185 15.8208 10.3936 88.6958 8.25416 6.50371 9.49705 6.9552 4.48766 5.84626 12.3367 81.7406 3.11933 8.07847 4.84226 2.95265 6.5444 10.5117 5.02265 1.75046 6.31661 10.128
internal_count=33947 33046 30781 2285 1186 2265 922 853 901 562 1343 28496 677 341 780 732 276 266 126 27764 107 1282 162 167 613 72 45 336 602 73
is_linear=0
shrinkage=0.05


Tree=37
num_leaves=31
num_cat=0
split_feature=22 3 15 36 30 36 23 18 17 2 15 32 5 14 23 13 32 12 39 2 23 32 42 45 14 10 13 19 36 19
split_gain=69.2253 37.5081 13.7236 8.32135 7.68815 6.88707 6.52893 8.8978 6.36232 6.94371 4.35644 3.66464 3.31111 2.89206 2.79906 2.75725 2.69641 2.66812 2.30927 6.07441 2.10135 1.97435 1.95834 1.69952 1.47038 1.40951 1.21206 1.11562 1.0318 0.909735
threshold=1.0000000180025095e-35 1.5319487877656324 614.00000000000011 56.850000000000001 6.5000000000000009 15.850000000000003 1.0000000180025095e-35 1.0000000180025095e-35 8.5000000000000018 3.973382124839397 182.50000000000003 0.19139194139194141 1.0000000180025095e-35 33122.295000000006 8.0583275462962991 14.500000000000002 0.039607843137254913 676.85500000000013 1.0000000180025095e-35 2.2110177072425423 7.885422453703705 0.054804804804804812 1.0000000180025095e-35 1.0000000180025095e-35 47397.555000000015 6524.7250000000013 34.500000000000007 21.025092592592596 682.20000000000016 1.7143865740740742
decision_type=2 2 2 2 2 2 2 2 2 2 2 2 2 2 2 2 2 2 2 2 2 2 2 2 2 2 2 2 2 2
left_child=1 2 3 5 11 -1 7 -2 9 22 25 16 -6 -10 -12 20 17 24 19 -9 -11 -17 -3 26 -4 -7 -15 -16 -25 -22
right_child=6 8 4 -5 12 10 -8 18 13 15 14 -13 -14 23 27 21 -18 -19 -20 -21 29 -23 -24 28 -26 -27 -28 -29 -30 -31
leaf_value=-0.035050057703106444 -0.040286615151256533 -0.043812537786527002 -0.013388934158079261 -0.041538908742030325 -0.046975358429798872 -0.030188160960088747 0.056962059126569403 -0.038789092099481226 -0.012648236379313428 -0.015045358419085574 -0.017234139000911187 -0.035589291248599712 0.019811586401518592 0.06385187261951164 0.086806923112722645 -0.024880678484602708 0.068933144714766137 -0.024285651342747572 0.056166882021270841 0.048103380945709491 0.047798930712451088 0.034210821915768075 0.034638220662579176 -0.025536068966117112 0.071467895320057984 0.02979597763511134 0.012287776257012061 0.014858701597418892 0.028357957373542686 0.0040180598938332618
leaf_weight=2.2446494044270358 3.936397454002873 5.7221597458701607 0.35931970132514779 4.6264091685879967 77.882886139675975 1.4839896897319689 41.928164094686508 2.5098224608227611 1.5058191560674483 1.3625905790831918 0.508907573763281 2.4234013175591826 1.3857744755223382 11.611889729974786 5.0128786920104176 3.7538439298514268 1.5101422653533516 2.6473337716888636 7.0576297789812088 3.8215343356132507 8.7181127038784307 1.0462060847785322 0.15994671219959844 0.78263021493330664 0.55764509364962578 0.65552317025139917 1.8533576726913459 1.108784722164273 0.77317895740270615 1.5727882704231877
leaf_count=455 499 1288 54 1010 27870 314 351 50 142 79 56 510 19 211 122 159 22 188 34 18 105 12 2 58 4 44 66 76 6 155
internal_value=0 -0.0175598 -0.0333472 0.00926555 -0.0410469 0.0322857 0.0463834 0.0190714 0.0238348 0.00585774 0.0513434 0.00655925 -0.0455755 0.04641 0.0691021 0.0224041 0.0292333 0.00099553 0.0381098 0.0130657 0.0347182 -0.00832346 -0.0369562 0.0527504 0.0485777 -0.00817297 0.0580947 0.0776916 0.00186335 0.0420563
internal_weight=0 141.27 102.408 15.6411 86.7665 11.0147 59.2535 17.3254 38.8625 22.3356 8.77008 7.49784 79.2687 16.5269 6.63057 16.4535 5.07444 3.5643 13.389 6.33136 11.6535 4.80005 5.88211 15.0211 0.916965 2.13951 13.4652 6.12166 1.55581 10.2909
internal_count=33979 33027 30744 2077 28667 1067 952 601 2283 1800 612 778 27889 483 254 510 268 246 102 68 339 171 1290 341 58 358 277 198 64 260
is_linear=0
shrinkage=0.05


Tree=38
num_leaves=31
num_cat=0
split_feature=22 3 30 15 23 19 37 14 33 19 23 23 32 15 33 6 37 3 3 30 23 19 30 0 37 38 30 0 11 32
split_gain=67.1543 30.0663 12.2508 8.55868 6.88611 6.58096 6.28046 7.39866 5.57847 5.36787 3.73816 3.69957 2.91365 2.8868 2.52981 2.4938 2.18019 2.06132 4.50109 3.44171 2.02325 2.10721 1.63687 1.43324 1.38568 1.28687 1.21203 1.10799 1.04168 0.895642
threshold=1.0000000180025095e-35 1.5665996026553377 6.5000000000000009 614.00000000000011 1.0000000180025095e-35 1.0000000180025095e-35 502.35000000000008 36200.795000000006 1.0000000180025095e-35 0.027800925925925927 18.378292824074077 8.0583275462962991 0.096006144393241177 50192.000000000007 1.0000000180025095e-35 1.0000000180025095e-35 62.95000000000001 2.0821601211680192 -2.8212351170226846 7.5000000000000009 12.974947916666668 23.137812500000006 19.500000000000004 49226.510000000002 166.95000000000002 0.048384071334218487 13.500000000000002 4525.8100000000004 5.5000000000000009 0.084523809523809543
decision_type=2 2 2 2 2 2 2 2 2 2 2 2 2 2 2 2 2 2 2 2 2 2 2 2 2 2 2 2 2 2
left_child=1 2 8 9 5 17 7 14 -1 11 -10 -4 22 20 -3 29 -13 18 -2 -20 -9 23 -11 -22 -24 -12 -16 -15 -14 -5
right_child=4 6 3 15 -6 -7 -8 13 10 12 25 16 28 27 26 -17 -18 -19 19 -21 21 -23 24 -25 -26 -27 -28 -29 -30 -31
leaf_value=-0.036183648610652749 0.054097818967551309 -0.036831831748235448 -0.024539138969290192 -0.048046211198059803 0.056459015207555377 -0.038701943019544077 0.06242149130414424 -0.0095956748813908078 -0.01877168385299988 -0.043445999864510934 -0.012285748352297151 -0.014322406610465733 -0.0092302726036312243 0.025485260181204755 0.040087884975750367 0.0054241711125871282 0.081483487072012861 0.056074751281831384 0.036939627944438273 -0.036549515241309012 0.0520400132885874 -0.012391699240820776 -0.022695778985251908 0.0074144991831906247 0.042781281749385273 0.061974887054434206 -0.019560212251158303 -0.033727370363163152 0.051669427099940907 -0.014997257072027582
leaf_weight=2.5653429755475354 3.1265228632837525 7.6694687160197663 0.94791752938181106 70.782597657060251 40.018652595579624 3.3003699958790085 6.1108785225078455 2.0243958623614224 1.6389055764302609 6.1878606006503087 0.31455450272187579 0.39764624950476024 0.7495640320703385 0.26900272723287288 1.2053748760372398 2.1544835423119357 2.3224366332869977 4.7552985455840817 1.4460409865714634 3.8255320093594491 11.39681609161198 1.3705422657076258 0.80048112990334608 2.5349463014863423 0.52615787601098418 5.3294879454188049 0.62309885281138111 1.8966466356068847 0.72956006415188313 3.2691358004230997
leaf_count=545 16 1127 174 26764 350 450 75 129 130 1446 29 78 46 16 74 269 74 25 9 85 246 154 114 32 46 116 89 202 4 1065
internal_value=0 -0.0191455 -0.0331938 -0.0390299 0.0454024 0.0168167 0.020188 0.00950097 0.0182126 -0.000858891 0.0394283 0.0434674 -0.0214777 0.0267216 -0.0250194 -0.0452787 0.0673926 0.0324973 0.0146009 -0.0137151 0.0334454 0.0393788 -0.0338078 0.0449606 0.0104991 0.05661 0.0200322 -0.0206452 0.0295332 -0.0468065
internal_weight=0 133.817 98.7161 88.8678 56.4724 16.4538 35.1012 28.9903 9.84829 12.6616 7.28295 3.668 8.99362 19.4923 9.49794 76.2062 2.72008 13.1534 8.3981 5.27157 17.3267 15.3023 7.5145 13.9318 1.32664 5.64404 1.82847 2.16565 1.47912 74.0517
internal_count=33979 33044 30900 30080 935 585 2144 2069 820 1982 275 326 1656 779 1290 28098 152 135 110 94 561 432 1606 278 160 145 163 218 50 27829
is_linear=0
shrinkage=0.05


Tree=39
num_leaves=31
num_cat=0
split_feature=18 24 21 0 6 10 3 36 36 30 17 2 3 36 0 36 14 23 14 16 10 14 10 19 23 17 0 17 38 17
split_gain=50.7239 29.3314 18.7568 19.7462 24.7968 15.4717 7.68614 4.98917 6.75159 4.54697 3.6046 3.00295 3.29782 2.95966 2.82845 2.55112 2.23091 2.52506 1.79505 1.74819 1.77201 1.7459 1.5857 1.36308 1.32815 1.22915 0.807372 0.790319 0.755778 0.744789
threshold=1.0000000180025095e-35 1.5000000000000002 5.2896122685185194 106.38000000000001 1.0000000180025095e-35 432.16500000000002 2.0064716797994779 60.050000000000004 16.450000000000003 5.5000000000000009 5.5000000000000009 3.973382124839397 1.8806768610036946 37.050000000000004 3072.7900000000004 25.350000000000005 31582.470000000005 15.969635416666668 98214.710000000021 6.5000000000000009 21695.500000000004 19286.810000000005 3718.7350000000001 0.078894675925925931 15.024895833333336 9.5000000000000018 25515.565000000006 10.500000000000002 1.2436740992283395 14.500000000000002
decision_type=2 2 2 2 2 2 2 2 2 2 2 2 2 2 2 2 2 2 2 2 2 2 2 2 2 2 2 2 2 2
left_child=1 5 3 -2 19 9 7 8 -7 13 -10 29 -13 15 16 -1 23 -18 -6 20 -5 -3 -8 -12 -4 -14 -24 -27 -26 -11
right_child=2 21 24 4 18 6 22 -9 10 11 14 12 25 -15 -16 -17 17 -19 -20 -21 -22 -23 26 -25 28 27 -28 -29 -30 -31
leaf_value=-0.016447254569302416 0.055462379226876281 -0.0073672183201549946 0.052373382605377744 -0.045673706190269912 0.0074652153880807801 -0.041418015675708887 -0.0055214279192975953 -0.043068030162269066 -0.027527205251577758 -0.048758754073546434 0.043209725080194883 0.07098246142239778 -0.036470884027592201 -0.031445659427833408 -0.013523962938032466 0.062504307024619191 -0.016937996110372496 0.073383341641891267 0.05935942829806317 0.028456911618779897 0.016102754924997385 0.05126048220721751 0.065765066574559092 -0.021746499752397088 0.09596708739651813 0.035699235022299963 0.016447762987680605 -0.016950970008233531 0.030131285695675275 -0.0046694478772123498
leaf_weight=1.1432596920058125 18.041670242557302 1.1417162213474501 15.318857528269293 19.523791876854386 2.4058206300251177 4.6233973223716083 1.1722372726071615 7.7930422464851281 1.8855809727683652 59.328046609181911 0.20071377349085917 0.23824613657779936 2.4786728096660231 2.30587187432684 1.7245405430439857 1.5596757039893416 0.50823866389691819 5.0048286078963429 8.4647313160821778 0.2420161203481247 0.75599767430685361 12.814762931084259 3.6827447335235775 1.4678056607954202 7.4168898239731771 0.57819785596802808 2.0423330971971154 0.49344710679724813 1.717299699084833 1.2003732870798547
leaf_count=163 172 270 296 4053 22 1345 65 2349 429 22199 6 31 269 315 291 45 133 301 57 14 20 287 32 367 91 12 26 33 19 379
internal_value=0 -0.0193652 0.0335687 0.0152588 -0.00884564 -0.0289503 0.00101087 -0.0129941 0.00390711 -0.0417907 0.0251911 -0.0453136 -0.00166051 0.00345904 0.0380045 0.0336868 0.0505188 0.0637346 0.0494708 -0.0405996 -0.0427223 0.0462925 0.0438132 -0.000668394 0.0685299 -0.0210634 0.0532337 0.0149761 0.087784 -0.0479745
internal_weight=0 113.388 73.8871 49.434 31.3924 99.4313 30.1055 23.2081 15.4151 69.3258 10.7917 64.317 3.78856 5.00881 8.90613 2.70294 7.18159 5.51307 10.8706 20.5218 20.2798 13.9565 6.89732 1.66852 24.453 3.55032 5.72508 1.07164 9.13419 60.5284
internal_count=34091 29347 4744 4338 4166 28790 5344 5221 2872 23446 1527 22923 345 523 1098 208 807 434 79 4087 4073 557 123 373 406 314 58 45 110 22578
is_linear=0
shrinkage=0.05


Tree=40
num_leaves=31
num_cat=0
split_feature=22 2 15 0 19 21 12 23 19 21 9 23 19 32 17 37 0 9 23 3 3 31 14 2 12 16 23 16 32 0
split_gain=61.6664 34.5805 9.93897 6.17437 5.84118 9.12218 5.8525 5.77239 7.54259 6.18249 5.3403 5.04973 6.31359 3.27383 3.00632 2.81764 2.06923 1.72748 1.70327 1.61782 2.68576 1.46788 1.37494 1.35449 1.34365 1.28522 1.27079 0.864078 1.03535 0.863611
threshold=1.0000000180025095e-35 2.6747992827852056 758.50000000000011 45425.610000000008 6.9852141203703715 5.2896122685185194 23147.165000000005 15.024895833333336 11.97892939814815 5.5592071759259269 1.5000000000000002 1.0000000180025095e-35 0.027800925925925927 0.082207207207207214 14.500000000000002 150.25000000000003 49226.510000000002 2.5000000000000004 11.247870370370372 2.1834855719553268 -3.2337409725332322 1.0000000180025095e-35 47397.555000000015 19.249882541093541 130343.04500000003 5.5000000000000009 31.779675925925929 2.5000000000000004 0.16397849462365593 869.1350000000001
decision_type=2 2 2 2 2 2 2 2 2 2 2 2 2 2 2 2 2 2 2 2 2 2 2 2 2 2 2 2 2 2
left_child=1 2 7 17 5 6 25 -1 9 -9 14 12 15 -10 23 19 -8 21 -7 20 -2 24 -23 -6 -4 -3 -15 28 -24 -11
right_child=11 4 3 -5 10 18 16 8 13 29 -12 -13 -14 26 -16 -17 -18 -19 -20 -21 -22 22 27 -25 -26 -27 -28 -29 -30 -31
leaf_value=-0.041356895653654552 0.036869997752176552 -0.030877744890848952 -0.047943794014847933 0.036911169616878702 -0.044628350931249477 0.0083966379368364732 0.048315781599686969 -0.026943045839005454 -0.040238128500725424 0.022038958011054283 0.045763243140937451 0.054579467561103302 -0.037730629546361888 -0.014707589101702707 0.031694602256016419 0.052692714216690119 -0.0038135822338244149 0.023973214448325147 0.072797538793118524 0.03882251452767993 -0.032511839137291915 -0.03619813463347539 0.040263865290224896 0.022162719159574764 0.011048773207372955 0.028864278746976387 0.046426954107083709 -0.021416878519158463 -0.016998494925727491 0.098118062609601264
leaf_weight=4.4926506716292343 1.1513584107160566 6.4632563085760948 67.648169554304332 1.6798445095773775 6.7970251995138806 1.4435683737974603 5.7155368165113014 1.126470637973396 3.9711191540118307 1.2014066565316168 2.3517619122285387 37.977435491979122 2.9830069548916063 0.74707467714324627 1.0139786121435461 7.4753677137196064 2.4638621779158711 0.33422001055441697 9.9520009115803969 1.4757052101194856 3.1221483373083192 2.457464874489232 1.3677783347666266 0.24720890820026387 0.635501574492081 0.23423334932886053 1.2982792458496986 0.70324895880185057 0.51004012604244042 2.8332220704760402
leaf_count=913 6 623 27746 23 1281 88 65 177 1020 69 49 359 450 53 36 48 26 68 87 8 71 436 21 1 152 8 34 55 99 64
internal_value=0 -0.0185095 -0.0349225 -0.0423684 0.022056 0.0342554 0.00733352 0.00126878 0.0203907 0.0596211 -0.00903657 0.0446696 0.0196264 -0.0169632 -0.0283162 0.0343072 0.0339082 -0.0446467 0.0659749 0.00613628 -0.0103722 -0.0452778 -0.0152296 -0.0398207 -0.0472432 -0.02531 0.0266001 0.00926797 0.0242084 0.0843409
internal_weight=0 127.689 91.0065 75.3363 36.6824 26.2725 14.8769 15.6702 11.1776 5.1611 10.41 54.185 16.2076 6.01647 8.05821 13.2246 8.1794 73.6564 11.3956 5.74921 4.27351 73.3222 5.03853 7.04423 68.2837 6.69749 2.04535 2.58107 1.87782 4.03463
internal_count=34136 33194 30930 28600 2264 897 722 2330 1417 310 1367 942 583 1107 1318 133 91 28577 175 85 77 28509 611 1282 27898 631 87 175 120 133
is_linear=0
shrinkage=0.05


Tree=41
num_leaves=31
num_cat=0
split_feature=22 3 30 15 15 36 19 21 33 37 33 6 15 37 17 19 19 18 15 36 17 15 17 0 30 6 37 37 3 10
split_gain=53.1912 24.614 10.0077 7.79282 5.87445 5.1954 5.18556 7.41809 5.00715 4.65777 4.5615 4.17855 3.33016 3.15813 4.18136 2.29704 2.20394 2.13677 2.03734 2.35516 1.83458 1.78832 1.68004 1.66757 1.56611 1.40623 1.29726 1.13987 1.09567 1.03384
threshold=1.0000000180025095e-35 1.5319487877656324 6.5000000000000009 758.50000000000011 182.50000000000003 53.350000000000001 23.137812500000006 19.017795138888893 1.0000000180025095e-35 69.15000000000002 1.0000000180025095e-35 1.0000000180025095e-35 25506.000000000004 767.50000000000011 8.5000000000000018 17.777743055555558 11.97892939814815 1.0000000180025095e-35 55971.000000000007 50.050000000000004 13.500000000000002 154583.50000000003 3.5000000000000004 15173.920000000002 10.500000000000002 2.5000000000000004 203.95000000000002 112.75000000000001 -2.6028089179770437 8795.9550000000017
decision_type=2 2 2 2 2 2 2 2 2 2 2 2 2 2 2 2 2 2 2 2 2 2 2 2 2 2 2 2 2 2
left_child=1 2 10 4 -4 9 7 8 13 -6 -1 -5 -12 14 25 -9 -11 -13 22 -20 -17 26 -2 -10 -21 29 -14 -16 -18 -3
right_child=18 6 3 11 5 -7 -8 15 23 16 12 17 21 -15 27 20 28 -19 19 24 -22 -23 -24 -25 -26 -27 -28 -29 -30 -31
leaf_value=-0.035158358268183219 -0.0036930273516615911 -0.044935183196173609 -0.041755036464913547 -0.046986095538944554 -0.027828575719615375 -0.034498192872871508 -0.037594462608377482 0.080790814675071002 -0.0056032884892605953 0.078992659300399171 0.063437435857311902 -0.025129171602278962 -0.03559547016858413 0.038731339760437661 -0.0120842670625307 -0.025250379052762402 0.034255362764112854 0.048064521661600343 0.032360145936602046 0.021882984746282919 0.042981075883293196 0.045634566744288584 0.049290387408433792 0.054204914099817494 -0.042487427930521217 0.020161022164929644 0.019705659443668755 0.030153303684809032 -0.023170230366941352 0.0068744638679339061
leaf_weight=2.3264666562899929 1.4132129291538138 7.5088380409870368 4.8264813993591806 62.8995932538528 1.2239986066706459 2.155358137562871 2.8765696643386027 5.1928960022050878 1.217370007187127 3.6863413385581225 3.5231328485533595 0.99188047274947089 2.1022062094416478 2.3937003377359352 1.7134855010081071 0.99431275995448265 0.51817451743408993 1.1716926719527692 5.76944077736698 0.74876541481353376 1.0457240352407096 0.47939595975913096 40.213288651080802 5.2400807284284383 1.4704599487595258 0.49101160513237196 0.83551766141317774 3.8790963934734464 0.84972029365599178 0.81058968976140011
leaf_count=536 54 945 1290 27304 254 466 585 65 138 126 66 225 149 24 104 205 5 21 134 27 11 21 621 56 83 4 39 104 138 24
internal_value=0 -0.0180036 -0.0318266 -0.0376026 -0.00243309 0.0221113 0.0181562 0.0244434 0.00955516 0.0436154 0.0158999 -0.0446249 0.0352877 -0.00528559 -0.0146405 0.0653351 0.0626559 0.0171727 0.0429688 0.0169508 0.0123585 -0.00152652 0.0474472 0.0436903 -0.0207178 -0.0346406 -0.0188572 0.0173423 0.003863 -0.0396912
internal_weight=0 120.954 87.59 78.3232 13.2601 8.43359 33.3637 30.4871 23.2542 6.27823 9.26672 65.0632 6.94025 16.7967 14.403 7.23293 5.05424 2.16357 49.6152 7.98867 2.04004 3.41712 41.6265 6.45745 2.21923 8.81044 2.93772 5.59258 1.36789 8.31943
internal_count=33824 32905 30640 29829 2279 989 2265 1680 1399 523 811 27550 275 1205 1181 281 269 246 919 244 216 209 675 194 110 973 188 208 143 969
is_linear=0
shrinkage=0.05


Tree=42
num_leaves=31
num_cat=0
split_feature=22 2 15 18 3 36 37 30 21 12 15 17 21 36 36 17 30 2 3 17 36 19 12 21 15 15 32 32 17 21
split_gain=51.1337 29.4627 9.35551 7.43176 7.93693 5.66626 5.00453 4.68452 4.21498 5.6886 3.28902 2.69721 2.32156 2.50002 2.22735 2.05872 2.04339 1.93187 1.86702 1.43522 1.5651 1.38809 1.38282 1.37456 1.54997 1.75253 1.30353 2.84463 1.29625 1.25631
threshold=1.0000000180025095e-35 2.184532917163279 758.50000000000011 1.0000000180025095e-35 2.8025866982932452 54.550000000000004 66.250000000000014 6.5000000000000009 3.8986342592592598 44951.905000000006 182.50000000000003 12.500000000000002 14.318200231481482 57.850000000000001 25.350000000000005 7.5000000000000009 10.500000000000002 19.249882541093541 -0.52042571719402575 3.5000000000000004 27.850000000000005 23.05771990740741 130343.04500000003 40.211296296296304 172797.50000000003 482.50000000000006 0.084523809523809543 0.10435571687840291 8.5000000000000018 8.0862037037037044
decision_type=2 2 2 2 2 2 2 2 2 2 2 2 2 2 2 2 2 2 2 2 2 2 2 2 2 2 2 2 2 2
left_child=1 2 5 4 23 6 -1 12 9 11 -8 16 -4 14 -14 -6 17 -5 -12 20 -2 -21 26 24 25 -3 -9 28 -28 -20
right_child=19 3 7 8 15 -7 10 22 -10 -11 18 -13 13 -15 -16 -17 -18 -19 29 21 -22 -23 -24 -25 -26 -27 27 -29 -30 -31
leaf_value=-0.034650057475609349 0.037604600208763356 0.0086335415354939059 -0.033992914210269287 -0.024889670573267245 -0.0049269261801444418 -0.040773268079527858 -0.014936344280178966 -0.048326452184494051 0.063725022500810108 0.045290234702553701 0.074421243950000965 0.038921308867935517 -0.019420047258272663 -0.026755928249888695 0.061602199200237046 0.048948653138142902 -0.041697862234795567 0.048650183152975056 -0.022361234759417842 0.047744512622765106 -0.022471853167295736 0.0066920799499267441 0.013271000086096255 0.026024186351234425 0.02695506207730863 -0.045476029671653762 -0.011621374235065264 -0.033938357036381921 0.075871543353836696 0.032292376090230855
leaf_weight=2.1792501995805642 0.91435772227123324 1.4143112986348558 2.0120610417798153 0.90650589927099889 2.3076491737738243 4.2220808542333534 1.7524491078220288 55.103406301466748 8.0265012069139612 8.0252284070011211 3.6322216289117932 1.0976613024249671 0.62252540444023985 1.1189791008364407 2.1663774561602622 4.8103219561744481 4.4383981148712337 0.78518696315586567 0.7636472343001518 45.208859448553994 1.5224384462926535 2.5263077307026824 0.57832780736498435 0.31150695914402682 0.29871279839426357 9.2956208321265859 0.30186564032919649 2.0956025316845626 0.19138948363251984 2.0247823216486722
leaf_count=510 34 94 338 102 70 1103 344 25272 84 58 97 19 109 170 89 57 397 8 59 671 64 163 143 57 96 2789 127 822 57 120
internal_value=0 -0.0157122 -0.0335597 0.0179816 -0.0056647 0.00249009 0.0221719 -0.0416574 0.0361721 0.0186443 0.0394484 -0.0128502 0.000644848 0.0217713 0.0431646 0.0330268 -0.0262791 0.0146367 0.0543046 0.0438741 0.00445321 0.0457538 -0.0458934 -0.0306995 -0.034338 -0.0382035 -0.0467025 -0.00830252 0.050402 0.0153731
internal_weight=0 120.483 78.765 41.7176 18.4381 14.5744 10.3524 64.1905 23.2795 15.253 8.1731 7.22775 5.91994 3.90788 2.7889 7.11797 6.13009 1.69169 6.42065 50.172 2.4368 47.7352 58.2706 11.3202 11.0086 10.7099 57.6923 2.58886 0.493255 2.78843
internal_count=34123 33191 29360 3831 3163 2233 1130 27127 668 584 620 526 706 368 198 127 507 110 276 932 98 834 26421 3036 2979 2883 26278 1006 184 179
is_linear=0
shrinkage=0.05


Tree=43
num_leaves=31
num_cat=0
split_feature=18 24 21 2 6 15 2 36 37 19 33 17 32 3 17 2 3 14 17 10 19 41 30 0 30 45 36 30 30 38
split_gain=40.3589 26.84 13.8639 16.8601 21.4047 13.8483 5.7523 4.69475 5.8581 2.81157 2.72482 2.12777 2.64139 2.22755 2.01867 2.00339 3.74001 1.78002 1.59591 1.51554 1.20004 1.1636 1.10555 0.825238 1.31194 0.845158 0.809419 0.781191 0.777656 0.788573
threshold=1.0000000180025095e-35 1.5000000000000002 5.2896122685185194 0.12813749444333472 1.0000000180025095e-35 758.50000000000011 19.249882541093541 60.050000000000004 93.750000000000014 20.652442129629634 1.0000000180025095e-35 14.500000000000002 0.082207207207207214 -2.439985648015996 5.5000000000000009 3.973382124839397 1.9389076446881599 19286.810000000005 5.5000000000000009 76200.015000000014 0.078894675925925931 1.0000000180025095e-35 5.5000000000000009 1021.215 11.500000000000002 1.0000000180025095e-35 856.05000000000007 11.500000000000002 5.5000000000000009 1.694021936689617
decision_type=2 2 2 2 2 2 2 2 2 2 2 2 2 2 2 2 2 2 2 2 2 2 2 2 2 2 2 2 2 2
left_child=1 5 3 -2 19 7 11 8 10 14 -1 13 -13 22 -10 -15 -17 -3 -6 28 -9 26 -7 24 -4 -25 -18 -14 29 -5
right_child=2 17 23 4 18 6 -8 20 9 -11 -12 12 27 15 -16 16 21 -19 -20 -21 -22 -23 -24 25 -26 -27 -28 -29 -30 -31
leaf_value=-0.033784959768494084 0.053583350345154927 -0.012095350004561023 0.039486684610262154 -0.020916841372495752 0.0079363288896113857 0.037625966333675064 0.042938796024986639 0.017169502061333806 -0.0098187313809894108 -0.01053598628771015 0.033338169524634489 -0.027861684400141015 0.072917783295690292 -0.046562165244053134 0.072155744868271338 0.070457456870423152 -0.040589254003794518 0.04972865318170764 0.058906883777433174 0.021161790795664923 -0.039567878046345248 0.0252573955359153 -0.020533412198669724 0.072842672711637566 -0.01957467401686469 0.026351733906883376 0.013677061116078974 -0.007434802693996179 -0.044248914550194182 0.032096601968869501
leaf_weight=3.7762888253200817 16.221628090366721 0.89495455799624224 2.6259165978990526 0.68815708672628773 2.3071373305283469 0.70550171146169194 1.3106468841433514 0.56190017075277765 0.59746565669774998 1.2259786745999006 1.293008681386709 1.2450641458854068 0.30972955329343665 59.875591977965087 5.5815026755444705 0.24318009498529036 3.5598400880116974 12.314966248814015 7.3145744258072227 0.42033073306083579 3.6430302993394434 0.23722031479701389 0.68941103876568377 15.710098159732299 0.58775835041888047 2.6583129893988362 0.31187602132558812 0.17379856365732849 17.317077981308103 0.20222098450176418
leaf_count=748 178 275 47 100 27 13 9 21 98 150 11 442 11 25440 167 34 349 301 49 2 1001 2 280 238 65 46 3 45 3985 4
internal_value=0 -0.0190528 0.0311298 0.0145509 -0.00892821 -0.0293712 -0.0391875 0.0109697 0.0260373 0.0518451 -0.0139921 -0.0413905 0.00887796 -0.042828 0.0639658 -0.0441959 -0.00902402 0.0449837 0.0485828 -0.0395958 -0.0301441 -0.0265983 0.0123102 0.0631344 0.0266028 0.0678223 -0.0343078 0.0584927 -0.0420271 0.00173314
internal_weight=0 98.551 66.0532 44.4711 28.2495 85.341 68.6619 16.6792 12.4742 7.40495 5.0693 67.3512 1.72859 65.6226 6.17897 64.2277 4.35212 13.2099 9.62171 18.6278 4.20493 4.10894 1.39491 21.5821 3.21367 18.3684 3.87172 0.483528 18.2075 0.890378
internal_count=34141 29400 4741 4345 4167 28824 26628 2196 1174 415 759 26619 498 26121 265 25828 388 576 76 4091 1022 354 293 396 112 284 352 56 4089 104
is_linear=0
shrinkage=0.05


Tree=44
num_leaves=31
num_cat=0
split_feature=22 2 30 37 14 15 23 18 14 33 6 36 36 23 30 10 37 3 15 15 36 12 37 37 39 3 12 2 14 36
split_gain=45.5321 21.7123 8.72612 7.51081 9.28773 5.68425 4.92605 6.69158 3.60457 3.56762 3.20329 3.24444 3.70435 2.83452 2.60819 1.87661 1.85118 1.8187 1.79328 1.7591 1.74119 1.72636 1.52031 1.79755 1.38016 4.10734 1.37608 1.33215 1.62623 0.91333
threshold=1.0000000180025095e-35 2.184532917163279 6.5000000000000009 502.35000000000008 33122.295000000006 758.50000000000011 1.0000000180025095e-35 1.0000000180025095e-35 44039.485000000008 1.0000000180025095e-35 2.5000000000000004 12.450000000000001 59.45000000000001 18.378292824074077 18.500000000000004 7541.1750000000002 152.85000000000005 0.80203339531218354 29531.000000000004 237.50000000000003 52.150000000000013 1995.5650000000003 101.35000000000001 85.450000000000017 1.0000000180025095e-35 0.80203339531218354 130343.04500000003 19.249882541093541 466359.55500000005 32.650000000000013
decision_type=2 2 2 2 2 2 2 2 2 2 2 2 2 2 2 2 2 2 2 2 2 2 2 2 2 2 2 2 2 2
left_child=1 2 9 4 15 8 7 -2 17 -1 11 -6 22 -11 16 -3 -10 -4 -15 -16 -18 -20 23 29 25 -9 -7 28 -14 -13
right_child=6 3 5 -5 10 26 -8 24 14 13 -12 12 27 18 19 -17 20 -19 21 -21 -22 -23 -24 -25 -26 -27 -28 -29 -30 -31
leaf_value=-0.033429551118267627 -0.038581045135682931 -0.038948121001456726 -0.042078092521028967 0.061342797298805554 -0.032443829438872904 -0.046367404963083884 0.054118149831568908 -0.035234626951670865 -0.033303118039421181 -0.026063109416330128 0.05269084168074413 -0.0023966256886754109 -0.035734302956286761 0.065053191035579661 -0.014476007160742497 0.027510272961318867 0.049646081444961229 0.018567940558482956 0.037538365944889143 0.070931396235093022 -0.021286654504889407 -0.027864312393511288 0.054147444838489003 -0.030271778687918423 0.051845907414191254 0.041267125125462489 0.013456905463461583 0.022290622835221829 0.02447018730819971 0.045435686313500659
leaf_weight=1.9872938327025602 3.2374251715373221 9.9310157528379897 5.0402254164218885 5.7672134784515938 2.8028520119842204 52.571010158513673 29.948320791125298 1.8800980411469934 1.9049930945038798 1.0394033135380594 5.0660809124819925 1.4304919636342659 3.7200579452328375 3.1622994397766888 0.40019467123784158 0.47495289146900255 1.0936571280471978 0.94014406180940557 0.97258211532607708 1.617103702155873 0.73200454888865341 1.0856008841656146 4.9660637660417706 0.98229116620495904 5.2656204849481583 3.684423603117466 0.57373221428133447 1.3566488996148107 0.69975031586363901 1.7040839504916219
leaf_count=500 471 2246 1326 105 338 26194 329 41 403 111 36 114 589 41 79 2 18 90 45 57 216 56 218 91 31 24 146 12 24 67
internal_value=0 -0.0166321 -0.0325353 0.0133262 0.00341635 -0.0386382 0.0428307 0.016804 -0.00647714 0.0144571 0.0211469 0.00976056 0.0192651 0.0321701 0.0201088 -0.0337688 -0.00627229 -0.03125 0.0460904 0.0548058 0.0237372 0.00521018 0.037695 0.0111454 0.0352219 0.0139894 -0.045485 -0.0110004 -0.0234464 0.0283069
internal_weight=0 112.022 73.1202 38.9015 33.1343 64.8731 44.0159 14.0676 11.7283 8.24718 22.7283 17.6622 14.8594 6.25989 5.74795 10.406 3.73065 5.98037 5.22048 2.0173 1.82566 2.05818 9.08293 4.11687 10.8301 5.56452 53.1447 5.77646 4.41981 3.13458
internal_count=34020 33124 29282 3842 3737 28529 896 567 2189 753 1489 1453 1115 253 773 2248 637 1416 142 136 234 101 490 272 96 65 26340 625 613 181
is_linear=0
shrinkage=0.05


Tree=45
num_leaves=31
num_cat=0
split_feature=22 2 15 14 37 23 18 30 15 45 17 37 39 23 32 13 15 15 37 31 2 3 13 14 14 32 32 0 17 10
split_gain=39.2904 24.6339 8.79028 5.36831 5.98682 5.04524 5.02012 4.7833 4.56585 3.90648 3.65034 2.87847 2.695 2.66568 1.93199 1.88253 1.87481 2.09804 1.83895 1.81275 1.76852 1.65519 1.57508 1.86708 1.47103 1.47807 2.81272 1.38095 1.28003 1.17871
threshold=1.0000000180025095e-35 2.184532917163279 691.50000000000011 33122.295000000006 562.85000000000002 1.0000000180025095e-35 1.0000000180025095e-35 6.5000000000000009 182.50000000000003 1.0000000180025095e-35 6.5000000000000009 994.05000000000007 1.0000000180025095e-35 15.024895833333336 0.19139194139194141 11.500000000000002 29531.000000000004 154583.50000000003 150.25000000000003 1.0000000180025095e-35 0.24344554179186695 1.2612405391485977 24.500000000000004 20729.515000000003 552762.34500000009 0.084523809523809543 0.10435571687840291 49226.510000000002 8.5000000000000018 7541.1750000000002
decision_type=2 2 2 2 2 2 2 2 2 2 2 2 2 2 2 2 2 2 2 2 2 2 2 2 2 2 2 2 2 2
left_child=1 2 8 4 12 6 -2 14 21 10 15 -11 19 20 16 -5 -4 -18 -8 29 -10 -1 23 -15 25 -9 28 -12 -27 -3
right_child=5 3 7 9 -6 -7 18 24 13 11 27 -13 -14 22 -16 -17 17 -19 -20 -21 -22 -23 -24 -25 -26 26 -28 -29 -30 -31
leaf_value=-0.040793973121401497 -0.030940525924930878 -0.046438828343460727 0.050663843942037691 0.021779187556952139 0.045792438585673348 0.052481304706124512 0.0063227609678826249 -0.048063437586219275 0.042773815637307165 -0.040240203535208192 0.05442083040469723 0.032541653458912322 0.029279999226535059 -0.017026040997381208 -0.031484605149983955 -0.028879460176766347 -0.033034078834291651 0.040404908295975761 0.046982198229298819 0.02145341638022457 -0.033959248722762618 0.030980091537800417 -0.0067150259639629402 0.058098123002548074 0.015986352111880812 -0.011122792121813146 -0.032611948788711667 0.0062957844875410479 0.077850185243261677 0.018219650903570524
leaf_weight=4.2641025194898239 3.5036976030096385 7.9629335593199304 1.6045578180346631 3.8369191379752072 2.8103419013787052 29.53978456556797 4.992277380079031 48.198755252175033 0.076218849048017012 2.5189079318661234 14.279513629269786 1.2940802723169329 1.0854143261676661 0.51134045515209425 1.6796054425649343 1.9613144587492568 1.7207861223723742 0.53851505555212487 6.4769088942557573 0.64073081058450121 2.0254297771025449 0.19911491940729309 1.2896347895730285 4.8080197067465633 0.51396832056343456 0.28530009509995524 1.8626617386471478 1.9643629414495087 0.17292945086956024 0.25155558297410596
leaf_count=1305 501 2134 50 165 45 336 52 25228 4 319 707 13 64 129 443 308 154 27 48 50 347 4 159 200 181 132 820 30 48 2
internal_value=0 -0.0145808 -0.0321536 0.0171787 -0.00892156 0.0407049 0.0156404 -0.0405877 0.00437606 0.0299035 0.0377574 -0.0139099 -0.0271616 0.0246761 0.00303746 0.00291591 0.0214319 -0.00850339 0.0312105 -0.0363489 -0.018283 -0.0325074 0.0389444 0.0493251 -0.0452938 -0.0462154 -0.00492046 0.0493037 0.0528152 -0.0426964
internal_weight=0 108.357 69.7509 38.6061 12.751 44.5127 14.9729 56.5771 13.1739 25.8551 22.0421 3.81299 9.94063 8.71064 5.54346 5.79823 3.86386 2.2593 11.4692 8.85522 2.10165 4.46322 6.60899 5.31936 51.0336 50.5196 2.32089 16.2439 0.45823 8.21449
internal_count=34005 33068 29231 3837 2295 937 601 27083 2148 1542 1210 332 2250 839 674 473 231 181 100 2186 351 1309 488 329 26409 26228 1000 737 180 2136
is_linear=0
shrinkage=0.05


Tree=46
num_leaves=31
num_cat=0
split_feature=18 2 21 2 5 15 24 32 30 23 17 10 12 13 17 21 15 37 32 32 17 17 45 10 24 24 23 10 37 12
split_gain=29.6871 23.6919 14.7206 13.2779 16.7094 11.5714 6.70552 4.69949 3.51929 2.60822 2.49661 2.20601 2.09302 1.98543 2.00577 1.8211 1.79377 1.79137 1.26648 2.72029 1.19892 1.03633 1.0213 0.965562 0.962207 0.811727 0.748689 0.732147 0.566525 0.545736
threshold=1.0000000180025095e-35 3.5876276440757437 5.5592071759259269 0.12813749444333472 1.0000000180025095e-35 758.50000000000011 2.5000000000000004 0.05634920634920635 5.5000000000000009 29.483304398148153 5.5000000000000009 21695.500000000004 50008.92500000001 11.500000000000002 5.5000000000000009 32.914224537037043 182.50000000000003 56.750000000000007 0.084523809523809543 0.10435571687840291 8.5000000000000018 8.5000000000000018 1.0000000180025095e-35 6709.5250000000005 3.5000000000000004 1.5000000000000002 15.024895833333336 8259.6100000000024 994.05000000000007 3233.4500000000003
decision_type=2 2 2 2 2 2 2 2 2 2 2 2 2 2 2 2 2 2 2 2 2 2 2 2 2 2 2 2 2 2
left_child=1 5 3 -2 11 7 8 12 9 -7 27 25 13 14 -1 -11 -9 -12 -10 20 -20 -6 26 -14 -15 -5 -4 -3 -24 -16
right_child=2 10 22 4 21 6 -8 16 18 15 17 -13 23 24 29 -17 -18 -19 19 -21 -22 -23 28 -25 -26 -27 -28 -29 -30 -31
leaf_value=-0.024368374076935199 0.051599661815994069 -0.022686249254963809 0.050656049276826098 -0.045585740644018526 0.014494637775736419 -0.03053670253557322 0.037738052451112086 -0.018277972142682994 -0.04672807331422324 0.051144059973722192 -0.006995962343169947 0.019733167023240919 0.051744479579207428 -0.042062713832574844 -0.0085041740624136782 -0.020523386999309903 0.051832001601583737 0.050083278804810262 -0.01126160909358213 -0.033226316236314384 0.073244606015310673 0.054611959574646651 -0.0046565913772171185 -0.0084950974336365642 0.014638986444858915 0.0070144040126650098 0.087408686989095014 0.02121368186959996 0.034867621805411433 0.047547786049407327
leaf_weight=1.4528814565855994 12.077521130442618 1.6725594184827088 11.558484915876766 15.10751781077124 3.3914813026785868 2.5266232653520992 2.0723301395773879 0.56146165728568931 48.979157092282549 1.7090683872811498 1.2744957683607925 0.93990587769076306 0.77873091073706635 5.0326226344332099 0.20398144097998727 0.66291215689852823 5.0277383548673242 12.736065278062595 0.28971030667889808 1.9634167917538432 0.21666455734521151 5.4973611235618591 1.0706617035903028 0.6737183122895658 0.35789224505424488 0.50939807214308608 6.2280918455217025 0.54585231374949206 1.5907118991017342 1.3188961797859517
leaf_count=411 152 232 244 4019 22 391 22 95 24977 92 84 20 20 1344 65 95 99 390 129 826 54 36 43 88 4 56 84 7 18 63
internal_value=0 -0.0157522 0.0297862 0.0105878 -0.0100931 -0.0277776 -0.0378093 0.0102443 -0.0411974 -0.000553907 0.0373904 -0.0390392 -0.0107039 -0.0206724 0.010123 0.0309682 0.043084 0.0447708 -0.0449829 -0.00688039 0.0495162 0.0423191 0.0628802 0.031732 -0.0365965 -0.0435511 0.0674929 -0.00864934 0.0220381 0.039645
internal_weight=0 90.0568 57.9711 37.5232 25.4457 73.8278 58.4199 15.4079 56.3476 4.8986 16.229 16.5568 9.81872 8.36627 2.97576 2.37198 5.5892 14.0106 51.4489 2.46979 0.506375 8.88884 20.448 1.45245 5.39051 15.6169 17.7866 2.21841 2.66137 1.52288
internal_count=34182 29488 4694 4305 4153 28775 26586 2189 26564 578 713 4095 1995 1887 539 187 194 474 25986 1009 183 58 389 108 1348 4075 328 239 61 128
is_linear=0
shrinkage=0.05


Tree=47
num_leaves=31
num_cat=0
split_feature=18 24 15 21 0 6 17 32 17 36 19 36 36 15 3 0 0 36 15 3 16 41 30 3 13 36 12 19 15 15
split_gain=35.0441 20.2359 11.4083 9.25814 10.1763 15.5205 4.03709 3.49375 6.68077 3.59883 3.2549 2.99349 3.65584 2.50046 2.72816 2.65599 4.74399 2.1234 2.11745 1.82699 1.66853 1.49245 1.40362 1.3654 1.28792 1.23668 1.23104 1.09231 1.08083 2.13931
threshold=1.0000000180025095e-35 1.5000000000000002 1712.5000000000002 5.2896122685185194 106.38000000000001 1.0000000180025095e-35 7.5000000000000009 0.036038961038961044 8.5000000000000018 43.750000000000007 0.21398148148148152 58.850000000000001 15.850000000000003 96571.500000000015 0.84396429561378905 3750.3550000000005 3466.3150000000005 18.050000000000004 758.50000000000011 1.4069004245689793 1.5000000000000002 1.0000000180025095e-35 5.5000000000000009 -2.6028089179770437 36.500000000000007 25.850000000000005 3720.9350000000009 0.14489004629629634 98372.000000000015 146785.00000000003
decision_type=2 2 2 2 2 2 2 2 2 2 2 2 2 2 2 2 2 2 2 2 2 2 2 2 2 2 2 2 2 2
left_child=1 2 6 4 -2 18 10 13 -9 17 25 12 -8 21 23 16 -16 -10 19 -6 -7 -4 -12 -15 26 -1 -14 -13 -20 -30
right_child=3 -3 7 -5 5 20 11 8 9 -11 22 27 24 14 15 -17 -18 -19 28 -21 -22 -23 -24 -25 -26 -27 -28 -29 29 -31
leaf_value=-0.017908372704459243 0.051509290931107614 0.042780917703394733 -0.049477718703684809 0.058770575860928126 -0.022107372636223987 0.0043081400914192942 -0.026974134548484147 -0.041424994377297165 -0.012661072742172206 -0.017205834132927974 0.015140465750628341 0.020715469492622172 -0.008445629950417392 0.022714867325044536 -0.017530823561226774 -0.020780247645573426 0.13884464757197904 0.091200012660540508 -0.046232589613591023 0.0421366649040638 0.055243314154916727 0.019102136689127608 -0.041155719570613147 -0.03913931279192099 -0.013237078223367393 0.043157270693532479 0.062397017452790506 -0.032931557758434281 0.04071910895455666 -0.032042677622748018
leaf_weight=0.55354869342409285 12.494410796090959 10.820024929242207 41.275102710234933 19.685229900758713 1.5966771310195356 2.2087605297565442 1.1367042703786845 4.7079949921462676 0.3375329012051228 1.2209098753519354 0.77741647767834354 0.60927290737163309 0.42982929199933995 0.41580029996112022 0.53802318032830931 0.70146074704825878 0.058979707304388285 1.5008584783645345 10.720543143572284 0.95732943806797255 7.4175365490373224 0.32229700626339663 6.2874484314816073 3.5605995706282547 0.34637378773186345 1.6338357062777502 5.9549973581451923 1.8844374952604992 0.63065842702053432 1.6909777151886372
leaf_count=178 166 557 20215 384 224 18 322 1928 143 362 49 9 90 27 270 219 20 113 3087 11 62 35 1904 1960 61 84 259 618 121 610
internal_value=0 -0.0184525 -0.0278252 0.0317279 0.0164604 -0.00220392 0.00473583 -0.0393886 -0.0072454 0.0426012 -0.0182557 0.0250656 0.0390664 -0.0444525 -0.00982092 0.0368568 0.0751851 0.0743885 -0.0323345 0.00705391 0.0450615 -0.0485104 -0.0338517 -0.0294066 0.0522653 0.0269336 0.05713 -0.0176466 -0.0400008 -0.0059691
internal_weight=0 85.0734 74.2534 57.4021 37.7169 25.2225 19.6139 54.6396 7.7673 3.0593 9.25225 10.3616 7.8679 46.8723 5.27486 1.29846 0.597003 1.83839 15.5962 2.55401 9.6263 41.5974 7.06486 3.9764 6.7312 2.18738 6.38483 2.49371 13.0422 2.32164
internal_count=34106 29423 28866 4683 4299 4133 3574 25292 2546 618 2215 1359 732 22746 2496 509 290 256 4053 235 80 20250 1953 1987 410 262 349 627 3818 731
is_linear=0
shrinkage=0.05


Tree=48
num_leaves=31
num_cat=0
split_feature=22 3 23 30 37 17 19 17 2 19 12 14 17 19 23 37 2 2 0 38 0 2 38 0 19 19 23 13 30 0
split_gain=34.3178 18.5099 5.87989 5.59229 4.85319 6.19144 3.79997 3.52623 3.14444 2.90271 2.80964 2.6142 2.1707 2.71497 1.91203 1.56225 2.13925 1.54012 1.47718 1.9645 1.42819 2.02351 1.58635 1.17753 1.17217 1.04641 1.02018 0.896194 0.885845 1.51423
threshold=1.0000000180025095e-35 1.5665996026553377 1.0000000180025095e-35 6.5000000000000009 502.35000000000008 9.5000000000000018 0.027800925925925927 12.500000000000002 19.249882541093541 6.9059953703703716 56364.785000000011 31582.470000000005 6.5000000000000009 8.9273842592592612 20.22527777777778 127.25000000000001 4.3173928839014559 0.12813749444333472 1145.075 0.66571410182084645 7453.2750000000005 3.5876276440757437 0.38443596201205771 4412.2300000000005 17.030422453703707 18.2897337962963 15.024895833333336 10.500000000000002 18.500000000000004 1752.0950000000003
decision_type=2 2 2 2 2 2 2 2 2 2 2 2 2 2 2 2 2 2 2 2 2 2 2 2 2 2 2 2 2 2
left_child=1 3 6 11 5 8 15 10 20 14 28 -1 -12 -14 -9 16 -2 -11 -13 -20 21 -3 -23 -7 26 -21 -24 -10 -5 -30
right_child=2 4 -4 7 -6 23 -8 9 27 17 12 18 13 -15 -16 -17 -18 -19 19 25 -22 22 24 -25 -26 -27 -28 -29 29 -31
leaf_value=-0.032492655522024134 -0.024503857642904438 -0.033221792378773589 0.053023394538488491 -0.042536164182766047 0.061566330403262495 -0.0125191414448515 -0.035825004630058353 0.077873009390524578 0.044982076548176209 0.028897178821074305 -0.030910223417623298 0.045512139416113796 0.06388373801945775 -0.022914202156634027 -0.014739805288280309 0.038583738490600275 0.036715883491776673 -0.034671641101990627 -0.031518487067728772 0.04298999279269497 -0.03835105557980506 -0.021976445738351835 -0.010276216560071556 0.043405628784598457 -0.013993173678976543 -0.016077978135462884 0.064785680624472569 0.0007638063950705595 -0.037553591428998528 -0.00036443748374520373
leaf_weight=1.825066750170661 2.6219698032364236 1.9406625669216788 27.35444300621748 43.106152250431478 4.5604644655250004 0.6111513547366475 2.4681560492608687 0.80946050724014573 1.4936306253075593 0.48961701989173922 1.4087356450036161 2.9131578793749213 1.2285856122616681 0.83953606477007259 0.41050118335988373 6.0839521083980799 1.3548012748360632 2.2355131842195988 1.5601767310872676 1.4933546283282337 6.1616639005951583 0.76775818504393134 0.25588532665278796 8.717150826007126 0.38512161525432009 0.46179646137170483 1.3911502901464698 2.1852968102321029 5.6630946712102723 4.6790601764805615
leaf_count=469 72 747 352 23303 74 113 434 73 17 2 425 63 131 345 154 48 8 1063 168 59 557 177 62 188 93 52 35 32 2786 1864
internal_value=0 -0.0141224 0.0403645 -0.0279842 0.0193408 0.00913846 0.0108498 -0.0331606 -0.0111657 0.0103098 -0.0362992 0.00964991 0.005755 0.0326646 0.054108 0.024504 -0.000460866 -0.018559 0.0243778 0.000663001 -0.0242455 -0.00242464 0.0220466 0.0388843 0.0404413 0.0283189 0.0536474 0.0244931 -0.0390903 -0.0222438
internal_weight=0 97.5937 39.8833 69.1238 28.4699 23.9095 12.5289 60.8703 14.5812 3.94509 56.9252 8.25355 3.47686 2.06812 1.21996 10.0607 3.97677 2.72513 6.42849 3.51533 10.9022 4.74058 2.79992 9.3283 2.03216 1.95515 1.64704 3.67893 53.4483 10.3422
internal_count=33966 33052 914 30957 2095 2021 562 30146 1720 1292 28854 811 901 476 227 128 80 1065 342 279 1671 1114 367 301 190 111 97 49 27953 4650
is_linear=0
shrinkage=0.05


Tree=49
num_leaves=31
num_cat=0
split_feature=22 18 15 14 23 14 19 32 37 45 36 37 23 19 30 36 15 0 0 23 6 37 0 33 36 36 36 14 19 15
split_gain=29.1497 15.1526 9.56416 6.96099 6.21281 4.45182 3.50422 3.40018 3.34307 3.31412 3.27167 4.77381 3.22497 3.10252 3.03892 2.61625 2.54352 2.96813 6.49351 2.43557 2.1082 1.99879 1.92503 1.84487 1.79696 1.73458 2.16058 1.6903 1.64799 1.53792
threshold=1.0000000180025095e-35 1.0000000180025095e-35 1712.5000000000002 27914.525000000005 1.0000000180025095e-35 32707.424999999999 0.027800925925925927 0.036038961038961044 767.50000000000011 1.0000000180025095e-35 43.750000000000007 71.750000000000014 14.849513888888891 23.137812500000006 1.5000000000000002 58.850000000000001 96571.500000000015 3466.3150000000005 3750.3550000000005 19.859947916666673 1.0000000180025095e-35 55.050000000000004 49226.510000000002 1.0000000180025095e-35 58.850000000000001 25.350000000000005 15.850000000000003 33122.295000000006 0.027800925925925927 55971.000000000007
decision_type=2 2 2 2 2 2 2 2 2 2 2 2 2 2 2 2 2 2 2 2 2 2 2 2 2 2 2 2 2 2
left_child=1 2 5 8 6 28 29 14 25 15 11 -9 -7 21 -4 22 -16 -18 -19 -13 -17 -14 -5 -15 -23 26 -3 -21 -1 -2
right_child=4 3 7 9 -6 12 -8 10 -10 -11 -12 19 13 23 16 20 17 18 -20 27 -22 24 -24 -25 -26 -27 -28 -29 -30 -31
leaf_value=0.020334699538441484 0.033063290327566143 -0.029094318437901747 0.030089643443080932 0.064344920196517427 0.051284905171019579 -0.029127326033932466 -0.035868318828062351 -0.031238876026016008 0.035791924450154181 -0.018963385069422082 -0.035841999472163669 -0.016214424021369658 -0.01921709826756398 -0.033713795687933035 -0.048695469046928626 -0.013655177270268139 -0.029923751725353023 0.12907530027968406 -0.025914688533696474 -0.010172521525395823 0.03693149668845442 0.062465657492022854 -0.00013165464515993205 0.034032407527974998 0.0027628383463162787 -0.038895376068377847 0.03897255329359478 0.09291818797477891 -0.041007663119973163 -0.0049886020399042127
leaf_weight=0.72427676594816404 7.4145756554789823 1.3596417574444788 0.75900129997171362 8.8715561893768644 26.72336183860898 1.8830259786918748 2.4808666855096808 1.633148794062435 1.8192820796975873 1.9803004672285158 3.3066403974080458 0.47747098922263864 0.61263058276381155 1.9813919038278975 36.118829771177843 3.1257649732287964 3.4496083329431704 0.11663929768837977 1.0665717783849684 0.25457414402626444 3.3950048952829093 6.0942134455544874 1.3068106365390129 0.58314374787732948 1.6487546935677526 6.4589807885931805 1.3282823570771141 1.5450324175180865 4.3840237103868276 3.5351795232854784
leaf_count=165 85 573 40 522 356 532 459 697 29 260 1418 204 171 551 19945 526 1961 41 527 117 30 198 20 13 266 2178 235 114 1620 48
internal_value=0 -0.0124754 -0.02559 0.0168773 0.0377248 0.00545375 0.00905966 -0.0368814 -0.0139665 0.0347744 -0.00448516 0.0239306 0.0209272 0.0312779 -0.0422756 0.0418584 -0.0443118 -0.00755802 0.0414875 0.0609571 0.0140911 0.0448365 0.0567955 -0.0130833 0.0515229 -0.0264152 0.00598899 0.0799104 -0.0304051 0.0213887
internal_weight=0 96.2846 66.639 29.6456 40.154 17.9115 13.4306 48.7275 10.9662 18.6794 7.21687 3.91023 12.8032 10.9201 41.5107 16.6991 40.7516 4.63282 1.18321 2.27708 6.52077 8.3556 10.1784 2.56454 7.74297 9.1469 2.68792 1.79961 5.1083 10.9498
internal_count=33901 32953 28580 4373 948 3516 592 25064 3015 1358 2550 1132 1731 1199 22514 1098 22474 2529 568 435 556 635 542 564 464 2986 808 231 1785 133
is_linear=0
shrinkage=0.05


Tree=50
num_leaves=31
num_cat=0
split_feature=18 2 15 33 14 24 37 36 36 22 5 38 36 15 15 2 30 32 32 23 37 23 23 39 10 2 37 37 15 2
split_gain=26.0278 18.4119 9.36563 6.32966 5.86925 5.21723 4.06771 3.69627 3.75586 2.74908 3.11 2.30877 2.22986 1.83331 1.6946 1.90049 1.39812 1.44968 2.66186 1.27394 1.22477 1.22196 1.38078 1.19774 0.928801 0.845764 0.812367 0.802941 0.737219 1.79387
threshold=1.0000000180025095e-35 3.5876276440757437 758.50000000000011 1.0000000180025095e-35 9729.510000000002 2.5000000000000004 317.35000000000008 60.050000000000004 16.450000000000003 1.0000000180025095e-35 1.0000000180025095e-35 0.056812554082939691 60.050000000000004 614.00000000000011 182.50000000000003 0.98946803268642103 4.5000000000000009 0.084523809523809543 0.10435571687840291 1.0000000180025095e-35 604.00000000000011 30.395277777777782 33.995486111111113 1.0000000180025095e-35 2667.2600000000007 1.9532490451821827 666.85000000000014 69.15000000000002 96571.500000000015 1.59610900237779
decision_type=2 2 2 2 2 2 2 2 2 2 2 2 2 2 2 2 2 2 2 2 2 2 2 2 2 2 2 2 2 2
left_child=1 2 7 4 26 16 9 8 -1 10 13 -3 27 -6 25 24 21 28 -19 -11 -14 -4 -23 -15 -16 -10 -2 -13 -18 -30
right_child=3 11 5 -5 6 -7 -8 -9 14 19 -12 12 20 23 15 -17 17 18 -20 -21 -22 22 -24 -25 -26 -27 -28 -29 29 -31
leaf_value=-0.032566743313303101 -0.040947140955129233 -0.013118499963768957 -0.028306789815201808 0.047826704968526861 0.015726011468277335 0.034211865903630886 0.056477236229581035 -0.035070321776531591 -0.023783147679295572 0.006779433265622201 0.02805720377731882 -0.0013491081996878018 -0.015172532137828487 -0.037230249940744163 0.066998783366682343 0.002420599435302255 -0.048780343231922374 0.051783912790335042 -0.031708797821346904 0.045206481541206572 0.032290626545640577 0.044754514381835087 -0.02055795178096391 0.017847215879275888 0.006538968344619059 0.026392290274571802 0.010047148061516928 0.056994948746052147 -0.035719566923863598 0.023254345143017118
leaf_weight=1.8166222317377094 4.1013013953343025 1.8764151219511394 2.1880724143702532 21.91335196851287 2.1203813231550175 1.644994169473647 5.5717466503847382 2.9254823388764626 1.3370784854050706 3.9804371632635593 4.1542340107262143 0.5825088048586603 2.2918078780639908 6.3862350877607241 4.0574251597281545 2.1665513764601201 37.599747704574838 0.47285146289505009 1.7217772104777394 5.0710066817700863 1.3482705885544422 0.81973922671750166 0.66530271619558334 0.53773089987225819 0.9925018420908599 0.35025415150448669 0.51635795889887948 7.939053819514811 3.2765480640809974 1.0461567038437349
leaf_count=506 1646 172 405 674 141 20 184 1005 347 39 30 51 273 1923 110 155 22308 185 819 76 20 49 102 40 62 15 14 234 1967 577
internal_value=0 -0.017217 -0.028721 0.0275998 0.0129146 -0.0386767 0.0217025 0.00752375 0.0211477 0.0109398 -0.00379352 0.0329493 0.0405138 -0.01976 0.0342887 0.0437578 -0.0418354 -0.0442874 -0.00314098 0.0306636 0.00557794 -0.00920965 0.0189962 -0.0312403 0.0581611 -0.00742252 -0.0344714 0.0532839 -0.046318 -0.0197596
internal_weight=0 77.1192 63.0811 54.3528 32.4394 49.4352 27.8218 13.6459 10.7204 22.25 13.1986 14.0381 12.1616 9.04435 8.90381 7.21648 47.7902 44.1171 2.19463 9.05144 3.64008 3.67311 1.48504 6.92397 5.04993 1.68733 4.61766 8.52156 41.9225 4.3227
internal_count=34149 29382 28632 4767 4093 26432 2433 2200 1195 2249 2134 750 578 2104 689 327 26412 25856 1004 115 293 556 151 1963 172 362 1660 285 24852 2544
is_linear=0
shrinkage=0.05


Tree=51
num_leaves=31
num_cat=0
split_feature=22 3 15 23 31 19 23 19 15 6 4 32 37 16 3 23 19 37 2 2 32 32 17 13 16 23 12 38 13 11
split_gain=28.6068 19.2043 7.50773 5.09259 4.8398 3.65415 3.63542 4.36287 3.31403 2.68384 2.54871 2.25609 2.17385 3.17889 1.95271 1.93123 2.44511 1.51283 1.75614 1.92648 1.50611 2.4639 1.199 1.1671 1.00519 0.992584 0.870735 0.8704 0.927215 0.814925
threshold=1.0000000180025095e-35 1.5319487877656324 614.00000000000011 1.0000000180025095e-35 1.0000000180025095e-35 1.0000000180025095e-35 7.9839583333333346 17.402025462962964 182.50000000000003 1.0000000180025095e-35 1.0000000180025095e-35 0.21583850931677021 112.75000000000001 2.5000000000000004 1.2612405391485977 15.024895833333336 22.723784722222224 150.25000000000003 3.973382124839397 0.12813749444333472 0.084523809523809543 0.10435571687840291 8.5000000000000018 24.500000000000004 2.5000000000000004 18.378292824074077 4097.9000000000005 1.7196581197618641 33.500000000000007 1.5000000000000002
decision_type=2 2 2 2 2 2 2 2 2 2 2 2 2 2 2 2 2 2 2 2 2 2 2 2 2 2 2 2 2 2
left_child=1 2 8 5 9 17 -3 12 14 20 -9 25 13 -8 -1 29 23 18 19 -2 -4 22 -22 26 -11 -6 -17 28 -14 -10
right_child=3 6 4 -5 11 -7 7 10 15 24 -12 -13 27 -15 -16 16 -18 -19 -20 -21 21 -23 -24 -25 -26 -27 -28 -29 -30 -31
leaf_value=-0.039633327821017264 0.030681399017204122 -0.030473919909042357 -0.047677217894421697 0.052077772867740416 -0.010211420704315398 -0.035170396313721389 -0.028590423141368282 -0.038652876722193315 0.02017354368256136 -0.020573585235429168 0.027410446096009768 -0.030827823138565309 0.0494608948678519 0.031488671033920022 0.030119607119815935 -0.00029059769909679659 -0.023719497269076795 0.041241144079893877 0.037378106056985286 -0.030644870965623384 -0.011561450192890229 -0.031594784203487727 0.07166226175189383 -0.0013384403531544646 0.034004944017020977 0.040452613349125956 0.062647014235213502 0.0023464061020477176 -0.0035165153644642552 -0.030049420337531468
leaf_weight=3.7012303526280439 0.94270834326743891 2.5304817897267666 40.478444344131276 23.013869754970074 0.86067452607676331 2.3240066939033559 2.6427680628839942 3.1898704775376236 0.38253205851651539 0.59829278534743824 1.3815247493330387 1.5915027661249039 13.410910208709534 4.6963036052184179 0.489828472258523 0.60950161877553899 0.88619041198398907 5.3930589687079191 1.6310595143586395 3.1062863888218999 0.2999227382242674 1.7056386364856733 0.23233274836093187 1.0243318449938668 0.99686579988338053 2.5396316980477422 3.8431251149158925 1.3145584106678132 0.74054702441208142 1.4536097833188248
leaf_count=1315 6 445 26756 335 78 454 309 803 42 125 39 488 458 136 19 70 221 45 11 69 147 866 55 82 134 81 88 30 22 265
internal_value=0 -0.0135983 -0.0293851 0.0382094 -0.0379788 0.0124235 0.0188646 0.0243383 0.00509317 -0.0431404 -0.0173515 0.0073929 0.0330731 0.00902028 -0.0272492 0.02279 0.0346986 0.0244982 0.00480721 -0.0131178 -0.0455157 -0.00376829 0.0478267 0.0463536 0.0134946 0.0282224 0.0555585 0.0432458 0.0466395 -0.0161624
internal_weight=0 91.6006 61.6937 36.411 49.3033 13.3971 29.907 27.3765 12.3903 44.3115 4.5714 4.99181 22.8051 7.33907 4.19106 8.19929 6.36315 11.0731 5.68005 4.04899 42.7163 2.23789 0.532255 5.47696 1.59516 3.40031 4.45263 15.466 14.1515 1.83614
internal_count=33994 33074 30832 920 28730 585 2242 1797 2102 28083 842 647 955 445 1334 768 461 131 86 75 27824 1068 202 240 259 159 158 510 480 307
is_linear=0
shrinkage=0.05


Tree=52
num_leaves=31
num_cat=0
split_feature=22 3 15 19 23 21 6 15 30 36 36 19 15 30 30 23 4 21 36 12 3 39 12 23 6 36 17 13 19 13
split_gain=24.3238 18.4948 6.32204 6.20163 5.62535 4.63262 5.44918 4.55168 4.13195 3.15742 3.40864 3.02329 2.95266 2.40724 2.1615 1.85189 1.81464 1.70799 1.78835 1.50977 1.47153 2.73064 1.4015 1.39373 1.28991 1.18531 1.15943 1.12313 1.08028 1.04008
threshold=1.0000000180025095e-35 1.1330830612240095 758.50000000000011 17.402025462962964 1.0000000180025095e-35 11.027870370370371 1.5000000000000002 182.50000000000003 6.5000000000000009 56.850000000000001 18.550000000000004 0.027800925925925927 614.00000000000011 20.500000000000004 7.5000000000000009 14.849513888888891 1.0000000180025095e-35 14.318200231481482 57.850000000000001 130343.04500000003 2.4965913171622796 1.0000000180025095e-35 5537.2500000000009 8.0583275462962991 1.0000000180025095e-35 29.850000000000005 14.500000000000002 6.5000000000000009 0.64857638888888902 24.500000000000004
decision_type=2 2 2 2 2 2 2 2 2 2 2 2 2 2 2 2 2 2 2 2 2 2 2 2 2 2 2 2 2 2
left_child=1 2 7 5 11 6 12 -1 17 10 -9 20 -3 15 -14 28 -5 -4 22 26 21 27 25 -12 -16 -19 -10 -2 -7 -25
right_child=4 3 8 16 -6 13 -8 9 19 -11 23 -13 14 -15 24 -17 -18 18 -20 -21 -22 -23 -24 29 -26 -27 -28 -29 -30 -31
leaf_value=-0.039126450411080552 0.013551883459424536 0.036359810612497052 -0.030595340342363383 -0.041210867327279167 0.050167297685859064 0.030556108732535288 0.047131805226667496 -0.026603646108996459 -0.047366307516681208 -0.03009371788226535 -0.013880455047792568 -0.034883621283220451 0.03007431990487823 -0.014916012595971903 -0.037902671470945774 0.06744171984651616 0.017633920167168284 -0.010941518189536127 -0.023887045683493216 0.017249565323445886 0.045137966175126824 0.031917911710168632 -0.0083585661208094644 0.067203567322083352 0.0019955908881222981 0.068259407875123329 0.0072194280159004545 -0.035489141128948513 -0.022577882296386506 0.0053555237800276857
leaf_weight=3.4821353601291767 1.077656031120567 1.9415558571927309 1.5228352739941318 4.4393619340844443 23.082328625023365 1.1259880175348334 5.3257960518822065 1.1016051881015281 35.96068139700219 1.4805223934818057 0.37589825456961978 2.2629327201284459 1.0524289046879847 0.88264963938854712 6.9414883514400554 7.6509037830401212 1.1002820793073622 0.27815216267481524 0.89347393298521627 0.48522574454545875 2.8712903782725334 3.8800201192498207 0.87448109290562559 4.0981436856091022 2.5900605779606849 1.4743356814142314 0.74624550458975036 2.6659262739121914 0.80031941924244154 0.99620169820263971
leaf_count=1280 30 63 334 1627 347 14 46 259 25298 416 54 460 81 44 1615 439 41 71 168 144 20 25 63 136 45 45 435 56 281 61
internal_value=0 -0.0124331 -0.030443 0.0162271 0.0359087 0.025678 0.00917636 0.00225597 -0.0392187 0.0224966 0.036754 0.00833961 -0.00925357 0.0505822 -0.0200375 0.0574581 -0.0286139 0.00278446 0.0207976 -0.0448381 0.0198834 0.0062405 0.0383912 0.0516528 -0.0279009 0.0562806 -0.0460946 -0.021491 0.00830894 0.0579725
internal_weight=0 87.6208 53.7699 33.8508 35.8402 28.3112 17.8513 11.5345 42.2354 8.05237 6.57185 12.7578 12.5255 10.4599 10.584 9.57721 5.53964 5.04328 3.52044 37.1922 10.4949 7.6236 2.62697 5.47024 9.53155 1.75249 36.7069 3.74358 1.92631 5.09435
internal_count=33998 33060 28764 4296 938 2628 1850 2206 26558 926 510 591 1804 778 1741 734 1668 681 347 25877 131 111 179 251 1660 116 25733 86 295 197
is_linear=0
shrinkage=0.05


Tree=53
num_leaves=31
num_cat=0
split_feature=22 3 32 19 32 30 21 6 13 23 19 14 19 18 23 36 37 0 12 9 39 3 14 23 3 37 3 2 9 30
split_gain=26.0621 15.8293 6.86942 6.40176 5.38582 5.04867 3.7157 5.08641 3.49281 3.43348 3.83876 3.00371 2.82766 2.35415 2.29687 2.18981 3.76094 2.0525 1.83584 1.65759 1.60852 3.25802 1.37955 1.30931 1.25515 0.955257 0.952614 2.61785 1.45384 0.938958
threshold=1.0000000180025095e-35 1.1945966753204555 0.077935222672064791 17.402025462962964 0.22474747474747478 5.5000000000000009 11.027870370370371 1.0000000180025095e-35 15.500000000000002 1.0000000180025095e-35 0.027800925925925927 404017.0400000001 11.885908564814818 1.0000000180025095e-35 19.219704861111115 59.45000000000001 153.65000000000001 2972.6150000000002 6770.0950000000003 1.5000000000000002 1.0000000180025095e-35 0.80203339531218354 30499.280000000002 7.885422453703705 3.4357288626039613 140.75000000000003 0.80203339531218354 1.6385422311926139 2.5000000000000004 19.500000000000004
decision_type=2 2 2 2 2 2 2 2 2 2 2 2 2 2 2 2 2 2 2 2 2 2 2 2 2 2 2 2 2 2
left_child=1 2 5 6 8 18 7 15 -4 10 20 26 29 -13 -14 16 19 -10 22 -3 21 -2 -1 -9 -5 -23 -7 -28 -29 -8
right_child=9 3 4 24 -6 11 12 23 17 -11 -12 13 14 -15 -16 -17 -18 -19 -20 -21 -22 25 -24 -25 -26 -27 27 28 -30 -31
leaf_value=-0.014787620815626521 -0.035011588678074974 -0.031829861299937805 -0.017157574305967455 -0.041316773606857309 -0.03386161270137835 -0.046135406715079458 0.067186037137046656 -0.0058093766757049215 0.075601733763408382 0.049853673649130924 -0.034421531258940395 -0.025287897105270941 -0.031142561800629354 0.055557751906071977 0.034814846271618953 -0.039975259719101465 0.054653340874930206 -0.014607007518475927 -0.02136053740729087 0.028791431449985961 0.047692210758401604 0.003780351985379498 0.057869331341324916 0.043711207509362617 0.01475492440835189 0.048385684590531913 0.04238604713957643 -0.041095361108655658 0.021380279985922353 0.0068395198699477081
leaf_weight=0.41635032370686476 1.8899661314208041 3.7737879256019422 1.36093640688341 4.4640285001369184 2.890840862179175 35.940109470626339 6.4818361288635042 1.3473346184473465 3.1017274971818556 22.376484263688326 2.1709850379265836 1.0184753531357262 1.4822198315523567 0.72596157772932191 1.8401497133309019 3.8418174023972824 1.5146390856243668 0.4040124031016602 1.0134945155587045 0.62882063421420742 4.7031961530447006 2.2026613783091307 1.5700358289759604 6.8430539737455547 0.68806932680308808 2.2298470884561539 0.58657808892894436 4.1320184601936489 0.48594077944289882 0.97116077376995225
leaf_count=78 62 854 495 1524 1020 23948 183 28 130 350 463 552 411 23 105 721 59 89 41 22 33 27 19 69 9 14 248 2531 11 23
internal_value=0 -0.0120225 -0.0287151 0.0144768 0.0133978 -0.0359682 0.0237429 0.00886677 0.042457 0.0381552 0.0162046 -0.0403582 0.045666 0.0163413 0.00499187 -0.0149802 0.00468112 0.0642712 0.0211938 -0.0194449 0.0282064 0.00917767 0.0427881 0.0358192 -0.0326472 0.0309959 -0.0430928 -0.0180325 -0.0318857 0.061062
internal_weight=0 87.5234 53.6465 33.8769 7.75752 45.889 28.7248 17.9495 4.86668 35.5731 13.1967 42.8891 10.7754 1.74444 3.32237 9.75907 5.91725 3.50574 2.99988 4.40261 11.0257 6.32247 1.98639 8.19039 5.1521 4.43251 41.1446 5.20454 4.61796 7.453
internal_count=34142 33193 29185 4008 1734 27451 2475 1753 714 949 599 27313 722 575 516 1656 935 219 138 876 136 103 97 97 1533 41 26738 2790 2542 206
is_linear=0
shrinkage=0.05


Tree=54
num_leaves=31
num_cat=0
split_feature=18 24 10 21 36 5 32 3 37 33 32 30 36 23 2 13 17 36 10 8 0 10 2 30 14 17 11 32 45 23
split_gain=21.8852 12.8694 10.7476 7.74747 9.63912 8.46433 4.42543 5.54042 2.73098 2.94048 2.58909 2.51409 2.45645 1.95036 1.84199 1.47008 2.25744 1.30143 1.29901 1.27666 1.26833 1.22699 1.17786 0.991368 0.933655 0.923509 0.954738 0.890942 0.788627 0.667749
threshold=1.0000000180025095e-35 1.5000000000000002 432.16500000000002 5.2896122685185194 23.450000000000003 1.0000000180025095e-35 0.065591397849462371 2.0064716797994779 95.15000000000002 1.0000000180025095e-35 0.21583850931677021 5.5000000000000009 37.050000000000004 29.483304398148153 19.249882541093541 13.500000000000002 5.5000000000000009 15.850000000000003 76200.015000000014 1785.5300000000002 1021.215 3718.7350000000001 0.04121792379235583 14.500000000000002 19286.810000000005 14.500000000000002 1.0000000180025095e-35 0.10172413793103451 1.0000000180025095e-35 23.394195601851855
decision_type=2 2 2 2 2 2 2 2 2 2 2 2 2 2 2 2 2 2 2 2 2 2 2 2 2 2 2 2 2 2
left_child=1 2 11 4 8 18 7 15 9 22 17 12 13 -1 25 16 -4 -8 -6 -17 -5 -9 -2 -18 -3 26 -13 -27 -22 -7
right_child=3 24 6 20 5 29 10 21 -10 -11 -12 14 -14 -15 -16 19 23 -19 -20 -21 28 -23 -24 -25 -26 27 -28 -29 -30 -31
leaf_value=-0.021267253348880036 0.02061131589007642 -0.0065684754209311431 -0.02991673770125336 0.0071908987734127065 -0.04484187556873475 0.0090059670750310596 -0.011149796891839564 -0.010734071516744811 0.054086690896146365 0.038637598060510196 -0.017497639159365447 -0.020615272311477861 -0.033921145193981449 0.05251236320930313 0.024087899845758723 -0.040885733998302295 -0.014623547092135307 0.070123126939213326 0.017995728633031196 0.020589051452776751 0.064610412998073047 0.045520717643530731 -0.033490569524464817 0.045112675167334172 0.044822606326364998 -0.02061401793223866 -0.048616532467912726 0.036424044434253566 0.022087782423332852 0.046647381722255056
leaf_weight=0.71409907098859493 0.63678967952728927 0.72134184674359669 1.998355772462679 1.5921152316732357 9.4953108323970774 2.6189731918275347 0.27568475832231287 0.79923457303084333 9.9598856610245985 3.4062601880868897 0.83242060418706376 5.7773574079619712 1.8907010904513297 1.508417645236477 0.44261056184768577 7.2040477970149368 0.41156498424243171 3.1322986537124962 0.37153561413288194 0.34022173029370595 12.854205929907037 3.7974914556834847 2.5471884097205475 1.5252050561830399 7.6628003648947924 0.69583431130740692 28.582072753226385 0.15661010192707181 2.6818201253190628 2.6384732872247696
leaf_count=133 12 270 1019 101 3114 22 39 65 267 126 177 3760 324 65 2 3317 221 136 2 53 247 51 840 246 289 336 18765 42 50 21
internal_value=0 -0.0147331 -0.0229268 0.0287019 0.013293 -0.0151095 0.00648775 -0.00615988 0.0386305 0.0112231 0.0464626 -0.0377446 -0.000545084 0.0295635 -0.0419041 -0.0243809 0.00072453 0.0625107 -0.0410374 -0.0360282 0.0548919 0.0355694 -0.0203302 0.0317617 0.0401723 -0.0433759 -0.0446244 0.00387081 0.0590498 0.0323323
internal_weight=0 68.4684 60.0842 48.8026 31.6744 15.1243 20.3165 16.0761 16.5501 6.59024 4.2404 39.7677 4.11322 2.22252 35.6545 11.4794 3.93513 3.40798 9.86685 7.54427 17.1281 4.59673 3.18398 1.93677 8.38414 35.2119 34.3594 0.852444 15.536 5.25745
internal_count=34112 29310 28751 4802 4404 3159 5324 4972 1245 978 352 23427 522 198 22905 4856 1486 175 3116 3370 398 116 852 467 559 22903 22525 378 297 43
is_linear=0
shrinkage=0.05


Tree=55
num_leaves=31
num_cat=0
split_feature=19 24 36 32 2 36 36 3 32 30 14 9 30 13 0 36 0 23 45 3 14 14 36 23 30 14 12 30 12 12
split_gain=19.927 13.8663 8.46307 7.87859 5.30381 5.23394 4.91176 4.75744 4.17207 2.85393 2.81379 2.68192 2.42994 2.29441 2.01735 1.9957 1.99098 1.56809 1.50843 3.28128 1.51014 1.22316 1.036 0.996408 0.806072 0.734731 0.685328 0.677086 0.604277 0.789427
threshold=0.027800925925925927 1.5000000000000002 1.0000000180025095e-35 0.051956815114709856 3.5876276440757437 57.350000000000001 59.45000000000001 1.5665996026553377 0.22474747474747478 6.5000000000000009 31582.470000000005 1.5000000000000002 6.5000000000000009 3.5000000000000004 5070.4300000000012 15.850000000000003 29395.065000000006 29.483304398148153 1.0000000180025095e-35 -3.2337409725332322 4570.7200000000012 202916.24000000005 132.45000000000002 31.346209490740744 13.500000000000002 19286.810000000005 94166.160000000018 17.500000000000004 56364.785000000011 60076.935000000005
decision_type=2 2 2 2 2 2 2 2 2 2 2 2 2 2 2 2 2 2 2 2 2 2 2 2 2 2 2 2 2 2
left_child=2 3 16 4 9 8 13 12 10 17 -5 14 -8 -4 24 -12 -1 -2 20 -20 -15 -17 26 -22 -6 -3 -9 -18 -11 -30
right_child=1 25 6 5 11 -7 7 22 -10 28 15 -13 -14 18 -16 21 27 -19 19 -21 23 -23 -24 -25 -26 -27 -28 -29 29 -31
leaf_value=-0.041576101434525781 -0.02768286040970926 -0.0044470663965297625 -0.013586761415806512 -0.01902924387865676 0.042046974528045566 -0.036306313517709597 0.023981915208392716 -0.0091644874357190449 -0.024211895512855568 -0.047989385648272986 -0.01338470154922817 0.043485035257190253 -0.038453504025546086 -0.017265326854692162 -0.034399904389152414 0.090168898671318887 -0.015307864071024788 0.030453470646180283 0.041760468492739004 -0.02932356019277059 0.056051835127811978 0.0067991088568754897 0.036604336316510104 0.0032519264932188057 -0.014012383488859895 0.04483179774277285 0.027468593237784507 0.027917962245635336 0.023877479987170644 -0.024839360144742612
leaf_weight=4.6788895170902824 1.1361724111484357 0.64496656984556366 1.2599767054198334 0.6116223935969155 0.82799310155678429 2.6067096411716193 1.3616562788374746 2.7556151995668183 1.4737110498826949 32.846281936159357 0.35719001246616233 1.9630930889397857 4.8271458435337991 0.33477325399872526 3.1522738019702956 3.1328824030933906 0.70935462915804226 1.5676161018200216 3.4403435080312192 1.6892641222802911 21.385159066412601 0.68538555363193143 8.2578143953578529 1.0632991440361355 0.386936662835069 7.2283668979071081 0.95817517489194859 1.2186092616757376 0.3193377066636448 1.5569215752184389
leaf_count=2650 125 239 436 356 94 1136 70 113 479 23082 115 27 1949 59 318 122 35 63 61 207 1003 61 139 147 122 255 10 22 84 652
internal_value=0 -0.0176878 0.0237483 -0.0270276 -0.0356098 0.0146383 0.0311394 0.00995851 0.0379283 -0.0426066 0.0579365 0.00592605 -0.0232914 0.0435577 -0.0159134 0.0707089 -0.0263359 0.0051454 0.0465179 0.0173864 0.05207 0.0797209 0.0276177 0.0537962 0.0259274 0.0407487 0.00410923 0.0122175 -0.0463649 -0.011129
internal_weight=0 60.4975 53.9401 52.6241 43.7566 8.8675 47.3332 18.1604 6.26079 37.4263 4.78708 6.3303 6.1888 29.1728 4.3672 4.17546 6.60685 2.70379 27.9128 5.12961 22.7832 3.81827 11.9716 22.4485 1.21493 7.87333 3.71379 1.92796 34.7225 1.87626
internal_count=34231 27330 6901 26836 24567 2269 4194 2281 1133 24006 654 561 2019 1913 534 298 2707 188 1477 268 1209 183 262 1150 216 494 123 57 23818 736
is_linear=0
shrinkage=0.05


Tree=56
num_leaves=31
num_cat=0
split_feature=22 3 30 15 23 19 45 37 17 15 19 21 2 19 21 37 33 2 19 33 37 15 37 15 17 13 23 2 10 10
split_gain=19.4991 17.0679 5.27139 4.72345 4.27349 4.16967 3.15026 2.9315 2.86305 2.83498 2.71414 2.65109 3.94286 2.33907 2.30746 1.78849 1.73142 1.67335 1.63489 1.44833 1.39199 1.33266 3.29598 1.68578 1.19685 0.899378 0.80692 0.775978 0.739349 1.46329
threshold=1.0000000180025095e-35 1.1330830612240095 6.5000000000000009 758.50000000000011 1.0000000180025095e-35 23.137812500000006 1.0000000180025095e-35 994.05000000000007 4.5000000000000009 237.50000000000003 0.027800925925925927 6.0765162037037044 0.18905092891570993 11.97892939814815 18.53696180555556 70.050000000000011 1.0000000180025095e-35 8.8199967649303783 32.745989583333341 1.0000000180025095e-35 69.15000000000002 87720.000000000015 163.95000000000002 50192.000000000007 14.500000000000002 7.5000000000000009 27.7352025462963 19.249882541093541 4617.5150000000003 4692.9300000000003
decision_type=2 2 2 2 2 2 2 2 2 2 2 2 2 2 2 2 2 2 2 2 2 2 2 2 2 2 2 2 2 2
left_child=1 2 14 9 10 6 8 -8 17 -4 11 12 -2 20 -1 16 -10 -3 19 -16 -11 23 -23 -17 28 -14 -21 -7 -5 -30
right_child=4 5 3 24 -6 27 7 -9 15 13 -12 -13 25 -15 18 21 -18 -19 -20 26 -22 22 -24 -25 -26 -27 -28 -29 29 -31
leaf_value=-0.024580492029354074 0.041187697532445756 -0.025935648824897062 -0.035213545135856686 -0.04843078927624711 0.048833304351963813 -0.037702430959888671 -0.03932665583130493 0.031087114897448587 -0.023285257647716343 -0.017372107908627418 -0.033194459400534782 0.044158329413568481 0.0037159591816411028 -0.02244227572926194 -0.016315070042348678 0.04123957081887384 0.032682654586284492 0.025361210105068928 -0.021137969430098807 0.0037042648435487244 0.04619158173682663 -0.01490102429789756 0.11092863582504692 -0.0072850488316390481 0.0086784621447225478 -0.044322332569216333 0.06231640384447934 0.015889860934624311 0.045691659377759236 -0.026636725912599551
leaf_weight=2.2742844911990678 2.0994298383593542 2.7682083047693693 3.3555027594557014 29.655442809103995 19.340135037899017 2.9528299381490792 2.8270619817776597 1.4942164793610571 1.8920660521835115 0.51760917971842024 1.9457958430284623 5.0044091437011957 1.1493040323257449 1.8263601892394943 0.48067390802316401 12.880271551315674 1.6643490565475076 1.7736771777272222 0.69684709655120958 0.87151367496699128 3.3613734481623396 0.40827384474687178 1.0983792551560325 1.7410935852676619 0.70273428421933104 2.499167581088841 2.3736991998739541 0.23869016766548146 0.044761323370038464 1.1359948351746423
leaf_count=421 15 760 1351 24635 341 1168 514 21 428 113 462 37 34 456 142 870 80 35 101 39 260 65 62 329 435 58 43 1 18 786
internal_value=0 -0.0111179 -0.0299005 -0.0365569 0.0345415 0.0169298 0.023136 -0.0137124 0.0299917 -0.00414557 0.0107982 0.0209064 -0.00288181 0.0166531 0.00995979 0.0379014 0.00433136 -0.00494184 0.0289788 0.0408415 0.0358875 0.0446189 0.0844894 0.0353649 -0.0454548 -0.0316458 0.0511563 -0.0308596 -0.0469223 -0.00419993
internal_weight=0 79.0359 47.2968 40.5998 32.0382 31.7391 28.5476 4.32128 24.2263 9.06085 12.6981 10.7523 5.7479 5.70534 6.69702 19.6844 3.55642 4.54189 4.42273 3.72589 3.87898 16.128 1.50665 14.6214 31.5389 3.64847 3.24521 3.19152 30.8362 1.18076
internal_count=34080 33133 28800 28054 947 4333 3164 535 2629 2180 606 144 107 829 746 1834 508 795 325 224 373 1326 127 1199 25874 92 82 1169 25439 804
is_linear=0
shrinkage=0.05


Tree=57
num_leaves=31
num_cat=0
split_feature=18 24 21 36 32 12 3 36 37 32 14 37 33 3 31 37 12 0 8 14 38 0 45 37 19 36 23 36 12 2
split_gain=22.3314 12.1786 8.98278 10.2935 7.32325 6.23755 4.63095 4.31493 4.9955 3.52031 2.40828 2.36992 2.23738 1.92803 1.50095 1.49807 1.47243 1.40498 1.193 1.15234 0.845918 0.626487 0.691917 0.527132 0.462244 0.433005 0.418046 0.396102 0.390324 0.381688
threshold=1.0000000180025095e-35 2.5000000000000004 5.5592071759259269 23.450000000000003 0.029857397504456332 94166.160000000018 2.8025866982932452 58.850000000000001 66.250000000000014 0.22474747474747478 32707.424999999999 102.05000000000001 1.0000000180025095e-35 4.641437745208993 1.0000000180025095e-35 173.75000000000003 9426.2850000000017 106.38000000000001 1785.5300000000002 193368.03000000006 0.74908285352010295 888.28500000000008 1.0000000180025095e-35 666.85000000000014 0.027800925925925927 387.55000000000007 1.0000000180025095e-35 25.350000000000005 171661.18500000003 8.8199967649303783
decision_type=2 2 2 2 2 2 2 2 2 2 2 2 2 2 2 2 2 2 2 2 2 2 2 2 2 2 2 2 2 2
left_child=1 4 3 11 6 13 14 8 -6 10 -10 12 17 -5 18 -16 27 -2 23 29 -15 26 -23 28 -9 -24 -4 -12 -1 -8
right_child=2 -3 21 5 7 -7 19 24 9 -11 16 -13 -14 20 15 -17 -18 -19 -20 -21 -22 22 25 -25 -26 -27 -28 -29 -30 -31
leaf_value=-0.044706739140286694 0.024328696338238129 0.045568661487481205 -0.012906134218903437 -0.044684979305387146 -0.030023347795775191 0.037421293620694525 -0.024678650191469413 0.0092408130206968111 -0.016114389288131269 -0.023189490866543466 0.012231497544097004 0.054482718954820812 0.036178178875726566 0.019867185151810657 -0.02514788803597981 0.037191597072856263 0.025657221257700459 -0.03178052731500166 0.014930699616902222 0.034829684138488359 -0.021732816004053829 0.064953585578325104 -0.0053070001744796496 0.0016247397523459833 -0.037522749207461986 0.031543810569879947 0.025150617858610211 0.10620257075857048 0.0025107982962086941 0.0066041194961226624
leaf_weight=36.392549487063661 0.80191675270907881 5.6982886008918276 0.29737805575132625 9.1295350790023786 1.924240198219193 3.0462887550238511 0.92733347555622403 0.21268557221628759 0.47109809517860401 0.85574197664391238 0.41332143405452404 8.4765280127758142 3.548960977117531 1.6718706823885434 1.2766339099034656 0.67272498598322261 2.0769601416541263 2.3755075024673715 0.44041081692557682 1.8163029504939912 1.2537518022581933 11.971779781626536 0.83632326871156637 0.56694925972260435 2.9529924576636404 1.2996547967195509 1.6168839475139973 1.9393569503445176 0.33821881352923711 1.3176290756091473
leaf_count=25526 16 95 3 3024 819 41 73 4 261 293 36 246 122 26 88 31 181 831 72 22 18 253 31 186 1444 19 97 101 54 20
internal_value=0 -0.018787 0.0269354 0.0102326 -0.0262028 -0.0184529 -0.0351629 0.00985486 0.0292448 0.0505679 0.0651944 0.0381069 0.0130897 -0.034357 -0.0402907 0.00168131 0.0752169 -0.0151857 -0.0424462 0.0130072 0.00104497 0.0560703 0.0599267 -0.0434959 -0.0329168 0.0200239 0.0168386 0.098266 -0.0442169 -0.00994097
internal_weight=0 60.2934 46.3264 30.3044 54.5951 15.1014 43.7488 10.8464 7.68072 5.75648 4.90074 15.2029 6.72639 12.0552 39.6875 1.94936 4.42964 3.17742 37.7381 4.06127 2.92562 16.022 14.1078 37.2977 3.16568 2.13598 1.91426 2.35268 36.7308 2.24496
internal_count=34033 29306 4727 4324 29211 3109 26072 3139 1691 872 579 1215 969 3068 25957 119 318 847 25838 115 44 403 303 25766 1448 50 100 137 25580 93
is_linear=0
shrinkage=0.05


Tree=58
num_leaves=31
num_cat=0
split_feature=22 3 30 15 23 19 23 33 39 3 30 3 4 6 15 14 38 32 45 37 19 33 14 0 37 37 0 38 15 23
split_gain=16.9527 14.4175 6.73576 5.09659 3.79602 2.85452 3.0449 2.64885 2.37234 3.47038 2.05876 2.40975 1.7806 1.6853 1.66542 1.64932 1.62331 1.24084 1.22161 3.01244 1.0093 1.0045 2.7271 2.41006 1.76974 1.0475 0.966405 1.67972 0.696611 0.693254
threshold=1.0000000180025095e-35 1.5319487877656324 6.5000000000000009 545.50000000000011 1.0000000180025095e-35 17.402025462962964 7.885422453703705 1.0000000180025095e-35 1.0000000180025095e-35 0.80203339531218354 19.500000000000004 0.80203339531218354 1.0000000180025095e-35 1.0000000180025095e-35 182.50000000000003 30499.280000000002 0.22454207988967162 0.18019480519480521 1.0000000180025095e-35 767.50000000000011 0.078894675925925931 1.0000000180025095e-35 33122.295000000006 49226.510000000002 767.50000000000011 70.050000000000011 1156.6200000000001 0.66571410182084645 12687.000000000002 36.206232638888899
decision_type=2 2 2 2 2 2 2 2 2 2 2 2 2 2 2 2 2 2 2 2 2 2 2 2 2 2 2 2 2 2
left_child=1 2 7 10 8 6 -3 -1 9 -2 11 17 -7 29 -12 -9 -11 -4 21 -20 -13 22 24 25 -8 -24 -17 -28 -15 -5
right_child=4 5 3 13 -6 12 18 15 -10 16 14 20 -14 28 -16 26 -18 -19 19 -21 -22 -23 23 -25 -26 -27 27 -29 -30 -31
leaf_value=-0.030148283136299765 -0.039906796625220786 -0.025562124847026718 -0.040090601744111443 -0.046709871476767612 0.048240797785482521 -0.036676758503774637 -0.031969514654992974 -0.020797573218208999 0.038664315056219846 -0.016537571451956092 -0.018439298254461053 0.043584478281059852 0.022591932067773386 0.028236307396415611 0.053513197116002713 0.058080649591241908 0.036961497879299143 0.018443298164168578 -0.035889613124520235 0.036341593271688809 -0.015706070766237677 0.053956920162325929 0.00021872116565989008 -0.0078546189640317805 0.030815246072925174 0.057004518988680322 -0.026007223302523166 0.035341497375091464 -0.018845397544209677 -0.016014991209248153
leaf_weight=1.5058216912439082 3.1350815090117994 1.8976435143267796 3.9030421801144239 28.689207183080725 17.967021260410547 2.6164998071035361 2.3392410519300095 0.70312227145768691 3.7390568645205349 1.4317028606310485 0.57215354219079051 1.2081914325244723 1.132797258673236 0.72888380347285309 1.6227750589605419 2.5212115915492177 3.2171114820521325 0.49649444664828468 1.6521569235483178 2.181030634790659 0.45077604486141343 5.6390891700284547 0.9289696466876175 1.9878646214492617 0.76688791625201691 5.9126751953735948 0.97497453540563617 1.7357797413133083 0.52547276439145207 3.4066985801327965
leaf_count=544 406 425 1556 24843 343 821 357 152 37 62 154 27 33 144 61 27 73 7 161 31 99 143 78 39 10 176 58 37 112 2995
internal_value=0 -0.00964652 -0.0256283 -0.033364 0.0344 0.0192058 0.0256433 0.016452 0.01069 -0.00561955 0.00171341 -0.013531 -0.0177832 -0.041842 0.0348564 0.0309176 0.0204744 -0.0312926 0.0311204 0.00422471 0.0276261 0.0364433 0.0246374 0.0377442 -0.0127387 0.0503052 0.0400896 0.0122139 0.00890239 -0.0440342
internal_weight=0 76.0995 49.0446 41.6037 29.49 27.0549 23.3056 7.44091 11.523 7.7839 8.25343 6.0585 3.7493 33.3503 2.19493 5.93509 4.64881 4.39954 21.4079 3.83319 1.65897 17.5747 11.9356 8.82951 3.10613 6.84164 5.23197 2.71075 1.25436 32.0959
internal_count=34011 33090 30816 29998 921 2274 1420 818 578 541 1904 1689 854 28094 215 274 135 1563 995 192 126 803 660 293 367 254 122 95 256 27838
is_linear=0
shrinkage=0.05


Tree=59
num_leaves=31
num_cat=0
split_feature=22 3 32 32 31 23 17 12 13 39 3 18 0 14 45 10 23 13 15 10 12 15 15 38 38 34 13 3 9 15
split_gain=17.8316 11.4971 6.52091 5.53613 4.85356 4.28531 3.71437 3.10637 2.91673 2.61998 2.86389 2.06123 1.90183 1.69138 1.46687 1.22135 1.21202 1.25241 1.1758 1.49406 1.1083 0.927708 1.01738 0.903032 0.845785 0.750646 0.703136 0.702493 0.662762 0.552633
threshold=1.0000000180025095e-35 1.1134569685009248 0.082207207207207214 0.22474747474747478 1.0000000180025095e-35 1.0000000180025095e-35 7.5000000000000009 56364.785000000011 13.500000000000002 1.0000000180025095e-35 0.80203339531218354 1.0000000180025095e-35 2972.6150000000002 33122.295000000006 1.0000000180025095e-35 8259.6100000000024 2.6625057870370372 12.500000000000002 4522.5000000000009 9248.9150000000027 9949.1150000000016 102584.00000000001 104718.00000000001 0.22454207988967162 0.24896283901460872 1.0000000180025095e-35 12.500000000000002 2.4965913171622796 3.5000000000000004 365.50000000000006
decision_type=2 2 2 2 2 2 2 2 2 2 2 2 2 2 2 2 2 2 2 2 2 2 2 2 2 2 2 2 2 2
left_child=1 2 4 8 7 9 11 28 -4 10 -2 15 29 26 24 21 -13 25 19 -9 -6 -3 -23 27 -15 -18 -8 -12 -1 -10
right_child=5 6 3 -5 20 -7 13 18 12 -11 23 16 -14 14 -16 -17 17 -19 -20 -21 -22 22 -24 -25 -26 -27 -28 -29 -30 -31
leaf_value=-0.045649868273146425 -0.039166601579333521 -0.041265874190370748 -0.017049756138424205 -0.035236741256436298 0.033704612154099992 0.050162757615356629 0.01790328068712636 0.055966621766227312 0.0036599459941680443 0.038094574907472006 -0.028031164939018579 -0.023058473011711145 -0.013351929160598764 0.011631809801667302 -0.010928916172345001 0.012453311033084761 0.038166226478197215 -0.0088363488238081943 -0.022011086259638584 -0.017243193271737758 -0.01973253747032979 0.04461263033188094 -0.01919031646201845 0.032070393593416797 0.046722915815328801 -0.0023535530247609567 -0.027553313283592108 0.018312482390763298 0.0078016648106375309 0.084253020171062662
leaf_weight=30.73545791441575 3.0710350890876743 4.5161459030932756 0.91301657119765778 2.349509721272625 2.3458070642082016 17.335604580119252 0.53399838774930586 0.8611150948563584 0.32655350817367512 3.7789090308360755 0.87484004395082615 1.4037710103439174 0.3578345130663364 3.0414228505687761 1.1872490501264117 1.2515091765671966 4.1319799255579692 2.6201949832029641 0.78376398910768319 0.52224007365293801 0.61098721250891674 0.056481119827367254 0.61722598329652101 2.4815373120363802 9.2756645260378701 1.3273468271363524 1.1915409521316176 0.55527133261784911 0.31597792671527614 2.4445866085588932
leaf_count=25890 434 2245 434 1039 102 349 39 114 11 38 47 170 92 245 163 60 155 140 536 223 33 20 278 64 407 74 468 5 48 133
internal_value=0 -0.0107432 -0.0273723 0.0170872 -0.0354757 0.0353968 0.0121219 -0.0409077 0.0484582 0.00936804 -0.00900291 -0.00475746 0.0670729 0.028977 0.034694 -0.0246585 0.00982269 0.017446 0.0122033 0.0326901 0.0204661 -0.0341739 0.00961777 0.0178313 0.0395821 0.0294753 -0.0120786 -0.00990616 -0.0448795 0.0782448
internal_weight=0 73.7214 42.5669 6.3915 36.1753 28.0972 31.1545 33.2186 4.04199 10.7616 6.98268 15.9247 3.12897 15.2299 13.5043 6.44136 9.48329 8.07952 2.16712 1.38336 2.95679 5.18985 0.673707 3.91165 12.3171 5.45933 1.72554 1.43011 31.0514 2.77114
internal_count=34056 33119 28655 1709 26946 937 4464 26811 670 588 550 3142 236 1322 815 2603 539 369 873 337 135 2543 298 116 652 229 507 52 25938 144
is_linear=0
shrinkage=0.05


Tree=60
num_leaves=31
num_cat=0
split_feature=22 2 15 23 2 2 36 19 21 19 17 36 4 30 30 14 30 15 36 15 14 30 2 2 19 13 37 2 38 16
split_gain=14.8841 11.7627 6.34793 4.63525 2.87322 3.04395 2.86733 2.82972 4.2316 2.5068 2.45199 2.44961 2.17844 2.15277 2.00151 1.95491 2.19609 2.12949 1.8257 1.51366 1.48864 1.38861 1.2648 1.19932 0.982737 0.977441 0.838161 0.744738 0.724591 0.687954
threshold=1.0000000180025095e-35 2.184532917163279 614.00000000000011 1.0000000180025095e-35 3.973382124839397 0.12813749444333472 56.850000000000001 17.402025462962964 16.021712962962969 2.0870370370370375 14.500000000000002 15.850000000000003 1.0000000180025095e-35 7.5000000000000009 20.500000000000004 36200.795000000006 10.500000000000002 32431.500000000004 27.450000000000003 365.50000000000006 552762.34500000009 11.500000000000002 0.22769621361073847 19.249882541093541 8.8411863425925947 48.500000000000007 994.05000000000007 19.249882541093541 0.25807098338868012 5.5000000000000009
decision_type=2 2 2 2 2 2 2 2 2 2 2 2 2 2 2 2 2 2 2 2 2 2 2 2 2 2 2 2 2 2
left_child=1 2 6 4 5 -2 11 8 9 15 20 -1 -9 -7 -10 16 23 28 24 -20 22 -12 -4 -3 -13 -15 -18 -11 -17 -22
right_child=3 7 10 -5 -6 13 -8 12 14 27 21 18 -14 25 -16 17 26 -19 19 -21 29 -23 -24 -25 -26 -27 -28 -29 -30 -31
leaf_value=-0.027498573846443615 0.036495483538895521 -0.010479668434874422 0.0079040107437195143 0.047599597857769078 0.041477613318151092 0.022005546162424471 -0.033901929448455805 -0.038515404575080535 0.065043296420091323 -0.034254327326667028 0.053640135191206854 0.076946207250035675 0.023823565309015322 -0.04412139361201782 -0.016958186893393561 0.010353643771047432 -0.04072259787126984 -0.018765503581068849 -0.024351315645116309 0.028482056984281176 -0.013074985708756559 -0.018322091066000114 -0.043520762011918304 0.052675164630510113 0.003938155750979013 0.016402472367930725 0.012236694002353877 0.015433736770825646 0.04434525986809653 0.044661617343131461
leaf_weight=1.1872485735220815 1.6809763435740039 0.83760182955303253 0.95014502567938208 16.814646238461137 2.8192991614341736 1.1760244477773083 2.0726356044178829 3.2202990361256516 4.7499286103993645 2.8960736822918984 0.39449154899921168 1.6059743443038317 1.2911843664478508 4.8806120716035366 0.44110737740993489 2.9291886193677765 2.5132482844055635 1.5039532912778657 1.3031000409973788 2.4344938965514302 0.35194876755121995 0.57629055669531226 29.917769427353051 0.74330891575664282 0.69687832647468884 0.24139541387557972 0.45791036635637272 0.3251160830259322 6.5169709767214954 0.055841123685240746
leaf_count=456 16 163 371 350 26 28 987 1439 247 995 94 64 34 509 14 113 536 89 337 98 174 377 26249 6 93 1 7 2 137 10
internal_value=0 -0.0108092 -0.0275021 0.0319091 0.00551305 -0.0103988 0.00821584 0.0136943 0.0205073 0.0081818 -0.0377409 0.0229462 -0.0195886 -0.0262008 0.0564616 0.0166268 -0.00948421 0.0273667 0.0353586 0.00880994 -0.0402988 0.0233003 -0.0417395 0.0281186 0.0627344 -0.0390556 -0.0315345 -0.0267711 0.0358049 0.0209398
internal_weight=0 69.9727 41.5468 27.613 10.7983 7.97901 9.30033 28.4259 23.9144 18.7234 32.2465 7.2277 4.51148 6.29803 5.19104 15.5022 4.55207 10.9501 6.04045 3.73759 31.2757 0.970782 30.8679 1.58091 2.30285 5.12201 2.97116 3.22119 9.44616 0.40779
internal_count=34022 33092 29310 930 580 554 2035 3782 2309 2048 27275 1048 1473 538 261 1051 712 339 592 435 26804 471 26620 169 157 510 543 997 250 184
is_linear=0
shrinkage=0.05


Tree=61
num_leaves=31
num_cat=0
split_feature=18 2 21 36 5 15 30 14 0 19 21 24 10 36 21 10 17 17 36 0 13 36 31 19 45 21 36 0 21 21
split_gain=12.7361 10.7916 5.58462 8.84177 6.23888 5.50618 4.56853 2.75706 2.90334 2.09503 2.21902 1.82256 1.75895 1.64216 1.48051 1.47282 1.41054 1.0072 0.968719 0.935559 0.884981 0.831921 0.709719 0.625135 0.55641 0.533671 0.495001 1.15875 0.491496 0.701829
threshold=1.0000000180025095e-35 3.5876276440757437 5.2896122685185194 23.450000000000003 1.0000000180025095e-35 758.50000000000011 6.5000000000000009 44039.485000000008 2313.1250000000005 23.137812500000006 19.843883101851855 2.5000000000000004 7795.045000000001 49.050000000000004 20.385457175925932 6709.5250000000005 2.5000000000000004 13.500000000000002 25.350000000000005 1021.215 13.500000000000002 17.550000000000004 1.0000000180025095e-35 19.090150462962963 1.0000000180025095e-35 17.369594907407411 1.0000000180025095e-35 35003.370000000003 19.979947916666671 19.843883101851855
decision_type=2 2 2 2 2 2 2 2 2 2 2 2 2 2 2 2 2 2 2 2 2 2 2 2 2 2 2 2 2 2
left_child=1 5 3 16 12 7 13 22 21 10 15 17 -5 14 -7 -3 -2 -8 -16 25 -6 -9 -1 -12 -21 -4 27 -18 29 -19
right_child=2 9 19 4 20 6 11 8 -10 -11 23 -13 -14 -15 18 -17 26 28 -20 24 -22 -23 -24 -25 -26 -27 -28 -29 -30 -31
leaf_value=-0.030658347459555868 -0.017796444708223357 -0.010430703939462759 -0.014623718507960582 -0.046308312193294621 0.0016407396451155179 -0.014973126519331907 -0.046434285024909608 -0.010618967846585311 -0.01622315288393579 -0.018824286633111646 0.067424434823729326 0.019977766072044587 0.012888709641480901 -0.02333433744198261 -0.011697093663336653 0.036198573766745699 -0.021651561499861454 -0.012769662101297138 0.054516721103896985 0.059170806797663435 0.041339003994925044 0.051444710018287099 0.013503108440878476 0.011042360735749032 0.01558817369875566 0.024349520143839679 0.046889031378561201 0.031734716851728004 -0.016901551064303588 0.046382964281025389
leaf_weight=3.4532094232272343 0.53598927357234316 3.1743521315511298 0.72793421777896472 8.4749730334733595 2.485645066946744 0.95805593940894995 26.331237596459694 0.26364338153507549 2.272038402617909 1.4094552980968718 3.4576000685337931 0.60276635736226936 1.0107255051843811 1.6983589330920947 0.30235921638086471 1.9732259898446498 0.75653770077042226 0.34183015185408183 1.8809446062659843 9.1640165101271087 2.50464728474617 3.8970946168992668 0.53277039434760798 1.0558106501121072 1.7350332895293838 0.92215960111934692 9.8026820571976696 1.7351261632284147 0.86612276773666963 0.037273383350111544
leaf_count=1332 303 343 79 3017 19 168 24867 94 414 235 53 11 70 374 77 32 427 222 65 234 27 307 34 79 43 32 483 19 521 6
internal_value=0 -0.0139895 0.0227946 0.00938667 -0.016946 -0.0251703 -0.0349249 0.006095 0.0249474 0.0283321 0.0363322 -0.0424154 -0.0393731 0.00848383 0.0271668 0.0104244 0.038174 -0.0444306 0.044553 0.0491236 0.0251403 0.0462165 -0.0232313 0.0586302 0.0541259 0.00812607 0.0417692 0.0139666 -0.000250876 0.0224618
internal_weight=0 54.5081 39.8555 27.3063 14.476 43.4377 33.0189 10.4188 6.43278 11.0704 9.66099 28.1792 9.4857 4.83972 3.14136 5.14758 12.8303 27.5765 2.1833 12.5491 4.99029 4.16074 3.98598 4.51341 10.899 1.65009 12.2943 2.49166 1.24523 0.379104
internal_count=33987 29234 4753 4365 3133 28492 26311 2181 815 742 507 25627 3087 684 310 375 1232 25616 142 388 46 401 1366 132 277 111 929 446 749 228
is_linear=0
shrinkage=0.05


Tree=62
num_leaves=31
num_cat=0
split_feature=22 3 19 30 32 23 13 17 36 37 37 3 39 15 17 14 15 0 17 33 36 0 0 3 13 19 37 6 23 37
split_gain=13.3128 13.3178 5.03659 4.97505 4.62356 3.85797 3.21354 2.65121 2.65403 4.62416 2.30231 2.05394 2.56258 1.95766 1.89344 1.89185 1.79641 1.58423 1.51549 1.37953 1.36929 1.34238 1.28063 0.994237 0.840903 0.817004 0.723849 0.717662 0.67227 0.94791
threshold=1.0000000180025095e-35 1.1945966753204555 17.402025462962964 6.5000000000000009 0.082207207207207214 1.0000000180025095e-35 20.500000000000004 4.5000000000000009 59.45000000000001 153.65000000000001 994.05000000000007 2.4965913171622796 1.0000000180025095e-35 545.50000000000011 8.5000000000000018 30499.280000000002 237.50000000000003 2140.5150000000008 8.5000000000000018 1.0000000180025095e-35 181.65000000000001 45425.610000000008 1274.9350000000002 4.641437745208993 13.500000000000002 11.97892939814815 55.050000000000004 2.5000000000000004 30.395277777777782 144.65000000000001
decision_type=2 2 2 2 2 2 2 2 2 2 2 2 2 2 2 2 2 2 2 2 2 2 2 2 2 2 2 2 2 2
left_child=1 3 7 15 13 11 -6 20 9 18 14 12 -2 16 -10 -1 -5 -8 21 -17 -3 -9 25 -4 -23 -18 -20 -15 29 -21
right_child=5 2 23 4 6 -7 17 8 10 -11 -12 -13 -14 27 -16 19 22 -19 26 28 -22 24 -24 -25 -26 -27 -28 -29 -30 -31
leaf_value=-0.027772262462758823 -0.025837900344913223 -0.026024261393132877 -0.039207679905271367 -0.035965404285388101 -0.022977913229777491 0.046993884510960447 0.071747977591106099 -0.021730603782155342 -0.03319737345565818 0.099155202246209231 0.041534325154201475 0.039716316823606157 0.02513370082141958 -0.048216767223863172 0.016258588886852401 -0.019694428466090045 0.047955806296443873 -0.013467474101969157 0.0059204257835337335 -0.021846164116803179 0.022073716905410958 0.04183835013941526 -0.016791195460703245 0.017743205491394604 -0.0063675729410108441 -0.011942046182038766 0.052207638958748276 0.0092859381006474197 0.052519813709287516 0.029167413194641358
leaf_weight=1.236650928040034 5.0089814134407806 2.8937942897318925 3.4484005672275084 2.5210340899648171 1.9878071079147042 15.672976726666091 1.1842087946133686 2.0434278720058519 2.7742978289024887 2.322266138973645 2.5109913237392902 2.5328068248927584 3.2106679526623338 24.289614462817557 3.0844680495210923 0.64457847701851267 1.2519030042458328 0.35966353118419636 1.387205693114083 0.71137403231114182 1.4606729889055712 1.2732157437130811 1.2744666123762725 0.32526630163192738 1.1198625372489912 0.31246388016734261 3.4774701258866116 0.25241554831154545 2.0868144987616688 1.0294167639221994
leaf_count=440 523 722 1478 1315 1023 353 87 591 542 64 33 25 32 25431 167 206 102 95 95 43 85 13 238 2 32 134 102 11 31 25
internal_value=0 -0.00936495 0.0165449 -0.0279279 -0.035155 0.0318831 0.0153911 0.0249611 0.0323782 0.046959 0.00927853 0.00773288 -0.00536135 -0.0414299 -0.00858596 0.0133285 -0.0114009 0.0544058 0.0255665 0.027692 -0.00878088 0.00284626 0.0140999 -0.0316103 0.0240517 0.0360004 0.0422686 -0.0472849 0.0380986 0.00795605
internal_weight=0 67.2638 28.1213 39.1424 33.4336 26.4254 3.53168 24.3477 19.9932 11.6234 8.36976 10.7525 8.21965 29.9019 5.85877 5.70883 5.35987 1.54387 9.30118 4.47218 4.35447 4.43651 2.83883 3.77367 2.39308 1.56437 4.86468 24.542 3.82761 1.74079
internal_count=34040 33107 3926 29181 28436 933 1205 2446 1639 897 742 580 555 27231 709 745 1789 182 833 305 807 636 474 1480 45 236 197 25442 99 68
is_linear=0
shrinkage=0.05


Tree=63
num_leaves=31
num_cat=0
split_feature=22 2 32 32 19 21 23 30 15 19 13 18 2 21 36 2 32 15 12 21 2 36 36 23 12 36 36 30 2 35
split_gain=12.8612 6.84166 5.72471 4.68721 3.5663 3.23542 3.10385 2.93314 2.6963 2.85885 2.65085 2.39052 2.15591 2.00967 1.94807 1.89829 2.18345 2.0827 1.71248 1.58158 2.73904 1.29155 1.24725 0.997179 0.911448 0.851752 0.698235 0.604637 0.532089 0.531229
threshold=1.0000000180025095e-35 2.184532917163279 0.077935222672064791 0.22474747474747478 17.402025462962964 19.843883101851855 1.0000000180025095e-35 5.5000000000000009 614.00000000000011 0.027800925925925927 13.500000000000002 1.0000000180025095e-35 19.249882541093541 1.0000000180025095e-35 57.850000000000001 2.3119492112865339 0.054804804804804812 614.00000000000011 130343.04500000003 6.0765162037037044 0.12813749444333472 408.55000000000007 30.850000000000005 25.156313657407413 7668.0600000000013 54.550000000000004 197.95000000000002 2.5000000000000004 8.8199967649303783 1.0000000180025095e-35
decision_type=2 2 2 2 2 2 2 2 2 2 2 2 2 2 2 2 2 2 2 2 2 2 2 2 2 2 2 2 2 2
left_child=1 2 7 10 5 12 11 25 9 13 -4 -2 15 -9 22 -3 17 24 -10 20 -13 27 -12 -7 -17 -1 -8 -19 -6 -29
right_child=6 4 3 -5 28 23 26 8 18 -11 14 19 -14 -15 -16 16 -18 21 -20 -21 -22 -23 -24 -25 -26 -27 -28 29 -30 -31
leaf_value=0.026824477334552923 -0.032224991945594826 0.039251844954695629 -0.01696004868288347 -0.03109987936417229 -0.038098262277366318 0.011400036737697189 0.048934565185854026 -0.020617619383891887 -0.045845643736573509 -0.029200505306541991 0.0062710126835158163 0.03748661911703724 0.030327660027081801 0.055473270482286341 -0.014079372282121951 -0.017121765387520273 0.02881698043524283 0.010870038563936533 0.022942101670266578 0.040747087223709719 -0.026904359641098021 0.01627340011733882 0.089625769185953941 0.07066426451775086 0.036849027033189291 -0.019506212831904138 0.00081129739352580059 -0.039916239092141925 0.0072936393988315175 0.010147599508884657
leaf_weight=2.0833882458973707 1.7748484924668453 1.2303262982750407 0.87196228187531133 2.3012033064151183 3.0757766414899375 1.4965331796556705 13.344630898907777 0.69226181565318556 22.764911945618227 3.713001835742034 0.71241336106322783 1.8539116457104681 5.7957822002936146 1.4742645303485913 0.38795250526163716 0.47409190726466377 1.9670424835639995 0.26939772954210273 0.36945408768951793 3.9037672504782677 2.9201191230677068 0.82105035649146962 2.0640153919812292 2.1630572458961979 1.3008337969658894 0.61972184746991832 0.8314861077815302 7.6390388339641504 0.42668677354231466 0.18238280713558186
leaf_count=63 493 300 447 1041 1422 41 317 202 25353 1590 87 17 80 103 122 42 126 9 141 32 58 37 44 40 26 78 14 1672 9 1
internal_value=0 -0.00993162 -0.0233224 0.0179074 0.00920857 0.0164859 0.0318136 -0.0318562 -0.0364283 -0.0051249 0.0464748 0.00977154 0.00721877 0.0323273 0.0638298 -0.00381724 -0.0105729 -0.0196685 -0.043842 0.0208032 0.000262417 -0.029198 0.0755617 0.0540768 0.021458 0.0138034 0.0463514 -0.0350949 -0.0321767 -0.0377308
internal_weight=0 64.8966 38.0546 6.33755 26.842 23.3395 24.6288 31.717 29.0139 5.87953 4.03634 10.4526 19.6799 2.16653 3.16438 13.8842 12.6538 10.6868 23.1344 8.6778 4.77403 8.91187 2.77643 3.65959 1.77493 2.70311 14.1761 8.09082 3.50246 7.82142
internal_count=34007 33076 29271 1741 3805 2374 931 27530 27389 1895 700 600 2293 305 253 2213 1913 1787 25494 107 75 1719 131 81 68 141 331 1682 1431 1673
is_linear=0
shrinkage=0.05


Tree=64
num_leaves=31
num_cat=0
split_feature=18 2 21 36 30 15 39 3 30 5 5 0 36 37 22 14 14 15 15 14 36 3 10 12 30 30 2 23 37 14
split_gain=13.2315 9.18904 6.36502 6.34691 4.94476 3.32403 2.5691 3.52369 2.47254 2.31597 1.70781 1.6612 1.56377 1.6753 1.45843 1.43999 1.31907 1.30476 1.10338 2.22107 1.06856 0.92932 0.924629 0.909137 0.836428 0.745628 0.699705 0.662188 0.621813 0.585224
threshold=1.0000000180025095e-35 3.5876276440757437 11.130769675925928 62.350000000000001 6.5000000000000009 898.50000000000011 1.0000000180025095e-35 0.80203339531218354 18.500000000000004 1.0000000180025095e-35 1.0000000180025095e-35 1156.6200000000001 60.050000000000004 69.15000000000002 1.0000000180025095e-35 30499.280000000002 44039.485000000008 172797.50000000003 13904.000000000002 20968.665000000001 23.450000000000003 1.3338462316657287 2923.0600000000009 6253.3750000000009 20.500000000000004 14.500000000000002 8.8199967649303783 14.450353009259262 103.35000000000001 72604.070000000022
decision_type=2 2 2 2 2 2 2 2 2 2 2 2 2 2 2 2 2 2 2 2 2 2 2 2 2 2 2 2 2 2
left_child=1 4 3 6 11 8 7 -2 14 28 12 15 13 -3 -6 -1 -10 -7 23 20 25 -19 -18 -9 -4 -20 -14 -15 -5 -13
right_child=2 10 24 9 5 17 -8 18 16 -11 -12 29 26 27 -16 -17 22 21 19 -21 -22 -23 -24 -25 -26 -27 -28 -29 -30 -31
leaf_value=-0.018236583645392376 -0.029880415999838223 -0.0073428988660251999 0.058929229555132905 0.0077058946942935276 -0.035858880188614356 -0.045332312690161553 0.046715284725872955 -0.0063653658333893484 -0.017972434655696565 0.012790533127256016 -0.022645708895691959 -0.028495310149279435 -0.021682378389613288 0.0062625976722895634 0.018264616358558469 0.045297170361343952 0.054943669256281615 -0.016691123236861664 0.066345518426984218 -0.03205132331362387 -0.010260122189258052 0.042389942010468321 -0.0039369101894670515 0.042259439300882759 0.0048858696675198468 -0.0032820466590492443 0.019775775308023331 0.057999064796039605 -0.044004139212678546 0.007020831653899222
leaf_weight=0.57076430320739691 3.1885156675707611 1.1930466294288598 9.3161776253255049 0.34059072070522045 4.3542261569527891 23.816038131015379 7.2002918162615961 0.85054194479016398 0.69904062652494792 2.3712677657604218 0.95867792458739209 1.4382088179700079 1.3104342558654027 0.9841796124819665 0.94456540292594571 2.7422862221719697 1.5339395469054582 0.81641236896393721 0.63325831107795261 1.6403326612198723 0.64288015611236904 0.082293752522673458 0.73358026921050612 5.3414556008065119 0.97410607954952944 0.38496315380325541 0.84538258984684933 4.8538875516969711 5.4968913415214047 1.6125777884153647
leaf_count=207 1715 170 213 60 1922 24687 215 121 239 21 59 346 260 63 47 78 63 782 48 123 92 55 95 102 19 39 18 165 1937 124
internal_value=0 -0.0157737 0.022894 0.00976328 -0.0266283 -0.0342561 0.0247322 0.0097489 -0.00589473 -0.0252411 0.0249323 0.0121858 0.0316328 0.0418177 -0.0248428 0.0326612 0.0256805 -0.0431429 0.0246381 0.00054204 0.0326773 0.00819527 0.0405197 0.0356239 0.0546992 0.0514383 -0.00431008 0.0514687 -0.0403013 -0.0126235
internal_weight=0 49.4895 38.3813 28.091 39.3439 32.9801 19.8822 12.6819 8.26535 8.20875 10.1456 6.36384 9.18693 7.03111 5.29879 3.31305 2.96656 24.7147 9.49343 3.30143 1.6611 0.898706 2.26752 6.192 10.2903 1.01822 2.15582 5.83807 5.83748 3.05079
internal_count=34085 29380 4705 4473 28645 27890 2455 2240 2366 2018 735 755 676 398 1969 285 397 25524 525 302 179 837 158 223 232 87 278 228 1997 470
is_linear=0
shrinkage=0.05


Tree=65
num_leaves=31
num_cat=0
split_feature=19 24 23 19 15 2 39 37 30 15 17 5 15 23 37 37 37 19 30 23 41 30 20 0 38 2 0 19 19 37
split_gain=11.2845 8.51391 6.15433 8.39424 5.1346 4.37152 4.10661 2.23026 2.17235 2.63963 1.81973 1.80641 1.69144 1.66615 1.65976 1.31421 1.33608 1.32329 1.25177 1.15921 1.06164 0.908334 0.872586 0.864603 0.826198 0.80248 0.781375 0.774421 0.730227 0.699436
threshold=0.027800925925925927 1.5000000000000002 30.395277777777782 26.558802083333337 614.00000000000011 2.184532917163279 1.0000000180025095e-35 502.35000000000008 6.5000000000000009 18398.000000000004 14.500000000000002 1.0000000180025095e-35 691.50000000000011 15.436921296296299 56.750000000000007 218.55000000000004 71.750000000000014 6.2443113425925931 6.5000000000000009 19.219704861111115 1.0000000180025095e-35 6.5000000000000009 1.5000000000000002 1592.6450000000002 1.6473747546946982 19.249882541093541 908.40500000000009 16.166006944444447 21.025092592592596 -1.0000000180025095e-35
decision_type=2 2 2 2 2 2 2 2 2 2 2 2 2 2 2 2 2 2 2 2 2 2 2 2 2 2 2 2 2 2
left_child=4 2 10 15 14 6 21 8 -7 11 12 13 19 -10 -1 16 -4 -18 26 -2 -14 -6 29 -8 28 -20 -5 -12 -19 -11
right_child=1 -3 3 18 5 7 23 -9 9 22 27 -13 20 -15 -16 -17 17 24 25 -21 -22 -23 -24 -25 -26 -27 -28 -29 -30 -31
leaf_value=-0.01217302237920446 -0.03173527861502308 0.037671972824379597 -0.0065223862352363597 0.027840747374945796 0.0045602300672019395 0.046264162185048877 0.038427179194943595 0.055476358060491941 0.01830083686530962 0.0044284978362189196 0.03826100185070324 0.040736489503018211 -0.047782518988957731 -0.031581647620637289 0.050952035421360821 -0.013773978569992752 -0.011025728956398417 0.084187303949279854 -0.042228116718718484 0.0084535636272208819 0.014360464846091959 -0.039810010818673629 0.0088407324074746951 -0.011913673334811159 -0.0069758173939010043 0.014156452961490719 -0.019925461570822183 -0.015716831171293227 0.011747814460212948 -0.041766228259175031
leaf_weight=0.76219345885328849 2.5706908953143346 5.6201701888930975 0.57199996226699834 0.88339861074928172 1.1281507913954572 2.8843729870859596 2.415593911253382 3.171459821984171 3.245818075956775 0.81004716880852656 0.47970833646831934 3.9204777758568525 19.711713167256679 1.7660509406123308 11.386072490713557 0.37569559249095608 0.27794000634457905 2.9248357111355299 5.3409214424318634 2.9482653947779909 0.29150556377135117 6.8013520583044738 1.2120681297965346 0.61592844146070991 0.15844398469198484 0.22668589651584614 0.63634083780925721 0.45421787904342636 0.77956816466758017 2.9289682537200825
leaf_count=146 889 497 292 47 141 45 80 54 198 152 104 42 18342 166 423 237 137 327 5223 550 39 5087 48 39 82 1 117 209 247 213
internal_value=0 -0.015436 -0.0239178 0.00526607 0.0201179 0.00866826 -0.0157902 0.0222256 0.0131682 0.00364583 -0.0370516 0.0192088 -0.0396291 -0.00160589 0.0463669 0.0492658 0.0558226 0.0640283 -0.0285099 -0.0122627 -0.0462363 -0.0336936 -0.0229414 0.0277811 0.0705854 -0.0381265 0.00787001 0.0174564 0.0746805 -0.0329356
internal_weight=0 44.2521 38.6319 12.1758 43.0486 30.9003 10.961 19.9393 16.7678 13.8834 26.4561 8.93235 25.5222 5.01187 12.1483 5.08848 4.71279 4.14079 7.08735 5.51896 20.0032 7.9295 4.95108 3.03152 3.86285 5.56761 1.51974 0.933926 3.7044 3.73902
internal_count=34174 27340 26843 6710 6834 6265 5347 918 864 819 20133 406 19820 364 569 1322 1085 793 5388 1439 18381 5228 413 119 656 5224 164 313 574 365
is_linear=0
shrinkage=0.05


Tree=66
num_leaves=31
num_cat=0
split_feature=19 21 3 5 36 37 32 3 23 19 14 10 10 22 0 37 32 22 38 3 12 38 23 21 38 36 33 37 37 14
split_gain=12.8127 10.6775 8.79269 7.91525 7.57636 9.75945 3.97335 3.03476 1.90058 2.23201 1.49907 1.43727 1.3713 1.35625 1.27138 1.14921 0.882436 0.633717 0.612693 0.609006 0.59409 0.614529 0.519404 0.425277 0.381721 0.300932 0.279341 0.243688 0.331099 0.243453
threshold=0.027800925925925927 5.2896122685185194 -1.7021190208573007 1.0000000180025095e-35 60.050000000000004 150.25000000000003 0.036038961038961044 2.0064716797994779 19.219704861111115 16.848096064814818 32707.424999999999 1835.9400000000003 3718.7350000000001 1.0000000180025095e-35 1021.215 51.350000000000001 0.31918505942275049 1.0000000180025095e-35 0.36958209487114785 3.4357288626039613 6937.0400000000009 0.50453712356409819 0.0040335648148148153 11.354212962962965 0.013612627399690269 55.750000000000007 1.0000000180025095e-35 102.05000000000001 116.15000000000002 24877.555
decision_type=2 2 2 2 2 2 2 2 2 2 2 2 2 2 2 2 2 2 2 2 2 2 2 2 2 2 2 2 2 2
left_child=1 2 24 11 5 6 7 13 -7 20 -8 -4 17 -2 22 -12 23 -9 -13 -6 21 -10 -3 -17 -1 -16 -5 -20 -29 -11
right_child=4 14 3 26 19 8 10 12 9 29 15 18 -14 -15 25 16 -18 -19 27 -21 -22 -23 -24 -25 -26 -27 -28 28 -30 -31
leaf_value=-0.0058033703400705745 -0.044657925451970323 -0.017484762693470473 -0.043525727106132034 0.013864637031064159 -0.047565117819624178 0.0013372826322276667 -0.02361503160088646 -0.029511282717773587 0.15141891643272401 -0.0089237285443934337 -0.014121313501549422 -0.022077277336012807 0.032989483184157196 0.0042472896902833431 0.071496515653141177 -0.0049629197622471088 -0.012259879015381128 0.014938738084866281 -0.0093835770506839854 0.0038527924717483143 0.029649310277279642 0.020140024424136566 0.021363517022373879 0.050360472724274574 0.048237844681683732 0.038517074328841154 0.042283457762104376 0.033726201755535833 -0.0037162460135568352 0.022494414084579969
leaf_weight=0.13085014477838086 11.291160234774004 0.4475274458527555 10.903753719816452 3.2159364614635697 13.953066275920715 1.3287771360483009 0.89154498255811532 1.3620664400514209 0.23388936027186025 0.21672906330786634 0.7010341627174056 0.9312753005069675 1.8181138242362065 1.4163357280194766 6.4860029155388457 0.19474294525571245 0.32230537344003085 0.47404637839645136 0.2243824629113077 0.44948871713131744 1.0819762941682709 0.4826594689511694 1.3823541352758182 3.123134933761321 6.6141249972279184 6.3052299157716334 2.3268481269478798 0.67146948841400422 0.63612521614413708 1.648063884465955
leaf_count=110 11242 5 5400 31 13012 494 661 231 21 216 242 322 31 218 149 75 126 12 50 13 32 36 110 241 339 171 23 16 133 280
internal_value=0 0.0213219 0.00142171 -0.0162147 -0.0179083 -0.00167814 -0.0166652 -0.0284162 0.0551138 0.0701503 0.0187417 -0.03633 0.00972898 -0.0392949 0.0539132 0.0302331 0.0399774 -0.0168143 -0.00110714 -0.0458145 0.0994896 0.126239 0.00904129 0.0467159 0.0465755 0.0592115 0.030434 0.0153252 0.0217942 0.0170026
internal_weight=0 40.2759 25.6548 18.9098 40.9891 26.5866 21.5945 16.3617 4.9921 3.66332 5.23276 13.367 3.65423 12.7075 14.6211 4.34122 3.64018 1.83611 2.46325 14.4026 1.79853 0.716549 1.82988 3.31788 6.74498 12.7912 5.54278 1.53198 1.30759 1.86479
internal_count=34042 6859 6424 5975 27183 14158 13079 11734 1079 585 1345 5921 274 11460 435 684 442 243 521 13025 89 57 115 316 449 320 54 199 149 496
is_linear=0
shrinkage=0.05


Tree=67
num_leaves=31
num_cat=0
split_feature=22 17 19 19 23 36 23 36 30 14 23 15 23 19 36 37 19 20 12 23 15 32 37 39 36 2 36 23 3 36
split_gain=10.8805 7.11923 5.40315 3.77668 3.07076 3.83147 2.80184 2.67849 2.45042 2.03623 1.89974 1.72963 3.12004 1.63821 1.55708 1.54628 1.52855 1.4725 1.35269 1.28418 1.17747 1.17046 1.04642 1.18588 1.06929 1.04459 0.956528 0.890758 0.826102 0.687851
threshold=1.0000000180025095e-35 9.5000000000000018 0.027800925925925927 9.8377372685185218 7.9839583333333346 15.850000000000003 1.0000000180025095e-35 57.350000000000001 1.5000000000000002 300907.25500000006 31.21993055555556 96571.500000000015 33.030028935185193 33.04210069444445 39.050000000000004 767.50000000000011 0.027800925925925927 1.5000000000000002 7668.0600000000013 31.346209490740744 758.50000000000011 0.098387096774193564 150.25000000000003 1.0000000180025095e-35 37.050000000000004 3.5876276440757437 56.850000000000001 33.176452546296304 -0.92562907532061811 223.85000000000005
decision_type=2 2 2 2 2 2 2 2 2 2 2 2 2 2 2 2 2 2 2 2 2 2 2 2 2 2 2 2 2 2
left_child=1 2 4 17 9 -6 16 19 28 -1 -5 20 -13 26 -14 27 22 18 -3 -7 21 25 23 -2 -24 -10 -12 -9 -4 -8
right_child=6 3 8 10 5 7 29 15 11 -11 13 12 14 -15 -16 -17 -18 -19 -20 -21 -22 -23 24 -25 -26 -27 -28 -29 -30 -31
leaf_value=-0.03928550425940245 -0.021088463752272649 -0.01754147959888204 0.037561649486428608 -0.030752569593615595 -0.033309976070710949 0.055603297803061537 0.048481301896037263 -0.02799456211725905 -0.037138899737583393 0.027722482120853365 0.039825128697214815 -0.03212817820767172 0.076966167572876443 -0.02530685976341393 -0.012961881045005896 0.030579491073923461 -0.028419959651347051 0.07929550596806155 0.034301380686352773 -0.01363889332946209 -0.047452845730939802 0.021797123558011049 0.05137488533873065 0.025632983890847262 0.0021520198233032275 0.015748049202967598 -0.015213496103829535 0.014607818543799611 -0.015825277190242727 0.00015067709263821971
leaf_weight=4.5009127701632705 2.2709157734643686 0.92505378928035309 0.92160821577999741 2.9292447735206224 2.4517769503872833 4.971084464050362 12.636104758828875 2.7765385775710461 2.8296907873009398 0.66674140148097638 2.8463297566631813 1.7879277184838422 0.45081492856843386 1.0077025649370623 0.34894179127877578 1.9061286363285033 1.3052338550332931 1.4692005789838729 5.0435804162989371 0.3641693586250766 16.576676214463077 0.91274461115244765 2.0248885899782185 1.3270312026143076 1.8803388224914668 0.61379344295710314 0.42953953269170586 1.0713020519469862 0.45973202318419015 0.78480648249387819
leaf_count=2715 72 480 60 1929 1751 436 344 724 1474 24 330 1952 169 829 353 44 442 104 453 124 18416 83 18 13 29 17 303 156 168 14
internal_value=0 -0.00817483 -0.0182372 0.0210292 0.00212751 0.0145678 0.032206 0.0270331 -0.0330285 -0.0275469 -0.0048961 -0.0368906 0.00128434 0.0152593 0.0523287 0.0019844 0.0088452 0.0437709 0.0249023 0.0494702 -0.0414531 -0.0140256 0.0179077 -0.00202913 0.0329448 -0.0262894 0.0307381 -0.0155668 0.0206094 0.0458615
internal_weight=0 58.2612 43.6106 14.6507 18.7087 13.541 22.2293 11.0892 24.9019 5.16765 7.21282 23.5206 2.58768 4.28357 0.799757 5.75397 8.80841 7.43783 5.96863 5.33525 20.9329 4.35623 7.50317 3.59795 3.90523 3.44348 3.27587 3.84784 1.38134 13.4209
internal_count=34026 33094 28666 4428 5974 3235 932 1484 22692 2739 3391 22464 2474 1462 522 924 574 1037 933 560 19990 1574 132 85 47 1491 633 880 228 358
is_linear=0
shrinkage=0.05


Tree=68
num_leaves=31
num_cat=0
split_feature=15 2 3 21 6 19 19 32 17 37 24 15 17 0 16 15 5 21 21 3 21 37 37 0 15 31 5 33 24 25
split_gain=9.74043 8.71713 5.40405 3.78727 6.71093 4.6306 3.20776 2.75361 3.99309 2.32643 2.00921 1.28631 1.19002 1.17743 1.01575 0.998321 0.979283 0.863137 1.32703 0.825475 0.793103 0.75817 0.679642 0.530092 0.489865 0.535758 0.489536 0.414741 0.34104 0.307516
threshold=829.50000000000011 2.184532917163279 -2.439985648015996 5.2896122685185194 1.5000000000000002 11.885908564814818 21.025092592592596 0.039607843137254913 8.5000000000000018 49.45000000000001 1.5000000000000002 93744.500000000015 4.5000000000000009 2111.9000000000005 1.5000000000000002 898.50000000000011 1.0000000180025095e-35 37.064629629629643 37.188472222222224 4.641437745208993 19.843883101851855 194.85000000000005 70.050000000000011 888.28500000000008 184309.50000000003 1.0000000180025095e-35 1.0000000180025095e-35 1.0000000180025095e-35 4.5000000000000009 1.0000000180025095e-35
decision_type=2 2 2 2 2 2 2 2 2 2 2 2 2 2 2 2 2 2 2 2 2 2 2 2 2 2 2 2 2 2
left_child=6 2 -2 4 16 15 9 10 28 -1 17 19 22 20 -14 -5 -3 24 -19 -7 -10 -13 -11 -22 29 -26 -17 -8 -9 -4
right_child=1 3 7 5 -6 11 27 8 13 12 -12 21 14 -15 -16 26 -18 18 -20 -21 23 -23 -24 -25 25 -27 -28 -29 -30 -31
leaf_value=-0.021464634655420645 0.033768047116877746 -0.044630045908836347 -0.048430049952201341 -0.012943617801277247 0.041897766306951578 -0.030673281820103274 -0.026737816179766227 -0.036385094305456417 -0.007596019632815084 0.025527024023350966 0.01187376698321135 -0.012733018099428717 0.0011151106257540596 -0.0091579000128944304 0.046524157215054804 0.049957280341844261 -0.0056593711434851464 0.044556954386317155 -0.023175620383880075 0.01351336492047632 -0.0015343251913309732 0.045526767996107304 -0.018985505628250417 0.077004505500615522 -0.022063695099065528 0.020644175978649704 -0.0027087712140975088 0.010062899706124222 0.0074021191102009503 3.4458043153382277e-05
leaf_weight=1.0558767353068166 2.6100323203718316 5.2138890235219169 18.64442709443394 0.31548076553735782 3.4233501181006432 3.4695062751998185 1.9497651309939095 2.5756660246406677 0.17858052364317689 0.44429811782902362 1.3715375618194219 0.33961531933164213 1.3760249792831043 0.49403329665074114 16.894411882036366 9.9063644538982736 2.6139401725959033 0.057540721783879145 1.2973796157748436 0.75381160527467717 0.19710148638114322 0.48736124736024067 1.1144493612227959 1.0433043573866596 0.78713840764248633 0.28792418539524078 0.35572786198463369 0.44586061249719922 0.16499573737382878 0.33141082024667312
leaf_count=369 347 1127 21471 3 42 1667 834 1987 110 20 392 194 142 224 1126 654 33 80 1464 9 87 61 371 127 940 17 22 13 4 136
internal_value=0 -0.00793985 -0.0260572 0.0125171 -0.00917873 0.0277495 0.0297952 -0.032737 0.00201544 0.0359957 -0.0396234 -0.0103693 0.039939 0.0456132 0.0433395 0.0452731 -0.0337318 -0.0433057 -0.00259983 -0.0217093 0.060585 0.0277275 -0.00128002 0.0694101 -0.0458022 -0.00618909 0.0480532 -0.0189422 -0.0324749 -0.0476243
internal_weight=0 56.9201 30.0411 26.879 11.2512 15.6279 23.2807 27.431 4.65368 20.8851 22.7774 5.05029 19.8292 1.91302 18.2704 10.5776 7.82783 21.4058 1.35492 4.22332 1.41899 0.826977 1.55875 1.24041 20.0509 1.07506 10.2621 2.39563 2.74066 18.9758
internal_count=34073 31198 27386 3812 1202 2610 2875 27039 2539 2028 24500 1931 1659 548 1268 679 1160 24108 1544 1676 324 255 391 214 22564 957 676 847 1991 21607
is_linear=0
shrinkage=0.05


Tree=69
num_leaves=31
num_cat=0
split_feature=36 36 3 45 39 14 0 25 21 15 23 0 0 12 21 5 14 3 13 13 18 0 15 23 3 0 17 36 3 3
split_gain=9.69051 9.67204 6.99812 3.56527 4.23873 3.48513 3.27259 2.74919 1.749 2.48838 2.01148 1.67555 1.53462 1.97673 1.46833 1.71304 1.37302 1.25992 1.20038 1.22243 1.1575 1.0893 0.993311 0.809311 0.768156 0.748294 0.627962 0.613721 0.493984 0.443716
threshold=57.850000000000001 1.0000000180025095e-35 1.5665996026553377 1.0000000180025095e-35 1.0000000180025095e-35 10793.245000000001 29395.065000000006 1.0000000180025095e-35 7.7567418981481486 13422.500000000002 18.378292824074077 14507.855000000001 1145.075 8154.9100000000008 11.027870370370371 1.0000000180025095e-35 31582.470000000005 0.76239356637207889 8.5000000000000018 29.500000000000004 1.0000000180025095e-35 365.09500000000008 4522.5000000000009 21.809947916666669 -0.94091169570938205 11367.750000000002 5.5000000000000009 682.20000000000016 4.641437745208993 3.4357288626039613
decision_type=2 2 2 2 2 2 2 2 2 2 2 2 2 2 2 2 2 2 2 2 2 2 2 2 2 2 2 2 2 2
left_child=1 6 7 5 -5 11 -1 -2 9 23 17 -3 16 18 15 -4 -12 -10 -14 24 27 -11 -15 26 -20 -26 -7 29 -8 -16
right_child=2 3 14 4 -6 8 28 -9 10 21 12 -13 13 22 20 -17 -18 -19 19 -21 -22 -23 -24 -25 25 -27 -28 -29 -30 -31
leaf_value=-0.04367948442538825 -0.045735242401488442 -0.031056563810855777 -0.030554537946101343 -0.04066037528007261 0.035007696829580402 0.00013193918369532739 -0.0024555344302374959 0.023854148356140786 -0.000757550955800451 0.019708884016567736 -0.020628836052068264 0.032365436870033036 -0.0013268860280312011 0.043880817587981708 -0.024105341957684882 0.017600073640983444 0.035868352677161368 0.037460775797496813 -0.0043719668759515671 -0.0025618703358006758 0.039952989206747995 -0.030915068099993549 -0.004622279262872237 -0.0030839095441164708 0.10640582810442117 0.0069116799204039575 0.04427000161767234 0.02328504325535306 0.033146082746974108 0.012246111029926326
leaf_weight=6.6308818404213508 14.517628997156862 2.4547527251997958 2.9186114484909904 3.2045275417040093 2.3391469853231683 0.9233956668758746 1.6735798058216462 0.95314479159424159 3.5143925343290929 0.7783008309779692 0.70049546600785007 0.57218419096898276 0.31938458792865088 2.9737802094314247 1.5510555823566399 2.5950809777714312 3.4134205201989971 4.4254440817749128 0.093645636981813385 0.26016358687775198 3.5276914313435555 2.1992264034925029 1.1970509715611113 1.186029663949739 4.2652595018153132 0.34641031688079227 5.669419482932426 0.72590230894274999 0.97419972345232952 0.516684672795236
leaf_count=6711 14481 2045 400 1702 124 325 102 110 1469 39 857 17 188 297 544 32 403 401 39 89 63 930 595 182 1117 43 500 14 11 14
internal_value=0 0.0173542 -0.0191271 0.027763 -0.00826169 0.0334933 -0.0267001 -0.0402599 0.0382366 0.019131 0.0465165 -0.0140077 0.0581512 0.0692462 0.0094822 -0.00866754 0.0240956 0.0223518 0.0890711 0.0941333 0.0243346 -0.0160542 0.0317584 0.0328936 0.0989917 0.101496 0.0389196 -0.000720381 0.0161391 -0.0139909
internal_weight=0 50.1151 27.3058 40.8364 5.54367 35.2928 9.27866 15.4708 32.2658 10.7564 21.5094 3.02694 13.5696 9.45569 11.835 5.51369 4.11392 7.93984 5.28486 4.96548 6.32133 2.97753 4.17083 7.77884 4.70532 4.61167 6.59282 2.79364 2.64778 2.06774
internal_count=33844 18186 15658 11362 1826 9536 6824 14591 7474 1976 5498 2062 3628 2368 1067 432 1260 1870 1476 1288 635 969 892 1007 1199 1160 825 572 113 558
is_linear=0
shrinkage=0.05


Tree=70
num_leaves=31
num_cat=0
split_feature=22 3 32 17 30 37 14 0 15 15 15 6 14 19 3 37 2 3 12 14 15 24 14 19 2 35 0 38 14 15
split_gain=9.99044 5.24673 4.41051 3.08703 2.79696 2.69443 2.59091 3.11982 2.08374 2.12412 2.35787 2.30509 2.03431 1.40749 1.71337 1.13291 1.11762 1.22895 1.10101 1.05733 1.00994 1.26027 0.885156 1.0811 0.878818 0.933854 0.834956 0.819581 0.708209 0.64488
threshold=1.0000000180025095e-35 0.80203339531218354 0.039607843137254913 9.5000000000000018 6.5000000000000009 994.05000000000007 46722.220000000016 2111.9000000000005 545.50000000000011 96571.500000000015 146785.00000000003 1.5000000000000002 552762.34500000009 6.4836111111111121 2.8025866982932452 72.65000000000002 0.32566746224595483 -1.7435307734265943 5537.2500000000009 20274.869999999999 1132.5000000000002 1.5000000000000002 95132.884999999995 0.027800925925925927 19.249882541093541 1.0000000180025095e-35 3466.3150000000005 0.17778135142181586 30499.280000000002 365.50000000000006
decision_type=2 2 2 2 2 2 2 2 2 2 2 2 2 2 2 2 2 2 2 2 2 2 2 2 2 2 2 2 2 2
left_child=1 2 4 5 18 8 -4 15 -3 11 19 24 16 -5 -15 -8 17 -6 28 26 -2 22 23 27 25 -10 -11 -22 -1 -17
right_child=20 3 6 13 12 -7 7 -9 9 10 -12 -13 -14 14 -16 29 -18 -19 -20 -21 21 -23 -24 -25 -26 -27 -28 -29 -30 -31
leaf_value=-0.011852011519186063 0.044358450276406752 0.021908883788087072 -0.025015599542053235 0.045271791011828544 -0.026849973223781139 0.037608879727751732 -0.01066544307451347 -0.01897997055926736 -0.042640518225629816 -0.0060333517923101335 -0.020315178993372155 0.020904105547985878 0.033583513428019164 -0.029038501291422832 0.029179261871091558 -0.0059527806438773485 -0.047249237208983295 0.031374217997778515 -0.01859266205828829 -0.0091962462556328395 -0.010480033847994286 0.040703563376453415 -0.02412783449332807 -0.021673298765786369 0.0025338103598258168 0.014422279239780589 0.088271487926649364 0.028921776719346193 0.043340011483232695 0.071660376552735605
leaf_weight=0.30912627163343787 8.7083312944741937 2.9067862600786709 2.2519951695576301 4.898236427572555 1.1539354091510174 2.2831515811849377 0.25879193405853618 1.428903645602986 9.2614824163610994 0.13697288784896855 1.1266121852677313 1.5073168745730061 0.19536352378781785 1.3619089444400745 1.7262282045558093 0.13322332326788489 16.561202117300127 0.5709457410266684 1.0840119812637565 0.22114594472805038 1.1325625913450474 3.4580639936029902 1.0017264190828425 0.98988305428065348 1.2684129695408053 0.30480036139488298 0.40888989227823913 5.0057896166108549 1.1574121038429437 2.2310319991665892
leaf_count=105 304 176 1583 211 1201 45 77 653 4915 120 483 33 130 716 22 20 21808 269 75 106 49 86 80 350 35 2 38 68 19 199
internal_value=0 -0.00870793 -0.0238214 0.00667158 -0.0344461 -0.00432958 0.0114889 0.0327131 -0.0116804 -0.0195268 0.0217971 -0.0270256 -0.04097 0.0309343 0.00268167 0.0583392 -0.0434665 -0.00313625 0.0110516 0.0601441 0.0315561 0.0191756 0.00656346 0.0133143 -0.0348965 -0.0396295 0.0760126 0.0212022 0.0316178 0.0668175
internal_weight=0 54.7479 27.3359 27.4119 21.032 19.4256 6.30395 4.05195 17.1424 14.2356 1.89362 12.342 18.4814 7.98637 3.08814 2.62305 18.2861 1.72488 2.55055 0.767009 20.2964 11.588 8.12996 7.12824 10.8347 9.56628 0.545863 6.13835 1.46654 2.36426
internal_count=33978 33041 26139 6902 23607 5953 2532 949 5908 5732 747 4985 23408 949 738 296 23278 1470 199 264 937 633 547 467 4952 4917 158 117 124 219
is_linear=0
shrinkage=0.05


Tree=71
num_leaves=31
num_cat=0
split_feature=18 2 21 36 32 32 5 30 15 17 36 13 23 13 22 36 5 8 36 36 33 30 13 20 10 20 15 0 0 2
split_gain=9.59369 7.44238 4.40224 4.55077 3.88868 2.87949 2.87189 2.25823 2.24976 2.5149 1.9596 1.69561 2.01707 1.62124 1.49687 1.33693 1.0961 1.02189 0.918638 1.09881 0.899157 0.753451 0.648794 0.632557 0.547419 0.535896 0.531383 0.344288 0.338622 0.27071
threshold=1.0000000180025095e-35 3.5876276440757437 11.027870370370371 59.45000000000001 0.063508064516129045 0.23303167420814483 1.0000000180025095e-35 1.5000000000000002 96571.500000000015 5.5000000000000009 49.650000000000013 5.5000000000000009 15.862008101851854 11.500000000000002 1.0000000180025095e-35 16.450000000000003 1.0000000180025095e-35 1785.5300000000002 57.350000000000001 15.250000000000002 1.0000000180025095e-35 20.500000000000004 12.500000000000002 1.5000000000000002 2368.8950000000004 1.5000000000000002 55971.000000000007 1562.3400000000004 1156.6200000000001 8.8199967649303783
decision_type=2 2 2 2 2 2 2 2 2 2 2 2 2 2 2 2 2 2 2 2 2 2 2 2 2 2 2 2 2 2
left_child=1 4 3 11 7 10 -5 28 14 -10 15 -2 25 23 17 -6 18 -9 19 -3 -14 27 -17 -11 29 -13 -16 -4 -1 -20
right_child=2 16 21 6 5 -7 -8 8 9 13 -12 12 20 -15 26 22 -18 -19 24 -21 -22 -23 -24 -25 -26 -27 -28 -29 -30 -31
leaf_value=0.037929951497801297 -0.016039018324671913 -0.006568671582556829 0.019432537057544705 -0.039120442627390284 -0.012930907613153592 -0.029730424792276923 0.018379454144327966 -0.045898866299507346 -0.028641714350953515 -0.0030280968143327463 -0.015520440802465261 0.042624787220246881 -0.025386346616387029 -0.012592841611962486 0.009734393287840766 -0.0027756631734712884 -0.016657306882903355 0.012558378435175108 -0.024128028297821055 0.046682643742015077 0.01817119668367146 0.0022635396252245767 0.068862808126317052 0.085222989718415382 0.02059689920906789 0.00024629885726258166 -0.026485057144369245 0.06248918387265226 -0.0041746364769791365 0.008366366968943521
leaf_weight=0.47248208313249662 1.5256878272630299 0.87601633061421669 1.7599878031760416 4.8468147895764551 0.34647450904594723 1.8053724024211986 2.7031369637697935 19.243895109859306 1.3377562147215933 0.16018207208253432 0.97403512080200005 10.836401517968621 1.4603377083549267 0.44664039189228788 2.0847221626900132 0.26762342941947315 0.77329714212101031 0.38131664594402437 0.91502044041408248 5.3205264281714335 1.3295310389949009 0.78833528410177756 2.1376028873492032 0.37873945769388229 0.99769006890710432 0.80860882624983865 0.51815255382098246 6.2840729104354978 0.4420367325656116 0.35980074666440487
leaf_count=17 772 142 84 2076 256 1005 29 23442 1740 158 530 822 569 523 302 100 56 82 264 227 81 19 141 115 30 130 123 138 28 9
internal_value=0 -0.0121911 0.0238887 0.0115731 -0.0238231 0.0124162 -0.0187917 -0.0318659 -0.0349567 0.0086698 0.0348087 0.0261979 0.031412 0.0482331 -0.0396935 0.0520123 0.0253374 -0.0442092 0.0305261 0.0392877 -0.00531117 0.05216 0.0624175 0.0740695 0.00193037 0.0399343 -0.00282565 0.0562589 0.0260281 -0.0153107
internal_weight=0 40.2394 32.3429 23.5105 30.997 5.53111 7.54995 25.4659 24.5514 2.32332 3.72574 15.9606 14.4349 0.985562 22.2281 2.7517 9.24235 19.6252 8.46905 6.19654 2.78987 8.8324 2.40523 0.538922 2.27251 11.645 2.60287 8.04406 0.914519 1.27482
internal_count=34010 29290 4720 4479 28562 2032 2105 26530 26485 2536 1027 2374 1602 796 23949 497 728 23524 672 369 650 241 241 273 303 952 425 222 45 273
is_linear=0
shrinkage=0.05


Tree=72
num_leaves=31
num_cat=0
split_feature=36 37 2 15 6 24 37 36 14 2 2 25 17 38 15 12 21 21 21 0 14 21 6 23 6 21 2 25 38 0
split_gain=8.32588 16.4833 6.28136 4.92129 5.32879 2.83297 2.272 1.87599 1.67167 1.51338 1.79135 1.46183 1.17778 1.12265 1.09801 1.28418 0.891056 0.878184 1.23631 0.785015 0.682819 0.579964 0.532941 0.502523 0.494831 0.485633 0.482774 0.477826 0.470457 0.339861
threshold=60.050000000000004 144.65000000000001 2.7338532495338232 758.50000000000011 1.0000000180025095e-35 2.5000000000000004 49.45000000000001 176.85000000000005 7687.4050000000016 5.7313164596176085 0.25580276569398636 1.0000000180025095e-35 5.5000000000000009 2.9674897060337968 64639.000000000007 6770.0950000000003 1.1143171296296299 37.064629629629643 37.188472222222224 1212.7500000000002 11109.660000000002 22.023188657407413 2.5000000000000004 36.343269675925931 4.5000000000000009 31.497939814814817 19.249882541093541 1.0000000180025095e-35 2.9674897060337968 9661.3050000000021
decision_type=2 2 2 2 2 2 2 2 2 2 2 2 2 2 2 2 2 2 2 2 2 2 2 2 2 2 2 2 2 2
left_child=1 3 11 6 5 9 -1 13 -3 10 -5 24 26 22 23 19 -11 -12 -19 -16 -8 -21 27 -10 28 -22 -6 -4 -2 -9
right_child=2 8 7 4 12 -7 20 29 14 16 17 -13 -14 -15 15 -17 -18 18 -20 21 25 -23 -24 -25 -26 -27 -28 -29 -30 -31
leaf_value=-0.024696465442688734 -0.047574848554618625 -0.0088462827079599845 -0.034171390936478412 0.012685044931339566 -0.023668312906006583 0.029823098468898343 -0.0082278493469375418 0.0038296444260637382 0.050859582575465516 -0.023607921557942651 -0.043541490210706628 0.015160544936878108 0.042297498056464239 0.02379958922537069 0.0078422410051009039 -0.00084057580576271272 0.021804568501404827 0.046400426036351958 -0.022319280291894748 0.13322723337319492 0.039039789717517211 0.014150281339654059 0.012675012718807025 -0.0032271820211355836 0.0073261372940148176 -0.005866613522254354 0.016352544237919344 0.0090778884974576247 0.0059400761808179525 0.033987022349981542
leaf_weight=1.2739650530274946 12.388322564365804 0.58644212468061496 3.1743001048453143 1.2788963284692858 0.74777201667893567 1.3338864911347617 0.57218782359268416 1.5029817544855175 10.254451476910614 0.84463548043277059 14.343496731016781 0.62000422849087122 3.3167966696782969 0.80438753712223832 0.31940603110706378 0.26640864630462591 1.6424665622180326 0.037323557655327799 0.79326743842102587 1.1387965371250173 8.1602131184772553 0.38139788032276545 0.33557190839201201 0.32655810401775021 0.18280899222008962 0.38576969131827432 0.42006046324968338 0.3269168622791766 0.20851839549141082 3.8368086853297427
leaf_count=479 14104 206 706 285 67 36 165 196 953 54 14302 96 143 12 108 51 40 49 866 102 612 75 7 99 8 82 5 13 40 133
internal_value=0 0.0154843 -0.020233 -0.00283691 -0.0148667 -0.0257305 0.0246125 0.00940266 0.0608022 -0.0309424 -0.0361579 -0.0414276 0.0299828 -0.0125371 0.0644327 0.101022 0.00403482 -0.0408042 0.00442907 0.110875 0.0332617 0.120821 -0.0235006 0.0490558 -0.045074 0.0366105 -0.00837021 -0.0290135 -0.0463173 0.0274416
internal_weight=0 48.4242 23.3806 35.1507 24.7586 20.274 10.3921 9.98097 13.2735 18.9401 16.453 13.3997 4.48463 4.64118 12.687 2.10601 2.4871 15.1741 0.830591 1.8396 9.11817 1.52019 3.83679 10.581 12.7796 8.54598 1.16783 3.50122 12.5968 5.33979
internal_count=34094 18779 15315 17185 15847 15632 1338 1067 1594 15596 15502 14248 215 738 1388 336 94 15217 915 285 859 177 726 1052 14152 694 72 719 14144 329
is_linear=0
shrinkage=0.05


Tree=73
num_leaves=31
num_cat=0
split_feature=22 2 23 10 37 21 6 10 30 39 2 12 30 33 19 23 2 19 2 0 38 8 30 21 21 23 30 37 35 10
split_gain=8.0202 6.78697 4.10408 2.89227 1.96386 3.38925 2.42659 2.59781 1.9294 1.86017 2.22451 1.70423 1.62613 1.60152 1.55995 1.5209 1.4931 1.24139 1.09683 0.894105 0.839209 0.816682 0.687263 0.835264 1.29334 0.65734 0.63303 0.566199 0.55333 0.547803
threshold=1.0000000180025095e-35 2.184532917163279 1.0000000180025095e-35 390.50000000000006 194.85000000000005 11.226539351851853 1.5000000000000002 985.18500000000006 10.500000000000002 1.0000000180025095e-35 4.8000462868304981 130343.04500000003 18.500000000000004 1.0000000180025095e-35 16.67264467592593 20.22527777777778 0.24344554179186695 21.025092592592596 19.249882541093541 21445.595000000005 2.9674897060337968 1785.5300000000002 5.5000000000000009 37.064629629629643 37.188472222222224 22.732060185185187 3.5000000000000004 62.95000000000001 1.0000000180025095e-35 707.38000000000011
decision_type=2 2 2 2 2 2 2 2 2 2 2 2 2 2 2 2 2 2 2 2 2 2 2 2 2 2 2 2 2 2
left_child=1 3 9 11 6 25 7 8 18 10 20 22 13 16 -7 -14 29 -17 -3 27 -2 -18 26 -24 -25 -6 -1 -9 -10 -5
right_child=2 4 -4 12 5 14 -8 19 28 -11 -12 -13 15 -15 -16 17 21 -19 -20 -21 -22 -23 23 24 -26 -27 -28 -29 -30 -31
leaf_value=-0.0283488711652377 -0.03922258744736308 -0.011894343972356169 0.047503331619871435 0.041178372869854374 -0.023796127574837372 0.064757343679350141 0.033247939235983147 -0.010783719037846138 -0.042086098034052506 0.027845035695923684 0.028653799026984523 0.029259984493483118 -0.020639027596379655 0.024028899876487035 -0.0044103050723697194 0.056044706869387985 -0.038541789695725477 -0.014038322981041518 0.040159807411822471 -0.011158094861396298 0.015030920756246211 0.013880124422382338 -0.046608836686120057 0.044913526831085591 -0.024013885304283542 0.011307874932507666 0.0093538980735350576 0.037546369843412544 0.010048410580162979 -0.010995417317235665
leaf_weight=1.2696852177614446 3.64655920583755 1.8305868652532828 10.826478002592919 0.28206909855361839 1.7109982627443954 3.7444055197411217 3.1990693147527045 0.27226589893689324 5.6678681672783569 2.9511882036458701 1.2118483944796024 0.25986766599817102 0.69544643204426426 1.2650586292729711 0.83710298553341989 1.6058656806708311 5.1589341078069992 0.38640717248199496 0.63503240514546622 1.1909023084444923 0.30352979490999121 0.3397502863081171 13.527960434381381 0.053569380543195488 0.92264301236718893 1.7695620072772724 1.4631869038566945 2.6398372491821647 0.18101291358470906 0.28043219016399235
leaf_count=411 518 520 359 42 262 176 56 100 2056 39 13 102 457 202 364 133 4202 246 6 64 4 61 21615 77 1436 59 115 157 1 184
internal_value=0 -0.0085685 0.0287137 -0.0250596 0.0108306 0.0293464 8.09063e-05 -0.0103049 -0.0254187 0.00117874 -0.0161116 -0.0367856 -0.00309145 -0.0150895 0.0535936 0.0248364 -0.0255008 0.042303 0.009232 0.0193017 -0.0328594 -0.0336653 -0.0393312 -0.0436 0.000581612 -0.00740831 -0.0110646 0.0314263 -0.039241 0.0247773
internal_weight=0 51.1895 18.9396 27.5109 23.6786 8.06207 15.6166 12.4175 8.3145 8.11313 5.16194 17.4969 10.014 7.32624 4.58151 2.68772 6.06119 1.99227 2.46562 4.10301 3.95009 5.49868 17.237 14.5042 0.976212 3.48056 2.73287 2.9121 5.84888 0.562501
internal_count=34037 33104 933 29283 3821 861 2960 2904 2583 574 535 23756 5527 4691 540 836 4489 379 526 321 522 4263 23654 23128 1513 321 526 257 2057 226
is_linear=0
shrinkage=0.05


Tree=74
num_leaves=31
num_cat=0
split_feature=36 37 19 15 21 2 23 5 37 36 19 14 12 2 2 12 0 15 31 3 19 17 14 25 13 0 3 0 15 36
split_gain=7.47211 16.88 5.92261 4.54834 4.00736 3.70912 2.26909 2.12243 1.90865 1.85232 1.73 1.70356 1.49461 1.53608 0.987103 0.805305 1.94528 1.15303 0.730438 0.616332 0.591267 0.578626 0.563605 0.553232 0.454606 0.45113 0.356246 0.346099 0.304065 0.356433
threshold=59.45000000000001 144.65000000000001 0.21398148148148152 691.50000000000011 11.027870370370371 8.8199967649303783 37.118038194444452 1.0000000180025095e-35 55.050000000000004 32.650000000000013 23.137812500000006 7687.4050000000016 47083.44000000001 0.12813749444333472 1.59610900237779 6334.2650000000012 1145.075 3429.5000000000005 1.0000000180025095e-35 3.4357288626039613 23.137812500000006 8.5000000000000018 11109.660000000002 1.0000000180025095e-35 26.500000000000004 45425.610000000008 4.641437745208993 539.06000000000006 184309.50000000003 17.550000000000004
decision_type=2 2 2 2 2 2 2 2 2 2 2 2 2 2 2 2 2 2 2 2 2 2 2 2 2 2 2 2 2 2
left_child=1 3 4 8 7 6 12 23 -1 -8 11 -3 13 -5 -11 16 -13 -18 -15 -4 22 -20 -10 -2 -24 -14 -7 -12 29 -19
right_child=2 10 19 5 -6 26 9 -9 20 14 27 15 25 18 -16 -17 17 28 21 -21 -22 -23 24 -25 -26 -27 -28 -29 -30 -31
leaf_value=-0.021527515624051773 -0.040241662780053471 -0.0063172290491945969 -0.045499107954317893 0.019430132585877568 0.037600820677931614 0.0019218635295341333 -0.022048944764543919 0.015026167735719057 -0.0057667874270888736 -0.0098757936130983732 0.018222606831102196 0.030630513005567878 -0.012769905654578221 -0.04409206273016178 0.06794429794042664 0.043660966638359708 0.01559413210833209 0.0076345554501393541 -0.02336267753964261 0.0065580390054926956 -0.00399962656739241 0.015735395539572532 0.044248987252965069 0.0097334538560699246 0.0061403161815126719 0.022076786172720686 0.029510515010946838 -0.015145921676468471 0.015527806335368322 0.13136659257430924
leaf_weight=1.2954221385298286 4.0124422333901766 0.60366546967998047 10.360769352409985 0.60003672604217229 4.7996029868954793 1.893661647918633 0.78288097406038903 2.5837795548141003 0.50748042430495655 0.24568281241226941 0.47059946518856921 2.2378807307104562 0.8287697302584992 12.142776340740962 0.58340286242309958 6.0097918829414994 0.63744772714562747 0.19012359494809139 1.0544740754412494 0.35200373316183764 0.83530748193152238 0.82984188711270679 5.928413690708112 0.23782783327624191 1.2844325719634069 1.0363762518391011 2.8487348482012749 0.64979328133631498 0.37402765813749272 2.3130884713027626
leaf_count=480 2226 177 13004 25 136 56 920 25 125 321 61 293 556 13446 107 387 44 15 272 13 197 23 381 16 100 33 51 383 12 220
internal_value=0 0.016369 -0.0182374 -0.00343468 0.00651115 -0.0155533 -0.0256505 -0.0173359 0.0235142 0.0214285 0.0613055 0.0663089 -0.031214 -0.036322 0.0520922 0.0702392 0.087428 0.108797 -0.0398412 -0.0433747 0.0318732 -0.00665833 0.0357681 -0.036124 0.0390367 0.00754008 0.0207473 0.000853859 0.120099 0.126831
internal_weight=0 46.1841 22.3464 32.6977 11.6337 22.8466 18.1042 6.83405 9.85106 1.61197 13.4864 12.366 16.4923 14.6271 0.829086 11.7624 5.75257 3.51469 14.0271 10.7128 8.55563 1.88432 7.72033 4.25027 7.21285 1.86515 4.7424 1.12039 2.87724 2.50321
internal_count=34105 18685 15420 17093 2403 15810 15703 2267 1283 1348 1592 1148 14355 13766 428 971 584 291 13741 13017 803 295 606 2242 481 589 107 444 247 235
is_linear=0
shrinkage=0.05


Tree=75
num_leaves=31
num_cat=0
split_feature=19 21 2 36 37 0 24 36 37 17 0 10 38 16 0 0 17 2 24 10 2 30 37 37 37 0 21 2 37 37
split_gain=8.48591 6.67916 6.31038 5.69665 8.03994 4.40744 2.63705 1.71656 1.79516 1.5037 1.38231 1.36446 1.33686 1.07044 0.927243 1.05174 0.864469 0.852813 0.815679 0.690186 0.652779 0.461186 0.448483 0.445283 0.50307 0.352801 0.335505 0.310148 0.261729 0.223887
threshold=0.027800925925925927 3.8986342592592598 0.24344554179186695 59.45000000000001 150.25000000000003 35003.370000000003 2.5000000000000004 29.850000000000005 56.750000000000007 5.5000000000000009 49226.510000000002 1632.6200000000001 0.49884917192180334 6.5000000000000009 1212.7500000000002 3818.1050000000005 4.5000000000000009 0.25580276569398636 2.5000000000000004 5532.0800000000008 19.249882541093541 21.500000000000004 43.050000000000004 107.25000000000001 101.35000000000001 1021.215 11.712980324074076 19.249882541093541 191.25000000000003 79.950000000000017
decision_type=2 2 2 2 2 2 2 2 2 2 2 2 2 2 2 2 2 2 2 2 2 2 2 2 2 2 2 2 2 2
left_child=1 2 -1 4 6 13 7 27 -9 -6 16 17 14 19 -11 26 -7 -10 -5 -4 -19 22 -3 24 29 -24 -16 -2 -14 -13
right_child=3 21 5 18 9 10 -8 8 11 12 -12 23 28 -15 15 -17 -18 20 -20 -21 -22 -23 25 -25 -26 -27 -28 -29 -30 -31
leaf_value=0.046857073616315852 -0.041395583934155336 -0.0023684797667005817 -0.045050431091794324 -0.046641592019224666 -0.0067645204283673932 -0.0065509539899861668 0.031814740747804264 0.048532111984544407 0.014561288526071329 0.0076465236615015589 -0.016877987356485224 0.011082903411957111 -0.0012706816424083341 0.018154957983449425 0.0027559975576161005 0.011430330183948033 0.033512728412443071 -0.038061072514051122 0.011275693086090515 0.0021532765840274587 0.012785479172480699 0.0038251104655359367 0.012381479332773176 -0.013658654217798716 0.038619922551038195 0.053459679722168973 0.13384001531913037 0.0059877453740121694 0.030256370105719105 -0.015882730080107939
leaf_weight=4.7055294513120343 7.0456711251754403 0.32853774150134718 7.3319202215352561 10.453655469114889 0.69768849649699305 1.4157155258581031 1.5705389641225327 0.33425143818021741 0.51514263643184666 0.45847555337240953 2.1262805312871933 0.65698581360629782 0.80435973277781192 0.28465329937171269 0.094825541076715814 0.4697442757897079 4.3326858595246449 4.3275060179294087 0.27527648396790105 0.75592155102640379 0.23390550911426533 0.78734899277333248 1.2952783170039754 0.44579997047549103 0.81609463962377038 10.222307158808688 0.45220094826072454 0.11576442420482624 1.365966028650291 0.45398398514953442
leaf_count=274 7911 56 5695 13203 406 25 44 60 106 113 45 111 271 20 20 50 66 4427 7 184 2 17 127 152 55 317 61 1 121 177
internal_value=0 0.0191193 0.00133077 -0.0164419 -0.000730596 -0.0138069 -0.0170768 -0.0238877 -0.00620667 0.0529902 0.0124086 -0.0141159 0.0634205 -0.0371569 0.0910341 0.106199 0.0241372 -0.0271424 -0.0443209 -0.0408871 -0.0336236 0.0463602 0.0486694 0.0135377 0.0223461 0.0501982 0.127587 -0.0399898 0.0218567 -0.00224021
internal_weight=0 33.5862 20.9527 31.5878 20.8589 16.2472 16.5156 14.9451 7.78367 4.34326 7.87468 7.44942 3.64557 8.3725 1.47525 1.01677 5.7484 5.07655 10.7289 8.08784 4.56141 12.6335 11.8461 2.37286 1.92706 11.5176 0.547026 7.16144 2.17033 1.11097
internal_count=34124 6826 6309 27298 14088 6035 13046 13002 5090 1042 136 5030 636 5899 244 131 91 4535 13210 5879 4429 517 500 495 343 444 81 7912 392 288
is_linear=0
shrinkage=0.05


Tree=76
num_leaves=31
num_cat=0
split_feature=36 37 2 15 0 30 37 38 45 19 19 21 6 21 5 14 21 21 19 24 38 19 14 2 6 28 38 24 21 13
split_gain=7.7105 10.1541 4.97089 3.82337 3.92974 2.13344 1.97798 1.7083 1.43788 1.37263 1.23866 1.36567 2.09974 1.1719 1.63684 1.15234 1.0959 1.01318 0.992839 0.867641 0.860845 0.817871 0.472345 0.466498 0.453559 0.460389 0.432116 0.409269 0.371604 0.341931
threshold=59.45000000000001 144.65000000000001 2.8601106558260896 758.50000000000011 8425.6500000000033 6.5000000000000009 49.45000000000001 2.9674897060337968 1.0000000180025095e-35 0.027800925925925927 6.4836111111111121 6.9529571759259268 1.0000000180025095e-35 9.0861226851851864 1.0000000180025095e-35 7687.4050000000016 37.064629629629643 37.188472222222224 23.137812500000006 2.5000000000000004 0.55685684877229413 23.137812500000006 11109.660000000002 19.249882541093541 4.5000000000000009 1.0000000180025095e-35 1.5636852954461058 2.5000000000000004 20.385457175925932 33.500000000000007
decision_type=2 2 2 2 2 2 2 2 2 2 2 2 2 2 2 2 2 2 2 2 2 2 2 2 2 2 2 2 2 2
left_child=1 3 7 6 5 20 -1 24 10 13 11 12 -6 14 -4 -3 19 -18 29 -7 -5 22 -8 -12 25 -2 -24 -11 -22 -17
right_child=2 15 9 4 8 16 21 -9 -10 27 23 -13 -14 -15 -16 18 17 -19 -20 -21 28 -23 26 -25 -26 -27 -28 -29 -30 -31
leaf_value=-0.023047207433593286 -0.047314562759625992 -0.0059737809985836859 -0.029901796092868461 -0.017327808740392296 -0.028604271467289995 -0.043969583421430869 -0.004019409519029008 0.019554505242588133 -0.026314355395577312 -0.030703584589738261 -0.024929313244403575 0.059054664156920469 0.031876438388705734 0.035696317991186714 0.024262439949284332 0.060419197690422199 0.046865226664575904 -0.018137542789288329 0.0031633189477541083 0.012448873043178281 -0.0043497347712687547 -0.0085852055691622142 0.043580433694985495 0.014652407308792668 0.0068713873831586659 0.0038642559918755162 -0.0023244391558015025 0.010460138014240436 0.034798964839280515 0.002329874261583246
leaf_weight=1.1290982554201061 11.141232840920562 0.62912273677647945 1.7130962795345095 1.1788457088405295 1.3655681403761244 9.6331792705168429 0.45217351510654946 0.58387838758062649 0.98872953440877598 1.5400087497546335 1.069617051631212 1.7686465464939827 2.812992315099109 3.2521888427436352 1.8778625726699829 10.5498791411519 0.032347480475437673 0.56609134568134323 0.98080046591349024 0.31505091860890466 0.56001502124126989 0.69541776797268529 6.594779746432323 0.36103470623493183 0.17270931741222817 0.30579644878162149 0.44443128537386645 0.25189688242971886 1.1909261969849465 0.34286214172607365
leaf_count=479 14357 205 144 269 422 12943 122 49 368 661 718 48 51 73 23 915 42 776 404 9 61 195 462 7 8 91 44 7 50 47
internal_value=0 0.0154399 -0.0208249 -0.000246484 -0.0116487 -0.0275957 0.0250258 -0.0401694 0.0142418 0.00784559 0.022169 0.0312904 0.0104043 0.0179118 -0.0024619 0.0516562 -0.0373432 0.0124973 0.0549366 -0.041209 0.00806703 0.033443 0.037896 -0.0130219 -0.0444821 -0.0457468 0.0407535 -0.023243 0.0252482 0.0589404
internal_weight=0 43.6616 20.8387 31.1589 21.843 13.4765 9.3159 12.2036 8.36659 8.63505 7.37786 5.94721 4.17856 6.84315 3.59096 12.5027 10.5467 0.598439 11.8735 9.94823 2.92979 8.1868 7.49138 1.43065 11.6197 11.447 7.03921 1.79191 1.75094 10.8927
internal_count=34050 18637 15413 17066 15764 14150 1302 14505 1614 908 1246 521 473 240 167 1571 13770 818 1366 12952 380 823 628 725 14456 14448 506 668 111 962
is_linear=0
shrinkage=0.05


Tree=77
num_leaves=31
num_cat=0
split_feature=36 37 2 15 1 37 37 14 3 24 22 6 23 38 12 1 1 3 30 15 25 23 30 30 32 14 15 2 45 38
split_gain=6.30644 12.8891 4.83572 4.0688 4.00889 1.93252 1.9207 1.78517 1.65441 1.49863 1.37911 1.98837 1.0779 0.956284 1.29632 1.59975 1.30033 0.946557 0.996187 0.880991 0.851356 0.760087 0.720405 0.697062 0.474635 0.464951 0.44903 0.395969 0.325389 0.312712
threshold=59.45000000000001 144.65000000000001 2.2110177072425423 691.50000000000011 9.2500864276270001 49.45000000000001 767.50000000000011 10625.925000000003 -2.6028089179770437 2.5000000000000004 1.0000000180025095e-35 1.5000000000000002 33.324039351851859 0.65270517996593413 6334.2650000000012 7.0440983396931154 8.7363640584496789 4.641437745208993 15.500000000000002 96571.500000000015 1.0000000180025095e-35 33.995486111111113 5.5000000000000009 21.500000000000004 0.09449404761904763 13540.130000000003 100339.00000000001 2.184532917163279 1.0000000180025095e-35 2.9674897060337968
decision_type=2 2 2 2 2 2 2 2 2 2 2 2 2 2 2 2 2 2 2 2 2 2 2 2 2 2 2 2 2 2
left_child=1 3 20 5 8 -1 10 -3 -5 12 11 23 -10 14 15 -9 -17 18 22 21 29 -14 -6 24 -4 -7 -21 -20 -27 -2
right_child=2 7 6 4 17 25 -8 13 9 -11 -12 -13 19 -15 -16 16 -18 -19 27 26 -22 -23 -24 -25 -26 28 -28 -29 -30 -31
leaf_value=-0.023739064899679238 -0.045544082354189233 -0.0089825071126429425 -0.040609984413848034 0.021344139116557987 0.014640412428348435 -0.0031168769482054094 0.036821688825028585 0.024113313266346789 -0.044346216649624542 0.019816141532735011 0.022134580446408595 0.026848682222745668 0.017814980385415406 0.030880350702586531 0.038278893282731818 0.13437076580699089 0.0091288997056998469 0.034047952276519793 -0.012213109479979035 0.048447892332838721 0.010029183881451756 -0.030514662841475183 -0.031230860768875185 0.010092401615441518 0.0050211846297798096 0.038728139963529223 -0.0077815265303204277 0.023655138423024379 0.0019979888013140299 0.0044555091071964816
leaf_weight=1.0867408032063419 9.1327392786624824 0.69406759872799639 4.1760669906798267 0.83084527621395032 0.53699392860289608 0.68341478385263865 2.5076198127353555 1.206205431837587 10.018595335684948 0.62044569663703519 2.0748930497793481 1.1328390971757469 0.42450252026901525 4.1179744641995057 3.8257433737162501 1.5827557947486637 0.39272128359880287 2.4841021171305329 0.31527948373695869 0.01575753284851078 0.41794507775921452 1.5381691037036942 1.8326567394833544 0.50620957257342514 0.4103841955657116 6.7554961349233054 0.18409723963122815 2.5629557233769447 0.77571048203390081 0.14790053997421715
leaf_count=472 13467 292 1478 121 20 190 60 191 12032 20 57 23 83 620 250 192 32 49 282 20 98 2045 706 56 73 496 248 190 101 38
internal_value=0 0.0156603 -0.0174638 -0.00187964 -0.0138005 0.0241832 0.00563727 0.0577646 -0.0293541 -0.0339526 -0.00672999 -0.0180822 -0.0379869 0.0623261 0.0746412 0.0987545 0.120909 0.0138435 0.000360838 -0.00381868 -0.041328 -0.0175767 -0.0195759 -0.0308432 -0.0363591 0.0324112 0.0333351 0.0175901 0.0356226 -0.0443914
internal_weight=0 42.4852 20.5066 30.6658 21.3644 9.30136 10.808 11.8195 13.6324 12.8016 8.30039 6.2255 12.1811 11.1254 7.00743 3.18168 1.97548 7.73199 5.24789 2.16253 9.69858 1.96267 2.36965 5.09266 4.58645 8.21462 0.199855 2.87824 7.53121 9.28064
internal_count=34002 18652 15350 17075 15816 1259 1747 1577 14569 14448 1687 1630 14428 1285 665 415 224 1247 1198 2396 13603 2128 726 1607 1551 787 268 472 597 13505
is_linear=0
shrinkage=0.05


Tree=78
num_leaves=31
num_cat=0
split_feature=36 37 2 15 6 23 24 37 38 19 21 18 15 14 39 19 12 15 23 45 37 15 38 2 19 14 14 45 25 24
split_gain=7.42884 10.7083 5.34847 3.97728 3.88433 2.65679 3.03383 1.88392 1.77749 1.72221 1.61359 1.49307 1.48539 1.22949 1.11231 1.08389 0.968638 1.09128 0.815215 0.788713 0.758142 0.647509 0.644464 0.637172 0.618298 0.551094 0.490398 0.481156 0.450701 0.365306
threshold=60.050000000000004 150.25000000000003 2.7338532495338232 758.50000000000011 1.0000000180025095e-35 37.118038194444452 2.5000000000000004 55.050000000000004 2.9674897060337968 0.80135995370370383 8.1814872685185218 1.0000000180025095e-35 80277.500000000015 7687.4050000000016 1.0000000180025095e-35 23.137812500000006 6334.2650000000012 3429.5000000000005 23.394195601851855 1.0000000180025095e-35 144.65000000000001 1712.5000000000002 0.66571410182084645 19.249882541093541 23.137812500000006 13540.130000000003 20082.185000000005 1.0000000180025095e-35 1.0000000180025095e-35 2.5000000000000004
decision_type=2 2 2 2 2 2 2 2 2 2 2 2 2 2 2 2 2 2 2 2 2 2 2 2 2 2 2 2 2 2
left_child=1 3 8 7 5 6 14 -1 28 10 18 -6 21 -3 20 16 17 -15 -4 22 23 -7 -19 -5 25 -9 -14 -27 -2 -11
right_child=2 13 9 4 11 12 -8 24 -10 29 -12 -13 26 15 -16 -17 -18 19 -20 -21 -22 -23 -24 -25 -26 27 -28 -29 -30 -31
leaf_value=-0.019589401560344416 -0.047111483559754787 -0.0063558945381418002 -0.020755650155657373 -0.042457514273080414 -0.01090867360684971 0.020883116591979972 0.029810929207931387 -0.0030676856378915622 0.019491917398291543 -0.031549090869340199 0.040166279127305221 0.047131649674286236 -0.0052507036685938407 0.026716657707537547 0.011081038013575751 0.0054749906193611239 0.036113162719605608 0.12310996221573905 0.016522860192072313 0.003197650280680071 0.010904475342792791 -0.024440365151304048 0.033737430976420006 -0.00079474686165625485 -0.0034845787593397425 0.046103208918688292 0.067008750317783597 0.0019409085888539115 0.0043698957278150968 0.0092293172674102822
leaf_weight=1.224449372151869 9.9750569678726588 0.54478861851384763 1.9989880535576943 11.970877098152414 1.136275494412984 0.38995243460521922 1.3518108166754235 0.59088640584377383 0.6132787429669414 1.6545737771666607 3.5630251243710518 2.6186087065143511 0.11688371887430538 1.7470288063050228 0.85818098596064452 1.0363011583103787 4.8941552734177094 1.8299735710606917 1.8901915109017862 0.27661126822931681 0.3865321908961058 0.93598728769575246 1.3087319848127661 1.0290805937256671 0.78472169389715407 6.4395215939148329 0.5065005068317987 0.77097686385968689 0.27402628696290854 0.21590694040060032
leaf_count=513 14072 168 154 13905 177 65 42 160 54 771 80 34 139 123 285 336 354 176 60 66 164 1029 158 24 206 384 102 87 102 6
internal_value=0 0.0179944 -0.0181155 0.00215768 -0.00997559 -0.0199349 -0.0269035 0.0269873 -0.0404673 0.00932515 0.0199697 0.0309675 0.026038 0.0568106 -0.0338882 0.0601819 0.0648142 0.0817485 -0.00296404 0.0974722 -0.0373409 -0.00786336 0.103 -0.0394518 0.0349802 0.0388056 0.0585716 0.0421927 -0.0454689 -0.0252666
internal_weight=0 42.7488 20.185 31.1112 21.3007 17.5458 15.5965 9.81056 10.8624 9.32269 7.4522 3.75488 1.94932 11.6376 14.2447 11.0928 10.0565 5.16235 3.88918 3.41532 13.3865 1.32594 3.13871 13 8.58611 7.80138 0.623384 7.2105 10.2491 1.87048
internal_count=33996 18697 15299 17316 15966 15755 14420 1350 14228 1071 294 211 1335 1381 14378 1213 877 523 214 400 14093 1094 334 13929 837 631 241 471 14174 777
is_linear=0
shrinkage=0.05


Tree=79
num_leaves=31
num_cat=0
split_feature=22 36 37 37 36 5 45 10 37 36 23 14 23 6 23 23 38 21 45 13 12 12 35 36 21 38 6 38 0 21
split_gain=7.55724 4.10956 8.12547 3.61454 3.51011 2.29218 1.79498 1.91101 2.42586 2.03803 1.60189 1.44486 1.38249 0.959166 0.954751 0.688182 0.677371 0.656388 0.654805 0.649074 0.628124 0.525921 0.443462 0.39752 0.369884 0.363876 0.552504 0.327698 0.31475 0.282874
threshold=1.0000000180025095e-35 59.45000000000001 150.25000000000003 767.50000000000011 15.850000000000003 1.0000000180025095e-35 1.0000000180025095e-35 432.16500000000002 59.350000000000001 38.050000000000004 1.0000000180025095e-35 63237.825000000004 9.1091435185185201 1.5000000000000002 8.0583275462962991 23.394195601851855 0.22454207988967162 33.047112268518525 1.0000000180025095e-35 33.500000000000007 2794.7200000000007 5142.8200000000006 1.0000000180025095e-35 23.950000000000003 31.497939814814817 0.68541035399701178 2.5000000000000004 0.59602959870156202 10003.430000000002 1.0000000180025095e-35
decision_type=2 2 2 2 2 2 2 2 2 2 2 2 2 2 2 2 2 2 2 2 2 2 2 2 2 2 2 2 2 2
left_child=1 2 4 5 13 22 7 8 9 -6 16 28 -4 -1 -9 -7 -2 20 19 24 -16 29 -3 -18 -14 26 -13 -23 -10 -22
right_child=10 3 12 -5 6 15 -8 14 11 -11 -12 25 18 -15 17 -17 23 -19 -20 -21 21 27 -24 -25 -26 -27 -28 -29 -30 -31
leaf_value=-0.042139799064073953 -0.011393886256073259 -0.046049845142169393 -0.01434926344388762 0.026500992182428396 -0.014190743260500505 -0.014964332085091129 -0.034280325646090078 -0.016728585492767178 -0.038747183126525024 0.092138155382164022 0.046355958413635184 -0.024048030046027943 0.062917709135063699 0.011307049868833558 -0.010574896403207388 0.026518511276699422 0.033913405906700188 -0.011934263418588215 -0.0076345745316664356 -0.0072154713954848118 0.00018788908897602693 0.029200879805509717 0.0073401902779503606 0.0058765169198342244 0.0031335765505787596 0.020052661738402561 0.018130896889393216 0.00053659344355311961 -0.0029866103101500174 0.063028837352775424
leaf_weight=6.4242779646010666 1.611206016212235 10.816279771883266 0.39926772040780534 1.99159627527115 0.39307955108233361 1.0159316118806612 1.7214914172654978 0.49492803466273461 3.2955320395412855 0.054438056424260139 8.7270290702581388 0.84517316776327811 5.5031197470379993 0.53026273596333329 0.26683204804430705 1.1038224656367672 1.8935874029994009 0.30363977243541729 0.17767257866216812 0.16616388357942913 0.19804386934265483 2.1099321938818325 0.13927762210369188 3.1804926305194385 0.38208394311368454 1.6158447224297559 0.42080394132062793 1.5236662415845783 0.92494067127699953 1.7342653906671328
leaf_count=8023 219 14863 294 174 435 31 1398 318 4473 11 348 603 587 20 180 35 60 142 125 44 17 216 1 297 151 521 6 282 68 151
internal_value=0 -0.00645205 0.00449282 -0.0268174 -0.0100198 -0.0362445 0.00334339 0.00986789 -0.00713014 0.0534606 0.0331368 -0.017075 0.0492912 -0.0371555 0.0276187 0.0082132 0.0120941 0.0330385 0.0547911 0.0574467 0.0367836 0.0403188 -0.0448139 0.0202003 0.0600552 0.00871815 -0.00821382 0.019891 -0.0329834 0.0588487
internal_weight=0 44.5524 29.4855 15.0669 22.8572 13.0753 15.9026 14.1811 7.54981 0.447518 15.4123 7.10229 6.62831 6.95454 6.63131 2.11975 6.68529 6.13638 6.22904 6.05137 5.83274 5.56591 10.9556 5.07408 5.8852 2.88182 1.26598 3.6336 4.22047 1.93231
internal_count=34093 33169 18065 15104 16864 14930 8821 7423 6117 446 924 5671 1201 8043 1306 66 576 988 907 782 846 666 14864 357 738 1130 609 498 4541 168
is_linear=0
shrinkage=0.05


Tree=80
num_leaves=31
num_cat=0
split_feature=22 2 32 30 36 36 15 19 30 23 32 0 45 19 36 21 21 15 33 12 19 15 36 36 13 38 2 13 23 23
split_gain=6.66313 4.41156 2.58305 1.95216 1.67295 1.99901 3.79381 2.47333 1.50268 1.41694 1.33667 1.29502 1.21594 1.0804 1.03464 1.0148 0.970492 0.873652 0.892145 0.853505 0.829804 0.764415 0.94193 0.748591 0.700429 0.58931 0.742815 0.563656 0.553055 0.45597
threshold=1.0000000180025095e-35 1.59610900237779 0.039607843137254913 5.5000000000000009 15.850000000000003 57.350000000000001 80277.500000000015 0.027800925925925927 19.500000000000004 1.0000000180025095e-35 0.22474747474747478 3466.3150000000005 1.0000000180025095e-35 0.027800925925925927 57.850000000000001 31.164600694444449 11.712980324074076 2313.5000000000005 1.0000000180025095e-35 69815.130000000019 22.723784722222224 23216.500000000004 408.55000000000007 232.45000000000002 14.500000000000002 0.22454207988967162 1.5332945103566735 7.5000000000000009 19.859947916666673 11.247870370370372
decision_type=2 2 2 2 2 2 2 2 2 2 2 2 2 2 2 2 2 2 2 2 2 2 2 2 2 2 2 2 2 2
left_child=1 2 3 24 19 6 12 21 -5 13 14 -8 17 25 16 -10 -4 -6 -19 -3 28 29 -23 -11 -1 -2 -27 -13 -18 -7
right_child=9 4 10 8 5 7 11 -9 15 23 -12 27 -14 -15 -16 -17 20 18 -20 -21 -22 22 -24 -25 -26 26 -28 -29 -30 -31
leaf_value=0.029635334588586609 -0.0073662292618232915 -0.035006055696543019 -0.013147732851092907 -0.046094195655566828 0.031362622027706233 -0.004040644657540414 -0.0080184085807691926 -0.035128468164800121 -0.020828734555449417 0.045926812320844564 -0.025144374302560026 0.0016610959498924668 -0.027352938973428921 -0.024169530723988312 -0.018626485895141248 0.030216083379610265 -0.0067712649313059941 -0.017020000259629971 0.02228535942360697 0.010240691790544085 -0.0087901204293270325 -0.027768702955603998 0.020320548105730429 -0.0055179456842079097 -0.017251621162490755 0.001168215555995896 0.038811538160162883 0.10132852301520785 0.057783178778421186 0.031578203242162282
leaf_weight=0.99180453084409481 1.264200425823218 2.1955357247788956 0.48713105721981254 11.485432049521476 3.9915003312053177 0.8751235128438547 0.19072396410046977 2.9789462235348765 1.3637728034809691 8.0677914517000282 1.3344606126192955 0.18850329768611107 0.89342672144994129 0.92970399907790113 0.590683658432681 0.65573843970196311 0.15527400269638825 2.3650232613435946 1.5285174138552977 0.99852788471616793 0.36571265742531966 1.2893695892125836 0.90041602155542921 0.54888919554650861 0.49610775639303029 2.0958107616752386 2.8069368340075016 1.076453280606074 1.8838227580417877 3.2510994984477293
leaf_count=68 64 1821 323 20757 246 159 245 3044 1851 333 926 58 262 438 695 327 134 1060 189 41 242 268 25 11 37 40 35 123 112 161
internal_value=0 -0.00747391 -0.0241502 -0.0338584 0.00746955 0.0130838 0.0272973 -0.00369737 -0.0396217 0.0296745 0.00669222 0.0825964 0.0106184 0.010875 0.0217792 0.000263465 0.0326975 0.0175151 -0.000188775 -0.0217919 0.0431181 0.0139024 -0.00782351 0.0424167 0.0133516 0.0187934 0.0256439 0.093767 0.0522569 0.0247093
internal_weight=0 42.5331 19.8099 14.9929 22.7232 19.5291 10.2341 9.29495 13.5049 15.7133 4.81708 1.45568 8.77847 7.09665 3.48262 2.01951 2.89194 7.88504 3.89354 3.19406 2.40481 6.31601 2.18979 8.61668 1.48791 6.16695 4.90275 1.26496 2.0391 4.12622
internal_count=34095 33174 25472 23040 7702 5840 2183 3657 22935 921 2432 426 1757 577 1506 2178 811 1495 1249 1862 488 613 293 344 105 139 75 181 246 320
is_linear=0
shrinkage=0.05


Tree=81
num_leaves=31
num_cat=0
split_feature=33 18 2 14 32 13 36 36 37 15 37 30 2 2 32 8 32 15 15 22 32 24 12 30 36 0 15 36 38 36
split_gain=5.88229 3.463 3.22879 2.2461 1.82244 2.82221 1.56164 1.42187 1.25068 2.25715 1.21245 1.00709 0.978175 0.96474 0.924368 0.684328 0.572047 0.489304 1.4268 0.547431 0.46074 0.425827 1.00528 0.539403 0.420322 0.403794 0.345844 0.333618 0.316977 0.434645
threshold=1.0000000180025095e-35 1.0000000180025095e-35 3.7461379636806407 9729.510000000002 0.070197044334975381 22.500000000000004 56.350000000000001 59.45000000000001 153.65000000000001 13904.000000000002 140.75000000000003 13.500000000000002 1.5332945103566735 2.7962566456686622 0.10620300751879701 1785.5300000000002 0.021507863089731735 96571.500000000015 98372.000000000015 1.0000000180025095e-35 0.029857397504456332 1.5000000000000002 8024.1050000000005 14.500000000000002 34.250000000000007 1752.0950000000003 62017.000000000007 15.850000000000003 1.0807373039360002 103.95000000000002
decision_type=2 2 2 2 2 2 2 2 2 2 2 2 2 2 2 2 2 2 2 2 2 2 2 2 2 2 2 2 2 2
left_child=1 2 4 -3 15 -6 8 10 9 11 20 -5 -9 -8 -7 17 25 19 -19 -1 24 22 -4 -24 -2 -13 -14 -27 29 -15
right_child=7 3 21 6 5 14 13 12 -10 -11 -12 16 26 28 -16 -17 -18 18 -20 -21 -22 -23 23 -25 -26 27 -28 -29 -30 -31
leaf_value=-0.04310961422214165 0.018047918418678567 -0.030243045995072111 -0.024700843986550702 -0.010242495058174881 -0.024572691767327563 0.071343543763568593 -0.027146875895318692 -0.024149507849664138 0.052764361743353805 -0.025021854057302419 0.052330513087402768 0.0072326480040359967 0.024177075748722434 -0.008999829434173422 -0.0044175057649695751 0.010630639600186191 -0.0079112307373314355 0.045730765213608908 -0.025959298167158237 -0.00426633034649509 0.03440014974945118 0.031056589372389073 -0.010222879252175243 0.029394894431782743 -0.005423468223865564 0.001347252715112737 -0.0094768554664116655 0.058223929024069671 -0.0055178888238746355 0.026007680477483638
leaf_weight=11.850644674676005 4.17391705181217 2.0477589290530913 1.1340383258066133 0.82980890688486209 2.2034864432062018 0.4746161407092585 1.626665725809288 1.4486478182370768 2.7319511097739451 1.8550586718192787 5.1135787311068261 0.96934039189363908 2.0006732405745429 0.65172348654596168 0.40254105819622055 0.36844328726874742 0.27828439421136852 0.044578574248590352 1.0781863071606492 1.2275318333995535 2.7016769570764154 1.3663880195817908 0.64686954562785137 1.8052645605639552 2.4298476531694178 0.33367259847000275 0.42538468103157345 2.1086714788980316 1.7312768099945968 2.2231832686811686
leaf_count=20873 1390 1652 341 177 1546 39 1061 1340 121 541 303 180 366 38 134 73 29 84 2045 369 238 47 64 75 553 64 162 86 41 74
internal_value=0 -0.00644925 -0.018999 0.0100108 -0.0286772 0.00497233 0.0169065 0.0270527 0.0290557 0.0131184 0.033857 0.0304695 -1.93448e-05 -0.00240768 0.0527439 -0.0356547 0.0398567 -0.0374759 -0.00291077 -0.0400258 0.0196125 0.0145155 0.00281545 0.0190099 0.00983418 0.0446631 0.0172324 0.0531021 0.00961285 0.0177971
internal_weight=0 39.99 22.6026 17.3874 17.65 3.08064 15.3396 18.2937 9.10679 6.37484 14.419 4.51978 3.87471 6.23285 0.877157 14.5694 3.68997 14.2009 1.12276 13.0782 9.30544 4.95256 3.58617 2.45213 6.60376 3.41168 2.42606 2.44234 4.60618 2.87491
internal_count=34106 29754 25690 4064 25163 1719 2412 4352 1198 1077 2484 536 1868 1214 173 23444 359 23371 2129 21242 2181 527 480 139 1943 330 528 150 153 112
is_linear=0
shrinkage=0.05


Tree=82
num_leaves=31
num_cat=0
split_feature=36 38 19 21 45 14 36 5 0 0 19 21 19 23 23 19 14 14 19 15 22 23 30 33 24 36 0 30 0 36
split_gain=5.76333 5.27872 4.46282 3.32749 3.00929 3.33622 3.80524 2.71139 2.58566 1.96786 1.72118 1.39851 2.93331 2.67246 1.69929 1.60879 1.35153 1.3858 0.899935 0.808667 0.492523 0.467254 0.454856 0.422724 0.383748 0.327685 0.28633 0.264956 0.229922 0.210748
threshold=59.45000000000001 1.0000000180025095e-35 0.80135995370370383 11.027870370370371 1.0000000180025095e-35 30499.280000000002 27.850000000000005 1.0000000180025095e-35 106.38000000000001 29395.065000000006 33.04210069444445 11.354212962962965 13.743252314814816 30.395277777777782 15.436921296296299 0.32731481481481489 17487.730000000003 7687.4050000000016 16.67264467592593 46634.000000000007 1.0000000180025095e-35 21.049351851851856 15.500000000000002 1.0000000180025095e-35 2.5000000000000004 18.050000000000004 1145.075 19.500000000000004 750.88000000000011 856.05000000000007
decision_type=2 2 2 2 2 2 2 2 2 2 2 2 2 2 2 2 2 2 2 2 2 2 2 2 2 2 2 2 2 2
left_child=1 9 3 7 5 6 16 29 -6 -1 11 15 14 28 -13 19 17 27 22 21 -8 -7 25 -11 -4 -19 -16 -3 -14 -2
right_child=2 4 24 -5 8 10 20 -9 -10 23 -12 12 13 -15 26 -17 -18 18 -20 -21 -22 -23 -24 -25 -26 -27 -28 -29 -30 -31
leaf_value=-0.040521036473683714 -0.041242615937744594 -0.019826453288130267 -0.04560918049398744 0.035759560502069854 0.02965144881764516 0.04211793258649376 -0.037805341232756223 0.017474003089798483 -0.038324937786202801 -0.0074037694559378744 -0.019508117525915081 0.018026598436899705 0.0082869963840724644 0.048683339027020295 0.018271468530067177 -0.014442462222842487 -0.014354820220263968 0.011254038554239124 -0.0098484269421060863 -0.013934143351033693 0.0029813204874702482 -0.00093584724236183206 0.0116017225636215 0.028551259614572201 0.0062630860524607096 0.079462594624235522 0.10287381993793313 0.011191491228383459 -0.016019305445444176 0.0021946987659137583
leaf_weight=4.202751930744852 3.8900588929827808 0.54293601645622569 7.5476126584981094 3.9187665511271916 1.3567656603991043 4.9283647903357695 3.0038888952985876 2.846354472450912 2.6664972532307729 0.86657359672244616 0.62192667476483521 1.4755007237836233 0.67501386444200795 3.7965429264586419 0.61238316667731885 1.7513188789016565 0.92282117725699198 0.59553736017551351 0.24489583872491483 0.34669443467282679 0.73808259295765299 0.65717803427833121 0.90661587021895673 0.88173933961661533 0.13731068372726429 1.382646016514627 3.0377625860564876 0.38646506605437025 2.1803257240680978 0.19234702934045333
leaf_count=6713 2391 433 12794 137 62 252 3567 32 1799 82 518 252 146 426 35 943 755 134 399 104 65 98 205 19 4 174 105 66 1268 7
internal_value=0 0.0158528 -0.0173396 0.00371741 0.0236936 0.0292615 0.00290877 -0.0166294 -0.0140619 -0.0245883 0.0400279 0.042791 0.0536811 0.0256729 0.0799043 0.0218388 0.0291664 0.0399425 0.0525819 0.0330881 -0.0308282 0.0376794 0.0590526 0.0145203 -0.0440679 0.069602 0.0956617 -0.00781296 -0.00961414 -0.0391669
internal_weight=0 38.7812 18.5325 10.8475 32.8302 28.8069 8.72389 6.92876 4.02326 5.95106 20.083 19.4611 11.7775 6.65188 5.12565 7.68356 4.98192 4.0591 3.1297 5.93224 3.74197 5.58554 2.8848 1.74831 7.68492 1.97818 3.65015 0.929401 2.85534 4.08241
internal_count=33985 18620 15365 2567 11806 9945 5798 2430 1861 6814 4147 3629 2232 1840 392 1397 2166 1411 912 454 3632 350 513 101 12798 308 140 499 1414 2398
is_linear=0
shrinkage=0.05


Tree=83
num_leaves=31
num_cat=0
split_feature=36 38 19 19 21 17 21 5 3 36 45 0 14 15 33 3 14 20 11 14 24 38 14 21 30 21 25 38 0 13
split_gain=5.78129 6.24489 4.70157 3.38493 4.28451 2.34213 2.33632 1.99252 1.86154 1.49907 1.39015 1.5545 1.48706 1.37299 1.22507 1.04239 0.879914 0.875741 0.783262 0.739668 0.572795 0.525991 0.503106 0.471458 0.63664 0.519266 0.466713 0.419562 0.400269 0.317354
threshold=59.45000000000001 1.0000000180025095e-35 0.027800925925925927 21.025092592592596 21.717251157407411 5.5000000000000009 11.027870370370371 1.0000000180025095e-35 4.641437745208993 23.950000000000003 1.0000000180025095e-35 172.07000000000002 33566.900000000001 545.50000000000011 1.0000000180025095e-35 2.8025866982932452 44039.485000000008 2.5000000000000004 1.5000000000000002 552762.34500000009 2.5000000000000004 1.800022592020168 17487.730000000003 11.027870370370371 9.5000000000000018 19.979947916666671 1.0000000180025095e-35 1.175915906667818 1110.7600000000002 8.5000000000000018
decision_type=2 2 2 2 2 2 2 2 2 2 2 2 2 2 2 2 2 2 2 2 2 2 2 2 2 2 2 2 2 2
left_child=1 8 6 4 5 9 7 26 19 18 12 -12 13 -7 15 -5 -11 23 22 -1 -4 -6 29 -14 -25 27 -2 -26 -16 -3
right_child=2 3 20 14 21 10 -8 -9 -10 16 11 -13 17 -15 28 -17 -18 -19 -20 -21 -22 -23 -24 24 25 -27 -28 -29 -30 -31
leaf_value=-0.040559659300052502 -0.036885301614877734 0.04670037276069236 -0.045172526281457293 -0.034467496393216397 0.076788977836533878 0.030076464669063815 0.033002269913085705 0.017869007742018019 0.026030414562432626 -0.032975835343374942 0.028240353989182804 -0.030879811972772481 0.029097810343987479 -0.021998842533039381 0.029136254908500105 0.016520694982999549 0.0068692651110114139 -0.0078558957304146176 -0.014769597926836768 0.0098799583062963818 0.0088533040152655226 0.0018019471814059692 -0.0059422162054324117 0.012730890611722834 0.081160872829686204 0.0077932870497127785 0.009324917113969872 0.0035350184182948298 -0.0074551225989112381 -0.0046390110422919384
leaf_weight=5.0396119109063866 3.379063425381903 1.5468217838788474 7.5821198813791844 2.9665956150274719 4.2820857616607091 1.553726577782075 3.8471750541357324 2.5512726716697216 0.7465836964547633 2.5917482105724048 1.2058347305282944 1.2457533456617964 5.5023231151280889 1.5402255122608037 1.2321155047102363 0.67395643051713694 1.7802772826398721 0.45571771595859978 0.48178700573043887 0.43489758862415318 0.20522354170680035 0.29572670374182042 0.40132607717532653 1.0925107723451217 2.9795818820130089 0.54999183761537995 0.22269443050026883 0.28014289648854163 0.61863355746027071 0.1498547076480462
leaf_count=6838 2113 274 13065 3668 273 157 139 30 13 2040 58 543 757 1458 166 15 483 214 466 44 6 24 165 84 396 75 15 104 250 89
internal_value=0 0.0174287 -0.0161651 0.0259613 0.0328268 0.0222483 0.00666387 -0.0121157 -0.0256642 -0.00200602 0.0320507 -0.00204395 0.0377768 0.00511121 -0.00864161 -0.0235023 -0.0184925 0.0458673 0.0232949 -0.0356456 -0.0429033 0.0731363 0.033982 0.0487028 0.0620496 0.0706052 -0.0326227 0.0768856 0.0185805 0.0421272
internal_weight=0 39.6478 17.7875 33.4267 27.9354 23.3576 10.0002 6.15303 6.22109 6.95182 16.4058 2.45159 13.9542 3.09395 5.4913 3.64055 4.37203 10.8603 2.57979 5.47451 7.78734 4.57781 2.098 10.4046 4.90223 3.80972 3.60176 3.25972 1.85075 1.69668
internal_count=34022 18654 15368 11759 7660 7363 2297 2158 6895 3517 3846 601 3245 1615 4099 3683 2523 1630 994 6882 13071 297 528 1416 659 575 2128 500 416 363
is_linear=0
shrinkage=0.05


Tree=84
num_leaves=31
num_cat=0
split_feature=19 17 22 23 38 6 13 14 38 23 32 19 3 3 3 3 15 32 3 3 14 12 23 30 30 19 17 12 12 10
split_gain=6.03542 5.4984 2.36795 2.36565 1.55845 1.64906 1.30818 3.14134 1.68363 1.62755 1.51004 3.15286 1.89404 0.932454 0.859287 0.807674 0.788346 0.750314 0.659137 0.696408 0.580274 0.741579 0.560587 0.497296 0.487942 0.527402 0.479005 0.477663 0.448567 0.413007
threshold=23.137812500000006 5.5000000000000009 1.0000000180025095e-35 30.395277777777782 1.0000000180025095e-35 1.0000000180025095e-35 11.500000000000002 29773.365000000002 0.6240376150668171 1.7902141203703705 0.051956815114709856 2.0870370370370375 2.0064716797994779 2.4965913171622796 -2.439985648015996 4.641437745208993 41560.500000000007 0.29705882352941182 0.80203339531218354 -0.81257236385648202 10793.245000000001 5142.8200000000006 19.386325231481486 5.5000000000000009 17.500000000000004 1.0000000180025095e-35 6.5000000000000009 1038.9800000000002 4097.9000000000005 76200.015000000014
decision_type=2 2 2 2 2 2 2 2 2 2 2 2 2 2 2 2 2 2 2 2 2 2 2 2 2 2 2 2 2 2
left_child=1 2 3 13 5 -3 8 9 20 -8 11 16 -13 23 -2 -16 26 -12 19 -4 -6 24 -14 -1 25 -22 -9 -15 -5 -25
right_child=14 4 18 28 6 -7 7 10 -10 -11 17 12 22 27 15 -17 -18 -19 -20 -21 21 -23 -24 29 -26 -27 -28 -29 -30 -31
leaf_value=-0.00012521373390958477 0.011135917117017093 -0.028996267861057624 0.01889835464400488 -0.0080656030724517748 0.0018728136861019221 0.028906475813407641 0.019285242598543188 0.00074032387403753926 0.010153331065698877 -0.031712235992847608 0.056252352732899746 -0.02864438082869902 -0.010094752541901304 0.016461162263752809 -0.042279557494240678 0.013250048985456434 -7.1150255728314563e-05 -0.0022873271169087991 0.032365500410638362 -0.02259696151807437 0.007180982899355922 0.014938173960184814 0.031893910081464492 -0.044843636193211155 0.0037616976869778032 0.1256477035223848 0.046518047558392152 -0.017748591852309672 0.035967199829551502 0.0070980802930078486
leaf_weight=0.74466905358712931 0.53903001357684832 2.1145024665456762 0.99424666183767874 0.37949292158009373 0.27492584483116234 1.0671510599786413 1.7291948541533226 0.6541585716186108 1.8468953381234312 2.9789113919250667 4.9663786301680366 3.4903424034418995 0.5715540467645045 0.9931404706439938 6.5022427695512297 0.26750709116458882 1.2235312202828934 0.51873080563382234 2.0529456740478054 1.066737965797073 0.23751512041781075 0.70761905270046555 1.7302881659707052 6.7531307420867961 0.18391706142574549 0.4394713286892511 6.4683670824742876 1.0961995465331709 0.98482148535549641 0.1376033613923936
leaf_count=246 134 2577 55 434 155 52 116 127 522 3344 330 3737 58 46 9672 3 226 177 62 106 45 156 59 10422 76 165 515 74 177 2
internal_value=0 0.0121496 -0.0119829 -0.0234886 0.0239144 -0.00730689 0.027589 0.0216993 0.053516 -0.0128847 0.0302192 0.0192276 -0.00845206 -0.0320956 -0.0340915 -0.0386624 0.0372863 0.0512172 0.0175591 -0.00294481 0.0781104 0.0855414 0.0215683 -0.0393522 0.104361 0.113151 0.0429224 -0.00142269 0.0254882 -0.0430383
internal_weight=0 46.4064 15.203 11.0891 31.2035 3.18165 28.0218 24.3315 3.69034 4.70811 19.6234 14.1382 5.79218 9.72474 7.30878 6.76975 8.34606 5.48511 4.11393 2.06098 1.84345 1.56852 2.30184 7.6354 0.860904 0.676986 7.12253 2.08934 1.36431 6.89073
internal_count=33870 24061 11624 11401 12437 2629 9808 8689 1119 3460 5229 4722 3854 10790 9809 9675 868 507 223 161 597 442 117 10670 286 210 642 120 611 10424
is_linear=0
shrinkage=0.05


Tree=85
num_leaves=31
num_cat=0
split_feature=36 36 19 19 0 45 0 33 3 25 24 15 0 34 11 15 3 15 15 38 0 0 16 8 38 18 15 20 36 15
split_gain=5.46339 4.54906 3.87979 3.01046 2.20165 2.04072 1.87951 1.59055 0.995091 0.95028 0.894876 0.755865 2.61305 2.20876 1.49142 0.649645 0.501913 0.455859 0.610432 0.392298 0.379894 0.365022 0.356824 0.323028 0.311647 0.301209 0.290138 0.276572 0.257778 0.255152
threshold=57.350000000000001 1.0000000180025095e-35 0.80135995370370383 21.025092592592596 29395.065000000006 1.0000000180025095e-35 106.38000000000001 1.0000000180025095e-35 1.5319487877656324 1.0000000180025095e-35 2.5000000000000004 80277.500000000015 2676.8050000000007 1.0000000180025095e-35 1.5000000000000002 92680.500000000015 3.4357288626039613 4522.5000000000009 11795.500000000002 0.59008990724112942 1110.7600000000002 2799.5800000000004 4.5000000000000009 126.77500000000002 2.9674897060337968 1.0000000180025095e-35 65180.500000000007 3.5000000000000004 161.35000000000005 198726.50000000003
decision_type=2 2 2 2 2 2 2 2 2 2 2 2 2 2 2 2 2 2 2 2 2 2 2 2 2 2 2 2 2 2
left_child=1 4 8 5 -1 11 -7 16 9 22 -4 14 -13 29 19 28 -5 23 -19 -3 -9 -21 24 27 -2 -6 -20 -16 -10 -14
right_child=2 3 10 7 25 6 -8 20 15 -11 -12 12 13 -15 17 -17 -18 18 26 21 -22 -23 -24 -25 -26 -27 -28 -29 -30 -31
leaf_value=-0.039739016411446226 -0.035725259748088704 -0.016843150916990551 -0.044489242950576158 -0.033569933927991062 -0.0061661789581915882 0.029306705288648306 -0.031676880178115215 0.030982535988826228 0.0059719694276340624 0.021125749208170411 0.012690700154770676 -0.0057994815314185251 0.10226295623735747 -0.0098279231261758707 0.045191051024710847 -0.015676665919325854 0.010269185716893968 -0.0067675063255655844 0.029710163654342162 -0.0083501101144925396 -0.0061591407057864549 0.023600309726709789 0.0076584004601056993 -0.0001247548142578725 0.0070371172522781331 0.02679091536089144 -0.0057119572836962992 -0.0029995398567536236 0.029371159745160549 0.0056932501986900691
leaf_weight=3.7946980893320861 2.2062248888541975 1.2242248810653245 7.1083774399885433 2.8301868884591381 0.54787930121528883 1.3220620700158172 1.7974605622002853 1.2596576872165313 2.5171703270752914 0.62674662185600016 0.325109053403139 0.97807733964873422 1.6408852869644763 0.37054241230362084 9.9814570552261994 0.67479706433368836 0.31108477478846897 1.3378651929378964 4.3539836225681938 0.89513978638569813 0.58035477017983783 1.0404851494531611 0.28948194222175505 0.42222054360900152 0.15427398117026303 1.2396985172526911 0.32287217443808902 0.18248261642293151 3.1747240465774667 0.19644834185601201
leaf_count=6748 2182 631 13129 3557 79 65 1108 150 150 26 11 801 169 74 1239 40 7 923 1252 419 239 155 84 63 5 22 301 65 109 65
internal_value=0 0.0175274 -0.0159724 0.0249514 -0.021281 0.0315696 -0.00499156 -0.00916844 0.00518507 -0.0145389 -0.0407802 0.0365409 0.0601858 0.0821125 0.0300133 0.0159319 -0.0277971 0.0356931 0.0193436 -0.00123358 0.021224 0.0110135 -0.0264508 0.042511 -0.0316681 0.0181014 0.0266893 0.0441347 0.0214619 0.0975833
internal_weight=0 36.6298 17.0769 31.0475 5.58228 26.0662 3.11952 4.98128 9.64342 3.27673 7.43349 22.9467 3.18595 2.20788 19.7607 6.36669 3.14127 16.6009 6.01472 3.15985 1.84001 1.93562 2.64998 10.5862 2.3605 1.78758 4.67686 10.1639 5.69189 1.83733
internal_count=33868 18132 15736 11283 6849 7330 1173 3953 2596 2297 13140 6157 1109 308 5048 299 3564 3843 2476 1205 389 574 2271 1367 2187 101 1553 1304 259 234
is_linear=0
shrinkage=0.05


Tree=86
num_leaves=31
num_cat=0
split_feature=2 2 17 14 21 30 37 6 0 0 24 2 17 36 5 0 21 21 3 14 24 30 37 35 15 18 26 14 12 13
split_gain=4.45083 4.51331 3.4397 2.76461 2.45147 1.58684 1.69459 1.41988 1.29896 1.35585 0.968697 0.922692 0.813054 0.771593 0.640592 0.572126 0.569216 0.626519 0.515599 0.457185 0.428942 0.402039 0.363537 0.336655 0.312254 0.269182 0.264512 0.227522 0.221211 0.206662
threshold=0.25580276569398636 3.5876276440757437 8.5000000000000018 72604.070000000022 5.2896122685185194 5.5000000000000009 562.85000000000002 1.5000000000000002 2313.1250000000005 25515.565000000006 1.5000000000000002 0.7733939822736432 17.500000000000004 37.550000000000004 1.0000000180025095e-35 1021.215 17.232905092592596 22.871545138888894 4.641437745208993 300907.25500000006 1.5000000000000002 22.500000000000004 37.850000000000001 1.0000000180025095e-35 18795.500000000004 1.0000000180025095e-35 1.0000000180025095e-35 4355.0250000000005 9116.3750000000018 26.500000000000004
decision_type=2 2 2 2 2 2 2 2 2 2 2 2 2 2 2 2 2 2 2 2 2 2 2 2 2 2 2 2 2 2
left_child=13 2 5 12 7 16 10 18 11 -10 19 -5 20 22 21 -13 -2 -18 -3 23 -4 27 -1 26 -20 -21 -7 -6 -15 -29
right_child=1 4 3 8 14 6 -8 -9 9 -11 -12 15 -14 28 -16 -17 17 -19 24 25 -22 -23 -24 -25 -26 -27 -28 29 -30 -31
leaf_value=-0.0059644225585667888 -0.016815050306035591 -0.032284907966854771 -0.0366208601368068 -0.0012316259098127623 -0.0047582908111691857 -0.043501140123469458 0.019258027177120357 0.027214322994520385 -0.024547366707154208 0.028793672136482536 0.0061426289873996939 -0.0045801278832924737 0.016774566850933984 -0.014356956385155765 -0.01065813584021073 0.06646557780479545 0.033931602909758926 -0.0098905364147065869 0.012258738048931314 -0.017954468973793755 0.0082984743794854605 -0.0060088477679373711 0.04552080454174709 0.0060714180373952322 -0.01489473705514037 0.010942249263196811 0.0018136795077637368 0.038366838532027978 0.012429258827739632 0.008274765969990763
leaf_weight=0.13507869996828858 0.91533492127201244 2.7061840782116624 2.7295086814556262 0.71240340362419408 0.13894028542562864 14.630532617185969 0.85834178418735874 1.1348765417933462 1.4394202082476115 1.3324013666715471 0.98053404680103895 0.17885084796580475 0.42527031514327962 0.53137301839888074 0.48919711465714577 1.7436020814056972 1.0791296283714471 0.7538674801471642 1.1720474918838593 0.79935185221256577 0.24195095401955757 0.37248306686524379 4.8686444929044228 0.12445938959717828 1.0724091641604898 0.57503934021224268 0.24884530587587583 7.4842392614809778 0.55787283228710294 1.3043861880432812
leaf_count=170 373 289 3982 355 24 23337 301 22 1566 47 431 41 88 432 48 200 77 205 24 723 38 9 358 2 24 45 149 556 141 85
internal_value=0 -0.00617382 -0.0174598 0.00813601 0.0147704 -0.0280885 -0.0331981 -0.00928599 0.0284272 0.00192932 -0.0366997 0.0481028 -0.0232817 0.0363392 0.0291997 0.0605504 0.00560117 0.0187792 -0.0208205 -0.0394704 -0.0317947 0.0321275 0.043369 -0.0419183 -0.00130728 -0.0063477 -0.0426768 0.0341637 -0.00125531 0.0352023
internal_weight=0 45.6436 29.7688 8.80341 15.8748 20.9654 18.2171 6.08552 5.40668 2.77182 17.3588 2.63486 3.39673 6.09297 9.78925 1.92245 2.74833 1.833 4.95064 16.3782 2.97146 9.30005 5.00372 15.0038 2.24446 1.37439 14.8794 8.92757 1.08925 8.78863
internal_count=34142 33041 31960 6317 1081 25643 24988 359 2209 1613 24687 596 4108 1101 722 241 655 282 337 24256 4020 674 528 23488 48 768 23486 665 573 641
is_linear=0
shrinkage=0.05


Tree=87
num_leaves=31
num_cat=0
split_feature=17 37 3 13 32 12 23 39 2 32 17 38 21 6 14 14 0 14 15 37 42 31 12 24 37 30 37 15 30 23
split_gain=3.67119 2.71407 2.64819 2.08544 2.78294 2.48099 2.79936 1.69393 1.50168 1.37872 1.20868 1.08913 0.825414 0.73955 0.733146 0.72203 0.70062 0.687091 0.610477 0.798928 0.610707 0.691057 0.569582 0.559065 0.438403 0.404845 0.383246 0.379996 0.349459 0.340919
threshold=5.5000000000000009 43.050000000000004 2.4965913171622796 11.500000000000002 0.051956815114709856 50008.92500000001 15.862008101851854 1.0000000180025095e-35 5.7313164596176085 0.28991596638655465 7.5000000000000009 0.6240376150668171 16.021712962962969 1.5000000000000002 193368.03000000006 31582.470000000005 3750.3550000000005 10793.245000000001 545.50000000000011 74.550000000000011 1.0000000180025095e-35 1.0000000180025095e-35 5142.8200000000006 2.5000000000000004 159.35000000000005 17.500000000000004 65.050000000000011 4953.5000000000009 9.5000000000000018 8.1406886574074093
decision_type=2 2 2 2 2 2 2 2 2 2 2 2 2 2 2 2 2 2 2 2 2 2 2 2 2 2 2 2 2 2
left_child=2 13 7 11 5 6 10 18 23 14 -5 16 -10 -2 15 -6 17 -3 19 26 21 -20 25 -8 -4 28 -1 -7 -19 -30
right_child=1 3 24 4 9 27 8 -9 12 -11 -12 -13 -14 -15 -16 -17 -18 22 20 -21 -22 -23 -24 -25 -26 -27 -28 -29 29 -31
leaf_value=-0.00968958107456111 -0.033125885902162887 0.00018301090221598405 -0.0016981083488700156 -0.0077932741475494243 -0.0033015421454694648 0.043651872424540175 -0.039967781600899803 0.015510089034657932 -0.017080371898069692 -0.010887172612566704 0.028308545637138173 0.014159658996021694 0.023832084886350059 0.014270988692554677 0.010176268292639703 0.062756723877029505 0.006463454680170024 0.006293107867009113 -0.043390575798623016 -0.023360034633021168 0.011432492601684082 -0.0013763174120089434 0.0046660410169631411 0.0098053205116174144 0.028168676069814932 0.0056847979730059285 0.033376686691167889 0.0034997060916744762 0.0035263087884191712 0.12289122274627906
leaf_weight=0.23783596046269018 2.8112961955193891 0.25475756492233204 1.759197117993607 3.2796085550508085 0.34991470747627262 2.4569944672402921 5.7167196201626194 1.632898808456958 1.4754187681246551 0.839957494259579 4.7957739832636435 2.4272010425047483 1.4913654283154754 0.44098761701025058 1.6179241794743573 3.392878840357298 0.60704556500422757 0.20416472491342552 7.9422230998752603 1.1317033086961599 0.22403493546880859 1.1740780430263837 0.29476041675661691 0.23594188038259734 2.3859349314298015 0.23151510703610256 0.53817425359738991 0.93475437397137273 0.12576001475099474 0.42136064401711337
leaf_count=151 3762 228 104 2195 336 298 7900 365 48 442 1572 902 52 14 172 327 145 55 12947 571 21 349 113 10 89 94 21 370 47 178
internal_value=0 0.0135487 -0.0141978 0.0182061 0.0118528 0.00229831 -0.00603076 -0.024971 -0.0241183 0.0385845 0.0144036 0.0464214 0.00430912 -0.0248545 0.0468291 0.0571869 0.0668541 0.0787786 -0.0316343 -0.00359444 -0.0364598 -0.0386505 0.0874896 -0.0368684 0.0176267 0.0974487 0.0221536 0.0359026 0.106334 0.115468
internal_weight=0 34.4061 17.0261 31.1538 26.5873 20.3866 16.9948 12.8809 8.91945 6.20068 8.07538 4.56657 2.96678 3.25228 5.36072 3.74279 2.13936 1.53232 11.248 1.90771 9.34034 9.1163 1.27756 5.95266 4.14513 0.9828 0.77601 3.39175 0.751285 0.547121
internal_count=33878 19260 14618 15484 13722 12445 11777 14425 8010 1277 3767 1762 100 3776 835 663 860 715 14060 743 13317 13296 487 7910 193 374 172 668 280 225
is_linear=0
shrinkage=0.05


Tree=88
num_leaves=31
num_cat=0
split_feature=19 21 2 2 24 36 37 6 15 6 30 23 19 21 14 30 14 23 37 13 36 1 24 5 37 30 2 13 32 37
split_gain=4.56257 8.62009 3.55414 4.93775 2.39319 1.65691 2.51874 1.15526 1.09298 1.03631 0.945359 0.88272 2.53033 0.707425 0.66977 0.581963 0.559211 0.545656 0.780806 0.505126 0.471145 0.422168 0.379458 0.376176 0.334074 0.333205 0.288666 0.240496 0.39279 0.230797
threshold=13.743252314814816 14.167864583333335 0.24344554179186695 1.624304152304858 1.5000000000000002 59.45000000000001 134.15000000000001 1.0000000180025095e-35 614.00000000000011 1.5000000000000002 21.500000000000004 30.395277777777782 23.137812500000006 21.717251157407411 7687.4050000000016 1.0000000180025095e-35 356451.57500000007 34.2122800925926 666.85000000000014 11.500000000000002 28.850000000000005 6.7686483720079202 1.5000000000000002 1.0000000180025095e-35 92.350000000000009 20.500000000000004 19.249882541093541 7.5000000000000009 0.17752100840336138 94.450000000000017
decision_type=2 2 2 2 2 2 2 2 2 2 2 2 2 2 2 2 2 2 2 2 2 2 2 2 2 2 2 2 2 2
left_child=1 2 20 16 11 6 7 8 29 17 21 26 13 -13 -8 -14 22 18 24 -9 -1 -3 -4 -19 -7 -10 -2 -23 -29 -5
right_child=4 10 3 5 -6 9 14 19 25 -11 -12 12 15 -15 -16 -17 -18 23 -20 -21 -22 27 -24 -25 -26 -27 -28 28 -30 -31
leaf_value=0.043164178432112732 -0.039932225715986175 0.0098358462703925197 -0.044433412940685264 -0.0057330637537238455 0.026314920591799358 0.0064339141623626682 -0.0062200046590977394 -0.0069272035361239775 -0.031781936213973391 0.022532299417369388 -0.0053348316399397747 -0.0078371272047914123 0.0094225306643386537 0.046025947084707391 0.054499042332516859 -0.036640094393770743 0.0027293153629713227 -0.014820424743831951 0.011980244250035752 0.031271659038701195 -0.0053613052378783084 0.010550737557204268 0.0030756349215160256 0.021809807006081493 -0.040399770281421811 0.0060818716380157166 0.0058402288651730975 0.064118190398883432 0.0013142759059121345 0.024999047762542848
leaf_weight=3.4135231212421817 6.5443871057359484 0.92510019490145801 6.8744108815153622 0.44445390818873576 1.6394453980319657 0.14357807702617709 0.29702762706438113 0.77487200533505562 2.9241606134455655 0.78115993575192977 0.50275100226281288 0.50699640932725731 0.39922125986777279 1.0387979187071321 2.9874606717785355 3.1131411747774109 0.62716584716690693 0.37490696081658814 0.49154203041689459 2.0471421895781532 0.33286235114792351 0.70687945134704744 0.31237877823878069 0.52684888243675232 3.0802254891896155 0.34560670075006772 0.11311228573322285 7.0488574274349958 0.30061885467148375 0.87272511725313962
leaf_count=291 10131 249 11758 65 262 16 30 16 1638 18 32 361 36 210 196 5718 299 76 29 52 252 102 198 4 1466 124 1 527 22 19
internal_value=0 0.0135396 -0.00105976 -0.00858136 -0.0195611 0.00747057 0.0183215 0.000594113 -0.0139608 -0.0135281 0.0521465 -0.0275454 -0.00916031 0.0322206 0.0488379 -0.0304766 -0.0387351 -0.0225543 -0.0296083 0.0217148 0.0386315 0.0555762 -0.042245 0.0067956 -0.0372845 -0.0272927 -0.0384934 0.0591625 0.0620144 0.0166302
internal_weight=0 37.1363 27.6521 23.9057 13.3551 16.0917 10.6934 7.40896 4.58695 5.39826 9.48421 11.7157 5.05816 1.54579 3.28449 3.51236 7.81396 4.6171 3.71535 2.82201 3.74639 8.98146 7.18679 0.901756 3.2238 3.26977 6.6575 8.05636 7.34948 1.31718
internal_count=34198 17479 16547 16004 16719 3749 2140 1914 1846 1609 932 16457 6325 571 226 5754 12255 1591 1511 68 543 900 11956 80 1482 1762 10132 651 549 84
is_linear=0
shrinkage=0.05


Tree=89
num_leaves=31
num_cat=0
split_feature=36 37 19 15 6 30 23 24 15 3 37 18 25 30 24 36 39 38 19 30 12 38 30 19 23 37 3 15 22 12
split_gain=3.05036 6.27296 3.23283 1.89981 2.51583 2.48816 1.88159 1.5971 1.18272 1.15331 1.14712 1.08784 0.84893 0.763922 0.694326 0.665488 0.63725 0.528688 0.447113 0.438587 0.417933 0.341627 0.308955 0.284896 0.39765 0.28426 0.192613 0.185723 0.180899 0.175904
threshold=59.45000000000001 166.95000000000002 0.21398148148148152 758.50000000000011 1.0000000180025095e-35 6.5000000000000009 37.118038194444452 2.5000000000000004 80277.500000000015 1.5665996026553377 55.050000000000004 1.0000000180025095e-35 1.0000000180025095e-35 3.5000000000000004 2.5000000000000004 176.85000000000005 1.0000000180025095e-35 1.8700174889654102 23.137812500000006 16.500000000000004 171661.18500000003 2.9674897060337968 15.500000000000002 23.137812500000006 15.024895833333336 72.65000000000002 4.641437745208993 36662.000000000007 1.0000000180025095e-35 540.54000000000008
decision_type=2 2 2 2 2 2 2 2 2 2 2 2 2 2 2 2 2 2 2 2 2 2 2 2 2 2 2 2 2 2
left_child=1 3 9 10 5 13 7 16 -8 12 -1 27 20 -5 -4 17 26 22 -12 -10 21 -2 -11 24 -3 -15 -7 -6 -20 -18
right_child=2 23 14 4 11 6 8 -9 19 15 18 -13 -14 25 -16 -17 29 -19 28 -21 -22 -23 -24 -25 -26 -27 -28 -29 -30 -31
leaf_value=-0.019129088151163282 -0.036791720748728711 0.026180052358310175 -0.042355158007132465 -0.015054757572574873 -0.019238323653183315 -0.043194202879638662 -0.015509152982950442 0.020471356733371967 -0.0055840184404978167 -0.024151809994289956 0.028847064499834853 0.038509037477582185 0.019528108953559706 -0.0057035270567920354 0.011022478675535421 0.029690890561322403 0.014702874286490739 0.020924342507950253 -0.015865336170642702 0.059657769821844724 0.01009599556304497 0.0072624648853590826 0.0068704275116773517 0.0064959457702211745 0.067742689633537148 0.032919636270934881 -0.0035085909484536049 0.0077240084411211692 0.010483309227475805 -0.011258696308597028
leaf_weight=0.96968256513355466 2.1658503008657131 2.9793272889510254 5.8708057512267251 0.67661138629773931 0.72281847594422222 8.8768271570734143 0.65544656445854232 0.66055262461304742 0.1249710617994424 1.2021751997817776 7.2006643866188824 2.6360545270144939 0.54980610735947255 0.24659014277858693 0.27077362872660149 3.3341372147551738 0.39732919845846559 0.68940225429832924 0.45573534141294647 0.29487046101712622 0.21956174715887744 0.17142033093841735 0.70272776036290441 0.62787306122481812 3.4071805940766353 2.3072866394068114 0.50727711990475732 0.33602871597395279 0.2765371729619801 0.27049189462559298
leaf_count=515 2117 371 12976 271 134 14053 1090 27 173 98 668 39 23 63 9 107 46 13 217 78 4 6 44 224 254 94 17 43 10 215
internal_value=0 0.0126247 -0.0135908 0.00127589 -0.00774422 -0.016847 -0.0270871 -0.0334409 0.0218248 0.0056954 0.0191034 0.0249625 -0.0159235 0.0180886 -0.0387879 0.0176874 -0.0385154 -0.00170782 0.025395 0.0499825 -0.0268939 -0.0323527 -0.0142821 0.0515708 0.0545228 0.0286348 -0.0415934 -0.0110861 -0.00560731 0.00374181
internal_weight=0 34.6302 15.1767 27.6158 18.7132 15.0183 11.7878 10.7125 1.07529 9.03508 8.90262 3.6949 3.10664 3.23049 6.14158 5.92844 10.0519 2.59431 7.93294 0.419842 2.55683 2.33727 1.9049 7.01438 6.38651 2.55388 9.3841 1.05885 0.732273 0.667821
internal_count=33999 18602 15397 17753 16343 16127 15699 14358 1341 2412 1410 216 2150 428 12985 262 14331 155 895 251 2127 2123 142 849 625 157 14070 177 227 261
is_linear=0
shrinkage=0.05


Tree=90
num_leaves=31
num_cat=0
split_feature=19 21 18 14 21 0 5 14 14 30 17 3 23 19 3 15 15 37 17 0 22 17 0 10 10 14 23 38 2 15
split_gain=4.17219 8.05278 3.72911 1.80879 1.75561 2.14988 3.65039 1.61502 1.55361 1.24256 1.16684 1.16521 1.12809 1.16133 0.999039 0.916817 0.777428 0.727182 0.698207 0.593768 0.535001 0.504305 0.445455 0.427414 0.378562 0.369106 0.329113 0.280426 0.274431 0.269343
threshold=21.025092592592596 19.843883101851855 1.0000000180025095e-35 43424.875000000007 3.8986342592592598 106.38000000000001 1.0000000180025095e-35 48811.375 29174.240000000002 6.5000000000000009 5.5000000000000009 3.4357288626039613 27.7352025462963 17.777743055555558 2.0064716797994779 98372.000000000015 146785.00000000003 100.65000000000002 15.500000000000002 6809.0350000000008 1.0000000180025095e-35 13.500000000000002 1110.7600000000002 5532.0800000000008 12302.900000000001 10793.245000000001 20.002528935185186 1.7459230229238742 0.12813749444333472 65180.500000000007
decision_type=2 2 2 2 2 2 2 2 2 2 2 2 2 2 2 2 2 2 2 2 2 2 2 2 2 2 2 2 2 2
left_child=1 2 3 23 5 -4 15 17 19 22 -8 27 13 29 20 18 25 -5 24 -6 21 28 -2 -1 -7 -17 -19 -11 -9 -3
right_child=9 12 4 7 8 6 10 14 -10 11 -12 -13 -14 -15 -16 16 -18 26 -20 -21 -22 -23 -24 -25 -26 -27 -28 -29 -30 -31
leaf_value=-0.039028099644105384 0.023059966696838952 0.042941830083806073 0.03814609304843989 -0.0083752226027382637 -0.018377068231240575 -0.040784321529626126 -0.0056257565614596227 0.0057029677131002522 0.055359106499694326 -0.04214131289639076 0.042433479945545943 0.016295608725046928 0.075342754768286238 -0.01363368310494064 0.016080349405913654 0.040399477383911329 -0.019262745775465502 -0.00071763005676560429 0.013026082949081936 0.021537001746804906 0.0087998397458299502 0.0070185893013666517 -0.013319304875776398 0.0061202719508062471 -0.00015099604782586409 -0.0076519229410155071 0.062849485048396644 -0.0023415017431505543 -0.037038109517528311 0.0020831564660671481
leaf_weight=5.4953061156702443 1.103457004413938 3.2734098135406371 2.9008479656185981 0.31592402332171321 1.0555695894872759 4.92420788752497 1.561709167435765 0.14434001175686795 3.198514169518603 5.175686590213445 2.8669658396393061 0.54969261586666096 3.6701143331738422 0.81389607991150104 1.6502458098984787 0.45229434783686862 0.5911575669888407 0.21105648118827958 0.2927057128981686 0.70452407916309301 0.71359475760254998 0.52816836864803907 0.57249575067544345 0.29929767487919878 0.64285931328777213 0.17527252534637228 0.44306229322683066 0.60819745127810154 3.1818735782580916 0.56189878800068971
leaf_count=10915 106 285 169 257 223 3203 18 11 123 10143 39 12 310 985 121 45 611 242 18 21 109 171 206 69 48 77 48 770 4393 146
internal_value=0 0.0141846 0.00231375 -0.0176418 0.0159008 0.00600234 -0.00450285 -0.000138645 0.038828 -0.0234422 0.0275716 -0.0325576 0.0551425 0.0286822 -0.0110749 -0.0254992 0.00857645 0.0400019 -0.0328034 -0.000385858 -0.0220112 -0.0283531 0.0102995 -0.0361386 -0.0368297 0.0305234 0.0543048 -0.0389183 -0.0342939 0.0386246
internal_weight=0 40.6688 32.3495 12.9829 19.3666 14.408 11.5072 7.18827 4.95861 8.00953 4.42868 6.33358 8.31932 4.6492 6.21822 7.0785 1.21872 0.970043 5.85977 1.76009 4.56798 3.85438 1.67595 5.7946 5.56707 0.627567 0.654119 5.78388 3.32621 3.83531
internal_count=33894 22657 20931 16336 4595 4228 4059 5352 367 11237 57 10925 1726 1416 4805 4002 733 547 3269 244 4684 4575 312 10984 3251 122 290 10913 4404 431
is_linear=0
shrinkage=0.05


Tree=91
num_leaves=31
num_cat=0
split_feature=36 37 19 21 6 9 0 21 19 37 36 3 12 24 0 17 19 21 3 37 13 24 18 10 43 37 37 32 3 19
split_gain=3.72677 6.33467 3.35997 2.55444 2.08012 2.04749 2.02227 1.93849 1.47746 1.4314 1.78316 1.25071 1.05629 0.856435 0.682659 0.515034 0.463319 0.743951 0.46137 0.418663 0.378287 0.353974 0.338224 0.283445 0.248271 0.237339 0.22025 0.218058 0.198754 0.187258
threshold=59.45000000000001 150.25000000000003 0.80135995370370383 11.226539351851853 1.0000000180025095e-35 1.5000000000000002 1853.5800000000002 8.0862037037037044 18.741325231481486 79.250000000000014 23.050000000000004 -3.2337409725332322 44951.905000000006 1.5000000000000002 3339.3000000000006 5.5000000000000009 23.137812500000006 16.098478009259264 3.4357288626039613 58.150000000000013 14.500000000000002 2.5000000000000004 1.0000000180025095e-35 1973.9200000000003 1.0000000180025095e-35 112.15000000000002 134.95000000000002 0.029857397504456332 -1.3598321174899339 11.97892939814815
decision_type=2 2 2 2 2 2 2 2 2 2 2 2 2 2 2 2 2 2 2 2 2 2 2 2 2 2 2 2 2 2
left_child=1 5 3 4 24 6 11 12 9 10 -9 -1 26 -13 29 -7 17 -3 23 -17 -6 -4 -14 -10 -2 -21 -8 -16 -18 -11
right_child=2 16 21 -5 20 15 7 8 18 14 -12 13 22 -15 27 19 28 -19 -20 25 -22 -23 -24 -25 -26 -27 -28 -29 -30 -31
leaf_value=0.018165386464076245 -0.038825019179899056 0.027405396524939292 -0.043761127639376701 0.03476229078319984 -0.0029493915730648651 -0.0087447234847869201 -0.034507123621818556 -0.0028615876321090713 -0.027621950666005729 0.030207067471152212 0.074295198562157744 -0.040194629140119731 -0.013440134109447733 0.010863978814570102 -0.021410000335448005 -0.0053446777320656251 0.016464174140175342 0.067447930907511333 0.016377552897900483 0.043746158349937406 0.029518313933713736 0.0061217930773727926 0.017734798587743274 0.0047512936140838152 0.0048936992261587459 0.0048269311123125564 0.0021707379491070875 0.0072584400837294371 -0.010344393917444386 -0.0055002776692242641
leaf_weight=0.68176266003865738 3.2406785961065894 4.784611128008688 5.7215127457311601 3.1529853302927222 1.2567784435814249 0.43393800362537049 2.9655222531291643 0.94236371629813254 1.3452686927921607 0.77856523443188086 1.6595445177226791 5.4558908182371004 0.44046393284224916 0.51748726738151152 1.2228252649802014 0.37803322789841365 0.43872523866593838 3.620899990433827 0.42026070691645134 2.5249299538554628 1.150037918356247 0.13493461720645417 1.6374329946411308 0.58835988593637001 0.12640185130294401 0.74563442074577313 0.32964042259845872 0.37139566332916718 0.41354096625582393 0.12325036551919766
leaf_count=59 2400 707 12847 130 20 226 2336 776 2178 127 179 9411 247 175 372 221 37 273 6 240 22 5 75 245 16 112 72 60 312 178
internal_value=0 0.0139255 -0.0155321 0.00423542 -0.0151055 -0.000337947 -0.00737423 0.00444356 0.0198738 0.0331167 0.0533143 -0.0277534 -0.016717 -0.0348477 0.0028348 0.0280812 0.0467221 0.0499919 -0.0101297 0.0334 0.0166752 -0.0418866 0.00890683 -0.0195097 -0.036439 0.0380812 -0.0311868 -0.0145078 0.00489411 0.0250009
internal_weight=0 32.8203 14.7833 8.92688 5.7739 23.5626 19.48 12.8249 7.45183 5.09794 2.60191 6.65514 5.37306 5.97338 2.49604 4.08254 9.25778 8.40551 2.35389 3.6486 2.40682 5.85645 2.0779 1.93363 3.36708 3.27056 3.29516 1.59422 0.852266 0.901816
internal_count=34064 18624 15440 2588 2458 17295 16496 6851 4121 1692 955 9645 2730 9586 737 799 1329 980 2429 573 42 12852 322 2423 2416 352 2408 432 349 305
is_linear=0
shrinkage=0.05


Tree=92
num_leaves=31
num_cat=0
split_feature=22 23 19 21 19 21 5 23 15 14 30 30 23 23 6 37 2 36 3 23 13 36 1 36 3 10 23 36 3 2
split_gain=3.37639 2.79076 3.39438 5.77468 2.66881 2.35856 2.57235 2.68157 1.5762 1.46034 1.35604 1.08233 1.06928 1.04712 0.926178 0.887537 0.875176 0.802543 0.765397 0.64779 0.620387 0.583545 0.537196 0.474338 0.437148 0.415344 0.396611 0.391142 0.328502 0.289506
threshold=1.0000000180025095e-35 7.885422453703705 21.025092592592596 22.35255208333334 6.9059953703703716 6.4998206018518525 1.0000000180025095e-35 9.6745891203703724 172797.50000000003 23847.770000000004 6.5000000000000009 21.500000000000004 22.732060185185187 1.0000000180025095e-35 2.5000000000000004 150.25000000000003 3.973382124839397 41.850000000000001 3.4357288626039613 13.06559027777778 8.5000000000000018 27.450000000000003 7.0136996235310836 232.45000000000002 -3.2337409725332322 21695.500000000004 25.156313657407413 223.85000000000005 2.0064716797994779 3.7461379636806407
decision_type=2 2 2 2 2 2 2 2 2 2 2 2 2 2 2 2 2 2 2 2 2 2 2 2 2 2 2 2 2 2
left_child=1 14 3 4 5 6 7 21 12 -7 22 19 -6 15 -1 16 24 -17 -12 -11 -5 -3 -4 -15 -2 -9 -22 -26 -14 -19
right_child=13 2 10 20 8 9 -8 25 -10 11 18 -13 28 23 -16 17 -18 29 -20 -21 26 -23 -24 -25 27 -27 -28 -29 -30 -31
leaf_value=-0.041355198765387347 0.011516045249739301 0.044894289136455823 0.023908813505084447 -0.0043536345823815452 -0.040016412319761149 -0.0081721750318868285 0.028066691755481737 -0.040337932759948486 0.037797795023922241 -0.0043897344237548968 -0.041403141297194218 -0.012672010080397545 -0.010935046655251045 0.043849703569062447 0.014748976433179762 0.043032923945860405 0.022366125116146728 -0.017247690781478951 0.010583957460786955 0.066173637329348403 0.0065191877819910666 -0.0086930944227606981 -0.016399045248571022 -0.0017199287100955801 -0.034656992533214977 0.0067292183484293907 0.07246317891186449 0.0094064954641712231 0.018274027750212363 0.013918139068461025
leaf_weight=4.0877003725909153 0.27375137270428318 0.70768435782520966 1.1321278618997883 0.20096918464696445 4.5929244990256839 0.91426629859779396 3.4515009352471679 4.252113736292813 0.13863839983241621 0.22581140206602945 4.7114504440396558 0.22137706633657206 1.2716923481057163 5.9041262976825237 0.34748654300346959 1.4095755879534411 0.74139284784905601 0.70233816347899825 0.40232547977939237 2.7034975326823769 0.46579993602063074 0.32791877927957103 0.47890358901349817 0.54215363133698691 1.8215996997314485 0.22838023753138248 2.9782607715169434 0.17185828089714039 0.68086068041156966 0.37869547260925174
leaf_count=7201 5 172 96 139 7531 378 57 4102 293 172 10715 11 1257 338 4 27 13 171 9 101 211 212 197 13 340 26 207 1 33 10
internal_value=0 -0.00204626 0.00379078 0.0128377 0.000972321 0.013899 -0.00135769 -0.0212507 -0.0227607 0.0411794 -0.0252312 0.0540189 -0.0288827 0.0278446 -0.0350547 0.00928886 -0.00826929 0.0267915 -0.0362509 0.0610013 0.0629931 0.0319913 0.0102351 0.0403009 -0.0220667 -0.0371487 0.0670183 -0.0289849 0.00198981 -0.00488821
internal_weight=0 34.5217 30.0865 23.3617 19.7167 13.0326 8.9676 5.5161 6.68412 4.06495 6.72481 3.15069 6.54548 11.9455 4.43519 5.49921 3.0086 2.49061 5.11378 2.92931 3.64503 1.0356 1.61103 6.44628 2.26721 4.48049 3.44406 1.99346 1.95255 1.08103
internal_count=34042 33124 25919 14902 14345 5231 4569 4512 9114 662 11017 284 8821 918 7205 567 359 208 10724 273 557 384 293 351 346 4128 418 341 1290 181
is_linear=0
shrinkage=0.05


Tree=93
num_leaves=31
num_cat=0
split_feature=19 21 2 36 6 23 19 21 24 14 16 17 38 24 23 23 19 0 22 22 30 36 36 15 15 30 14 15 3 38
split_gain=3.7461 3.36265 3.43062 3.06538 2.76647 2.4556 3.57216 1.84295 1.71475 0.960621 0.84503 0.878643 0.737089 0.507262 0.498989 0.477399 0.620656 0.447979 0.445587 0.437238 0.379045 0.369316 0.248852 0.234448 0.815916 0.196955 0.175971 0.170618 0.127853 0.119156
threshold=0.027800925925925927 4.5479340277777789 0.24344554179186695 60.050000000000004 1.0000000180025095e-35 19.219704861111115 18.741325231481486 19.422146990740746 1.5000000000000002 58958.945000000014 1.5000000000000002 5.5000000000000009 1.5463336143265562 2.5000000000000004 22.920885416666671 33.833084490740745 33.04210069444445 1021.215 1.0000000180025095e-35 1.0000000180025095e-35 21.500000000000004 22.550000000000004 18.050000000000004 98372.000000000015 100339.00000000001 11.500000000000002 380130.52500000008 237.50000000000003 4.641437745208993 0.50453712356409819
decision_type=2 2 2 2 2 2 2 2 2 2 2 2 2 2 2 2 2 2 2 2 2 2 2 2 2 2 2 2 2 2
left_child=1 2 -1 5 12 8 7 14 26 18 -6 -12 23 -5 -7 19 -17 25 -8 -11 -19 -14 -9 27 -25 -3 -2 -4 -16 -24
right_child=3 17 4 13 10 6 9 22 -10 15 11 -13 21 -15 28 16 -18 20 -20 -21 -22 -23 29 24 -26 -27 -28 -29 -30 -31
leaf_value=0.042742308132391937 -0.037319097671696916 0.013335292783371124 -0.0027503438084706356 -0.042845171883808653 -0.01102842821098636 0.023344910234327651 -0.032459173762653094 0.00094667212343658199 0.021767311957133304 -0.022533259450841475 -0.010226501478183393 0.039447420769442056 0.020502403356316104 0.0085024769803831775 -0.018701779420300414 0.032187503602128124 -0.013939093006334983 0.043915856851490132 0.010408507218184067 0.014993720818086156 0.0017213575113316478 -0.014956310537517521 0.082542753511912675 0.027085606021133992 -0.025365252303243043 -0.012704926094942923 -0.00098454584848339886 -0.040693647624485713 0.0064688799008561105 0.01361137498300167
leaf_weight=2.8290169660758719 4.2585842763219288 0.6494608651555599 0.47206592941074443 5.3757324032048919 1.3300535656744612 0.62938972475239863 2.4254207028279784 0.14664465321402564 1.0063588887860531 0.98704078412265539 0.72417607402894679 2.530128938757116 0.61963196744909488 0.19726018235087384 0.90701416161027715 1.4732061017275553 0.37881818681489665 8.1302598748879937 0.24416013620793808 0.41033437941223383 0.65393339929869476 0.40869130210194271 1.3762647563125936 0.25560114576364845 0.87075438980537001 0.3194047843280714 0.41462783380120516 4.7729972426313907 0.13010974787175655 0.53595327401126258
leaf_count=269 6371 46 183 13073 27 261 4559 108 144 1062 24 64 31 7 737 152 416 324 7 16 17 205 72 20 908 81 168 4657 2 100
internal_value=0 0.0167546 0.00122098 -0.0114452 -0.0111177 0.000758151 0.0156272 0.0482119 -0.0230502 -0.00888541 0.0171775 0.028588 -0.0286055 -0.0400106 0.00363169 0.00865028 0.0211733 0.0380397 -0.0267705 -0.00985592 0.0412717 0.00598402 0.0713126 -0.0342426 -0.00632229 0.00265793 -0.0348371 -0.0382659 -0.0139186 0.0745308
internal_weight=0 24.5662 14.8131 20.8969 11.9841 15.3239 9.64436 3.72538 5.67957 5.91898 4.58436 3.25431 7.39974 5.57299 1.66651 3.2494 1.85202 9.75306 2.66958 1.39738 8.78419 1.02832 2.05886 6.37142 1.12636 0.968866 4.67321 5.24506 1.03712 1.91222
internal_count=34111 6856 6388 27255 6119 14175 7492 1280 6683 6212 115 88 6004 13080 1000 1646 568 468 4566 1078 341 236 280 5768 928 127 6539 4840 739 172
is_linear=0
shrinkage=0.05


Tree=94
num_leaves=31
num_cat=0
split_feature=19 21 33 19 21 2 10 30 32 24 6 19 13 37 0 2 45 0 24 16 21 36 2 13 13 24 2 19 25 36
split_gain=3.48896 5.89453 2.57081 1.63142 6.84291 2.12733 1.35813 1.32234 0.938111 0.863099 0.725362 0.657382 0.653817 0.829701 0.575593 0.520854 0.43746 0.490273 0.386665 0.341428 0.334375 0.330786 0.330537 0.31659 0.304147 0.278793 0.251011 0.241945 0.218805 0.169142
threshold=23.137812500000006 25.1337962962963 1.0000000180025095e-35 11.885908564814818 11.354212962962965 0.24344554179186695 6524.7250000000013 14.500000000000002 0.059714795008912663 1.5000000000000002 2.5000000000000004 16.67264467592593 6.5000000000000009 153.65000000000001 1212.7500000000002 1.624304152304858 1.0000000180025095e-35 106.38000000000001 1.5000000000000002 3.5000000000000004 0.10381365740740742 65.250000000000014 4.8000462868304981 27.500000000000004 7.5000000000000009 2.5000000000000004 19.249882541093541 0.027800925925925927 1.0000000180025095e-35 23.950000000000003
decision_type=2 2 2 2 2 2 2 2 2 2 2 2 2 2 2 2 2 2 2 2 2 2 2 2 2 2 2 2 2 2
left_child=1 2 3 4 5 20 9 14 25 10 12 16 13 -7 -6 -15 21 -18 26 -10 -1 -4 -9 27 -3 -2 -5 29 -14 -8
right_child=8 24 11 18 7 6 23 22 19 -11 -12 -13 28 15 -16 -17 17 -19 -20 -21 -22 -23 -24 -25 -26 -27 -28 -29 -30 -31
leaf_value=0.036148338057293443 -0.039070847261772707 0.001228664516724094 0.033472794633367005 -0.037252611476209133 -0.0038608062036998253 -0.026849825685892177 -0.0046375524887329808 -0.012460285739194776 -0.011093748213070152 0.012444679492455648 0.013023880371815934 -0.012249617144007347 -0.041691719947586268 -0.01285054122061665 0.077012429649760156 0.032397351028435661 0.019271636587821876 -0.019366655080290351 0.0068051278113140587 0.020777749440357703 -0.0074744319687258644 0.0039770448650866402 0.019969801187631173 -0.012320012392498955 0.060199619882396263 0.0056602413743464062 0.005609855789272057 -0.0083142519519688075 0.0029779057813802035 0.028326585424515272
leaf_weight=1.2591183387266998 4.202132318285293 0.2713409236894212 7.1714062798710021 3.6832192910660519 0.13748033155570727 1.1053017202357245 0.16447307186899651 0.57444055286759954 0.85199248882418011 0.69535021303454492 0.36497979052364904 0.67788465954072386 7.728492607260705 0.34388061561912742 2.078452831672621 0.67551121363067068 0.59793854826421078 0.68996501505898777 0.29262588219717134 0.60274149492033757 0.17532469824072894 1.4074644533393437 0.66959952935576439 0.36541294878406905 4.6554502659855643 0.12296380847692479 0.10893952101469029 0.19821751842391666 0.15056926457327779 1.3585488988901486
leaf_count=143 8963 109 1497 6667 178 1915 62 382 741 210 9 432 8617 818 267 186 39 451 102 91 232 935 33 65 452 4 1 207 59 93
internal_value=0 0.0118124 0.0033841 -0.0063402 0.000671885 -0.0149896 -0.0216592 0.0552495 -0.0271599 -0.0282755 -0.0318608 0.0225738 -0.0345331 -0.00624524 0.0723546 0.0183286 0.0258734 -0.00084535 -0.0313572 0.00519642 0.0299364 0.029554 0.00611557 0.0112177 0.0577071 -0.036975 -0.0351076 0.0189057 -0.0405988 0.0243396
internal_weight=0 37.6014 32.6746 22.1299 18.0452 14.5852 13.1507 3.45997 5.77983 11.0641 10.3687 10.5447 10.0038 2.12469 2.21593 1.01939 9.86677 1.2879 4.08478 1.45473 1.43444 8.57887 1.24404 2.08665 4.92679 4.3251 3.79216 1.72124 7.87906 1.52302
internal_count=33960 24161 23600 20246 13476 12616 12241 860 9799 11814 11604 3354 11595 2919 445 1004 2922 490 6770 832 375 2432 415 427 561 8967 6668 362 8676 155
is_linear=0
shrinkage=0.05


Tree=95
num_leaves=31
num_cat=0
split_feature=22 2 21 19 14 2 14 0 0 2 30 30 10 10 0 18 2 3 36 38 21 18 36 30 11 38 38 24 37 0
split_gain=3.48763 2.97355 1.64377 1.8781 1.78803 1.37398 1.25021 1.0268 1.23941 1.16453 0.782816 0.668023 0.834485 0.554515 0.503923 0.690354 0.499252 0.674274 0.410653 0.411938 0.379409 0.370384 0.336741 0.336285 0.307334 0.30652 0.281966 0.283361 0.277858 0.220508
threshold=1.0000000180025095e-35 1.59610900237779 5.2896122685185194 18.741325231481486 36200.795000000006 0.25580276569398636 552762.34500000009 3818.1050000000005 3466.3150000000005 3.3160982168053956 6.5000000000000009 18.500000000000004 1448.2900000000002 1652.5600000000002 49226.510000000002 1.0000000180025095e-35 5.7313164596176085 0.62275963346645924 30.350000000000005 0.59008990724112942 18.53696180555556 1.0000000180025095e-35 60.050000000000004 20.500000000000004 1.0000000180025095e-35 0.31000472355284148 2.3851646374873448 1.5000000000000002 37.850000000000001 2841.4200000000005
decision_type=2 2 2 2 2 2 2 2 2 2 2 2 2 2 2 2 2 2 2 2 2 2 2 2 2 2 2 2 2 2
left_child=1 5 4 7 -3 18 10 8 25 -9 20 -12 -13 -14 15 -6 17 -5 19 -1 -7 -8 28 -11 -10 -4 27 -24 -2 -27
right_child=22 2 3 16 14 6 21 9 24 23 11 12 13 -15 -16 -17 -18 -19 -20 -21 -22 -23 26 -25 -26 29 -28 -29 -30 -31
leaf_value=-0.0085132003455666069 -0.00084502929296119064 -0.038168060864230975 -0.0083744634771443886 0.01703193663855895 -0.017929780939736465 -0.019081201919331374 -0.0080396773652553488 -0.021461918601520889 0.10245434240041647 0.02940070244276486 -0.042631521126172169 -0.027456624724953249 0.033966468459888433 -0.011593803053917552 -0.013707742426701183 0.022539872901258098 0.012292911188135799 -0.031710315269254045 -0.007630478018528535 0.03943631671224776 0.011634491745231727 0.040237060813327313 -0.014328808879396899 -0.0065752859908138651 0.0016420120130198998 0.030013430829628443 0.02244237501544254 0.014620168041858561 0.035751659988585871 -0.0062503759867412346
leaf_weight=0.20379956920806097 0.50438969983951931 2.125205987380471 0.34758965908258543 0.25696524135128163 0.54184627803624597 0.73302577110007172 0.19073638807458415 0.88529240713978641 0.27109719670261245 4.1131282162969001 6.9858966600295371 1.2139061590278291 0.55762565514305584 0.50076830972102471 1.2040812578634357 3.911968760585296 0.89651912526460353 1.7036704862985059 0.70428269714466296 0.62671971973031759 1.4063841449678873 0.10155028430745006 1.2532744823547548 0.37390755693195377 0.11554627989244182 1.4885893264727199 0.70997852412983764 0.39771029073745001 7.3617772482102737 0.14168227372283571
leaf_count=224 141 1640 550 38 420 360 182 750 17 260 19743 3443 50 367 39 279 49 2780 579 63 262 6 258 16 72 691 24 18 490 157
internal_value=0 -0.0034791 0.00937844 0.0214036 -0.00756291 -0.0207493 -0.0264818 0.0330972 0.0559758 0.0158237 -0.0299091 -0.0356525 -0.00772513 0.0172501 0.00793903 0.0152316 -0.0106327 -0.021727 0.016135 0.0294472 -0.00161532 0.0268903 0.0288765 0.0257508 0.095238 0.0188961 0.00789178 -0.00447078 0.0335744 0.0256837
internal_weight=0 31.6018 18.3771 10.594 7.7831 13.2247 11.6899 7.73683 2.3645 5.37233 11.3976 9.2582 2.2723 1.05839 5.6579 4.45382 2.85715 1.96064 1.5348 0.830519 2.13941 0.292287 10.2271 4.48704 0.386643 1.97786 2.36096 1.65098 7.86617 1.63027
internal_count=33968 33037 7758 5380 2378 25279 24413 2513 1487 1026 24225 23603 3860 417 738 699 2867 2818 866 287 622 188 931 276 89 1398 300 276 631 848
is_linear=0
shrinkage=0.05


Tree=96
num_leaves=31
num_cat=0
split_feature=36 38 19 17 21 19 0 6 36 20 38 2 2 12 21 33 13 24 23 23 36 28 23 24 14 14 18 14 33 0
split_gain=2.98583 2.84018 2.6909 1.96486 1.80512 1.39586 1.34933 1.16239 1.08899 0.946739 0.72509 1.35372 0.810221 0.692196 0.843935 0.633063 0.550895 0.533603 0.424948 0.411472 0.466651 0.448021 0.380999 0.352681 0.327492 0.32401 0.321439 0.274703 0.271116 0.253985
threshold=59.45000000000001 0.0099424629060603665 0.027800925925925927 5.5000000000000009 11.027870370370371 32.745989583333341 35003.370000000003 1.5000000000000002 23.950000000000003 2.5000000000000004 0.65270517996593413 0.67658589032941097 2.241709367567716 6770.0950000000003 -1.0000000180025095e-35 1.0000000180025095e-35 10.500000000000002 2.5000000000000004 8.1406886574074093 35.057256944444454 682.20000000000016 1.0000000180025095e-35 19.859947916666673 1.5000000000000002 45337.310000000005 10793.245000000001 1.0000000180025095e-35 27914.525000000005 1.0000000180025095e-35 365.09500000000008
decision_type=2 2 2 2 2 2 2 2 2 2 2 2 2 2 2 2 2 2 2 2 2 2 2 2 2 2 2 2 2 2
left_child=1 6 4 8 7 9 -1 19 16 10 13 24 -13 14 -5 23 26 -4 -16 20 21 -2 -14 -10 -12 -20 -3 -17 -8 -27
right_child=2 3 17 5 -6 -7 28 -9 15 -11 11 12 22 -15 18 27 -18 -19 25 -21 -22 -23 -24 -25 -26 29 -28 -29 -30 -31
leaf_value=-0.036659064101132455 -0.039740645226414503 -0.0042667761778007818 -0.04233883408166747 0.0045081650462561376 0.031676391092848193 -0.019919128608897309 -0.0066614390409905971 0.023625997271879889 -0.032685232094368806 -0.0040695898190747171 0.0066017282084848226 -0.02356098084067261 0.025086121714132048 0.02065061181782829 0.0011829825376217489 -0.010675649482889198 -0.012717632460862202 0.0089788340196389205 -0.003104022741447084 0.0076655727710084626 0.0085186095935833005 0.0084274607959581287 -0.0057326642744870608 0.0074838317429182406 0.048052203994478404 -0.0011494728806936789 0.034321912468002015 0.018812522717810372 0.022067366112401541 0.073400490118662218
leaf_weight=2.8683505053049911 2.7820936341013289 0.42139298949041726 5.0341617158992449 0.80145832311246179 2.6863689545716625 0.76101254254171991 0.79436761810211443 0.79972212761640538 2.5294957500154855 1.4873696365393687 0.99111158582672887 1.3866684821696251 1.5232274026202506 3.7243771469511557 0.27356079383753229 0.54478897966328055 0.49074638010642946 0.21109984628856171 0.066103022283641955 0.44964930630521838 0.31974759853619605 0.19847219472285349 1.1533337474102152 0.26140473101986561 2.0628270107990829 0.08597658506187178 1.7003500415594317 0.81818452087463811 0.95450650667771697 3.3316520688240416
leaf_count=6925 1921 630 13134 196 131 979 65 18 2973 897 415 1400 140 884 203 342 450 8 140 153 17 14 141 55 311 79 282 148 16 963
internal_value=0 0.0132935 -0.0150699 0.0200616 0.00503192 0.0284427 -0.0196952 -0.0135733 -0.00264623 0.0316138 0.0350981 0.0191005 -0.00104254 0.0453055 0.0581094 -0.0171151 0.0187288 -0.0391665 0.066192 -0.0248103 -0.0299886 -0.0352218 0.0138591 -0.0279412 0.0395468 0.0698944 0.0277462 0.00749607 0.011342 0.0716894
internal_weight=0 29.0323 12.4813 24.415 7.23605 17.6487 4.61722 4.54968 6.76636 16.8877 15.4003 7.11717 4.06323 8.28313 4.55875 4.15387 2.61249 5.24526 3.75729 3.74996 3.30031 2.98057 2.67656 2.7909 3.05394 3.48373 2.12174 1.36297 1.74887 3.41763
internal_count=34030 18634 15396 11628 2254 6748 7006 2123 4880 5769 4872 2407 1681 2465 1581 3518 1362 13142 1385 2105 1952 1935 281 3028 726 1182 912 490 81 1042
is_linear=0
shrinkage=0.05


Tree=97
num_leaves=31
num_cat=0
split_feature=19 21 14 39 37 21 19 0 0 19 30 3 23 3 23 6 22 24 9 22 0 13 3 0 2 23 14 45 38 18
split_gain=2.4592 6.26195 2.19591 2.20686 1.84506 1.33626 3.38856 1.23604 1.26316 1.07518 0.929013 0.781912 0.77306 0.737947 0.769659 0.648403 0.976461 0.620253 0.37679 0.366568 0.343215 0.31632 0.446006 0.384784 0.266268 0.244107 0.196868 0.163451 0.159563 0.144697
threshold=21.025092592592596 21.717251157407411 32707.424999999999 1.0000000180025095e-35 100.65000000000002 11.354212962962965 11.97892939814815 2754.3050000000003 2841.4200000000005 1.7143865740740742 6.5000000000000009 3.4357288626039613 30.395277777777782 3.4357288626039613 21.942424768518524 1.5000000000000002 1.0000000180025095e-35 1.5000000000000002 1.5000000000000002 1.0000000180025095e-35 1110.7600000000002 10.500000000000002 2.8025866982932452 49226.510000000002 3.5876276440757437 24.099918981481483 35790.860000000008 1.0000000180025095e-35 1.8341881845796686 1.0000000180025095e-35
decision_type=2 2 2 2 2 2 2 2 2 2 2 2 2 2 2 2 2 2 2 2 2 2 2 2 2 2 2 2 2 2
left_child=1 2 3 7 15 9 -7 17 -9 21 20 19 -3 -10 -15 16 18 -1 28 -12 -2 22 -6 26 -20 -8 -23 -18 -4 -5
right_child=10 12 4 29 5 6 25 8 13 -11 11 -13 -14 14 -16 -17 27 -19 24 -21 -22 23 -24 -25 -26 -27 -28 -29 -30 -31
leaf_value=-0.041953479565300392 0.019990495580138684 0.023123118671085102 -0.032319953700472463 -0.0043003126894896214 -0.020116093214422343 0.066675686909401649 -0.020580611610744357 0.037997842219065651 -0.031005026572259377 -0.024017269742713239 -0.040084032299170687 0.012616791644353073 0.073070635130845316 0.022677202208584935 -0.022700928818604235 0.01712118814119019 0.020383376869671711 0.0070222429818355483 -0.013770533811688836 0.0028508495503613059 -0.012818842561994743 -0.0052068635707669762 0.016389484769474078 -0.0053228621984292958 0.017186990399418664 0.0080691292354925469 0.028750552968937283 -0.0063209033339246753 0.0028927402160243191 0.029678956575933276
leaf_weight=5.2075758750725072 1.0573643507668737 2.6903188935539211 3.5383859973662797 0.093938557387446608 0.72353192741866024 2.9748905396845657 1.1681353059102546 0.49056769486924157 1.8881819135713158 1.2030041517718926 3.9837564357585507 0.4548707054927944 2.707775415328797 1.3854348590830339 0.57428919931408029 1.1650195518450344 1.126780263322871 0.42975264400592994 0.37434136803494755 0.41098946868441988 0.45050055324099947 0.16347760726057448 0.64707986265420914 0.79461457859724749 0.43176718847826123 0.4772239502344745 3.9016659916815115 0.25841706973733369 0.1785766229731961 1.6485185599740362
leaf_count=11040 117 624 3250 208 241 283 1470 89 1504 1877 10744 11 124 61 31 33 94 239 191 193 210 38 11 21 7 229 713 24 79 172
internal_value=0 0.0106637 0.00128404 -0.015021 0.0115235 0.0227566 0.0413375 -0.0241387 -0.00272599 0.00767533 -0.0210475 -0.0303252 0.0556824 -0.0146849 0.00620232 -0.00806665 -0.0147927 -0.0377244 -0.0249116 -0.0362847 0.00898533 0.0162701 -0.00323796 0.0213857 0.00314619 -0.0123619 0.0266266 0.0148401 -0.0303736 0.026947
internal_weight=0 36.2433 30.8452 11.7183 19.1269 12.0536 4.62025 9.9758 4.33847 7.43337 6.35748 4.84962 5.39809 3.84791 1.95972 7.07329 5.90827 5.63733 4.52307 4.39475 1.50786 6.23037 1.37061 4.85976 0.806109 1.64536 4.06514 1.3852 3.71696 1.74246
internal_count=33928 22653 21905 13344 8561 4883 1982 12964 1685 2901 11275 10948 748 1596 92 3678 3645 11279 3527 10937 327 1024 252 772 198 1699 751 118 3329 380
is_linear=0
shrinkage=0.05


Tree=98
num_leaves=31
num_cat=0
split_feature=17 13 18 17 18 21 21 30 21 5 1 14 30 14 24 12 1 3 15 14 15 24 37 37 38 1 30 24 45 15
split_gain=3.68257 2.07053 2.06506 2.11025 1.53691 1.39089 1.20946 1.04539 0.972358 1.74817 1.89511 0.804484 0.758189 0.68631 0.662135 0.630262 0.55125 0.565944 0.550721 0.452758 0.428876 0.375997 0.373466 0.367673 0.371835 0.643576 0.365899 0.351311 0.34985 0.289488
threshold=5.5000000000000009 11.500000000000002 1.0000000180025095e-35 8.5000000000000018 1.0000000180025095e-35 5.2896122685185194 19.843883101851855 18.500000000000004 4.5479340277777789 1.0000000180025095e-35 4.6763643659302874 33122.295000000006 1.5000000000000002 10793.245000000001 2.5000000000000004 9426.2850000000017 4.6763643659302874 4.641437745208993 614.00000000000011 45337.310000000005 691.50000000000011 1.5000000000000002 994.05000000000007 43.050000000000004 0.6240376150668171 8.2298723869251464 17.500000000000004 1.5000000000000002 1.0000000180025095e-35 98372.000000000015
decision_type=2 2 2 2 2 2 2 2 2 2 2 2 2 2 2 2 2 2 2 2 2 2 2 2 2 2 2 2 2 2
left_child=4 13 3 7 12 16 20 14 9 10 -4 -8 -1 -2 -3 28 -6 29 -12 -9 -5 22 -14 -15 25 26 -25 -22 -13 -18
right_child=1 2 8 6 5 -7 11 19 -10 -11 18 15 21 23 -16 -17 17 -19 -20 -21 27 -23 -24 24 -26 -27 -28 -29 -30 -31
leaf_value=0.012981258671851304 -0.0015776030703377648 -0.03635286731420518 0.030239358404080138 0.0092510750647692586 0.016228644547229616 0.022494372961312212 -0.013403597216674374 -0.01524357104347898 0.049150292519037582 0.040292351481079541 0.0051673980090438448 0.047150327569816505 -0.041162536711352019 -0.0024968006635067712 0.012289953237228163 0.004896166102011261 -0.034133492083148517 0.010386418595975555 -0.03529460761569838 0.022142755345979138 -0.028845923544969544 0.0038085671532038846 0.0065943290746442729 0.08900840223993739 0.020902294273758899 0.0060673908691511701 0.0024578713381745252 0.0096974705832641641 -0.0056181241516117314 -0.001060187873309335
leaf_weight=0.42759928962913996 0.56424945227627432 4.1717672318482082 1.4653779819491317 1.274158481479388 0.4795670895546208 3.6359594973328058 0.51813074813981064 0.43619124087854277 3.0383056652208325 2.7196385376155376 0.83151156676467541 3.0777862256654775 4.4277697851503035 0.18913829854864195 0.31730159558355797 1.7051449739519737 2.54553252257756 0.68171425047330547 2.1748921712423908 1.1479685865633653 1.3325839731696758 0.39095770960557263 0.169141055230284 1.1505756560654847 1.7389824754791332 0.49755967350210983 0.19100795955455385 0.24803506970056322 0.12528284633299325 0.89417994761606667
leaf_count=116 608 7984 126 260 21 254 1187 993 131 45 62 1133 11239 269 19 1201 2047 20 1149 617 2186 222 19 375 640 147 132 23 203 660
internal_value=0 0.0191911 0.0124634 -9.44797e-05 -0.0115441 0.00246096 0.0155907 -0.0206624 0.0285239 0.0148731 -0.00512465 0.0278297 -0.0299092 0.0478752 -0.031302 0.0337144 -0.0145601 -0.020612 -0.0256071 0.00993331 -0.00885767 -0.03514 -0.0385411 0.0540593 0.0569412 0.0716529 0.082998 -0.0213835 0.0442408 -0.0277112
internal_weight=0 28.9156 24.5841 14.3544 13.6524 8.23695 8.28112 6.07323 10.2297 7.19142 4.47178 5.42634 5.41547 4.33151 4.48907 4.90821 4.60099 4.12143 3.0064 1.58416 2.85478 4.98787 4.59691 3.76726 3.57813 1.83914 1.34158 1.58062 3.20307 3.43971
internal_count=34088 19490 17319 15806 14598 3002 6193 9613 1513 1382 1337 3724 11596 2171 8003 2537 2748 2727 1211 1610 2469 11480 11258 1563 1294 654 507 2209 1336 2707
is_linear=0
shrinkage=0.05


Tree=99
num_leaves=31
num_cat=0
split_feature=19 23 19 24 15 16 23 19 1 22 2 1 1 2 17 23 30 14 15 10 15 2 14 37 37 14 23 30 38 22
split_gain=2.28315 2.50624 3.65042 2.49575 1.33233 1.31433 0.883458 0.861666 0.839049 0.794335 0.783617 0.965307 1.44296 0.877979 0.775108 0.759859 0.518991 0.504078 0.478354 0.477561 0.437693 0.413719 0.352563 0.349872 0.307717 0.246039 0.244624 0.243113 0.185155 0.174266
threshold=0.027800925925925927 19.219704861111115 20.02514467592593 1.5000000000000002 80277.500000000015 2.5000000000000004 37.822152777777781 33.04210069444445 8.1511357858530964 1.0000000180025095e-35 4.8000462868304981 7.9524110809646551 7.8531794797097634 0.12813749444333472 4.5000000000000009 28.296371527777783 1.0000000180025095e-35 30499.280000000002 52007.000000000007 2704.4300000000007 237.50000000000003 4.3173928839014559 139749.715 71.750000000000014 55.050000000000004 380130.52500000008 35.057256944444454 6.5000000000000009 2.9674897060337968 1.0000000180025095e-35
decision_type=2 2 2 2 2 2 2 2 2 2 2 2 2 2 2 2 2 2 2 2 2 2 2 2 2 2 2 2 2 2
left_child=5 3 4 25 17 10 9 -8 -6 16 11 12 13 -1 -7 18 -4 -3 24 28 -15 -10 -12 -19 -16 -2 -25 -22 -13 -5
right_child=1 2 6 29 8 14 7 -9 21 -11 22 19 -14 20 15 -17 -18 23 -20 -21 27 -23 -24 26 -26 -27 -28 -29 -30 -31
leaf_value=0.022801569149609444 -0.042351192014648792 -0.011313074707545443 0.0093530410493820691 -0.0055322920941028213 -0.0056211253846538758 -0.011127872512637098 0.029019025121595966 -0.019844336177041642 0.091393617103440225 0.015811086414679477 0.025156408661080237 -0.034152345837580832 0.043631119695359023 0.011148202394887804 0.0063150395794448772 -0.0011967971710609203 -0.035982518002557022 -0.0065161834922038073 -0.0066347851012636336 0.0087192554053953358 0.0013458163514100206 0.00088119230198145974 -0.0052628166630286806 0.031399332340122384 0.047837967240000862 -0.0026769612600753929 -0.006364967853839068 -0.031947402870507256 0.0046310654538967563 0.027807109898181477
leaf_weight=0.84777036990272092 5.3383682368148611 0.70464810745033712 0.31210297090001393 0.12418894955771942 0.16841941529128224 0.51069914091203639 1.1578727760206673 0.65553539917164005 0.60474951151991263 0.43228610046207894 4.2680193562409841 2.013552055475885 1.0424037320044588 0.40682540065608952 0.83516941346169904 1.1270516895892795 3.9705233168060658 0.4724918971769515 0.23771906120236952 0.49322487508470647 0.57774224216700565 0.15834091987926513 0.7893358936998992 2.9020787110639508 5.7294093123491621 0.56631367720547121 0.14433221596118517 1.939912294008536 0.098430690995883086 1.1772232316434383
leaf_count=35 12208 1226 45 187 429 265 335 1616 117 14 179 1230 138 120 292 296 9305 269 99 154 101 14 31 827 581 322 155 3313 4 59
internal_value=0 -0.00527912 0.00893362 -0.0266031 0.0369575 0.0182215 -0.0151651 0.0105802 0.0730603 -0.0251857 0.00693193 -0.00352552 0.00948101 -0.00712108 0.0324089 0.0361452 -0.0315335 0.0165327 0.0416926 -0.0235252 -0.0193951 0.0837646 0.0203236 0.0233782 0.0440884 -0.0394849 0.0284793 -0.0260967 -0.0314375 0.0236042
internal_weight=0 18.8895 11.6834 7.20609 5.15506 20.9173 6.52832 1.81341 0.93151 4.71491 12.4772 7.41986 4.81465 3.77225 8.44005 7.92935 4.28263 4.22355 6.8023 2.60521 2.92448 0.76309 5.05736 3.5189 6.56458 5.90468 3.04641 2.51765 2.11198 1.30141
internal_count=33966 27128 14352 12776 3037 6838 11315 1951 560 9364 5305 5095 3707 3569 1533 1268 9350 2477 972 1388 3534 131 210 1251 873 12530 982 3414 1234 246
is_linear=0
shrinkage=0.05


Tree=100
num_leaves=31
num_cat=0
split_feature=17 36 37 22 19 13 17 37 14 0 21 12 13 19 45 21 23 20 24 19 13 24 10 38 14 21 14 19 38 0
split_gain=3.55779 2.25897 3.6045 1.97619 1.56392 1.28764 1.37215 1.03025 0.84611 0.695092 0.687906 0.90841 0.641326 0.594629 0.495407 0.412976 0.435578 0.353797 0.328242 0.30924 0.303995 0.275728 0.269143 0.260311 0.310536 0.336535 0.210273 0.200968 0.182604 0.181971
threshold=5.5000000000000009 60.050000000000004 150.25000000000003 1.0000000180025095e-35 0.80135995370370383 14.500000000000002 8.5000000000000018 767.50000000000011 15680.230000000001 49226.510000000002 4.5479340277777789 23914.870000000006 9.5000000000000018 23.137812500000006 1.0000000180025095e-35 23.546533564814819 15.265763888888889 2.5000000000000004 2.5000000000000004 4.8475231481481496 3.5000000000000004 1.5000000000000002 3718.7350000000001 0.99166719870901077 29174.240000000002 5.5592071759259269 552762.34500000009 33.04210069444445 0.14554973516014011 49226.510000000002
decision_type=2 2 2 2 2 2 2 2 2 2 2 2 2 2 2 2 2 2 2 2 2 2 2 2 2 2 2 2 2 2
left_child=3 2 5 7 10 8 21 9 -2 -1 11 -3 20 15 17 16 19 27 -6 -8 -5 29 26 24 -4 -26 -18 -10 -22 -7
right_child=1 4 23 12 18 6 13 -9 14 -11 -12 -13 -14 -15 -16 -17 22 -19 -20 -21 28 -23 -24 -25 25 -27 -28 -29 -30 -31
leaf_value=-0.040191330113525658 -0.010414322859985475 -0.028482872200776284 0.0045179899801565159 -0.0075941634907329527 -0.036835874129722973 -0.032159383397887445 0.026262903065918899 0.0158325267941887 0.04703609618739215 0.0075321783122325285 0.026699885509026439 0.017531703989433704 -0.01316348607522237 -0.017751379605531102 -0.007834604352023565 0.032874449302668057 -0.019115280101003145 -0.00065792605207501973 0.0070202613525610445 -0.00697054698140194 -0.0018837106743297563 0.0064088688614829456 0.011452986691637017 0.013098779269129524 0.0063547820465147987 0.064199344655884547 0.0085046484635979674 -0.0033938326757537267 0.03384368260766836 0.0023397297462086266
leaf_weight=6.9085456560860603 0.79779670244898326 1.2346852812770515 0.44753049590508354 0.25229970485088493 2.767078044067603 2.8269894402474156 1.6056783876847478 0.50538600153231517 2.7212384857703014 0.52799000436789345 1.7362778434180652 1.1442169160873161 1.0464113726629873 0.844226853296277 0.27992023099795904 1.2610533594415754 1.9017499852925546 0.44162577754468646 0.15788413956761349 0.47777932419558045 0.29783342298469495 0.25956528383539978 0.65774584717291862 1.1522234994627067 0.51403307389409736 3.7899631598847918 0.27505121697322454 0.072651883718208299 1.5693363269383551 0.2807725213933735
leaf_count=14286 1022 678 231 38 7900 3703 242 70 998 38 94 85 126 1342 263 69 1131 252 6 410 38 73 87 241 79 279 15 158 100 11
internal_value=0 0.0129855 0.0210871 -0.0193634 -0.0104022 0.00660831 -0.00332882 -0.0315941 0.026668 -0.0363118 0.0091883 -0.00771211 0.0115373 0.00923404 0.0355261 0.0148801 0.0054907 0.0402415 -0.0332831 0.0188528 0.0240428 -0.025646 -0.00668599 0.0509673 0.0562761 0.0597915 -0.0140468 0.0451758 0.0294754 -0.0292317
internal_weight=0 27.6477 20.6076 11.1078 7.04014 14.7038 10.3906 7.94192 4.31323 7.43654 4.11518 2.3789 3.16588 7.02328 3.51544 6.17906 4.918 3.23552 2.92496 2.08346 2.11947 3.36733 2.83455 5.90375 4.75153 4.304 2.1768 2.79389 1.86717 3.10776
internal_count=34065 19369 10606 14696 8763 9776 7083 14394 2693 14324 857 763 302 3296 1671 1954 1885 1408 7906 652 176 3787 1233 830 589 358 1146 1156 138 3714
is_linear=0
shrinkage=0.05


Tree=101
num_leaves=31
num_cat=0
split_feature=22 12 36 36 45 23 36 15 19 21 36 23 2 39 5 23 20 23 12 19 19 23 38 18 2 43 17 23 21 2
split_gain=2.66982 1.9472 1.70236 3.06539 1.8025 1.42312 1.37963 1.23543 1.31178 1.99454 1.09558 0.801151 0.751614 0.995987 0.701999 0.830364 0.689253 0.542578 0.492399 0.479741 0.476142 0.384893 0.359701 0.319751 0.313776 0.308262 0.26297 0.217087 0.17741 0.16263
threshold=1.0000000180025095e-35 108348.12500000001 17.550000000000004 57.850000000000001 1.0000000180025095e-35 1.0000000180025095e-35 682.20000000000016 93744.500000000015 13.743252314814816 16.098478009259264 27.850000000000005 33.030028935185193 3.973382124839397 1.0000000180025095e-35 1.0000000180025095e-35 23.394195601851855 1.5000000000000002 18.378292824074077 23147.165000000005 0.027800925925925927 30.700000000000003 21.242476851851855 2.9674897060337968 1.0000000180025095e-35 5.7313164596176085 1.0000000180025095e-35 14.500000000000002 12.974947916666668 20.385457175925932 4.3173928839014559
decision_type=2 2 2 2 2 2 2 2 2 2 2 2 2 2 2 2 2 2 2 2 2 2 2 2 2 2 2 2 2 2
left_child=1 2 -1 4 7 12 14 8 9 10 19 -10 13 22 25 -16 24 -18 -12 21 28 -4 26 29 -9 -5 -2 -20 -13 -3
right_child=5 23 3 6 -6 -7 -8 16 11 -11 18 20 -14 -15 15 -17 17 -19 27 -21 -22 -23 -24 -25 -26 -27 -28 -29 -30 -31
leaf_value=-0.035289071101727736 -0.034169574982416372 -0.010857747450734681 0.041549721467174838 -0.040389159834828388 -0.030473404445588183 0.041979503560501431 0.017701809944799939 -0.013681069285089196 -0.029263851548794628 0.053898899050049 -0.024774575717936103 -0.005970192410213555 0.027673415130543312 0.018355384231765959 -0.025436386081902063 0.02355754679023888 -0.0046949136022080215 0.07822047946797854 -0.010384648797357447 -0.0079209462182009138 -0.015751608183895462 -0.0072964062796479021 0.0096741531766517709 0.042273997328189851 0.020130108531877324 0.0049731636758947135 0.0061731847638843949 0.016736829434037266 0.026603767814623893 0.013618366109715322
leaf_weight=3.9480872090207475 1.9059048483613867 0.39322703449579344 1.2887018687179059 5.8132511600415437 1.295165784002166 4.6354740476235747 1.0121773678401949 0.37079491360054884 1.8838195010757774 1.9847392806696005 2.140831039170735 0.12835075957991637 1.1853236110182477 1.3641913727624344 0.67761419404996537 0.78506285898038186 0.10291151578712743 0.52345220184361096 0.36932425553095505 0.44751240662299085 0.45292200444964681 0.16780945537902869 0.20055193244479586 1.353995305224089 0.45045529713388532 0.17920155108731695 0.1516801370307802 0.88778185013507027 1.113441024412168 0.33593838103115559
leaf_count=8286 510 263 170 14911 1475 328 166 588 2598 93 2101 51 28 33 26 28 187 173 161 553 791 62 4 42 8 141 13 67 179 8
internal_value=0 -0.00460745 -0.00875855 -0.00268999 0.0117912 0.0248849 -0.0247503 0.018192 0.00992453 0.021184 0.00232804 -0.0126216 0.00401218 -0.00804227 -0.0319259 -0.000252059 0.0508377 0.0700871 -0.0137422 0.0258636 0.00987235 0.0352427 -0.0247288 0.0332707 0.00573446 -0.0385154 -0.0301493 0.00769815 0.0220757 0.0017731
internal_weight=0 28.1066 26.0234 22.0753 13.608 9.44313 8.46731 12.3128 10.8652 7.2867 5.30196 3.57853 4.80765 3.62233 7.45513 1.46268 1.44761 0.626364 3.39794 1.90402 1.69471 1.45651 2.25814 2.08316 0.82125 5.99245 2.05758 1.25711 1.24179 0.729165
internal_count=34044 33128 32815 24529 9257 916 15272 7782 6826 3207 3114 3619 588 560 15106 54 956 360 2329 785 1021 232 527 313 596 15052 523 228 230 271
is_linear=0
shrinkage=0.05


Tree=102
num_leaves=31
num_cat=0
split_feature=22 3 30 30 10 45 36 37 12 23 3 2 37 6 37 9 21 3 3 19 32 14 32 36 32 15 20 38 23 0
split_gain=3.96731 3.58846 1.38535 1.16571 1.14267 0.806078 1.20549 1.97238 0.845527 0.770255 1.01063 0.958108 0.708709 0.661624 0.615192 0.542229 0.478597 0.328235 0.439556 0.344199 0.326003 0.2918 0.277507 0.275115 0.245187 0.423136 0.239196 0.225252 0.207669 0.136261
threshold=1.0000000180025095e-35 1.1945966753204555 19.500000000000004 5.5000000000000009 1135.8150000000003 1.0000000180025095e-35 57.350000000000001 161.05000000000004 3677.0700000000002 1.0000000180025095e-35 0.80203339531218354 0.12813749444333472 767.50000000000011 1.5000000000000002 994.05000000000007 3.5000000000000004 27.974947916666668 4.641437745208993 2.1834855719553268 13.223767361111113 0.057983193277310933 318343.97500000015 0.22474747474747478 15.250000000000002 0.039607843137254913 154583.50000000003 1.0000000180025095e-35 2.9674897060337968 34.2122800925926 8162.3150000000014
decision_type=2 2 2 2 2 2 2 2 2 2 2 2 2 2 2 2 2 2 2 2 2 2 2 2 2 2 2 2 2 2
left_child=1 2 3 22 -4 6 7 8 -3 10 11 -2 13 20 -7 -5 -6 18 19 26 27 29 24 -12 25 -1 -10 28 -8 -20
right_child=9 5 4 15 16 14 12 -9 17 -11 23 -13 -14 -15 -16 -17 -18 -19 21 -21 -22 -23 -24 -25 -26 -27 -28 -29 -30 -31
leaf_value=-0.020737900576602436 0.021379677377422579 -0.020326137764557779 -0.021088874647074624 -0.041930083008520622 -0.0041423271871764413 -0.029656733983211694 -0.036081561393654912 0.058590286698905647 -0.007205407666128036 0.041960413918723842 -0.0049302186046103411 -0.027679429571238198 0.022820753071828372 0.017118336054703823 0.015088453961459121 0.0080812458917162502 0.044128438911363532 0.030070600559425655 0.0038481312075334785 -0.011272287016156105 0.0060642445637995304 0.01165699367960718 -0.017307707089139875 0.033373822712209171 0.021343857570966171 0.016893630840156982 0.02799595599661113 0.0061182591985855005 -0.0011943661367851183 -0.024642307033680325
leaf_weight=0.67614448949462091 0.71222018252592389 1.1956415803433573 1.0610946103552117 8.3722494623216299 0.51018783880863317 1.225206081231591 2.1273321760818389 1.9242624924518166 0.16216694476315829 4.5916910052765161 0.27537637244677204 1.5935242061968891 0.71602211802382942 0.55583373620174814 0.4283086210489272 0.26368644590547852 0.69681145183858462 1.5871121545787898 0.22671355470083632 0.288193654254428 0.47131642419844855 0.30766530474647868 0.52716534375213076 2.1652732419315726 0.73115448511089187 0.393717440078035 1.6973697710054692 0.12901627155952144 0.57525509371771466 0.99429165368201211
leaf_count=103 18 920 2702 25243 319 627 1165 81 54 334 35 437 23 20 24 52 63 27 43 287 106 9 512 106 31 18 236 4 216 66
internal_value=0 -0.00720792 -0.0251759 -0.0320512 0.00769739 0.00963403 0.0139592 0.0242919 0.00758904 0.0289027 0.0111668 -0.0106422 -0.00593678 -0.0148715 -0.0167481 -0.0397229 0.0310929 0.0161629 0.00501256 0.016717 -0.0229822 -0.0115396 -0.000209419 0.0288752 0.00918765 -0.00541812 0.0234799 -0.0281378 -0.0309839 -0.0200015
internal_weight=0 27.8439 13.2322 10.9641 2.26809 14.6117 12.9582 8.38342 6.45915 9.33809 4.74639 2.30574 4.57478 3.85875 1.65351 8.63594 1.207 5.26351 3.6764 2.14773 3.30292 1.52867 2.32818 2.44065 1.80102 1.06986 1.85954 2.8316 2.70259 1.22101
internal_count=33881 32951 29043 25959 3084 3908 3257 1723 1642 930 596 455 1534 1511 651 25295 382 722 695 577 1491 118 664 141 152 121 290 1385 1381 109
is_linear=0
shrinkage=0.05


Tree=103
num_leaves=31
num_cat=0
split_feature=17 19 21 1 3 3 15 19 21 23 14 37 1 36 32 32 23 37 37 37 22 3 33 14 1 32 15 21 21 17
split_gain=2.70839 2.52451 3.57198 1.28877 1.72892 1.10941 1.05375 1.02291 0.897817 0.937741 0.816718 0.698792 0.652057 0.605735 0.519387 0.493136 0.366612 0.356573 0.427911 0.401291 0.354319 0.292472 0.252928 0.228064 0.203251 0.168235 0.139182 0.131736 0.2263 0.130439
threshold=8.5000000000000018 0.027800925925925927 1.0000000180025095e-35 4.6763643659302874 4.641437745208993 -2.1014494415733505 758.50000000000011 23.137812500000006 23.092239583333335 20.002528935185186 13370.560000000001 87.65000000000002 10.46322818499157 51.050000000000004 0.059714795008912663 0.051956815114709856 12.974947916666668 96.450000000000017 142.35000000000005 58.150000000000013 1.0000000180025095e-35 1.3582783326291494 1.0000000180025095e-35 58958.945000000014 9.1389404692521925 0.084523809523809543 365.50000000000006 12.948298611111113 20.217013888888889 12.500000000000002
decision_type=2 2 2 2 2 2 2 2 2 2 2 2 2 2 2 2 2 2 2 2 2 2 2 2 2 2 2 2 2 2
left_child=1 2 3 -1 -5 23 15 8 9 11 21 -2 27 -13 -9 22 -6 19 -19 -12 -8 -4 -7 -3 -22 -16 -17 -11 -29 -14
right_child=7 5 10 4 16 6 20 14 -10 12 17 13 29 -15 25 26 -18 18 -20 -21 24 -23 -24 -25 -26 -27 -28 28 -30 -31
leaf_value=0.023151755307383365 -0.0049108039264665736 -0.0091778894351689875 -0.014950460448135479 -0.040812441455881504 0.025811542530980631 -0.022806477773510848 -0.042898924011084139 -0.023307278493082978 0.048282596776754116 -0.025656564459081571 -0.0011660810156024018 0.044123888227011777 -0.00088466648107893774 -0.0012048185476411424 0.021579061944953456 -0.0033539266591131761 -0.0071068339548804541 -0.0074985509352242588 0.027114153875642463 0.062485933278758704 -0.015322596726465645 0.013972082791161506 0.0073413352285500028 0.021624102463761827 0.011311221138192053 -0.0072764789417950511 0.025394708894706325 0.010599797425032829 -0.015922613088964137 0.023225426957025549
leaf_weight=0.85615445632720533 1.0594011206849225 0.22418354207184055 0.79485298674262572 4.0909238382737385 0.77624102972913511 1.1446686076524186 5.8294839290756499 1.2234650241007319 2.5585852219519429 1.0158535869704799 0.23538535846455477 2.9558658650930743 0.70399035589070968 0.84170852125680529 0.52178219909546886 0.29099952873366408 0.97846821113489568 0.68998805354931425 2.7919629080861341 1.4381907951465107 0.63230329923680972 0.7083961292373715 0.45624540117569257 0.86694751297181938 0.35013692965731025 0.16950736535363831 0.56153581797843799 0.73469697496329878 0.52269506669836119 0.84714311826974154
leaf_count=53 649 485 716 4552 13 1175 18927 2759 220 888 74 411 24 901 59 89 27 92 205 74 289 63 21 157 37 154 41 332 455 21
internal_value=0 -0.00693446 0.00731716 -0.0172704 -0.0257078 -0.0243453 -0.0297713 0.020513 0.0259682 0.0150838 0.0310874 0.0276962 -0.00335473 0.0359201 -0.00943276 -0.000838791 0.0115391 0.0391608 0.0201125 0.0564458 -0.0387506 -0.00118407 -0.0146954 0.013933 -0.00491285 0.0143847 0.0190684 -0.0175904 -0.00259496 0.0162254
internal_weight=0 23.7171 13.3606 6.70179 5.84563 10.3565 9.26537 13.1547 11.2399 8.68135 6.65878 4.85698 3.82438 3.79757 1.91475 2.45345 1.75471 5.15553 3.48195 1.67358 6.81192 1.50325 1.60091 1.09113 0.98244 0.69129 0.852535 2.27325 1.25739 1.55113
internal_count=33963 27090 5869 4645 4592 21221 20579 6873 3901 3681 1224 1961 1720 1312 2972 1326 40 445 297 148 19253 779 1196 642 326 213 130 1675 787 45
is_linear=0
shrinkage=0.05


Tree=104
num_leaves=31
num_cat=0
split_feature=33 14 0 2 21 21 23 2 37 23 18 3 45 39 39 3 17 6 23 17 24 0 0 0 24 37 14 17 24 21
split_gain=2.10092 2.08458 1.6275 1.93828 1.58085 1.38917 2.14162 0.984497 0.905201 0.834189 0.73915 0.702425 0.630646 0.564281 0.53007 0.519317 0.434943 0.430264 0.496643 0.38452 0.364161 0.344331 0.312553 0.253902 0.237385 0.203059 0.181131 0.174389 0.161951 0.161569
threshold=1.0000000180025095e-35 33122.295000000006 2799.5800000000004 1.747705563832741 11.027870370370371 19.979947916666671 19.859947916666673 3.973382124839397 562.85000000000002 28.296371527777783 1.0000000180025095e-35 0.80203339531218354 1.0000000180025095e-35 1.0000000180025095e-35 1.0000000180025095e-35 1.5319487877656324 14.500000000000002 1.0000000180025095e-35 0.030451388888888892 3.5000000000000004 2.5000000000000004 1224.8700000000001 1212.7500000000002 8716.3000000000011 1.5000000000000002 122.35000000000001 72604.070000000022 9.5000000000000018 1.5000000000000002 0.84748842592592599
decision_type=2 2 2 2 2 2 2 2 2 2 2 2 2 2 2 2 2 2 2 2 2 2 2 2 2 2 2 2 2 2
left_child=1 2 13 11 10 6 15 21 20 22 28 -4 19 24 -14 -6 17 18 -12 -2 -5 26 -8 -24 -1 -17 -7 -9 -3 -20
right_child=12 4 3 8 5 7 9 27 -10 -11 16 -13 14 -15 -16 25 -18 -19 29 -21 -22 -23 23 -25 -26 -27 -28 -29 -30 -31
leaf_value=-0.04234195259438972 -0.0052657787570492727 -0.032415194839568222 -0.0074572524946844732 -0.031867182389277139 -0.017089077954464807 -0.010667877123620668 -0.0025423260218162026 -0.0023974514891541977 0.018904770946114681 -0.0067393665729809293 0.0081908892734048871 0.067540217842004507 -0.023131552618655387 0.0065253157575455994 0.017347001012827972 -0.0051726424570121641 0.022280108620085202 0.01231259112848886 -0.031071369808848233 0.028452981381191185 0.0089212337716332562 -0.025185673850016778 0.086630573189481863 0.0030517002533827185 0.00091315919242102462 0.025119104083736923 0.015240859037089126 0.028599016101125627 0.0036799853325843804 0.0025115374068892058
leaf_weight=4.9541487121023255 0.61530650733038506 1.8046845447388467 0.17502688890090246 2.1863909547537341 0.92791417638363682 0.27086045109899748 0.053436235320987069 0.38305584547924798 0.76545657218957774 0.1548172968905418 0.98155951552325893 0.27928711626736913 0.80627827887656234 0.43647925848199509 0.52599470176210161 0.36462015137658432 0.86256490249070328 1.2805479262024162 1.5050083777023244 8.6906753758084943 0.21227149898186315 1.8082865500618934 1.1757254051335619 0.17317881407507218 0.2910119391453917 0.95174181339098141 0.59123681421624497 1.3346167851705102 0.13659660919802252 0.25316034468414716
leaf_count=14895 490 3333 588 1371 1920 807 76 70 47 218 42 74 662 423 48 64 58 35 823 3173 14 4004 184 49 314 89 165 57 39 75
internal_value=0 -0.00406245 -0.0214822 0.00439328 0.00739573 0.0211157 0.0397016 0.000634325 -0.0137726 0.0710178 -0.00966371 0.0533866 0.0216452 -0.0361525 -0.00656466 0.0027806 0.00189052 -0.00605076 -0.0156311 0.0259289 -0.0266947 -0.0163564 0.0788341 0.0817677 -0.0401801 0.0181178 0.00574322 0.0233479 -0.0294877 -0.0270784
internal_weight=0 24.3137 9.30007 3.61843 15.0136 8.18949 3.80143 4.38806 3.16412 1.55716 6.82412 0.454314 10.6383 5.68164 1.33227 2.24428 4.88284 4.02028 2.73973 9.30598 2.39866 2.67038 1.40234 1.3489 5.24516 1.31636 0.862097 1.71767 1.94128 1.75817
internal_count=34207 29834 17726 2094 12108 7703 2600 5103 1432 527 4405 662 4373 15632 710 2073 1033 975 940 3663 1385 4976 309 233 15209 153 972 127 3372 898
is_linear=0
shrinkage=0.05


Tree=105
num_leaves=31
num_cat=0
split_feature=36 36 45 19 14 19 3 20 0 36 17 0 13 0 32 0 16 12 25 24 2 15 36 15 0 0 17 30 30 15
split_gain=3.51802 2.32977 1.72292 1.59908 1.45862 1.38086 1.15845 0.973181 0.957822 0.661645 0.6636 0.650753 0.676302 0.591521 0.467079 0.39521 0.378484 0.370208 0.360572 0.345667 0.304068 0.286998 0.281491 0.546083 0.249974 0.230275 0.227728 0.165346 0.235332 0.139169
threshold=58.850000000000001 1.0000000180025095e-35 1.0000000180025095e-35 0.80135995370370383 10625.925000000003 23.137812500000006 4.641437745208993 2.5000000000000004 106.38000000000001 176.85000000000005 8.5000000000000018 10820.490000000002 29.500000000000004 29395.065000000006 0.31414473684210531 530.28000000000009 1.5000000000000002 84453.630000000019 1.0000000180025095e-35 2.5000000000000004 1.9957221119372639 248507.50000000003 17.550000000000004 237.50000000000003 49226.510000000002 106.38000000000001 14.500000000000002 9.5000000000000018 7.5000000000000009 34333.000000000007
decision_type=2 2 2 2 2 2 2 2 2 2 2 2 2 2 2 2 2 2 2 2 2 2 2 2 2 2 2 2 2 2
left_child=1 6 4 9 13 7 17 11 -4 10 18 12 14 -3 21 -7 -13 -1 -2 -5 -11 22 25 -24 -17 -6 -14 28 -25 -18
right_child=3 2 8 19 5 15 -8 -9 -10 20 -12 16 26 -15 -16 24 29 -19 -20 -21 -22 -23 23 27 -26 -27 -28 -29 -30 -31
leaf_value=-0.035026107792745204 -0.030429861865713417 -0.026204272292660227 0.01982535738608994 -0.040714559252087397 0.021755672922256455 0.016109586788732949 0.022857495775844738 -0.0040642594893076965 -0.03042846641608149 -0.0093127491941341761 0.012784010184631937 -0.0088721652257332077 -0.0099193985943741916 0.017681841313631059 -0.0032057242517025773 -0.021721655681085118 0.024349897810317597 0.0037772855549845991 0.0084047999752969831 0.0065248309132973836 0.020875085242338921 -0.0038010430046195583 0.004693438574636344 0.027321035416961834 0.0097037824910053156 -0.0078209986898221499 0.016736512865506658 0.063400671833319086 -0.0072724125843919912 -0.0038010096637128414
leaf_weight=2.4838667308940821 2.1491247584053772 1.1723181946436003 0.65569219240569454 3.7722242627642122 0.74301364133134729 0.65041403341456261 0.64208014705218364 1.2290679291472759 1.579638548515504 0.46456915696035173 1.0354773288272552 0.80789450196607449 0.56595017015933879 0.34812679421156634 0.30405959376366887 1.3852351891255237 2.2935811946517792 0.52650975955475576 0.28488558522076335 0.14655699348077167 2.4611736024526181 0.10718734942202068 0.71150966576533292 1.7166602758952629 0.21671692305244494 0.41089314641430974 0.80935726390453056 6.3709363529924303 0.16397945210337628 0.22382879922224663
leaf_count=6736 1682 2075 62 12938 67 235 14 850 1788 536 203 148 347 4 127 2258 202 130 23 8 162 23 151 96 6 487 76 2365 224 46
internal_value=0 0.0167378 0.022698 -0.0165469 0.0272389 0.0310187 -0.0169215 0.0357892 -0.0141159 -5.32145e-05 -0.0132021 0.0390579 0.0445117 -0.0131273 0.0485425 -0.00412531 0.0137578 -0.0289899 -0.0247606 -0.0379805 0.0149305 0.0502299 0.0510928 0.0543117 -0.0153748 0.0124824 0.00620932 0.0576204 0.0228272 0.0214779
internal_weight=0 26.1185 22.4661 10.314 20.2307 18.7103 3.65246 16.4579 2.23533 6.39523 3.46949 15.2289 11.9035 1.52044 10.5282 2.25237 3.3253 3.01038 2.43401 3.91878 2.92574 10.2242 10.117 8.96309 1.60195 1.15391 1.37531 8.25158 1.88064 2.51741
internal_count=34069 18517 11637 15552 9787 7708 6880 5209 1850 2606 1908 4359 3963 2079 3540 2499 396 6866 1705 12946 698 3413 3390 2836 2264 554 423 2685 320 248
is_linear=0
shrinkage=0.05


Tree=106
num_leaves=31
num_cat=0
split_feature=36 37 19 15 23 33 3 36 21 5 37 14 19 24 18 19 17 24 21 19 15 24 6 23 37 36 37 0 32 15
split_gain=2.01503 3.93272 2.25179 1.80607 1.7771 1.15234 1.01096 0.847475 0.808451 1.37116 0.768162 0.725816 0.487781 0.480093 0.452886 0.429448 0.35943 0.358209 0.300028 0.288769 0.276732 0.275491 0.242594 0.236457 0.234164 0.20697 0.137509 0.113523 0.0925943 0.0895988
threshold=57.350000000000001 153.65000000000001 0.027800925925925927 758.50000000000011 37.118038194444452 1.0000000180025095e-35 4.641437745208993 32.650000000000013 11.027870370370371 1.0000000180025095e-35 55.050000000000004 7687.4050000000016 33.04210069444445 1.5000000000000002 1.0000000180025095e-35 23.137812500000006 4.5000000000000009 2.5000000000000004 4.5479340277777789 13.743252314814816 1384.5000000000002 2.5000000000000004 2.5000000000000004 31.346209490740744 70.850000000000009 119.15000000000002 73.550000000000011 539.06000000000006 0.18634259259259262 365.50000000000006
decision_type=2 2 2 2 2 2 2 2 2 2 2 2 2 2 2 2 2 2 2 2 2 2 2 2 2 2 2 2 2 2
left_child=1 3 8 10 5 6 13 -6 9 18 -1 -3 -9 22 21 -13 -12 24 -2 23 -16 28 -5 26 -4 -10 -18 -17 -7 -21
right_child=2 11 17 4 7 14 -8 12 25 -11 16 15 -14 -15 20 27 19 -19 -20 29 -22 -23 -24 -25 -26 -27 -28 -29 -30 -31
leaf_value=-0.015563412726944609 -0.03367033240959777 -0.0089058198461979127 0.0046388735240213254 -0.041596980873641089 -0.012484095671657411 -0.023924444867569117 0.0099615159214451032 0.054085691311870999 0.00023822293912977835 0.021010512600949809 -0.006738159422232038 0.050647421766417282 -0.0067964051139258663 0.0063754674039004661 -0.011354465403107417 0.01192894040659131 0.001020305359872656 0.0070054142096601952 0.0017516869858100839 -0.0050533322797146635 0.020185294650025873 0.010760912527073757 0.0041846185209049131 -0.0027632230334786651 -0.040945401210112829 0.030231481447061732 0.040730411129200873 -0.008994499950726818 0.0030200621496456626 0.011855457426322226
leaf_weight=0.62509972651606105 1.8433290160028248 0.31914627099467807 0.096381902694702037 5.1546583736781013 0.40838830721622688 1.1131107487453848 0.96036201529204834 0.77988858548633289 0.7387669533491138 1.7124907951802013 0.3965498762554488 5.7351064827525988 0.1549088981555542 0.33502711087930936 0.19873816287145052 0.37015725122182619 0.28498686701641496 0.15852342871949066 0.63658985511574417 0.60532993209199026 2.1342346105229808 0.26677601970732201 0.12217345065437246 0.23817737202625711 3.9198701784189325 1.8787278507952576 3.2173599284142256 0.27597705235530157 0.13424092378409103 0.87009095976827666
leaf_count=517 2048 140 2 12176 940 1644 34 139 44 28 157 721 286 187 2 39 52 8 122 221 244 14 8 22 13505 97 279 246 50 108
internal_value=0 0.0135004 -0.0114046 0.000670123 -0.0106788 -0.018138 -0.0294867 0.0302301 0.00660241 -0.00690974 0.0205898 0.043405 0.0456985 -0.0367231 0.00333324 0.0468734 0.0263611 -0.0363773 -0.0266871 0.0295567 0.0148979 -0.0133238 -0.0400392 0.0357902 -0.0391448 0.0241721 0.0384435 0.00295708 -0.0209711 0.00567924
internal_weight=0 24.7005 10.9847 18.0001 11.7625 10.4193 6.57222 1.34319 6.8099 4.19241 6.23759 6.70039 0.934797 5.61186 3.8471 6.38124 5.61249 4.17478 2.47992 5.21595 2.33297 1.51413 5.27683 3.74052 4.01625 2.61749 3.50235 0.646134 1.24735 1.47542
internal_count=34080 18226 15854 17080 15724 14359 12405 1365 2339 2198 1356 1146 425 12371 1954 1006 839 13515 2170 682 246 1708 12184 353 13507 141 331 285 1694 329
is_linear=0
shrinkage=0.05


Tree=107
num_leaves=31
num_cat=0
split_feature=36 37 15 0 2 3 25 37 16 21 36 19 24 23 19 21 38 34 23 19 2 13 13 38 14 36 14 13 16 15
split_gain=2.13012 4.26722 2.36721 1.80263 1.73547 1.3841 0.95539 0.75223 0.677076 0.546857 0.717039 0.682013 0.52145 0.454164 0.421593 0.482925 0.417669 0.377322 0.325504 0.320072 0.279531 0.242969 0.228728 0.214458 0.19757 0.1974 0.19046 0.161162 0.15537 0.137133
threshold=60.050000000000004 134.95000000000002 758.50000000000011 10404.465000000002 2.7338532495338232 -2.1014494415733505 1.0000000180025095e-35 55.050000000000004 1.5000000000000002 6.4998206018518525 21.150000000000002 23.137812500000006 2.5000000000000004 15.172997685185186 0.80135995370370383 11.027870370370371 0.48258202456526905 1.0000000180025095e-35 35.057256944444454 12.16984953703704 2.184532917163279 31.500000000000004 19.500000000000004 2.9674897060337968 148642.81500000009 37.050000000000004 10793.245000000001 24.500000000000004 3.5000000000000004 264005.00000000006
decision_type=2 2 2 2 2 2 2 2 2 2 2 2 2 2 2 2 2 2 2 2 2 2 2 2 2 2 2 2 2 2
left_child=1 2 7 5 6 -4 23 -1 29 10 -3 13 -7 -11 15 16 -6 19 28 25 -10 26 -22 -2 -12 -9 -15 -24 -18 -5
right_child=4 9 3 8 14 12 -8 17 20 11 24 -13 -14 21 -16 -17 18 -19 -20 -21 22 -23 27 -25 -26 -27 -28 -29 -30 -31
leaf_value=-0.015229625533735606 -0.04112180517631317 0.030476757436827054 0.016950067388212767 -0.020970595556182137 0.015034879676522778 -0.041039300609905897 0.01452620507379372 0.045152331021199685 -0.010013447633580629 0.012216086152506432 -0.018574557065253006 0.001647534840333479 0.0090205647003054803 -0.0021119743437528022 -0.015822053874626353 0.026602574752832571 -0.029633731872200197 -0.00019889992277513362 0.0099508175566313736 0.0031364196886899741 0.029233198979356285 0.00076510676395517006 -0.010534545308772805 0.0038266653328035715 0.0083424457649394421 0.0071869224827260372 0.065541903396551027 0.011500389530515629 0.0031287801283296696 0.0059589511916965879
leaf_weight=0.55975574153126828 4.2003410718389187 1.4129190683888722 0.77422714968270234 1.0813792664703212 0.99663764252909492 5.5901737361637034 0.44112166970444366 2.369844174565515 0.24558483343571458 1.1465403160254934 0.86607596017711308 0.75871146595454764 0.215262428857386 0.043831864488311889 0.81608261569635931 1.849503932520747 0.90529000137757953 0.99942067172378291 0.35172794864047308 0.94187287980457757 1.9703086032241119 0.18027211555454403 0.49015255030826643 0.10948279545118556 0.35904189545544796 0.86448120730346989 3.4182167390099494 0.92638869596703444 0.22945689246989787 0.13701404639868986
leaf_count=511 14054 153 314 541 90 13900 104 196 391 395 440 594 14 58 747 75 95 213 11 259 137 32 55 41 54 112 376 68 15 27
internal_value=0 0.0125089 -0.00209091 -0.0149212 -0.01383 -0.0302679 -0.0328064 0.0218985 0.00751053 0.0400203 0.0138025 0.0484755 -0.0381304 0.0543283 0.00616811 0.0125004 -0.00262528 0.0277299 -0.0157506 0.0331608 0.0174455 0.0620976 0.0212653 -0.0394743 -0.0104821 0.0390986 0.064404 0.00267165 -0.0246466 -0.0166212
internal_weight=0 25.3515 17.1659 11.4305 9.89964 6.57966 4.75095 5.73537 4.85083 8.18561 2.63804 5.54757 5.80544 4.78886 5.1487 4.33262 2.48311 5.17562 1.48647 4.1762 3.63243 3.64232 3.38685 4.30982 1.22512 3.23433 3.46205 1.41654 1.13475 1.21839
internal_count=34072 18840 16738 15447 15232 14228 14199 1291 1219 2102 647 1455 13914 861 1033 286 211 780 121 567 651 466 260 14095 494 308 434 123 110 568
is_linear=0
shrinkage=0.05


Tree=108
num_leaves=31
num_cat=0
split_feature=17 36 37 3 6 9 32 19 30 39 15 3 36 19 23 0 24 23 37 12 18 0 0 15 33 2 2 24 30 0
split_gain=2.64583 2.01557 2.6763 1.81008 1.16574 1.88587 1.1629 0.989591 0.714102 0.77096 0.630942 0.626709 0.491344 0.412585 0.351291 0.341031 0.302206 0.291964 0.226765 0.219709 0.215066 0.204298 0.19648 0.192297 0.161812 0.135393 0.132714 0.125814 0.125101 0.0974231
threshold=5.5000000000000009 60.050000000000004 150.25000000000003 2.4965913171622796 1.0000000180025095e-35 1.5000000000000002 0.036038961038961044 0.027800925925925927 5.5000000000000009 1.0000000180025095e-35 55296.000000000007 -2.1014494415733505 16.450000000000003 0.98817129629629641 31.21993055555556 4525.8100000000004 2.5000000000000004 31.346209490740744 66.250000000000014 9426.2850000000017 1.0000000180025095e-35 49226.510000000002 1098.5600000000002 545.50000000000011 1.0000000180025095e-35 2.2110177072425423 3.2051050221021935 1.5000000000000002 14.500000000000002 1053.4450000000004
decision_type=2 2 2 2 2 2 2 2 2 2 2 2 2 2 2 2 2 2 2 2 2 2 2 2 2 2 2 2 2 2
left_child=3 2 4 8 5 6 11 10 24 14 21 -2 -8 -6 27 -4 -9 -16 -7 22 -5 25 -14 26 -1 -3 -13 -10 -11 -26
right_child=1 7 15 20 13 18 12 16 9 28 -12 23 19 -15 17 -17 -18 -19 -20 -21 -22 -23 -24 -25 29 -27 -28 -29 -30 -31
leaf_value=-0.0097865911738444136 0.013221286664510435 -0.0012515534442517195 0.055149279706543299 -0.0068560672323582858 0.042192885535344476 -0.0021087115418473019 -0.014422871083881983 -0.034358653209548867 -0.042882070283918994 -0.0073318267968253293 -0.020728797169579923 -0.012250316055942395 -0.0037795246313834796 -0.0017549624456212308 0.016600861946101945 0.011507107329663195 0.0070817333047204197 -0.016250608715320865 0.034716642020246338 -0.0039911609531072473 0.020156174948839728 -0.0056384183137079807 0.031637735048327724 -0.032597737501215196 -0.0044518502508178624 0.025490232728576395 0.0094441006058255204 -0.0023804008368884326 0.013678562812736795 0.018873187986836442
leaf_weight=0.27122268552193218 0.44672364703728806 0.45889252175402395 4.0522915357869342 0.40574101472156998 1.7306460078398225 0.3531238954601571 0.55580208114406593 2.1787649546531616 4.9632033193993266 0.46133461848512514 0.64809977343247727 0.5390062738733884 0.23249708439107086 0.56772215449018393 0.25327423243288638 1.1789289718581129 0.16019520722329605 0.47882064725854434 2.2823985271679703 0.42495250827050757 2.4756676437391434 0.43422505352646101 1.4465444933157412 4.1362861652887659 0.17538818507455289 1.8629385377716969 0.35087549418676645 0.32392752128362179 0.53437192425190005 0.66178158207912929
leaf_count=292 165 439 667 92 52 251 476 7990 11733 193 221 290 164 106 40 168 7 1781 319 159 98 13 242 7477 26 114 16 223 166 62
internal_value=0 0.0137928 0.0216339 -0.0148034 0.00808884 0.000112146 -0.0120206 -0.0106925 -0.0261011 -0.0314187 0.00656226 -0.0238532 0.0121915 0.0340964 -0.0373392 0.048739 -0.0302495 -0.00186266 0.0305597 0.0216037 0.0155661 0.01679 0.0271533 -0.0287955 0.00649287 0.0214192 -0.00322534 -0.0411739 0.00514793 0.0142232
internal_weight=0 24.0409 18.2978 11.0047 13.0666 10.7682 8.13269 5.74312 8.12332 7.01493 3.40416 5.47289 2.6598 2.29837 6.01923 5.23122 2.33896 0.732095 2.63552 2.10399 2.88141 2.75606 1.67904 5.02617 1.10839 2.32183 0.889882 5.28713 0.995707 0.83717
internal_count=34042 19336 10552 14706 9717 9559 8989 8784 14516 14136 787 7948 1041 158 13777 835 7997 1821 570 565 190 566 406 7783 380 553 306 11956 359 88
is_linear=0
shrinkage=0.05


Tree=109
num_leaves=31
num_cat=0
split_feature=36 37 3 45 17 13 12 37 15 36 10 0 21 19 17 5 23 25 17 15 21 19 19 23 23 11 19 19 20 15
split_gain=2.16028 1.91668 1.50298 1.22801 1.00191 1.07862 0.862825 0.782212 0.734404 0.712734 0.62831 0.581881 0.563388 0.962859 0.827472 0.509249 0.497197 0.478611 0.472555 0.387765 0.374199 0.419903 0.343438 0.332944 0.324954 0.267416 0.249647 0.240487 0.190685 0.174399
threshold=56.850000000000001 153.65000000000001 1.1330830612240095 1.0000000180025095e-35 5.5000000000000009 12.500000000000002 3677.0700000000002 55.050000000000004 104718.00000000001 36.550000000000004 1448.2900000000002 106.38000000000001 5.8525000000000009 6.2443113425925931 7.5000000000000009 1.0000000180025095e-35 1.0000000180025095e-35 1.0000000180025095e-35 6.5000000000000009 168745.50000000003 15.248356481481483 2.0870370370370375 33.04210069444445 20.418009259259261 27.162199074074078 2.5000000000000004 0.90694444444444455 29.813541666666669 2.5000000000000004 63585.500000000007
decision_type=2 2 2 2 2 2 2 2 2 2 2 2 2 2 2 2 2 2 2 2 2 2 2 2 2 2 2 2 2 2
left_child=1 3 17 4 10 16 -7 -8 9 -3 19 -5 14 29 -4 -16 -6 -2 -9 -1 21 23 24 -20 -22 -12 -11 28 -18 -14
right_child=2 8 12 11 5 6 7 18 -10 26 25 -13 13 -15 15 -17 27 -19 20 -21 22 -23 -24 -25 -26 -27 -28 -29 -30 -31
leaf_value=-0.026063286113510598 -0.03766967511824762 0.050301690353329535 -0.028258458066365979 0.01250596584516259 -0.0069365542270619796 -0.018554462688675544 -0.013145743420113787 -0.012067474074225192 -0.0092785891533469604 0.017115707904731096 0.023470094975280853 -0.033738026367197908 0.032230748012315118 -0.018108421481817943 -0.014547342324338819 0.026300867632546406 0.05157188552942097 0.0085102181953404955 0.026218358309807233 0.0080093585585559682 0.0050665252543691539 -0.013761430071675552 -0.006852511971275988 -0.0089286790274716848 0.047002695677759887 -0.0096595759149943321 -0.01027714790111435 -0.0038355392317886631 -0.0013331609678107516 -0.00011785519184930001
leaf_weight=2.6134034277638487 3.780713977168487 3.7939416712033553 1.729486817836005 0.3278826414898498 0.23093114094808642 1.6950474085679141 1.3611584909012888 0.36553296260535706 0.4567392497556283 0.82729556124831993 0.84394964692182817 1.7749177360601605 2.0533227099804217 0.87042671850940667 0.43920961707772199 0.97846348397433758 2.0133014606544757 0.26676990973646741 1.336358196102083 0.5777910767646971 0.86132755588914811 0.78130874987982668 0.15666438234620716 0.37703904348018102 1.9689974962529957 0.2519129811989842 0.63956274728116114 0.083008446221356169 0.12802934974024527 0.47407746108365234
leaf_count=5047 13614 469 438 31 25 2717 1712 431 100 102 235 2865 135 1378 99 21 843 88 115 608 460 524 256 84 374 269 440 264 172 47
internal_value=0 0.0132374 -0.0130234 0.00436384 0.00954174 0.0169261 0.00686422 0.0143737 0.0360329 0.0408205 -0.00952427 -0.0248207 0.00242999 0.014636 -0.0110998 0.012863 0.0408667 -0.0335429 0.0217641 -0.0194551 0.0255338 0.00699543 0.0353789 0.0180439 0.0388952 0.0148792 0.00584769 0.0464417 0.0489913 0.0278497
internal_weight=0 23.4661 10.5925 17.7486 15.6458 11.3587 8.90343 7.20839 5.71754 5.2608 4.28706 2.1028 6.54499 3.39783 3.14716 1.41767 2.45527 4.04748 5.84723 3.19119 5.4817 2.49471 2.98699 1.7134 2.83033 1.09586 1.46686 2.22434 2.14133 2.5274
internal_count=33963 18143 15820 17032 14136 7977 6673 3956 1111 1011 6159 2896 2118 1560 558 120 1304 13702 2244 5655 1813 723 1090 199 834 504 542 1279 1015 182
is_linear=0
shrinkage=0.05


Tree=110
num_leaves=31
num_cat=0
split_feature=36 19 45 21 19 23 18 21 0 39 5 36 19 3 14 36 17 24 0 3 13 23 25 13 8 24 3 2 2 21
split_gain=2.3909 1.55156 1.4909 1.26364 2.64814 3.4129 1.65345 1.17899 0.916292 0.896834 0.877785 0.678128 0.635163 0.625361 0.612048 0.582399 0.444909 0.38283 0.364568 0.359579 0.337497 0.335459 0.262082 0.259864 0.252684 0.251869 0.247518 0.25801 0.218921 0.217566
threshold=57.350000000000001 0.21398148148148152 1.0000000180025095e-35 11.354212962962965 21.025092592592596 19.859947916666673 1.0000000180025095e-35 11.027870370370371 1145.075 1.0000000180025095e-35 1.0000000180025095e-35 23.450000000000003 9.6991261574074095 -0.94091169570938205 50240.400000000001 15.850000000000003 14.500000000000002 2.5000000000000004 15173.920000000002 3.4357288626039613 29.500000000000004 9.6745891203703724 1.0000000180025095e-35 4.5000000000000009 1785.5300000000002 3.5000000000000004 -0.86902352363138935 19.249882541093541 1.8336329037450625 0.84748842592592599
decision_type=2 2 2 2 2 2 2 2 2 2 2 2 2 2 2 2 2 2 2 2 2 2 2 2 2 2 2 2 2 2
left_child=2 7 3 6 5 12 19 10 -7 -4 22 21 -5 -10 29 -15 26 -3 20 24 -17 23 -2 -8 25 -1 -6 -28 -16 -13
right_child=1 17 9 4 16 8 11 -9 13 -11 -12 14 -14 15 28 18 -18 -19 -20 -21 -22 -23 -24 -25 -26 -27 27 -29 -30 -31
leaf_value=-0.03350505568497586 -0.032080317275510903 -0.038302204812866385 -0.031588949236155517 0.019269896603329173 0.0048507286688308504 0.0059676173322279029 -0.0053699445567861603 0.025218843432556926 -0.0043958427504099708 0.017546270298788105 0.010873001943969597 -0.025139745170850304 -0.016661681786945083 -0.00020581358319045749 -0.0071377229444967508 0.089989467641000714 0.016755151558022176 0.007618410158368014 0.0022173680963466216 0.0099735712318475174 0.0079823906209182099 0.00061525198139094804 0.0066204617615017629 0.038771797450906004 0.0067005570459071602 0.0061699682483138327 -0.026675984926547325 0.0083365660571608595 0.022124933816580348 0.0066516511224312515
leaf_weight=2.2969271689289665 2.2093616642450784 3.3712572897784416 1.7047087075916345 1.4223321468234629 0.83243445892731127 0.71785868658480456 0.11921433656243685 2.4203996338037541 0.12954246992012475 0.63847437813819841 1.7626065760850904 1.0652247257239653 1.5025867658696368 0.2175552840199092 0.32975677774811618 3.1318326017644731 0.7468176065449369 0.17517374223098148 0.19122366527153634 0.28252639668062318 0.3431091923121129 0.83608547365292896 0.15645947586745013 2.9372057136934018 0.16953645096509706 0.13830906338989724 1.6380709519580694 0.16449755057692517 1.4369515183789188 0.25713181933679141
leaf_count=4931 2326 13253 3018 222 875 481 261 139 47 120 27 636 1993 215 120 322 169 10 27 14 35 377 16 357 13 10 3730 2 46 106
internal_value=0 -0.0123909 0.0157456 0.0200176 0.03096 0.045656 0.00605659 0.00278127 0.0680878 -0.0169568 -0.0127258 0.018623 0.00126902 0.0757926 0.000212453 0.0788197 -0.00513677 -0.0348572 0.0825483 -0.0213033 0.0854855 0.0302038 -0.0283144 0.0361507 -0.0265215 -0.0301116 -0.0142439 -0.0216463 0.0160573 -0.0187556
internal_weight=0 10.0953 23.2499 20.9067 11.0379 7.65604 9.86887 6.54883 4.73112 2.34318 4.12843 6.98157 2.92492 4.01326 3.08906 3.88372 3.38182 3.54643 3.66617 2.8873 3.47494 3.89251 2.36582 3.05642 2.60477 2.43524 2.635 1.80257 1.76671 1.32236
internal_count=33898 15771 18127 14989 8118 3342 6871 2508 1127 3138 2369 1903 2215 646 908 599 4776 13263 384 4968 357 995 2342 618 4954 4941 4607 3732 166 742
is_linear=0
shrinkage=0.05


Tree=111
num_leaves=31
num_cat=0
split_feature=36 37 14 2 38 2 37 36 32 0 3 32 25 12 21 19 0 14 39 42 15 14 19 21 23 6 0 30 38 13
split_gain=2.27584 1.62165 1.60925 1.34155 0.943075 0.893322 0.705396 1.01788 0.947564 1.15606 1.07819 0.833525 0.526973 0.574026 0.480901 0.525049 0.468147 0.450635 0.430074 0.411479 0.332612 0.326114 0.321004 0.330478 0.287739 0.243649 0.226017 0.222852 0.208493 0.201657
threshold=59.45000000000001 169.75000000000003 13540.130000000003 3.7461379636806407 0.017733858832087983 8.8199967649303783 74.550000000000011 32.650000000000013 0.070197044334975381 396.02000000000004 2.0064716797994779 0.25462962962962971 1.0000000180025095e-35 171661.18500000003 5.8525000000000009 6.2443113425925931 3021.2100000000005 20968.665000000001 1.0000000180025095e-35 1.0000000180025095e-35 52945.000000000007 380130.52500000008 21.206394675925928 5.5592071759259269 34.090590277777785 1.5000000000000002 146.32000000000002 5.5000000000000009 2.9674897060337968 32.500000000000007
decision_type=2 2 2 2 2 2 2 2 2 2 2 2 2 2 2 2 2 2 2 2 2 2 2 2 2 2 2 2 2 2
left_child=1 2 18 12 5 25 7 17 9 -8 21 -10 13 19 24 -16 -9 -6 -1 28 -12 -11 23 26 -5 -4 -3 -19 -2 -25
right_child=3 22 4 14 6 -7 8 16 11 10 20 -13 -14 -15 15 -17 -18 27 -20 -21 -22 -23 -24 29 -26 -27 -28 -29 -30 -31
leaf_value=-0.033165840700934764 -0.041159157299363917 0.019600939557053443 -0.029759073565231633 -0.019542497956179673 0.024013589630383584 0.018711174410137445 0.032287028119636123 0.002514858793753101 0.042160858360791559 -0.029304516282350226 0.020662899599605183 -0.011840492206824068 0.0095554921714155836 0.0098455522551946072 0.030245608887569393 -0.011667906204252759 0.068295587892863038 0.010471345967848088 0.009090877477482542 0.0080592150643682883 -0.010418848694381928 0.0052805986997856921 -0.00080929768827112201 0.053293209369967093 0.0091727975236142265 0.0049390938154061509 -0.0085759586677549796 -0.017477896255767046 0.0037042919338651122 -0.00053040655727991371
leaf_weight=1.8989358271355841 4.3827076893139729 0.64003283955389567 1.8390700819654773 1.1002406796615107 0.84590626075078024 0.99288163031451393 1.0546366546914194 0.40604922395141307 1.8941619386023378 3.2637473747163317 1.8789467235183113 0.4626563494093715 0.40158799587516103 0.33079466733033758 1.5783019046357369 0.4381176531605887 0.94060903305944521 0.29502810834674154 0.30156290248851281 0.16264180403959461 0.51617968539358106 0.48523635428864498 0.42566735335276451 2.4522736983926738 0.71663368289591733 0.30520716059254471 0.49472175228584092 1.0559361644554881 0.10720942643820297 0.16264241994940665
leaf_count=4818 14715 64 5097 112 367 31 277 269 198 4704 128 195 120 53 84 205 143 23 108 19 43 164 246 320 16 20 155 1128 42 22
internal_value=0 0.0140659 0.0067185 -0.0142565 0.0124679 -0.00985033 0.0181325 0.0347803 0.0092488 -0.000862994 -0.0102761 0.0311908 -0.0284389 -0.0325861 0.00742866 0.0202898 0.057985 0.00686737 -0.0263438 -0.036811 0.0128686 -0.0246588 0.0389423 0.0426753 -0.00898074 -0.0248202 0.00905374 -0.00951641 -0.0396083 0.0507248
internal_weight=0 22.6121 18.4368 9.21824 16.2363 3.13716 13.0991 3.54353 9.55557 7.19875 6.14411 2.35682 5.38494 4.98335 3.83329 2.01642 1.34666 2.19687 2.2005 4.65256 2.39513 3.74898 4.17534 3.74967 1.81687 2.14428 1.13475 1.35096 4.48992 2.61492
internal_count=33886 18520 17713 15366 12787 5148 7639 1930 5709 5316 5039 393 14949 14829 417 289 412 1518 4926 14776 171 4868 807 561 128 5117 219 1151 14757 342
is_linear=0
shrinkage=0.05


Tree=112
num_leaves=31
num_cat=0
split_feature=36 37 19 37 16 21 5 45 19 19 32 14 30 0 14 33 10 10 13 45 32 36 21 0 4 36 37 14 25 20
split_gain=2.18252 3.22121 1.40966 1.14943 0.891932 0.879124 1.20022 0.758167 0.633166 0.629987 1.22638 0.505967 0.504573 0.498809 0.422286 0.401276 0.574419 0.399189 0.384568 0.33206 0.28982 0.220793 0.215811 0.211856 0.1595 0.142628 0.121799 0.116251 0.115688 0.11566
threshold=60.050000000000004 139.95000000000002 0.027800925925925927 43.050000000000004 1.5000000000000002 11.027870370370371 1.0000000180025095e-35 1.0000000180025095e-35 23.137812500000006 0.027800925925925927 0.036038961038961044 7687.4050000000016 13.500000000000002 35003.370000000003 14525.545000000004 1.0000000180025095e-35 2792.145 3718.7350000000001 31.500000000000004 1.0000000180025095e-35 0.021507863089731735 36.150000000000013 10.259224537037039 106.38000000000001 1.0000000180025095e-35 119.15000000000002 256.95000000000005 31582.470000000005 1.0000000180025095e-35 2.5000000000000004
decision_type=2 2 2 2 2 2 2 2 2 2 2 2 2 2 2 2 2 2 2 2 2 2 2 2 2 2 2 2 2 2
left_child=1 3 5 13 15 6 28 9 11 12 17 -3 -6 -1 -14 16 -5 -11 19 29 -16 -17 -12 -9 -4 -7 -10 -24 -2 -13
right_child=2 8 24 4 7 25 -8 23 26 10 22 18 14 -15 20 21 -18 -19 -20 -21 -22 -23 27 -25 -26 -27 -28 -29 -30 -31
leaf_value=-0.032354133670375082 -0.032395983690743237 -0.002982535698269301 -0.037039819445942625 -0.027681468404104733 -0.00030210868808657507 2.3154027873441306e-05 0.015737303997568116 0.0082645171496898429 -0.011331475792994691 -0.023565358356024239 -0.0052182371240127373 0.054521069721729057 -0.0063146525197758921 0.00437484290660216 0.049560337877348454 0.016396800117254067 0.013818254252184668 0.0084831439747832076 -0.0009674850250619623 0.0042197888692347097 -0.0013907395244900072 -0.010890173133921719 -0.002521322042403646 -0.022842930543209603 0.0007030848017105986 0.028057808441621319 0.010088142162174324 0.034404351265516463 0.0030628173622086791 0.0043648664554780002
leaf_weight=1.8999651020203665 2.0197540719454978 0.41424232423014373 2.8576525148600926 2.1527609706390645 0.84494521748274243 0.55081580017576959 1.7100477125495674 0.19947161118034351 0.4518116332910721 1.8215213529038012 0.14851814345456693 5.4062953580141766 0.18331544440297909 1.0427312281244665 2.5411972166621131 1.1325064870616186 0.4482342251430963 0.85151427958044212 0.35473525586712629 0.56224470849701891 0.24481220969755657 0.30659422730241193 0.089576613172539399 0.71680425497470424 0.26214233845530532 1.6173651107819749 0.24697172913874965 1.9025401199178302 0.07294181955512602 0.30355268535640778
leaf_count=6973 2089 186 12938 3628 235 34 28 27 476 3322 111 708 116 76 209 341 96 241 76 195 22 247 122 836 69 95 31 212 13 132
internal_value=0 0.0157329 -0.0119336 0.00258809 0.00893088 0.0030958 -0.0108048 0.0167651 0.0402936 0.0214042 0.00693815 0.0442766 0.0344273 -0.0215308 0.0418962 -0.00923072 -0.0186784 -0.013826 0.0472345 0.0497189 0.0458984 0.008502 0.0290131 -0.0152921 -0.0344676 0.023191 -0.00227901 0.0324562 -0.0305693 0.0529025
internal_weight=0 24.2669 9.09072 16.527 13.5843 5.97092 3.80274 9.54422 7.73985 8.62794 4.81367 7.04107 3.81427 2.9427 2.96932 4.0401 2.601 2.67304 6.62683 6.27209 2.78601 1.4391 2.14063 0.916276 3.11979 2.16818 0.698783 1.99212 2.0927 5.70985
internal_count=33884 18618 15266 16814 9765 2259 2130 5453 1804 4590 4008 1297 582 7049 347 4312 3724 3563 1111 1035 231 588 445 863 13007 129 507 334 2102 840
is_linear=0
shrinkage=0.05


Tree=113
num_leaves=31
num_cat=0
split_feature=36 37 37 2 37 36 9 32 14 19 14 14 15 11 15 0 24 17 2 19 45 19 21 30 38 10 20 0 3 30
split_gain=2.43496 2.3141 1.28899 1.25338 1.04078 1.43755 1.26733 0.824222 0.808893 0.597374 0.572217 0.555547 0.531056 0.459958 0.441732 0.40166 0.349912 0.28872 0.261326 0.250793 0.23192 0.212434 0.229061 0.205894 0.195664 0.176616 0.171041 0.198262 0.168813 0.146468
threshold=58.850000000000001 150.25000000000003 43.050000000000004 3.7461379636806407 74.550000000000011 32.650000000000013 1.5000000000000002 0.065591397849462371 46722.220000000016 23.137812500000006 7687.4050000000016 356451.57500000007 74018.000000000015 3.5000000000000004 545.50000000000011 2013.9800000000002 2.5000000000000004 5.5000000000000009 0.12813749444333472 1.0000000180025095e-35 1.0000000180025095e-35 6.2443113425925931 6.0765162037037044 15.500000000000002 0.3201117670730011 9808.0550000000021 2.5000000000000004 49226.510000000002 4.641437745208993 7.5000000000000009
decision_type=2 2 2 2 2 2 2 2 2 2 2 2 2 2 2 2 2 2 2 2 2 2 2 2 2 2 2 2 2 2
left_child=1 2 11 7 5 14 8 25 16 10 -3 28 21 24 -4 -7 18 -8 -6 -9 -12 22 23 -5 -10 -2 27 -26 -1 -15
right_child=3 9 4 12 6 15 17 19 13 -11 20 -13 -14 29 -16 -17 -18 -19 -20 -21 -22 -23 -24 -25 26 -27 -28 -29 -30 -31
leaf_value=-0.033893756429160336 -0.040696384123819394 -0.0070503203787599432 0.017415615179232364 -0.012602457867148233 0.0065443124825915111 3.8374013873640466e-05 -0.0063741814181373776 0.015867762354219349 -0.0056650407142727179 -0.0067295135439852652 0.047308370342082073 0.0083090293967660791 -0.018210848367018844 0.0059666680076807593 -0.015688761165110417 0.062301532752938905 0.0092902905505132267 0.032206981560034445 -0.032051360498968604 -0.013079415480660892 0.0038302226954635477 -0.0079205020837150291 0.029013569031407074 0.012646323185726319 0.026255077278093931 0.00097997893117238405 -0.0053176550373211298 -0.006559169344122092 0.0038873396487561587 -0.018785617206901178
leaf_weight=2.1348181846624463 3.7174697247392019 0.3130338589544398 0.85451166960410763 0.51108491685590818 0.15419807442231004 0.29430185454839364 0.22981187867844743 0.7736582057259509 0.52478377923398545 0.43552837113384146 5.0982704422349343 0.72882643736375019 0.73568504615104746 0.2916079803399042 1.2087666427905785 1.2390076226074596 0.2221170188859104 2.0191612783964956 2.8784372357040411 0.3538258291373495 0.51868808221479401 0.2949927027511875 1.3071598864335099 0.74280459404690191 2.0942121266125477 0.21971607530576864 0.25308676116401319 0.13527721216087218 0.11508808843791474 1.1138442374285658
leaf_count=6842 13759 146 125 64 15 397 101 137 320 352 677 227 88 32 1859 231 12 282 5020 962 151 150 78 44 837 305 195 7 7 722
internal_value=0 0.0140636 0.00343711 -0.01577 0.0101751 0.0298456 0.00096044 -0.0297381 -0.00910456 0.0373902 0.0411341 -0.0220048 0.00611324 0.0048935 -0.000768899 0.0550834 -0.0247728 0.0275161 -0.0289527 0.00490567 0.0444791 0.0154767 0.0196391 0.00132956 0.0145959 -0.0386432 0.0192756 0.0228495 -0.0313597 -0.0133045
internal_weight=0 22.8574 16.4919 8.6564 13.5131 3.59659 9.91654 5.06467 7.66756 6.36552 5.92999 2.97873 3.59173 4.41281 2.06328 1.53331 3.25475 2.24897 3.03264 1.12748 5.61696 2.85604 2.56105 1.25389 3.00736 3.93719 2.48258 2.22949 2.24991 1.40545
internal_count=34144 18557 17231 15587 10155 2612 7543 15163 7160 1326 974 7076 424 2113 1984 628 5047 383 5035 1099 828 336 186 108 1359 14064 1039 844 6849 754
is_linear=0
shrinkage=0.05


Tree=114
num_leaves=31
num_cat=0
split_feature=36 45 38 19 0 2 21 19 23 39 21 5 2 17 36 13 14 21 24 3 13 2 25 3 36 23 0 36 3 14
split_gain=1.79703 1.53042 1.31267 1.25238 0.988971 1.4531 1.36284 1.60641 1.31441 0.947957 0.903883 0.825359 0.774018 0.654722 0.635708 0.481404 0.448913 0.382808 0.355629 0.316475 0.288988 0.27296 0.238795 0.228875 0.208029 0.154605 0.143879 0.125048 0.111578 0.106973
threshold=58.850000000000001 1.0000000180025095e-35 1.0000000180025095e-35 0.80135995370370383 1752.0950000000003 0.2815756514565731 5.2896122685185194 21.025092592592596 18.378292824074077 1.0000000180025095e-35 11.027870370370371 1.0000000180025095e-35 8.8199967649303783 10.500000000000002 23.450000000000003 8.5000000000000018 104142.41 11.712980324074076 2.5000000000000004 0.80203339531218354 28.500000000000004 1.624304152304858 1.0000000180025095e-35 2.8025866982932452 19.550000000000004 16.889502314814816 600.72500000000002 856.05000000000007 1.1330830612240095 356451.57500000007
decision_type=2 2 2 2 2 2 2 2 2 2 2 2 2 2 2 2 2 2 2 2 2 2 2 2 2 2 2 2 2 2
left_child=1 2 12 10 5 26 14 8 21 -3 11 22 29 -7 19 -10 -16 -17 -5 -6 -19 -8 27 -9 -21 -23 -4 -2 -18 -1
right_child=3 9 4 18 6 13 7 23 15 -11 -12 -13 -14 -15 16 17 28 20 -20 24 -22 25 -24 -25 -26 -27 -28 -29 -30 -31
leaf_value=-0.028869292880587552 -0.032967200553189212 -0.032955306620520521 0.033230704223676875 -0.037481655089315689 -0.0087136104983648859 -0.023571649670019349 -0.0048278932749506939 -0.01635673507718852 -0.0022082263552994081 0.017549084804937078 0.024059702964528213 0.012140915457930012 0.016543695961247194 0.013445168817602977 -0.02445071989610555 0.0019407455313342837 -0.0066985941834133162 0.079769839398690506 0.0073789361820348403 -0.0030442094004222817 0.007540964242661952 0.026794727792346807 0.0064896970615346411 0.011481447622699884 0.036278746077197298 -0.0043457923487719525 -0.0022155934327218896 0.002274654943906882 0.015314655176218647 0.0004006288642075768
leaf_weight=1.5014781063509972 1.8784071719346673 1.7787015783105737 2.1025555762535109 2.7256258754860032 0.19749538943869938 2.7133616884821099 0.67949382150982129 0.86363611026899867 0.17099511591368388 0.64026012056274328 1.9617119508329777 1.6048758928664031 0.94346576160751272 0.98874638427514572 1.2584597619206763 0.24305241912952658 0.18185288822860446 2.8290302887180592 0.16830644896253932 0.23369296755117808 0.37569478612567753 2.3639651829435029 0.14807005648617622 0.34113756235456094 0.86147043490200303 0.16527201716962725 0.18361172072764009 0.14074667671229679 0.75201025084243156 0.3257132545186322
leaf_count=5390 2391 3020 381 12881 176 4796 657 1424 74 123 138 27 32 437 593 64 127 292 9 72 50 409 14 13 32 50 47 9 34 145
internal_value=0 0.014008 0.0185517 -0.0117354 0.0234656 0.00567904 0.031521 0.0417969 0.0501572 -0.0183646 0.00267841 -0.0111527 -0.0104843 -0.0129285 0.00379832 0.0683389 -0.011373 0.0715476 -0.0336477 0.0232663 0.0751096 0.0182868 -0.0267893 -0.00684188 0.0304397 0.0241051 0.030576 -0.0305709 0.00978077 -0.0253555
internal_weight=0 22.6952 20.2762 8.62774 17.5055 5.98828 11.5173 8.03228 6.8275 2.41896 5.73381 3.7721 2.77066 3.70211 3.48498 3.61877 2.19232 3.44778 2.89393 1.29266 3.20473 3.20873 2.16722 1.20477 1.09516 2.52924 2.28617 2.01915 0.933863 1.82719
internal_count=33907 18438 15295 15469 9728 5661 4067 3033 1596 3143 2579 2441 5567 5233 1034 480 754 406 12890 280 342 1116 2414 1437 104 459 428 2400 161 5535
is_linear=0
shrinkage=0.05


Tree=115
num_leaves=31
num_cat=0
split_feature=33 19 32 21 24 32 13 13 12 38 37 36 22 17 14 19 3 14 30 20 14 10 12 16 3 21 15 36 14 14
split_gain=2.22025 1.46536 1.64759 1.36957 1.02515 0.678937 0.592097 0.501767 0.713773 0.445702 0.376861 0.345923 0.340453 0.336059 0.296349 0.266574 0.260181 0.257063 0.225869 0.20535 0.191446 0.164737 0.217239 0.142672 0.139965 0.135501 0.130707 0.124606 0.115609 0.106701
threshold=1.0000000180025095e-35 0.027800925925925927 0.051956815114709856 1.0000000180025095e-35 1.5000000000000002 0.23303167420814483 6.5000000000000009 6.5000000000000009 7668.0600000000013 1.6054870504147896 153.65000000000001 58.850000000000001 1.0000000180025095e-35 14.500000000000002 33122.295000000006 32.745989583333341 -5.0641986381414457 166870.17000000001 14.500000000000002 1.0000000180025095e-35 9729.510000000002 13984.17 56364.785000000011 2.5000000000000004 3.4357288626039613 10.40056712962963 17621.000000000004 263.85000000000008 135200.47000000003 178702.28000000006
decision_type=2 2 2 2 2 2 2 2 2 2 2 2 2 2 2 2 2 2 2 2 2 2 2 2 2 2 2 2 2 2
left_child=1 3 4 7 13 14 24 10 16 20 -1 15 -13 21 -4 19 -9 25 27 -2 -8 22 -3 28 -5 -16 -12 -10 -20 -15
right_child=11 2 5 6 -6 -7 9 8 18 -11 26 12 -14 29 17 -17 -18 -19 23 -21 -22 -23 -24 -25 -26 -27 -28 -29 -30 -31
leaf_value=-0.011143260202321635 -0.0055943339410373417 -0.040081586201965336 -0.0079173395411536538 -0.015018088410190001 0.014130070331228834 -0.016673503707053044 -0.0021425266215223376 0.0060400735748871977 -0.0150547375292005 -0.007475257615942559 -0.0037307627477060224 -0.01333064262426123 0.016671668202979502 -0.0099224915937957368 -0.0030803384342542755 -0.007215831560528266 -0.035448031353344803 -0.0035251486198987353 0.0083201438610757666 0.030067815189587038 0.040610541714348351 -0.0010425405596988571 -0.00054575754871553515 0.017991937390530382 0.0086239571088103407 0.037922836683989825 0.031877015308440053 0.0076472610242888199 -0.012670843996649568 0.010399500170264685
leaf_weight=0.305198099420524 0.12346377714857393 5.6548100005893485 0.18796603228111131 0.49605931650876289 0.75909782812232141 0.60338757211866312 0.1759446662981653 0.13544035051017989 1.0590694014754265 0.27159450847830147 0.079592955735279247 0.91082353557430884 0.8865184340684209 0.24294583399023384 0.064575631891784613 0.16551785679621378 1.7339779769536106 0.30031866474018887 0.3271043199856648 7.6750698438409017 3.1503958692483138 0.3761350231579853 0.39596471662662214 1.1645115281280594 0.24050515360431746 1.472038477186288 0.58324490528320894 0.15246531997399859 0.37898962274630321 0.35233873268589377
leaf_count=852 256 20043 630 718 344 898 83 17 522 19 168 1858 59 348 72 165 2441 173 155 2062 303 288 517 255 8 266 212 7 118 73
internal_value=0 -0.00441652 -0.0168807 0.00861226 -0.0275979 0.0137101 0.0271356 -0.00691251 -0.0133963 0.0340424 0.0162077 0.0234286 0.00213735 -0.0333078 0.0252829 0.0274591 -0.0313848 0.0302734 0.00252979 0.0289316 0.0383766 -0.0362105 -0.0379387 0.011326 -0.00677769 0.0356647 0.027929 -0.0100317 -0.00376958 0.00108478
internal_weight=0 20.6637 10.4096 10.2541 7.78129 2.62829 4.3345 5.91959 4.95156 3.59794 0.968036 9.76139 1.79734 7.02219 2.0249 7.96405 1.86942 1.83693 3.08214 7.79853 3.32634 6.42691 6.05077 1.87061 0.736564 1.53661 0.662838 1.21153 0.706094 0.595285
internal_count=33930 29530 23652 5878 21613 2039 1131 4747 3515 405 1232 4400 1917 21269 1141 2483 2458 511 1057 2318 386 20848 20560 528 726 338 380 529 273 421
is_linear=0
shrinkage=0.05


Tree=116
num_leaves=31
num_cat=0
split_feature=19 21 16 37 36 2 22 2 23 24 19 15 2 23 21 19 6 35 14 13 15 23 19 23 2 38 36 0 37 32
split_gain=1.86009 3.04583 1.08957 1.37256 2.78374 0.945117 0.822879 0.919795 0.619486 0.487776 0.468608 0.445564 0.596072 0.443341 0.41447 0.397331 0.381416 0.387658 0.343142 0.294768 0.292855 0.333522 0.272318 0.2549 0.235317 0.16887 0.139603 0.139005 0.108852 0.107775
threshold=21.025092592592596 24.694629629629635 5.5000000000000009 134.95000000000002 62.350000000000001 8.8199967649303783 1.0000000180025095e-35 19.249882541093541 37.822152777777781 2.5000000000000004 13.743252314814816 545.50000000000011 1.624304152304858 1.0000000180025095e-35 11.712980324074076 32.745989583333341 1.5000000000000002 1.0000000180025095e-35 433389.30000000016 7.5000000000000009 146785.00000000003 16.889502314814816 0.32731481481481489 15.172997685185186 4.3173928839014559 2.9674897060337968 223.85000000000005 172.07000000000002 994.05000000000007 0.18634259259259262
decision_type=2 2 2 2 2 2 2 2 2 2 2 2 2 2 2 2 2 2 2 2 2 2 2 2 2 2 2 2 2 2
left_child=1 2 3 6 10 18 7 11 9 -2 14 12 -1 24 20 -10 17 29 25 -3 21 -5 -4 -16 26 28 27 -8 -6 -13
right_child=8 19 22 4 5 -7 13 -9 15 -11 -12 16 -14 -15 23 -17 -18 -19 -20 -21 -22 -23 -24 -25 -26 -27 -28 -29 -30 -31
leaf_value=-0.023483352024775986 -0.035727628475432253 -0.0019750558455772314 0.038148374517742958 0.028504931042128225 -0.036404261075290344 0.011805884064352005 0.0051798291322385373 0.013456571915100199 0.020882790784133166 0.010021830945105621 -0.0056852716547993567 -0.041125257063466029 0.01468335375907466 0.025882985074234179 0.002598819746230318 -0.015294739910924567 0.0038479379795958017 0.0076451547538389682 0.007112680896343206 0.055961983209686685 -0.008887945071664816 -0.0060345551865558077 -0.0038416929773530842 0.059918369478152246 0.012240167483024443 0.0040294723941983772 0.006552703062590268 -0.024429249618957025 0.0020021977200103398 -0.0024654375516038047
leaf_weight=0.92455544896075847 2.9561894578073402 0.16298281911440371 1.56037328171078 2.3836096035374785 2.5191481775254956 1.6108442913391625 0.12069033738225632 1.1931952384766189 0.70157342849415705 0.24342392198741425 0.42264982699998643 3.9953950636045192 1.2219660183036465 1.0347316195257006 0.31208969245199103 0.43923935469501885 0.45634471316589031 0.16060158982872952 0.26179926673648868 2.54877305469563 0.35071263007557707 0.49596842451865075 0.25389856432593649 1.4893726003720074 0.31357707548886526 0.092583747980825026 0.12576961517333973 0.88480242175864987 0.088417093240423017 0.32468390424037341
leaf_count=634 9346 79 181 640 7476 78 4 38 298 12 330 11376 101 88 113 1624 21 2 114 320 78 185 283 56 6 15 1 195 36 404
internal_value=0 0.0108676 0.00379788 -0.000148532 0.0125295 -0.0146663 -0.0120277 -0.0191104 -0.0216018 -0.0306895 0.0340694 -0.0255822 -0.0039946 0.0103119 0.0377976 0.00631574 -0.0327144 -0.0364608 -0.0284091 0.0528859 0.0178279 0.0225339 0.032995 0.0544605 -0.00686511 -0.0328447 -0.0154193 -0.0200646 -0.034908 -0.0392293
internal_weight=0 25.3095 22.5978 20.7835 10.0272 4.57279 10.7563 8.27674 4.34043 3.19961 5.4544 7.08355 2.14652 2.47957 5.03175 1.14081 4.93703 4.48068 2.96195 2.71176 3.23029 2.87958 1.81427 1.80146 1.44484 2.70015 1.13126 1.00549 2.60757 4.32008
internal_count=34134 22854 22455 21991 9121 7719 12870 12576 11280 9358 1402 12538 735 294 1072 1922 11803 11782 7641 399 903 825 464 169 206 7527 200 199 7512 11780
is_linear=0
shrinkage=0.05


Tree=117
num_leaves=31
num_cat=0
split_feature=36 45 2 2 15 34 19 39 14 14 17 36 25 33 0 36 36 2 24 15 38 23 13 24 0 0 19 15 13 12
split_gain=1.62453 1.4498 1.16699 1.43372 1.20665 1.31161 0.894349 0.805375 0.776088 0.497413 0.481054 0.498972 0.709004 0.461309 0.369067 0.338369 0.379588 0.307141 0.304504 0.260646 0.254631 0.22492 0.214146 0.208266 0.206977 0.253312 0.2011 0.217951 0.189915 0.165694
threshold=60.050000000000004 1.0000000180025095e-35 1.59610900237779 0.77880222124258858 80277.500000000015 1.0000000180025095e-35 0.80135995370370383 1.0000000180025095e-35 75627.975000000006 33566.900000000001 7.5000000000000009 531.60000000000014 1.0000000180025095e-35 1.0000000180025095e-35 2799.5800000000004 42.350000000000001 29.850000000000005 0.74625160907173338 2.5000000000000004 13904.000000000002 2.9674897060337968 32.681660879629639 8.5000000000000018 1.5000000000000002 3750.3550000000005 10404.465000000002 2.1615740740740743 1956.5000000000002 29.500000000000004 56364.785000000011
decision_type=2 2 2 2 2 2 2 2 2 2 2 2 2 2 2 2 2 2 2 2 2 2 2 2 2 2 2 2 2 2
left_child=1 2 3 8 9 14 10 -3 13 22 11 12 20 17 -6 16 -10 -1 -8 26 21 -2 -4 29 -16 -26 -11 -28 -12 -5
right_child=6 7 4 23 5 -7 18 -9 15 19 28 -13 -14 -15 24 -17 -18 -19 -20 -21 -22 -23 -24 -25 25 -27 27 -29 -30 -31
leaf_value=-0.021961172949773167 -0.035955475642325242 -0.033135742546127528 0.0096152731667545448 -0.028276179498782757 -0.0035404519431503877 -0.0052563773173146524 -0.036354922259576976 0.015527356763881731 0.0032362601803914851 0.031838539042437053 0.02216191203693952 0.013847911143807221 0.015662753964604797 0.015140954152080062 0.09059810473560001 -0.0011245085928556183 0.0479335416953037 0.011133772625081355 0.0066886250593641968 0.00018787980485878439 0.0061029087576434911 0.0045149115504935847 -0.014397635588763525 0.0062374108303309504 -0.0077050721741464285 0.028524957208883324 0.014081552307146628 -0.011595853737493169 -0.0058975006532142257 0.0028445461403044021
leaf_weight=1.580345686546943 2.0200213709613317 1.7150949236311128 0.69011999265057777 2.4529398526428858 0.076111347530967932 0.60453430097550143 2.4565461626334586 0.54113528130255861 0.78608569951029572 3.0068124388853903 1.3562551804789107 0.83745795537834045 0.5084527410508598 1.3213126126574934 0.59792750940687245 0.60747155923309026 1.3767623199237276 0.27066962576645903 0.150123931467533 1.301364340513828 0.16661858774023119 0.15502268114505557 1.2670156485401092 0.21547099626332045 0.17778130204533205 0.84316221668268554 1.5303379953766123 0.35046506627259066 0.33860905745677872 0.29263027646084072
leaf_count=3680 1930 3083 424 6179 219 225 12617 119 564 216 326 78 24 572 62 213 179 236 7 490 10 105 1340 100 117 78 159 392 89 165
internal_value=0 0.0117548 0.0163033 0.00243833 0.026876 0.0533492 -0.0134413 -0.0202802 0.0159199 0.0143871 -0.000447409 -0.010065 -0.0188631 -0.00176716 0.0684459 0.0312704 0.0378478 -0.014914 -0.0327088 0.0205835 -0.0288035 -0.0325575 -0.00554209 -0.0218068 0.0718899 0.0215252 0.0250598 0.00693254 0.0164478 -0.0250854
internal_weight=0 21.6056 19.3493 8.90369 10.4456 2.29952 7.98911 2.25623 5.94265 8.14612 5.38244 3.68757 2.85012 3.17233 1.69498 2.77032 2.16285 1.85102 2.60667 6.18898 2.34166 2.17504 1.95714 2.96104 1.61887 1.02094 4.88762 1.8808 1.69486 2.74557
internal_count=33998 18812 15610 11888 3722 701 15186 3202 5444 3021 2562 2147 2069 4488 476 956 743 3916 12624 1257 2045 2035 1764 6444 257 195 767 551 415 6344
is_linear=0
shrinkage=0.05


Tree=118
num_leaves=31
num_cat=0
split_feature=36 37 3 38 3 14 45 37 15 36 14 36 15 25 19 14 37 0 13 12 15 17 0 38 19 13 13 3 0 11
split_gain=1.7164 1.89297 1.32231 1.02376 0.819723 0.78758 0.825348 0.594052 0.872824 0.700656 0.451047 0.405675 0.378819 0.3557 0.34368 0.333358 0.320331 0.315245 0.286874 0.269544 0.229206 0.222853 0.216862 0.214036 0.194226 0.189581 0.175398 0.155028 0.169475 0.112933
threshold=57.850000000000001 152.85000000000005 1.3582783326291494 0.017733858832087983 4.641437745208993 13540.130000000003 1.0000000180025095e-35 74.550000000000011 2313.5000000000005 32.650000000000013 42878.290000000008 179.35000000000005 302.50000000000006 1.0000000180025095e-35 21.025092592592596 552762.34500000009 66.250000000000014 2013.9800000000002 16.500000000000004 171661.18500000003 177357.00000000003 9.5000000000000018 106.38000000000001 1.3586501789907837 0.078894675925925931 24.500000000000004 5.5000000000000009 -2.8212351170226846 14507.855000000001 3.5000000000000004
decision_type=2 2 2 2 2 2 2 2 2 2 2 2 2 2 2 2 2 2 2 2 2 2 2 2 2 2 2 2 2 2
left_child=1 3 13 4 15 27 7 9 12 16 -10 21 -9 19 20 -1 -7 -11 -12 -2 25 23 -8 -4 -13 26 -3 -5 -29 -18
right_child=2 14 11 5 -6 6 22 8 10 17 18 24 -14 -15 -16 -17 29 -19 -20 -21 -22 -23 -24 -25 -26 -27 -28 28 -30 -31
leaf_value=-0.032253323873594419 -0.036764149913353805 -0.00094927474199264024 -0.020584152484400875 0.0066198622642460294 0.018689010996982974 -0.010884905604319378 0.0084223412763129429 -0.00057313315068814835 -0.021856162779305226 0.00095218284474164229 0.016795291301411112 0.023376536351229577 0.033041612758427846 0.00763996417462884 0.0026765176241151495 0.0075453928219186327 0.023178358322666664 0.061562045852144198 -0.008876328690858212 0.0051244508999814427 -0.0027198719790969255 0.0098652632530559399 -0.022657548993987597 0.007476302920344598 -0.0059273153044328971 0.0070231743309815825 0.048938603765064238 -0.025439507798411466 0.0053069379566583223 -0.0043431906200163042
leaf_weight=2.2054098619773974 2.9032357239266275 0.1434187609993377 1.307502512521751 0.17673268585349422 0.54857946990523476 0.69613762314838501 0.20190080313477732 1.0398506162746346 1.2993043555397892 0.27412969465513004 1.5486519032856452 2.009650170715759 2.7028555567740113 0.2236688210396095 0.75850803665525734 0.23541541941813182 0.8925562991062177 1.1172274888085665 1.0704513676319036 0.17618050806049712 0.15869965020101506 0.68844051277847018 0.84623908739740727 0.36822988075437013 0.2697719117568339 0.71674496636842366 4.2140689235820901 1.0183084704403871 0.19331083811994165 0.12050963363435585
leaf_count=6960 14173 82 821 40 13 892 25 251 2079 188 639 113 525 100 376 47 268 175 929 45 39 152 1189 125 300 120 582 2793 18 113
internal_value=0 0.0164411 -0.009602 0.0065973 -0.0163237 0.012573 0.0168414 0.0210382 0.0110093 0.0370904 -0.00525101 0.00748053 0.0255506 -0.0297747 0.0382891 -0.0273375 0.00758063 0.0550123 0.00674956 -0.0336989 0.0421935 -0.00612685 -0.0154816 -0.0139284 0.0191585 0.0438147 0.0474259 -0.0155849 -0.0203525 0.0193733
internal_weight=0 22.179 7.94668 16.1876 2.9894 13.1982 11.8098 10.7617 7.66111 3.10056 3.91841 4.64359 3.74271 3.30309 5.99144 2.44083 1.7092 1.39136 2.6191 3.07942 5.23293 2.36417 1.04814 1.67573 2.27942 5.07423 4.35749 1.38835 1.21162 1.01307
internal_count=34172 18343 15829 17144 7020 10124 7273 6059 4423 1636 3647 1511 776 14318 1199 7007 1273 363 1568 14218 823 1098 1214 946 413 784 664 2851 2811 381
is_linear=0
shrinkage=0.05


Tree=119
num_leaves=31
num_cat=0
split_feature=19 21 19 23 19 2 5 21 14 45 30 15 15 21 3 13 32 11 14 21 24 24 0 2 12 15 3 37 21 24
split_gain=1.47286 1.88896 1.69648 1.79222 1.6471 1.06526 1.40657 0.972838 0.805169 0.730664 0.591392 0.581759 0.572796 0.535888 0.516367 0.41871 0.350443 0.308559 0.265651 0.246518 0.243224 0.235199 0.221793 0.215191 0.170539 0.114729 0.113223 0.110277 0.108081 0.0991124
threshold=21.025092592592596 11.027870370370371 11.97892939814815 25.442013888888891 0.027800925925925927 0.24344554179186695 1.0000000180025095e-35 3.8986342592592598 33122.295000000006 1.0000000180025095e-35 6.5000000000000009 98372.000000000015 146785.00000000003 19.843883101851855 3.4357288626039613 49.500000000000007 0.22474747474747478 1.5000000000000002 20514.110000000004 20.097858796296297 1.5000000000000002 2.5000000000000004 1110.7600000000002 19.249882541093541 171661.18500000003 237.50000000000003 -2.1014494415733505 55.050000000000004 23.295972222222225 3.5000000000000004
decision_type=2 2 2 2 2 2 2 2 2 2 2 2 2 2 2 2 2 2 2 2 2 2 2 2 2 2 2 2 2 2
left_child=1 4 8 23 5 -1 7 11 19 16 22 15 -13 -5 20 24 25 -8 -9 -3 -12 -6 -2 26 29 -10 -4 -27 -28 -7
right_child=10 2 3 13 21 6 17 18 9 -11 14 12 -14 -15 -16 -17 -18 -19 -20 -21 -22 -23 -24 -25 -26 27 28 -29 -30 -31
leaf_value=0.035362800455664312 0.017010134789552146 -0.0080090557140100709 0.0013754292503806182 -0.01034893766926998 -0.034525677698672652 -0.038308210134041273 -0.0016590421448626426 -0.0089962365178603999 0.0014080297869488701 -0.0056989807345072876 -0.036898870313127934 0.025201476227081493 -0.018498696985683918 0.038645790519329544 0.010048404760240649 0.00914770532355497 -0.0024779607158312393 0.028697188774562093 0.022309019146183218 0.017818953259305336 0.0044197587648632467 0.0056112977393090787 -0.010673883390638579 0.0070388328916024014 0.0037649683917307317 0.0035629886869033562 -0.030574566442260798 0.061269222170386398 0.002069559627378194 0.0022330191276268454
leaf_weight=1.6028712238621725 0.81177399630541802 0.76788603939348687 0.25305232741084216 0.25869354891619867 2.4621277353217006 3.3372759361736821 0.96792786242440376 0.34509746218100179 0.13717114050814494 0.34671563412848616 2.6043637484690416 0.52664136824023422 0.51040170785563532 1.5570849466676007 0.34509591455571342 0.18582290791528056 0.16790918957849488 2.4416702389717102 1.1614116996643131 1.3893701399865674 0.17466208689438634 0.12439322378486384 0.35299420710362028 0.14975005481392134 0.084166678367182501 0.21512004443502553 2.0973598873461023 3.461231509107165 0.14406106010574138 0.04595831874757994
leaf_count=270 108 812 146 537 7974 4993 13 134 31 129 10853 186 742 314 13 31 29 56 108 167 139 10 206 3 7 85 5301 428 163 3
internal_value=0 0.0105853 0.0251472 0.00060038 -0.0018866 0.00698727 -0.000635045 -0.0142059 0.0396926 0.0504299 -0.0185128 -0.0243143 0.00517081 0.0304692 -0.0277124 -0.0319968 0.0554806 0.0216576 0.0144097 0.00900053 -0.0338196 -0.031569 0.00756516 -0.0226431 -0.0357559 0.0580171 -0.0259293 0.0593766 -0.0284853 -0.0373737
internal_weight=0 24.7412 10.9454 4.46 13.7958 11.2092 9.60637 6.19678 6.4854 4.32815 4.28889 4.69027 1.03704 1.81578 3.12412 3.65322 3.98143 3.4096 1.50651 2.15726 2.77903 2.58652 1.16477 2.64422 3.4674 3.81352 2.49447 3.67635 2.24142 3.38323
internal_count=33991 22672 8145 6464 14527 6543 6273 6204 1681 702 11319 5962 928 851 11005 5034 573 69 242 979 10992 7984 314 5613 5003 544 5610 513 5464 4996
is_linear=0
shrinkage=0.05


Tree=120
num_leaves=31
num_cat=0
split_feature=19 21 19 23 19 36 45 36 34 30 15 17 6 21 0 23 36 2 37 17 16 2 0 2 15 22 37 36 21 10
split_gain=1.57598 2.35366 1.5541 1.39153 1.77024 1.18859 1.18124 1.11088 0.992727 0.665936 0.653531 0.611126 0.548589 0.638457 0.542478 0.476893 0.412303 0.392746 0.286236 0.267013 0.222375 0.202998 0.192062 0.179514 0.16169 0.139229 0.125787 0.124256 0.115175 0.111865
threshold=21.025092592592596 11.027870370370371 0.027800925925925927 19.859947916666673 9.6991261574074095 57.850000000000001 1.0000000180025095e-35 27.850000000000005 1.0000000180025095e-35 6.5000000000000009 17980.500000000004 4.5000000000000009 1.0000000180025095e-35 3.8986342592592598 1212.7500000000002 9.6745891203703724 15.850000000000003 19.249882541093541 666.85000000000014 2.5000000000000004 3.5000000000000004 4.8000462868304981 1121.8150000000003 0.16296717139927988 198726.50000000003 1.0000000180025095e-35 160.25000000000003 29.350000000000005 20.790347222222227 41718.265000000007
decision_type=2 2 2 2 2 2 2 2 2 2 2 2 2 2 2 2 2 2 2 2 2 2 2 2 2 2 2 2 2 2
left_child=1 2 7 4 -3 6 11 8 15 22 12 -5 13 27 26 19 -16 -11 -12 -1 -17 -7 -2 -10 -21 -4 -13 -9 -6 -25
right_child=9 3 25 5 28 21 -8 10 23 17 18 14 -14 -15 16 20 -18 -19 -20 24 -22 -23 -24 29 -26 -27 -28 -29 -30 -31
leaf_value=-0.0052371173543516031 0.018043553045463127 0.028118151450889806 -0.032939861973904305 -0.0065001675829773889 -0.024378605442684383 -0.014956802800559013 -0.012704388462417998 0.002832239677049759 0.0087289476822261791 -0.032812879883391592 -0.031031086713885016 -0.0037538226564417798 0.021401063561290651 0.015876906029005589 -0.00065532905330371503 -0.013465063672058089 0.075733686178769674 0.009413697865069813 0.0075606130897894466 0.042179001700870029 0.013711139826508033 0.011448865033485372 -0.0088143560063241866 -0.021933036891074818 -0.0016750301720228154 0.00067916294074361287 0.020269245800039044 -0.02699955119884009 0.0036651963907131041 0.0048032288882630357
leaf_weight=0.11644232630351892 0.75350078448536739 3.399654378918056 2.256530977079819 0.14690766929561494 1.903540541235998 0.5155252142867538 0.27506745707796643 0.20235604051413325 0.2026613913476466 2.6784991087697567 1.6475447863849693 0.42441362426325191 1.5677283997210905 0.82325245661195356 0.16712743438256472 0.51915705653664168 2.9115236804209417 0.20076620019972313 0.17603222315665323 3.2270909964718162 0.49207614499027841 0.4364917438942939 0.31915044478955679 0.90556136484519789 0.14274559431214573 0.2961350873520131 0.5872522851859685 1.3848141338821731 0.14710813047713589 0.10432276935898699
leaf_count=357 109 605 7810 222 4874 1240 203 27 7 10944 1601 383 44 90 186 982 315 4 16 611 97 41 209 1412 11 146 28 1353 86 7
internal_value=0 0.0129857 -0.000809484 0.0293379 0.00885699 0.045236 0.0541772 0.0075285 0.0215413 -0.0180509 -0.00740231 0.0601157 0.00460335 -0.00939354 0.0633152 0.0310206 0.0724429 -0.0282008 -0.0259475 0.0380122 1.25205e-06 -0.00318707 0.00965523 -0.0117478 0.0403631 -0.0299464 0.0133349 -0.0235715 -0.0218248 -0.0181555
internal_weight=0 24.9791 14.0645 10.9146 5.4503 5.46431 4.51229 11.5118 5.71006 3.95192 5.80173 4.23722 3.97815 2.41042 4.09032 4.49751 3.07865 2.87927 1.82358 3.48628 1.01123 0.952017 1.07265 1.21255 3.36984 2.55267 1.01167 1.58717 2.05065 1.00988
internal_count=34020 22754 14571 8183 5565 2618 1337 6615 3484 11266 3131 1134 1514 1470 912 2058 501 10948 1617 979 1079 1281 318 1426 622 7956 411 1380 4960 1419
is_linear=0
shrinkage=0.05


Tree=121
num_leaves=31
num_cat=0
split_feature=33 21 19 22 23 14 17 3 24 30 10 23 6 14 36 19 17 30 30 19 3 14 10 23 45 30 19 37 24 14
split_gain=1.68528 1.39671 4.07694 1.12375 1.09539 0.909829 0.663676 0.629882 0.500294 0.440177 0.401451 0.37762 0.372789 0.335099 0.333911 0.281927 0.277575 0.466904 0.283594 0.269127 0.168487 0.138676 0.124805 0.122677 0.108108 0.104819 0.0974327 0.0803462 0.0635624 0.0738571
threshold=1.0000000180025095e-35 11.027870370370371 11.97892939814815 1.0000000180025095e-35 37.118038194444452 29174.240000000002 13.500000000000002 0.84396429561378905 1.5000000000000002 11.500000000000002 9040.1100000000024 19.386325231481486 2.5000000000000004 10625.925000000003 176.85000000000005 32.745989583333341 5.5000000000000009 5.5000000000000009 18.500000000000004 33.04210069444445 1.1134569685009248 152800.15000000002 1413.7100000000003 24.099918981481483 1.0000000180025095e-35 16.500000000000004 21.109311342592594 102.05000000000001 1.5000000000000002 300907.25500000006
decision_type=2 2 2 2 2 2 2 2 2 2 2 2 2 2 2 2 2 2 2 2 2 2 2 2 2 2 2 2 2 2
left_child=1 3 5 6 8 14 10 -6 22 -5 12 20 28 -11 -3 16 17 -2 -19 -9 -7 -12 -4 -24 -18 -15 -25 -8 29 -1
right_child=15 2 4 9 7 11 27 19 -10 13 21 -13 -14 25 -16 -17 24 18 -20 -21 -22 -23 23 26 -26 -27 -28 -29 -30 -31
leaf_value=-0.041394353756617222 0.02329136735855368 -0.014175776249234601 -0.037030704525439481 -0.014870339864499855 -0.013152031237953502 -0.0050671004164645657 -0.0052779508609827521 0.045868361546108342 0.0096544544166017321 -0.0099872679193229019 0.01076091400461264 0.066971123065396002 0.0074360478113827694 0.030051734568775676 0.018007472039828051 -0.008835920691009632 0.031369104836069764 -0.020048057732199646 0.0089960118711649214 -0.0048755471148234919 0.022125769544976998 -0.010998476022639314 -0.018199317960506209 0.010613965122404694 0.0012808354943291799 0.00089408684640064444 -0.0078983403939605276 0.015191932825776262 -0.00040517132895654268 -0.0067896540084932972
leaf_weight=4.1213436116231623 1.1818217272812037 0.64109456291771294 2.8162452693504747 0.55036940559512038 0.35665715836512379 0.35819572363834618 0.11590364556468546 0.3026804341643583 0.40412792086135585 0.28074883825320274 0.46910468421992835 1.6267942177291841 0.16809710301458824 1.2680541971931232 0.5995877023160574 0.21149340616830237 5.3749251868503052 0.89858678860036867 0.72508572486549383 0.10784566095389891 0.98548938133899355 0.45992956344707636 0.56204349936888298 0.5052667060517706 0.40485008395626199 0.42945194420462929 0.39425806524377549 0.51348833892552648 0.13109647794772161 0.61578697670483951
leaf_count=11126 95 630 11952 58 1789 413 94 86 209 43 129 103 6 118 120 336 1734 1433 437 307 114 151 761 112 317 55 716 94 198 322
internal_value=0 -0.00305812 0.00973617 -0.0162289 -0.0177882 0.0419309 -0.0260552 0.0206587 -0.0266152 0.00951966 -0.030865 0.0536378 -0.0355742 0.0190198 0.00247279 0.0223894 0.0240002 0.00742966 -0.00859257 0.0385321 0.0158077 -0.000128609 -0.0312216 -0.00953197 0.0297613 0.0257412 0.00261356 0.0104966 -0.0380734 -0.0388636
internal_weight=0 18.7837 9.66029 9.12337 5.44912 4.21116 6.59475 0.767183 4.68194 2.52862 5.96536 2.97048 5.03632 1.97825 1.24068 8.79676 8.58527 2.80549 1.62367 0.410526 1.34369 0.929034 4.27781 1.46157 5.77978 1.69751 0.899525 0.629392 4.86823 4.73713
internal_count=34058 29706 17312 12394 15932 1380 12120 2182 13750 274 11932 630 11652 216 750 4352 4016 1965 1870 393 527 280 13541 1589 2051 173 828 188 11646 11448
is_linear=0
shrinkage=0.05


Tree=122
num_leaves=31
num_cat=0
split_feature=22 23 19 21 23 24 0 12 17 23 23 12 17 19 21 3 2 3 3 38 2 36 36 36 10 20 10 23 0 17
split_gain=1.39907 1.6781 1.82634 2.13758 1.0865 1.03706 0.921868 0.812298 0.672542 0.644224 0.593988 0.564358 0.450639 0.426249 0.354899 0.3432 0.490981 0.331318 0.29388 0.287509 0.242117 0.227111 0.218778 0.212368 0.258199 0.145561 0.138196 0.107717 0.10683 0.099909
threshold=1.0000000180025095e-35 15.024895833333336 18.741325231481486 11.027870370370371 18.378292824074077 1.5000000000000002 1212.7500000000002 16590.510000000006 4.5000000000000009 38.142968750000009 1.0000000180025095e-35 84453.630000000019 2.5000000000000004 2.0870370370370375 33.047112268518525 0.80203339531218354 0.16296717139927988 3.4357288626039613 -2.439985648015996 0.22454207988967162 2.7962566456686622 15.850000000000003 232.45000000000002 57.850000000000001 3786.2950000000005 1.5000000000000002 10103.265000000001 15.099079861111113 49226.510000000002 4.5000000000000009
decision_type=2 2 2 2 2 2 2 2 2 2 2 2 2 2 2 2 2 2 2 2 2 2 2 2 2 2 2 2 2 2
left_child=1 11 3 7 13 6 -6 12 -8 18 15 17 -3 -5 -11 16 -2 -1 -4 -17 25 -10 -12 24 -23 -9 27 -14 -22 -13
right_child=10 2 9 4 5 -7 8 20 21 14 22 29 26 -15 -16 19 -18 -19 -20 -21 28 23 -24 -25 -26 -27 -28 -29 -30 -31
leaf_value=-0.034307627518410766 0.016200751727304133 0.011058906043955423 0.0063630846582773534 0.015521425272984625 -0.0032891589303380032 -0.013058808983747415 0.00076256126843542767 -0.015831849123643393 -0.0024001588142941802 0.021782979484103942 0.038354232386224152 -0.0070404632587659395 0.0027876664038965571 -0.019650122454691776 -0.013449416597293269 -0.0074552014713474965 -0.022611023239142505 4.3429598585704861e-05 -0.031882158756961432 0.023599304460042797 0.023581062542374749 0.078327224494281561 -0.0010253588808708976 0.010002537354024002 0.0072834471000237308 0.0088933465299391203 0.0038036240908588463 -0.033545391351526482 1.440199032384571e-05 0.013534397256333217
leaf_weight=3.8051531254604987 0.45815482526086215 0.30362073511059717 0.23734156266437212 0.82336042679526122 0.5539199179256683 0.29684424582228519 0.46243549117934923 0.4522788809554189 0.050347202901321331 0.70979302885825724 3.0670096564572309 0.1642312924741417 0.062796444741253121 0.63802049330843147 0.3668745195682277 0.50114991961163502 1.0644536034815244 0.81907477136701334 2.8250088332788401 1.5796096226549705 1.2417161181947447 2.1311924476758586 0.33015279611572612 0.50642235912528111 0.36283778138749756 0.18829492010263493 0.080591878446284571 1.995180427766172 0.61376564169768233 0.64835424890043214
leaf_count=12890 17 150 144 46 759 36 201 524 139 232 339 52 29 2047 1495 51 432 54 10349 90 50 215 12 358 32 4 4 3087 21 133
internal_value=0 -0.00194418 0.00686515 0.0173747 0.0355897 0.0460104 0.0520479 -0.00648745 0.0595684 -0.018528 0.0226551 -0.0234062 -0.0229461 -0.00157885 0.00908221 0.00578477 -0.00913983 -0.0292972 -0.0280813 0.0161277 0.0115733 0.0660933 0.0351643 0.0675553 0.0730342 -0.00757317 -0.0297593 -0.0318877 0.0185206 0.00778598
internal_weight=0 20.3395 14.9026 10.7636 5.82538 4.364 4.06716 4.93825 3.51324 4.13902 7.00053 5.43681 2.44219 1.46138 1.07667 3.60337 1.52261 4.62423 3.06235 2.08076 2.49606 3.0508 3.39716 3.00045 2.49403 0.640574 2.13857 2.05798 1.85548 0.812586
internal_count=33992 33051 19922 7702 3833 1740 1704 3869 945 12220 941 13129 3270 2093 1727 590 449 12944 10493 141 599 744 351 605 247 528 3120 3116 71 185
is_linear=0
shrinkage=0.05


Tree=123
num_leaves=31
num_cat=0
split_feature=33 36 36 3 30 19 14 22 0 15 37 14 45 20 38 2 22 38 24 19 38 20 3 13 36 15 24 30 12 37
split_gain=1.36413 1.30091 1.83498 1.40708 1.07245 0.819208 0.873563 0.717853 0.631683 0.703747 0.445578 0.476058 0.395857 0.290177 0.287551 0.280829 0.278469 0.267855 0.19173 0.18207 0.175156 0.136742 0.135784 0.11589 0.113655 0.108193 0.106842 0.0984302 0.0965598 0.0909905
threshold=1.0000000180025095e-35 39.550000000000004 17.550000000000004 1.5319487877656324 11.500000000000002 23.137812500000006 10625.925000000003 1.0000000180025095e-35 11367.750000000002 365.50000000000006 562.85000000000002 33122.295000000006 1.0000000180025095e-35 2.5000000000000004 1.7718230875007053 19.249882541093541 1.0000000180025095e-35 0.12210810793820352 1.5000000000000002 32.745989583333341 2.1517133772149184 1.0000000180025095e-35 4.641437745208993 27.500000000000004 236.25000000000003 614.00000000000011 2.5000000000000004 20.500000000000004 3720.9350000000009 160.25000000000003
decision_type=2 2 2 2 2 2 2 2 2 2 2 2 2 2 2 2 2 2 2 2 2 2 2 2 2 2 2 2 2 2
left_child=1 2 7 18 29 6 -6 22 9 -8 11 26 19 14 17 25 -14 -11 20 21 -3 -2 -1 27 -23 -13 -5 -19 -27 -4
right_child=12 3 4 10 5 -7 8 -9 -10 13 -12 15 16 -15 -16 -17 -18 23 -20 -21 -22 24 -24 -25 -26 28 -28 -29 -30 -31
leaf_value=-0.033192329378830487 -0.0043643716282544829 -0.036478062149467569 -0.018437974322984326 -0.026333644763772597 -0.012641092237992802 -0.013495991632186736 0.0005882789172015542 0.011478310602696142 0.0037824388780073274 -0.0016399262448529009 0.022445077631546129 0.0076639071600136657 -0.018324312307636908 -0.003386926467259313 -0.0035428837682736623 0.019727561895162612 0.012499645151280245 0.066456437680890407 0.0026215531704523211 -0.0057391937796406221 0.0021059002590620764 0.027941238528622087 0.0026775706651879613 0.0074263776977346362 -0.002218274025376746 0.0041880411796720298 0.0037711387611376736 0.00045243028495495024 -0.016569607792368608 0.0028627265163955499
leaf_weight=1.9172913521179022 0.093332278091111109 3.6866737779419041 0.71371563967113594 0.98846199083345732 0.40034893921983883 0.43411808882956382 0.68470750097185362 0.86945881840074424 1.1357427494294823 0.11966530980862566 1.2220445505954556 0.29075265827123087 0.4924572883537629 0.090421090484596678 0.074368829424201865 1.0332329333759844 0.4921836223511491 2.7348906039042058 0.22988097538473073 0.12815762659010932 0.20135828759521235 7.692568032311101 0.13443502306472499 0.37372023728676129 0.17780788779782586 0.3263282427069496 0.080308036413043737 0.071332741492369567 0.83731180008908268 0.3747552450367948
leaf_count=7334 187 15329 1219 678 593 1115 100 208 189 134 78 18 652 263 71 31 53 859 260 273 440 2969 8 141 228 105 7 65 319 79
internal_value=0 -0.000845677 0.010924 -0.0139959 0.023625 0.0311225 0.0360387 -0.0184475 0.041151 0.0486588 0.00462039 -0.00508633 0.0218653 0.0558996 0.0578996 0.00720092 -0.00438189 0.0597863 -0.0322801 0.0251898 -0.0344578 0.0262722 -0.0307348 0.0619372 0.0270866 -0.00611011 -0.0233421 0.0653383 -0.0115032 -0.013245
internal_weight=0 19.0253 10.129 8.89635 7.20779 6.11932 5.6852 2.92119 5.28485 4.14911 4.77844 3.5564 9.07651 3.4644 3.37398 2.48763 0.984641 3.29961 4.11791 8.09187 3.88803 7.96371 2.05173 3.17994 7.87038 1.45439 1.06877 2.80622 1.16364 1.08847
internal_count=34005 29643 12378 17265 4828 3530 2415 7550 1822 1633 1236 1158 4362 1533 1270 473 705 1199 16029 3657 15769 3384 7342 1065 3197 442 685 924 424 1298
is_linear=0
shrinkage=0.05


Tree=124
num_leaves=31
num_cat=0
split_feature=19 21 2 3 24 5 3 21 38 11 15 15 0 15 15 17 32 3 17 24 21 12 14 36 36 30 36 38 30 14
split_gain=1.8151 3.05164 1.39777 1.59115 0.854312 0.444908 0.741934 0.627029 0.526583 0.502206 0.401869 0.464762 0.347399 0.294331 0.274927 0.241822 0.234174 0.20296 0.200821 0.164067 0.157487 0.120768 0.116218 0.115569 0.109549 0.106428 0.0880493 0.0875988 0.0841206 0.0820016
threshold=11.885908564814818 11.712980324074076 0.24344554179186695 0.80203339531218354 1.5000000000000002 1.0000000180025095e-35 0.81556946265381158 5.2896122685185194 1.509959985815122 1.5000000000000002 758.50000000000011 102584.00000000001 869.1350000000001 419.50000000000006 365.50000000000006 4.5000000000000009 0.19139194139194141 2.0821601211680192 21.500000000000004 2.5000000000000004 0.10381365740740742 171661.18500000003 356451.57500000007 30.350000000000005 29.850000000000005 6.5000000000000009 23.950000000000003 0.017733858832087983 4.5000000000000009 193368.03000000006
decision_type=2 2 2 2 2 2 2 2 2 2 2 2 2 2 2 2 2 2 2 2 2 2 2 2 2 2 2 2 2 2
left_child=1 2 20 19 10 6 -5 8 13 -7 14 18 25 -8 -2 -14 27 29 28 22 -1 -15 -4 -13 -16 -3 -10 -17 -12 -9
right_child=4 12 3 5 -6 9 7 17 26 -11 11 23 15 21 24 16 -18 -19 -20 -21 -22 -23 -24 -25 -26 -27 -28 -29 -30 -31
leaf_value=0.035059224316280856 -0.01615072806902829 0.010752643789772746 -0.037028680921883494 0.02762570521322218 0.018160643042625293 -0.010202192830882506 0.0040512382216168685 -0.012438322550483848 0.015138826258682262 0.025926269642122187 -0.0053662361085520241 0.012158040518236471 0.007581604366544566 -0.036114814670451412 -0.0056387228610786048 0.0019862711759682148 -0.00099177109311376563 0.018411058492111301 0.004261252287876288 0.0039966674939683399 -0.0034084163860772908 0.0029392198475028837 -0.00079757295419887906 -0.0090110761331071675 0.015152393558050065 -0.0096587907175340673 -0.005815189830661021 0.052240862977103453 -0.038950299396014694 0.0062440216000269472
leaf_weight=1.461523764373857 0.8344892598834116 0.28582655577338201 2.947956440046255 0.49500982852623376 0.82655100253759872 0.73815456056036088 0.34931133572536133 0.50099406408116898 0.43239277899556317 2.2476785988837946 0.56571200501639474 0.47997373453108583 0.83492867141467275 2.3425125745416158 0.31317070723889606 0.17097176825336724 0.18873647725558829 0.98737102828454226 0.11803387276449928 0.085268720984458812 0.11240752012236033 0.058343492448329815 0.28180376574164245 0.21951924656605115 0.98704574766452424 0.27427227500447771 0.12928396196366521 3.565742330494686 3.2587390148182749 0.19659570931253256
leaf_count=239 865 25 11082 60 272 18 52 807 16 70 298 447 205 1888 137 88 29 104 35 6 253 1 262 1099 280 308 101 472 14387 57
internal_value=0 0.011727 -0.00168621 -0.00834326 -0.0158389 0.00381317 -0.00467163 -0.0119444 -0.0225007 0.0166759 -0.0217878 -0.0288042 0.0403601 -0.0299019 -0.00220896 0.0440209 0.0486585 0.00945687 -0.0342979 -0.0331104 0.0320551 -0.0345806 -0.0348034 0.00412146 0.00987033 0.000973083 0.00968046 0.0508463 -0.0361246 -0.00659658
internal_weight=0 18.6871 13.3666 11.7927 7.60323 8.47765 5.49181 4.9968 3.31184 2.98583 6.77668 4.64198 5.32048 2.75017 2.13471 4.76038 3.92545 1.68496 3.94248 3.31503 1.57393 2.40086 3.22976 0.699493 1.30022 0.560099 0.561677 3.73671 3.82445 0.69759
internal_count=33963 16143 15016 14524 17820 3174 3086 3026 2058 88 17548 16266 1127 1941 1282 794 589 968 14720 11350 492 1889 11344 1546 417 333 117 560 14685 864
is_linear=0
shrinkage=0.05


Tree=125
num_leaves=31
num_cat=0
split_feature=36 37 2 45 15 21 0 37 19 24 19 14 19 0 37 15 32 12 25 14 0 38 2 23 15 17 15 0 15 38
split_gain=1.40987 1.57986 0.997 0.862094 0.79588 0.885705 0.784225 0.655366 0.595369 0.480847 0.468921 0.435314 0.465469 0.40885 0.370492 0.42743 0.334999 0.291765 0.287141 0.221813 0.214328 0.204444 0.176017 0.162721 0.160856 0.1547 0.131106 0.119345 0.126471 0.10135
threshold=57.850000000000001 144.65000000000001 2.2110177072425423 1.0000000180025095e-35 4522.5000000000009 32.548709490740748 17191.650000000005 55.050000000000004 33.04210069444445 2.5000000000000004 0.027800925925925927 7687.4050000000016 23.137812500000006 106.38000000000001 767.50000000000011 49048.000000000007 0.057983193277310933 6334.2650000000012 1.0000000180025095e-35 11109.660000000002 49226.510000000002 0.26265131177875833 0.12813749444333472 20.002528935185186 1877.5000000000002 8.5000000000000018 3148.5000000000005 1145.075 184309.50000000003 0.24896283901460872
decision_type=2 2 2 2 2 2 2 2 2 2 2 2 2 2 2 2 2 2 2 2 2 2 2 2 2 2 2 2 2 2
left_child=1 3 18 4 7 6 9 -1 29 22 19 -3 17 -5 15 21 25 24 -2 -9 23 -4 -6 -8 -13 -12 -23 -26 -29 -7
right_child=2 11 14 13 5 8 20 10 -10 -11 16 12 -14 -15 -16 -17 -18 -19 -20 -21 -22 26 -24 -25 27 -27 -28 28 -30 -31
leaf_value=-0.01293948072472371 -0.033669019436079063 -0.0068914722359801261 -0.010771637981894252 0.010615491238866905 0.0048369880326424404 -0.0017688060743659873 0.022465262333133659 -0.0033625721021722579 -0.01039681745872113 0.012117249763361265 -0.014519697649589942 0.0063432392891904187 -0.0052822910400930961 -0.030188326336059487 0.021823291921130153 -0.023376858004998873 0.022500046768406497 0.014020299140626219 0.0062674323606510028 0.043145881073188085 -0.0083381045492631374 -0.0034860072460303165 -0.030253451093425872 -0.0036470797008666882 0.0039482694995052756 0.0061780620856478931 0.017134968565577852 0.057922428528621617 0.0032064840524877861 0.047869540626467914
leaf_weight=0.61251304573670839 2.3846979019835994 0.30677054640545875 0.51846889959415499 0.26761117228306908 0.11588491646398402 0.036528863129205891 1.2815704126769563 0.12920174538157914 0.26082716205564793 0.31293024495244015 0.78901736682746582 0.51305129534739569 0.37821332384919504 1.3517228369018992 1.0282448887301141 0.82205275224259811 1.0919145323859991 1.9563085223344385 0.19554876026813861 2.1969512054565712 0.52782473708793975 0.67151111360726679 3.1187501221429557 0.4730828140163793 0.28385346617142238 0.9980368407923379 1.6892879553997771 2.4153943103592614 0.23474935628473748 0.37289811922528315
leaf_count=1452 13794 199 222 37 14 114 174 123 1064 22 1002 110 387 2877 66 671 110 373 97 207 42 220 8981 119 196 407 621 250 13 109
internal_value=0 0.014811 -0.00973545 0.00467246 0.00956095 -0.00258354 -0.0102716 0.0215191 0.0304014 -0.0227154 0.0270058 0.0340865 0.0369563 -0.0219668 0.00446224 -0.00397682 0.00861986 0.0402761 -0.0297372 0.0403283 0.0100974 0.00616033 -0.0281509 0.0166568 0.0486736 -0.00489118 0.0119775 0.0525817 0.055282 0.0453281
internal_weight=0 20.0256 7.30981 13.9373 12.3179 6.5003 5.83004 5.81763 0.670254 3.54757 5.20512 6.08834 5.78157 1.61933 4.72957 3.70132 2.87897 5.40336 2.58025 2.32615 2.28248 2.87927 3.23464 1.75465 3.44705 1.78705 2.3608 2.934 2.65014 0.409427
internal_count=34073 18382 15691 16854 13940 10639 9352 3301 1287 9017 1849 1528 1329 2914 1800 1734 1519 942 13891 330 335 1063 8995 293 569 1409 841 459 263 223
is_linear=0
shrinkage=0.05


Tree=126
num_leaves=31
num_cat=0
split_feature=36 15 0 15 34 37 25 33 37 14 45 37 12 19 23 38 0 14 15 0 3 30 3 34 3 12 14 30 0 17
split_gain=1.38448 1.24944 0.995433 0.93371 0.878367 0.845146 0.799921 0.613675 0.60762 0.53792 0.499165 0.465279 0.46547 0.420339 0.545243 0.393494 0.347697 0.29835 0.282282 0.248955 0.230276 0.203129 0.304931 0.199355 0.195965 0.175747 0.129079 0.128658 0.115827 0.111344
threshold=57.850000000000001 96571.500000000015 2676.8050000000007 4522.5000000000009 1.0000000180025095e-35 767.50000000000011 1.0000000180025095e-35 1.0000000180025095e-35 55.050000000000004 433389.30000000016 1.0000000180025095e-35 178.95000000000002 53067.835000000014 0.027800925925925927 24.099918981481483 2.9674897060337968 3750.3550000000005 11109.660000000002 237.50000000000003 106.38000000000001 2.1834855719553268 4.5000000000000009 2.1834855719553268 1.0000000180025095e-35 -2.3083771779771443 171661.18500000003 23635.545000000002 20.500000000000004 311.35000000000008 14.500000000000002
decision_type=2 2 2 2 2 2 2 2 2 2 2 2 2 2 2 2 2 2 2 2 2 2 2 2 2 2 2 2 2 2
left_child=1 3 24 8 16 6 9 11 -1 15 13 12 27 17 20 25 -4 -10 -16 -12 -15 -9 28 -19 -3 29 -20 -5 -23 -2
right_child=5 2 4 7 -6 -7 -8 21 10 -11 19 -13 -14 14 18 -17 -18 23 26 -21 -22 22 -24 -25 -26 -27 -28 -29 -30 -31
leaf_value=-0.013713945167368184 -0.036367156814050124 0.011578999079857343 0.07836378011306766 -0.030925215527659557 -0.0068716379266066194 0.01874184935918077 0.016598705365593051 0.019733351070424274 -0.0045163242147326322 0.010152463644845263 0.011543019856527153 0.011420952074744462 0.007267029320443436 -0.016464520001595304 -0.0068141308174401701 0.0082462886320478022 0.0075397015466557877 0.04485017575496543 -0.0038031484314227735 -0.01887573399886136 0.010625996410446856 0.005359701801798393 0.012588550406985977 0.003010568427235199 -0.015462202520996128 0.0039709058555551444 0.030066576995154755 0.00061145454822658261 -0.019645135276139054 0.00087573549601274118
leaf_weight=0.7463964499038499 4.2428006234840714 0.30143093180959124 0.77722579766123068 2.9288319770639646 0.27553845900547447 0.98521481984062109 0.6352905823077889 1.2748333360359541 0.19895497138350071 0.45822946512635088 0.31368040337110858 0.66303359126322892 0.71657795772625821 1.2960424747507207 0.30827818615944158 0.23850395901536092 0.45073997286090162 2.4301472923471015 0.081804406974697819 0.56316824799432652 0.37339714694826387 0.14620702606043767 1.0171418118407016 0.47548330487916235 0.44695590245100836 0.10245885404583521 1.9391886530429472 0.31070213810744451 0.82868205331760691 0.16047787731804408
leaf_count=1815 14746 38 132 9031 151 189 129 81 143 286 59 273 335 1025 138 53 295 238 189 411 35 56 57 65 1373 24 401 542 1511 228
internal_value=0 0.0126921 0.0412497 0.00669872 0.0564981 -0.0122592 -0.0194669 -0.0054838 0.0171398 -0.0258371 0.0212313 -0.0158798 -0.0218365 0.0252987 0.0104292 -0.0304755 0.0674195 0.0372437 0.0226303 -0.00764159 -0.00869453 0.00949212 -0.00146673 0.0405273 -0.00417748 -0.0336507 0.0278905 -0.0284698 -0.01508 -0.035099
internal_weight=0 18.8644 2.25189 16.6126 1.5035 6.82298 5.83776 7.88601 8.72654 5.20247 7.98015 4.61915 3.95611 7.1033 3.99871 4.74424 1.22797 3.10459 2.32927 0.876849 1.66944 3.26686 1.99203 2.90563 0.748387 4.50574 2.02099 3.23953 0.974889 4.40328
internal_count=34049 18394 1989 16405 578 15655 15466 11886 4519 15337 2704 10181 9908 2234 1788 15051 427 446 728 470 1060 1705 1624 303 1411 14998 590 9573 1567 14974
is_linear=0
shrinkage=0.05


Tree=127
num_leaves=31
num_cat=0
split_feature=36 37 37 22 14 14 13 16 6 36 24 18 14 15 30 19 19 2 21 37 21 2 2 0 0 2 23 0 19 36
split_gain=1.7375 1.20157 0.736647 0.697107 0.65265 1.33588 0.932107 0.729164 0.632996 0.555747 0.404378 0.359664 0.356481 0.31413 0.285796 0.268241 0.254415 0.249973 0.248755 0.270051 0.20421 0.184559 0.177133 0.158969 0.182846 0.150985 0.142727 0.133526 0.112878 0.112769
threshold=57.350000000000001 144.65000000000001 994.05000000000007 1.0000000180025095e-35 13540.130000000003 20968.665000000001 12.500000000000002 3.5000000000000004 1.5000000000000002 29.850000000000005 1.5000000000000002 1.0000000180025095e-35 4126.3200000000006 54531.500000000007 21.500000000000004 23.137812500000006 18.741325231481486 0.04121792379235583 8.424039351851853 103.95000000000002 15.161574074074077 0.7733939822736432 0.32566746224595483 4525.8100000000004 1156.6200000000001 0.12813749444333472 7.885422453703705 14507.855000000001 29.547667824074079 50.550000000000004
decision_type=2 2 2 2 2 2 2 2 2 2 2 2 2 2 2 2 2 2 2 2 2 2 2 2 2 2 2 2 2 2
left_child=1 4 3 8 25 6 16 9 14 10 17 20 -3 -5 -2 21 26 -7 29 28 -9 22 -14 24 -23 -1 -6 -27 -20 -11
right_child=2 12 -4 13 5 7 -8 11 -10 18 -12 -13 15 -15 -16 -17 -18 -19 19 -21 -22 23 -24 -25 -26 27 -28 -29 -30 -31
leaf_value=0.0057869743394482736 -0.036926420705141259 -0.0079635759864893126 0.01840782498911812 0.016011952080233451 0.00080854265750311129 0.0069257844416437371 -0.0073263871927672268 -0.013943101317706831 0.011920391725667558 -0.016418298163132644 0.010164402926379615 0.03111788397160788 0.018191947413147284 -0.014252472272039594 0.0027768834342508648 0.00023227696832628063 -0.0033772227404354691 -0.029617758838939481 0.020732156348126213 -0.0089877064189042236 0.0099907385807868933 -0.00095435318184008662 -0.0069733932717052404 0.014316042393238169 0.054405771939394956 -0.026702634117804453 0.060263481521070132 0.0035667954978455159 -0.0049363111204107869 0.0055775244990866855
leaf_weight=0.14828613671125523 3.6999629756028289 0.17353084112983097 0.75123698572133424 1.251351553641143 0.134798920040338 0.15604379633441468 0.55666274327086274 0.49004895042889995 0.3857098657026653 0.70773792100226307 0.38432103968807485 1.2956664451994584 0.80269949328794588 0.45293898790259834 0.35379277783067653 0.53486605854413927 0.072406540442898293 2.6708641204968444 2.070233454585833 0.57396875834092487 1.219802309075021 0.12114602403016839 0.46430464439617936 1.4295482005254596 1.9807955487922297 1.1308775952311405 1.134346181337605 0.18123106213170093 0.10927078645181598 0.28578781772375805
leaf_count=32 14886 68 96 194 289 10 1531 690 49 559 88 179 127 103 493 403 427 5001 784 697 858 133 255 189 277 4582 461 28 308 140
internal_value=0 0.0144891 -0.013388 -0.0193084 0.00543407 0.00963076 0.039512 0.000853379 -0.0281784 -0.00797685 -0.0205749 0.0181844 0.0321933 0.00567267 -0.0335975 0.034551 0.0537758 -0.0263179 0.00487968 0.0117306 0.00051721 0.0376766 0.0099618 0.0432273 0.051936 -0.0187131 0.0570879 -0.0227874 0.0182975 -0.0104672
internal_weight=0 18.8292 6.89499 6.14376 13.3224 11.862 1.89821 9.96375 4.43947 6.95823 3.21123 3.00552 5.50689 1.70429 4.05376 5.33336 1.34155 2.82691 3.747 2.75347 1.70985 4.79849 1.267 3.53149 2.10194 1.46039 1.26915 1.31211 2.1795 0.993526
internal_count=33937 18116 15821 15725 16664 12022 2708 9314 15428 7587 5099 1727 1452 297 15379 1384 1177 5011 2488 1789 1548 981 382 599 410 4642 750 4610 1092 699
is_linear=0
shrinkage=0.05


Tree=128
num_leaves=31
num_cat=0
split_feature=22 23 14 37 1 2 23 36 36 1 16 3 10 14 3 38 32 35 33 36 37 10 21 17 38 6 17 37 1 21
split_gain=1.47077 1.26255 0.940304 0.890724 0.730879 0.687489 0.666858 0.558786 0.839022 0.599171 0.529394 0.43343 0.418187 0.401139 0.390772 0.376306 0.340016 0.321943 0.320849 0.248028 0.202988 0.190262 0.181683 0.175789 0.116195 0.10584 0.103861 0.102816 0.0976382 0.0880614
threshold=1.0000000180025095e-35 27.7352025462963 121778.14 502.35000000000008 7.4691380760658852 19.249882541093541 1.0000000180025095e-35 15.850000000000003 39.550000000000004 9.0730646936597417 2.5000000000000004 4.641437745208993 8795.9550000000017 73996.270000000019 0.18248672038546535 0.9604998570784532 0.12250000000000001 1.0000000180025095e-35 1.0000000180025095e-35 23.450000000000003 153.65000000000001 1632.6200000000001 16.944832175925928 12.500000000000002 1.4326951057975696 1.5000000000000002 9.5000000000000018 49.45000000000001 10.804207870327309 20.385457175925932
decision_type=2 2 2 2 2 2 2 2 2 2 2 2 2 2 2 2 2 2 2 2 2 2 2 2 2 2 2 2 2 2
left_child=1 2 3 5 13 12 18 25 9 15 -4 23 16 -3 -12 22 17 -1 19 20 -2 -18 -9 -10 28 -6 -24 -21 -16 -15
right_child=6 4 10 -5 7 -7 -8 8 11 -11 14 -13 -14 29 24 -17 21 -19 -20 27 -22 -23 26 -25 -26 -27 -28 -29 -30 -31
leaf_value=-0.038779249848841554 -0.0082423606685726788 -0.021622116619053777 -0.014086141534353558 0.016614016502969075 -0.015882217856913766 0.0061858958260636197 0.037733036960925059 -0.0022397025994220763 -0.018336976604261264 -0.0054539109456831769 -0.010178170596337268 0.021504780117667419 0.0074303628630743683 -0.0053010710424142979 0.030586136882337751 -0.0034676448500528139 -0.013133202746217305 0.0065251080504147262 0.019434593334218365 0.0051202417381403971 0.019295069221619398 0.01352725461680232 0.064885709298893535 0.0070170217537483598 -0.0019509065921323602 0.0059751019863514962 0.0042483354481369527 -0.019220891191221653 -0.0012208973560028612 0.016437127106728493
leaf_weight=5.6260559040201823 0.43798462155973483 1.202005477491183 1.0628371137754578 0.76614367857473542 0.45454224956483802 1.1391947550000621 2.8849395792931318 0.046642372733913251 1.0118068039228094 0.29993495440430695 0.42094791047566138 0.76142442901618768 0.32677919168781944 0.11304308655962803 1.732369320059661 0.1494658690644427 0.35163824970368285 0.13646000251173962 1.1945324575935958 0.099952585995197185 0.5187739118700847 0.32546383125736611 1.2156083043373653 0.3935127923687104 0.22077749205345742 0.23461131827207282 0.22555277996434586 1.1613224376487776 0.18275567798991676 0.57611726087634452
leaf_count=18508 165 5549 1579 360 1084 32 345 62 2558 164 635 24 161 61 427 212 752 2 89 1 12 88 280 212 47 12 79 326 14 179
internal_value=0 -0.00288918 -0.0120904 -0.0203609 0.0134021 -0.0254074 0.0234028 0.0225424 0.028667 0.0461487 0.00784185 0.00339999 -0.0308381 -0.00954822 0.0183545 0.0540854 -0.0335178 -0.0369002 0.00548248 -0.00573582 0.00891907 0.000106462 0.058937 -0.0112717 0.0254303 -0.00930906 0.0610234 -0.0158807 0.0281733 0.0118441
internal_weight=0 18.9757 12.2914 8.67174 6.68427 7.90559 6.29751 4.7931 4.10395 1.9372 3.61969 2.16674 6.7664 1.89117 2.55685 1.63727 6.43962 5.76252 3.41257 2.21803 0.956759 0.677102 1.4878 1.40532 2.1359 0.689154 1.44116 1.26128 1.91512 0.68916
internal_count=34019 33081 22605 19903 10476 19543 938 4687 3591 797 2702 2794 19511 5789 1123 633 19350 18510 593 504 177 840 421 2770 488 1096 359 327 441 240
is_linear=0
shrinkage=0.05


Tree=129
num_leaves=31
num_cat=0
split_feature=17 13 17 18 34 15 21 2 37 19 22 1 6 38 19 14 1 15 3 1 37 37 24 3 14 2 19 45 20 3
split_gain=1.06446 2.09196 1.34903 1.22389 0.661516 0.60835 0.573228 0.693998 0.5375 0.500456 0.475384 0.409726 0.337382 0.279902 0.267092 0.258383 0.253897 0.193742 0.17647 0.15755 0.148826 0.147951 0.145401 0.143881 0.133425 0.132484 0.130701 0.127315 0.113187 0.0919458
threshold=5.5000000000000009 12.500000000000002 9.5000000000000018 1.0000000180025095e-35 1.0000000180025095e-35 829.50000000000011 5.2896122685185194 19.249882541093541 92.350000000000009 19.450028935185191 1.0000000180025095e-35 7.9524110809646551 1.5000000000000002 1.293574066571888 33.04210069444445 10793.245000000001 7.937581817256949 65180.500000000007 -3.2337409725332322 7.4691380760658852 994.05000000000007 994.05000000000007 2.5000000000000004 -2.3083771779771443 32314.66 3.2051050221021935 13.223767361111113 1.0000000180025095e-35 2.5000000000000004 -2.1014494415733505
decision_type=2 2 2 2 2 2 2 2 2 2 2 2 2 2 2 2 2 2 2 2 2 2 2 2 2 2 2 2 2 2
left_child=3 4 5 21 9 26 7 11 25 13 12 16 20 15 17 -2 18 24 -5 -8 -7 22 -1 -6 -10 29 -3 -26 -17 -4
right_child=1 2 8 6 23 10 19 -9 14 -11 -12 -13 -14 -15 -16 28 -18 -19 -20 -21 -22 -23 -24 -25 27 -27 -28 -29 -30 -31
leaf_value=-0.03533004231137396 -0.00069479428882900009 0.013018055071324469 0.0051881200824567125 0.0089891350641975922 0.013479582385895967 -0.033061701899448209 -0.0050363180161189175 0.019499950065477709 -0.0001227284344788772 -0.0027625851287134667 0.0053802755698348385 -0.03126125190056369 0.0076152817888664711 0.00047877605406909229 -0.0076137691769396542 0.065130407507796542 0.019579744944989236 -0.0053191016951502816 -0.017799527800286742 0.022825113982612957 0.0027766904379466699 0.003640731440044149 0.0035469966740892776 -0.0088153739445619595 0.033050587903217889 0.0065330997318719386 -0.0065710806686277365 -0.0017058463965624914 0.00019501825051440974 -0.016671949011984329
leaf_weight=2.3274652006948626 0.1419671995317956 1.6700567552470587 0.13549809558753623 0.22604646593390532 0.34349468379514292 3.290388433029876 0.2250300137093294 0.77322852227371175 0.34832970358911541 0.29299793067548296 1.0556300588650627 1.3795428277298922 0.24785101664019737 0.22336919173540071 0.17755629752718949 1.9978158951671505 0.25195590744988294 0.13232144397989021 0.63146698616401442 2.3177721639658557 0.15264896396547545 0.092740431282436364 0.074422555975615867 0.59583806419686869 3.937714609408431 0.91461966434144415 0.52474722893748538 0.1777912037578061 0.074801432401727541 0.77359482752581221
leaf_count=11647 281 490 42 16 30 10381 116 22 496 1004 197 722 33 152 601 677 12 259 1958 139 31 22 4 891 1327 88 512 328 159 1422
internal_value=0 0.0130286 0.00285559 -0.00790632 0.0419077 -0.0117543 0.00532605 -0.00781628 0.0177509 0.0513753 -0.0205489 -0.019459 -0.0275309 0.0567928 0.0252924 0.0605569 0.00307885 0.027697 -0.0097002 0.0196339 -0.0312055 -0.0314111 -0.0334369 0.00208414 0.0294701 -0.00395571 0.00774373 0.0315091 0.0636131 -0.0124028
internal_weight=0 17.209 13.5387 8.29967 3.67028 6.94132 5.80504 3.26224 6.59743 2.73095 4.74652 2.48901 3.69089 2.43795 4.77371 2.21458 1.10947 4.59616 0.857513 2.5428 3.44304 2.49463 2.40189 0.939333 4.46384 1.82371 2.1948 4.11551 2.07262 0.909093
internal_count=34059 19401 16207 14658 3194 11644 2985 2730 4563 2273 10642 2708 10445 1269 3011 1117 1986 2410 1974 255 10412 11673 11651 921 2151 1552 1002 1655 836 1464
is_linear=0
shrinkage=0.05


Tree=130
num_leaves=31
num_cat=0
split_feature=33 19 21 2 10 0 2 4 12 0 17 6 23 2 19 37 24 36 30 30 30 36 37 10 17 12 17 16 45 24
split_gain=1.02926 1.01523 2.89571 0.920548 0.695012 0.675413 0.46667 0.411885 0.390123 0.379805 0.347109 0.327898 0.285293 0.213151 0.206787 0.17053 0.157685 0.147334 0.130627 0.327924 0.113903 0.113052 0.102562 0.0946759 0.0855774 0.0802564 0.0660372 0.0624231 0.0521759 0.051545
threshold=1.0000000180025095e-35 11.885908564814818 11.027870370370371 0.24344554179186695 3446.6450000000004 1212.7500000000002 1.624304152304858 1.0000000180025095e-35 7349.7500000000009 2841.4200000000005 4.5000000000000009 1.0000000180025095e-35 23.394195601851855 0.12813749444333472 32.745989583333341 101.35000000000001 1.5000000000000002 30.350000000000005 10.500000000000002 16.500000000000004 11.500000000000002 236.25000000000003 58.150000000000013 21695.500000000004 2.5000000000000004 32335.500000000004 9.5000000000000018 9.5000000000000018 1.0000000180025095e-35 1.5000000000000002
decision_type=2 2 2 2 2 2 2 2 2 2 2 2 2 2 2 2 2 2 2 2 2 2 2 2 2 2 2 2 2 2
left_child=1 2 3 20 7 -4 -5 13 -6 15 -7 16 25 -3 18 -8 23 -17 21 -20 -1 24 -12 -11 -2 -13 -9 -10 -26 -15
right_child=14 4 5 6 8 10 9 26 27 11 22 12 -14 29 -16 17 -18 -19 19 -21 -22 -23 -24 -25 28 -27 -28 -29 -30 -31
leaf_value=-0.0038910279866153186 -0.0021742680393570884 0.0041897753309631126 -0.0084622576648243544 -0.031749890664702539 0.024739350606030781 -0.0026729907990036329 -0.0077267007428757153 -0.0055748672231463892 -0.014594983286245195 -0.026723964031877476 0.0017803687350222846 -0.015510872886091745 0.017803510889116764 -0.035934052882709885 -0.0076034174583220248 0.025818845211362202 0.0055612535980017388 -0.0041048740715098368 -0.010567926484592538 0.017114440681840336 0.027239590060391328 -0.0033905795914708965 0.052707363545260656 0.00040545335469094096 0.031020055951123268 0.003502541934571841 0.012029465357030599 0.0043207467029843976 0.0017593768538089753 -0.00063360653408180438
leaf_weight=0.082766417435783057 0.084206394527427508 0.16318777446576849 0.32143198993799105 2.0452196138649015 0.56638049080720498 0.22616944696346797 0.18001293875568058 0.14682635813369405 0.58320887581066927 2.0004857364619975 0.17540332174394313 0.62439081855700329 0.71794144895102352 3.0150693184514243 0.17727886709690199 0.62852932327950839 0.14328089102491492 0.22744754235827713 0.78303344009691533 2.3159031931754726 0.77041578571879654 0.082155294981930527 2.4766803881793749 0.32707397900230706 3.4984066413162513 0.37871224474656628 0.31278121424838901 0.093186534009873867 0.28697361308149982 0.14341644818341581
leaf_count=85 57 45 521 9181 123 193 555 54 837 1453 90 19 24 14806 351 50 18 598 1511 1457 281 61 449 22 801 31 7 5 148 212
internal_value=0 -0.00157552 0.00673594 -0.00962633 -0.0183203 0.0406886 -0.015939 -0.0273421 0.00908147 -0.00564871 0.0469443 -0.0121478 0.00375542 -0.0324246 0.0200213 0.0136988 -0.0211156 0.01994 0.021574 0.00924797 0.0237496 0.0274204 0.0507489 -0.0239355 0.0286365 -0.0101676 0.00643916 -0.0109661 0.029633 -0.034869
internal_weight=0 16.35 11.326 8.12628 5.02406 3.19969 7.27309 3.78128 1.24278 5.22787 2.87825 4.19189 1.72104 3.32167 7.22796 1.03599 2.47084 0.855977 7.05068 3.09894 0.853182 3.95174 2.65208 2.32756 3.86959 1.0031 0.459608 0.676395 3.78538 3.15849
internal_count=34045 29659 13570 12317 16089 1253 11951 15124 965 2770 732 1567 74 15063 4386 1203 1493 648 4035 2968 366 1067 539 1475 1006 50 61 842 949 15018
is_linear=0
shrinkage=0.05


Tree=131
num_leaves=31
num_cat=0
split_feature=45 36 36 18 2 20 21 1 36 14 13 12 36 1 23 38 15 15 36 21 30 16 1 3 38 17 16 2 12 6
split_gain=0.890756 0.983261 0.799242 0.898461 0.679609 0.666358 0.689383 0.477918 0.459086 0.450179 0.569536 0.448514 0.446662 0.401475 0.367557 0.305963 0.291227 0.23303 0.248428 0.206975 0.238285 0.208519 0.188493 0.185349 0.180354 0.169481 0.190723 0.164391 0.159065 0.15435
threshold=1.0000000180025095e-35 59.45000000000001 17.550000000000004 1.0000000180025095e-35 2.7338532495338232 2.5000000000000004 -1.0000000180025095e-35 4.6763643659302874 23.450000000000003 13540.130000000003 14.500000000000002 44951.905000000006 387.55000000000007 8.247771377767025 15.024895833333336 2.9674897060337968 165.50000000000003 43635.000000000007 682.20000000000016 5.5592071759259269 14.500000000000002 2.5000000000000004 8.7088402904400919 0.80203339531218354 1.4173276697267736 4.5000000000000009 1.5000000000000002 3.973382124839397 171661.18500000003 1.0000000180025095e-35
decision_type=2 2 2 2 2 2 2 2 2 2 2 2 2 2 2 2 2 2 2 2 2 2 2 2 2 2 2 2 2 2
left_child=1 2 3 -1 15 6 8 -2 23 27 13 -10 -9 16 -12 28 -11 29 -19 -16 21 -21 -22 -4 -18 -5 -27 -8 -3 -6
right_child=7 4 5 25 17 -7 9 12 11 10 14 -13 -14 -15 19 -17 24 18 -20 20 22 -23 -24 -25 -26 26 -28 -29 -30 -31
leaf_value=-0.024464192733987089 0.014254928392923595 -0.029831190377419787 -0.0067441688289249114 -0.0056480641522098944 0.001073012202907534 -0.0092449614471369259 -0.013894898917719856 -0.030979252621560656 -0.025743472056697216 -0.0034972866906350822 -0.0064213221451571018 0.012237591508107605 0.0093000146685066135 0.010583681521708556 -0.0066830516941323624 0.0090118674258658112 0.064145540858576863 -0.01745652339500051 0.012320547605092541 0.0042179389670386237 -0.0089038363878615797 0.038890124780474628 0.014752825729981109 0.02483743188792896 0.0030941670190550909 -0.0040899976796159804 0.025830565453188455 0.010821184327834554 0.0041860228729187158 0.0244856367104145
leaf_weight=1.5021489597202262 0.40797960985219051 1.9677296548070442 0.14734267596941852 0.33568053326598635 1.2496995608307777 0.97882029187894737 0.38234106481103403 1.8499408188363307 0.97042914301709948 0.074915030025293983 0.82289963731454907 0.52345307722862344 0.40349667015470903 1.0964420944292212 0.1507780214305966 0.21758961299201462 2.1710055929506784 0.72664122840797041 0.2893475113378372 0.82204326717692344 0.66882141101814319 1.9425154839263994 0.82598392126237741 0.8796877621934982 0.23486028286788485 0.36992164975526964 1.4191119808237997 0.34024232061346993 0.13398096051241726 0.95685253245756019
leaf_count=6241 74 11917 111 425 463 1493 1562 5507 702 53 795 40 139 533 90 43 930 357 11 500 736 469 156 30 137 126 316 27 39 48
internal_value=0 0.0118836 0.0176933 -0.0025661 -0.00561589 0.0231124 0.0262469 -0.0150668 0.00195019 0.0318769 0.0347044 -0.0128644 -0.0231252 0.0492997 0.0184185 -0.0219357 0.0584545 0.00854297 -0.00707131 0.0233836 0.0255163 0.0324394 0.00484186 0.0192147 0.0608441 0.0157903 0.0203956 -0.00273106 -0.0270122 0.0156956
internal_weight=0 22.2013 16.6594 3.62686 5.54184 13.0326 12.0538 2.66142 2.52091 9.53285 8.81026 1.49388 2.25344 3.57722 5.23304 2.3193 2.48078 3.22254 1.01599 4.41014 4.25936 2.76456 1.49481 1.02703 2.40587 2.12471 1.78903 0.722583 2.10171 2.20655
internal_count=34070 28350 15472 7108 12878 8364 6871 5720 883 5988 4399 742 5646 1653 2746 11999 1120 879 368 1951 1861 969 892 141 1067 867 442 1589 11956 511
is_linear=0
shrinkage=0.05


Tree=132
num_leaves=31
num_cat=0
split_feature=19 21 19 33 30 24 3 5 21 15 36 13 3 3 15 21 17 30 17 24 14 19 37 37 13 36 15 15 3 3
split_gain=1.40072 1.10055 1.38617 0.781829 0.770496 0.589219 0.57647 1.03141 1.31295 0.455 0.305605 0.301382 0.267313 0.204592 0.258341 0.193336 0.18979 0.16935 0.168943 0.161682 0.153918 0.142518 0.135855 0.124645 0.0997996 0.0974608 0.0936213 0.0852066 0.0780217 0.0676514
threshold=13.743252314814816 11.027870370370371 0.027800925925925927 1.0000000180025095e-35 12.500000000000002 1.5000000000000002 -1.6560845097794652 1.0000000180025095e-35 4.5479340277777789 98372.000000000015 23.450000000000003 49.500000000000007 3.4357288626039613 1.5319487877656324 365.50000000000006 21.362291666666668 4.5000000000000009 21.500000000000004 5.5000000000000009 3.5000000000000004 13540.130000000003 32.745989583333341 55.050000000000004 153.65000000000001 34.500000000000007 27.850000000000005 165.50000000000003 237.50000000000003 4.641437745208993 -3.2337409725332322
decision_type=2 2 2 2 2 2 2 2 2 2 2 2 2 2 2 2 2 2 2 2 2 2 2 2 2 2 2 2 2 2
left_child=1 2 6 5 22 12 25 8 9 11 23 27 29 14 26 -5 -9 -15 -17 28 -10 -20 -3 -11 -24 -1 -6 -8 -4 -2
right_child=3 4 19 15 13 -7 7 16 20 10 -12 -13 -14 17 -16 18 -18 -19 21 -21 -22 -23 24 -25 -26 -27 -28 -29 -30 -31
leaf_value=0.033115685510463393 0.0012485789410923932 -0.0011284086249981704 -0.032393879156187771 -0.0090796829415399887 -0.0055602151205440022 0.0111048066071231 -0.0014554983965152715 0.0018852884815776299 -0.0048778052922229202 -0.0049505516526470901 -0.014160666195173675 0.0070004617070351417 0.0039367932940359241 0.020093272638767128 -0.016202819718501436 -0.0072318715789714653 0.031107286772999634 -0.0060678438374784979 0.024011389402469871 0.0045182497536440753 0.02537641766753055 -0.0053888993177548528 0.045686380072438325 0.024109420657128001 -0.0011727443089939789 -0.0021813082762332583 0.016691426058546805 -0.035183546307504608 0.0020750693001641289 -0.035914436021472429
leaf_weight=1.4184577638152394 0.058368302154122254 0.11994425546436049 1.8666280805264244 0.44488434283994127 0.1227980325202227 0.44676322772284027 0.29076134718343993 0.87013071897672523 0.16497944741422532 0.1081245731038506 0.35679762830113759 0.18008821107650863 0.27820350136607874 1.5894907405381671 0.91023976427459274 0.18795242615669838 1.7097331397235391 0.30971388469333749 1.1711485980777068 0.098109624814242014 1.4275728849315781 0.11914669800535183 2.533349776094838 0.41792695943149738 0.066527476123155682 0.084318922505190019 0.46611386466975091 2.7066159558889922 0.051683447323739418 3.2259785629503308
leaf_count=323 47 188 7952 574 82 211 162 18 82 382 524 34 14 219 1557 397 45 13 450 10 120 231 790 6 30 165 31 4709 3 14706
internal_value=0 0.0112069 0.00166265 -0.0151408 0.0267306 -0.0258227 0.00995941 0.0031622 -0.00881161 -0.0226356 0.00503833 -0.0296901 -0.0318726 0.00713027 -0.00509082 0.00834417 0.0245312 0.0152056 0.0151358 -0.0284169 0.0215697 0.020129 0.0427202 0.0188064 0.0444946 0.031055 0.0114723 -0.0330943 -0.0310724 -0.0351167
internal_weight=0 17.8701 11.7519 5.93245 6.11818 4.00931 9.73551 8.23273 5.65287 4.06031 0.882849 3.17747 3.56255 3.39836 1.49915 1.92313 2.57986 1.8992 1.47825 2.01642 1.59255 1.2903 2.71982 0.526052 2.59988 1.50278 0.588912 2.99738 1.91831 3.28435
internal_count=34075 17445 14535 16630 2910 14978 6570 6082 6019 5817 912 4905 14767 1902 1670 1652 63 232 1078 7965 202 681 1008 388 820 488 113 4871 7955 14753
is_linear=0
shrinkage=0.05


Tree=133
num_leaves=31
num_cat=0
split_feature=19 21 19 15 15 38 24 32 33 45 14 21 6 24 23 32 13 20 23 36 2 10 2 13 23 38 2 21 37 2
split_gain=1.02338 2.1613 1.03147 1.02296 0.990719 0.833694 0.621527 0.575032 0.51843 0.425914 0.363653 0.353139 0.297102 0.282887 0.243229 0.213887 0.242459 0.210629 0.203908 0.193713 0.190019 0.18258 0.160457 0.137345 0.135213 0.11713 0.104301 0.124148 0.103587 0.0563486
threshold=21.025092592592596 21.717251157407411 0.027800925925925927 172797.50000000003 18398.000000000004 0.25807098338868012 2.5000000000000004 0.096006144393241177 1.0000000180025095e-35 1.0000000180025095e-35 13540.130000000003 7.0370775462962971 1.5000000000000002 1.5000000000000002 40.654375000000009 0.22474747474747478 8.5000000000000018 2.5000000000000004 19.219704861111115 52.150000000000013 0.22769621361073847 13984.17 19.249882541093541 13.500000000000002 0.030451388888888892 0.026331554331393357 0.12813749444333472 9.0012500000000006 666.85000000000014 0.12813749444333472
decision_type=2 2 2 2 2 2 2 2 2 2 2 2 2 2 2 2 2 2 2 2 2 2 2 2 2 2 2 2 2 2
left_child=1 2 4 6 5 12 7 21 11 10 -7 20 26 14 -2 16 -3 -12 -9 23 -6 22 28 -10 -11 -5 -1 -28 29 -4
right_child=13 15 3 25 8 9 -8 18 19 24 17 -13 -14 -15 -16 -17 -18 -19 -20 -21 -22 -23 -24 -25 -26 -27 27 -29 -30 -31
leaf_value=0.0049646638401768224 -0.027671479384560473 0.0016483425874061358 0.00038118360926753659 0.03563077849476997 0.0048138171323891341 -0.0031421182907056793 0.015149981055934944 -0.011120270808452445 0.021661510831940789 0.0092920662439564452 0.036883618034790983 0.0078854898943790611 0.012983547635962428 0.0086274703764338389 0.0051977419296792152 -0.0024532866584551882 0.048643971490885618 -0.0029619189171639169 0.016077003356350174 -0.0086047915259013959 -0.033234954231071256 0.00055604664091730147 0.0037648518308244713 -0.0048602108575017365 -0.013371177784166011 -0.00299417838026593 -0.023450381862746159 0.0038031604528410571 0.0016156109661448891 -0.038255047539201274
leaf_weight=0.11674388678512482 2.2467813753974042 0.37499647536969849 0.07636512027238529 0.15029917590436515 0.11277244216762383 0.52416017896030087 0.42643368733115483 0.31393288785329776 0.89852373233588856 0.29264491331559828 4.6674639175143966 0.35253361077047896 0.47075314121320833 0.3232800060941371 0.34100845772263699 0.14978008135949483 2.5864418348173785 0.20148149407759763 0.5835495124119916 0.44385413931740925 1.5304236688862145 0.35821471205417754 0.076035580597817787 0.23843044492969057 0.43111123357812176 0.063669402879895642 1.1149307636442243 0.21110035835590668 0.092007309900509315 3.4860848712851293
leaf_count=34 10619 179 48 67 20 526 44 544 206 68 760 82 16 157 492 39 542 39 156 164 2735 200 2 108 206 353 1826 27 107 13694
internal_value=0 0.00971429 0.00183423 -0.0142419 0.0101389 0.0191813 -0.0206119 -0.0256903 -0.00991899 0.027198 0.0313914 -0.0227245 -0.00698468 -0.0182703 -0.0230986 0.0423 0.0446114 0.035011 0.00571675 0.00878864 -0.0297904 -0.0323529 -0.0349625 0.016428 -0.00413301 0.0311386 -0.0161479 -0.0193419 -0.036404 -0.0375248
internal_weight=0 20.3447 17.2335 5.62659 11.6069 8.03039 5.41262 4.98619 3.57654 6.11686 5.39311 1.99573 1.91353 2.91107 2.58779 3.11122 2.96144 4.86895 0.897482 1.58081 1.6432 4.08871 3.73049 1.13695 0.723756 0.213969 1.44278 1.32603 3.65446 3.56245
internal_count=34060 22792 22032 15215 6817 3502 14795 14751 3315 1599 1325 2837 1903 11268 11111 760 721 799 700 478 2755 14051 13851 314 274 420 1887 1853 13849 13742
is_linear=0
shrinkage=0.05


Tree=134
num_leaves=31
num_cat=0
split_feature=45 17 13 18 39 38 14 12 17 37 2 38 13 38 14 0 37 13 14 2 12 14 20 15 3 22 13 36 3 12
split_gain=1.05391 0.988544 1.28005 0.874606 0.604008 0.566559 0.553776 0.551675 0.526007 0.455901 0.440446 0.373398 0.343085 0.291112 0.284595 0.234289 0.217892 0.235052 0.212061 0.210516 0.204942 0.215206 0.192635 0.151721 0.131372 0.126816 0.12601 0.105102 0.074854 0.0737465
threshold=1.0000000180025095e-35 5.5000000000000009 11.500000000000002 1.0000000180025095e-35 1.0000000180025095e-35 0.6240376150668171 73996.270000000019 6107.5550000000012 6.5000000000000009 994.05000000000007 1.5332945103566735 0.017733858832087983 15.500000000000002 1.0257082181163113 4355.0250000000005 2572.9050000000002 55.050000000000004 32.500000000000007 10793.245000000001 19.249882541093541 2113.0700000000002 39719.990000000013 2.5000000000000004 758.50000000000011 -0.52042571719402575 1.0000000180025095e-35 10.500000000000002 65.950000000000017 -5.0641986381414457 60076.935000000005
decision_type=2 2 2 2 2 2 2 2 2 2 2 2 2 2 2 2 2 2 2 2 2 2 2 2 2 2 2 2 2 2
left_child=1 3 5 25 9 11 10 14 -8 -2 12 -3 23 16 -5 24 29 22 -13 26 -12 -22 -18 -4 -16 -1 -9 -20 -14 -10
right_child=4 2 6 7 -6 -7 8 19 13 -11 20 18 28 -15 15 -17 17 -19 27 -21 21 -23 -24 -25 -26 -27 -28 -29 -30 -31
leaf_value=-0.030119407865888237 -0.033898624342261763 -0.0042245018587914697 0.015240496377364354 -0.0078882308522960718 0.014296286683846027 0.0044783066996590213 -0.010630951426907469 -0.02464611895497628 -0.0078576087710123307 0.010085611347533401 -0.0086256144763511167 -0.00152566653812414 0.0027451591066911269 -0.0026107558723574161 0.01017506560983507 0.028240170924501845 0.037155841676836734 -0.0012505222177879741 0.068843672970555631 0.008511172780306055 0.021307293546545699 -0.0044483693104810547 -0.0026546635205319962 -0.0083418569780506473 -0.011304358313371394 0.0017134546062958088 0.0033983894486641604 0.001141931923743807 -0.025599027330432591 0.0085018219799818853
leaf_weight=1.5053653310351425 1.9006813620035243 0.091303039713238276 0.55735168872342766 0.45833548615701181 0.50803732131680579 0.79621439353650192 0.70484819432385837 0.89469978821580276 0.28318763352217491 0.25840787003107824 0.50379868732488864 0.074064970543986308 0.057868734933438692 0.71379166724000231 0.44596593489041014 2.1418594569731795 3.4854039955171179 0.42048640677239735 1.175697737100563 0.2778203492052852 1.9043357400732932 0.71181386467651453 0.18892338860678126 0.37377949271831312 0.40431424734924792 0.23944847073289555 0.23131267221833696 0.093963435381738125 1.5273403109749748 0.51470841632544762
leaf_count=9377 5471 314 195 878 216 766 689 356 451 33 958 202 17 685 310 249 1140 309 286 10 1218 636 229 2160 514 172 132 259 5645 80
internal_value=0 0.0118292 0.0188768 -0.00380468 -0.0174736 0.0472968 0.0103264 0.00758828 0.0194113 -0.0271082 -0.00123878 0.0594586 -0.0140824 0.0242257 0.0170905 0.0219342 0.0279195 0.0317433 0.0637419 -0.013161 0.0100238 0.0150073 0.0349789 0.00635635 -0.000628053 -0.0267182 -0.0199964 0.066544 -0.0239027 0.00155459
internal_weight=0 20.778 14.1789 6.59912 2.66713 2.23124 11.9476 4.85431 6.31135 2.15909 5.63629 1.43503 2.51634 5.6065 3.45048 2.99214 4.89271 4.09481 1.34373 1.40383 3.11995 2.61615 3.67433 0.931131 0.85028 1.74481 1.12601 1.26966 1.58521 0.797896
internal_count=33957 28237 16239 11998 5720 1827 14412 2449 3583 5504 10829 1061 8017 2894 1951 1073 2209 1678 747 498 2812 1854 1369 2355 824 9549 488 545 5662 531
is_linear=0
shrinkage=0.05


Tree=135
num_leaves=31
num_cat=0
split_feature=36 37 19 23 3 3 19 21 2 6 33 24 12 13 19 37 21 25 19 38 24 21 21 21 12 23 37 36 38 13
split_gain=1.00802 1.11096 0.6944 0.626518 0.777237 0.752181 0.495912 0.451775 0.433605 0.392871 0.329811 0.235375 0.211911 0.207742 0.19308 0.185573 0.152528 0.151722 0.14268 0.140525 0.122634 0.107649 0.138434 0.106559 0.169151 0.0992538 0.0972482 0.0927428 0.0781796 0.0752199
threshold=59.45000000000001 150.25000000000003 0.80135995370370383 37.118038194444452 -0.52042571719402575 2.4965913171622796 0.027800925925925927 10.753859953703705 1.59610900237779 1.0000000180025095e-35 1.0000000180025095e-35 2.5000000000000004 6334.2650000000012 7.5000000000000009 32.745989583333341 100.65000000000002 29.868975694444448 1.0000000180025095e-35 9.081273148148151 0.013612627399690269 1.5000000000000002 30.960949074074076 11.712980324074076 1.1143171296296299 23147.165000000005 36.105028935185196 134.95000000000002 125.55000000000001 2.1517133772149184 11.500000000000002
decision_type=2 2 2 2 2 2 2 2 2 2 2 2 2 2 2 2 2 2 2 2 2 2 2 2 2 2 2 2 2 2
left_child=1 3 7 4 6 10 13 9 -5 17 20 -4 21 -1 16 -8 -10 -2 -14 -15 25 22 -3 24 -7 26 28 -9 -6 -12
right_child=2 12 11 8 5 23 15 27 14 -11 29 -13 18 19 -16 -17 -18 -19 -20 -21 -22 -23 -24 -25 -26 -27 -28 -29 -30 -31
leaf_value=-0.0040892191555765801 -0.025634340185697546 0.012782532859657037 -0.03167968501254334 -0.005693840608560069 -0.032643369946775268 -0.013092413874655451 -0.012518932662684144 -0.00048168550999685972 5.5394066945140842e-05 0.0080854290573089214 -0.0084607520835991556 0.0062481645356914266 0.015950430112248511 -0.0030957932595202242 -0.0035529358935855017 0.010000535340740328 0.050185128838291737 0.0052742147609524731 -0.0055817507669345262 0.037823401241343285 0.0026740228745275037 -0.0007325338682206816 0.04756839488664312 0.016825102130851512 0.010728174700973373 0.002303214752922212 0.00018588975461123641 0.023230023791744134 0.00060886209649345152 0.0064897513080998176
leaf_weight=0.16658238802847636 1.1705227946986263 1.3995867623671072 1.658735746219463 0.3962663999700442 2.7015757616172822 0.4642391416273316 0.93029523972290895 0.45879287070420094 0.17139655821665656 1.3847873326594706 0.40793271134316444 0.13987435866147269 1.2975106561061691 0.073488820442434988 0.076326849099132232 0.76912991645440343 0.49085606128210202 0.12230475005344477 0.54624451035488153 1.3282349409710148 0.17807911406271149 0.13655158862820815 1.9730564285418948 1.3951491475454529 0.52732072211802006 0.11723037917545287 0.25093345353161556 1.190861034687259 0.14763139298520389 1.0997881660368873
leaf_count=381 2359 404 12833 1150 8469 69 2702 44 118 41 608 9 200 522 198 954 22 17 263 299 145 158 351 138 16 213 333 100 139 814
internal_value=0 0.0144599 -0.0080486 0.00485767 -0.000125772 -0.00904099 0.0172211 0.0037078 0.0295616 -0.00827673 -0.0190512 -0.0275515 0.031368 0.0311365 0.0408722 -0.00239791 0.0450495 -0.0216853 0.0098516 0.0352824 -0.0259762 0.037981 0.0393575 0.0110767 -0.00139843 -0.02782 -0.0292431 0.0189425 -0.0312098 0.000683861
internal_weight=0 17.0454 6.12588 11.6925 10.5576 7.28988 3.26773 4.32727 1.13485 2.67761 4.90317 1.79861 5.35295 1.56831 0.738579 1.69943 0.662253 1.29283 1.84376 1.40172 3.39545 3.50919 3.37264 2.38671 0.99156 3.21737 3.10014 1.64965 2.84921 1.50772
internal_count=34069 18666 15403 17290 15802 10944 4858 2561 1488 2417 10721 12842 1376 1202 338 3656 140 2376 463 821 9299 913 755 223 85 9154 8941 144 8608 1422
is_linear=0
shrinkage=0.05


Tree=136
num_leaves=31
num_cat=0
split_feature=19 21 12 2 0 21 19 21 21 3 32 3 22 13 36 36 13 24 32 19 30 12 39 3 24 36 0 0 3 36
split_gain=0.8918 1.89319 0.748737 0.603079 0.615133 0.5393 0.690058 0.706425 0.571717 0.490823 0.418869 0.341485 0.355265 0.338575 0.301833 0.452779 0.283399 0.257445 0.224219 0.204489 0.158515 0.153617 0.139248 0.119454 0.0959786 0.0906405 0.0763265 0.073489 0.055504 0.0507694
threshold=21.025092592592596 24.694629629629635 94166.160000000018 0.12813749444333472 1145.075 5.5592071759259269 6.9059953703703716 20.217013888888889 21.717251157407411 4.641437745208993 0.036038961038961044 -2.1014494415733505 1.0000000180025095e-35 12.500000000000002 23.450000000000003 19.550000000000004 6.5000000000000009 1.5000000000000002 0.087595907928388769 0.80135995370370383 13.500000000000002 69815.130000000019 1.0000000180025095e-35 3.4357288626039613 2.5000000000000004 37.050000000000004 1212.7500000000002 1156.6200000000001 -0.078712525027807859 18.050000000000004
decision_type=2 2 2 2 2 2 2 2 2 2 2 2 2 2 2 2 2 2 2 2 2 2 2 2 2 2 2 2 2 2
left_child=1 2 3 -1 17 9 7 28 10 14 24 -2 23 -11 15 21 -3 22 27 -4 -17 -6 -5 -13 -8 29 -18 -16 -7 -12
right_child=11 16 19 4 5 6 8 -9 -10 13 25 12 -14 -15 18 20 26 -19 -20 -21 -22 -23 -24 -25 -26 -27 -28 -29 -30 -31
leaf_value=0.023696255428579852 0.0093495690569891324 -0.004464298201843484 0.030724139444047754 -0.031978043461981867 -0.022350546002999093 0.00052018540903750498 -0.028352797116477681 -0.013450150052907481 0.019062249955222113 0.021978454496260218 -0.0031922535775184982 -0.032130381830195065 0.0077133548820390975 -0.0092903418656491588 0.001976448293328091 -0.0061460076315482852 0.0034994716282362977 0.0061375552319576357 0.0046116593087382534 -0.0043625117554226527 0.024262501182398095 0.0051180680755661253 0.0030761269910270536 0.0025872491377340618 0.0030878207083842382 -0.0061746512633599135 0.052469915752101359 -0.032927848447047318 0.030105114256934476 0.016287237366449939
leaf_weight=1.0684511721265284 0.40939921386961975 0.095751234257476336 1.5288388091139484 1.8130767689108318 0.85657326082946184 0.20196571899941851 1.797245682282665 0.63972875116451167 0.62421466482555832 0.84563381929183357 0.067905450450780225 1.985430750850355 0.34487509096652491 0.8436794102890417 0.044100172686740602 0.13102180947680597 0.23761994775122719 0.25100880247919111 0.22374408139876312 0.22679540201715997 0.55479379442476784 0.26833603247359861 0.13187469238255278 0.1159740479197352 0.065297634806483873 0.22078645506189787 1.5172233491866789 1.9914499888072894 3.070842209381226 0.4978392453485867
leaf_count=228 280 63 132 8305 2164 274 5143 39 183 18 146 10853 200 33 21 64 147 216 193 196 88 66 182 7 10 369 200 3452 795 91
internal_value=0 0.00826306 0.00213467 -0.0018513 -0.00501047 -0.000148998 0.00849193 0.0205848 -0.00739721 -0.0105915 -0.0171472 -0.0180215 -0.0239859 0.00871441 -0.0187429 -0.00150569 0.046137 -0.0246551 -0.0278572 0.0262533 0.0182534 -0.0164732 -0.0293638 -0.0299979 -0.0265569 0.00752783 0.0495163 -0.0317697 0.0288284 0.0134036
internal_weight=0 19.8158 17.9652 16.2096 15.1411 12.9452 7.18583 3.91254 3.27329 5.75933 2.64907 2.85568 2.44628 1.68931 4.07002 1.81072 1.85059 2.19596 2.25929 1.75563 0.685816 1.12491 1.94495 2.1014 1.86254 0.786531 1.75484 2.03555 3.27281 0.565745
internal_count=34158 22818 22408 22080 21852 13149 7050 1108 5942 6099 5759 11340 11060 51 6048 2382 410 8703 3666 328 152 2230 8487 10860 5153 606 347 3473 1069 237
is_linear=0
shrinkage=0.05


Tree=137
num_leaves=31
num_cat=0
split_feature=22 23 19 21 19 11 36 17 23 21 38 36 12 1 23 2 2 1 1 13 13 23 36 12 30 2 5 2 23 14
split_gain=0.961506 1.18155 1.22907 1.60339 0.902914 0.773661 0.674667 0.62629 0.523638 0.486717 0.473958 0.424225 0.360745 0.326721 0.305293 0.373728 0.292897 0.268056 0.211433 0.166701 0.145944 0.143412 0.129306 0.113015 0.111461 0.0928264 0.0910222 0.07996 0.077227 0.0857602
threshold=1.0000000180025095e-35 27.7352025462963 26.558802083333337 16.944832175925928 0.027800925925925927 1.0000000180025095e-35 40.050000000000004 5.5000000000000009 8.2306307870370379 5.5592071759259269 0.026331554331393357 682.20000000000016 44951.905000000006 10.46322818499157 1.0000000180025095e-35 1.5332945103566735 0.12813749444333472 6.8016111230096516 10.804207870327309 27.500000000000004 17.500000000000004 15.024895833333336 232.45000000000002 5084.5300000000016 6.5000000000000009 19.249882541093541 1.0000000180025095e-35 0.12813749444333472 16.889502314814816 44039.485000000008
decision_type=2 2 2 2 2 2 2 2 2 2 2 2 2 2 2 2 2 2 2 2 2 2 2 2 2 2 2 2 2 2
left_child=1 4 3 13 7 10 19 11 23 12 -6 21 -10 -3 15 16 -2 24 -15 -5 -17 -1 -16 -9 -4 27 -14 -7 -23 -30
right_child=14 2 17 6 5 25 -8 8 9 -11 -12 -13 26 18 22 20 -18 -19 -20 -21 -22 28 -24 -25 -26 -27 -28 -29 29 -31
leaf_value=-0.028242969939611597 0.0117195140323062 -0.020925286691029638 0.013358048205784285 0.058847064379362851 0.032069066030306535 0.0012788674667056836 -0.0006484728412317997 -0.0028702345781348986 -0.026174222224960454 0.018997519396837751 -0.013070188935505066 0.014083815027017442 -0.0061675511601428819 0.017448234646083517 0.035916365717417513 0.024018045028126482 -0.021043716802799914 -0.024915321725601472 -0.0088876620991656784 -0.00044362431673592519 -0.0022918495437242261 0.0079486135496018209 0.00010542122076548206 0.034840132049646089 -0.0081065055358241697 0.0024535901066277299 0.014810386308657358 -0.034777874205114849 -0.014475460477270653 0.0055682561411710893
leaf_weight=1.2069545453196102 0.31088832672685318 0.70675781468526055 0.42663205387361791 1.9975363821977232 0.19612149132444745 0.087437483001850391 0.58884736448089814 0.060819574362540485 0.97562007742453738 0.79293535312172014 0.35237545400013914 0.38366161679005006 0.13579303024744149 0.86603905241645385 2.417100074468181 1.2122379189095225 0.75680090215610107 0.98549974860361544 0.49397179385414347 0.10793189079413412 0.47987251300946798 0.27838713164965145 0.27851839922368515 1.1268153863275072 0.19343142898287624 0.048818521201610454 0.40005193557590246 3.4122309642953041 0.41755769686642452 0.19271767124155303
leaf_count=2958 15 2028 55 422 401 62 840 191 1041 53 1929 24 62 35 335 94 418 4974 24 56 59 101 13 178 1944 1 16 15166 372 106
internal_value=0 0.000580858 0.0160662 0.027502 -0.00977811 -0.0252701 0.0473361 0.00295127 0.0149453 -0.00118592 0.0133566 -0.0133823 -0.0151227 -0.00535848 0.0233912 0.0074832 -0.0104497 -0.0153851 0.00816995 0.0566435 0.0184769 -0.021336 0.033246 0.0324797 0.00579142 -0.0328645 0.00893987 -0.033793 -0.00196808 -0.00861868
internal_weight=0 16.4349 6.36665 4.76108 10.0683 4.09698 2.69432 5.97131 3.49204 2.3044 0.548497 2.47928 1.51147 2.06677 5.45542 2.7598 1.06769 1.60556 1.36001 2.10547 1.69211 2.09562 2.69562 1.18763 0.620063 3.54849 0.535845 3.49967 0.888662 0.610275
internal_count=33973 33039 10378 3405 22661 17559 1318 5102 1541 1172 2330 3561 1119 2087 934 586 433 6973 59 478 153 3537 348 369 1999 15229 78 15228 579 478
is_linear=0
shrinkage=0.05


Tree=138
num_leaves=31
num_cat=0
split_feature=36 37 34 37 13 13 11 25 6 23 2 24 35 45 36 0 3 2 36 3 12 36 19 6 0 36 20 2 2 19
split_gain=1.04242 1.03103 0.649224 0.648148 0.503617 0.772595 0.481968 0.463267 0.476775 0.433233 0.302496 0.277017 0.257047 0.239969 0.232897 0.219478 0.365301 0.215412 0.204838 0.198651 0.180391 0.144012 0.204367 0.140489 0.139748 0.115983 0.108306 0.101139 0.121535 0.0997113
threshold=57.350000000000001 150.25000000000003 1.0000000180025095e-35 562.85000000000002 15.500000000000002 9.5000000000000018 5.5000000000000009 1.0000000180025095e-35 1.0000000180025095e-35 23.261041666666671 5.7313164596176085 2.5000000000000004 1.0000000180025095e-35 1.0000000180025095e-35 35.650000000000013 3750.3550000000005 1.8806768610036946 3.973382124839397 51.050000000000004 -2.1014494415733505 6334.2650000000012 26.350000000000005 0.80135995370370383 1.5000000000000002 21445.595000000005 51.650000000000013 2.5000000000000004 19.249882541093541 0.12813749444333472 9.8377372685185218
decision_type=2 2 2 2 2 2 2 2 2 2 2 2 2 2 2 2 2 2 2 2 2 2 2 2 2 2 2 2 2 2
left_child=1 2 4 7 5 27 17 8 11 23 25 12 -2 18 -8 16 20 19 21 -6 -3 22 -7 -10 -19 -4 -23 28 -1 -17
right_child=3 15 10 -5 6 13 14 -9 9 -11 -12 -13 -14 -15 -16 29 -18 24 -20 -21 -22 26 -24 -25 -26 -27 -28 -29 -30 -31
leaf_value=0.0077695135858144642 -0.033850361929581393 0.046053383865738366 -0.02510717801701989 0.018062701764350944 0.0069635063703457597 0.018963984323405625 -0.0037032713515810843 0.013713365426892547 -0.021383077171793163 0.02046455648588839 0.0084250284324522799 0.0071089024916045924 0.0061929782257701309 -0.0041388018611496153 0.02733649136485742 0.012566845878818834 -0.0071597223723891441 0.013574459557301799 -0.0039519906400357872 -0.02243212137090226 0.0078399097345090828 0.047826655828581026 -0.0085600760056028548 0.005972890978246285 -0.008334515500682798 0.0028961104557063263 -0.001133427125318083 0.0088921122281396398 -0.013385495135758508 -0.0062010737091658368
leaf_weight=0.20300730805320721 3.1445863519875275 2.5383969988979516 1.557037658276385 0.99170950918414735 0.22556187846203135 0.94390452976586059 0.61715381896283339 0.49787327806552628 0.56609184649278155 0.675449617090635 0.54732822804362502 0.16369771654717613 0.1349739534780382 0.21005170541684481 0.66929213104231167 0.83456942682096247 0.1448146279726642 0.59534072973474372 0.12771816651729739 1.8968840338893644 0.85825930871214939 1.568461682381894 0.3296617211526609 0.16534917587705422 0.44685057073365897 0.20887334483631992 0.070516118612431344 0.2543574203737079 1.4251366241551293 0.38859327347017825
leaf_count=30 14882 735 4817 472 92 372 714 114 87 90 57 19 4 546 240 126 17 59 198 4044 224 759 1399 21 37 246 192 9 3132 174
internal_value=0 0.0144144 0.0054906 -0.00827248 0.011194 0.0204937 -0.00132233 -0.0152321 -0.0200395 0.00322407 -0.0143855 -0.0281312 -0.0311403 0.0323846 0.0173386 0.0318791 0.0372847 -0.0112499 0.0353079 -0.0180785 0.040377 0.0375995 0.011208 -0.015321 0.00469941 -0.0219454 0.0460889 -0.00414952 -0.00879513 0.00649704
internal_weight=0 16.6618 11.8971 6.33973 9.5839 5.13282 4.45108 5.34802 4.85015 1.40689 2.31324 3.44326 3.27956 3.25031 1.28645 4.76463 3.54147 3.16464 3.04026 2.12245 3.39666 2.91254 1.27357 0.731441 1.04219 1.76591 1.63898 1.8825 1.62814 1.22316
internal_count=33908 18219 16943 15689 11823 6637 5186 15217 15103 198 5120 14905 14886 3466 954 1276 976 4232 2920 4136 959 2722 1771 108 96 5063 951 3171 3162 300
is_linear=0
shrinkage=0.05


Tree=139
num_leaves=31
num_cat=0
split_feature=36 37 45 30 36 37 21 2 37 30 3 14 12 0 0 21 23 6 15 19 24 15 25 0 6 19 19 14 2 32
split_gain=0.995187 1.12197 0.543502 0.515027 0.520758 0.695642 0.550364 0.508282 0.352557 0.32704 0.49525 0.31383 0.326838 0.282626 0.272877 0.258975 0.347603 0.280081 0.238857 0.227765 0.224162 0.221318 0.19383 0.186868 0.152331 0.130622 0.125792 0.123271 0.167603 0.12112
threshold=60.050000000000004 150.25000000000003 1.0000000180025095e-35 13.500000000000002 15.850000000000003 74.550000000000011 8.0862037037037044 2.2110177072425423 93.750000000000014 6.5000000000000009 4.641437745208993 7687.4050000000016 6770.0950000000003 1752.0950000000003 106.38000000000001 10.753859953703705 23.394195601851855 1.0000000180025095e-35 2773.5000000000005 6.4836111111111121 2.5000000000000004 198726.50000000003 1.0000000180025095e-35 45425.610000000008 1.5000000000000002 9.081273148148151 2.1615740740740743 356451.57500000007 0.12813749444333472 0.30901856763925734
decision_type=2 2 2 2 2 2 2 2 2 2 2 2 2 2 2 2 2 2 2 2 2 2 2 2 2 2 2 2 2 2
left_child=1 2 3 9 27 6 -6 22 -7 29 20 -3 21 -8 -4 16 24 -18 26 -17 -11 -13 -2 -20 -9 -14 -10 28 -5 -1
right_child=7 11 14 4 5 8 13 15 18 10 -12 12 25 -15 -16 19 17 -19 23 -21 -22 -23 -24 -25 -26 -27 -28 -29 -30 -31
leaf_value=0.013555290351616279 -0.030463940403181067 -0.0062309254520248707 0.0087145140781962459 0.0074844620805429533 -0.0067767859921099537 -0.012675799548866898 -0.003822005315625258 -0.02393679862230845 0.028578660036733324 -0.028945184771268076 0.013311935540546794 0.042515181248838484 0.014200412327445851 0.051995889032616288 -0.026414946732491507 0.019762351744175646 -0.0116809941205157 0.020899771110559892 -0.013653196723900342 -0.0085680409872722942 0.006551629343734296 -0.0042772469936408252 0.0050364285918908817 0.011480716234587797 0.0057532213863792448 -0.006309628377437447 -0.00070818402866861929 0.0071112874480139619 -0.020211931239757914 -0.0076703871334031955
leaf_weight=1.3397649331236645 1.5956551317467518 0.24972600237378983 0.21075328832375895 0.17882336629554607 0.28351071976067022 1.0350309839013792 0.10663181555719337 1.2061306929608697 0.88905440173766714 1.719452092642314 0.48058590223081399 3.1245661575230774 1.1231699233721881 1.4255397236847782 1.0636980063354711 1.274594244037871 0.29333813825360255 0.61888420395553112 0.64049108507970209 0.36466517836379342 0.14832798694260407 0.085687676088127662 0.15239694990304986 0.38340018215239979 0.12582253117579956 0.50903661252959853 0.39619818071878399 0.30787936411797989 0.83703671553666936 0.20664801882230666
leaf_count=190 13438 185 37 41 295 1190 367 562 88 5946 15 738 187 283 2926 103 90 16 1752 961 15 18 98 15 5 250 311 95 3548 231
internal_value=0 0.0127045 0.00331056 0.00754495 0.0153497 0.0217338 0.0402 -0.010196 0.00476194 -0.00592906 -0.0153753 0.0301295 0.0327501 0.048136 -0.0193283 0.00115801 -0.00850872 0.00979323 0.0140466 0.0126016 -0.0248246 0.0405469 -0.0266625 -0.0032193 -0.0198677 0.00783693 0.0231913 -0.00817927 -0.0140422 0.00882054
internal_weight=0 16.745 11.6528 10.3784 6.4836 5.15986 1.81568 5.63149 3.34417 3.89478 2.34837 5.09219 4.84246 1.53217 1.27445 3.88343 2.24418 0.912222 2.30914 1.63926 1.86778 3.21025 1.74805 1.02389 1.33195 1.63221 1.28525 1.32374 1.01586 1.54641
internal_count=33996 18723 17345 14382 7985 4301 945 15273 3356 6397 5976 1378 1193 650 2963 1737 673 106 2166 1064 5961 756 13536 1767 567 437 399 3684 3589 421
is_linear=0
shrinkage=0.05


Tree=140
num_leaves=31
num_cat=0
split_feature=45 36 38 12 0 14 19 39 0 37 32 19 21 32 21 0 36 38 6 38 2 2 16 36 21 21 3 2 30 3
split_gain=0.88592 0.832323 0.921325 0.719502 0.611963 0.545963 0.542338 0.512607 0.422212 0.384285 0.369959 1.06189 0.64245 0.422684 0.311729 0.217235 0.163203 0.223703 0.205004 0.194977 0.153013 0.141804 0.141594 0.138294 0.100617 0.0924929 0.0870873 0.0811199 0.080988 0.0676546
threshold=1.0000000180025095e-35 59.45000000000001 0.017733858832087983 348.16500000000002 2676.8050000000007 13540.130000000003 0.80135995370370383 1.0000000180025095e-35 3750.3550000000005 994.05000000000007 0.059714795008912663 2.0870370370370375 -1.0000000180025095e-35 0.22474747474747478 17.232905092592596 29395.065000000006 176.85000000000005 1.4326951057975696 1.5000000000000002 2.9674897060337968 5.7313164596176085 0.12813749444333472 2.5000000000000004 46.650000000000013 10.259224537037039 33.047112268518525 1.5665996026553377 19.249882541093541 6.5000000000000009 4.641437745208993
decision_type=2 2 2 2 2 2 2 2 2 2 2 2 2 2 2 2 2 2 2 2 2 2 2 2 2 2 2 2 2 2
left_child=1 2 15 4 21 -5 16 9 -6 -2 11 12 22 24 -13 -1 18 26 19 27 -10 -4 -7 -14 -12 -16 -18 28 -3 -19
right_child=7 6 3 5 8 10 -8 -9 20 -11 13 14 23 -15 25 -17 17 29 -20 -21 -22 -23 -24 -25 -26 -27 -28 -29 -30 -31
leaf_value=-0.022370452418533769 -0.032330160241706915 0.0024197556088064748 0.01152442574274341 -0.016285343887799227 0.069442280729326095 -0.012130974887810635 -0.025416128228184759 0.013274457684632694 -0.0088010583640034373 0.0084830574604937217 0.00067290201361232748 -0.023381383744838183 0.039697254964034222 -0.006970238326547991 0.006690013349409313 0.0048209746959155114 -0.002356950279903854 0.0050577255669567497 0.012945258631200808 0.0092278300625662137 0.016431733987863073 -0.011815454041838744 0.0083302605348117478 0.0027924167577441828 0.039608778301200236 -0.0095655835714077899 0.023842288083524329 0.0027894917787178574 -0.023640954001028447 -0.013396053233300998
leaf_weight=0.85545987557634962 1.6994477769658254 0.14822180033661359 0.29667147004511152 0.60244646103092137 0.74808041154028593 0.68598965310957305 1.2253538701625073 0.47507144488918118 0.20912335725006415 0.28592565249709867 0.21302931914397127 1.2016949795252005 2.0590051307517556 0.31677130771276996 1.9296555548389736 0.72941918231663294 0.17763940233999154 0.1565358005609595 0.3347769621759652 0.23837816106970411 0.48035222516045906 0.30691478147855378 0.73796026432682993 0.45105231762863685 1.9169704254964015 0.27891646797797864 1.0406088147574335 0.18342924176249642 0.98966567228490021 0.23868924984708428
leaf_count=5692 5507 51 45 1904 124 300 10660 226 267 31 68 2089 274 216 1991 69 439 51 15 17 20 1135 206 96 183 752 60 18 1474 4
internal_value=0 0.0113505 0.0171699 0.0216644 0.0442516 0.0137339 -0.00587415 -0.0164095 0.0554137 -0.0255797 0.016919 0.00903592 0.0242219 0.0310945 -0.0100023 -0.0128323 0.00507584 0.013443 -0.0042327 -0.0115367 0.00809907 -0.000310802 -0.002465 0.0357504 0.0371738 0.00229568 0.0206817 -0.0176443 -0.0207023 -0.00770063
internal_weight=0 18.7528 14.0195 12.4346 2.04114 10.3935 4.7333 2.46044 1.43756 1.98537 9.79105 7.34427 3.93401 2.44677 3.41027 1.58488 3.50795 1.61347 1.89447 1.55969 0.689476 0.603586 1.42395 2.51006 2.13 2.20857 1.21825 1.32132 1.13789 0.395225
internal_count=33984 28220 15431 9670 1591 8079 12789 5764 411 5538 6175 5708 876 467 4832 5761 2129 554 1575 1560 287 1180 506 370 251 2743 499 1543 1525 55
is_linear=0
shrinkage=0.05


Tree=141
num_leaves=31
num_cat=0
split_feature=21 19 23 18 32 19 36 1 13 21 23 24 23 15 23 23 2 21 12 21 2 37 3 36 21 12 15 6 12 2
split_gain=0.941653 1.47363 0.962581 0.696549 0.528731 0.473484 0.402645 0.509795 0.37599 0.351738 0.337325 0.325534 0.31651 0.296885 0.282002 0.246472 0.235075 0.232121 0.221039 0.206867 0.179424 0.142884 0.142158 0.140164 0.129649 0.119124 0.115903 0.0939508 0.07145 0.0680195
threshold=16.944832175925928 21.025092592592596 25.156313657407413 1.0000000180025095e-35 0.075498575498575513 15.250642361111113 23.450000000000003 9.8157734611561924 8.5000000000000018 4.5479340277777789 37.822152777777781 2.5000000000000004 8.1406886574074093 41560.500000000007 20.002528935185186 2.9974942129629638 19.249882541093541 33.047112268518525 21684.405000000002 18.53696180555556 0.26943872157144344 994.05000000000007 -0.94091169570938205 531.60000000000014 10.40056712962963 69815.130000000019 198726.50000000003 1.0000000180025095e-35 3863.3450000000007 19.249882541093541
decision_type=2 2 2 2 2 2 2 2 2 2 2 2 2 2 2 2 2 2 2 2 2 2 2 2 2 2 2 2 2 2
left_child=3 2 5 4 11 14 12 9 -4 -8 20 16 18 15 19 -9 21 -12 26 -2 -3 -1 -10 -15 -6 -14 -5 -17 -11 -22
right_child=1 10 8 6 24 -7 7 13 22 28 17 -13 25 23 -16 27 -18 -19 -20 -21 29 -23 -24 -25 -26 -27 -28 -29 -30 -31
leaf_value=-0.0354988727900842 -0.0028484330979956581 0.005161663972763797 -0.0049978851509515938 0.029638934104622566 -0.0078861861218338641 -0.015175941083148648 -0.028560655451348393 -0.0080019413699869025 0.0024640808103145741 -0.0056070388675223126 0.019160677130704573 0.0081330549385635852 -0.014230067192533578 -0.017314199360763616 -0.0044260113819503443 0.0020997917914265672 0.0057656719565288839 -0.010746555989303061 -0.0061604945076623764 0.030384194971765938 -0.024813037465204139 0.0032570226929374822 0.053991388892850073 0.0071492684470386859 0.014857777293003444 0.0069236992082441322 -0.002615721547923494 0.02758112863808649 0.010860966646898257 0.0025921993118982111
leaf_weight=2.8557648192727378 0.38633543932883085 0.29074264925657267 0.14584505095626843 1.8048844416953223 0.22755092822262657 0.84625332142968535 1.4799192556893106 0.33230605446078776 0.24339877603051752 0.36565616361622222 0.59727713192842191 0.19196051429025818 0.45546672403361288 0.57649757171384397 0.82511173656166636 0.65355637378524978 0.12227639462798823 0.27307202285737731 0.21021937712794159 1.3265574735160042 1.83743128561764 0.083967937105626222 2.0499411538548884 0.24478979129344225 0.6655212129917345 0.40851078342529945 0.13941664900630701 1.0600062153534962 0.46732100188091863 0.053803171031176933
leaf_count=13771 189 269 116 583 489 2474 2903 31 111 128 233 24 473 60 176 63 3 1717 56 171 9078 26 426 6 303 19 110 36 67 4
internal_value=0 0.0150434 0.0282339 -0.00537204 -0.0198395 0.0069898 0.00330722 -0.00506743 0.0471064 -0.0188804 -0.0108795 -0.027546 0.0153636 0.0080762 0.016581 0.0162937 -0.0312343 0.00904846 0.0230456 0.0246017 -0.019174 -0.0338462 0.0509314 -0.0101008 0.0079581 -0.00587952 0.0272232 0.0222178 0.00451683 -0.0234065
internal_weight=0 8.87577 5.82344 12.3456 4.14704 3.38426 8.19855 5.18005 2.43918 2.3129 3.05233 3.25397 3.0185 2.86716 2.538 2.04587 3.06201 0.870349 2.15452 1.71289 2.18198 2.93973 2.29334 0.821287 0.893072 0.863978 1.9443 1.71356 0.832977 1.89123
internal_count=34115 14964 3663 19151 14616 3010 4535 3294 653 3098 11301 13824 1241 196 536 130 13800 1950 749 360 9351 13797 537 66 792 492 693 99 195 9082
is_linear=0
shrinkage=0.05


Tree=142
num_leaves=31
num_cat=0
split_feature=19 21 16 15 32 2 2 30 32 34 15 0 37 37 21 10 13 3 2 14 14 37 38 19 38 30 37 14 19 0
split_gain=0.909348 1.80792 0.59981 0.681261 0.75452 0.612584 0.68946 0.67952 0.488501 0.482232 0.477564 0.418259 0.364323 0.214314 0.198636 0.197801 0.193236 0.169404 0.179438 0.164832 0.156232 0.128959 0.101912 0.0921376 0.0822371 0.0768613 0.0700364 0.0638606 0.0601961 0.0531596
threshold=23.137812500000006 26.255353009259263 5.5000000000000009 98372.000000000015 0.057983193277310933 0.24344554179186695 5.7313164596176085 4.5000000000000009 0.25462962962962971 1.0000000180025095e-35 46634.000000000007 2676.8050000000007 392.35000000000008 144.65000000000001 0.10381365740740742 12302.900000000001 6.5000000000000009 -2.1014494415733505 19.249882541093541 31582.470000000005 300907.25500000006 113.45000000000002 1.9513285748750844 0.32731481481481489 2.5273794396615443 15.500000000000002 55.050000000000004 31185.515000000003 22.971701388888892 1065.0350000000003
decision_type=2 2 2 2 2 2 2 2 2 2 2 2 2 2 2 2 2 2 2 2 2 2 2 2 2 2 2 2 2 2
left_child=1 2 3 4 5 14 7 -7 19 11 21 -5 15 -13 -1 20 -3 -2 22 -6 24 25 -19 -4 28 -8 -21 -14 -9 -18
right_child=17 16 23 9 8 6 10 12 -10 -11 -12 13 27 -15 -16 -17 29 18 -20 26 -22 -23 -24 -25 -26 -27 -28 -29 -30 -31
leaf_value=0.024503721981374519 0.0049838738968514124 -0.0012198654829628816 0.028909300712608645 -0.006070892539939584 -0.0039552884900244936 0.012659895597631822 -0.0098468293029024059 -0.03814529188559726 -0.012014735152731916 -0.010397343471741632 -0.019305255652736684 -0.001751578343624476 -0.0060685831151344972 0.043537829697558164 -0.0066643005196125663 5.0480335796230385e-05 0.0016639848227366803 -0.029493892795187583 0.0059444997884499709 -0.00094430923991223412 -0.0036603236234036456 0.018571280689391574 0.0014109313946012014 -0.00075136835513838407 0.0011944808279118423 0.0067538708553324797 0.030784384530695263 0.010844056613502889 0.00074802314098567138 0.050243424158829243
leaf_weight=0.64740659056406968 0.2670776371705873 0.15736295819078705 1.248690753669506 0.36982471455121357 0.18750058830846628 0.60357975980150325 0.36299700522795397 4.2358533475853619 0.55820824706097472 0.45765206619762455 0.67509283023537126 0.21343316090133146 0.13507954655142373 1.0505809700989628 0.23720529823549441 0.45980256771144912 0.12919627429073433 1.5921103705659323 0.11969569884240616 0.12413288451716642 0.63589438786948438 1.7107796752243301 0.19897128670345399 0.2401168017713643 0.078504682041966478 0.46467640665650833 1.552866260466544 0.33602907804379356 0.062655197558342368 1.6848725092240782
leaf_count=132 240 69 197 1290 450 74 33 16475 665 657 61 350 368 212 389 289 129 8988 2 78 644 117 450 340 102 33 292 288 129 247
internal_value=0 0.00959095 0.00299232 -0.000697174 -0.00532737 -0.0110819 -0.014978 -0.0232734 0.0158087 0.0205987 0.00343549 0.0299321 -0.02822 0.0384946 0.0170446 -0.0314481 0.0455553 -0.0194435 -0.0233971 0.025425 -0.0338651 0.01323 -0.0267852 0.0257458 -0.0367565 -0.00193085 0.0289604 0.00516593 -0.0375442 0.0486044
internal_weight=0 18.62 16.6486 15.1598 13.0683 10.6456 9.76094 6.5474 2.42271 2.09149 3.21355 1.63384 5.94382 1.26401 0.884612 5.47271 1.97143 2.17785 1.91078 1.8645 5.01291 2.53845 1.79108 1.48881 4.37701 0.827673 1.677 0.471109 4.29851 1.81407
internal_count=33790 24110 23665 23128 20619 19134 18613 18369 1485 2509 244 1852 18295 562 521 17639 445 9680 9440 820 17350 183 9438 537 16706 66 370 656 16604 376
is_linear=0
shrinkage=0.05


Tree=143
num_leaves=31
num_cat=0
split_feature=22 0 0 6 21 19 30 23 2 21 18 23 38 16 2 15 14 3 19 16 38 36 37 2 36 2 37 37 37 14
split_gain=0.800978 1.09775 1.053 0.871658 0.683932 0.895389 0.625811 0.544977 0.524009 0.621477 0.480839 0.363853 0.307237 0.222918 0.210111 0.184309 0.17707 0.153224 0.145871 0.145002 0.126406 0.122896 0.101415 0.0906647 0.0894483 0.084448 0.0819202 0.0731456 0.0582199 0.043896
threshold=1.0000000180025095e-35 1752.0950000000003 3750.3550000000005 1.0000000180025095e-35 11.712980324074076 21.025092592592596 6.5000000000000009 20.002528935185186 3.973382124839397 3.8986342592592598 1.0000000180025095e-35 1.0000000180025095e-35 1.2104653551150164 1.5000000000000002 5.7313164596176085 614.00000000000011 7851.9350000000013 -0.92562907532061811 0.027800925925925927 3.5000000000000004 0.22454207988967162 232.45000000000002 280.05000000000007 4.3173928839014559 25.850000000000005 19.249882541093541 666.85000000000014 76.950000000000017 502.35000000000008 17088.785
decision_type=2 2 2 2 2 2 2 2 2 2 2 2 2 2 2 2 2 2 2 2 2 2 2 2 2 2 2 2 2 2
left_child=1 6 4 8 15 7 17 28 22 16 25 18 19 -12 23 24 -10 27 20 -9 -2 -13 -4 -11 -3 -5 -8 -1 -6 -22
right_child=11 2 3 10 5 -7 26 12 9 14 13 21 -14 -15 -16 -17 -18 -19 -20 -21 29 -23 -24 -25 -26 -27 -28 -29 -30 -31
leaf_value=-0.0039626541007033262 -0.0056583143449616957 0.01484100212251456 -0.030861154963429557 -0.016552400374863115 -0.0089810719292618708 -0.012165869178637897 -0.033075664685233562 0.063624151491360317 0.0054980066523748214 0.0075921654819275019 0.00060255197906755489 0.034721785478482085 -0.0036660003439987969 0.031259525082645193 0.02258699212935595 -0.015575047231840096 -0.025629441382282944 -0.0088498699998222612 -0.010901665163848079 9.0415542906801496e-06 0.018964257827294464 -0.00058353147785683253 0.0011974779572864061 -0.010719476124417163 -0.0057196901486710576 0.0051658905962355612 0.0016683731906389063 0.018328484505830075 0.0068830906831467836 0.0024157331919079672
leaf_weight=0.083671264714212157 0.49591116460214824 0.46135023105307416 1.9476549380706258 0.48437699723945149 0.2181583926030729 0.32104851843905624 2.4284562199718498 1.3260973145952446 0.19923895801184721 0.30072935797943534 0.82010611456644289 2.1714300535386433 0.080319999575294676 1.5980117785511536 1.2611510991700923 0.45098562003840925 0.99374529618944507 0.28549093825859306 0.27793713821301924 0.09345961573490047 0.84344956546556182 0.23183064651675511 0.18982984041940643 0.51331206111353822 0.17596073182721739 0.10079698264598846 0.080641751941584405 0.64267450305487728 0.14395111852354603 0.94097769726067781
leaf_count=48 70 48 6026 300 1044 2415 17966 337 31 75 16 337 115 48 110 2930 161 315 457 59 29 13 605 139 79 1 128 94 27 37
internal_value=0 -0.000357075 0.00720594 -0.00275232 0.0274551 0.0392416 -0.0214908 0.0492591 -0.0139443 5.17522e-05 0.0158434 0.0212448 0.057621 0.0240803 0.0145441 -0.00365724 -0.0202943 0.00717608 0.00484857 0.0611706 0.0095064 0.0321453 -0.0285398 -0.00349858 0.00913801 -0.0119125 -0.0318018 0.0149527 -0.00225125 0.0142394
internal_weight=0 15.2012 11.6803 8.40895 3.27133 2.18303 3.52093 1.86199 5.40566 3.26818 3.00329 4.96154 1.49988 2.41812 2.07519 1.0883 1.19298 1.01184 2.55828 1.41956 2.28034 2.40326 2.13748 0.814041 0.637311 0.585174 2.5091 0.726346 0.36211 1.78443
internal_count=34060 33117 14566 7512 7054 3997 18551 1582 7147 516 365 943 511 64 324 3057 192 457 593 396 136 350 6631 214 127 301 18094 142 1071 66
is_linear=0
shrinkage=0.05


Tree=144
num_leaves=31
num_cat=0
split_feature=22 6 37 36 23 37 15 23 19 14 2 12 38 3 38 33 39 36 38 15 38 37 15 19 2 11 37 2 36 38
split_gain=0.692497 0.815882 0.972338 1.60593 0.632187 0.582979 0.570686 0.432874 0.423546 0.280843 0.237403 0.210967 0.191814 0.159968 0.132806 0.120549 0.118935 0.114707 0.118073 0.111123 0.108976 0.0967731 0.0879663 0.0690667 0.0688195 0.0606105 0.0581539 0.0575097 0.0559602 0.0535362
threshold=1.0000000180025095e-35 1.0000000180025095e-35 144.65000000000001 57.850000000000001 1.0000000180025095e-35 767.50000000000011 1956.5000000000002 15.024895833333336 0.027800925925925927 30499.280000000002 1.59610900237779 6334.2650000000012 1.2319654593938731 -2.6028089179770437 0.22454207988967162 1.0000000180025095e-35 1.0000000180025095e-35 30.350000000000005 2.9674897060337968 3429.5000000000005 0.022070947528348824 67.250000000000014 142099.50000000003 20.02514467592593 19.249882541093541 1.5000000000000002 121.65000000000002 3.973382124839397 52.750000000000007 0.017733858832087983
decision_type=2 2 2 2 2 2 2 2 2 2 2 2 2 2 2 2 2 2 2 2 2 2 2 2 2 2 2 2 2 2
left_child=1 2 6 7 14 -5 10 22 25 27 15 19 21 -8 -2 20 -15 26 -19 -11 29 -12 -4 -13 -10 -3 -16 -9 -23 -1
right_child=4 8 3 5 -6 -7 13 9 24 11 12 23 -14 16 17 -17 -18 18 -20 -21 -22 28 -24 -25 -26 -27 -28 -29 -30 -31
leaf_value=-0.00631826609690379 -0.011285750600140457 0.0045128762274486128 -0.012754940046406392 -0.029733156295676466 0.034883554849152995 0.012435750234614193 0.0039181422801525621 -0.0086399569651782211 -0.013885953924708545 0.0009163648831946316 -0.0047260289409110263 0.0109625794331553 -0.0092882548038253406 -0.032497903405445887 -0.0011105356004719408 0.0059510775651168309 0.0010343634098120113 -0.011003448811824501 0.0095451167892713542 0.047732958244047261 -0.022055452972430237 0.021468479213335782 0.0068730018552547838 -0.0061157420224926921 0.0051441639734423669 0.032001976990152982 0.018182417115031612 0.0067495470310253505 -0.0016596995266413808 0.0090532758489686518
leaf_weight=0.14437144032854321 0.51913719269214142 0.62161225765157713 0.36181081433460383 1.7899245657827125 2.2039036009227857 0.51543377751295327 0.13392584767279947 0.20805836898580343 0.37929918427835208 0.17534688774321727 0.10403425725598925 0.69994123026845034 0.31696934693172796 3.296729117753785 0.3694576306879751 0.22556070461359912 0.2173424944958241 0.76196913963212853 0.2252328121685423 1.5005258288147159 0.78081716853557737 1.104275256344408 0.16942919405846624 0.13788662570004817 0.10039525479078293 1.5586848389430086 0.64146171155152842 0.24086471812915988 0.14384403506119259 0.19071100879227743
leaf_count=694 212 17 448 11142 344 170 137 382 325 28 201 107 61 16937 58 54 354 266 10 135 1388 134 48 154 1 96 25 12 85 5
internal_value=0 -0.000261927 -0.00593934 0.0083258 0.0201447 -0.0193951 -0.0178283 0.0268626 0.0206855 0.0328189 -0.000649986 0.0375989 0.00967625 -0.0288151 0.000991556 -0.0121437 -0.0306543 0.0068817 -0.00387115 0.0450076 -0.0168852 0.0161807 -0.00609462 0.00635354 -0.00911828 0.028048 0.0140856 -0.00142333 0.0192504 0.00265856
internal_weight=0 15.1178 12.4578 5.79922 4.72116 2.30536 6.65858 3.49386 2.65999 2.96262 3.01058 2.5137 1.66912 3.648 2.51726 1.34146 3.51407 1.99812 0.987202 1.67587 1.1159 1.35215 0.53124 0.837828 0.479694 2.1803 1.01092 0.448923 1.24812 0.335082
internal_count=34030 33115 32676 12626 915 11312 20050 1314 439 818 2622 424 481 17428 571 2141 17291 359 276 163 2087 420 496 261 326 113 83 394 219 699
is_linear=0
shrinkage=0.05


Tree=145
num_leaves=31
num_cat=0
split_feature=17 13 3 17 14 22 19 24 34 15 12 19 22 37 20 13 37 13 37 10 10 11 2 17 3 38 3 38 30 15
split_gain=1.09187 1.32735 0.743834 0.66053 0.504399 0.499553 0.492685 0.444196 0.387918 0.370781 0.355756 0.312193 0.225482 0.208014 0.168912 0.154835 0.142154 0.132801 0.126794 0.128438 0.119789 0.114176 0.109457 0.105657 0.0961408 0.0923364 0.0799937 0.0798699 0.0980874 0.0753733
threshold=5.5000000000000009 12.500000000000002 2.4965913171622796 14.500000000000002 14341.955000000002 1.0000000180025095e-35 2.0870370370370375 2.5000000000000004 1.0000000180025095e-35 758.50000000000011 16590.510000000006 19.450028935185191 1.0000000180025095e-35 49.45000000000001 1.5000000000000002 15.500000000000002 156.15000000000001 27.500000000000004 994.05000000000007 2792.145 2833.6750000000006 1.5000000000000002 0.63362588431675737 6.5000000000000009 0.18248672038546535 0.5356291486806477 2.0064716797994779 1.3052978473112447 9.5000000000000018 419.50000000000006
decision_type=2 2 2 2 2 2 2 2 2 2 2 2 2 2 2 2 2 2 2 2 2 2 2 2 2 2 2 2 2 2
left_child=2 4 5 6 -2 18 10 9 11 15 12 27 14 -12 -3 -8 21 23 19 -1 -21 -7 -18 -15 -5 -4 -17 28 -6 -26
right_child=1 3 25 24 8 16 7 -9 -10 -11 13 -13 -14 17 -16 26 22 -19 -20 20 -22 -23 -24 -25 29 -27 -28 -29 -30 -31
leaf_value=-0.034918742912268125 -0.0035927683072361446 -0.020350833587141997 -0.0005153559957489115 -2.1654523023746586e-05 -0.00031912139471122921 0.01741930658845851 0.013915065610728351 0.015874082443289975 0.0038121673483859676 -0.025884894336003297 -0.0057779297444440075 -0.0022976510029223247 0.0092800585797172853 -0.0013362405060735071 0.0069243048582067566 -0.011886193854109944 0.0068944635502419293 -0.0028582098201499337 0.0032117889794823747 0.0098160718267212635 -0.011912229744374642 -0.0062186495316509383 -0.014951763738594151 0.029993069725928946 -0.001156134132385145 0.019230492495828089 0.0056735647316910045 0.0018690978848306403 0.061805327477305244 0.031551960576068509
leaf_weight=2.1657360287190421 0.43693233859812552 0.99827518328311116 0.77924167962191837 0.30672755234627302 0.054697128114640114 0.66758539896545677 0.46111026326980198 0.45660787983797479 0.62681361183786055 2.6001246101131983 0.30353590704180566 0.15096970415106614 0.91704348835628469 0.20755052754611858 0.22904837551322998 0.92259929813371833 0.19865066980855772 0.21710861169412954 0.10633164548198681 0.18127810067744565 0.4450965806718159 0.14629783574491739 0.48707595264568226 1.6484523281797008 0.11584909523662634 0.93780807810253464 0.26475150664919056 0.12670579948462535 1.4894928876346964 1.3803256298633639
leaf_count=13436 1259 1823 99 386 86 100 194 54 535 11873 203 594 126 57 96 893 29 53 19 10 732 73 69 179 14 88 20 104 571 259
internal_value=0 0.014405 -0.00960093 0.00505598 0.0396406 -0.0193884 -0.00126798 -0.0114653 0.0461598 -0.0168682 0.00949919 0.0542155 -0.0045688 0.0197862 -0.0144372 0.00175751 0.00318026 0.0241914 -0.0288856 -0.0306326 -0.00345481 0.0120844 -0.00828744 0.0272484 0.0263247 0.0133778 -0.007167 0.0582701 0.0603443 0.0295708
internal_weight=0 13.9147 6.1151 11.0291 2.88561 4.39805 9.22621 4.70519 2.44868 4.24859 4.52101 1.82187 2.14437 2.37665 1.22732 1.64846 1.49961 2.07311 2.89844 2.79211 0.626375 0.813883 0.685727 1.856 1.8029 1.71705 1.18735 1.6709 1.54419 1.49617
internal_count=34034 19379 14655 16230 3149 14468 15571 13034 1890 12980 2537 1355 2045 492 1919 1107 271 289 14197 14178 742 173 98 236 659 187 913 761 657 273
is_linear=0
shrinkage=0.05


Tree=146
num_leaves=31
num_cat=0
split_feature=36 37 15 3 30 3 30 37 23 24 15 23 25 35 21 34 37 15 30 0 32 14 14 38 38 5 22 3 14 6
split_gain=0.800159 0.964772 0.768743 0.676889 0.613875 0.481364 0.325824 0.298963 0.284516 0.249443 0.246307 0.238303 0.204783 0.182605 0.19434 0.176063 0.168851 0.167183 0.134756 0.106673 0.103712 0.0999641 0.0814716 0.0758493 0.065823 0.0768849 0.0565171 0.056274 0.0561589 0.0548012
threshold=59.45000000000001 144.65000000000001 758.50000000000011 4.641437745208993 6.5000000000000009 1.5665996026553377 20.500000000000004 60.550000000000004 20.105468750000004 2.5000000000000004 62017.000000000007 32.022962962962971 1.0000000180025095e-35 1.0000000180025095e-35 40.211296296296304 1.0000000180025095e-35 994.05000000000007 248507.50000000003 12.500000000000002 18319.455000000005 0.1408730158730159 193368.03000000006 11109.660000000002 0.55685684877229413 0.26265131177875833 1.0000000180025095e-35 1.0000000180025095e-35 -2.186798405615956 30499.280000000002 1.5000000000000002
decision_type=2 2 2 2 2 2 2 2 2 2 2 2 2 2 2 2 2 2 2 2 2 2 2 2 2 2 2 2 2 2
left_child=1 2 7 4 20 12 9 -1 17 13 24 15 -2 14 27 21 -12 -3 28 26 23 22 -9 -4 -7 -26 -8 -6 -10 -29
right_child=5 8 3 -5 6 10 19 11 18 -11 16 -13 -14 -15 -16 -17 -18 -19 -20 -21 -22 -23 -24 -25 25 -27 -28 29 -30 -31
leaf_value=-0.0092067721350627754 -0.031330396675214749 0.034778912955586175 -0.0021342264009740573 0.017448502321480461 0.00013152359643502391 -0.0038407481175797261 -0.01248073628395617 -0.0013532034827922934 -0.0037459466860292438 0.0064338013204849696 -0.020317836843339526 -0.007338904830145346 0.0051767607023295546 0.0046744174934242114 0.0039576061279926701 -0.001224615975400497 0.0076430023132329885 -0.0041517904831003356 -0.0079077882585867464 0.012280393501699899 -0.0069532337427473459 -0.00097587043296533036 0.032299496588772181 0.01792253363948643 0.0010736862916102721 0.019165034652806431 0.0046051955723289146 -0.037531846964729346 0.01507331975597143 -0.0016693196711895287
leaf_weight=0.4207472826310571 1.7311118928573694 2.8525512012492977 0.37988439964828991 1.0161716473521663 0.10204161062938588 0.31183669940219338 0.29022640105176822 0.10789732858393275 0.080684409800596546 0.14502670476213086 0.69823753960736201 0.23127904559805745 0.15023456814014924 0.09678439050912846 0.13627558205553203 0.48760290734935541 0.17546807345934212 0.082989886010181979 0.6213297791146033 0.32207844923323137 0.17472313719918009 0.20401451148791228 2.0926355628180318 0.76992105197859928 1.1086338143941246 0.64977361106866727 0.12995236986898817 3.0611177813079862 0.75002021519321715 0.20788359986181593
leaf_count=564 14247 840 110 47 233 148 914 103 129 12 317 120 102 2 217 164 12 24 459 36 256 36 372 53 523 39 31 13741 130 27
internal_value=0 0.0086337 -0.000254938 -0.00972642 -0.0163378 -0.0130962 -0.0240314 0.0161257 0.0258002 -0.028911 0.000842591 0.0209433 -0.0276303 -0.0314217 -0.0332339 0.0245095 -0.0136203 0.032903 0.00387812 0.00306288 0.00886561 0.0285549 0.0307422 0.0133856 0.00939454 0.0122832 -0.00767461 -0.0352988 0.0121977 -0.0361765
internal_weight=0 14.7638 10.3763 6.83209 5.81592 4.8253 4.49139 3.54418 4.38758 3.74913 2.94395 3.12343 1.88135 3.6041 3.50732 2.89215 0.873706 2.93554 1.45203 0.742257 1.32453 2.40455 2.20053 1.14981 2.07024 1.75841 0.420179 3.37104 0.830705 3.269
internal_count=34008 18620 17038 15679 15632 15388 15213 1359 1582 14232 1039 795 14349 14220 14218 675 329 864 718 981 419 511 475 163 710 562 945 14001 259 13768
is_linear=0
shrinkage=0.05


Tree=147
num_leaves=31
num_cat=0
split_feature=22 23 19 20 3 32 20 12 2 3 17 3 23 6 38 23 36 13 32 2 13 30 37 23 23 36 37 37 23 36
split_gain=0.710435 1.19844 0.93317 1.10447 0.903758 0.647812 0.609878 0.538861 0.407081 0.379845 0.35881 0.265694 0.252959 0.202783 0.186423 0.173863 0.170527 0.157885 0.156851 0.152612 0.140175 0.120629 0.115913 0.0961865 0.0829553 0.0797816 0.0734152 0.0599862 0.057728 0.0456324
threshold=1.0000000180025095e-35 15.024895833333336 21.025092592592596 1.5000000000000002 4.641437745208993 0.075498575498575513 2.5000000000000004 130343.04500000003 3.4383815098538704 -0.078712525027807859 14.500000000000002 2.8025866982932452 1.0000000180025095e-35 2.5000000000000004 1.2104653551150164 35.057256944444454 15.850000000000003 15.500000000000002 0.41042780748663105 19.249882541093541 31.500000000000004 1.0000000180025095e-35 994.05000000000007 17.179432870370373 30.395277777777782 232.45000000000002 666.85000000000014 232.15000000000001 37.822152777777781 179.35000000000005
decision_type=2 2 2 2 2 2 2 2 2 2 2 2 2 2 2 2 2 2 2 2 2 2 2 2 2 2 2 2 2 2
left_child=1 4 3 5 13 7 9 8 26 -5 19 -10 17 22 16 23 -11 -2 -7 21 -18 -4 -1 -13 -8 -14 -3 29 -12 -19
right_child=12 2 10 6 -6 18 24 -9 11 14 28 15 25 -15 -16 -17 20 27 -20 -21 -22 -23 -24 -25 -26 -27 -28 -29 -30 -31
leaf_value=-0.034965683268150409 0.012654367729378585 -0.028379429602380636 0.0025166935738863225 -0.0029836777305726711 0.014225137137155494 0.02780499820432605 -0.011162112935216614 0.021817568272977098 0.01552458570021082 -0.0022979785165026167 -0.0042142601535700664 0.0032491800947990371 0.033057280831339152 0.0050964798863655965 -0.00057594030671109298 0.0063633147461621478 0.059528727381894325 -0.01417773808910191 -0.0050322072393736983 0.0051580017957054865 -0.00014357644822945106 -0.029818192388705839 0.0015203651818683375 -0.020929480335445328 0.0074510207682304541 0.00085347022204849781 0.0022055467501305784 0.0050520234431826617 0.01418517636407899 0.0033301130537259993
leaf_weight=2.8962675464790704 1.563097632293647 1.6615525336037515 0.16044398614030742 0.23303467878395245 0.8402037497726268 1.2634968831735021 0.3576204741038963 0.41914051234925853 0.79308382461022153 0.047425192296941421 0.091779828955622977 0.22000047410256207 1.8814473003149035 0.11047168436925847 0.13669414467767627 0.62912372931896232 1.4863741985118393 0.58379164027428476 0.10980761872269784 0.10065115243196476 0.097469946293131104 1.4663821424655905 0.14466917506797461 0.89508859014313202 0.1729457915716921 0.26395404920913268 0.06397579380791274 0.14684609160758555 0.35580783718614839 0.068426038400502875
leaf_count=12992 324 6201 62 585 29 265 851 50 166 112 268 19 328 4 141 29 391 225 194 1 30 10423 31 68 33 14 39 31 79 4
internal_value=0 -4.08161e-05 0.0086734 0.0158895 -0.0205662 0.00249906 0.0381412 -0.00699058 -0.0134305 0.0470219 -0.0158466 0.000707968 0.0210008 -0.0310342 0.0523098 -0.00923128 0.055276 0.00574977 0.0241654 -0.0238115 0.0572222 -0.0268851 -0.0332832 -0.0168784 -0.00419078 0.0306262 -0.0268523 -0.00728307 0.0101074 -0.0114371
internal_weight=0 14.7535 10.7619 8.58683 3.99161 6.05527 2.53156 4.68197 4.26282 2.001 2.17506 2.5373 4.50756 3.15141 1.76796 1.74421 1.63127 2.36216 1.3733 1.72748 1.58384 1.62683 3.04094 1.11509 0.530566 2.1454 1.72553 0.799064 0.447588 0.652218
internal_count=33989 33063 20007 9174 13056 7031 2143 6572 6522 1259 10833 282 926 13027 674 116 533 584 459 10486 421 10485 13023 87 884 342 6240 260 347 229
is_linear=0
shrinkage=0.05


Tree=148
num_leaves=31
num_cat=0
split_feature=36 38 2 2 20 2 12 2 19 21 6 32 32 17 14 19 30 36 2 25 19 38 2 6 17 36 30 22 23 8
split_gain=0.766134 0.648203 0.540221 0.458068 0.431318 0.383937 0.314993 0.35694 0.218654 0.270948 0.266475 0.201137 0.197872 0.194799 0.180336 0.160521 0.157304 0.150821 0.129361 0.127389 0.118937 0.115007 0.113267 0.134435 0.111191 0.100559 0.0978516 0.075896 0.0765019 0.0732188
threshold=48.550000000000004 0.16399011138534472 2.0675823696672162 4.8000462868304981 2.5000000000000004 1.6385422311926139 6599.0600000000004 0.57906039266532849 6.2443113425925931 10.014218750000001 1.5000000000000002 0.23303167420814483 0.057983193277310933 9.5000000000000018 10625.925000000003 32.745989583333341 21.500000000000004 21.150000000000002 2.3483981836115562 1.0000000180025095e-35 6.052656250000001 1.4173276697267736 0.12813749444333472 1.5000000000000002 12.500000000000002 682.20000000000016 19.500000000000004 1.0000000180025095e-35 40.25133101851852 89.170000000000016
decision_type=2 2 2 2 2 2 2 2 2 2 2 2 2 2 2 2 2 2 2 2 2 2 2 2 2 2 2 2 2 2
left_child=1 3 12 22 5 6 11 20 9 10 16 14 19 17 -3 21 24 -7 -15 -2 -8 29 -1 26 25 27 -24 28 -4 -16
right_child=2 4 8 -5 -6 13 7 -9 -10 -11 -12 -13 -14 18 15 -17 -18 -19 -20 -21 -22 -23 23 -25 -26 -27 -28 -29 -30 -31
leaf_value=0.0050160639851049571 -0.029329142619268524 -0.00052978218346031879 -0.027345685300701691 0.01452386994636647 -0.0091975212982735085 0.0094401905116553199 0.02427680540686088 -0.013327719268748523 -0.012583816984531693 0.020958993923269331 0.015828814507858311 -0.0039848009072403897 0.0017838867922849448 -0.0055296524083762455 0.0453621481996394 -0.0031158123137995887 0.0086140450111104674 -0.0096276445094020547 0.020923885279057964 0.0035785014661559155 -0.0030302275917287944 0.0024977589647793472 -0.026494414503557197 0.0044463500306605964 0.0045587302489968505 0.0028835606963287467 0.0013509712327298264 0.0018594470337811469 0.0026504825575542844 -0.0011911170180523357
leaf_weight=0.13113148601405855 1.7382382192390644 0.25264823098040956 0.99043261568294905 0.9379836001608054 0.68600387724291145 0.78604181517221228 0.65975780392545835 0.61809801747222082 0.57290782483505598 1.4282498961765666 0.44302506092935789 0.10850394898079674 0.61475979359602195 0.13710013260060794 2.9396919220926079 0.066202262805745593 0.20341949143403315 1.5360334912766118 1.2916635910951297 0.10440886815194961 0.26125799385772552 0.29703246065037081 1.3870364633276038 0.18393873971945129 0.21118018236302294 0.21955484455975227 0.25588044431060541 0.14664236348471593 0.05349045067850966 0.034864004279370309
leaf_count=44 13923 942 629 87 1372 362 175 1143 1499 122 21 119 1193 115 1831 382 21 871 111 100 316 362 7332 20 19 8 850 13 4 23
internal_value=0 0.0135114 -0.00642436 -0.00576529 0.0192811 0.0221577 0.0300131 0.00587062 0.00452483 0.00929177 -0.00222159 0.0366714 -0.0212522 0.00717921 0.0385005 0.0408959 -0.0106563 -0.00227432 0.0171539 -0.0268616 0.0189856 0.0423074 -0.0171091 -0.0199098 -0.0154379 -0.0190815 -0.0232873 -0.0225994 -0.0252639 0.0446541
internal_weight=0 12.5709 6.72631 2.89597 9.6749 8.9889 5.23806 1.53911 4.2689 3.69599 2.26775 3.69894 2.45741 3.75084 3.59044 3.33779 1.82472 2.32208 1.42876 1.84265 0.921016 3.27159 1.95799 1.82686 1.6213 1.41012 1.64292 1.19057 1.04392 2.97456
internal_count=34009 16457 17552 8333 8124 6752 5293 1634 2336 837 715 3659 15216 1459 3540 2598 694 1233 226 14023 491 2216 8246 8202 673 654 8182 646 633 1854
is_linear=0
shrinkage=0.05


Tree=149
num_leaves=31
num_cat=0
split_feature=36 15 0 14 37 14 0 12 16 12 37 14 23 37 22 0 37 36 36 3 3 32 2 2 2 2 20 12 14 0
split_gain=0.956434 0.647799 0.557501 0.513799 0.498875 0.483357 0.343703 0.294463 0.512794 0.301445 0.316646 0.270136 0.261434 0.3035 0.25172 0.215433 0.240729 0.179719 0.144363 0.137119 0.127316 0.162827 0.123139 0.118769 0.111213 0.106566 0.104068 0.102104 0.0900511 0.0899941
threshold=59.45000000000001 96571.500000000015 2676.8050000000007 13540.130000000003 666.85000000000014 4570.7200000000012 3750.3550000000005 6334.2650000000012 3.5000000000000004 2794.7200000000007 175.85000000000005 433389.30000000016 34.090590277777785 125.25000000000001 1.0000000180025095e-35 3072.7900000000004 60.550000000000004 50.550000000000004 48.550000000000004 -2.3083771779771443 4.641437745208993 0.029857397504456332 19.249882541093541 19.249882541093541 1.747705563832741 0.12813749444333472 2.5000000000000004 348.16500000000002 72604.070000000022 10404.465000000002
decision_type=2 2 2 2 2 2 2 2 2 2 2 2 2 2 2 2 2 2 2 2 2 2 2 2 2 2 2 2 2 2
left_child=1 3 19 27 11 -4 -7 9 14 10 25 12 13 -2 17 16 -11 20 24 -3 21 -9 -14 -17 -18 -5 28 -1 -10 -27
right_child=4 2 5 7 -6 6 -8 8 26 15 -12 -13 22 -15 -16 23 18 -19 -20 -21 -22 -23 -24 -25 -26 29 -28 -29 -30 -31
leaf_value=0.0033833002004358447 0.0046055297518721875 0.01017320217778394 -0.0070758451821164624 0.0061311719638235777 0.015801340416895859 0.063687239670258231 0.0042087327800293247 -0.026327590094015613 0.0010094261060166893 -0.0056934975028142343 0.017323069984915018 0.0077394611165032129 -0.0086515480539984153 -0.030622158343777923 0.010466882907589098 -0.0072642460193881797 0.038021172721240948 0.0053570743565621529 -0.0016595189916230289 -0.012967939774878546 0.0031520812857630284 0.0007260058273863922 0.013402552512508346 0.012550528922061875 -0.00081200023680651039 -0.020206299239423967 -0.0040120825629229384 -0.021116066493404962 0.023500611531395266 0.003321334628629628
leaf_weight=0.23991099399063642 0.45065943055305968 0.25696176706696849 0.13940127758542065 0.13936360817024063 0.68097892723744724 0.74436703605169874 0.45726795184236835 1.6385494717505946 0.63861808660658503 0.13873006213543781 0.61730652681580966 0.4673582259165413 0.29408839976349543 2.5910608843441878 0.73230912708095264 0.66054609803177278 2.3699672115872099 0.61625786827426043 0.18054051525177772 0.34548015447944547 0.37876445380970825 0.63820300117731665 0.32016807282343507 0.43650171719491482 0.15142077250857244 0.82059259323432321 0.18982672198762873 0.75142929027242644 1.8244048944361564 0.20237516269844491
leaf_count=454 1596 34 78 36 265 144 366 3118 734 1252 125 295 2381 10789 139 608 1147 362 337 1400 13 425 7 12 148 3078 248 3571 663 77
internal_value=0 0.0137811 0.0355036 0.00837093 -0.0101423 0.046631 0.0532455 0.011443 0.00341058 0.0188955 0.000794492 -0.0166748 -0.0207877 -0.0255547 -0.00742214 0.0252585 0.0309199 -0.0129391 0.0338299 -0.00290855 -0.017489 -0.0208369 0.00402523 0.00284507 0.0361207 -0.0119354 0.0173168 -0.0164654 0.0196445 -0.0162108
internal_weight=0 15.3091 1.94348 13.3656 4.80431 1.34104 1.20163 12.3743 6.65693 5.71734 1.77964 4.12334 3.65598 3.04172 4.00408 3.93771 2.84066 3.27177 2.70193 0.602442 2.65552 2.27675 0.614256 1.09705 2.52139 1.16233 2.65285 0.99134 2.46302 1.02297
internal_count=33902 18569 2022 16547 15333 588 510 12522 5702 6820 3316 15068 14773 12385 4057 3504 2884 3918 1632 1434 3556 3543 2388 620 1295 3191 1645 4025 1397 3155
is_linear=0
shrinkage=0.05


Tree=150
num_leaves=31
num_cat=0
split_feature=21 0 45 36 12 37 36 36 2 30 33 2 23 17 17 2 23 37 36 37 15 38 21 23 2 23 37 17 3 25
split_gain=0.78326 0.757892 0.558619 0.55128 0.550691 0.493937 0.411935 0.543614 0.415995 0.404304 0.273223 0.211566 0.209957 0.208485 0.198927 0.181232 0.180599 0.178589 0.157535 0.149912 0.146134 0.139497 0.202964 0.120005 0.11309 0.0874786 0.0803115 0.0708193 0.0661287 0.0651747
threshold=5.2896122685185194 1098.5600000000002 1.0000000180025095e-35 23.450000000000003 23147.165000000005 96.450000000000017 17.550000000000004 57.350000000000001 0.54826466168038623 7.5000000000000009 1.0000000180025095e-35 3.973382124839397 15.024895833333336 9.5000000000000018 15.500000000000002 19.249882541093541 9.9100694444444475 767.50000000000011 30.850000000000005 767.50000000000011 237.50000000000003 1.1405450320486115 37.188472222222224 9.2027025462962975 0.16296717139927988 40.25133101851852 994.05000000000007 5.5000000000000009 -3.2337409725332322 1.0000000180025095e-35
decision_type=2 2 2 2 2 2 2 2 2 2 2 2 2 2 2 2 2 2 2 2 2 2 2 2 2 2 2 2 2 2
left_child=3 9 6 5 19 10 -3 8 -8 -2 28 26 23 15 18 -6 -7 -4 -14 25 -20 22 -22 -10 -11 29 -9 -12 -1 -5
right_child=1 2 17 4 13 16 7 11 12 24 27 -13 14 -15 -16 -17 -18 -19 20 -21 21 -23 -24 -25 -26 -27 -28 -29 -30 -31
leaf_value=0.0029987893271638433 0.011144133318739768 -0.0047682174101626911 -0.017421046477098454 -0.033958222810039816 -0.017012634313889621 0.02831767384222876 -0.0056388524354798507 -0.014089055260170428 0.014657693118125203 0.0032829701697806944 -0.0042046839938994331 0.013290633470950074 0.010631167207642003 0.016269422573618849 -0.0015208224562271815 0.0097116164261671391 -0.0056449777720913811 0.009183725456546353 -0.00067029211748351842 0.0032251696143329152 0.053174042760993578 0.0049555826059309452 -0.0029509176737876749 -0.0062003283560979824 -0.024242287412526927 0.0021969209515046218 0.0054455458364034886 0.013821832639406501 -0.021169614516618491 0.0015933337900614014
leaf_weight=0.068811744436970801 0.86335379583215344 0.88264436543067581 0.70975911241112122 1.9840000776584945 0.61220933397635213 1.192995479555975 0.39921095336467072 0.88464645708336298 0.83297613303875528 0.18767270773241751 0.27496338032506162 0.86030089059204318 1.0875920518628843 0.69963860009011114 0.20753840076940822 0.23174703773111105 0.12266928623284901 0.2302230547866202 0.12930319564475246 0.15203802001997235 2.905019633926714 0.40502479445058259 0.062000058613193576 0.40245535104622832 1.2389812948931647 0.061108132707886287 0.12884694318927359 0.54111687197291758 0.93770310690706837 0.043886586434382369
leaf_count=20 403 2494 2591 5370 501 277 269 5834 440 153 297 196 827 91 51 9 69 37 36 28 1033 353 147 534 8420 42 23 235 3307 34
internal_value=0 0.014056 0.0196099 -0.00600121 -0.0170201 0.00818896 0.023234 0.0264027 0.0324791 -0.00900103 -0.00774998 0.00150285 0.035445 0.00479104 0.0398647 -0.00838722 0.0240808 -0.00952986 0.0416736 -0.0288863 0.0468121 0.0483697 0.051553 0.00812886 -0.0207607 -0.0315109 -0.0101345 0.00877728 -0.0188463 -0.0329167
internal_weight=0 12.4175 10.1275 6.92289 3.78463 3.13826 9.18756 8.30491 6.43112 2.29001 1.8226 1.87379 6.03191 1.54359 4.79648 0.843956 1.31566 0.939982 4.58894 2.24103 3.50135 3.37204 2.96702 1.23543 1.42665 2.08899 1.01349 0.81608 1.00651 2.02789
internal_count=34121 23841 14865 10280 6075 4205 12237 9743 3690 8976 3859 6053 3421 601 2447 510 346 2628 2396 5474 1569 1533 1180 974 8573 5446 5857 532 3327 5404
is_linear=0
shrinkage=0.05


Tree=151
num_leaves=31
num_cat=0
split_feature=19 17 3 45 36 15 15 1 1 1 4 23 39 3 3 1 15 3 37 19 15 14 30 38 11 23 15 15 20 22
split_gain=0.84354 0.515627 0.489579 0.470609 0.421801 0.57211 0.460291 0.380996 0.379523 0.289914 0.198244 0.193839 0.293491 0.160616 0.430993 0.158738 0.155694 0.14956 0.141496 0.138575 0.12848 0.124755 0.120791 0.0973789 0.0945702 0.0759179 0.072023 0.0695928 0.0621862 0.0591693
threshold=21.025092592592596 5.5000000000000009 2.4965913171622796 1.0000000180025095e-35 60.050000000000004 80277.500000000015 13904.000000000002 7.9524110809646551 7.8670537743107083 8.1511357858530964 1.0000000180025095e-35 30.395277777777782 1.0000000180025095e-35 -0.35239019237154329 1.1330830612240095 4.6763643659302874 61401.500000000007 -2.186798405615956 994.05000000000007 0.80135995370370383 4522.5000000000009 31582.470000000005 4.5000000000000009 0.10846262257064267 3.5000000000000004 30.949230324074076 3148.5000000000005 302.50000000000006 1.5000000000000002 1.0000000180025095e-35
decision_type=2 2 2 2 2 2 2 2 2 2 2 2 2 2 2 2 2 2 2 2 2 2 2 2 2 2 2 2 2 2
left_child=1 2 7 4 5 6 13 8 11 -7 17 12 -1 20 25 -5 19 -2 -17 26 23 -16 -8 -3 -4 -15 -6 -25 -24 -19
right_child=10 3 24 15 16 9 22 -9 -10 -11 -12 -13 -14 14 21 18 -18 29 -20 -21 -22 -23 28 27 -26 -27 -28 -29 -30 -31
leaf_value=-0.023973063821511292 0.0042472528388022785 -0.0010683669666415316 0.019036263712015708 0.0093075581679653418 -0.0015638859856179647 -0.0028737070140089022 0.0076996293304559503 -0.023696127044629242 0.021781113886863351 0.05732694736905939 0.0071915613006983507 0.0094133734000856686 0.009758539465869789 -0.015620115848118231 -0.0041647097087706845 -0.020800067332520576 -0.013876960472225006 -0.026700002616160762 0.0057747439275098594 -0.0083353495775547772 -0.0023582349355677308 0.022112673262266402 -0.016015013895347468 0.0044331064536565585 -0.0030792990665271126 0.0037569288837097773 0.016986287040313998 0.039138295985599501 0.0016485944152737132 -0.00077442837477323021
leaf_weight=1.0850398043803648 0.23187157689062665 0.13557500434763126 1.5244841045787323 0.22675957647152312 0.50340189986491279 0.12230209877088771 0.45327078290574707 1.6068936837873478 0.5948906659377825 0.74242989219419542 0.26782904583524203 0.35135796749455028 0.29218265501731355 0.71160224951017248 0.19732382481015553 0.72211959824198857 0.34425015164924833 1.5858948473505723 0.20672420378832612 0.3664571142362546 0.13814623333746556 2.1786849831914878 0.71997613938219707 0.45264855082496058 0.28967566673964018 0.25965658089262433 0.93503301666714833 1.446747862108168 0.46139677318751637 0.30732051508675784
leaf_count=7147 243 253 144 58 165 459 46 3090 254 115 32 406 183 1169 157 1873 995 10877 22 2624 429 270 1350 181 26 163 395 231 585 182
internal_value=0 0.0110552 -0.00112736 0.0168251 0.0201268 0.0248699 0.0156538 -0.0104838 0.00303428 0.0518375 -0.0164184 -0.00903552 -0.0157221 0.0217171 0.00996022 -0.00808755 0.000150477 -0.020743 -0.014958 0.00681951 0.0309803 0.0193432 -0.00529352 0.0332748 0.0156656 -0.0111619 0.0125154 0.0352492 -0.0115231 -0.0242138
internal_weight=0 17.069 5.74452 11.3245 10.1689 8.01976 7.15503 3.93036 2.32347 0.864732 2.39292 1.72858 1.37722 5.52039 3.34727 1.1556 2.14914 2.12509 0.928844 1.80489 2.17312 2.37601 1.63464 2.03497 1.81416 0.971259 1.43843 1.8994 1.18137 1.89322
internal_count=34124 22790 11250 11540 9587 5408 4834 11080 7990 574 11334 7736 7330 2853 1759 1953 4179 11302 1895 3184 1094 427 1981 665 170 1332 560 412 1935 11059
is_linear=0
shrinkage=0.05


Tree=152
num_leaves=31
num_cat=0
split_feature=22 12 37 36 15 3 31 23 37 15 12 23 3 3 10 3 3 39 3 3 21 14 21 33 21 23 19 23 37 23
split_gain=0.533365 0.53054 0.619954 0.878996 0.610419 0.715761 0.542724 0.464814 0.383904 0.373269 0.287097 0.269452 0.197306 0.194242 0.168384 0.166954 0.142892 0.13187 0.129794 0.127245 0.156459 0.120712 0.0968759 0.0795933 0.0772273 0.0743457 0.0696375 0.0603932 0.0548644 0.0522919
threshold=1.0000000180025095e-35 108348.12500000001 193.55000000000004 58.850000000000001 758.50000000000011 4.641437745208993 1.0000000180025095e-35 1.0000000180025095e-35 767.50000000000011 182.50000000000003 53067.835000000014 15.436921296296299 2.4965913171622796 -0.52042571719402575 1652.5600000000002 -2.8212351170226846 1.4069004245689793 1.0000000180025095e-35 0.21096454792475625 0.81556946265381158 7.9919155092592602 466359.55500000005 32.081232638888899 1.0000000180025095e-35 23.546533564814819 33.176452546296304 0.027800925925925927 15.436921296296299 72.65000000000002 2.9974942129629638
decision_type=2 2 2 2 2 2 2 2 2 2 2 2 2 2 2 2 2 2 2 2 2 2 2 2 2 2 2 2 2 2
left_child=1 2 4 11 9 6 10 12 21 -1 17 -4 15 14 -11 -2 24 -6 -17 -20 -21 25 -9 -7 -15 -5 -3 -8 -29 -12
right_child=7 26 3 8 5 23 27 22 -10 13 29 -13 -14 16 -16 18 -18 -19 19 20 -22 -23 -24 -25 -26 -27 -28 28 -30 -31
leaf_value=-0.016323476088582613 0.010633975885734337 0.024832601188156979 -0.0056875137455593416 -0.026864650055029041 -0.0384794829071241 -0.0020762251642110797 -0.0073865346739368292 0.032781648399077198 0.012766440743906551 0.028669144372211405 0.0083417191435080362 0.036702367940239115 0.015709973137264788 -0.013988821404494723 -0.0046383309586505396 -0.020761158649782813 0.010353047065032388 0.00076660222312409452 0.011738440407581367 -0.017193606576776519 0.0079549823878764438 0.0036399891290980453 -0.00030104403395899451 0.017702394547100743 0.0047615685321397818 -0.00020417769034215502 -0.00040168284001180967 -0.0048051727853849931 0.010677056910494469 -0.0062608708322503901
leaf_weight=0.57015087487889315 0.29601279227063138 0.98759361644624621 0.15884263643238172 0.9639489240908008 3.4362996216459583 0.48879709898028512 0.17200272437185038 1.8367637784103865 0.61993718966550648 0.85220105001280921 0.1987161741053568 1.3442867301928343 0.52311411651317019 0.67360015369922599 0.16669580352026969 0.6640068746637543 0.82492015096067917 0.18435007861808106 0.38595103351690319 0.47739898596773855 0.29904728330438957 0.21458746274220164 0.22039741917978961 0.48008620738983154 0.22780689388673636 0.3194401886939886 0.28057676068419823 0.15538565163296858 0.86119513701851247 0.27671616206498584
leaf_count=998 23 89 136 5582 21848 34 201 332 178 116 51 188 24 386 112 328 74 500 110 45 70 60 17 12 147 1235 242 105 211 546
internal_value=0 -0.000987683 -0.00451801 0.0111494 -0.0109408 -0.0191657 -0.0257976 0.0170078 -0.00895736 0.00541952 -0.0329258 0.0317402 0.00119712 0.013088 0.0236216 -0.00626565 0.000487131 -0.0367478 -0.0117979 0.000555395 -0.00848206 -0.0194594 0.0302982 0.0117376 -0.00923811 -0.0232243 0.021534 0.00258762 0.00710126 0.0013596
internal_weight=0 14.4581 13.19 3.62104 9.56892 6.25355 5.28467 4.70269 2.11791 3.31537 4.09608 1.50313 2.64553 2.74522 1.0189 2.12242 1.72633 3.62065 1.8264 1.1624 0.776446 1.49798 2.05716 0.968883 0.901407 1.28339 1.26817 1.18858 1.01658 0.475432
internal_count=34000 33051 32720 7379 25341 23508 23462 949 7055 1833 22945 324 600 835 228 576 607 22348 553 225 115 6877 349 46 533 6817 331 517 316 597
is_linear=0
shrinkage=0.05


Tree=153
num_leaves=31
num_cat=0
split_feature=2 3 2 14 30 37 38 2 30 15 30 2 12 23 23 19 36 0 2 15 14 0 15 12 12 38 14 12 12 38
split_gain=0.846228 0.905182 0.830632 0.510237 0.361435 0.337628 0.365444 0.352806 0.322129 0.301867 0.263261 0.141424 0.126712 0.11929 0.116626 0.105511 0.0941957 0.072787 0.0709739 0.0696405 0.0693424 0.0681994 0.0632562 0.0732128 0.058319 0.0598047 0.0581725 0.0576749 0.0531182 0.0530646
threshold=1.59610900237779 -2.439985648015996 1.6385422311926139 466359.55500000005 7.5000000000000009 216.95000000000002 1.7196581197618641 8.8199967649303783 19.500000000000004 691.50000000000011 4.5000000000000009 2.2740365623802332 47083.44000000001 33.030028935185193 35.143981481481489 4.6885995370370379 161.35000000000005 6809.0350000000008 2.3119492112865339 482.50000000000006 5200.0950000000012 49226.510000000002 25506.000000000004 9770.7500000000018 171661.18500000003 2.1517133772149184 36200.795000000006 2682.6750000000006 4435.7850000000008 2.2088746428442723
decision_type=2 2 2 2 2 2 2 2 2 2 2 2 2 2 2 2 2 2 2 2 2 2 2 2 2 2 2 2 2 2
left_child=1 -1 26 4 22 7 11 9 24 17 -11 -7 13 16 20 -5 -12 28 -14 -10 -13 -9 23 27 25 -6 -2 -3 -4 -8
right_child=2 3 5 15 8 6 29 21 19 10 12 14 18 -15 -16 -17 -18 -19 -20 -21 -22 -23 -24 -25 -26 -27 -28 -29 -30 -31
leaf_value=0.021087697809603678 0.047814654865556812 -0.0036402770089488303 -0.002565639443364368 0.02054928119392337 -0.033804281612420432 -0.004121694015428271 -0.013759524412505865 0.018007586527246378 0.00811725709190937 0.0098885350585229681 -0.026022063219015564 -0.0017099190207818277 0.0091756153532197137 0.0014205968336388087 -0.00010073693945577857 -0.0046089049616874524 0.0032413474878397312 -0.0039849508703689784 -0.0071127439098507524 -0.0074661049016211791 0.032216604720616597 -0.00011192915708311716 -0.0062733214936507662 -0.0057922920850960215 0.00068120295507062426 0.00014416317836633862 1.3806401267573986e-05 0.015361470336241481 0.01691217420170496 0.0040057616913752323
leaf_weight=1.3453483187986428 0.71367105469835124 0.1058002823592703 0.14253081211427143 0.35994382295029925 2.982812981628741 0.12194783375525808 0.28034289646348032 1.5491313926177102 0.4641702311746484 0.43109713360172497 2.1198556445997396 0.05613744489346606 0.27786155739522644 0.40108407595471351 0.32769362642284239 0.16235822935777833 0.076729886615794274 0.26868734013260109 0.41334951199678471 0.41020627124635212 1.9415107735912895 0.63673535740235809 0.66275724126899149 0.16517852190554549 0.093299061998550203 0.12534124367812172 0.066703566673822934 0.56545944542085635 0.80629960934311384 0.094823156521670171
leaf_count=677 272 124 94 73 20640 668 68 137 164 125 4410 46 117 907 81 332 57 75 87 2440 487 43 681 129 35 431 138 195 109 39
internal_value=0 -0.00680873 0.0140988 -0.0150679 -0.0197004 0.00761673 0.0196131 0.0010342 -0.0260791 -0.00628537 -0.0126867 0.0255858 -0.0172614 -0.0210427 0.0279147 0.0148385 -0.0243056 0.0101742 0.000988861 0.0007236 0.0310108 0.014351 0.00113728 0.00722773 -0.0318293 -0.0327334 0.0460315 0.0119804 0.0141711 -0.00962161
internal_weight=0 7.44268 10.7262 6.09733 5.57503 9.94582 2.82246 7.12336 4.07583 4.9375 3.71998 2.44729 3.28888 2.59767 2.32534 0.522302 2.19659 1.21752 0.691211 0.874377 1.99765 2.18587 1.4992 0.836438 3.20145 3.10815 0.780375 0.67126 0.94883 0.375166
internal_count=33881 25921 7960 25244 24839 7550 1389 6161 23710 5981 5703 1282 5578 5374 614 405 4467 278 204 2604 533 180 1129 448 21106 21071 410 319 203 107
is_linear=0
shrinkage=0.05


Tree=154
num_leaves=31
num_cat=0
split_feature=17 13 17 2 22 14 34 22 37 14 13 19 13 19 30 14 39 21 37 36 21 14 37 9 3 36 21 30 15 12
split_gain=0.597371 1.26533 0.747516 0.498692 0.46569 0.364008 0.366814 0.339531 0.293311 0.233572 0.216471 0.196605 0.188347 0.186044 0.171345 0.167491 0.165094 0.128077 0.103941 0.0981579 0.134166 0.0931072 0.0915423 0.0839762 0.0695626 0.0690491 0.0585357 0.0571982 0.0488731 0.0487372
threshold=5.5000000000000009 12.500000000000002 8.5000000000000018 8.8199967649303783 1.0000000180025095e-35 14341.955000000002 1.0000000180025095e-35 1.0000000180025095e-35 71.750000000000014 32314.66 29.500000000000004 19.450028935185191 15.500000000000002 23.137812500000006 5.5000000000000009 39107.474999999999 1.0000000180025095e-35 6.823975694444445 994.05000000000007 23.450000000000003 17.369594907407411 380130.52500000008 139.95000000000002 2.5000000000000004 4.641437745208993 36.550000000000004 30.329953703703705 9.5000000000000018 182.50000000000003 94166.160000000018
decision_type=2 2 2 2 2 2 2 2 2 2 2 2 2 2 2 2 2 2 2 2 2 2 2 2 2 2 2 2 2 2
left_child=3 5 4 7 12 -2 11 14 21 -10 13 27 17 -11 -1 -12 18 -3 -16 -9 -21 -4 -5 -14 29 -19 -8 -7 -29 -17
right_child=1 2 8 22 -6 6 26 19 9 10 15 -13 23 -15 16 24 -18 25 -20 20 -22 -23 -24 -25 -26 -27 -28 28 -30 -31
leaf_value=0.0032717179061734734 -0.001933570739414343 -0.01203387604010289 -0.012444611629391743 -0.0021596558478014158 0.012217384540452516 0.001058175809522104 -0.0059917316351341919 0.012802349642879391 -0.0062711210464130411 0.029325644754940306 0.014884728264477967 0.00082319139516793302 -0.028264832501036383 -0.0032814394806395179 -0.028860470829689646 -0.014844175543828992 0.0035888793145061439 -0.0054529344782996512 0.0028882975497774347 -0.013044851647827833 0.0093997734091718944 0.0063043670036772087 0.020750171284793326 0.0021715721712442216 0.0051978053397784135 0.0125440214508106 0.0093567772709540822 9.8546354367735976e-05 0.057988207598403257 0.0029254734494478102
leaf_weight=0.43673958229919962 0.39027086308487868 0.43410680975284666 0.65888993233966164 0.34255098854191579 0.87321467547735654 0.085377314780999192 0.31548876427768835 0.6804234455921685 0.4398492253239964 3.2596769939482333 0.43703991493930505 0.20692377740124346 1.7009850108697717 0.27788467695972929 2.1674642572488674 0.67479037539305842 0.25927325602242479 0.12220978452933196 0.094690006357268319 0.54903566258872161 0.25570893423719099 0.32080725695414003 0.87184641684871167 0.099436055079422547 0.20834222342818975 0.62592099859830341 0.22872598655339971 0.040467079470545175 1.4628300052081611 0.13258714108451386
leaf_count=369 1231 680 1662 29 205 99 423 107 1467 1264 138 614 6277 919 13553 1228 334 787 18 109 62 68 42 103 10 1398 122 34 622 35
internal_value=0 0.0141068 0.0045669 -0.00450322 -0.0111311 0.0391376 0.0445158 -0.0121108 0.0142379 0.0183227 0.0211754 0.0518886 -0.019318 0.0266056 -0.019967 0.00249643 -0.0237782 -0.00136631 -0.0270535 0.00527522 -0.00465637 -0.00622185 0.0162309 -0.0264087 -0.00757387 0.00816658 0.0023409 0.0556525 0.0570918 -0.011922
internal_weight=0 12.9958 10.2657 5.65773 3.85587 2.73008 2.33981 4.44334 6.40987 5.43017 4.99032 1.7956 2.98266 3.53756 2.95817 1.45276 2.52143 1.18224 2.26215 1.48517 0.804745 0.979697 1.2144 1.80042 1.01572 0.748131 0.544215 1.58867 1.5033 0.807378
internal_count=34009 19386 16241 14623 9450 3145 1914 14552 6791 5061 3594 1369 9245 2183 14274 1411 13905 2865 13571 278 171 1730 71 6380 1273 2185 545 755 656 1263
is_linear=0
shrinkage=0.05


Tree=155
num_leaves=31
num_cat=0
split_feature=17 13 17 32 30 19 24 37 35 23 14 39 10 24 32 24 30 10 0 37 34 33 6 9 13 12 32 26 15 10
split_gain=0.727757 0.958096 0.870794 0.428022 0.411478 0.332036 0.330014 0.325557 0.33526 0.259018 0.228997 0.208381 0.191103 0.185594 0.172781 0.159655 0.145263 0.139589 0.138876 0.091106 0.0849231 0.0837513 0.0765398 0.0674987 0.0699399 0.0667745 0.06368 0.0557795 0.0489527 0.0457384
threshold=5.5000000000000009 14.500000000000002 8.5000000000000018 0.059714795008912663 5.5000000000000009 2.0870370370370375 1.5000000000000002 666.85000000000014 1.0000000180025095e-35 21.809947916666669 14341.955000000002 1.0000000180025095e-35 2792.145 1.5000000000000002 0.23303167420814483 1.5000000000000002 14.500000000000002 9040.1100000000024 106.38000000000001 92.350000000000009 1.0000000180025095e-35 1.0000000180025095e-35 1.0000000180025095e-35 1.5000000000000002 53.500000000000007 5611.8850000000011 0.033615819209039555 1.0000000180025095e-35 98372.000000000015 41718.265000000007
decision_type=2 2 2 2 2 2 2 2 2 2 2 2 2 2 2 2 2 2 2 2 2 2 2 2 2 2 2 2 2 2
left_child=4 10 11 5 21 9 23 8 12 26 -2 13 15 17 16 18 -12 -3 -6 -5 28 -1 -11 24 -7 -14 -4 -20 -18 -27
right_child=1 2 3 19 7 6 -8 -9 -10 22 14 -13 25 -15 -16 -17 20 -19 27 -21 -22 -23 -24 -25 -26 29 -28 -29 -30 -31
leaf_value=-0.0050090699223275751 -0.00021767027780180055 -0.029264310425489527 0.023266899790802292 0.00032474450641667299 0.0032911002876638779 -0.025103503206965212 0.012538917664432832 0.010885478816668388 0.010305345410170919 -0.012907683085220981 0.0081952218759866642 0.00624270297970998 0.0086816416134575074 0.0054898696256322418 -0.0032090058678263646 0.0031611079721517036 0.044667671881383271 0.00060368003667522069 -0.033679929624728676 0.03043989708510221 0.001890221528755974 0.015457144804328006 0.005748085466076594 0.00016041842875842073 0.0026295814046357457 -0.011471679102993491 -0.0021222682015562024 0.0010562049097200224 -0.00067264198775146523 0.0040593357670679264
leaf_weight=0.14809922387212537 0.59019346416243879 1.9753171583597571 1.1550725673641866 0.30564269490787399 0.10179059947404479 1.1089887774123779 0.35141864520846855 0.33698517694938335 0.24731174483895291 0.43751793949195406 1.0408212230704528 0.32823208172703733 0.23082638495179697 0.19962412868335366 0.150033708927367 0.18468088809458993 1.7210354571252535 0.40454830231647054 2.6312601020472361 1.3434880781969694 0.22282645214363572 0.83493850010563619 0.17142944317311049 0.34636413581029035 0.057385011888982151 0.29246427400721586 0.10204675125351048 0.057791887305938761 0.030839017917969502 0.12488257681616233
leaf_count=282 1720 6878 404 135 67 4745 82 115 10 475 1784 186 135 125 146 258 1086 238 12988 294 455 103 6 329 17 572 39 87 122 29
internal_value=0 0.0106759 0.000365521 0.0117159 -0.0102354 0.000630045 -0.0115221 -0.0165091 -0.0206391 0.0125543 0.0285652 -0.0182575 -0.0245231 -0.0222481 0.0326955 -0.0286283 0.0348361 -0.0255107 -0.0310108 0.027088 0.0414026 0.0114027 -0.00734738 -0.0198773 -0.0231551 0.000257943 0.0211788 -0.0328495 0.0439151 -0.0072392
internal_weight=0 12.0428 8.28708 5.37935 5.19103 3.73022 1.86416 4.20799 3.87101 1.86607 3.75575 2.90772 3.6237 2.57949 3.16556 2.97552 3.01552 2.37987 2.79084 1.64913 1.9747 0.983038 0.608947 1.51274 1.16637 0.648173 1.25712 2.68905 1.75187 0.417347
internal_count=33912 19266 13953 6526 14646 6097 5173 14261 14146 924 5313 7427 14136 7241 3593 13400 3447 7116 13142 429 1663 385 481 5091 4762 736 443 13075 1208 601
is_linear=0
shrinkage=0.05


Tree=156
num_leaves=31
num_cat=0
split_feature=36 15 33 14 12 21 37 38 0 6 37 0 0 0 24 21 37 37 3 2 37 23 15 12 13 39 23 24 2 14
split_gain=0.781674 0.712434 0.451255 0.445975 0.359526 0.329235 0.291949 0.337644 0.272312 0.271713 0.26763 0.254423 0.237029 0.218216 0.216175 0.214599 0.169674 0.160775 0.151698 0.150499 0.150357 0.147541 0.138744 0.119575 0.114549 0.109399 0.0895455 0.080036 0.0785776 0.0609844
threshold=57.350000000000001 93744.500000000015 1.0000000180025095e-35 4570.7200000000012 2794.7200000000007 7.7567418981481486 994.05000000000007 2.9674897060337968 2676.8050000000007 1.5000000000000002 102.05000000000001 1212.7500000000002 8716.3000000000011 3750.3550000000005 2.5000000000000004 31.497939814814817 55.050000000000004 103.35000000000001 -0.71523369335724563 19.249882541093541 178.95000000000002 15.862008101851854 43635.000000000007 108348.12500000001 32.500000000000007 1.0000000180025095e-35 11.849895833333335 2.5000000000000004 4.8000462868304981 22913.230000000003
decision_type=2 2 2 2 2 2 2 2 2 2 2 2 2 2 2 2 2 2 2 2 2 2 2 2 2 2 2 2 2 2
left_child=1 2 4 -3 20 10 7 9 -5 14 23 -7 15 -10 17 16 -13 -2 -18 25 27 -12 -4 -6 -20 -19 -14 -1 -15 -24
right_child=6 3 22 8 5 11 -8 -9 13 -11 21 12 26 28 -16 -17 18 19 24 -21 -22 -23 29 -25 -26 -27 -28 -29 -30 -31
leaf_value=-0.024192152347207299 0.0039540370670533955 -0.0079991489159322703 0.024254901689826067 0.00098806700240483786 -0.022220099107054456 -0.0086502683236406881 0.013347263199714875 0.013075947287753249 0.059333348674097668 0.0094194817521603587 0.013857705276236816 -0.0051551493727435074 0.0074817925223998917 -0.0064963599564710267 0.0074580590154190596 -0.0067858948834135166 -0.0035432128026039629 -0.032970867665875501 0.032652583307252729 -0.0022029565484003619 0.0052223598778846775 -0.0089108314800846362 0.0080972663809139398 0.0045778028072948054 -0.0016960813775897332 0.0006852164337427379 -0.010875600231064 0.0031508332773851283 0.012274047367134909 -0.0068401699510168557
leaf_weight=0.99023192310960595 0.227198696778942 0.17048781977246008 2.9279930510747367 0.36842577770039486 1.0252151568165575 0.50756314873979125 0.5171151266695232 0.37225337422205473 0.74681757657890535 0.28973482022047381 0.9668608526135356 0.11457665408306761 0.2899234964243077 0.14702248273715668 0.17275681137107302 0.16695802921822167 0.14569780611054817 2.2007866729491079 2.3246256493621331 0.72907244268571947 0.25226842080883205 0.28520612742795493 0.29103222914636706 0.15154224773868907 0.15885206806342456 0.21772666770812055 0.48140168706231634 0.066498488653451204 0.3551888804504415 0.45266278276903904
leaf_count=5096 602 455 1410 1100 2528 1693 94 64 149 53 544 814 97 375 21 675 245 14447 1143 29 142 156 324 55 129 483 627 7 20 361
internal_value=0 0.0144436 0.00817396 0.0375962 0.000805844 0.00596475 -0.0077824 -0.0124419 0.0436221 -0.0171088 -0.00697762 0.0133665 0.0176008 0.0501669 -0.0208703 0.0227243 0.0258529 -0.0236937 0.0282523 -0.0261616 -0.0165647 0.00701752 0.0205045 -0.0182514 0.0305993 -0.0306269 -0.0036471 -0.0217761 0.00611244 0.00029671
internal_weight=0 13.3871 11.5991 1.78794 7.92742 6.61842 4.72664 4.20953 1.61745 3.83728 2.42882 4.1896 3.68204 1.24903 3.54754 2.91071 2.74375 3.37478 2.62918 3.14759 1.309 1.25207 3.67169 1.17676 2.48348 2.41851 0.771325 1.05673 0.502211 0.743695
internal_count=33938 18145 16046 2099 13951 8706 15793 15699 1644 15635 3283 5423 3730 544 15582 3006 2331 15561 1517 14959 5245 700 2095 2583 1272 14930 724 5103 395 685
is_linear=0
shrinkage=0.05


Tree=157
num_leaves=31
num_cat=0
split_feature=19 21 19 23 21 24 2 3 30 14 21 6 2 23 38 2 21 15 36 15 37 36 12 14 22 2 30 37 2 32
split_gain=0.638297 1.22017 0.68693 0.560901 0.489445 0.480087 0.388893 0.527771 0.295301 0.224193 0.181655 0.373879 0.290227 0.27649 0.2321 0.155978 0.142065 0.117042 0.105961 0.0930578 0.0926512 0.0746644 0.0643577 0.0635525 0.0614116 0.0524019 0.0467556 0.0449941 0.0364744 0.0297345
threshold=11.97892939814815 11.354212962962965 0.027800925925925927 30.395277777777782 33.047112268518525 2.5000000000000004 0.24344554179186695 0.80203339531218354 21.500000000000004 29174.240000000002 3.8986342592592598 1.0000000180025095e-35 1.747705563832741 2.9046527777777782 1.5463336143265562 19.249882541093541 20.097858796296297 237.50000000000003 48.550000000000004 182.50000000000003 64.050000000000011 125.55000000000001 171661.18500000003 356451.57500000007 1.0000000180025095e-35 0.12813749444333472 18.500000000000004 49.45000000000001 19.249882541093541 0.23303167420814483
decision_type=2 2 2 2 2 2 2 2 2 2 2 2 2 2 2 2 2 2 2 2 2 2 2 2 2 2 2 2 2 2
left_child=1 2 6 5 16 15 29 23 9 21 11 12 -9 -13 17 25 -5 -14 20 -11 -18 26 -19 -8 28 -2 -3 -21 -4 -1
right_child=3 8 24 4 -6 -7 7 10 -10 19 -12 13 14 -15 -16 -17 18 22 -20 27 -22 -23 -24 -25 -26 -27 -28 -29 -30 -31
leaf_value=0.026824855459508926 0.00079535801933490957 -0.0083177529057417258 -0.027173092482067836 -0.005093463110081453 -0.016573939330081621 0.012382456441726674 -0.023656661490246839 0.012823551573962616 -0.0051037267072018069 -0.0016413022067899232 0.02000585449670653 -0.0086124573921262833 0.0035559562761570923 0.022405914720962029 0.0062006702678520948 0.0045290195993102659 -0.0025948463641332978 -0.028566833321428838 -0.0026394832766094625 0.0016405659043167442 0.02830889428844522 0.013055977176949271 0.0021269300987928172 0.0021031537091297748 0.00043409974732743894 -0.031233522667174437 0.0055966189446696596 0.042074946056637585 0.0012949773943103007 -0.00046852255589721078
leaf_weight=0.90000624949243668 0.082072302899178218 0.46989144260805848 1.2306569812790256 0.16864234880085893 0.57180978443830088 0.32411899336148042 1.008444576662441 0.26084433663709283 0.28737776562047646 0.055796712287701999 0.99449756604008133 0.41963971313089121 0.11492420625290822 1.2900883718830298 0.38568206541822281 0.09402131289243687 0.095402242615818866 1.274523067722839 0.1769673728977067 0.15524281066245782 1.2442709620554522 0.49775586633222701 0.04237503558397282 0.098157459826324955 0.20245714527845837 2.2625637829059997 0.1484558222364285 2.4486090840910038 0.025863466784357914 0.069571907864883542
leaf_count=257 36 467 8152 353 3914 41 4765 130 45 24 87 13 15 58 57 2 443 1102 1163 81 523 174 1 128 152 11272 63 479 1 20
internal_value=0 0.0107542 -0.000917351 -0.00898852 0.00785373 -0.0211785 0.00638979 -3.63634e-05 0.0301094 0.033297 0.00777387 0.00105499 -0.0110558 0.0144239 -0.0178179 -0.0279428 0.0192275 -0.024177 0.0228812 0.039693 0.0259397 0.0065006 -0.0270875 -0.021458 -0.0238975 -0.0302098 -0.00358311 0.0407884 -0.0262729 0.0256229
internal_weight=0 12.3809 8.31773 5.01987 2.25709 2.76278 6.85875 5.88918 4.06313 3.77575 4.78257 3.78808 2.07835 1.70973 1.8175 2.43866 1.68528 1.43182 1.51664 2.65965 1.33967 1.1161 1.3169 1.1066 1.45898 2.34464 0.618347 2.60385 1.25652 0.969578
internal_count=34018 16271 14938 17747 6396 11351 6633 6356 1333 1288 1463 1376 1305 71 1175 11310 2482 1118 2129 584 966 704 1103 4893 8305 11308 530 560 8153 277
is_linear=0
shrinkage=0.05


Tree=158
num_leaves=31
num_cat=0
split_feature=23 19 24 15 19 21 21 33 36 1 2 23 1 1 2 37 2 3 37 12 13 2 37 23 3 19 22 13 2 38
split_gain=0.649284 1.14314 0.92227 0.702837 0.635825 1.06319 0.579212 0.487593 0.31209 0.23581 0.192098 0.234758 0.172737 0.12913 0.115356 0.114116 0.103487 0.101725 0.108617 0.115623 0.0870373 0.0820649 0.0604225 0.0546484 0.0543314 0.0521643 0.0520935 0.0456471 0.0448422 0.0377043
threshold=27.7352025462963 2.0870370370370375 1.5000000000000002 691.50000000000011 26.558802083333337 16.944832175925928 5.2896122685185194 1.0000000180025095e-35 40.050000000000004 10.46322818499157 0.94558403507973199 17.179432870370373 6.8016111230096516 10.46322818499157 19.249882541093541 62.95000000000001 0.12813749444333472 -3.2337409725332322 767.50000000000011 44951.905000000006 27.500000000000004 0.12813749444333472 666.85000000000014 20.844432870370373 4.641437745208993 32.745989583333341 1.0000000180025095e-35 6.5000000000000009 2.2110177072425423 2.1517133772149184
decision_type=2 2 2 2 2 2 2 2 2 2 2 2 2 2 2 2 2 2 2 2 2 2 2 2 2 2 2 2 2 2
left_child=1 3 14 15 5 9 7 17 20 -2 -8 28 25 21 16 -1 -3 -5 19 -19 -7 -9 -18 27 -11 -6 -4 -17 -12 -14
right_child=4 2 26 6 12 8 10 13 -10 24 11 -13 29 -15 -16 23 22 18 -20 -21 -22 -23 -24 -25 -26 -27 -28 -29 -30 -31
leaf_value=-0.0025931420250353389 -0.018279866336829154 0.0016700550022814998 -0.0027823157077090399 0.0037726189355198761 0.01134274693940821 0.050852517326657687 -0.0069559067067132664 0.0067232854933001853 0.0025053162375643298 -0.002543814485035243 0.00013638119083257141 -0.0033050679548999699 -0.018967551404519487 0.015159600889036987 0.0031382716508436778 -0.00017767581148032946 -0.034700562365957976 -0.031712725818683694 0.0029490860459413203 -0.003077368286619963 -6.3936845910471165e-05 -0.012371612428350312 0.001094956681474723 -0.00085660774451222022 0.013102163533425533 -0.0047467114670621266 0.018850877122634412 0.031991839735930803 0.027692255132473788 0.0016871381787056342
leaf_weight=0.13457349061354973 0.57000768842044569 0.11948844213475274 0.05886003737032286 0.082117775407823834 0.4334976537775217 1.7061319100666881 0.36537402859903556 0.1522364800621292 0.53641013065134746 0.44808733447280247 0.16798284064134383 0.65907019867518091 0.65680780467846489 0.86587657942436635 0.064486568793654331 0.1032210560915704 2.9652792190936457 1.5436974936801569 0.13783902288196248 0.68100797943043279 0.084029240890231338 0.34591285261558369 0.059672652361768885 0.087053060662583337 0.49459558655507863 0.10458512816148868 0.59393092867685482 1.879089670088433 1.3824832083992076 0.079158295709930826
leaf_count=153 2115 60 248 12 940 450 145 10 870 35 125 38 4744 25 2 135 15903 5066 17 236 55 764 127 22 18 1030 78 356 108 157
internal_value=0 -0.00178107 -0.0214175 0.0083621 0.0179943 0.0265728 -0.00106535 -0.0122738 0.0425043 -0.00509444 0.0143094 0.0188975 -0.00817407 0.00819858 -0.0311782 0.0274781 -0.0324694 -0.0227606 -0.0245306 -0.0266197 0.0492962 -0.00594353 -0.0338978 0.0296414 0.00818392 0.00716259 0.0163971 0.0308188 0.0259308 -0.0170538
internal_weight=0 12.4493 3.86172 8.58754 5.11331 3.83926 6.3836 3.80869 2.32657 1.51269 2.57491 2.20954 1.27405 1.36403 3.20893 2.20394 3.14444 2.44466 2.36254 2.22471 1.79016 0.498149 3.02495 2.06936 0.942683 0.538083 0.652791 1.98231 1.55047 0.735966
internal_count=34044 23630 16418 7212 10414 3543 6546 6130 1375 2168 416 271 6871 799 16092 666 16090 5331 5319 5302 505 774 16030 513 53 1970 326 491 233 4901
is_linear=0
shrinkage=0.05


Tree=159
num_leaves=31
num_cat=0
split_feature=21 19 21 30 33 17 10 2 21 3 30 18 2 18 14 30 17 36 2 36 12 17 32 25 23 43 2 3 1 23
split_gain=0.666958 1.15236 0.493411 0.505683 0.49332 0.273594 0.243608 0.235528 0.231243 0.207154 0.224488 0.20488 0.175397 0.161952 0.158827 0.0989581 0.0936402 0.0907489 0.0903279 0.0893545 0.0874254 0.0907515 0.0829995 0.0693574 0.0567029 0.0559874 0.0547449 0.0541601 0.0533702 0.0474655
threshold=11.354212962962965 21.025092592592596 25.244253472222226 12.500000000000002 1.0000000180025095e-35 14.500000000000002 1835.9400000000003 3.5876276440757437 12.013252314814816 -3.2337409725332322 21.500000000000004 1.0000000180025095e-35 19.249882541093541 1.0000000180025095e-35 28511.440000000006 20.500000000000004 4.5000000000000009 17.550000000000004 0.7733939822736432 56.850000000000001 171661.18500000003 14.500000000000002 0.30901856763925734 1.0000000180025095e-35 32.022962962962971 1.0000000180025095e-35 0.33429466981528083 3.4357288626039613 8.9761080624377563 37.822152777777781
decision_type=2 2 2 2 2 2 2 2 2 2 2 2 2 2 2 2 2 2 2 2 2 2 2 2 2 2 2 2 2 2
left_child=4 2 3 14 6 12 9 8 -5 -1 20 27 -3 -8 -2 -9 -13 -16 -4 -15 21 23 24 25 28 -11 -10 -6 -19 -7
right_child=1 5 18 7 11 29 13 15 26 10 -12 16 -14 19 17 -17 -18 22 -20 -21 -22 -23 -24 -25 -26 -27 -28 -29 -30 -31
leaf_value=0.0072489875538819318 -0.0019856924661664711 -0.025576603235774566 0.0014507565121695315 0.0097594698156769286 -0.012650279512802782 -0.0037097390193815086 -0.011865485329999967 0.014111285096358129 0.0010439650810468199 -0.029819428050931213 0.0057214010853948215 -0.0025283478053947438 0.0060932016235719366 0.015026922483857147 -0.002457431502709469 -0.0062958668832006279 0.018902966602002469 0.035738820723865174 0.044558200290406642 -0.0042889390485529076 0.0024285710295236626 0.0020742785251930749 -0.001845795939053101 0.0018930631925754258 -0.00019019326024916365 0.0014521975341851381 -0.021861647208719762 0.0044340111922731356 0.0017452093011062722 0.012390838624324507
leaf_weight=0.19316471739148244 0.36762141497092526 1.5887493133450337 0.20180517337939807 0.24295701833943928 0.42636900694014923 0.14912488294430648 0.44685429051605718 0.94843603948174837 0.19608202824019816 3.1738604577276459 0.28485154476584273 0.36823072693005099 0.12697141710668791 0.79620780330515117 0.078343071776543982 0.18732215269119479 1.5656859661103224 1.2969660495291462 1.1860578799860375 0.36199051138828509 0.10385961348947592 0.12418340271324257 0.084626523650513152 0.066085051708796416 0.12123759019232228 0.054835181599628302 1.206860208767466 0.094672572799026966 0.23395398252068833 0.30443458256559097
leaf_count=80 1416 10845 123 167 1665 296 956 156 280 10722 298 183 4 166 270 17 387 694 239 197 13 102 56 76 55 74 4117 6 217 75
internal_value=0 0.0119227 0.0218935 0.0103643 -0.00707077 -0.0149701 -0.0145199 -0.00392595 -0.0131775 -0.0199765 -0.0225781 0.0092185 -0.0218522 0.0015287 0.0240872 0.00937359 0.0153514 0.0281974 0.0415226 0.00979983 -0.0256255 -0.0268344 0.0299728 -0.0281533 0.0316841 -0.0290705 -0.0195581 -0.00867181 0.0332861 0.00818686
internal_weight=0 8.52155 6.35227 4.96441 8.06085 2.16928 5.60589 2.78166 1.6459 4.00084 3.80768 2.45496 1.71572 1.60505 2.18275 1.13576 1.93392 1.81513 1.38786 1.1582 3.52282 3.41896 1.73678 3.29478 1.65216 3.2287 1.40294 0.521042 1.53092 0.453559
internal_count=33952 19027 7807 7445 14925 11220 12684 4737 4564 11365 11285 2241 10849 1319 2708 173 570 1292 362 363 10987 10974 1022 10872 966 10796 4397 1671 911 371
is_linear=0
shrinkage=0.05


Tree=160
num_leaves=31
num_cat=0
split_feature=21 2 0 0 30 12 33 0 12 2 15 11 2 24 14 15 16 15 6 17 23 2 21 2 30 0 14 23 14 36
split_gain=0.595151 0.757625 0.68423 0.588224 0.500233 0.359311 0.345278 0.322128 0.238748 0.286928 0.210369 0.215683 0.176451 0.155172 0.147463 0.143915 0.165608 0.134791 0.106418 0.103707 0.100835 0.0913676 0.0881025 0.0808927 0.0689614 0.0641152 0.0535929 0.048183 0.0478839 0.0448095
threshold=11.027870370370371 0.24344554179186695 1752.0950000000003 18319.455000000005 7.5000000000000009 5815.6650000000009 1.0000000180025095e-35 3750.3550000000005 108348.12500000001 3.973382124839397 17980.500000000004 2.5000000000000004 4.8000462868304981 2.5000000000000004 20082.185000000005 98372.000000000015 6.5000000000000009 100339.00000000001 1.5000000000000002 10.500000000000002 15.172997685185186 0.16296717139927988 0.10381365740740742 0.671554298533941 20.500000000000004 2111.9000000000005 466359.55500000005 9.9976736111111126 10947.635000000002 15.850000000000003
decision_type=2 2 2 2 2 2 2 2 2 2 2 2 2 2 2 2 2 2 2 2 2 2 2 2 2 2 2 2 2 2
left_child=1 22 4 13 -2 7 10 14 9 25 11 -5 -9 15 28 16 26 -17 -13 20 -16 -6 -1 -22 -23 -7 -3 -27 -4 -25
right_child=2 3 5 6 21 8 -8 12 -10 -11 -12 18 -14 -15 19 17 -18 -19 -20 -21 23 24 -24 29 -26 27 -28 -29 -30 -31
leaf_value=0.026737996814751128 0.014293860183756954 -0.031675253618558379 0.0092920733677323529 0.015391050936847084 0.0034182130670760654 0.0024032527863774153 0.017809090726569114 -0.0086219844540325278 0.020781886835345501 0.011638960987304032 -0.020207388930791183 -0.014659039685504492 0.015272493178583211 0.0054399627203167884 9.6639736785087497e-05 0.011553769916162264 0.0037723496666159841 -0.011503195912899063 0.0063438327913166032 -0.001213837909759172 -0.0012255740945536146 -0.023550957357286025 -0.0030835908222213914 -0.00067307943540493177 0.001293517645837184 0.0014365497273471624 0.00070037719772968112 -0.020811172211972484 -0.0053901242063600693 0.053647830930597384
leaf_weight=0.96681787131820029 1.1693660863493263 2.4466047215828457 0.32522066442834363 0.72942149307345994 0.15550856083427778 0.19588254814516426 1.3588123028439443 0.48830521542913607 0.56487889141862968 0.85095112537965167 0.65590724460344052 0.74479388852887496 0.85922453667444643 0.12089871265925456 0.10216717507682904 0.25562749982964295 0.16192737376150024 0.28016961736648227 0.23675411503063515 0.055780605085601453 0.025090523904509499 1.2953676976467248 0.065609786890490795 0.013643280221003695 0.20415597310784495 0.13986190247669583 0.088454139444365754 0.80705128268164117 0.1201111219561426 1.1943163385312798
leaf_count=257 478 11694 355 102 122 371 93 1245 178 165 181 160 136 18 244 41 68 1500 17 182 109 9539 248 185 654 128 77 3837 710 825
internal_value=0 -0.00344737 0.0146205 -0.00999021 -0.0045869 0.0233467 0.00368901 0.0326125 0.00589242 -0.00385879 -0.00729911 0.00327793 0.00662946 -0.0225436 0.0426196 -0.0246281 -0.0281382 -0.000142474 -0.00894818 0.0479326 0.0496263 -0.0182863 0.0242581 0.0518491 -0.0210042 -0.015445 -0.030667 -0.0184751 0.00434261 0.0530073
internal_weight=0 8.1118 8.56688 7.07937 2.8244 5.74249 3.72569 3.18386 2.55863 1.99375 2.36688 1.71097 1.34753 3.35368 1.83633 3.23278 2.69699 0.535797 0.981548 1.391 1.33522 1.65503 1.03243 1.23305 1.49952 1.1428 2.53506 0.946913 0.445332 1.20796
internal_count=33919 14456 19463 13951 10793 8670 553 3991 4679 4501 460 279 1381 13398 2610 13380 11839 1541 177 1545 1363 10315 505 1119 10193 4336 11771 3965 1065 1010
is_linear=0
shrinkage=0.05


Tree=161
num_leaves=31
num_cat=0
split_feature=19 38 38 15 13 13 24 45 23 15 14 11 0 17 12 6 0 32 24 12 39 15 45 20 19 23 38 0 15 15
split_gain=0.505475 0.427119 0.370685 0.307077 0.25792 0.295186 0.222888 0.185568 0.180482 0.157695 0.157486 0.157025 0.265605 0.188461 0.111685 0.101264 0.0891087 0.0846074 0.0704666 0.0697319 0.0668105 0.0604765 0.0585187 0.0518909 0.0512665 0.0495941 0.0460234 0.043634 0.0416202 0.041455
threshold=21.025092592592596 1.0000000180025095e-35 0.6240376150668171 52007.000000000007 5.5000000000000009 29.500000000000004 1.5000000000000002 1.0000000180025095e-35 40.654375000000009 172797.50000000003 10625.925000000003 3.5000000000000004 1752.0950000000003 10.500000000000002 7790.2450000000008 1.5000000000000002 49226.510000000002 0.1526806526806527 1.5000000000000002 13947.51 1.0000000180025095e-35 55296.000000000007 1.0000000180025095e-35 3.5000000000000004 18.2897337962963 36.343269675925931 2.1517133772149184 106.38000000000001 182.50000000000003 30877.500000000004
decision_type=2 2 2 2 2 2 2 2 2 2 2 2 2 2 2 2 2 2 2 2 2 2 2 2 2 2 2 2 2 2
left_child=1 15 4 11 -3 7 8 10 26 -5 -6 12 27 20 17 18 22 23 -1 -16 29 -21 24 25 -14 28 -2 -4 -12 -13
right_child=6 2 3 9 5 -7 -8 -9 -10 -11 14 13 16 -15 19 -17 -18 -19 -20 21 -22 -23 -24 -25 -26 -27 -28 -29 -30 -31
leaf_value=-0.021120932407651019 -0.026341162826339172 -0.0068217135916076969 0.0043685809909323556 -0.020112949297606347 -0.0036797288666559355 -0.0058309421936411625 0.008385903269054475 -0.0024353317405825911 0.005148860453436566 0.0059689073232612501 8.4687697328642743e-05 -0.0173349287911457 0.023444133445680821 0.0099535197675195575 -0.004468909573889116 0.0045032748097938854 -0.0033411338981038071 -0.0012387733314353033 0.0029159120559790475 0.014812641034242175 0.0041099818447652018 -0.0038665136417469752 -0.0013429206767447393 -0.0012524087952125677 -0.0020032844990523577 -0.0012422064315014561 0.00096115246897630511 -0.010064207381743052 0.036554092676266574 0.0022039474904460726
leaf_weight=0.88308095783213747 1.4552647690998122 0.5138851541796593 0.098247348938457768 1.0685747651950803 0.19763379827054439 0.58317015151078511 0.27715274874935847 0.45707316609150428 0.24687637050919864 0.28728347507239949 0.084652367717355292 0.96560653161577625 2.0881040853182653 0.67688296622691257 0.22709643839880289 0.19931578792602522 0.14855758925841644 0.10146879500825878 0.10215826806233963 1.4967378688270399 0.10411918781392149 0.098037008025130379 0.16469361604686117 0.031187117787339846 0.052122731489362084 0.02541121546528291 0.091488454947466269 0.72178942648679367 2.7445194766260101 0.07606505249714246
leaf_count=5042 10278 1562 25 2560 1025 609 162 1144 494 332 131 1544 1072 359 595 15 16 140 96 741 68 129 277 191 99 91 322 1908 2812 111
internal_value=0 0.00721074 0.0100438 0.0010686 0.0175614 0.0203075 -0.0151412 0.0235678 -0.0204771 -0.0143988 0.0259519 0.00687064 0.0122517 -0.0037104 0.0275935 -0.0142628 0.0187894 0.0333664 -0.0184152 0.0096581 -0.0126593 0.0126168 0.0207951 0.0345888 0.0223838 0.0352037 -0.024983 -0.00688484 0.03577 -0.0155275
internal_weight=0 14.1975 13.0129 6.45205 6.56087 6.04699 2.07078 5.46382 1.79363 1.35586 5.00674 5.09619 3.27351 1.82267 4.80911 1.18456 2.45348 2.98724 0.985239 1.82187 1.14579 1.59477 2.30492 2.88577 2.14023 2.85458 1.54675 0.820037 2.82917 1.04167
internal_count=33950 22694 17541 8371 9170 7608 11256 6999 11094 2892 5855 5479 3397 2082 4830 5153 1464 3365 5138 1465 1723 870 1448 3225 1171 3034 10600 1933 2943 1655
is_linear=0
shrinkage=0.05


Tree=162
num_leaves=31
num_cat=0
split_feature=21 19 0 23 6 0 23 36 2 32 12 36 2 2 11 13 36 21 23 32 30 12 13 11 14 22 21 21 13 25
split_gain=0.731258 0.865087 0.72869 0.485802 0.484599 0.56961 0.324722 0.290792 0.239875 0.212539 0.194569 0.191729 0.173373 0.179929 0.16907 0.183981 0.154002 0.147993 0.133093 0.110278 0.0980134 0.0877355 0.0825224 0.077027 0.0724165 0.0663095 0.0591978 0.0500419 0.0443305 0.0419944
threshold=6.0765162037037044 18.741325231481486 1212.7500000000002 18.378292824074077 1.0000000180025095e-35 106.38000000000001 2.6625057870370372 57.350000000000001 1.5203198330132945 0.059714795008912663 3910.9150000000004 15.850000000000003 0.26943872157144344 5.7313164596176085 1.0000000180025095e-35 49.500000000000007 23.450000000000003 11.712980324074076 16.039363425925931 0.084523809523809543 7.5000000000000009 171661.18500000003 25.500000000000004 1.0000000180025095e-35 10793.245000000001 1.0000000180025095e-35 25.1337962962963 5.5592071759259269 11.500000000000002 1.0000000180025095e-35
decision_type=2 2 2 2 2 2 2 2 2 2 2 2 2 2 2 2 2 2 2 2 2 2 2 2 2 2 2 2 2 2
left_child=4 2 20 8 5 -1 -6 11 -4 12 -8 -5 28 25 16 21 24 -13 22 -11 -2 27 23 -10 -7 -14 -9 29 -3 -16
right_child=1 9 3 7 6 14 10 26 18 19 -12 17 13 -15 15 -17 -18 -19 -20 -21 -22 -23 -24 -25 -26 -27 -28 -29 -30 -31
leaf_value=0.016312857859921804 0.0049448787176518431 0.010460045102692148 -0.0084920788854669638 -0.0024060330202233474 -0.013492347707670382 0.01565406683639859 -0.0061109338309476924 -0.0067420808406687422 -0.0021517510354773606 0.01562324458192905 0.022491528750901959 -0.00027011812991496438 -0.026774419748038392 0.0050422895096821204 -0.03090975419384397 0.0056573179116910476 -0.012444804402277718 0.050769503278849409 -0.0051290826098611937 -0.0057839344816601294 -0.014089675444848754 0.0027082883533332144 -0.0024985405560601225 0.023239133717178326 -0.0047439002085620987 0.0011382131986494429 0.0087560633369028577 0.000552389463081497 -0.0043903393365192969 0.00073670142998566966
leaf_weight=0.50782736744440882 0.46611819048120906 0.2717576959075817 0.61522655087537748 0.097594574244795562 0.33893812075439234 0.37656535542737435 0.30103005957789752 0.23213952206970123 0.15387615266081534 0.48936115048127238 1.7054401134428188 0.13732886514844755 1.146081621349367 0.2841775267588672 2.5153359225350886 0.1205738685785035 0.31723861355567351 2.3337912532115297 0.23366514974804875 0.33496949904292705 0.71221369443082949 0.058626689933589549 0.18849396190489631 2.1017030425318808 0.098288978182608844 0.14849108042835713 0.26758722260092327 0.10077530421040126 0.1256923433738848 0.060788901757405145
leaf_count=183 202 112 2830 249 45 327 4 530 234 270 129 84 11182 48 8370 36 1038 323 362 827 4168 9 259 1149 274 190 66 264 213 56
internal_value=0 0.0152588 0.0232804 0.0292992 -0.00515711 -0.0142589 0.0104123 0.0415635 0.0108513 -0.00678061 0.017595 0.0466013 -0.0138825 -0.0192642 -0.0211085 -0.0254304 -3.01905e-05 0.0486724 0.0163962 0.00852218 -0.00774664 -0.0279483 0.0193459 0.0213781 0.0110782 -0.024472 0.0018616 -0.0291737 0.00598266 -0.0301658
internal_weight=0 10.3403 7.53974 6.36141 6.50143 4.15602 2.34541 3.06844 3.29296 2.80053 2.00647 2.56871 1.9762 1.57875 3.64819 2.8561 0.792093 2.47112 2.67774 0.824331 1.17833 2.73553 2.44407 2.25558 0.474854 1.29457 0.499727 2.6769 0.39745 2.57612
internal_count=34033 23298 10456 6086 10735 10557 178 1252 4834 12842 133 656 11745 11420 10374 8735 1639 407 2004 1097 4370 8699 1642 1383 601 11372 596 8690 325 8426
is_linear=0
shrinkage=0.05


Tree=163
num_leaves=31
num_cat=0
split_feature=17 13 32 19 3 24 23 12 3 32 31 10 34 0 3 0 3 37 37 37 37 14 36 34 34 32 33 6 25 14
split_gain=0.472777 0.875939 0.626362 0.612476 0.494688 0.414661 0.349373 0.414764 0.314712 0.286593 0.215778 0.17284 0.1624 0.149302 0.143397 0.139973 0.120335 0.103901 0.103138 0.100708 0.0869246 0.0777264 0.0775002 0.0667764 0.0578915 0.0532432 0.0451967 0.0418648 0.0406709 0.0377256
threshold=5.5000000000000009 12.500000000000002 0.065591397849462371 2.0870370370370375 2.4965913171622796 1.5000000000000002 16.039363425925931 94166.160000000018 0.84396429561378905 0.28991596638655465 1.0000000180025095e-35 1448.2900000000002 1.0000000180025095e-35 106.38000000000001 -1.5113666567566999 3228.9300000000007 2.8025866982932452 994.05000000000007 78.550000000000011 74.550000000000011 562.85000000000002 31582.470000000005 20.650000000000002 1.0000000180025095e-35 1.0000000180025095e-35 0.021507863089731735 1.0000000180025095e-35 1.5000000000000002 1.0000000180025095e-35 12376.995000000001
decision_type=2 2 2 2 2 2 2 2 2 2 2 2 2 2 2 2 2 2 2 2 2 2 2 2 2 2 2 2 2 2
left_child=4 8 3 6 10 16 18 20 14 21 11 13 15 -1 -2 -10 -5 28 -3 -13 23 -4 -6 27 -24 29 -12 -8 -15 -20
right_child=1 2 9 5 22 -7 7 -9 12 -11 26 19 -14 17 -16 -17 -18 -19 25 -21 -22 -23 24 -25 -26 -27 -28 -29 -30 -31
leaf_value=0.0043938162239735871 0.014180533186989789 -0.0027148531937667801 -0.0022171312179623949 -0.028952439934632951 -0.0043427676782799365 0.010717529082502161 -0.02556748987853982 0.015916471523078582 -0.0016689771465017559 -0.0083375713609416535 -0.0049169211566729709 0.010285907552805567 -2.5258943580754744e-05 -0.03049166997334974 -0.0079878633524212133 0.049540233119667466 0.00073816390651349688 0.0029371276664407033 -0.0014932669888498484 -0.0089822966382061779 0.0039306978766136865 0.027917202719929524 0.018399594222081272 0.00055645025387282218 -0.0020563129224799026 -0.0018126754258428969 0.0094136797322832491 0.0010047585071293276 0.00051603523613404946 0.023551895865399033
leaf_weight=0.1300303442221814 0.51830330761004006 0.29085460053647594 0.080283458235499316 2.1902254096639817 0.14484826465923095 0.39006571832942416 0.93681382402246505 0.49008832002436964 0.074625728377213707 0.24707935797414382 0.10862020694912633 0.35026031426605175 0.19936585091454606 1.8951733049252655 0.51648473684872376 1.0919313338708887 0.32744572927185789 0.083603713217598741 0.038256926705798722 0.36833060175194987 0.086835571681149193 1.866238939881441 1.1270145253038206 0.26923834180161055 0.1917767977065522 0.089657128128237562 0.49921892705606297 0.081033431924879551 0.075608141180054989 1.630921306703385
leaf_count=65 274 442 243 12314 36 193 851 42 221 494 275 359 175 12608 2256 217 56 20 38 831 19 385 113 536 42 49 93 3 87 518
internal_value=0 0.0110473 0.00258939 -0.00527931 -0.00629376 -0.0195732 0.00716264 -0.00689176 0.0327072 0.0210498 -0.0153665 -0.0199789 0.0430322 -0.0249891 0.00462794 0.047006 -0.0259788 -0.0276785 0.0180127 0.000929774 -0.0183052 0.0263437 0.0128727 -0.0208681 0.015821 0.021182 0.00538746 -0.0240025 -0.0295288 0.0226335
internal_weight=0 11.4157 9.01504 6.82144 4.97449 2.90774 3.9137 1.86401 2.40071 2.1936 3.51085 2.90301 1.36592 2.18442 1.03479 1.16656 2.51767 2.05439 2.04969 0.718591 1.37392 1.94652 1.46364 1.28709 1.31879 1.75884 0.607839 1.01785 1.97078 1.66918
internal_count=33855 19326 16183 15061 14529 12563 2498 1451 3143 1122 14338 13970 613 12780 2530 438 12370 12715 1047 1190 1409 628 191 1390 155 605 368 854 12695 556
is_linear=0
shrinkage=0.05


Tree=164
num_leaves=31
num_cat=0
split_feature=22 32 32 37 19 15 5 21 2 30 39 23 19 23 23 30 9 14 37 14 36 37 15 36 37 36 36 36 2 15
split_gain=0.691281 0.501126 0.436138 0.403585 0.469785 0.47394 0.506881 0.370094 0.247044 0.254907 0.222702 0.206059 0.19038 0.169799 0.14002 0.136671 0.12168 0.117369 0.103312 0.110023 0.0996092 0.0979127 0.0930406 0.0749415 0.0628375 0.0589251 0.053903 0.0471619 0.0384861 0.029967
threshold=1.0000000180025095e-35 0.065591397849462371 0.21583850931677021 227.85000000000005 0.027800925925925927 614.00000000000011 1.0000000180025095e-35 9.0861226851851864 3.5876276440757437 4.5000000000000009 1.0000000180025095e-35 1.0000000180025095e-35 11.885908564814818 19.219704861111115 8.0583275462962991 20.500000000000004 1.5000000000000002 30499.280000000002 150.25000000000003 10625.925000000003 73.550000000000011 116.15000000000002 168745.50000000003 30.850000000000005 194.85000000000005 232.45000000000002 37.050000000000004 136.65000000000001 19.249882541093541 135888.00000000003
decision_type=2 2 2 2 2 2 2 2 2 2 2 2 2 2 2 2 2 2 2 2 2 2 2 2 2 2 2 2 2 2
left_child=1 3 13 4 5 14 10 15 9 -6 -7 18 -9 -3 -1 22 24 -15 20 -20 29 -16 -5 -19 28 -13 -14 -21 -10 -2
right_child=11 2 -4 7 8 6 -8 12 16 -11 -12 25 26 17 21 -17 -18 23 19 27 -22 -23 -24 -25 -26 -27 -28 -29 -30 -31
leaf_value=-0.0057629799849052369 -0.012633150265621769 -0.0052913948787120801 -0.012830645494726131 -0.01940683910180831 0.0023735751849544226 -0.028440323181546129 0.010154193779451069 0.027822042184429619 -0.015531045928621916 -0.03464598448041669 0.0060489013903383959 0.030635695999815461 0.0059071970651487834 -0.0036328579616652715 0.025608660157744552 0.0074970806641089507 0.010442280101215689 0.00028640720511531527 -0.005892932493377398 0.019554239634152371 0.008335082476115795 -0.0025158180622366832 0.0046002514652244168 0.031636201663831708 0.0044318681347962508 0.00024880704238187842 -0.0094280890946285747 -0.0016872628825641172 0.0025797000538245411 0.0023089963491668623
leaf_weight=0.12899622163604529 0.75192578433779933 0.14367764810594907 0.44567925292540156 0.74999585264595248 0.40040070704708419 1.4953789149039947 1.1408739978796802 0.84146956995573396 0.61321891418629071 2.2250441143169155 0.20043970728511351 1.5413871540804391 0.17265354150003986 0.078039917252681223 0.94597217232512754 0.2587822866607894 0.32519570714794099 0.22701791578219843 0.17268004248035129 0.62884698943526018 0.20521269673918141 0.17048479769437108 0.10427994968813437 1.4056565204227807 0.14238448504693224 0.18780333036556829 0.23132526148947363 0.1347752822766779 0.051298648118972778 0.080521283343841787
leaf_count=160 291 421 1180 1496 75 5008 39 470 430 20019 78 344 32 375 111 115 22 103 49 102 40 34 114 213 46 12 2682 83 1 37
internal_value=0 -0.00284425 0.014527 -0.00770951 -0.012833 -0.000312183 -0.0109389 0.00807108 -0.0235106 -0.0299028 -0.0236322 0.0194734 0.0207315 0.0232937 0.0179842 -0.00920217 -0.00161436 0.0267608 0.00451714 0.0118916 -0.0047073 0.0221545 -0.0155759 0.0290417 -0.00956335 0.0286359 -0.00333477 0.0169743 -0.0134231 -0.0107165
internal_weight=0 12.4983 2.30007 10.1982 7.83969 4.08215 2.83669 2.35851 3.75754 2.62544 1.69582 3.70315 1.24545 1.85439 1.24545 1.11306 1.1321 1.71071 1.97396 0.936302 1.03766 1.11646 0.854276 1.63267 0.806902 1.72919 0.403979 0.763622 0.664518 0.832447
internal_count=34182 33224 2292 30932 26023 5430 5125 4909 20593 20094 5086 958 3184 1112 305 1725 499 691 602 234 368 145 1610 316 477 356 2714 185 431 328
is_linear=0
shrinkage=0.05


Tree=165
num_leaves=31
num_cat=0
split_feature=21 19 5 22 21 19 21 21 38 30 0 13 2 8 15 17 2 2 38 39 2 30 0 22 9 16 2 9 2 19
split_gain=0.588694 0.73082 0.718589 0.73699 0.432122 0.705243 0.36553 0.302772 0.257111 0.186354 0.185978 0.173527 0.159466 0.134298 0.132308 0.116586 0.105102 0.205044 0.10343 0.0995288 0.0933552 0.0865147 0.0792926 0.0652638 0.0559299 0.0541625 0.0520057 0.051539 0.0323756 0.0317225
threshold=11.027870370370371 21.025092592592596 1.0000000180025095e-35 1.0000000180025095e-35 24.694629629629635 11.885908564814818 20.217013888888889 21.717251157407411 1.5463336143265562 6.5000000000000009 869.1350000000001 6.5000000000000009 5.7313164596176085 1785.5300000000002 21987.500000000004 6.5000000000000009 0.12813749444333472 3.973382124839397 1.7196581197618641 1.0000000180025095e-35 19.249882541093541 12.500000000000002 898.29500000000007 1.0000000180025095e-35 1.5000000000000002 4.5000000000000009 0.74625160907173338 3.5000000000000004 2.7962566456686622 18.2897337962963
decision_type=2 2 2 2 2 2 2 2 2 2 2 2 2 2 2 2 2 2 2 2 2 2 2 2 2 2 2 2 2 2
left_child=2 4 3 8 5 6 10 20 13 22 -2 -6 23 19 -4 -12 -5 25 28 27 24 -8 -3 -11 -7 -18 -13 -1 -10 -9
right_child=1 9 14 16 11 7 21 29 18 12 15 26 -14 -15 -16 -17 17 -19 -20 -21 -22 -23 -24 -25 -26 -27 -28 -29 -30 -31
leaf_value=-0.034017245478306493 -0.0029898149485261083 0.012613183919087056 0.021682617031780312 0.018324162521175181 -0.0029028802693046043 -0.022453300920945538 0.0074968636618903631 0.014379153581934888 -0.0026357271965627119 -0.02421569841224705 0.0053428498861076692 0.0018078651567774611 0.0051732178395922992 0.0034439325912737763 -0.0015288356170701852 0.03924881014833595 -0.01529646151448162 0.013592417174679617 -0.0092006210789602246 0.0010860981537215107 0.0044053962174589161 -0.011158235343102695 -0.0060398574334957003 0.0017555095326205327 0.0004887493416743221 0.0035136893324275104 0.044872818381380963 0.001178635256529028 0.013128908171373146 -0.0023340944592472532
leaf_weight=2.4847225457724589 0.21710939857984968 0.49441475910134647 1.4147872160683621 0.56974856450688083 0.095185814265278057 1.292816641596801 0.18887884035575542 0.39589505757430732 0.055025680259859544 0.93587298763668492 0.68064502136439875 0.16177742850595667 0.30905194916704193 0.097568633678747463 0.65640277754573606 1.4597042747627709 0.62251601841853677 0.39111458533443511 0.28230814564631146 0.15818518833111728 0.091961778700351604 0.47591098874909221 0.17707064623391489 0.13021402551385108 0.25307276255625755 0.088200675512780435 1.2497662916575789 0.039678779692621791 0.32515790717297932 0.048653697103873128
leaf_count=12950 395 86 77 170 68 5813 45 108 251 10782 574 103 50 33 20 345 219 29 516 272 3 60 235 190 244 12 234 20 14 192
internal_value=0 0.0144319 -0.00402594 -0.013539 0.0217787 0.0107936 0.0234509 -0.0092247 -0.0246381 -0.00865956 0.0303447 0.0398426 -0.0160506 -0.0297018 0.0162239 0.0336013 0.00998577 -0.000992727 0.0016957 -0.0315152 -0.0174606 -0.00453853 0.00702369 -0.0217292 -0.0199808 -0.0122727 0.0427335 -0.0332866 0.0105907 0.0122004
internal_weight=0 8.658 7.18542 5.11423 6.61138 5.10465 3.02225 2.0824 3.44265 2.04662 2.35746 1.50673 1.37514 2.78016 2.07119 2.14035 1.67158 1.10183 0.662492 2.68259 1.63785 0.66479 0.671485 1.06609 1.54589 0.710717 1.41154 2.5244 0.380184 0.444549
internal_count=34110 19527 14583 14486 8184 7779 1419 6360 14056 11343 1314 405 11022 13275 97 919 430 260 781 13242 6060 105 321 10972 6057 231 337 12970 265 300
is_linear=0
shrinkage=0.05


Tree=166
num_leaves=31
num_cat=0
split_feature=45 36 38 12 12 19 32 14 21 2 2 2 36 13 14 32 0 21 14 12 36 17 38 38 13 22 14 14 14 0
split_gain=0.533786 0.521915 0.593737 0.384791 0.360248 0.356953 0.506544 0.326917 0.2584 0.229624 0.214763 0.212662 0.239514 0.206054 0.133891 0.120958 0.117969 0.10202 0.0894881 0.0738891 0.0967325 0.0715928 0.0709304 0.0687068 0.0645927 0.0625047 0.0582449 0.0552485 0.0529084 0.0489598
threshold=1.0000000180025095e-35 60.050000000000004 1.0000000180025095e-35 258.90500000000003 2648.9000000000001 0.027800925925925927 0.036038961038961044 4570.7200000000012 1.0000000180025095e-35 2.7338532495338232 3.5876276440757437 0.12813749444333472 326.35000000000008 11.500000000000002 63237.825000000004 0.31414473684210531 3750.3550000000005 11.712980324074076 81460.699999999997 3631.5950000000007 682.20000000000016 9.5000000000000018 2.9674897060337968 0.26265131177875833 11.500000000000002 1.0000000180025095e-35 356451.57500000007 433389.30000000016 318343.97500000015 8716.3000000000011
decision_type=2 2 2 2 2 2 2 2 2 2 2 2 2 2 2 2 2 2 2 2 2 2 2 2 2 2 2 2 2 2
left_child=1 2 26 7 18 8 10 -4 14 22 24 -2 -13 16 -6 17 -9 -8 21 20 25 29 27 -21 -7 -11 -1 -3 -19 -5
right_child=11 9 3 4 5 6 15 13 -10 19 -12 12 -14 -15 -16 -17 -18 28 -20 23 -22 -23 -24 -25 -26 -27 -28 -29 -30 -31
leaf_value=-0.01619881257942888 0.0085640082717082198 -0.022541110106854962 -0.0066832169402409273 -0.019460001181085158 -0.010159923300905217 0.00061738857672754448 -0.0037952884716305024 0.050582674762291092 0.034093804289952824 -0.015303738409815984 0.0065210248802555233 -0.027292284449129831 0.0064762010697948296 0.0019580616095237007 0.011056937460226747 -0.0045152317823658403 0.0033947574052000857 0.026631804387634801 0.0061443359443007009 -0.0045089696201168648 0.0079854678538949352 0.0035047850557712729 0.0032699755346820738 0.01269651205503939 -0.0213314211812137 0.0038419922042790145 0.0017953890392905878 0.0018112992847547763 -0.00089743089237521588 0.001716152028237027
leaf_weight=0.77819058779823425 0.2084309813690205 1.0139145472794546 0.13938246654470088 0.70861035535926908 0.35649534212279854 0.33186041978842773 0.081397496916906564 0.97764698835271679 1.7806824980107192 0.4940055139431937 0.73118912896461541 1.1633296367226647 0.26385790545828047 0.40930360691891099 0.68793888211803278 0.1476776057461392 0.30537478793121409 1.2798908258773734 0.15893988207244536 0.23262537557820895 0.1909730422339635 0.1762021698486933 0.079375950976100174 1.0366501572952982 1.1541692011014673 0.13403030537301674 0.35834538676863303 0.1048379973071859 0.12011393461580144 0.14500089995999588
leaf_count=5413 67 11626 298 2580 365 995 91 604 214 457 128 5428 188 492 171 154 180 224 36 76 14 251 37 318 3162 15 157 205 48 28
internal_value=0 0.00932292 0.0143278 0.0183168 0.010861 0.0151565 0.00342242 0.035177 0.0260608 -0.00666317 -0.0105184 -0.0153695 -0.0209531 0.0398264 0.00238772 0.0191801 0.0457578 0.02241 -0.0091565 0.00366029 -0.0049458 -0.0133816 -0.0181359 0.0089458 -0.0181531 -0.0113676 -0.0123405 -0.0204812 0.0248801 -0.0168776
internal_weight=0 14.1148 10.8284 9.69188 7.86017 6.67142 3.8463 1.83171 2.82512 3.28641 2.21722 1.63562 1.42719 1.69233 1.04443 1.62908 1.28302 1.4814 1.18875 2.08828 0.819009 1.02981 1.19813 1.26928 1.48603 0.628036 1.13654 1.11875 1.4 0.853611
internal_count=34022 28339 15591 10021 8447 5552 4802 1574 750 12748 4285 5683 5616 1276 536 517 784 363 2895 880 486 2859 11868 394 4157 472 5570 11831 272 2608
is_linear=0
shrinkage=0.05


Tree=167
num_leaves=31
num_cat=0
split_feature=2 2 2 36 2 21 33 17 37 15 13 11 0 17 24 15 14 3 17 10 22 39 13 15 15 14 3 2 0 0
split_gain=0.478249 0.7878 0.659339 0.432307 0.336365 0.360061 0.320436 0.287052 0.18491 0.157691 0.14715 0.144148 0.137905 0.132148 0.126003 0.109434 0.106787 0.0987542 0.0979728 0.0856262 0.0634752 0.0586889 0.0558948 0.0507453 0.0488184 0.0483852 0.0338122 0.0285769 0.0240269 0.017984
threshold=1.59610900237779 0.61716727723923037 1.6385422311926139 42.350000000000001 2.184532917163279 5.2896122685185194 1.0000000180025095e-35 14.500000000000002 58.150000000000013 17980.500000000004 25.500000000000004 3.5000000000000004 45425.610000000008 4.5000000000000009 1.5000000000000002 168745.50000000003 36200.795000000006 1.3050628776973909 15.500000000000002 985.18500000000006 1.0000000180025095e-35 1.0000000180025095e-35 29.500000000000004 237.50000000000003 64639.000000000007 35330.695 2.8025866982932452 0.12813749444333472 1327.0150000000001 49226.510000000002
decision_type=2 2 2 2 2 2 2 2 2 2 2 2 2 2 2 2 2 2 2 2 2 2 2 2 2 2 2 2 2 2
left_child=1 3 25 8 -4 6 9 14 -1 11 17 16 -8 -10 21 -11 -6 -7 -13 22 27 23 -15 -3 -9 -2 -12 -5 -23 -18
right_child=2 7 4 20 5 10 12 24 13 15 26 18 -14 19 -16 -17 29 -19 -20 -21 -22 28 -24 -25 -26 -27 -28 -29 -30 -31
leaf_value=-0.0057131857180558014 0.044585332174650827 -0.00085417671205775261 -0.013338103399775862 0.0016704771100735372 -0.0068939127285312166 -0.003385190787535275 -0.0058741973973639441 -0.0039399701880654609 -0.0037310794601783585 -0.023699501367396219 -0.0065830250445820171 -0.015858442485088966 0.020524086985213227 0.032123226440977426 0.0036666231553548001 0.004184419125537203 0.016245177917077028 0.023986264934214355 0.0059919826678170645 0.0010023730865462521 0.0042046948490961277 0.0047987801936175299 -0.0010097660313127651 -0.028628671176235628 0.013068599715647285 -0.00016856945723907704 0.0047795858128211327 -0.015735786313267244 -0.0054830690942130897 0.00025807844685093458
leaf_weight=0.1870297885725466 0.68489347348622587 0.24018898266695199 0.79365286778738475 0.069315010321588377 0.15809039438681816 0.10917867002535819 0.17913702413170562 0.091006460983407922 0.12889512032052186 0.74506902208122472 0.28198784804590094 0.5217467711190692 0.83916574961040169 1.5925353433995044 0.16737517275760172 0.11097390517170425 0.66716189442558971 3.5247087129482679 0.14536054123891518 0.33959117279118789 0.14762537802016595 0.13629026216040063 0.071142021008199552 2.0623762735021955 0.23079583049184293 0.054849521871801699 0.36552484831190668 0.61246298882178962 0.1453763139579678 0.23326001885288861
leaf_count=1725 271 422 3601 58 227 450 144 286 464 433 413 217 36 1002 279 71 78 1852 8 240 75 180 118 16606 25 138 48 4195 232 12
internal_value=0 -0.00272854 0.0144164 0.012965 0.00777259 0.0111609 -0.000812936 -0.0180419 0.0218571 -0.0096492 0.0194765 0.000788185 0.0152706 0.0253275 -0.0227311 -0.0197778 0.00943295 0.0226108 -0.010359 0.0278169 -0.0102556 -0.0249868 0.0308592 -0.0268673 0.0089168 0.0430775 -0.00116097 -0.0140251 -0.000645543 0.0144187
internal_weight=0 6.22201 9.41476 3.1486 8.67502 7.88137 3.59997 3.07341 2.31919 2.58166 4.2814 1.72562 1.0183 2.13216 2.75161 0.856043 1.05851 3.63389 0.667107 2.00327 0.829403 2.58423 1.66368 2.30257 0.321802 0.739743 0.647513 0.681778 0.281667 0.900422
internal_count=33906 25907 7999 7877 7590 3989 1226 18030 3549 1046 2763 542 180 1824 17719 504 317 2302 225 1360 4328 17440 1120 17028 311 409 461 4253 412 90
is_linear=0
shrinkage=0.05


Tree=168
num_leaves=31
num_cat=0
split_feature=22 14 37 12 12 12 37 32 0 37 19 3 15 21 35 21 15 13 14 38 13 13 15 12 13 15 33 0 14 38
split_gain=0.422643 0.391977 0.440497 0.495121 0.426544 0.314887 0.301094 0.250214 0.181254 0.170854 0.160259 0.1472 0.160143 0.142129 0.136194 0.134679 0.108871 0.141764 0.0990259 0.0907964 0.0738394 0.0870209 0.0734926 0.0698982 0.0495711 0.042493 0.0423204 0.0410659 0.0392956 0.0348107
threshold=1.0000000180025095e-35 30499.280000000002 150.25000000000003 108348.12500000001 5084.5300000000016 6334.2650000000012 767.50000000000011 0.065591397849462371 49226.510000000002 94.450000000000017 8.8411863425925947 4.641437745208993 154583.50000000003 11.712980324074076 1.0000000180025095e-35 4.5479340277777789 1132.5000000000002 6.5000000000000009 47397.555000000015 0.9604998570784532 8.5000000000000018 24.500000000000004 64639.000000000007 5677.8200000000006 3.5000000000000004 182.50000000000003 1.0000000180025095e-35 6055.2150000000011 552762.34500000009 2.9674897060337968
decision_type=2 2 2 2 2 2 2 2 2 2 2 2 2 2 2 2 2 2 2 2 2 2 2 2 2 2 2 2 2 2
left_child=1 4 3 7 6 13 8 11 14 23 20 12 28 24 -1 16 -2 -18 -9 25 -7 -22 -17 -6 -4 -15 -20 -27 29 -3
right_child=15 2 5 -5 9 10 -8 18 -10 -11 -12 -13 -14 19 -16 22 17 -19 26 -21 21 -23 -24 -25 -26 27 -28 -29 -30 -31
leaf_value=-0.030811633814399487 0.012937334453426716 -0.023876639733620357 0.0069301865068658076 0.019632888072155963 0.022407104763197131 -0.005265110461189799 0.0084587713923770427 0.014518586220666603 0.0050037389554154193 -0.007425693393859404 -0.012496112007741205 0.003558621556623369 0.0057333786678908745 -0.0011097927292482157 0.0039222360085577768 0.025575655453444607 0.0086774821078075704 -0.013379326573923192 -0.0099933465449109134 -0.0016012841944691122 0.016602696465013157 -0.0042328190230131769 0.00012559752178765025 -0.0024595927980515203 -0.0077447571542628548 0.035956124838864532 0.0042101721692537905 -0.00040158713406998582 0.0011482723384605054 0.0013962265642952206
leaf_weight=2.1225340179453278 0.39653900772100437 2.6271200085939199 0.13245905793701274 0.77217674375424383 0.43313858064902877 0.18988224285203603 0.29045390521787329 0.44789211602801504 0.15049226209521283 0.33817819235719071 0.48498504514463991 0.48920397181063879 0.17455659256484057 0.022594495741941389 0.080849524587392696 1.9563041999572308 0.38221104101103243 0.7228930040000705 0.24818878390215104 0.099671876363572554 0.87365165364371911 0.22255386122196796 0.32472923965178768 0.12737184233810694 0.1806538510008977 1.2233659144822011 0.17639540315212798 0.057772863776335615 0.076916789672395569 0.03083799155865552
leaf_count=16113 158 7861 4 202 209 119 87 166 3 1674 2199 22 193 32 2 482 46 98 372 431 619 266 153 806 640 731 53 142 83 20
internal_value=0 -0.00023386 0.00554392 -0.00390521 -0.0123037 0.0170334 -0.0206619 -0.011078 -0.0257059 0.010219 0.000401079 -0.0163446 -0.0197454 0.0277294 -0.0287106 0.0173096 0.00280234 -0.00525249 0.00721002 0.031881 0.00860333 0.0123713 0.0230951 0.0188013 -0.000986758 0.0340248 -0.00527926 0.0348593 -0.0224713 -0.0232819
internal_weight=0 12.0739 8.53088 5.04329 3.54302 3.48759 2.64433 4.27111 2.35388 0.898689 1.77107 3.39864 2.90943 1.71652 2.20338 3.78268 1.50164 1.1051 0.872476 1.40341 1.28609 1.09621 2.28103 0.56051 0.313113 1.30373 0.424584 1.28114 2.73487 2.65796
internal_count=33986 33049 14155 8972 18894 5183 16205 8770 16118 2689 3203 8179 8157 1980 16115 937 302 144 591 1336 1004 885 635 1015 644 905 425 873 7964 7881
is_linear=0
shrinkage=0.05


Tree=169
num_leaves=31
num_cat=0
split_feature=36 13 17 17 37 25 37 38 30 14 14 38 19 24 19 19 24 21 37 3 37 37 36 37 3 23 20 36 36 35
split_gain=0.621514 0.686317 0.635674 0.562069 0.391862 0.372283 0.320072 0.300591 0.239277 0.224451 0.219934 0.178799 0.154071 0.144057 0.127812 0.127767 0.122703 0.0952321 0.132914 0.0867564 0.0830398 0.0822099 0.0885971 0.081011 0.0735927 0.0708789 0.0687215 0.0605612 0.0542011 0.0513783
threshold=59.45000000000001 14.500000000000002 8.5000000000000018 5.5000000000000009 767.50000000000011 1.0000000180025095e-35 100.65000000000002 1.4933062522666838 6.5000000000000009 433389.30000000016 14823.185000000003 2.9674897060337968 0.027800925925925927 2.5000000000000004 33.04210069444445 23.137812500000006 1.5000000000000002 5.2896122685185194 110.75000000000001 4.641437745208993 164.95000000000002 264.85000000000008 58.350000000000001 173.75000000000003 -5.0641986381414457 40.25133101851852 3.5000000000000004 56.350000000000001 54.550000000000004 1.0000000180025095e-35
decision_type=2 2 2 2 2 2 2 2 2 2 2 2 2 2 2 2 2 2 2 2 2 2 2 2 2 2 2 2 2 2
left_child=1 3 16 12 5 9 8 10 -4 11 -5 13 17 25 26 28 21 18 -1 27 -20 22 24 -14 -3 29 -12 -10 -8 -2
right_child=4 2 6 7 -6 -7 15 -9 19 -11 14 -13 23 -15 -16 -17 -18 -19 20 -21 -22 -23 -24 -25 -26 -27 -28 -29 -30 -31
leaf_value=-0.011170011370225406 -0.033208101806186711 0.0025670997708719528 0.012282935085322046 -0.00066498030713428699 0.013155293830841554 0.011267819227613881 0.023753785765337584 -0.0048513355078798987 -0.019777987640081672 0.0058840993269575403 0.043933857208108176 0.0050169588238148707 -0.014173655725959668 0.0040204247831555906 -0.0024680662959433203 -0.0040856438543262485 0.0045513902911611418 0.017303032513960148 0.014808967902652445 0.0042969809582123347 -0.0042698974706707133 0.0031095364465283828 0.0031991253862412162 0.0049644401769846054 -0.026821629876675069 0.0013540077141783007 -0.0010950895140063751 0.0029394080542848502 -0.00073463897033229023 0.0014191044022436273
leaf_weight=0.49363619669020298 2.1831812103428132 0.053147214697673806 0.4603811796841909 0.30219226086956119 0.6533197961107361 0.37737522824318137 1.9948373087681837 0.2226243507266189 1.0060365023491611 0.25871622834893049 2.3468879338342967 0.13360356737030077 0.53150170039589273 0.086801340454257914 0.051722032712859689 0.21876451821663057 0.16947671551315568 0.84957343941641728 0.49976120159226411 0.15352886205073435 0.35168666267054505 0.085139103895926271 0.07277044342845318 0.24432223599796998 1.6882456638995793 0.080933577353789476 0.037825429111762676 0.070591071580565656 0.1808590885320881 0.028334438800811657
leaf_count=1865 14330 6 45 913 197 126 576 233 2362 298 1428 47 4332 16 242 417 103 120 270 13 73 20 53 185 5186 355 88 25 85 1
internal_value=0 0.0112435 -0.000784602 0.0220349 -0.010006 -0.0168239 0.0101589 0.0344619 -0.00506739 -0.0226223 0.0381005 -0.0263967 0.00408717 -0.0291233 0.0417029 0.0192348 -0.0186624 0.00994086 -0.000104722 -0.0141568 0.00887865 -0.0215891 -0.0234413 -0.00874502 -0.0253155 -0.0312182 0.0431071 -0.0175903 0.0221278 -0.0324607
internal_weight=0 12.0855 6.15378 5.93173 3.80227 3.14895 4.085 2.96125 1.69054 2.77157 2.73863 2.51285 2.97048 2.37925 2.43644 2.39446 2.06878 2.19466 1.34508 1.23016 0.851448 1.8993 1.81416 0.775824 1.74139 2.29245 2.38471 1.07663 2.1757 2.21152
internal_count=34010 18640 8891 9749 15370 15173 3523 2904 2445 15047 2671 14749 6845 14702 1758 1078 5368 2328 2208 2400 343 5265 5245 4517 5192 14686 1516 2387 661 14331
is_linear=0
shrinkage=0.05


Tree=170
num_leaves=31
num_cat=0
split_feature=37 37 33 19 2 23 38 23 14 15 34 22 45 15 15 19 0 38 22 16 14 2 2 12 15 11 0 0 11 38
split_gain=0.554661 0.501347 0.307693 0.371753 0.329497 0.270514 0.264172 0.240132 0.219483 0.186038 0.177425 0.153353 0.150601 0.159611 0.166799 0.143556 0.144801 0.139842 0.0907523 0.0894912 0.087207 0.078346 0.0687408 0.0626437 0.0561505 0.0643496 0.0802908 0.0608459 0.0446095 0.0354671
threshold=43.050000000000004 59.350000000000001 1.0000000180025095e-35 11.97892939814815 1.1201095909228433 28.190798611111116 1.7196581197618641 36.206232638888899 8549.4900000000016 64639.000000000007 1.0000000180025095e-35 1.0000000180025095e-35 1.0000000180025095e-35 46634.000000000007 102584.00000000001 11.885908564814818 106.38000000000001 0.30600685713706371 1.0000000180025095e-35 3.5000000000000004 75627.975000000006 1.7644665873489287 19.249882541093541 56364.785000000011 52007.000000000007 3.5000000000000004 2799.5800000000004 2313.1250000000005 13.500000000000002 2.9674897060337968
decision_type=2 2 2 2 2 2 2 2 2 2 2 2 2 2 2 2 2 2 2 2 2 2 2 2 2 2 2 2 2 2
left_child=19 5 3 4 15 -2 8 11 -6 17 -11 22 13 -4 -15 16 -3 -10 -14 -1 -9 -7 28 -18 25 26 -19 -27 -5 -8
right_child=1 2 12 7 6 21 29 20 9 10 -12 -13 18 14 -16 -17 23 24 -20 -21 -22 -23 -24 -25 -26 27 -28 -29 -30 -31
leaf_value=-0.021737270281539059 -0.0011780141401201757 0.0065815691948072092 0.023616895311016163 -0.027879506349890799 -0.008408028102662073 0.045430330032983399 -0.013667355763619641 -0.0069578158753630303 -0.0069969915524878377 0.034021304624300239 -0.0041073150143260111 0.0037371779988262474 -0.012064325959272995 -0.01125953158713896 0.01174971723546772 0.0087041586048056171 -0.021511397185955995 -0.0035407568654723452 0.0074942068847319333 0.0023977763687910319 0.012338154558894936 -0.0010648615728955141 0.0024307746370972054 0.0015673039108049147 -0.0031987209735392951 0.0081820867530666488 0.019683307050345655 -0.0067252149208831173 0.0014771947994256772 0.002639093466694685
leaf_weight=0.9704489708638 0.37824985475890471 0.1845318849427694 2.4328185938720703 1.3700982630707588 0.31629245076965151 0.44924524612179084 0.34337224285900436 0.16152900955785288 0.60657977315804634 1.1062892904883481 0.12567114980083705 0.27382415816464334 0.28210887133718632 0.50815966557092884 0.65610107252905436 0.17054999977153773 1.1359430940892705 0.11811069342911729 0.2083037085540127 0.25030869006332068 0.46950897203896602 0.048749087622127263 0.048369359225034603 0.19179743826498441 0.191565026479111 0.27908922730421171 1.5316966222635526 0.47382824077703845 0.034276171361852792 0.075746562655695016
leaf_count=6243 618 99 1671 10528 980 207 182 1704 648 525 196 237 489 784 314 37 5322 409 46 822 489 45 1 162 180 241 492 334 8 11
internal_value=0 0.00914634 0.00529322 -0.000143495 0.00582421 0.0336307 0.0116436 -0.014055 0.0151922 0.0181139 0.0300342 -0.0209936 0.0151622 0.0181746 0.00114475 -0.0097265 -0.0144424 0.00746853 -0.0043025 -0.0179372 0.00616131 0.0432064 -0.0252782 -0.0189365 0.0118565 0.0136441 0.0173119 0.000315935 -0.0268466 -0.0109373
internal_weight=0 14.1724 13.2962 9.20867 6.85106 0.876244 5.16824 2.35761 4.74912 4.43283 1.23196 1.72657 4.08749 3.59708 1.16426 1.68282 1.51227 3.20087 0.490413 1.22076 0.631038 0.497994 1.45274 1.32774 2.59429 2.40272 1.64981 0.752917 1.40437 0.419119
internal_count=34024 26959 26089 22785 9818 870 4198 12967 4005 3025 721 10774 3304 2769 1098 5620 5583 2304 535 7065 2193 252 10537 5484 1656 1476 901 575 10536 193
is_linear=0
shrinkage=0.05


Tree=171
num_leaves=31
num_cat=0
split_feature=45 17 13 3 17 16 23 39 22 37 19 23 15 19 13 19 15 38 36 3 36 23 3 3 23 20 32 3 21 38
split_gain=0.47378 0.382625 1.0059 0.402356 0.330003 0.36556 0.265961 0.23357 0.228426 0.188549 0.178129 0.119458 0.112543 0.106 0.10227 0.10126 0.0960219 0.085603 0.0796372 0.0728083 0.0663205 0.0626265 0.0593604 0.0564022 0.0544834 0.0544463 0.0489027 0.0456392 0.0448909 0.0448123
threshold=1.0000000180025095e-35 5.5000000000000009 12.500000000000002 2.4965913171622796 8.5000000000000018 3.5000000000000004 1.0000000180025095e-35 1.0000000180025095e-35 1.0000000180025095e-35 994.05000000000007 21.025092592592596 25.156313657407413 237.50000000000003 30.700000000000003 26.500000000000004 0.027800925925925927 29531.000000000004 0.16845636751959334 60.050000000000004 1.1735333649890258 20.650000000000002 1.9449016203703706 0.80203339531218354 2.8025866982932452 31.346209490740744 2.5000000000000004 0.070197044334975381 -0.7556058038439265 5.5592071759259269 1.5269171785673998
decision_type=2 2 2 2 2 2 2 2 2 2 2 2 2 2 2 2 2 2 2 2 2 2 2 2 2 2 2 2 2 2
left_child=1 3 6 8 5 21 -3 9 11 -2 14 -1 -8 18 16 28 -6 -10 25 -16 -5 -4 27 -12 -13 -14 -23 -19 -7 -18
right_child=7 2 4 20 10 15 12 -9 17 -11 23 24 13 -15 19 -17 29 22 -20 -21 -22 26 -24 -25 -26 -27 -28 -29 -30 -31
leaf_value=-0.025164766309134969 -0.026426777737896541 -0.0038077472213555621 0.0006327327551006554 -0.0032482328356638656 0.022433329910517826 -0.00199020675071984 0.00029036399607312635 0.0088107268791061226 -0.0078837467852759715 0.0056437547867558687 -0.011320971346979541 0.0066462666242905468 0.047405135389101391 -0.0020128895814000305 -0.0071243328149570365 -0.0042530673944078563 -0.0066204828525023868 0.0058023376690967063 0.0019662121715578783 0.007648569266341141 0.016446282374666613 -0.022348293049123232 0.014851139786792526 0.0045344625153273393 -0.0078968647076333564 -3.2449376943014082e-05 0.00037116752480733365 -0.0081524876684773272 0.020588506885662789 0.0068196252558173397
leaf_weight=1.2703395572752914 1.09422083417303 0.19921201347460593 0.34492872755436188 0.17217630393861316 1.9714553363792227 0.068483062816085183 0.17939724671305191 0.27276132796578156 0.19676873748176149 0.19846688280085789 0.45148918162522012 0.40920949541032325 1.703969378342663 0.041926571066141949 0.48662754061479041 0.29464563699912105 0.31748276972211886 0.17227616192394635 0.19974378123697523 0.95466567826952087 1.2266140760366395 1.4459798513144049 0.43362265915493481 0.22801202622940764 0.18600295428404934 0.060472489503808791 0.22651250958006119 0.23884957705377019 0.38628232511109672 0.17454141808593704
leaf_count=8750 5520 52 128 37 1058 136 152 214 83 32 2822 1369 908 512 1097 1127 487 38 904 206 134 6075 26 14 1542 194 389 71 10 51
internal_value=0 0.0090028 0.0140818 -0.0029707 0.00323238 -0.00861426 0.03669 -0.014565 -0.0124324 -0.021189 0.0106446 -0.0199376 0.0404179 0.0427161 0.0143343 0.0119519 0.0190407 0.00419205 0.0440278 0.0017856 0.0136786 -0.0176831 0.00975372 -0.00646852 1.73747e-07 0.0463557 -0.0202838 -0.00233697 0.0181576 -0.000477499
internal_weight=0 14.0417 9.73583 4.30586 7.35111 2.76683 2.38472 1.56545 2.90707 1.29269 4.58427 1.86555 2.18551 2.00611 3.90477 0.749411 2.46348 1.04152 1.96419 1.44129 1.39879 2.01742 0.844748 0.679501 0.595212 1.76444 1.67249 0.411126 0.454765 0.492024
internal_count=34138 28372 16322 12050 13600 7865 2722 5766 11879 5552 5735 11661 2670 2518 2899 1273 1596 218 2006 1303 171 6592 135 2836 2911 1102 6464 109 146 538
is_linear=0
shrinkage=0.05


Tree=172
num_leaves=31
num_cat=0
split_feature=2 2 14 39 21 45 2 19 36 24 19 21 23 38 1 37 1 2 30 2 36 3 22 38 14 36 38 37 1 14
split_gain=0.553701 0.554914 0.469873 0.452797 0.329361 0.26271 0.255256 0.193813 0.162001 0.148864 0.144146 0.244727 0.163918 0.17654 0.149495 0.117242 0.10526 0.103606 0.0931709 0.0887408 0.0713212 0.0545169 0.0533877 0.0532458 0.044419 0.0354936 0.0278338 0.0273585 0.0252579 0.0232211
threshold=1.59610900237779 1.6385422311926139 72604.070000000022 1.0000000180025095e-35 16.944832175925928 1.0000000180025095e-35 2.184532917163279 26.558802083333337 45.750000000000007 1.5000000000000002 16.951695601851856 5.2896122685185194 2.6625057870370372 1.7196581197618641 10.46322818499157 994.05000000000007 10.804207870327309 0.12813749444333472 6.5000000000000009 5.7313164596176085 25.350000000000005 1.3050628776973909 1.0000000180025095e-35 1.5463336143265562 35330.695 15.250000000000002 0.16845636751959334 249.45000000000002 7.8927527079247577 211977.28
decision_type=2 2 2 2 2 2 2 2 2 2 2 2 2 2 2 2 2 2 2 2 2 2 2 2 2 2 2 2 2 2
left_child=2 24 3 9 17 6 -3 8 20 18 11 12 29 14 23 -7 -16 -4 26 -12 -6 -13 -5 -14 -2 -23 -1 -19 -28 -8
right_child=1 5 4 22 7 15 10 -9 -10 -11 19 21 13 -15 16 -17 -18 27 -20 -21 -22 25 -24 -25 -26 -27 28 -29 -30 -31
leaf_value=0.0041888926362334119 0.042611601740843073 -0.009713379615847631 0.0071555393847380329 -0.0035220326090058471 -0.0016361139975151361 -0.016665037784117161 -0.013274827881270532 -0.0060177586802691663 -0.0039509478753829734 0.0043060778507593676 -0.010511943578169529 -0.00086990087074218729 -0.010641077097680012 -0.0097412468866608787 0.022338655544638521 0.0062850079486960544 -0.00081655713791580105 -0.015046220835974192 -0.027768674929407801 0.007342615474592213 0.031191677433419863 0.00027678471815262214 0.015502585811989607 0.005296459852737836 -0.00021847348720049572 0.026726928641800891 -0.0093286122383800293 0.0015008379836685987 0.0027702719252025421 0.0018877636051226868
leaf_weight=0.2362559437424373 0.68490267921333625 0.58952377303012138 0.17763257081605865 0.075222453828246105 0.075365343924204242 0.61035413373338077 0.3543002133501435 0.2129858122243603 0.17966223166240514 0.21545717397384567 0.44384198716761591 0.13472704802552504 0.26840753438227771 0.28916765268513689 1.4198784029576925 0.2144335553603014 0.52974248224927567 0.73266369628527173 2.0651038937785415 0.39837388753949199 1.1304970600085651 0.1530438196678009 0.52174611068039667 0.1138963291705295 0.052253390189434867 2.7774985272881167 0.27060269944558968 0.095609794083429733 0.10838573695218656 0.037965091250953265
leaf_count=177 262 2977 55 484 309 1221 296 1370 702 365 1234 190 576 31 71 32 35 2272 19238 60 221 144 125 17 143 722 311 315 54 2
internal_value=0 0.014787 -0.00379655 -0.0141738 0.0101917 0.00828835 0.0113481 0.020294 0.0251658 -0.0214292 0.014142 0.0165182 0.00414452 0.00901719 0.0135688 -0.0105239 0.0179032 -0.007976 -0.0241058 -0.00266519 0.0293284 0.0246707 0.012401 -0.00549627 0.0411975 0.0257675 -0.00223117 -0.01336 -0.00636875 -0.0115055
internal_weight=0 9.07231 6.09719 3.49277 2.60442 8.33515 7.51037 1.59851 1.38552 2.89581 6.92084 6.07863 3.01336 2.62109 2.33192 0.824788 1.94962 1.00591 2.68035 0.842216 1.20586 3.06527 0.596969 0.382304 0.737156 2.93054 0.615244 0.828273 0.378988 0.392265
internal_count=34011 8013 25998 20754 5244 7608 6355 2602 1232 20145 3378 2084 1028 730 699 1253 106 2642 19780 1294 530 1056 609 593 405 866 542 2587 365 298
is_linear=0
shrinkage=0.05


Tree=173
num_leaves=31
num_cat=0
split_feature=32 2 32 21 19 5 0 2 24 13 45 32 37 10 37 12 20 38 13 9 19 10 0 13 2 38 24 13 12 38
split_gain=0.429138 0.499177 0.430811 0.409854 0.952359 0.46288 0.20576 0.191482 0.189746 0.1319 0.122051 0.106334 0.102651 0.0797303 0.0772202 0.0753725 0.0637171 0.0843387 0.0730517 0.0631546 0.0610263 0.0579479 0.050047 0.0475412 0.0422288 0.0357107 0.0279152 0.0258111 0.0242095 0.022271
threshold=0.057983193277310933 0.25580276569398636 0.25462962962962971 5.2896122685185194 13.743252314814816 1.0000000180025095e-35 859.81500000000017 8.8199967649303783 1.5000000000000002 6.5000000000000009 1.0000000180025095e-35 0.036038961038961044 55.050000000000004 728.57500000000016 767.50000000000011 1.0000000180025095e-35 2.5000000000000004 1.2104653551150164 27.500000000000004 2.5000000000000004 33.04210069444445 21695.500000000004 1167.8100000000002 13.500000000000002 5.7313164596176085 2.1517133772149184 3.5000000000000004 5.5000000000000009 171661.18500000003 2.9674897060337968
decision_type=2 2 2 2 2 2 2 2 2 2 2 2 2 2 2 2 2 2 2 2 2 2 2 2 2 2 2 2 2 2
left_child=1 13 20 5 6 9 -5 -7 11 15 12 19 -8 22 29 27 17 18 -14 25 23 26 -1 -2 -18 -6 28 -3 -11 -12
right_child=2 3 -4 4 8 7 10 -9 -10 21 14 -13 16 -15 -16 -17 24 -19 -20 -21 -22 -23 -24 -25 -26 -27 -28 -29 -30 -31
leaf_value=0.024920291326690512 0.0012075547554042075 -0.0026015241872229264 -0.010131422530606338 -0.0079443988489316508 -0.028080286381395328 -0.009987311821402188 -0.0030820215862653513 0.01413658316975306 0.0062087707409832892 -0.032399363054651846 -0.011587260320779252 0.0022116430348234836 0.028317006689792049 -0.0018267688819521592 0.0081283484457296187 -0.0091744045719102368 -0.0055038504483143251 0.00079361173172931814 -0.0018544581758300649 0.001844490156217132 -0.0021698512602170116 -0.00096543817384617172 -0.001949824707685325 0.028276125588577273 0.0076764467809504675 0.00016935736341294706 0.00081473009234844036 0.010881891207487502 0.00061575923224536976 0.0021010713855505402
leaf_weight=0.9902895575887658 0.269003693601919 0.054770730281232693 0.54804419651736669 0.31494309690242506 1.7032480049347221 0.53164223898784235 0.18864557809138238 0.9138112036162056 0.23967563578116813 1.9010235061259666 0.27158820647491655 0.21980220935438399 2.4189043833057453 0.20807268091994036 0.19242212944300263 0.22238623998964613 0.27611883379631752 0.40323696616997029 0.087827062426185765 0.072715430440439266 0.045298629434910143 0.23215797668672156 0.039629310062082368 1.9626669394219787 0.18568995781242847 0.10424433268417477 0.016417082864791044 0.21054630723301671 0.019059717429627088 0.043131084716151236
leaf_count=637 592 750 1164 1746 13533 26 707 34 223 6363 794 426 1784 275 31 1970 642 464 231 118 178 48 55 653 24 405 2 94 11 5
internal_value=0 -0.00150884 0.0176086 -0.00550347 0.00228951 -0.0162203 0.0150539 0.00480801 -0.0189682 -0.0258484 0.0180509 -0.0229175 0.0206832 0.0202702 -0.00189107 -0.000528092 0.0224137 0.0245295 0.0270325 -0.0256031 0.0253396 -0.0295789 0.0234352 0.0263966 0.00142174 -0.026971 -0.0315122 0.00824222 -0.031973 -0.00954008
internal_weight=0 12.062 2.82501 10.824 6.72219 4.10182 4.38251 1.44545 2.33969 2.65636 4.06756 2.10001 3.56042 1.23799 0.507141 0.487703 3.37178 2.90997 2.50673 1.88021 2.27697 2.16866 1.02992 2.23167 0.461809 1.80749 1.9365 0.265317 1.92008 0.314719
internal_count=33985 31398 2587 30431 21133 9298 6428 60 14705 9238 4682 14482 3852 967 830 2814 3145 2479 2015 14056 1423 6424 692 1245 666 13938 6376 844 6374 799
is_linear=0
shrinkage=0.05


Tree=174
num_leaves=31
num_cat=0
split_feature=45 36 38 14 19 21 36 21 39 36 19 3 20 13 17 38 30 12 36 19 23 38 21 24 18 30 32 36 36 36
split_gain=0.433557 0.436489 0.350142 0.242506 0.291157 0.210749 0.240001 0.201163 0.186693 0.182406 0.180772 0.175586 0.120903 0.117791 0.0882643 0.0869033 0.0779093 0.0715268 0.110862 0.0691143 0.0681669 0.0595299 0.0532037 0.0491243 0.0571693 0.0567151 0.047101 0.0408486 0.037685 0.0319274
threshold=1.0000000180025095e-35 59.45000000000001 0.017733858832087983 46722.220000000016 0.027800925925925927 -1.0000000180025095e-35 23.450000000000003 19.422146990740746 1.0000000180025095e-35 326.35000000000008 33.04210069444445 1.5665996026553377 2.5000000000000004 29.500000000000004 4.5000000000000009 1.694021936689617 6.5000000000000009 959.05500000000006 682.20000000000016 0.80135995370370383 27.162199074074078 0.25807098338868012 32.914224537037043 1.5000000000000002 1.0000000180025095e-35 10.500000000000002 0.22474747474747478 20.650000000000002 48.550000000000004 9.8500000000000032
decision_type=2 2 2 2 2 2 2 2 2 2 2 2 2 2 2 2 2 2 2 2 2 2 2 2 2 2 2 2 2 2
left_child=1 2 23 4 5 6 27 -6 9 -2 12 16 13 14 -5 26 -3 18 -13 21 -9 -19 28 24 -1 -26 -16 29 -22 -4
right_child=8 11 3 10 7 -7 -8 20 -10 -11 -12 17 -14 -15 15 -17 -18 19 -20 -21 22 -23 -24 -25 25 -27 -28 -29 -30 -31
leaf_value=-0.015699621053676543 -0.025371821776541788 0.0019229584146985589 0.0051591847829107204 -0.00015041864209917034 -0.017311687459604683 0.024402909307722237 -0.01572504551871147 -0.0051947817454285651 0.0077840245252168913 0.0056184585609087749 -0.0059538684241194368 -0.013842804454841127 -0.0018910552311557486 0.0013437716739124479 0.03252577616805153 -0.0016547453069558271 -0.020085716160899377 -0.0032014850205704473 0.0079857725584437152 -0.0052546983475755928 0.015725136244840052 0.01458643486426686 -0.003785229107095946 0.0045023060554561867 0.0083077403588125553 -0.0065518422031108844 -0.00032660722640208867 0.015134881267476308 -0.0024723844662734064 -0.0066697474424967963
leaf_weight=0.45419173920708888 0.99104408122275411 0.30821793544418985 0.15824077174693252 0.232259734371837 0.83581887291620649 1.2712747470341108 0.43609128136631625 0.32552862927695947 0.24104490713216353 0.21690996785400785 0.13363655656394247 0.35642891646239139 0.25342786482906365 0.51365167815492885 3.6289503294683536 0.10223371014944849 0.82898595623737492 0.21113524515385496 0.17458108684513718 0.19368492548346683 0.67534194102881884 1.0269438488485318 0.10300691611337243 0.12999363729250024 0.25885323200600396 0.32533227015119337 0.091498233145102748 0.50928293153629056 0.051577956754044862 0.15090634057196439
leaf_count=5044 5380 333 73 269 3060 331 585 1067 208 183 334 198 414 387 1224 113 11695 33 5 483 697 141 813 92 133 437 56 59 174 148
internal_value=0 0.00921421 0.0137469 0.0168053 0.00632369 0.0153115 -0.00063892 -0.00638424 -0.013891 -0.0197827 0.0236932 -0.00590288 0.0253964 0.0269778 0.0293167 0.0307671 -0.016012 0.00338168 -0.00613768 0.00798433 0.00588465 0.0114779 0.0106944 -0.00736397 -0.0103295 0.00112036 0.0318198 0.0116266 0.01375 -0.00129907
internal_weight=0 13.7411 10.6411 9.47273 4.51707 2.5258 1.25452 1.99127 1.449 1.20795 4.95566 3.09998 4.82202 4.56859 4.05494 3.82268 1.1372 1.96277 0.53101 1.43176 1.15546 1.23808 0.829927 1.16837 1.03838 0.584186 3.72045 0.81843 0.72692 0.309147
internal_count=34169 28398 15510 9804 7007 1196 865 5811 5771 5563 2797 12888 2463 2049 1662 1393 12028 860 203 657 2751 174 1684 5706 5614 570 1280 280 871 221
is_linear=0
shrinkage=0.05


Tree=175
num_leaves=31
num_cat=0
split_feature=36 15 15 37 3 34 3 24 37 38 6 23 15 36 12 37 21 0 21 45 14 0 39 14 24 3 3 14 3 38
split_gain=0.422214 0.511218 0.434868 0.437988 0.409986 0.350377 0.305816 0.200254 0.196008 0.262022 0.197959 0.218161 0.157249 0.137399 0.136077 0.129358 0.118558 0.113012 0.103799 0.0802118 0.0713149 0.0689407 0.0662197 0.0612166 0.0555266 0.0520551 0.0485234 0.0434499 0.0407397 0.0359322
threshold=60.050000000000004 96571.500000000015 1956.5000000000002 118.85000000000001 0.80203339531218354 1.0000000180025095e-35 4.641437745208993 1.5000000000000002 562.85000000000002 2.9674897060337968 1.0000000180025095e-35 23.394195601851855 182.50000000000003 15.250000000000002 75955.055000000008 103.35000000000001 40.211296296296304 106.38000000000001 19.017795138888893 1.0000000180025095e-35 30499.280000000002 21445.595000000005 1.0000000180025095e-35 13540.130000000003 2.5000000000000004 -1.7896011373355216 -2.8212351170226846 7687.4050000000016 1.7299255402510123 1.5819794665278972
decision_type=2 2 2 2 2 2 2 2 2 2 2 2 2 2 2 2 2 2 2 2 2 2 2 2 2 2 2 2 2 2
left_child=1 2 12 6 26 27 7 14 9 10 15 -12 17 -14 16 -2 -4 -1 21 23 -20 25 24 -15 -17 -5 -3 -6 -10 -25
right_child=8 4 3 18 5 -7 -8 -9 28 -11 11 -13 13 19 -16 22 -18 -19 20 -21 -22 -23 -24 29 -26 -27 -28 -29 -30 -31
leaf_value=0.009726483998034937 0.0036979493988808531 0.0050909518804764008 -0.02928686059290821 0.0045128497104411957 -0.00023796288179800553 -0.0051734058674828623 0.0099435274972197868 0.0063218562571614005 -0.0033012344519730455 0.011370228069047269 -0.012462401426579072 0.014852461066281328 -0.0045196883945790882 -0.0024230258005188757 0.0013190055369471827 -0.029386081332503845 0.0032790210180479295 -0.010499577764932702 -0.0029076353254726107 -0.003070306596166591 0.020228596144127177 0.0073993274097999403 0.001471043953364114 0.025032922946436977 0.0017652906219320958 -0.011543355097138207 -0.010062917535633384 0.048609935115264548 0.012911961847758176 0.00090150607353121383
leaf_weight=0.27078654734941476 0.15124859295701965 0.12174154994499975 1.9567322488246661 0.11855960319735459 0.03670651657739632 0.16076370889823011 0.44960485596675415 0.23625346134213021 0.070259323878417379 0.30906944328307862 0.4843477958056609 0.4487140651763184 0.21909170394246791 0.050805669545298637 0.3833259599196025 1.4740378369506286 0.10161917763616646 0.54781004988399218 0.12929492719376845 0.083953651090268866 0.91628572704212274 0.42396577045110462 0.099563381789266603 2.8646610119176334 0.036372883594594785 0.52961867086014558 0.25168970778940913 0.87956863609178981 0.47390531144628767 0.24041803177533427
leaf_count=171 460 18 11030 58 117 125 30 195 379 69 103 88 751 164 227 13734 184 682 501 151 481 57 478 669 8 1240 1577 197 70 77
internal_value=0 0.0112999 0.00542322 -0.00408621 0.0319241 0.0409785 -0.0142765 -0.0199409 -0.00694826 -0.0117639 -0.0167772 0.00156148 0.0156488 0.0193943 -0.0235805 -0.0235396 -0.0271326 -0.0021396 0.0107154 0.0216961 0.0173448 -0.00100024 -0.0265349 0.0229352 -0.0282315 -0.00765029 -0.00501293 0.0475501 0.0100364 0.0238393
internal_weight=0 10.9733 9.52279 5.24526 1.45047 1.07704 3.12754 2.67793 3.54752 3.00335 2.69428 0.933062 4.27753 3.45893 2.44168 1.76122 2.05835 0.818597 2.11772 3.23984 1.04558 1.07214 1.60997 3.15588 1.51041 0.648178 0.373431 0.916275 0.544165 3.10508
internal_count=34091 18702 16668 14003 2034 439 11666 11636 15389 14940 14871 191 2665 1812 11441 14680 11214 853 2337 1061 982 1355 14220 910 13742 1298 1595 314 449 746
is_linear=0
shrinkage=0.05


Tree=176
num_leaves=31
num_cat=0
split_feature=19 21 19 21 2 6 33 12 15 9 32 13 2 21 15 13 21 21 24 12 13 0 0 2 11 38 32 15 24 13
split_gain=0.412994 0.937574 0.498275 0.364735 0.452568 0.575754 0.256429 0.226645 0.211704 0.153696 0.153427 0.151531 0.139351 0.125071 0.116724 0.114828 0.114114 0.10981 0.0914942 0.0813506 0.0808421 0.0708719 0.0703153 0.0671224 0.0444405 0.042825 0.0409909 0.0394995 0.0363667 0.0327392
threshold=23.137812500000006 25.1337962962963 6.9852141203703715 6.4998206018518525 0.24344554179186695 1.0000000180025095e-35 1.0000000180025095e-35 2794.7200000000007 98372.000000000015 1.5000000000000002 0.17752100840336138 49.500000000000007 19.249882541093541 20.217013888888889 146785.00000000003 6.5000000000000009 20.385457175925932 3.8986342592592598 2.5000000000000004 171661.18500000003 10.500000000000002 2437.2100000000005 271.13500000000005 19.249882541093541 13.500000000000002 2.1517133772149184 0.22474747474747478 898.50000000000011 2.5000000000000004 8.5000000000000018
decision_type=2 2 2 2 2 2 2 2 2 2 2 2 2 2 2 2 2 2 2 2 2 2 2 2 2 2 2 2 2 2
left_child=1 2 3 4 -1 8 10 21 11 22 18 17 20 -9 29 -3 27 19 23 28 -7 -5 -2 24 -4 -24 -12 -8 -6 -10
right_child=9 15 6 7 5 12 16 13 14 -11 26 -13 -14 -15 -16 -17 -18 -19 -20 -21 -22 -23 25 -25 -26 -27 -28 -29 -30 -31
leaf_value=0.021633424785573497 0.0027868205499740088 -0.0016864292440880149 -0.0286296994418581 -0.009235250375731089 -0.031241728158436177 -0.010604333163385955 0.003834136072737704 0.029957848900492447 0.014564312332541924 0.0061725440485361155 0.0087603552171461371 0.0051223559057304094 0.021521411572530982 -0.0014063305486884043 -0.0091991383455833839 0.040042368750667565 0.013677025615774788 9.0767378875162695e-05 0.0032232157124037391 0.0023909776478856374 0.006430815503388922 0.0065580138039047844 -0.023287387056560846 0.0022903182976743244 0.0014522429340875697 0.0013650584620244104 -0.0050443679137016605 -0.010127983033770563 0.0010871663709168553 -0.002383053264519213
leaf_weight=0.85156208293301272 0.10028669380244615 0.093183121197397578 1.4892219332277807 0.30676095216404098 1.7616017679456502 0.25399873267269846 0.14765942780650221 1.8191739787462213 0.35257757033741643 0.28314932262583159 0.19408854960056499 0.11516920050416946 0.66478229826316237 0.26045134960440908 0.21742734507915884 1.281028928141495 0.47653010500289383 0.35535471556067921 0.06847042217850674 0.052718610641022567 0.5969845506024285 0.56783499303492135 0.95706915267874115 0.045601241290569194 0.031049066828927496 0.077114703182814992 0.11937287080036185 0.40407676243648893 0.021973534487187751 0.049225180312532757
leaf_count=403 282 81 9394 504 7489 45 16 627 154 364 30 42 29 31 949 454 224 1754 17 9 96 145 8929 1 7 267 352 1241 2 169
internal_value=0 0.00909646 0.00279771 0.00896876 0.000324483 -0.00698545 -0.0122586 0.0204585 -0.018037 -0.0136986 -0.0200541 -0.0232289 0.013038 0.0268486 0.00370529 0.0376943 0.00511489 -0.0258569 -0.0242678 -0.0291398 -0.00163584 -0.000952942 -0.0192265 -0.0262576 -0.0276829 -0.0216818 0.00366521 -0.00632851 -0.030596 0.0122692
internal_weight=0 12.5979 11.2237 8.2476 5.29338 4.44181 2.97607 2.95422 2.92605 1.41762 1.9478 2.30682 1.51577 2.07963 0.61923 1.37421 1.02827 2.19165 1.63434 1.83629 0.850983 0.874596 1.13447 1.56587 1.52027 1.03418 0.313461 0.551736 1.78358 0.401803
internal_count=34107 24265 23730 12448 11141 10738 11282 1307 10568 9842 9801 9296 170 658 1272 535 1481 9254 9419 7500 141 649 9478 9402 9401 9196 382 1257 7491 323
is_linear=0
shrinkage=0.05


Tree=177
num_leaves=31
num_cat=0
split_feature=45 17 3 15 19 32 12 38 20 39 37 30 32 38 2 37 3 37 30 21 0 38 15 21 0 15 0 0 21 12
split_gain=0.526941 0.418466 0.410706 0.335972 0.373345 0.39716 0.289931 0.239953 0.182659 0.182628 0.199251 0.165542 0.116218 0.112404 0.0865014 0.0729793 0.0666504 0.0724534 0.0638746 0.0596785 0.0557352 0.0505876 0.0503085 0.0497056 0.0492639 0.0464019 0.0405435 0.033763 0.0336245 0.0331736
threshold=1.0000000180025095e-35 5.5000000000000009 2.4965913171622796 93744.500000000015 6.9852141203703715 0.039607843137254913 3273.6150000000002 0.25359481481341184 1.5000000000000002 1.0000000180025095e-35 994.05000000000007 5.5000000000000009 0.22474747474747478 1.1012519093887494 0.12813749444333472 43.050000000000004 2.0064716797994779 312.45000000000005 14.500000000000002 11.893454861111113 3750.3550000000005 2.1517133772149184 49048.000000000007 8.7583680555555574 49226.510000000002 1541.5000000000002 1643.2750000000003 106.38000000000001 18.28588541666667 56364.785000000011
decision_type=2 2 2 2 2 2 2 2 2 2 2 2 2 2 2 2 2 2 2 2 2 2 2 2 2 2 2 2 2 2
left_child=1 2 11 4 6 16 23 -8 -5 10 -2 28 19 14 -13 -4 17 21 -15 -7 -10 29 -21 27 -9 -18 -25 -3 -1 -6
right_child=9 3 15 8 5 12 7 24 20 -11 -12 13 -14 18 -16 -17 25 -19 -20 22 -22 -23 -24 26 -26 -27 -28 -29 -30 -31
leaf_value=-0.0036094079352113461 -0.025366435871627013 0.002951285776293736 -0.0036196775213806114 -0.0012551224305012581 -0.022511827961775546 -0.0028564217102202542 -0.00040924748313410722 0.030485130375123098 0.046153023532389065 0.0075679643599511062 0.0069050989786665828 0.0030347931900728282 -0.0058612385207078557 -0.0081367688262895116 -0.024864753140682837 0.017752727097503543 0.0069586074434346713 0.0031786030866869409 0.0075745632043782984 0.021496933466968789 -0.00069211813209963519 0.0019450720322366178 -0.0022601839336318162 -0.0044712759258928626 0.0013159076590677846 -0.0064011406106046984 0.0089742477232508232 -0.012149537021052155 0.0092483090096009378 -0.00043638322459657185
leaf_weight=0.14690660172345804 1.0378465703934132 0.066449360539987512 0.12867609086242726 0.19067841557807774 1.0615101549310573 0.068613232666393631 0.80224289691159389 2.7935187126540773 0.49834136933714035 0.2395769224003742 0.15967582642770128 0.088741183679303393 0.13998641510988807 0.1952041450094838 1.2561974405507497 1.1319050319798405 0.35314771832418035 0.14010099491861172 0.41466373974890303 1.1775368013859404 0.035833606825690367 0.099901626974315039 0.051229302678620914 0.1901203823290416 0.24710911442525674 0.25971502148604486 0.29489085054228781 0.33387116839458031 0.36351368117902894 0.22926789610391995
leaf_count=211 5457 44 33 592 8327 107 1119 1457 295 209 31 38 363 956 9617 139 48 720 902 610 72 266 193 88 26 198 44 1343 125 355
internal_value=0 0.0117755 -0.00202571 0.017102 0.0112428 -0.00111958 0.0191666 0.0240662 0.03881 -0.0140758 -0.0198793 -0.0125056 0.0142368 -0.0175326 -0.0225147 0.014935 -0.0126697 -0.0162722 0.000615181 0.0180127 0.0446077 -0.0187417 0.0199368 -0.00358515 0.0290269 0.000838516 0.00424193 -0.00932538 0.00560807 -0.0204929
internal_weight=0 12.7599 3.72581 9.03407 8.30921 3.58101 4.7282 3.84287 0.724853 1.4371 1.19752 2.46523 1.43737 1.95481 1.34494 1.26058 2.14364 1.53078 0.609868 1.29738 0.534175 1.39068 1.22877 0.885332 3.04063 0.612863 0.485011 0.400321 0.51042 1.29078
internal_count=33985 28288 12021 16267 15308 11187 4121 2602 959 5697 5488 11849 1273 11513 9655 172 9914 9668 1858 910 367 8948 803 1519 1483 246 132 1387 336 8682
is_linear=0
shrinkage=0.05


Tree=178
num_leaves=31
num_cat=0
split_feature=45 19 1 1 16 34 15 19 14 12 1 15 33 37 37 2 30 3 17 3 2 13 3 17 22 17 37 14 12 1
split_gain=0.379887 0.275401 0.30051 0.363013 0.279489 0.343523 0.225434 0.315886 0.235307 0.222327 0.184076 0.179132 0.12824 0.126728 0.123315 0.122566 0.0971138 0.0961881 0.083803 0.0824568 0.0799371 0.0797638 0.0733333 0.0726623 0.0648336 0.0621767 0.0581634 0.055293 0.0545601 0.0498255
threshold=1.0000000180025095e-35 21.025092592592596 7.4691380760658852 8.2298723869251464 2.5000000000000004 1.0000000180025095e-35 43635.000000000007 2.0870370370370375 18775.755000000001 4387.1250000000009 4.6763643659302874 198726.50000000003 1.0000000180025095e-35 767.50000000000011 100.65000000000002 0.12813749444333472 20.500000000000004 2.3159627611228468 4.5000000000000009 -0.60238116152116339 5.7313164596176085 30.500000000000004 3.4357288626039613 8.5000000000000018 1.0000000180025095e-35 9.5000000000000018 562.85000000000002 15680.230000000001 6107.5550000000012 6.8016111230096516
decision_type=2 2 2 2 2 2 2 2 2 2 2 2 2 2 2 2 2 2 2 2 2 2 2 2 2 2 2 2 2 2
left_child=1 2 9 4 5 11 7 18 22 15 -2 16 20 -12 -11 -1 19 -9 28 -4 24 27 -8 26 -3 -21 -10 -20 -5 -14
right_child=10 12 3 6 -6 -7 8 17 23 14 13 -13 29 -15 -16 -17 -18 -19 21 25 -22 -23 -24 -25 -26 -27 -28 -29 -30 -31
leaf_value=0.0062588875737487355 0.0084973524492927225 -0.020671388812176644 -0.0010213942414146798 0.0080000340731023346 -0.0013562836820908654 -0.0051538667740979368 -0.0047691306226064923 -0.014256054898447827 -0.021882993442414563 -0.0060909375593753753 -0.022830002254481313 -0.0035388627033292024 0.010676960229702487 0.0045440547075563135 0.014798738410404964 -0.016964099117969922 -0.0019124317560116175 0.0052248456644674946 -0.0016397529776978502 0.045183860300372129 0.0036718549012587764 -0.0015328872941668249 0.014729660438322897 0.0018566619049201179 0.0025417009771389418 -0.00074080692322894826 0.0024834834971446552 0.025233960848239135 -0.0064075651054224629 -0.004371737278471283
leaf_weight=0.19190683424312682 0.21071187107554656 0.70186376359015301 0.058368356346364059 0.27475289246467616 0.57820860980427813 0.25931098214823567 0.14528053814137809 0.53758272636514437 0.74298881556387619 0.39962692209428485 1.0246156257426262 0.076745765178202308 0.40544195018992457 0.16971907219703997 1.0978585930997722 1.1703233816770078 0.039554534887429216 0.39908440690487623 0.079212884134904793 1.7636577132261648 0.18724168888002168 0.20939307178377919 0.49913812494196463 0.29943190027915989 0.12354991467509535 0.042943176207700051 0.067264831628563115 2.1349708321486105 0.36608955917017738 0.20683814633412112
leaf_count=82 76 8490 238 86 1025 826 232 1414 1096 1270 5646 118 258 42 1672 7942 139 98 17 1458 36 37 24 183 160 87 24 502 272 595
internal_value=0 0.00920275 0.011872 0.0161323 0.0284356 0.0341699 0.00678889 0.0124611 -0.00597612 -0.00177136 -0.0127311 0.039319 -0.0069468 -0.018642 0.00901732 -0.0124279 0.0416698 -0.00754382 0.0189274 0.0429391 -0.0138945 0.0220484 0.0101068 -0.0156794 -0.0177079 0.0442172 -0.0196057 0.0240615 0.000880498 0.00603485
internal_weight=0 13.0586 11.4337 8.57398 2.81879 2.24058 5.75519 4.00109 1.7541 2.85972 1.40505 1.98127 1.62494 1.19433 1.49749 1.36223 1.90452 0.936667 3.06442 1.86497 1.01266 2.42358 0.644419 1.10969 0.825414 1.8066 0.810254 2.21418 0.640842 0.61228
internal_count=34145 28381 18842 7876 3891 2866 3985 2426 1559 10966 5764 2040 9539 5688 2942 8024 1922 1512 914 1783 8686 556 256 1303 8650 1545 1120 519 358 853
is_linear=0
shrinkage=0.05


Tree=179
num_leaves=31
num_cat=0
split_feature=17 13 32 19 2 21 2 30 17 32 13 30 30 14 45 45 10 1 30 17 30 14 13 22 2 12 38 33 11 21
split_gain=0.535015 0.705931 0.43181 0.453522 0.420473 0.416946 0.278012 0.243251 0.191895 0.189005 0.179146 0.174729 0.233403 0.121088 0.123196 0.114056 0.105071 0.102793 0.100295 0.0751667 0.0719202 0.0541538 0.0514732 0.0450571 0.0450157 0.0397986 0.0366818 0.0360175 0.0335271 0.0329722
threshold=5.5000000000000009 11.500000000000002 0.063508064516129045 2.0870370370370375 8.8199967649303783 5.5592071759259269 3.973382124839397 17.500000000000004 9.5000000000000018 0.28991596638655465 12.500000000000002 5.5000000000000009 19.500000000000004 15162.230000000001 1.0000000180025095e-35 1.0000000180025095e-35 2792.145 4.6763643659302874 13.500000000000002 9.5000000000000018 4.5000000000000009 31582.470000000005 8.5000000000000018 1.0000000180025095e-35 0.12813749444333472 2825.4350000000004 0.017733858832087983 1.0000000180025095e-35 6.5000000000000009 31.164600694444449
decision_type=2 2 2 2 2 2 2 2 2 2 2 2 2 2 2 2 2 2 2 2 2 2 2 2 2 2 2 2 2 2
left_child=4 7 3 5 11 8 20 13 10 21 -3 27 16 -2 26 -7 24 -12 -10 -8 -5 -4 -6 29 -13 -18 -15 -1 -23 -14
right_child=1 2 9 6 22 15 19 -9 18 -11 17 12 23 14 -16 -17 25 -19 -20 -21 -22 28 -24 -25 -26 -27 -28 -29 -30 -31
leaf_value=-0.004074027153970562 0.0013887773520371615 0.0076031101044362172 -0.0016945320511276747 0.00035810812689026137 0.016726631613678704 0.02657580435885315 -0.0060716861115082945 -0.0002142719791965146 -0.006246269739285262 -0.006269391203101736 0.0042037820925657568 0.0013463752776486388 -0.0085593463906480476 -0.00066724513119657098 -0.0018018505466948316 -0.0021521105098663545 0.0067726651260516932 -0.02299699684019945 0.01379766285061434 0.011206167747096402 -0.024824904045455901 0.027318513550013492 -0.0017018699427011478 0.0093666162330525698 -0.028940278235135772 -0.0061522461726774827 0.046453728118920984 0.0093008916636911857 -0.00015473798059789919 0.004160872818768915
leaf_weight=0.10042821081879205 0.25465137707760632 0.23132085042016015 0.061476153856346971 0.28631249722093377 0.76443320393445879 1.2667450498556716 0.24610478387330648 0.42618365903763322 0.26864077806931153 0.1690874892319697 0.091192825871985184 0.038294753769151479 0.20239588241747686 0.013522053533961187 0.065999444199405732 0.24111108875513299 0.13060135656269256 0.98592786517838249 0.70405276458404842 0.57588288225815631 1.6238553538560152 1.6172101543197639 0.26598195912083611 0.29800227757004905 1.6580917468018013 0.25871196856860479 1.2340985821974753 0.34496302271145396 0.10425346600823093 0.105104141166521
leaf_count=288 748 133 291 56 49 145 143 529 215 510 18 34 1329 145 161 27 2 1733 396 80 13096 376 37 45 11994 643 625 86 44 140
internal_value=0 0.0132263 0.00517804 -0.00174798 -0.00653486 0.00865232 -0.014625 0.0342707 -0.00491711 0.02107 -0.0137415 -0.0147764 -0.0187338 0.0400766 0.0437346 0.0229557 -0.0245049 -0.0197789 0.00790172 0.00553991 -0.0222243 0.0249839 0.0134743 0.00402638 -0.0280108 -6.24204e-05 0.0458734 0.00555295 0.0262092 -0.00435451
internal_weight=0 10.4676 8.47317 6.52115 4.16701 3.78899 2.73216 1.99446 2.28114 1.95203 1.30844 3.13659 2.6912 1.56827 1.31362 1.50786 2.0857 1.07712 0.972694 0.821988 1.91017 1.78294 1.03042 0.605502 1.69639 0.389313 1.24762 0.445391 1.72146 0.3075
internal_count=34118 19471 17263 16042 14647 2667 13375 2208 2495 1221 1884 14561 14187 1679 931 172 12673 1751 611 223 13152 711 86 1514 12028 645 770 374 420 1469
is_linear=0
shrinkage=0.05


Tree=180
num_leaves=31
num_cat=0
split_feature=22 23 19 16 19 32 19 13 10 37 23 30 3 23 2 37 9 3 23 14 20 3 12 9 15 3 38 30 15 2
split_gain=0.330386 0.4897 0.656244 0.406967 0.36636 0.337633 0.276709 0.220509 0.199157 0.247561 0.172029 0.160161 0.156751 0.118661 0.116973 0.111012 0.0933644 0.0918713 0.0875371 0.0670334 0.0627886 0.0561803 0.0551877 0.0526834 0.0384071 0.0353949 0.0341561 0.0332057 0.0309574 0.025857
threshold=1.0000000180025095e-35 36.105028935185196 0.027800925925925927 2.5000000000000004 33.04210069444445 0.057983193277310933 18.2897337962963 10.500000000000002 985.18500000000006 562.85000000000002 1.0000000180025095e-35 10.500000000000002 0.21096454792475625 19.219704861111115 3.5876276440757437 312.45000000000005 1.5000000000000002 -2.8212351170226846 20.418009259259261 10625.925000000003 1.0000000180025095e-35 -0.36351641937048479 3863.3450000000007 1.5000000000000002 32431.500000000004 -0.97258197138666314 1.7196581197618641 16.500000000000004 81029.000000000015 19.249882541093541
decision_type=2 2 2 2 2 2 2 2 2 2 2 2 2 2 2 2 2 2 2 2 2 2 2 2 2 2 2 2 2 2
left_child=1 2 3 8 6 14 27 -5 9 11 12 28 17 -7 15 -4 29 -2 -15 -14 -9 -8 -22 -10 26 -20 -24 -3 -1 -16
right_child=10 4 5 7 -6 13 21 20 23 -11 -12 -13 19 18 16 -17 -18 -19 25 -21 22 -23 24 -25 -26 -27 -28 -29 -30 -31
leaf_value=-0.0044646128163249605 0.0057824325869625182 -0.0066092624104119079 -0.031679838739359728 -0.006703551398895103 -0.010316651938914546 -0.0096081066254502471 -0.0012691945304484813 -0.0022560936848503503 0.013355021542515132 0.010550847056883058 0.026414605946708997 -0.024645454160514862 -0.0036312891713692706 0.01732413505120153 -0.012190778378461097 0.0017228374641064552 0.007977706235278088 -0.015395762752413823 0.0044396356907501324 0.015004743447318517 -0.0019018245842122479 0.03915483192155253 0.029502583547682593 -0.0037262467733087516 -0.00052679907348628042 -0.0078133257914878122 -9.3279789601689411e-05 0.0049820700541947753 0.0066408283867328017 0.0022646966213518585
leaf_weight=0.26874593040611117 0.15757064739591431 0.26421534467317431 1.8372317854436921 0.23693126625858019 0.25879253792572843 0.2369225473166805 0.026019263437774498 0.046851424944179487 0.60209113634937228 0.29898391996903217 1.3858244689763521 1.1162096224143168 0.20868812008120563 0.40397596996808716 0.6142326650515314 0.16368749222147005 0.26046697939455044 0.42709768261193082 0.24182599647429015 0.88184926820395049 0.03941464347008139 0.72958396117701341 1.555000079446472 0.13421144180210831 0.082299477109699981 0.24302681008703075 0.094815077436578465 0.24400927812166628 0.31752762753330899 0.04509575292468071
leaf_count=595 18 562 19498 313 2322 853 229 297 424 54 345 3308 57 52 466 1586 22 306 155 188 118 389 384 90 97 730 30 239 346 1
internal_value=0 0.000727087 -0.00437152 0.00757481 0.0203261 -0.017219 0.0283862 0.0203175 -0.00486786 -0.0117824 0.0176287 -0.0181573 0.00320345 0.00387593 -0.0242646 -0.0292838 -0.00377972 -0.00964093 0.0106541 0.0114074 0.0249676 0.0378328 0.0262418 0.0098886 0.027344 -0.00282783 0.0284084 -0.00143068 0.00194482 -0.0104331
internal_weight=0 10.3622 8.83955 4.79308 1.52262 4.04647 1.26383 2.05531 2.73777 2.00147 3.06103 1.70248 1.67521 1.12575 2.92071 2.00092 0.919795 0.584668 0.888829 1.09054 1.81838 0.755603 1.77153 0.736303 1.73211 0.484853 1.64982 0.508225 0.586274 0.659328
internal_count=34074 33160 29419 6056 3741 23363 1419 1239 4817 4303 914 4249 569 1790 21573 21084 489 324 937 245 926 618 629 514 511 885 414 801 941 467
is_linear=0
shrinkage=0.05


Tree=181
num_leaves=31
num_cat=0
split_feature=15 19 34 21 2 5 23 19 0 2 17 0 13 45 3 21 2 12 12 36 2 2 2 0 32 37 37 36 3 3
split_gain=0.535233 0.406323 0.370141 0.321375 0.393538 0.762962 0.2918 0.235635 0.229583 0.16558 0.137196 0.125018 0.124261 0.120661 0.123403 0.115399 0.0826536 0.0684155 0.0639775 0.0488208 0.04717 0.0551682 0.0458614 0.044295 0.0297097 0.0294742 0.0277556 0.0257407 0.0236039 0.0221357
threshold=96571.500000000015 6.9852141203703715 1.0000000180025095e-35 5.2896122685185194 0.24344554179186695 1.0000000180025095e-35 30.395277777777782 23.137812500000006 2676.8050000000007 8.8199967649303783 5.5000000000000009 3750.3550000000005 49.500000000000007 1.0000000180025095e-35 0.18248672038546535 20.097858796296297 8.8199967649303783 171661.18500000003 4097.9000000000005 236.25000000000003 19.249882541093541 0.2815756514565731 0.12813749444333472 1145.075 0.37171052631578955 43.050000000000004 283.45000000000005 56.350000000000001 -3.2337409725332322 -0.46326007285573023
decision_type=2 2 2 2 2 2 2 2 2 2 2 2 2 2 2 2 2 2 2 2 2 2 2 2 2 2 2 2 2 2
left_child=1 3 8 4 -1 12 9 15 28 22 -7 -10 17 14 18 -8 -13 -6 -5 -15 21 -9 -3 -4 25 -16 -24 -17 -2 -20
right_child=2 6 23 13 5 10 7 20 11 -11 -12 16 -14 19 24 27 -18 -19 29 -21 -22 -23 26 -25 -26 -27 -28 -29 -30 -31
leaf_value=0.019937610995562054 0.0040116169701474302 0.0015015321580612619 0.0045374129592275301 -0.0072621540498810757 -0.027558539080079155 -0.0038113492855014414 -0.0050319417241731432 0.0030234501405601525 0.046360263751163845 0.0058618373145980472 0.020280360982114998 -0.007169825019153986 0.003794023667671652 -0.0085206075449652686 0.00016529354967497067 0.021437076370072597 0.011698807299888554 0.0022008506974709394 0.010228430607611638 0.0060604149521492866 0.0037299127531609591 -0.016464357720266519 -0.023295582811474824 -0.009816364268586222 -0.0005723766185365296 0.027039540124651474 -0.0003392514080618013 -0.00057551117591419056 -0.0065842532314094706 -0.0022451395790112827
leaf_weight=0.68645924368501976 0.086424274246382771 0.088956451034392425 0.15971716946660297 0.31094287812084154 1.8784684822576312 0.45157694091903999 0.16105567481190497 0.12586048782213755 0.76182303001860396 0.24473623698577274 0.99451375013450161 0.17725975694429508 0.1290473205535817 0.24027967584243004 0.11835676864939237 0.77887899491543067 0.28436101254192181 0.056485361317754612 0.3686610070790266 0.13784542579105619 0.075349660590291023 0.48836181915703492 1.975984408583827 0.30540500856477593 0.06433669380203344 2.0355272012566274 0.16900782784432511 0.088203696373966523 0.15145151761771658 0.072242175070641679
leaf_count=351 11 54 420 515 8613 18 471 174 235 31 50 562 38 254 111 135 13 17 214 40 2 4975 11980 558 25 621 1315 130 1908 147
internal_value=0 0.00232796 0.0264786 0.00888006 -0.000803731 -0.00838134 -0.00889405 0.0053631 0.0345507 -0.0174757 0.0142746 0.0396967 -0.0237329 0.018411 0.0210895 0.015613 0.0045051 -0.0262359 0.00118255 -0.00266458 -0.010115 -0.0130719 -0.0210544 -0.00515467 0.0253727 0.0260834 -0.0221698 0.0200889 -0.00260376 0.0080449
internal_weight=0 11.7411 1.92644 7.54474 4.19655 3.51009 4.1964 1.71771 1.46132 2.47868 1.44609 1.22344 2.064 3.34819 2.97007 1.02814 0.461621 1.93495 0.751846 0.378125 0.689572 0.614222 2.23395 0.465122 2.21822 2.15388 2.14499 0.867083 0.237876 0.440903
internal_count=33988 30281 3707 11014 9087 8736 19267 5887 2729 13380 68 810 8668 1927 1633 736 575 8630 876 294 5151 5149 13349 978 757 732 13295 265 1919 361
is_linear=0
shrinkage=0.05


Tree=182
num_leaves=31
num_cat=0
split_feature=17 13 32 19 23 12 24 3 23 0 0 32 38 37 23 3 19 37 36 2 32 16 23 24 32 38 24 45 14 12
split_gain=0.398591 0.856075 0.427358 0.412998 0.26889 0.326121 0.23507 0.225896 0.201122 0.191219 0.301785 0.187276 0.130015 0.103459 0.0913306 0.0877458 0.0763001 0.0732604 0.0675099 0.0654874 0.0640578 0.0521668 0.051059 0.0508274 0.045544 0.0412241 0.0381165 0.0373194 0.0371833 0.0357477
threshold=5.5000000000000009 11.500000000000002 0.057983193277310933 2.0870370370370375 15.862008101851854 108348.12500000001 2.5000000000000004 4.641437745208993 1.0000000180025095e-35 2841.4200000000005 2572.9050000000002 0.28991596638655465 0.022070947528348824 994.05000000000007 30.395277777777782 3.4357288626039613 30.700000000000003 562.85000000000002 29.850000000000005 0.12813749444333472 0.033615819209039555 9.5000000000000018 40.25133101851852 1.5000000000000002 0.039607843137254913 2.9674897060337968 3.5000000000000004 1.0000000180025095e-35 30499.280000000002 4097.9000000000005
decision_type=2 2 2 2 2 2 2 2 2 2 2 2 2 2 2 2 2 2 2 2 2 2 2 2 2 2 2 2 2 2
left_child=7 8 3 4 20 17 15 9 -2 10 14 18 -10 25 19 21 -14 22 -4 -1 27 24 -6 -21 -5 26 -11 -3 -20 -16
right_child=1 2 11 6 5 -7 -8 -9 12 13 -12 -13 16 -15 29 -17 -18 -19 28 23 -22 -23 -24 -25 -26 -27 -28 -29 -30 -31
leaf_value=0.0031576700916113665 -0.0035586403773804152 0.019441291895114121 0.00032773725056614182 -0.026271271607121251 -0.021142222958127791 0.014382357103635855 0.0088007515702057722 0.011315583622256091 -0.002191266325479752 -0.025080121938663543 0.017647646278619041 -0.0069397508646484697 0.041305082253804956 0.0040753505398079233 -0.0044799820225656971 0.0021241251279808964 -0.0015898753483723376 0.0036120258293422277 -0.00089792125385167111 -0.020563831289715808 -0.0032606169991244828 0.00180461698301677 0.002312047665272131 0.0021117918140217584 0.00011941229167158093 0.0016373402396909005 0.0014763475816555174 -0.00022992840425096504 0.02585886391940977 0.0086659033314396249
leaf_weight=0.11479987269558634 0.14797670840925903 1.4801797085001438 0.35038655652533668 1.9076105810536335 1.115711224674669 0.39283438390702929 0.21121889632195223 0.54287851095432405 0.088009513499855418 1.4026665257415514 0.51730624587798946 0.20886109984166967 1.5177667851985459 0.096353108732728177 0.098154511773827724 0.19286208413541306 0.032830227408339741 0.079970619874074944 0.068055522857321082 0.80071768372999941 0.10342118419794122 0.058013340665638569 0.055547159812704083 0.086666657340174424 0.16366328118056106 0.036075602507480542 0.030037024815101065 0.24140371987323295 1.3885565440014032 0.21740283973213081
leaf_count=45 42 811 297 12631 1365 32 39 36 395 4163 402 515 1375 15 1198 18 370 24 255 8265 48 35 52 182 445 13 5 214 324 236
internal_value=0 0.0105117 0.00196181 -0.00502219 0.00581271 -0.00694281 -0.017305 -0.00686277 0.0344096 -0.0116772 0.000420591 0.0175272 0.0378876 -0.0204956 -0.0110385 -0.0216139 0.0401296 -0.0170527 0.0218201 -0.0155903 0.0156936 -0.0237557 -0.0194774 -0.0184037 -0.0248261 -0.0231054 -0.0241453 0.017612 0.0247521 0.00427969
internal_weight=0 9.80488 8.0183 6.00244 3.46907 1.64406 2.53337 3.94306 1.78658 3.40018 1.83505 2.01586 1.63861 1.56513 1.31774 2.32215 1.5506 1.25123 1.807 1.00218 1.825 2.12929 1.17126 0.887384 2.07127 1.46878 1.4327 1.72158 1.45661 0.315557
internal_count=33847 19287 17105 15714 2546 1473 13168 14560 2182 14524 10328 1391 2140 4196 9926 13129 1745 1441 876 8492 1073 13111 1417 8447 13076 4181 4168 1025 579 1434
is_linear=0
shrinkage=0.05


Tree=183
num_leaves=31
num_cat=0
split_feature=13 17 22 6 34 9 16 2 37 36 13 36 37 14 31 15 36 38 10 30 38 15 37 12 38 35 38 2 15 36
split_gain=0.389083 0.577453 0.398406 0.463253 0.313385 0.296676 0.247607 0.232925 0.210048 0.186353 0.170516 0.16418 0.13732 0.134217 0.13366 0.111531 0.105488 0.0839717 0.10132 0.0670599 0.0579129 0.0518076 0.0479346 0.0464182 0.0446835 0.0423329 0.0365023 0.02576 0.0236051 0.0234068
threshold=11.500000000000002 5.5000000000000009 1.0000000180025095e-35 1.0000000180025095e-35 1.0000000180025095e-35 2.5000000000000004 1.5000000000000002 19.249882541093541 502.35000000000008 23.950000000000003 49.500000000000007 223.85000000000005 66.250000000000014 14823.185000000003 1.0000000180025095e-35 55971.000000000007 19.550000000000004 1.6286505249724763 8259.6100000000024 13.500000000000002 2.9674897060337968 3328.5000000000005 65.050000000000011 4183.6250000000009 0.22029726807544028 1.0000000180025095e-35 1.694021936689617 0.25580276569398636 184309.50000000003 57.350000000000001
decision_type=2 2 2 2 2 2 2 2 2 2 2 2 2 2 2 2 2 2 2 2 2 2 2 2 2 2 2 2 2 2
left_child=1 7 3 5 13 8 -5 9 10 12 14 20 -1 -3 17 -4 -15 18 25 -14 22 -8 -11 -21 -16 -2 -19 -24 -26 -18
right_child=2 4 15 6 -6 -7 21 -9 -10 11 -12 -13 19 16 24 -17 29 26 -20 23 -22 -23 27 -25 28 -27 -28 -29 -30 -31
leaf_value=-0.0093651941445549083 -0.031402317482396851 0.00063165986448958898 0.018898393395374052 -0.010986885696579731 -0.0044180996917696285 0.010571667136523051 -0.0013109536088201394 0.016133645446124771 0.0076227810862813999 0.0017631546279004142 0.0062277033682089557 0.0060855492497283812 -0.0028670708866960428 -0.0012743434908372943 0.0058996077815378651 -0.0037901708468264074 0.045045831423799171 0.005575294500020536 -0.001882332006707168 0.019235425592424148 0.0025568799344316928 0.020780741007915635 0.00022452591331794991 -0.0023237659202668005 -0.0092831101538262718 0.0012536674732666359 -0.0067275183240200322 -0.024605428324314723 0.002774488922144104 0.0013421235765400895
leaf_weight=0.22320294551264097 2.6134688778247432 0.25507650494637335 1.3899188589784897 0.25371770501078561 0.30662927345838387 0.40882989077181253 0.1733797210472402 0.58105336211156089 0.24394930838207063 0.06145829769593536 0.1583187513924712 0.29172919889515458 0.23442623921073391 0.079670322003948857 0.31768479784295767 0.32445667117281107 1.0337046443801226 0.16086871661173052 0.47789157264560334 0.57258291420475871 0.054648969082336296 1.1654035594401646 0.091144427085055102 0.063683690483230748 0.38541584087579395 0.025040650740265735 0.29524795531870041 1.0482630169999536 0.05512048676609993 0.094937193274745257
leaf_count=2394 17394 685 473 57 621 270 78 31 398 179 93 804 292 202 137 126 265 205 471 252 15 213 192 100 274 1 1268 6111 1 387
internal_value=0 0.0145673 -0.00189952 -0.00751115 0.0313079 -0.0142921 0.0114507 0.000134194 -0.0179092 -0.00684993 -0.0204326 -0.0148099 0.00610481 0.0375484 -0.0223927 0.01479 0.0415266 -0.0256335 -0.0279293 0.0129569 -0.0202106 0.0185825 -0.0219377 0.0169762 -0.00122836 -0.030833 -0.00153945 -0.0234427 -0.00689573 0.0437272
internal_weight=0 4.99221 8.44871 6.73434 1.77002 5.14184 1.5925 3.22219 4.73301 2.64114 4.48906 1.54724 1.0939 1.46339 4.33074 1.71438 1.20831 3.57252 3.1164 0.870693 1.25551 1.33878 1.20087 0.636267 0.758221 2.63851 0.456117 1.13941 0.440536 1.12864
internal_count=33989 12530 21459 20860 2160 20512 348 10370 20242 10339 19844 7301 3038 1539 19751 599 854 19339 17866 644 6497 291 6482 352 412 17395 1473 6303 275 652
is_linear=0
shrinkage=0.05


Tree=184
num_leaves=31
num_cat=0
split_feature=21 19 23 23 19 39 14 32 36 45 0 20 10 36 36 2 2 33 21 6 6 30 14 12 21 14 14 32 30 0
split_gain=0.448835 0.769716 0.430056 0.291874 0.365875 0.259763 0.214138 0.191164 0.176661 0.118345 0.112563 0.0982344 0.0887728 0.101349 0.0849969 0.0848731 0.0644182 0.0642164 0.058147 0.0522388 0.0512096 0.0494045 0.0461372 0.0385873 0.0351765 0.0424905 0.114403 0.0354169 0.0350894 0.0346871
threshold=27.264884259259265 23.137812500000006 20.105468750000004 7.885422453703705 11.885908564814818 1.0000000180025095e-35 211977.28 0.029857397504456332 59.45000000000001 1.0000000180025095e-35 898.29500000000007 2.5000000000000004 3718.7350000000001 856.05000000000007 408.55000000000007 8.8199967649303783 19.249882541093541 1.0000000180025095e-35 19.242719907407409 1.0000000180025095e-35 1.5000000000000002 15.500000000000002 34441.505000000005 29943.915000000005 23.092239583333335 10793.245000000001 10625.925000000003 0.49074074074074076 3.5000000000000004 7014.670000000001
decision_type=2 2 2 2 2 2 2 2 2 2 2 2 2 2 2 2 2 2 2 2 2 2 2 2 2 2 2 2 2 2
left_child=2 -2 3 5 8 6 15 12 9 11 22 21 13 20 -10 24 -12 19 -6 -9 -4 28 -3 -7 25 26 27 -1 -5 -23
right_child=1 10 7 4 18 23 -8 17 14 -11 16 -13 -14 -15 -16 -17 -18 -19 -20 -21 -22 29 -24 -25 -26 -27 -28 -29 -30 -31
leaf_value=-0.013894959125849982 0.038543747123207697 -0.0045459267718419702 -0.024291954153110727 -0.0003306568220985621 -0.013546042587174232 0.016112937178490976 0.0093218081006789834 -0.009123278650625271 -0.0093632434566694837 -0.0040211461663112727 -0.016473217278584983 -0.0022530648815209625 0.0012576442148383243 0.0040491454103218447 0.0086400755663460505 0.0030328092311997434 0.0039356496465223663 0.010536147667275545 0.0036369425333692695 0.0057173298222876062 0.00097089638011405108 -0.0036606737358488082 0.010678975985658885 -0.0024541335299175251 0.0015447168006345344 -0.023432112819515849 0.0098354051749880642 0.0026618177606795262 0.031930602666553669 0.0087258435647824869
leaf_weight=0.37021546491359858 1.3030419255910612 0.099882973150670074 1.8181338151252942 0.065800569194836789 0.49356798717781192 0.52206536388075608 0.38131889538271924 0.50574192361636938 0.40800420918003499 0.086426468029458081 0.68233564020829363 0.13659970937897004 0.41474389634095121 0.091855642513109959 0.24181415191742417 0.22791845201572858 0.080547860823571682 0.41861753508055699 0.22459391506072279 0.13681658990390133 0.1354479523943154 0.24427355411626184 0.3396383950694144 0.055212263278008322 0.05893303359789559 1.1837954512275244 0.18932318847691931 0.061938058357554837 1.9645776675151863 0.34983542131976719
leaf_count=2829 374 1848 6925 50 3769 320 295 890 2160 557 5390 333 385 20 121 39 3 106 542 14 21 710 382 14 74 4099 38 58 1358 107
internal_value=0 0.0212849 0.000628587 0.00736199 0.0146429 -0.00383003 -0.0107817 -0.0118208 0.0204895 0.0245879 -0.00642699 0.0263145 -0.017674 -0.0206652 -0.00148751 -0.0162756 -0.0133082 0.00374011 -0.00918316 -0.00440639 -0.0228047 0.0280128 0.00646463 0.0139071 -0.0188709 -0.0198504 -0.00278445 -0.0113203 0.031121 0.00453142
internal_weight=0 2.50545 10.7876 7.26621 4.21549 3.05072 2.47344 3.52136 3.49733 2.84751 1.2024 2.76109 2.46018 2.04544 0.649818 2.09212 0.762884 1.06118 0.718162 0.642559 1.95358 2.62449 0.439521 0.577278 1.86421 1.80527 0.621477 0.432154 2.03038 0.594109
internal_count=33831 7997 25834 17473 9707 7766 7432 8361 5396 3115 7623 2558 7351 6966 2281 7137 5393 1010 4311 904 6946 2225 2230 334 7098 7024 2925 2887 1408 817
is_linear=0
shrinkage=0.05


Tree=185
num_leaves=31
num_cat=0
split_feature=21 19 23 19 30 18 36 10 13 6 21 36 36 23 23 30 2 13 24 37 23 8 14 13 2 15 2 38 0 13
split_gain=0.56597 0.583349 0.331918 0.42203 0.308901 0.283844 0.302258 0.250818 0.190102 0.173547 0.178921 0.128185 0.125141 0.106391 0.103622 0.0992653 0.134878 0.0920169 0.0810071 0.0777146 0.0626206 0.0499184 0.0489318 0.0486016 0.0459114 0.0429545 0.0410245 0.0381862 0.0359125 0.0330583
threshold=11.027870370370371 21.025092592592596 19.219704861111115 6.2443113425925931 20.500000000000004 1.0000000180025095e-35 23.450000000000003 4802.7000000000016 8.5000000000000018 1.5000000000000002 5.2896122685185194 57.850000000000001 13.15 9.6745891203703724 15.862008101851854 6.5000000000000009 5.7313164596176085 32.500000000000007 2.5000000000000004 767.50000000000011 34.2122800925926 1785.5300000000002 20082.185000000005 25.500000000000004 19.249882541093541 198726.50000000003 1.0737895486534812 1.9513285748750844 1110.7600000000002 5.5000000000000009
decision_type=2 2 2 2 2 2 2 2 2 2 2 2 2 2 2 2 2 2 2 2 2 2 2 2 2 2 2 2 2 2
left_child=5 2 3 14 8 18 13 9 -4 10 19 12 -10 25 26 28 27 22 21 20 -8 24 -14 -15 -1 29 -2 -17 -3 -7
right_child=1 15 4 -5 -6 6 7 -9 11 -11 -12 -13 17 23 -16 16 -18 -19 -20 -21 -22 -23 -24 -25 -26 -27 -28 -29 -30 -31
leaf_value=-0.025128728679638182 -5.7048655086730094e-05 0.0086159958179346467 -0.0034610108454422948 -0.015797832680776447 -0.0063982945339387783 -0.0012970839037303812 -0.028469452033451265 0.011501297337067163 -0.0021286603162459306 0.006549077857617611 0.0040190281933952217 0.0014015943967627923 0.0008876972713606282 -0.0091216684543152533 -0.0047174032713605454 -0.021087761654994749 0.0053416290958679807 0.00026619288717369562 0.0034337950404563361 0.0020096404461225417 0.00091302959220511924 0.0018726281079643127 0.041742692562021094 0.0054939919870033551 0.0017703885815560949 -0.0018268969628777582 0.022070344624676847 0.0011770342442496535 -0.0042476066163926723 0.01995747386989331
leaf_weight=1.1630052310038079 0.22849763750127772 0.37684447429637646 0.17289337496731683 0.82507804157921771 0.25674453099327355 0.072031708441499975 1.2943861418843887 0.42375334541793552 0.090735664344720912 0.30307102482765902 0.38569724761691748 0.35359675185827644 0.12003267293403119 0.25787504295658426 0.12828518589958537 0.80896224834395958 0.28345220371556934 0.16152784184123437 0.073217303142882773 0.11673363473528287 0.13098008261840721 0.055268464195250888 2.3126572589007992 0.16218177473638207 0.036048271227627882 0.097508520886549266 0.98006225339486264 0.10222903029534791 0.13364167655163328 1.3151882747879424
leaf_count=10146 117 114 393 4981 222 244 2692 129 390 23 117 1047 242 381 60 10383 51 60 15 13 218 23 468 70 3 103 171 503 195 414
internal_value=0 0.0136273 0.0205929 0.00299682 0.0284361 -0.00591004 0.00110729 -0.00863701 0.0320789 -0.0148381 -0.0192889 0.0344574 0.037249 0.0129858 0.016393 -0.0084825 -0.0136669 0.0388353 -0.020132 -0.0244062 -0.0265062 -0.0224206 0.0405727 -0.00358359 -0.0238827 0.0172291 0.0197552 -0.019281 0.0046658 0.0187728
internal_weight=0 7.33524 5.63011 2.16192 3.46819 5.88695 4.55941 2.65462 3.21144 2.23087 1.9278 3.03855 2.68495 1.90479 1.33685 1.70513 1.19464 2.59422 1.32754 1.5421 1.42537 1.25432 2.43269 0.420057 1.19905 1.48473 1.20856 0.911191 0.510486 1.38722
internal_count=33988 19397 8151 5329 2822 14591 4404 3192 2600 3063 3040 2207 1160 1212 348 11246 10937 770 10187 2923 2910 10172 710 451 10149 761 288 10886 309 658
is_linear=0
shrinkage=0.05


Tree=186
num_leaves=31
num_cat=0
split_feature=45 14 36 13 17 32 19 2 32 0 37 15 15 0 36 36 32 11 16 30 38 24 15 3 30 2 37 15 0 38
split_gain=0.379147 0.423285 0.311516 0.260385 0.255937 0.16404 0.254568 0.172171 0.110375 0.108964 0.111412 0.108352 0.0853009 0.0972471 0.0834395 0.0805323 0.0737843 0.0711443 0.0679052 0.0617443 0.058438 0.0492158 0.0563706 0.0544136 0.0484609 0.0560807 0.0638609 0.0474333 0.0436775 0.0421889
threshold=1.0000000180025095e-35 13370.560000000001 17.550000000000004 14.500000000000002 5.5000000000000009 0.057983193277310933 0.32731481481481489 3.5876276440757437 0.28991596638655465 106.38000000000001 994.05000000000007 237.50000000000003 55296.000000000007 1145.075 60.050000000000004 30.850000000000005 0.051956815114709856 3.5000000000000004 3.5000000000000004 4.5000000000000009 1.4933062522666838 1.5000000000000002 237.50000000000003 -5.0641986381414457 4.5000000000000009 0.12813749444333472 666.85000000000014 29531.000000000004 11367.750000000002 2.9674897060337968
decision_type=2 2 2 2 2 2 2 2 2 2 2 2 2 2 2 2 2 2 2 2 2 2 2 2 2 2 2 2 2 2
left_child=1 24 18 4 17 6 12 19 15 -2 29 -6 13 -5 20 -7 -15 27 21 -8 -13 22 -3 -24 -1 -26 -27 -4 -9 -11
right_child=9 2 3 5 11 8 7 28 -10 10 -12 14 -14 16 -16 -17 -18 -19 -20 -21 -22 -23 23 -25 25 26 -28 -29 -30 -31
leaf_value=0.0030514158042360528 0.005988503973460191 0.003428500354327681 0.012593084691182194 -0.0048385634186503034 -0.0017111942585032536 -0.0023493813448648461 0.002114754757181011 0.0095520250532549686 -0.0049087497736265591 -0.022403709214312392 0.0044870240157106603 0.039897838767164434 -0.0054757840918176299 0.019638238582318293 0.0014518643642011681 0.023661281408762724 -0.0035659966904549381 -0.0066966229179319442 0.0055096174421005711 -0.020563224369574525 -0.00059554885823004356 0.0039355400716176115 0.0031378029139333291 -0.017402666357331273 0.003450492134458374 -0.01808001942603497 0.0029783233811438857 -0.0021563862786744374 -0.0041430205320233289 0.0018596434788738553
leaf_weight=0.19221531251241586 0.14378051729363583 0.12874469964663038 0.94219665278887832 0.15761825635672755 0.1064645943406507 0.15097474311551184 0.15066865245171335 0.47835116968781211 0.10851555376393651 0.87401788773240674 0.16516781478276243 1.7686416211781764 0.13361516772238236 1.3642401387851348 0.24225733801176819 1.0987024489304529 0.081450818361190502 0.19058296818911902 0.41928614713742707 0.94927967627609178 0.061976974806384422 0.11200655291759176 0.066208520278450922 0.77988221500254451 0.10093248862540338 0.96284159316473938 0.13312369028972171 0.40245123571276054 0.23991727923203143 0.038699884205925628
leaf_count=172 62 140 1388 215 105 55 25 141 287 5660 34 857 180 379 1377 343 8 371 849 7618 113 66 7 4023 49 7644 58 1663 80 12
internal_value=0 0.0104265 0.0139437 0.017326 0.0261321 0.00737504 0.000460704 -0.0101716 0.0176035 -0.0125922 -0.0167599 0.0345168 0.0112405 0.0142019 0.0363288 0.0208714 0.0174074 0.00530963 -0.00461396 -0.0179291 0.0388008 -0.00928815 -0.012031 -0.0149663 -0.0103288 -0.0128885 -0.0153215 0.00914168 0.00522866 -0.0209405
internal_weight=0 11.5231 10.134 8.62791 3.71457 4.91333 3.55514 1.81822 1.35819 1.22167 1.07789 2.17934 1.73692 1.60331 2.07288 1.24968 1.44569 1.53523 1.50613 1.09995 1.83062 1.08684 0.974835 0.846091 1.38911 1.1969 1.09597 1.34465 0.718268 0.912718
internal_count=33981 28213 20290 15205 5874 9331 8646 7864 685 5768 5706 2452 782 602 2347 398 387 3422 5085 7643 970 4236 4170 4030 7923 7751 7702 3051 221 5672
is_linear=0
shrinkage=0.05


Tree=187
num_leaves=31
num_cat=0
split_feature=36 15 1 37 34 15 37 38 22 37 23 14 15 12 3 14 30 21 3 3 22 23 19 38 19 16 15 21 22 12
split_gain=0.426725 0.39088 0.341275 0.259232 0.245006 0.203684 0.294406 0.193749 0.177414 0.201428 0.157899 0.11194 0.106442 0.0917895 0.0873403 0.0858614 0.083397 0.0764863 0.0751325 0.0747131 0.0637904 0.0575209 0.0560645 0.0521189 0.0469788 0.0467877 0.0423185 0.0394077 0.0386163 0.0410652
threshold=57.850000000000001 80277.500000000015 7.8927527079247577 58.150000000000013 1.0000000180025095e-35 5749.5000000000009 148.45000000000002 1.2319654593938731 1.0000000180025095e-35 767.50000000000011 34.090590277777785 466359.55500000005 365.50000000000006 50008.92500000001 4.641437745208993 48811.375 11.500000000000002 1.0000000180025095e-35 0.48611815626132454 -2.6028089179770437 1.0000000180025095e-35 8.0583275462962991 32.745989583333341 2.9674897060337968 2.1615740740740743 3.5000000000000004 691.50000000000011 6.4998206018518525 1.0000000180025095e-35 511.63500000000005
decision_type=2 2 2 2 2 2 2 2 2 2 2 2 2 2 2 2 2 2 2 2 2 2 2 2 2 2 2 2 2 2
left_child=1 3 19 20 15 7 13 12 9 10 11 23 24 28 -12 -4 27 -14 26 -3 25 -19 -23 -2 -5 -1 -10 -8 29 -7
right_child=8 2 4 5 -6 6 16 -9 18 -11 14 -13 17 -15 -16 -17 -18 21 -20 -21 -22 22 -24 -25 -26 -27 -28 -29 -30 -31
leaf_value=-0.017602422469915818 -0.028217752126201746 0.0067388366317015051 0.041193454384752415 0.0076073463026967913 -0.0033336892582826842 0.0017702394639535568 -0.0018708767668740422 -0.004697738258888323 0.0046920288541491724 0.0073982791321163185 -0.0079712721853777042 0.0030989083456043499 -0.00042042357007850541 0.0038750058133570557 0.010890362100042114 -0.00083115983397386625 -0.003418564426951673 -0.00030522995291087663 0.012510332119180029 -0.011344071414012225 0.0034783054567709376 0.027522763125973727 -0.0019147258577646631 0.0015802135112840605 -0.0050011971577165566 0.0013871721334908708 -0.0096344285802068379 0.018994299808280334 -0.00037416966429106057 -0.021148023985594781
leaf_weight=0.73852180401172318 1.3125944226831068 0.1619551633230002 1.2099054670170515 0.51071586297621274 0.22373308689839166 0.056138647613807047 0.069453375148441188 0.71217572952900798 0.11161126367369423 0.37743786687133241 0.24332473353388184 0.13758606078226865 0.29613166373019373 0.28370221821205621 0.25391424307599664 0.087376519930330576 0.29307025969137612 0.19048550132174602 0.51657608326058835 0.287510489520173 0.21212441319221398 1.9414934644464663 0.039556621572955808 0.047802582765143486 0.50868116122001084 0.2303648771612643 0.22831086440055515 0.68298284791490005 0.3489935795951169 0.87784477567311114
leaf_count=5474 12510 25 385 231 259 185 61 557 25 173 2487 178 211 175 8 299 448 384 122 2251 130 1158 185 32 350 943 173 153 99 4445
internal_value=0 0.0110127 0.0266876 0.00461012 0.0341332 0.00846652 -0.00216702 0.0142258 -0.00798866 -0.0136805 -0.0188068 -0.0240495 0.0182762 -0.0130026 0.00250107 0.0392333 0.0124888 0.0225106 0.00665474 -0.0046744 -0.0113155 0.0247843 0.0264898 -0.0269448 0.00195471 -0.014676 -0.00493936 0.0170998 -0.0167973 -0.0195674
internal_weight=0 9.96292 1.97048 7.99244 1.52102 6.81143 2.61219 4.19924 3.22916 2.37266 1.99522 1.49798 3.48706 1.56668 0.497239 1.29728 1.04551 2.46767 0.856498 0.449466 1.18101 2.17154 1.98105 1.3604 1.0194 0.968887 0.339922 0.752436 1.28298 0.933983
internal_count=34116 18408 3219 15189 943 8642 5566 3076 15708 15388 15215 12720 2519 4904 2495 684 662 1938 320 2276 6547 1727 1343 12542 581 6417 198 214 4729 4630
is_linear=0
shrinkage=0.05


Tree=188
num_leaves=31
num_cat=0
split_feature=19 23 19 19 24 0 23 39 38 3 0 23 14 9 15 36 2 0 20 13 2 36 36 0 45 38 23 38 30 13
split_gain=0.323915 0.326388 0.375353 0.231585 0.186452 0.180668 0.153437 0.228793 0.175621 0.143724 0.112179 0.110901 0.10261 0.101908 0.0933781 0.0905921 0.0837648 0.0762516 0.0905387 0.0680539 0.0629659 0.0576386 0.0557608 0.0548203 0.0527321 0.0488776 0.0557825 0.0446801 0.0446126 0.0339636
threshold=23.137812500000006 27.7352025462963 11.97892939814815 13.108003472222224 1.5000000000000002 8425.6500000000033 7.885422453703705 1.0000000180025095e-35 0.74908285352010295 0.80203339531218354 49226.510000000002 20.22527777777778 13721.365000000003 1.5000000000000002 758.50000000000011 56.850000000000001 19.249882541093541 49226.510000000002 2.5000000000000004 14.500000000000002 0.58465439961201049 313.60000000000008 32.650000000000013 271.13500000000005 1.0000000180025095e-35 0.21562544369318407 0.15022569444444447 1.9513285748750844 17.500000000000004 5.5000000000000009
decision_type=2 2 2 2 2 2 2 2 2 2 2 2 2 2 2 2 2 2 2 2 2 2 2 2 2 2 2 2 2 2
left_child=1 2 6 5 16 -3 7 9 11 -1 22 12 -8 23 19 20 -4 18 24 -10 -5 -16 -7 -2 29 28 -27 -25 -11 -14
right_child=13 3 4 15 -6 10 8 -9 14 25 -12 -13 17 -15 21 -17 -18 -19 -20 -21 -22 -23 -24 27 -26 26 -28 -29 -30 -31
leaf_value=-0.01847156383017818 0.0026214712122452567 -0.011417570494859043 -0.0232044449289142 6.4293511989662908e-05 0.0076221916157789161 -0.001567289000431247 -0.0029361556131188259 0.014137239977397478 0.013773155516961871 -0.010388911499267045 -0.005113881886023023 -0.0017085890494696215 -0.00050673714486284486 0.0049999221642027724 -0.011489047196254673 -0.0024013276389569802 0.0034574831277454422 -0.0015942650717977358 -0.0024996061432841776 -0.0039147523112588074 0.03599601730012545 0.0047611972232892898 0.020355063331127507 -0.020924446349225745 -0.0016520068193952347 0.011151592041174198 -0.0036283087005644604 0.0014191611285615984 0.0040959753716311191 0.029353427864040649
leaf_weight=0.71434410556230332 0.091962696645169428 0.39901909229683896 1.0387460619012925 0.13337519327251346 0.2184170845466723 0.18880476308913763 0.16953787624606853 0.71324800148886414 0.39846476301318012 0.30339388718130056 0.27363289053027984 0.42369796285129258 0.063765299786611052 0.24000775295917265 0.79260543738928391 0.050296250488827243 0.071168465539812931 0.15482953497848928 0.10176999154191424 0.32140249135954946 1.0669454291601139 0.14423457274824614 0.66169912799159647 0.78777109209477203 0.041204917597497004 0.60969051896881843 0.43311913675643154 0.1180418096264475 0.20221683622548881 1.9141049673362429
leaf_count=5645 286 1728 6872 110 128 147 1000 356 69 409 24 896 24 369 1727 452 2 25 373 99 363 96 119 8693 463 156 724 420 144 2013
internal_value=0 0.00916845 0.00347204 0.021577 -0.0147391 0.00375489 0.00805109 -0.000832945 0.0129866 -0.00843836 0.0119802 0.0188214 0.0218421 -0.0119578 -0.000398649 0.0319702 -0.0206664 0.0240209 0.0258026 0.00819151 0.0338472 -0.00782068 0.0172714 -0.0164978 0.0275846 0.00162227 0.0062418 -0.0187959 -0.00572299 0.0285439
internal_weight=0 11.6037 8.82996 2.77377 1.32833 1.52316 7.50163 2.97601 4.52562 2.26276 1.12414 2.86891 2.44521 1.23778 1.65671 1.25062 1.10991 2.27567 2.12085 0.719867 1.20032 0.93684 0.850504 0.997776 2.01908 1.54842 1.04281 0.905813 0.505611 1.97787
internal_count=33932 24164 21221 2943 7002 2018 14219 7434 6785 7078 290 4794 3898 9768 1991 925 6874 2898 2873 168 473 1823 266 9399 2500 1433 880 9113 553 2037
is_linear=0
shrinkage=0.05


Tree=189
num_leaves=31
num_cat=0
split_feature=21 19 23 18 19 30 33 17 21 13 30 12 2 3 37 37 3 1 2 24 6 17 8 1 3 23 21 23 13 1
split_gain=0.452057 0.446327 0.416023 0.342696 0.340512 0.258923 0.215634 0.192394 0.169741 0.170361 0.137841 0.130292 0.136063 0.121809 0.115252 0.090905 0.0777516 0.0927413 0.069342 0.0670486 0.0636192 0.0594992 0.0516496 0.0514898 0.0469323 0.0408455 0.0405521 0.0310599 0.0305666 0.0441217
threshold=11.027870370370371 21.025092592592596 19.219704861111115 1.0000000180025095e-35 6.2443113425925931 20.500000000000004 1.0000000180025095e-35 4.5000000000000009 3.8986342592592598 6.5000000000000009 6.5000000000000009 23147.165000000005 0.12813749444333472 2.8025866982932452 153.65000000000001 43.050000000000004 -0.94091169570938205 7.0345068655639542 19.249882541093541 2.5000000000000004 1.0000000180025095e-35 4.5000000000000009 1785.5300000000002 7.0136996235310836 -0.13956763807335193 17.179432870370373 20.217013888888889 40.25133101851852 32.500000000000007 9.6914744109814972
decision_type=2 2 2 2 2 2 2 2 2 2 2 2 2 2 2 2 2 2 2 2 2 2 2 2 2 2 2 2 2 2
left_child=3 2 4 18 24 7 8 -4 9 14 23 12 -11 -12 -5 -9 -17 -18 19 22 -13 -8 -1 -3 -2 -26 -6 -14 29 -19
right_child=1 10 5 6 26 -7 21 15 -10 11 13 20 27 -15 -16 16 17 28 -20 -21 -22 -23 -24 -25 25 -27 -28 -29 -30 -31
leaf_value=-0.025312326628400383 -0.0018816093143157915 0.01119652387105958 -0.0035876647513209551 -0.0079051611354445227 -0.017502323113931236 -0.0049116722173791379 -0.0017663378935526997 -0.0017263341765563632 0.010320441100051097 0.0049864716311146225 -0.018983818266082017 -0.007042492578492144 -0.02583648413934141 0.0050418038759202227 0.014096433049366468 0.002242171411858793 -0.0016729142946383083 0.040744839222295923 0.0030339413539492857 0.0026890762446979653 0.0079376908167172067 0.017645652921112958 0.0018307455006529392 -0.0045686328050897991 0.018176563678879275 -0.0013762682060226305 0.0021470616971813838 0.00087485350465214481 0.0021478608397994012 0.0011337341436696167
leaf_weight=1.1620833214983575 0.21247928576303809 0.42804353890096525 0.18067297724883324 0.19116614105223639 0.76376607067595603 0.28043417100343493 0.27819304443801218 0.081445605651424891 0.62126636340508401 0.11031377164181355 0.83487740123928211 0.39802289663202817 1.0894035022965907 0.2554784787898825 0.44281192015205306 0.30826038525720045 0.066542496424517039 2.2359657597571649 0.063361411448567995 0.056508128647692391 0.4469554291026725 1.1063866035692624 0.051284847781062015 0.14022883333382197 0.88070503790913812 0.15655513953061018 0.074314204224720015 0.047405461051312048 0.17689574767609872 0.13150638354090904
leaf_count=10002 126 114 521 998 4970 217 174 315 196 59 10999 175 1849 48 601 341 451 823 5 15 29 389 21 211 206 24 101 31 70 78
internal_value=0 0.0132114 0.0192632 -0.00425473 0.000566169 0.0278854 0.00290917 0.0312597 -0.00419468 -0.00938464 -0.00666632 -0.0148411 -0.0211515 -0.0136355 0.00668439 0.0337302 0.0349076 0.0370752 -0.0200303 -0.0220108 0.000888855 0.0146403 -0.0238563 0.0068737 0.0134734 0.0159985 -0.0155398 -0.0248345 0.0382747 0.0395346
internal_weight=0 7.20817 5.54954 6.06516 2.08782 3.46172 4.73193 3.18129 3.34735 2.72608 1.65863 2.0921 1.24712 1.09036 0.633978 3.00062 2.91917 2.61091 1.33324 1.26988 0.844978 1.38458 1.21337 0.568272 1.24974 1.03726 0.83808 1.13681 2.54437 2.36747
internal_count=34159 19615 8243 14544 5427 2816 4501 2599 3938 3742 11372 2143 1939 11047 1599 2078 1763 1422 10043 10038 204 563 10023 325 356 230 5071 1880 971 901
is_linear=0
shrinkage=0.05


Tree=190
num_leaves=31
num_cat=0
split_feature=22 12 37 15 2 36 12 37 15 33 12 1 12 39 6 36 14 15 36 14 38 15 1 6 9 37 2 37 38 9
split_gain=0.479853 0.300091 0.297432 0.342224 0.384774 0.253001 0.238596 0.139972 0.139354 0.0863566 0.0807818 0.073426 0.0712179 0.071066 0.0620806 0.0586798 0.0566911 0.0524437 0.0440954 0.0354955 0.0351008 0.0293627 0.0213366 0.0169003 0.0164347 0.0164244 0.0595966 0.0149222 0.0137506 0.0110231
threshold=1.0000000180025095e-35 108348.12500000001 193.55000000000004 758.50000000000011 19.249882541093541 58.850000000000001 7790.2450000000008 767.50000000000011 182.50000000000003 1.0000000180025095e-35 5815.6650000000009 8.0966438865730499 2794.7200000000007 1.0000000180025095e-35 1.5000000000000002 227.65000000000001 33566.900000000001 135888.00000000003 27.850000000000005 466359.55500000005 0.34957555263774881 184309.50000000003 9.0391545817313617 2.5000000000000004 3.5000000000000004 247.35000000000005 19.249882541093541 43.050000000000004 2.9674897060337968 2.5000000000000004
decision_type=2 2 2 2 2 2 2 2 2 2 2 2 2 2 2 2 2 2 2 2 2 2 2 2 2 2 2 2 2 2
left_child=1 2 3 6 13 10 8 19 -1 24 16 12 -10 14 21 17 -4 27 23 25 -19 29 -20 -3 -8 26 -7 -2 -27 -5
right_child=15 18 5 4 -6 7 9 -9 11 -11 -12 -13 -14 -15 -16 -17 -18 20 22 -21 -22 -23 -24 -25 -26 28 -28 -29 -30 -31
leaf_value=-0.0072411245197785707 8.8609695825507854e-05 -0.0051551348229706166 -0.0012130364012905828 -0.029328736913719861 0.008064589620855319 -0.0086594653810349118 -0.017084395882094157 0.0081129476912059299 -0.0030844907280204153 0.0048478608116160286 -0.0024881774948117639 -0.0030159296654280777 0.022254586986511615 0.00076955290930724013 0.001113382596922751 -0.0019104897486118102 0.023918760900318886 -0.0065248836686238321 -0.00075428631343958652 0.0018003861914599835 0.0058793745460993772 -0.0011835549062922325 0.018988504882346127 0.003719291042270971 0.00083142906462637788 -0.018398117525233192 0.0072317218113633125 0.02061847801775131 0.00076574120948763764 0.00019781377650389785
leaf_weight=0.1689766383369683 0.099890010569654186 0.11192425443914622 0.1517828515643489 2.7883371288517105 0.55375027045374725 0.20410937900578552 0.63756627229304275 0.39007384940487089 0.065546644770620222 0.16737392984214239 0.2083699332724791 0.13406509951346368 1.0112675244745331 0.185445646361586 0.11228569782178954 0.20289050858264079 0.70141588462138316 0.13853859562368587 0.068789100005233195 0.13284858178030845 0.14691400953233824 0.18558621939246212 0.59285769870621152 0.08869429596234113 0.041997317286586622 0.54511535083292983 0.17432854440994561 2.2494375612877775 0.017390225890267175 0.018421123026200692
leaf_count=691 114 100 185 21881 45 2801 615 170 179 17 120 42 264 559 17 55 49 21 70 63 29 865 144 11 19 3948 5 685 10 62
internal_value=0 -0.00398797 -0.00723885 -0.0126567 -0.0201551 0.00568056 0.00252172 -0.00660163 0.0124328 -0.0116145 0.0176041 0.0172117 0.0199697 -0.0256775 -0.0270598 0.016706 0.0212058 0.0182708 0.0149049 -0.0132815 -0.000533427 -0.0281311 0.0177173 -0.00140173 -0.0161414 -0.0152414 -0.00140342 0.0200327 -0.0176948 -0.0291339
internal_weight=0 9.45832 8.59605 6.07062 3.84383 2.52543 2.22679 1.46387 1.37986 0.846938 1.06157 1.21088 1.07681 3.29008 3.10463 2.83767 0.853199 2.63478 0.862265 1.07379 0.285453 2.99234 0.661647 0.200619 0.679564 0.940944 0.378438 2.34933 0.562506 2.80676
internal_count=33836 32932 32607 25256 23429 7351 1827 6997 1176 651 354 485 443 23384 22825 904 234 849 325 6827 50 22808 214 111 634 6764 2806 799 3958 21943
is_linear=0
shrinkage=0.05


Tree=191
num_leaves=31
num_cat=0
split_feature=17 37 19 36 23 30 45 39 3 37 20 15 19 3 37 23 36 36 8 33 0 32 2 14 3 16 37 0 30 30
split_gain=0.414207 0.305286 0.28314 0.201621 0.220678 0.182465 0.153052 0.135243 0.138168 0.11349 0.106938 0.0955466 0.0852247 0.0769409 0.0725398 0.072104 0.0557872 0.0482028 0.039857 0.0393397 0.03882 0.0374711 0.034725 0.0339451 0.0325433 0.0301925 0.0283907 0.0264991 0.0225071 0.0222451
threshold=5.5000000000000009 43.050000000000004 21.025092592592596 60.050000000000004 1.0000000180025095e-35 5.5000000000000009 1.0000000180025095e-35 1.0000000180025095e-35 3.4357288626039613 78.550000000000011 2.5000000000000004 62525.000000000007 0.80135995370370383 -1.0090759983209792 994.05000000000007 37.231956018518524 15.850000000000003 15.850000000000003 123.28500000000001 1.0000000180025095e-35 49226.510000000002 0.31414473684210531 0.7195879230081873 10793.245000000001 3.4357288626039613 3.5000000000000004 65.050000000000011 172.07000000000002 14.500000000000002 6.5000000000000009
decision_type=2 2 2 2 2 2 2 2 2 2 2 2 2 2 2 2 2 2 2 2 2 2 2 2 2 2 2 2 2 2
left_child=5 25 3 4 17 19 10 8 9 16 15 12 20 29 -11 18 -7 -3 21 -1 22 23 -5 -6 26 -2 -15 -8 -18 -4
right_child=1 2 13 11 6 7 27 -9 -10 14 -12 -13 -14 24 -16 -17 28 -19 -20 -21 -22 -23 -24 -25 -26 -27 -28 -29 -30 -31
leaf_value=-0.0035335274726576321 -0.013817110831825366 0.0048932589869853165 0.0082689949289189713 -0.0019284550788808742 -0.00089570108313754334 -0.0080250227171173114 0.0039384977772905956 0.0056125036151725644 0.0033999254503965085 -0.02640888977742081 -0.0019717060997054892 -0.010489168596733099 -0.0064699499310033924 0.0014147519858771483 0.0022432464975604 -0.00094714921153797355 -0.0026999108666558246 -0.010319109367587799 -0.0002435291364070324 0.01115967301372647 -0.0020587352842562842 -0.00069530650491298124 0.01561232172991865 0.029004513515128522 0.0024028659380876658 0.0015258737830522525 -0.015860605748998589 -0.0074667384564868211 0.0091090114408324263 -0.0029235820357102933
leaf_weight=0.10386746253061696 0.51371625854426195 0.12548838523071015 0.22856457944726571 0.097309288405994954 0.036771685130588483 0.19021667966444633 0.085352340829558559 0.36165813199750108 0.45929125173279306 1.4780171922557199 0.21032946748346137 0.29596286410014716 0.25107937629854848 0.1011843698333903 0.080276513304852304 0.16442951978387998 0.056676666542443854 0.25716018588718725 0.1093231417617061 0.55563505561440252 0.20071778958663344 0.06361161108361546 0.77414230525937455 4.1126086400836357 0.056863901671022177 0.1767605438890314 0.53875189946847968 0.17246042098213366 0.34260229035589873 0.077649433111218968
leaf_count=278 3024 17 36 174 201 3430 55 375 70 9389 476 1126 3170 288 25 121 547 56 41 95 16 62 478 2423 5 754 5274 543 416 965
internal_value=0 0.010354 0.0132859 0.0166322 0.0206572 -0.00802236 0.0232383 -0.0127469 -0.0161437 -0.0200754 0.0250762 0.00054307 0.00646336 -0.00663986 -0.024633 0.0264724 -0.00010989 -0.0053994 0.0274975 0.00811076 0.0111528 0.028126 0.0136698 0.0286171 -0.0119685 -0.0113102 -0.013932 -0.00356158 0.0067012 0.00536543
internal_weight=0 8.65024 7.95976 6.95675 5.33754 3.62824 4.95489 2.96874 2.60708 2.14779 4.69707 1.61921 1.32325 1.00301 1.55829 4.48674 0.589496 0.382649 4.32232 0.659503 1.07217 4.21299 0.871452 4.14938 0.6968 0.690477 0.639936 0.257813 0.399279 0.306214
internal_count=33930 19305 15527 8959 3995 14625 3922 14252 13877 13807 3324 4964 3838 6568 9414 2848 4393 73 2727 373 668 2686 652 2624 5567 3778 5562 598 963 1001
is_linear=0
shrinkage=0.05


Tree=192
num_leaves=31
num_cat=0
split_feature=21 19 23 19 22 5 30 36 11 38 1 3 22 36 3 21 23 21 38 8 37 3 3 10 21 43 24 14 3 3
split_gain=0.404208 0.594851 0.337744 0.452705 0.268718 0.514939 0.249702 0.19777 0.189799 0.130803 0.114335 0.0935762 0.0803405 0.0768136 0.0857716 0.0752505 0.0734177 0.0723364 0.0635037 0.0551431 0.0518999 0.0517031 0.0491934 0.0418229 0.0416188 0.0363624 0.0368854 0.0353673 0.0275432 0.0259395
threshold=11.354212962962965 21.025092592592596 25.156313657407413 11.885908564814818 1.0000000180025095e-35 1.0000000180025095e-35 12.500000000000002 42.750000000000007 1.5000000000000002 1.5463336143265562 9.2500864276270001 -2.1014494415733505 1.0000000180025095e-35 23.450000000000003 2.4965913171622796 16.944832175925928 0.0040335648148148153 24.35418402777778 1.7196581197618641 1785.5300000000002 59.350000000000001 3.4357288626039613 2.8025866982932452 8795.9550000000017 25.244253472222226 1.0000000180025095e-35 1.5000000000000002 20082.185000000005 0.67047536026456733 -2.1014494415733505
decision_type=2 2 2 2 2 2 2 2 2 2 2 2 2 2 2 2 2 2 2 2 2 2 2 2 2 2 2 2 2 2
left_child=4 2 3 6 5 9 -2 15 -7 19 17 -3 22 20 16 -4 -15 23 -11 25 -6 24 -13 -8 29 26 -1 -17 -9 -5
right_child=1 11 7 21 13 8 10 28 -10 18 -12 12 -14 14 -16 27 -18 -19 -20 -21 -22 -23 -24 -25 -26 -27 -28 -29 -30 -31
leaf_value=-0.028948394396442791 0.026110041513410211 0.0050831014502531694 -0.001252049048148592 0.00052222498679275987 -0.0028828016546792023 -0.0085164866652483323 -0.01621293074010342 -0.0052755033331795438 0.016586942390610416 0.0084465040028985066 0.0097223783551018232 -0.021374124817819674 0.00265939187907156 -0.014496283171529959 0.0084264620567245496 0.00084816634470675503 0.0051566544930038974 0.0051280245059160982 -0.0076963272552213538 0.0017003882722977416 0.016705615086564325 0.0027804053233036678 0.0012861094546640643 0.0026358121364852428 0.0021978435359752456 0.0011618982949584652 4.9596359104870004e-05 0.040495288777683949 0.005365094199193416 -0.019533986391007972
leaf_weight=1.8873919819584455 1.2471337845017849 0.21672117507387145 0.057676858273225551 0.12140056818498124 0.097525629818846715 0.43287275873444775 0.55598012085192727 0.18831463132482884 1.0171418766258282 0.24847057765236957 0.38006405105443264 0.82781689170224104 0.26475415664026514 0.38973317210184177 0.21647910418687388 0.10230837700510154 0.11310073384083807 0.121145399119996 0.19720819025314995 0.055200033428263739 0.77031565472134389 0.12419635523110628 0.15103525604718016 0.058552442689688178 0.065620973000477534 0.031116098078200483 0.11044059048253974 1.2231697545430504 0.24761118422975414 0.75511799289597525
leaf_count=13309 468 271 166 148 80 23 543 426 76 278 83 10880 200 128 22 119 19 26 535 36 180 12 39 10 43 80 226 164 173 5446
internal_value=0 0.0115709 0.0187627 0.00613464 -0.00543581 -0.0116373 0.0164748 0.0319477 0.00867553 -0.0224393 -0.0015456 -0.0113966 -0.0152541 0.00860203 -0.00241694 0.0376134 -0.00958595 -0.00961445 0.000920748 -0.0261135 0.0141395 -0.0136624 -0.0189947 -0.0138968 -0.0161455 -0.0271818 -0.0278636 0.0391158 0.000295693 -0.0179582
internal_weight=0 6.70862 5.24829 3.42921 5.567 3.97984 2.36288 1.81908 1.45001 2.52983 1.11574 1.46033 1.24361 1.58715 0.719313 1.38315 0.502834 0.735678 0.445679 2.08415 0.867841 1.06634 0.978852 0.614533 0.94214 2.02895 1.99783 1.32548 0.435926 0.876519
internal_count=34209 19217 7827 6779 14992 14563 1130 1048 99 14464 662 11390 11119 429 169 449 147 579 813 13651 260 5649 10919 553 5637 13615 13535 283 599 5594
is_linear=0
shrinkage=0.05


Tree=193
num_leaves=31
num_cat=0
split_feature=33 13 17 24 17 14 30 2 36 30 10 39 30 15 14 23 19 36 36 25 18 36 21 2 36 14 6 36 14 22
split_gain=0.261591 0.355536 0.533762 0.267209 0.253985 0.290562 0.229539 0.173547 0.158016 0.15231 0.138898 0.138064 0.12628 0.119703 0.101091 0.0905133 0.0799164 0.0776259 0.0743985 0.0639596 0.0583885 0.0514355 0.0395528 0.03861 0.0298399 0.0316614 0.024819 0.0237503 0.0201537 0.0201212
threshold=1.0000000180025095e-35 11.500000000000002 5.5000000000000009 1.5000000000000002 13.500000000000002 466359.55500000005 17.500000000000004 19.249882541093541 23.450000000000003 19.500000000000004 719.22000000000014 1.0000000180025095e-35 9.5000000000000018 32431.500000000004 18775.755000000001 20.002528935185186 18.741325231481486 21.650000000000002 593.20000000000016 1.0000000180025095e-35 1.0000000180025095e-35 408.55000000000007 27.974947916666668 1.1893304763807537 1.0000000180025095e-35 178702.28000000006 3.5000000000000004 27.850000000000005 9729.510000000002 1.0000000180025095e-35
decision_type=2 2 2 2 2 2 2 2 2 2 2 2 2 2 2 2 2 2 2 2 2 2 2 2 2 2 2 2 2 2
left_child=1 2 7 4 5 9 10 8 17 11 12 19 -4 24 27 -6 28 -1 -10 21 -7 26 29 -19 25 -2 -3 -15 -14 -11
right_child=13 3 6 -5 15 20 -8 -9 18 22 -12 -13 16 14 -16 -17 -18 23 -20 -21 -22 -23 -24 -25 -26 -27 -28 -29 -30 -31
leaf_value=-0.0065096010684645676 -0.0052086538920860332 -0.028953635564464904 -0.0027261122147456255 0.013010501076092491 0.014401393855064804 -0.0047800891311701498 -0.004026140201331024 0.010752778666345275 -0.02191206753016714 -0.0080580889596370258 -0.0024577181490076433 0.0029066271428253472 -0.0002575432120563202 0.01237925708446598 -0.0074071187083741942 -0.0051313518986330596 -0.001652829413486618 -0.0029267416749229995 0.0031362477139139687 0.0019709913905326284 0.012565049844329011 0.00053904970780218329 0.007198938433430703 0.014053627627069349 0.022190606797746412 0.0065577936729921005 0.0008165621753925237 -0.0012030343101555744 0.042253652314301914 0.0026700564821937594
leaf_weight=0.26288519975423541 0.15046184306538801 2.52765897574591 0.056575771657662477 0.5178473490232135 0.4522761168936994 0.10543815202618123 0.25336216200957995 0.36744639382231969 0.87555539751065226 0.21643028282869625 0.11431199403068604 0.24062442751619517 0.016066608296569029 0.44547656958184212 0.72333621160760231 0.33858900759787502 0.034166684686169901 0.058753125594193989 0.08405502468758641 0.059231733726846758 0.41519412455090787 0.12017317480422196 0.2648212842814246 0.31095090628696198 1.8249861299163965 0.16160493405914167 0.016448043286800273 0.20466560378190479 0.81895523036473605 0.088443342479877174
leaf_count=2478 381 14747 193 304 241 361 396 23 6273 1327 196 410 119 333 1100 636 508 80 72 89 20 337 451 43 1875 50 2 635 383 18
internal_value=0 0.000189486 0.0113639 -0.00730918 -0.0113351 -0.0158877 0.0280022 -0.00536873 -0.0118021 -0.0204687 0.0339534 -0.0239676 0.037391 0.0150743 0.00155035 0.00784315 0.0400637 0.00435139 -0.0192372 -0.0264849 0.00821888 -0.0274828 0.00140758 0.0111885 0.0205012 0.00123866 -0.0285851 0.00996561 0.0417411 -0.00528472
internal_weight=0 8.61626 3.25308 5.36318 4.84533 4.05446 1.29344 1.95965 1.5922 3.53383 1.04008 2.96414 0.925764 3.51053 1.37348 0.790865 0.869189 0.632589 0.95961 2.72351 0.520632 2.66428 0.569695 0.369704 2.13705 0.312067 2.54411 0.650142 0.835022 0.304874
internal_count=34081 29707 10764 18943 18639 17762 1795 8969 8946 17381 1399 15585 1203 4374 2068 877 1010 2601 6345 15175 381 15086 1796 123 2306 431 14749 968 502 1345
is_linear=0
shrinkage=0.05


Tree=194
num_leaves=31
num_cat=0
split_feature=36 37 37 45 14 13 0 14 17 15 38 3 14 3 15 15 15 0 0 13 14 20 38 36 37 32 13 38 11 17
split_gain=0.274206 0.29222 0.202653 0.18058 0.188537 0.183484 0.235647 0.205041 0.171173 0.169745 0.151951 0.148071 0.13515 0.140193 0.119995 0.0798383 0.0766752 0.071582 0.0631607 0.0562013 0.0548708 0.0540028 0.0522422 0.0587098 0.0461935 0.0437503 0.0392187 0.042652 0.0441303 0.0312752
threshold=58.850000000000001 43.050000000000004 767.50000000000011 1.0000000180025095e-35 10625.925000000003 14.500000000000002 3818.1050000000005 32314.66 6.5000000000000009 165.50000000000003 2.9674897060337968 4.641437745208993 335063.98499999993 3.4357288626039613 198726.50000000003 96571.500000000015 21987.500000000004 106.38000000000001 14507.855000000001 4.5000000000000009 356451.57500000007 2.5000000000000004 1.9885879356866367 15.850000000000003 103.35000000000001 0.21583850931677021 18.500000000000004 0.12210810793820352 9.5000000000000018 7.5000000000000009
decision_type=2 2 2 2 2 2 2 2 2 2 2 2 2 2 2 2 2 2 2 2 2 2 2 2 2 2 2 2 2 2
left_child=1 11 10 4 18 6 9 -7 -9 -6 12 20 13 24 19 -15 -8 -5 -3 -11 -1 26 23 -21 -2 -25 -10 -28 -29 -18
right_child=2 3 -4 17 5 7 16 8 21 14 -12 -13 -14 15 -16 -17 29 -19 -20 22 -22 -23 -24 25 -26 -27 27 28 -30 -31
leaf_value=-0.017622556882562975 0.0012881944636294867 -0.010895227755489349 0.012699531445963584 0.0062723333038692255 -0.0032635698615897223 -0.01010487543814958 0.0094263940477369388 -0.0079339367957849977 0.0010838701008509827 -0.0013428236206878572 0.0088183493804488387 0.0090313356877334446 0.0054130678673160564 0.0083746720007316835 -0.002759296147127395 -0.0090770675339524511 -0.0097467657626223239 -0.011556800865374989 0.0058813319951733179 0.00035463600575518368 0.0015852337479730215 -0.0021591748803557005 -0.00080455421359366388 0.040183774041613253 -0.025140366644266429 -0.00019700142343868476 -0.0010141457444521891 0.021231823682055791 -0.001496096042127588 0.003391511051694265
leaf_weight=0.62441773585578519 0.077202854620738726 0.33215843238485465 0.43749279455550993 0.14977315233045452 0.14152528435443024 0.49042539473157409 0.60333409122631543 0.29224692264051588 0.47606166590048893 0.027116181641759662 0.21589163781209197 0.27406423701904714 0.30670618069143518 0.48191902721009672 0.064163348999500047 0.18172249571944121 0.36453742059893557 0.35988476706097572 0.15420976596578839 0.1184094247746551 0.2839388388374573 0.17227436778739491 0.046926252089178777 2.0653308286700853 1.1974172391128375 0.058634611301385919 0.15622324324976977 2.2778454279396105 0.093818021257902617 0.084226093724282691
leaf_count=6914 487 1999 180 59 128 1655 388 644 349 49 61 13 520 70 52 11 453 1768 21 230 257 311 76 1756 14256 83 138 1204 56 36
internal_value=0 0.0120616 -0.00413541 0.0151413 0.0169398 0.0188107 0.026228 0.00817544 0.0124431 0.0325037 -0.00993302 -0.00691184 -0.0138981 -0.0177562 0.0349664 0.00101224 0.0026758 -0.00563317 -0.00519782 0.0365283 -0.013934 0.0157689 0.0372487 0.0380476 -0.023677 0.0393628 0.0170795 0.0189308 0.0201557 -0.00664198
internal_weight=0 9.71155 2.89835 8.52912 8.01947 7.5331 3.5742 3.9589 3.46847 2.52211 2.46086 1.18242 2.24497 1.93826 2.38058 0.663642 1.0521 0.509658 0.486368 2.31642 0.908357 3.17622 2.2893 2.24237 1.27462 2.12397 3.00395 2.52789 2.37166 0.448764
internal_count=34224 18639 15585 11455 9628 7608 3251 4357 2702 2374 15405 7184 15344 14824 2246 81 877 1827 2020 2194 7171 2058 2145 2069 14743 1839 1747 1398 1260 489
is_linear=0
shrinkage=0.05


Tree=195
num_leaves=31
num_cat=0
split_feature=21 19 22 12 23 38 23 19 23 13 30 13 13 23 21 32 13 19 14 13 37 2 6 19 2 2 30 12 38 14
split_gain=0.25562 0.471493 0.342706 0.312636 0.232353 0.172625 0.147801 0.227122 0.180408 0.114291 0.107753 0.101051 0.105743 0.0882816 0.0875181 0.0853429 0.084298 0.08065 0.0751416 0.067372 0.0657417 0.0436283 0.0433789 0.0431422 0.042153 0.0388134 0.0371186 0.0353375 0.0335432 0.0319593
threshold=29.868975694444448 23.137812500000006 1.0000000180025095e-35 108348.12500000001 1.0000000180025095e-35 0.74908285352010295 7.885422453703705 13.743252314814816 20.105468750000004 7.5000000000000009 15.500000000000002 3.5000000000000004 45.500000000000007 30.395277777777782 12.948298611111113 0.059714795008912663 6.5000000000000009 11.885908564814818 148642.81500000009 10.500000000000002 666.85000000000014 3.973382124839397 1.5000000000000002 0.027800925925925927 0.26943872157144344 19.249882541093541 20.500000000000004 53067.835000000014 0.69182625892623906 13721.365000000003
decision_type=2 2 2 2 2 2 2 2 2 2 2 2 2 2 2 2 2 2 2 2 2 2 2 2 2 2 2 2 2 2
left_child=2 16 3 5 9 6 22 8 10 -4 17 -7 20 25 26 24 -2 18 19 -8 27 -12 -1 -5 -3 -9 -10 -13 29 -21
right_child=1 15 4 23 -6 11 7 13 14 -11 21 12 -14 -15 -16 -17 -18 -19 -20 28 -22 -23 -24 -25 -26 -27 -28 -29 -30 -31
leaf_value=-0.017152442947644533 -0.0016172941463137172 0.0026610486009193256 0.01005300818670299 0.017776104820037501 0.0253098044779296 0.0043150942590097635 -0.00074634879599961993 -0.018747355212987458 -0.014084971220547811 -0.0085000465435003739 -0.0080878847978581511 -0.025036639622046272 0.004098532873073147 0.0036884177898358207 0.0062162436171158218 0.005677851476934271 0.034756314800183041 -0.0034871621855225108 -0.0028217390173156946 -0.001091964865854577 0.0019332886438285476 0.0054483341822575641 0.0026172097134689338 -0.0020905639664381688 -0.015430802620058623 0.0021234093767271982 0.0025091339654372022 -0.00029995032905609617 -0.0011867672369113599 0.028026770599522077
leaf_weight=0.50758235035345745 0.08036545811410245 0.084658790159664932 0.45676306600216798 0.63935479842621123 1.0043610854772849 0.14872637343523853 0.19512633509748534 0.5951194732137991 0.5265190034142504 0.93595337470833329 0.23797008745987103 1.6701480640717821 0.12644992031073332 0.32232782294522622 0.38213110561719077 0.33136189660945092 0.86094840550231311 0.074237890326003142 0.076735371864742663 0.022269087365202611 0.11933296670940752 0.21411793147854041 0.052035469561815262 0.09756006527095451 0.43952280564280954 0.042305447161197662 0.094762145377899287 0.17848971718740347 0.024016026200115337 1.1655192698044627
leaf_count=5153 40 130 93 80 307 361 655 5535 2105 373 1646 7618 76 591 151 565 212 405 219 216 75 30 1 174 5548 1 155 207 75 1177
internal_value=0 0.0182938 0.00105447 -0.00439513 0.0144004 -0.0082642 -0.00158952 0.00287763 0.00925016 -0.000756815 0.01571 -0.0171029 -0.0195268 -0.0116411 -0.00507255 -0.00634175 0.0324174 0.0198149 0.0219155 0.0238765 -0.0219143 -0.00233983 -0.0148147 0.0154566 -0.01268 -0.0169113 -0.0115674 -0.023592 0.0263861 0.0272313
internal_weight=0 1.79686 9.90991 7.51284 2.39708 6.77592 4.53277 3.97316 3.0134 1.39272 2.00999 2.24315 2.09442 0.959753 1.00341 0.855543 0.941314 1.5579 1.48367 1.40693 1.96797 0.452088 0.559618 0.736915 0.524182 0.637425 0.621281 1.84864 1.2118 1.18779
internal_count=33974 6495 27479 26706 773 26452 18115 12961 6834 466 4423 8337 7976 6127 2411 6243 252 2747 2342 2123 7900 1676 5154 254 5678 5536 2260 7825 1468 1393
is_linear=0
shrinkage=0.05


Tree=196
num_leaves=31
num_cat=0
split_feature=21 19 0 3 21 21 23 21 22 3 23 12 19 36 37 36 36 15 36 14 30 14 36 38 23 21 24 15 3 30
split_gain=0.343942 0.366168 0.328005 0.33249 0.205752 0.182461 0.116818 0.195955 0.1827 0.111655 0.111391 0.118229 0.0839094 0.0830735 0.0702491 0.0680989 0.062528 0.0614275 0.0593802 0.0564483 0.0388858 0.0381114 0.0372331 0.0333459 0.0304061 0.0297605 0.0252021 0.0251607 0.0244602 0.0236911
threshold=11.027870370370371 18.741325231481486 396.02000000000004 0.80203339531218354 18.53696180555556 12.013252314814816 33.833084490740745 33.047112268518525 1.0000000180025095e-35 2.3159627611228468 16.889502314814816 23914.870000000006 0.027800925925925927 59.45000000000001 392.35000000000008 19.550000000000004 21.150000000000002 165.50000000000003 31.350000000000005 7687.4050000000016 20.500000000000004 44039.485000000008 593.20000000000016 0.035023714187562026 2.9046527777777782 27.974947916666668 3.5000000000000004 419.50000000000006 -1.9664214785256733 1.5000000000000002
decision_type=2 2 2 2 2 2 2 2 2 2 2 2 2 2 2 2 2 2 2 2 2 2 2 2 2 2 2 2 2 2
left_child=2 4 18 26 5 21 8 25 29 14 12 27 13 15 28 24 -6 -18 -1 -17 -19 -2 -15 -13 -5 -8 -4 -12 -7 -3
right_child=1 6 3 10 16 9 7 -9 -10 -11 11 23 -14 22 -16 19 17 20 -20 -21 -22 -23 -24 -25 -26 -27 -28 -29 -30 -31
leaf_value=0.019373649698796572 -0.0015549994873898158 0.00067530992161457352 -0.024514403028850426 -0.0065923792254793225 0.0014820951836996895 0.00088531860254971527 -0.0011639612250060748 -0.010571097662844756 0.0081032956349912262 0.0076147190124773992 0.0012503685194328756 -0.0037973693151348285 -0.0070082182865768665 -0.0080551663078749416 0.0043795683875834024 -0.0023304536264132825 -0.0015571877212343212 0.033500641090299176 -0.0030498118718433986 0.019178475491762187 9.5917527577729032e-05 0.019495529895013748 0.0046684133092222161 0.0086002890264344576 0.0045643550679064036 0.017858741411566497 0.0010139671180884598 -0.017186155988288612 -0.016289146066385578 -0.019966080956736014
leaf_weight=0.70659310761038785 0.089023407485911199 0.082227852370124532 1.0678822862432751 0.19178648905926943 0.29591243964478087 0.12316917548832862 0.10306165618749208 0.30717075340362499 0.3076024020811019 0.43440875509986643 0.064879852812737004 0.16273234752316057 0.22308147772582732 0.34919810073370161 0.14649954324067949 0.12408825575676008 0.046389649123739107 1.7741205246556999 0.064398329552659561 1.1263199326631363 0.095884946526893944 0.53968750322655978 0.15938797418493778 0.41845092130461126 0.2888870586266421 0.57390118865077966 0.020557646639644989 0.55595530337359378 0.75042784867264323 0.66088158107640993
leaf_count=592 456 78 10170 114 176 166 370 3544 228 106 14 41 1404 327 199 80 21 626 656 144 48 217 6 56 198 389 4 687 4509 8243
internal_value=0 0.0138126 -0.00234634 -0.0078434 0.0207874 0.00543224 -0.00290915 0.00655487 -0.0106473 -0.00471574 0.000971838 -0.00800431 0.00639926 0.00948574 -0.0111368 0.0132498 0.0290542 0.0313437 0.0168362 0.0169569 0.032418 0.0173902 -0.00361631 0.00492275 -0.00133302 0.0159956 -0.0237776 -0.0156767 -0.0146876 -0.0186049
internal_weight=0 6.33037 5.5242 4.75321 4.29552 2.08322 2.03485 0.984134 1.05071 1.45451 3.66477 1.20202 2.46275 2.23967 1.0201 1.73108 2.21231 1.9164 0.770991 1.25041 1.87001 0.628711 0.508586 0.581183 0.480674 0.676963 1.08844 0.620835 0.873597 0.743109
internal_count=33869 19376 14493 13245 6524 5653 12852 4303 8549 4980 3071 798 2273 869 4874 536 871 695 1248 224 674 673 333 97 312 759 10174 701 4675 8321
is_linear=0
shrinkage=0.05


Tree=197
num_leaves=31
num_cat=0
split_feature=36 38 17 19 32 22 36 45 21 23 23 3 21 15 12 36 38 21 23 38 38 36 23 13 23 36 3 20 1 38
split_gain=0.413028 0.282856 0.211917 0.188221 0.16822 0.162574 0.207509 0.145999 0.137624 0.302672 0.184627 0.132355 0.0982871 0.0900378 0.081012 0.0736051 0.0560598 0.0547406 0.050913 0.0496691 0.0465178 0.0436666 0.0408776 0.0401608 0.0373071 0.0357011 0.0299707 0.0228297 0.0192231 0.0175562
threshold=59.45000000000001 1.0000000180025095e-35 4.5000000000000009 33.04210069444445 0.25462962962962971 1.0000000180025095e-35 531.60000000000014 1.0000000180025095e-35 5.5592071759259269 15.024895833333336 13.163524305555557 4.641437745208993 0.94659722222222242 182.50000000000003 94166.160000000018 15.850000000000003 1.694021936689617 4.5479340277777789 6.816168981481483 2.9674897060337968 0.66571410182084645 10.850000000000003 40.25133101851852 36.500000000000007 1.0000000180025095e-35 28.350000000000005 -0.13956763807335193 3.5000000000000004 8.8839784522993011 0.74271179024796818
decision_type=2 2 2 2 2 2 2 2 2 2 2 2 2 2 2 2 2 2 2 2 2 2 2 2 2 2 2 2 2 2
left_child=1 11 20 4 7 6 14 8 10 18 12 -1 24 -11 19 -15 23 -7 -10 22 -3 -9 -2 27 -4 -22 -19 -17 -8 -27
right_child=5 2 3 -5 -6 17 28 21 9 13 -12 -13 -14 15 -16 16 -18 26 -20 -21 25 -23 -24 -25 -26 29 -28 -29 -30 -31
leaf_value=-0.014835114114963653 -0.024978237467917146 -0.0089633737966822724 -0.00038530056851421231 -0.0077719314857488554 -0.0059395758749889423 -0.0050645728473293029 -0.002110780363729419 0.0053319317574429034 0.0061609858350267542 -0.00052112777775685699 -0.0098896145744275382 0.0079024767403747306 -0.0049176957377584131 -0.0018202599825410807 0.0020747816270353064 0.035014846254530656 0.0011217209109114178 -0.0018207910315883884 -0.0074575967116772071 0.0018841296293937691 0.0082999156327157441 -0.0087360070215758718 0.0012284333453884376 0.00027177202062670107 0.019812597079713012 0.0028342763726104461 0.01346009321996304 -0.00028109324319114707 0.0093947358689882039 -0.0068685888169489756
leaf_weight=0.71271748682829539 1.2951875578237393 0.46849395014851125 0.21886059618554987 0.18290123648057477 0.2237892819866828 0.10945013575474138 0.079037958728804258 0.13194264042613202 0.34416773447355797 0.18927588022779707 0.49125488188747102 0.24511549749877304 0.16952699144349015 0.053545828385722749 0.20833607967142587 3.3765990243737192 0.20541099165347976 0.13935592616689974 0.42815639594937238 0.053965123574016505 0.33492689850845636 0.20888369086151215 0.062303317408804904 0.10249456036217441 0.80116264422576933 0.07486757266906352 0.42975653437315486 0.030280815716650866 0.31974302126764087 0.17721796879868634
leaf_count=6859 14183 1931 21 1142 233 49 284 100 239 136 539 13 515 349 180 2358 224 94 1223 40 437 986 347 125 296 114 162 133 83 708
internal_value=0 0.0118703 0.014794 0.017581 0.019137 -0.00807643 -0.0137187 0.0206272 0.0221865 0.0261262 0.00548968 -0.00795209 0.013457 0.0306742 -0.0196702 0.0320218 0.0327922 0.00688162 -0.00133678 -0.0224093 -0.00346495 -0.00337506 -0.0237646 0.0339861 0.0174335 0.00380616 0.0109426 0.0347085 0.0072356 -0.00402477
internal_weight=0 9.17159 8.21376 7.15825 6.97535 2.69714 2.01857 6.75156 6.41074 4.72993 1.68081 0.957833 1.18955 3.95761 1.61979 3.76833 3.71479 0.678563 0.772324 1.41146 1.05551 0.340826 1.35749 3.50937 1.02002 0.587012 0.569112 3.40688 0.398781 0.252086
internal_count=34103 18681 11809 8619 7477 15422 15117 7244 6158 4787 1371 6872 832 3325 14750 3189 2840 305 1462 14570 3190 1086 14530 2616 317 1259 256 2491 367 822
is_linear=0
shrinkage=0.05


Tree=198
num_leaves=31
num_cat=0
split_feature=21 19 19 15 32 24 45 14 23 2 12 20 23 21 21 32 0 14 23 0 12 14 19 21 2 21 10 21 12 0
split_gain=0.260164 0.487347 0.308573 0.357157 0.315884 0.224816 0.146182 0.129844 0.115533 0.113151 0.108004 0.0847807 0.0845637 0.082485 0.0750991 0.0744674 0.0629288 0.0542719 0.0542718 0.0535909 0.0518784 0.057231 0.0482868 0.0440339 0.0380485 0.035853 0.0332421 0.0322047 0.0243266 0.0234709
threshold=27.974947916666668 23.137812500000006 0.80135995370370383 18398.000000000004 0.036038961038961044 2.5000000000000004 1.0000000180025095e-35 18775.755000000001 27.7352025462963 8.8199967649303783 2794.7200000000007 1.0000000180025095e-35 39.327187500000008 19.843883101851855 5.2896122685185194 0.23303167420814483 1212.7500000000002 13540.130000000003 38.873449074074081 241.87500000000003 21684.405000000002 31582.470000000005 17.777743055555558 18.001319444444448 0.12813749444333472 23.092239583333335 3446.6450000000004 33.047112268518525 1525.8750000000002 9008.5700000000015
decision_type=2 2 2 2 2 2 2 2 2 2 2 2 2 2 2 2 2 2 2 2 2 2 2 2 2 2 2 2 2 2
left_child=2 16 3 6 5 8 10 9 -4 24 28 -12 26 -10 19 20 -2 -13 23 -9 21 -6 -15 -19 -5 -26 -3 -14 -1 -16
right_child=1 12 4 7 15 -7 -8 14 13 -11 11 17 27 22 29 -17 -18 18 -20 -21 -22 -23 -24 -25 25 -27 -28 -29 -30 -31
leaf_value=0.0039211617670235413 -0.00066831983049990724 -0.013875334297135347 -0.025834516382396762 0.0039658229697794737 -0.003173959283849761 0.0086384856992955377 -0.0043538003755887855 0.0025308791542314663 -0.009819206082412605 0.013082505504021603 -0.0034807803755089808 -0.0016323943131653731 0.0098382132800020651 0.012075622682566902 -0.0038527331867675 -0.0056070771556645587 0.03477511809267847 0.025304621396447194 -0.0018087869023462131 -0.021050394907452977 -0.0026916129712286907 0.017470890081299643 -0.0042256834265839609 -0.0013175698684461444 -0.012834573862739005 0.002907077621896138 0.0019826727461767011 -0.0035659621418459419 -0.0062199362439986023 0.006325121963451215
leaf_weight=0.25539965733332692 0.09417093586489611 0.54615417497780061 1.623445856017953 0.085049679240910558 0.081282076619572541 0.20682181901065622 0.42823053843540027 0.052777490578591602 0.24101794022772072 0.47272139957931358 0.073832401792060742 0.094589001125769179 0.23116203070458141 0.29357203546896926 0.20229323753665085 0.1785177616529835 0.93538850315417221 2.7107421776154306 0.0679361847542167 0.65871456458989996 0.1956727741217037 0.79555316506775853 0.092108375141833676 0.062091010506264754 0.38738387365629023 0.071430482057621703 0.13677385660048458 0.076563578661080101 0.17671731507971344 0.14914417824911652
leaf_count=546 143 6092 15081 6 629 42 811 6 860 28 539 473 62 13 56 665 197 1066 30 1294 196 451 875 15 2001 6 362 882 510 28
internal_value=0 0.0184245 0.00143307 0.00801419 -0.00858513 -0.0169311 0.0156952 -0.00673403 -0.0212161 0.00440262 0.0186087 0.0212121 -0.0054887 -0.000725413 -0.0143562 0.00804595 0.0328013 0.0225598 0.0235807 -0.0188445 0.0119274 0.0148857 0.00794251 0.0245173 -0.00672898 -0.010071 -0.0114084 0.00632659 -0.00167338 0.00195078
internal_weight=0 2.02021 9.65704 5.94905 3.70799 2.45697 3.86954 2.07951 2.25014 1.01659 3.44131 3.00919 0.990654 0.626698 1.06293 1.25103 1.02956 2.93536 2.84077 0.711492 1.07251 0.876835 0.38568 2.77283 0.543864 0.458814 0.682928 0.307726 0.432117 0.351437
internal_count=33965 7738 26227 7415 18812 16871 3990 3425 16829 2041 3179 2123 7398 1748 1384 1941 340 1584 1111 1300 1276 1080 888 1081 2013 2007 6454 944 1056 84
is_linear=0
shrinkage=0.05


Tree=199
num_leaves=31
num_cat=0
split_feature=21 5 2 2 14 36 36 36 15 10 30 15 20 11 38 3 38 32 30 38 5 13 12 0 32 13 21 38 10 2
split_gain=0.352633 0.399515 0.749465 0.28205 0.290874 0.132311 0.148246 0.104341 0.0989042 0.0778076 0.0918108 0.0708591 0.0637023 0.0594544 0.0745941 0.051187 0.0506277 0.0368288 0.0311946 0.0293279 0.0221235 0.0210471 0.0195108 0.01919 0.01915 0.0275572 0.0187147 0.0167043 0.0137872 0.013422
threshold=5.2896122685185194 1.0000000180025095e-35 0.24344554179186695 1.59610900237779 46722.220000000016 45.750000000000007 25.350000000000005 17.550000000000004 17980.500000000004 13363.035000000002 5.5000000000000009 237.50000000000003 2.5000000000000004 6.5000000000000009 0.65270517996593413 0.20085936580024027 1.7459230229238742 0.22474747474747478 19.500000000000004 0.94413464571686478 1.0000000180025095e-35 29.500000000000004 23914.870000000006 15173.920000000002 0.063508064516129045 13.500000000000002 40.519421296296308 1.4326951057975696 707.38000000000011 8.8199967649303783
decision_type=2 2 2 2 2 2 2 2 2 2 2 2 2 2 2 2 2 2 2 2 2 2 2 2 2 2 2 2 2 2
left_child=1 2 28 4 16 6 -6 29 -3 10 -4 -8 13 14 20 17 18 21 26 -16 -9 -13 -11 27 25 -7 -2 -14 -1 -5
right_child=3 8 9 7 5 24 11 12 -10 22 -12 15 23 -15 19 -17 -18 -19 -20 -21 -22 -23 -24 -25 -26 -27 -28 -29 -30 -31
leaf_value=0.018206229815287907 -0.018681531931877365 0.017223535117409188 0.00080209780953812207 -0.0049797750498831606 -0.0055089390907186618 0.0026509739404699494 -0.0026541271999270663 0.030834007294537558 -0.003175155766859384 0.0046212781037121469 -0.030787800072389696 0.025871877470015233 -0.0063340914155662039 -0.00084283638795986542 -0.0020309351741021582 -0.0019508077708981144 0.0021270926963281268 -0.0012994482804396892 0.00057550007404550665 0.0096321434656619458 0.0001915254323419151 -0.00050903497714235174 -0.0046072176055212454 0.0054237732384948938 0.002292734801116907 -0.010396001190616136 0.00088794954198707877 0.0028805752194195192 -0.00027189869971298299 0.0029166635411546561
leaf_weight=0.59324432427820317 0.79165043877901575 1.0046216522605389 0.19704426472526426 0.21587190956324764 0.25427158591446675 0.11106191842372926 0.095460909098619484 1.8319365268989725 0.46165563515387464 0.099219688749144441 1.6834774490648667 1.1139773497880012 0.2062848350697094 0.17157514618702396 0.33502316058456905 0.051616758699310483 0.22495143892047043 0.039279214644920901 0.19457029664408765 0.93980574052602606 0.07297655864022079 0.03896313549739705 0.19918226904792391 0.18166445243878115 0.22009008464556246 0.27145222399894919 0.037209261061434518 0.088690269399194221 0.076744452111597639 0.10792159650009125
leaf_count=295 9977 61 215 1152 1576 639 57 1756 15 16 9536 528 655 178 551 211 762 33 1190 1086 21 151 116 134 285 2532 184 102 77 14
internal_value=0 -0.00442193 -0.0138712 0.0123082 0.000947789 0.0104717 0.0157869 0.0197199 0.0121177 -0.0258274 -0.0283484 0.0204567 0.0216273 0.0235586 0.024762 0.0226227 -0.0130123 0.0240912 -0.0157467 0.00702169 0.0301301 0.025158 -0.000342801 0.0012897 -0.00466446 -0.00743039 -0.0177979 -0.00347857 0.0171943 -0.00213276
internal_weight=0 4.31519 2.84891 7.5963 3.44455 2.19617 1.59357 4.15175 1.46628 2.17892 1.88052 1.3393 3.82796 3.35132 3.17974 1.24384 1.24838 1.19222 1.02343 1.27483 1.90491 1.15294 0.298402 0.47664 0.602604 0.382514 0.82886 0.294975 0.669989 0.323794
internal_count=34105 10331 10255 23774 18125 6012 2556 5649 76 9883 9751 980 4483 3592 3414 923 12113 712 11351 1637 1777 679 132 891 3456 3171 10161 757 372 1166
is_linear=0
shrinkage=0.05


Tree=200
num_leaves=31
num_cat=0
split_feature=36 3 36 2 34 30 2 30 3 14 36 19 10 30 24 30 3 23 45 1 21 19 21 32 15 2 19 10 15 14
split_gain=0.292949 0.367525 0.257873 0.170076 0.177184 0.174484 0.149182 0.145872 0.138172 0.128533 0.1214 0.104557 0.0875036 0.0820538 0.0796565 0.0632505 0.0583738 0.0528669 0.0583105 0.0350502 0.0348602 0.032297 0.0285113 0.0279982 0.023775 0.0201433 0.0182131 0.0170454 0.0168378 0.0266478
threshold=39.550000000000004 1.3338462316657287 1.0000000180025095e-35 1.6385422311926139 1.0000000180025095e-35 13.500000000000002 8.8199967649303783 6.5000000000000009 1.6901196134520535 33122.295000000006 408.55000000000007 23.05771990740741 6170.6900000000014 4.5000000000000009 1.5000000000000002 6.5000000000000009 -2.439985648015996 11.849895833333335 1.0000000180025095e-35 9.0730646936597417 5.2896122685185194 23.137812500000006 29.198616898148149 0.31414473684210531 182.50000000000003 8.8199967649303783 14.048229166666669 12831.405000000001 100339.00000000001 10625.925000000003
decision_type=2 2 2 2 2 2 2 2 2 2 2 2 2 2 2 2 2 2 2 2 2 2 2 2 2 2 2 2 2 2
left_child=2 7 6 4 5 15 -1 -2 24 10 13 12 19 -3 27 23 -6 -11 26 28 25 -22 -15 -4 -5 -10 -19 -9 29 -7
right_child=1 9 3 8 16 11 -8 14 20 17 -12 -13 -14 22 -16 -17 -18 18 -20 -21 21 -23 -24 -25 -26 -27 -28 -29 -30 -31
leaf_value=-0.013906372906897122 0.0034494788708284265 0.0053699606027052798 0.011041017669605335 0.0022788168891766884 0.0072651552143204777 0.00017095107860790287 0.0089850731248469571 -0.022565322600002893 -0.0052007915426873601 -0.00074137998970215304 0.0094527468568296469 -0.0026876361997168856 -0.0019634662240534126 -0.016570048237500024 0.0029827657997266587 -0.0070380258050566332 -0.0080344812219385765 0.020495161799639186 -0.0024303764518054387 -0.00074917166652259263 0.015372551866636689 -0.0016023535735073602 0.0012639252196035913 -0.002631810465714624 -0.010494585289375712 0.0038414565409018104 0.00068847333891858449 -0.00015326301362910549 0.00082780131114236163 0.037738121745995112
leaf_weight=0.67490086339876121 0.58825534228708454 0.12785267697472613 0.33952962161856781 0.079607608946389852 0.18781289043363358 0.057344135106177307 0.3575998227315722 1.3985230941857478 0.13873251950008103 0.40310310420500162 0.34448467528454785 0.056767091773508471 0.056742459786619182 0.62547481883211731 0.12208341676887347 0.26787499435613427 0.33379867403618835 1.1653693036823822 0.12333841852432659 0.024542760947042441 0.84021077628131025 0.1247789023709629 0.10532661561046552 0.078165901613829192 0.57238040666743473 0.35000210891303141 0.19807751277858177 0.10219648085512734 0.079563293806131585 1.6810430487166739
leaf_count=6827 506 28 76 17 35 293 33 16854 86 194 62 666 59 861 288 1699 1561 179 110 58 213 95 229 70 1141 28 313 259 139 1091
internal_value=0 -0.00171385 0.0134394 0.0174226 0.0234223 0.0273503 -0.00545813 -0.0141594 0.0037701 0.00846868 -0.00307359 0.0326689 0.0342882 -0.010481 -0.0194241 0.00179696 -0.0013714 0.0143376 0.01708 0.0357026 0.0104943 0.0134792 -0.0147545 0.00843075 -0.00849961 -0.000494605 0.0191265 -0.0217107 0.0362859 0.0370139
internal_weight=0 5.30409 6.3014 5.2689 3.16318 2.64157 1.0325 2.21106 2.10571 3.09303 1.20314 1.956 1.89924 0.858654 1.6228 0.685571 0.521612 1.88989 1.48679 1.84249 1.45372 0.96499 0.730801 0.417696 0.651988 0.488735 1.36345 1.50072 1.81795 1.73839
internal_count=34070 19883 14187 7327 5747 4151 6860 17907 1580 1976 1180 2306 1640 1118 17401 1845 1596 796 602 1581 422 308 1090 146 1158 114 492 17113 1523 1384
is_linear=0
shrinkage=0.05


Tree=201
num_leaves=31
num_cat=0
split_feature=19 32 24 21 6 2 14 32 30 14 13 14 2 14 14 30 17 10 12 15 15 3 36 15 2 38 37 37 24 2
split_gain=0.558004 0.373528 0.353406 0.254311 0.285932 0.295091 0.160027 0.111624 0.10866 0.0840265 0.0766403 0.0673626 0.0626741 0.0555365 0.0655126 0.0513939 0.0489565 0.0453671 0.0417082 0.0427368 0.0353515 0.0344526 0.0295121 0.0258078 0.022718 0.0223513 0.0202466 0.0191624 0.0159465 0.0131938
threshold=0.027800925925925927 0.036038961038961044 2.5000000000000004 1.0000000180025095e-35 1.0000000180025095e-35 0.12813749444333472 10793.245000000001 0.23303167420814483 21.500000000000004 12376.995000000001 6.5000000000000009 7687.4050000000016 8.8199967649303783 202916.24000000005 31582.470000000005 1.0000000180025095e-35 5.5000000000000009 13984.17 171661.18500000003 237.50000000000003 62525.000000000007 1.3582783326291494 60.050000000000004 98372.000000000015 0.12813749444333472 2.1517133772149184 666.85000000000014 55.050000000000004 1.5000000000000002 19.249882541093541
decision_type=2 2 2 2 2 2 2 2 2 2 2 2 2 2 2 2 2 2 2 2 2 2 2 2 2 2 2 2 2 2
left_child=3 2 15 4 5 -1 11 13 9 21 -11 -7 16 14 -3 -2 -6 24 19 -8 -12 -5 27 -13 -17 26 28 -16 29 -26
right_child=1 7 -4 8 12 6 18 -9 -10 10 20 23 -14 -15 22 17 -18 -19 -20 -21 -22 -23 -24 -25 25 -27 -28 -29 -30 -31
leaf_value=0.012845638580611815 0.0014292602626650493 -0.0036615507082282945 0.010872014664583731 -0.0061265195996683623 -0.0075977216226563622 -0.0069719281138144575 0.0003975348765445249 -0.0081339923071177354 -0.0037836575262319427 -0.0023606847592426831 0.027250970959958688 -0.0023016325853837628 0.018779743689768626 -0.002562710408005044 -0.00076598400523659321 0.00029816360911419756 0.0061918670055637875 -0.00038413849959292504 0.0016814483364153662 -0.025676270481804278 0.0016987555905337952 0.0059109948701700013 -0.0015588368862381717 0.012163467600429414 -0.029335242846749817 -0.00035326613155651506 0.00024546516579275794 0.019228230306183008 -0.00057128221787591056 0.00043135878711382525
leaf_weight=0.3439556070952684 0.079921873199055748 0.09253526718202898 0.27469903195742507 0.19725176565498337 0.17061232902960888 0.15573015652444144 0.13722906654220413 0.24184412899012375 0.17896404713428626 0.094635288278368868 1.9039401491500032 0.047927042340234038 0.66203274764120579 0.28004596129085246 0.048556182548963989 0.054455182063976149 0.42982299479990616 0.20239285790921702 0.036712757821078301 1.1127797889321298 0.28813476811501448 0.18154009439876972 0.043262670148578763 0.27150749562224519 2.0970215809679775 0.10113599858505029 0.045214834114631119 0.89889447980021941 0.090940332147510961 0.0086258752271531902
leaf_count=165 18 885 53 684 35 1205 108 990 42 131 317 322 30 308 129 72 46 329 7 3570 72 52 310 57 22659 566 168 263 346 1
internal_value=0 -0.0106514 -0.0191983 0.0104407 0.000315705 -0.00959248 -0.0170379 0.0064108 0.0192296 0.0213855 0.0239569 0.00338696 0.0137778 0.011341 0.0144402 -0.0243977 -2.54386e-05 -0.0253682 -0.0227632 -0.0239093 0.0254767 -0.000254505 0.017121 0.00989363 -0.0267435 -0.0272731 -0.028004 0.0183364 -0.0284804 -0.0291137
internal_weight=0 4.55955 2.95441 6.21278 3.36831 2.10584 1.76189 1.60514 2.84447 2.6655 2.28671 0.475165 1.26247 1.36329 1.08325 2.67971 0.600435 2.59979 1.28672 1.25001 2.19207 0.378792 0.990713 0.319435 2.39739 2.34294 2.2418 0.947451 2.19659 2.10565
internal_count=33940 27097 24212 6843 5545 5434 5269 2885 1298 1256 520 1584 111 1895 1587 24159 81 24141 3685 3678 389 736 702 379 23812 23740 23174 392 23006 22660
is_linear=0
shrinkage=0.05


Tree=202
num_leaves=31
num_cat=0
split_feature=22 23 2 14 19 37 45 23 13 19 23 37 2 23 37 12 1 37 10 1 3 30 2 19 38 37 6 15 38 37
split_gain=0.558618 0.304622 0.348941 0.34612 0.232331 0.189589 0.196341 0.154557 0.122853 0.108828 0.0876108 0.0819337 0.0579563 0.0567627 0.0532678 0.0441239 0.042074 0.0403152 0.038844 0.0356639 0.0457592 0.0270134 0.0252287 0.0214281 0.0202269 0.0200684 0.0173155 0.0158928 0.0135249 0.0133683
threshold=1.0000000180025095e-35 15.024895833333336 19.249882541093541 30499.280000000002 14.048229166666669 55.050000000000004 1.0000000180025095e-35 30.395277777777782 33.500000000000007 30.700000000000003 1.0000000180025095e-35 994.05000000000007 19.249882541093541 16.889502314814816 767.50000000000011 9770.7500000000018 10.804207870327309 127.25000000000001 1448.2900000000002 6.929727118436884 -0.94091169570938205 5.5000000000000009 19.249882541093541 18.170543981481483 2.9674897060337968 502.35000000000008 3.5000000000000004 198726.50000000003 0.091947701229135897 92.350000000000009
decision_type=2 2 2 2 2 2 2 2 2 2 2 2 2 2 2 2 2 2 2 2 2 2 2 2 2 2 2 2 2 2
left_child=1 2 11 13 5 21 8 12 16 15 17 26 -6 -3 18 23 19 24 -15 -7 -21 -5 -11 -9 29 27 -1 28 -19 -2
right_child=10 3 -4 4 7 6 -8 9 -10 22 -12 -13 -14 14 -16 -17 -18 25 -20 20 -22 -23 -24 -25 -26 -27 -28 -29 -30 -31
leaf_value=-0.028426105460345987 0.00079454219536984321 0.0019455628573491789 0.0095897386025741681 0.0028823053308750799 -0.018621120412706287 0.00022219070708974416 -0.007010177001431789 -0.00108865533823685 -0.0038358579948891318 -0.010287349774419757 0.024504265534184621 0.0017819644536263034 0.0031409445860784905 -0.02181730223936643 0.0025228153989381801 -0.0027840980574430187 0.0001610142909371814 -0.0010557309648460301 0.00074795440401667797 -0.0015877004786181564 0.027337235714343627 -0.01015033862052651 0.002699111516597465 0.016097729070491045 0.0038231231556047859 -0.0020030995589982062 0.00056386306447853629 -0.0012271226297338835 0.012606227760273951 -0.0081100634000846848
leaf_weight=1.5231196352415266 0.39839166562160355 0.20769048642341648 0.35178662225371216 0.065114594923216251 0.5876691216499238 0.15276101205972903 0.23431653654097306 0.069477517556151502 0.1681837864771295 0.25766021149229346 1.1505005422659449 0.12740628890605865 0.064510134980082512 0.95632026414887128 0.066450461124986648 0.10890122508135391 0.18941545412963012 0.041135143150313525 0.13978791867339169 0.03251126205214161 1.9680199799804521 0.28023661013321544 0.053642887622117996 0.56586399344905658 0.079583547078073025 0.058929073991748737 0.01341216661967326 0.076023917463317048 0.59676557513739681 0.21477159238202148
leaf_count=12951 213 791 26 15 4040 171 276 61 119 2302 352 32 2 9193 59 313 24 30 473 85 740 909 1 393 3 20 2 6 219 97
internal_value=0 -0.00560089 -0.0186286 0.000661045 0.00716207 0.0139069 0.0178393 -0.00567245 0.0214945 0.00528384 0.0176078 -0.0259548 -0.0158703 -0.0155212 -0.0180983 0.012014 0.0239165 0.00445127 -0.0199556 0.0252924 0.0264947 -0.00737714 -0.00769776 0.0147019 -0.0027254 0.00879287 -0.0280505 0.0103328 0.0116186 -0.00541842
internal_weight=0 8.18426 2.01572 6.16853 4.79828 3.09056 2.74521 1.70773 2.51089 1.05555 2.6161 1.66394 0.652179 1.37025 1.16256 0.744243 2.34271 1.4656 1.09611 2.15329 2.00053 0.345351 0.311303 0.635342 0.692747 0.772854 1.53653 0.713925 0.637901 0.613163
internal_count=33918 32978 13011 19967 9451 2339 1415 7112 1139 3070 940 12985 4042 10516 9725 767 1020 588 9666 996 825 924 2303 454 313 275 12953 255 249 310
is_linear=0
shrinkage=0.05


Tree=203
num_leaves=31
num_cat=0
split_feature=21 2 22 45 36 14 14 36 15 2 32 13 6 13 37 36 30 12 14 21 13 2 0 37 37 0 17 37 13 24
split_gain=0.26034 0.255894 0.245956 0.200766 0.189639 0.181025 0.163267 0.22989 0.165726 0.134305 0.0908668 0.084543 0.0871022 0.0630475 0.0611248 0.0587968 0.0587942 0.0504933 0.0500947 0.0490439 0.046756 0.0374006 0.0367354 0.028117 0.023065 0.0220229 0.0202864 0.0177551 0.0173612 0.0172385
threshold=11.027870370370371 19.249882541093541 1.0000000180025095e-35 1.0000000180025095e-35 29.850000000000005 466359.55500000005 20082.185000000005 60.050000000000004 302.50000000000006 3.973382124839397 0.21583850931677021 49.500000000000007 1.5000000000000002 12.500000000000002 767.50000000000011 128.15000000000001 13.500000000000002 16590.510000000006 4126.3200000000006 22.871545138888894 36.500000000000007 3.7461379636806407 225.32000000000002 72.65000000000002 37.850000000000001 2111.9000000000005 6.5000000000000009 994.05000000000007 7.5000000000000009 1.5000000000000002
decision_type=2 2 2 2 2 2 2 2 2 2 2 2 2 2 2 2 2 2 2 2 2 2 2 2 2 2 2 2 2 2
left_child=1 2 5 4 9 11 15 8 -8 19 20 12 27 -3 -5 -6 22 -15 -18 -2 28 -9 -4 -21 -20 -25 -7 29 -10 -1
right_child=3 13 16 14 6 26 7 21 10 -11 -12 -13 -14 17 -16 -17 18 -19 24 23 -22 -23 -24 25 -26 -27 -28 -29 -30 -31
leaf_value=-0.024193523918493179 -0.012714868845629832 0.017485344947857487 0.0048414747510045313 -0.012755893918711379 -0.0087390936229290762 -0.002768383014377972 -0.002756351490281115 -0.0076330060681505125 -8.9992587094054783e-05 0.011357435368311034 -0.0023342643338107347 0.0033178867768663568 0.0029189868103708214 -0.007007921896643292 0.0049537428494652739 0.0063387484225550655 -0.0035780388861717883 0.0068137613936165619 -0.0015892718452873026 -0.0048080556345413078 -0.0013191265748884453 0.0047990744979758667 -0.0080407885407870108 0.0086282343079595262 0.015252687147873097 -0.0027575703299878318 0.0080082927213331167 0.00066460648217487889 0.032560171726404678 0.00021144696545978353
leaf_weight=1.9199412468719868 0.57651005469506322 0.66891737346304558 0.10748428756778616 0.33508370522667963 0.27767378267753873 0.057329405758537066 0.24618787619329019 0.32053705814587363 0.03561657823593245 0.52813342190347601 0.069632255730539216 0.11746228670472181 0.12509657682676323 0.34792119576013647 0.11214111352455802 0.33977778872895215 0.082381229523889488 0.29786465858342126 0.032564930486842059 0.10634066670627362 0.028068763156625098 0.22090869120438583 0.31260649683463271 0.31770749580118718 0.73745935933038709 0.068686072667333065 0.38570686428465706 0.021933995827566721 2.5830191209506665 0.056532359370976226
leaf_count=13587 2134 29 56 3088 2960 88 134 4809 68 119 84 68 7 28 38 1290 21 26 36 1899 132 104 115 534 199 285 88 20 1866 229
internal_value=0 -0.00162742 -0.00782502 0.0127381 0.0153008 -0.0148152 0.0199923 0.0233266 0.027579 0.000159285 0.0303303 -0.0193613 -0.0212764 0.0123466 -0.0079607 -0.00165272 0.00695031 -0.000366261 0.0113296 -0.00818751 0.0315941 -0.00273797 -0.00365648 0.00207885 0.0140449 0.00607512 0.00566171 -0.0232594 0.0322139 -0.023659
internal_weight=0 5.2712 3.9565 6.16602 5.7188 2.684 4.12142 3.50397 2.96252 1.59738 2.71634 2.24097 2.1235 1.3147 0.447225 0.617452 1.2725 0.645786 0.852406 1.06924 2.6467 0.541446 0.420091 0.492734 0.770024 0.386394 0.443036 1.99841 2.61864 1.97647
internal_count=34141 14597 14514 19544 16418 14087 11447 7197 2284 4971 2150 13911 13843 83 3126 4250 427 54 256 4852 2066 4913 171 2718 235 819 176 13836 1934 13816
is_linear=0
shrinkage=0.05


Tree=204
num_leaves=31
num_cat=0
split_feature=13 23 16 10 24 14 23 0 36 31 19 37 32 3 38 36 0 13 0 38 23 0 6 11 13 32 32 3 13 21
split_gain=0.342135 0.304217 0.278443 0.17074 0.177208 0.141632 0.14074 0.139383 0.13299 0.126164 0.104184 0.0876843 0.079698 0.0658725 0.0737644 0.0624815 0.0535808 0.0534205 0.054119 0.0460892 0.0455804 0.0390685 0.0356975 0.0334931 0.0297739 0.0293136 0.0285814 0.0253358 0.0246175 0.0231586
threshold=11.500000000000002 8.0583275462962991 3.5000000000000004 3718.7350000000001 2.5000000000000004 13540.130000000003 0.20849537037037039 3818.1050000000005 57.850000000000001 1.0000000180025095e-35 0.027800925925925927 502.35000000000008 0.036038961038961044 4.641437745208993 1.6286505249724763 15.850000000000003 2371.1600000000003 18.500000000000004 45425.610000000008 0.16845636751959334 39.00858796296297 10404.465000000002 2.5000000000000004 9.5000000000000018 10.500000000000002 0.22474747474747478 0.087595907928388769 -5.0641986381414457 2.5000000000000004 1.0000000180025095e-35
decision_type=2 2 2 2 2 2 2 2 2 2 2 2 2 2 2 2 2 2 2 2 2 2 2 2 2 2 2 2 2 2
left_child=1 6 3 4 9 16 19 8 15 11 20 13 -12 14 22 -7 -3 -5 -19 -1 23 -9 27 -4 28 -11 29 -2 -21 -17
right_child=2 5 10 17 -6 7 -8 21 -10 25 12 -13 -14 -15 -16 26 -18 18 -20 24 -22 -23 -24 -25 -26 -27 -28 -29 -30 -31
leaf_value=-0.0039157756736232369 0.00095526567682614359 -0.0076397796905498987 0.020631653122976112 -0.0042784861451288679 0.009327379164257325 -0.0014891103799513365 -0.013415127365123637 -0.0051678997809169319 -0.0032077123487650096 0.005964298098995153 -0.0082020073850681934 0.0031241145296501019 0.0080816318781702645 -0.0011281878984475016 0.00095729126182123579 -0.00053427526243518184 0.0067616990971154263 0.013791929389603051 -0.0038873238450448629 -0.0018723320745078469 -0.0023312906863406069 0.0074171199018861688 0.0013193462577894268 -0.001068311796673038 -0.0022303856707393088 -0.0049008017017506461 0.00040723722354926088 -0.025686172945869157 0.013885282736680158 0.038738433782730036
leaf_weight=0.20155359934915373 0.019826693693178021 0.18003609716606694 0.96128139240681798 0.25710512697605714 0.22744938908726897 0.030661067529763719 0.46760206410590388 0.1257108473791958 0.067854293411528377 0.57437399528134836 0.6304700782079633 0.18982906169912883 0.40252110220171744 0.53103114332770918 0.23277329601978625 0.01078311287164968 0.42908372306737874 0.66912171614967519 0.098956415262364317 0.038806608869890624 0.054333407040758064 0.65348375639814549 0.032029268564656266 0.091417570813064231 0.099880516387202078 0.10777292188504362 0.073051302420935715 2.0383304886740925 0.67803553437306618 1.2036926028995365
leaf_count=514 6 3294 519 418 55 555 3554 861 1159 103 3211 311 370 33 1172 43 403 508 14 583 19 422 5 69 30 260 78 14432 326 630
internal_value=0 0.0155711 -0.00110306 -0.00731901 -0.0115329 0.0231559 -0.00220897 0.0274074 0.0336559 -0.0145105 0.0110834 -0.0179378 -0.00100269 -0.0197858 -0.0224279 0.0361186 0.000402592 0.00660182 0.0106038 0.00703414 0.0174846 0.00362328 -0.0244993 0.0191448 0.0104044 0.00235476 0.0372737 -0.0252011 0.0124385 0.0383059
internal_weight=0 4.26024 7.11862 4.9786 3.95342 2.77436 1.48588 2.16524 1.38604 3.72597 2.14002 3.04382 1.03299 2.85399 2.32296 1.31819 0.60912 1.02518 0.768078 1.01828 1.10703 0.779195 2.09019 1.0527 0.816723 0.682147 1.28753 2.05816 0.716842 1.21448
internal_count=33957 12452 21505 17317 16377 7445 5007 3748 2465 16322 4188 15959 3581 15648 15615 1306 3697 940 522 1453 607 1283 14443 588 939 363 751 14438 909 673
is_linear=0
shrinkage=0.05


Tree=205
num_leaves=31
num_cat=0
split_feature=17 13 32 22 16 2 30 36 19 34 32 22 19 15 2 17 0 30 13 23 2 2 30 33 13 6 6 11 12 23
split_gain=0.345033 0.474393 0.215035 0.22277 0.222425 0.180337 0.118671 0.116579 0.106201 0.142503 0.0944864 0.0651894 0.0517078 0.0478412 0.0744382 0.0687124 0.0426333 0.0422206 0.0295392 0.028927 0.0221982 0.0214776 0.0207498 0.0196588 0.0167721 0.0162849 0.0151783 0.0135861 0.0152617 0.0132528
threshold=5.5000000000000009 15.500000000000002 0.072751322751322761 1.0000000180025095e-35 5.5000000000000009 4.8000462868304981 5.5000000000000009 23.450000000000003 19.450028935185191 1.0000000180025095e-35 0.28991596638655465 1.0000000180025095e-35 1.0000000180025095e-35 482.50000000000006 3.2051050221021935 14.500000000000002 45425.610000000008 4.5000000000000009 14.500000000000002 1.0000000180025095e-35 0.5904031575992591 19.249882541093541 19.500000000000004 1.0000000180025095e-35 6.5000000000000009 1.0000000180025095e-35 2.5000000000000004 6.5000000000000009 3720.9350000000009 1.0000000180025095e-35
decision_type=2 2 2 2 2 2 2 2 2 2 2 2 2 2 2 2 2 2 2 2 2 2 2 2 2 2 2 2 2 2
left_child=5 8 3 4 13 6 23 11 9 18 27 22 -6 14 -3 17 -7 -15 29 -5 -10 -22 -8 -1 -13 -18 -19 28 -4 -2
right_child=1 2 10 19 12 16 7 -9 20 -11 -12 24 -14 15 -16 -17 25 26 -20 -21 21 -23 -24 -25 -26 -27 -28 -29 -30 -31
leaf_value=-0.003026467706482103 0.001225064633860021 -0.0089451127205624273 -7.8043526566784504e-05 -0.00070411785022028326 0.012244568417513807 0.011103181251234872 -0.010401551178926416 -0.024077783356350191 0.0051812000037009956 -8.7497310716825119e-05 -0.0050420016728790519 0.0096528968884478858 -0.0041782829743344683 0.0004604561392241192 0.0080705506037126434 0.002284702753039939 0.0029060931514521935 -0.023373013083240652 0.00043202414729652218 0.013918418592863311 -0.0073779853338685119 0.0032492353649336593 0.0020135929370099464 0.0070885453802956759 -0.0013426809665010725 -0.0058851769890268758 0.00060516972628077469 -0.00024709281583231536 0.019007312038313851 0.032227916351549125
leaf_weight=0.073637535249873376 0.1171181754798466 0.35065741871676559 0.10248995757137869 0.32635298093009613 0.4078476563154253 0.51044285821444635 0.26058675505328188 0.96501871091095381 0.22465169726683587 0.4306126413516721 0.14188421267681395 0.22497975792066427 0.13227096130094651 0.16568468538753212 0.23956378754519392 0.14236946925484506 0.13765764005074743 1.5627427843214716 0.10797751044628956 0.38154946835129522 0.20544116257678979 0.066219412838108838 0.083332728813729773 0.28698017515125684 0.18400534642205457 0.20943158975933329 0.016844937541463767 0.079966082041210029 0.82138272734300699 1.8101188337464007
leaf_count=287 30 695 89 198 58 123 3775 9779 551 1043 371 28 545 38 20 362 28 10115 466 140 2307 4 451 85 68 28 7 38 174 2146
internal_value=0 0.0106749 0.00018686 -0.00580043 -0.0113757 -0.00741258 -0.0136869 -0.0176639 0.0235232 0.0266275 0.0132866 -0.000396944 0.00812115 -0.0167387 -0.00130662 -0.0194404 0.00697654 -0.0213993 0.0304464 0.010712 0.000612062 -0.00426948 -0.00813342 0.00431678 0.007264 -0.00282949 -0.0229818 0.0171005 0.01795 0.031406
internal_weight=0 7.83375 4.87161 3.72588 3.01798 2.93607 2.07854 1.71792 2.96214 2.46583 1.14572 0.752905 0.540119 2.47786 0.590221 1.88764 0.857532 1.74527 2.03521 0.707902 0.496312 0.271661 0.343919 0.360618 0.408985 0.347089 1.57959 1.00384 0.923873 1.92724
internal_count=34049 19397 12850 12178 11840 14652 14473 14101 6547 3685 672 4322 603 11237 715 10522 179 10160 2642 338 2862 2311 4226 372 96 56 10122 301 263 2176
is_linear=0
shrinkage=0.05


Tree=206
num_leaves=31
num_cat=0
split_feature=21 2 14 17 1 3 13 2 1 36 9 15 36 13 3 24 32 11 23 2 24 21 23 21 30 13 38 23 30 38
split_gain=0.321374 0.238527 0.260484 0.22879 0.186071 0.23304 0.170229 0.174143 0.113066 0.112654 0.107222 0.102311 0.0820894 0.0670126 0.0633398 0.0615782 0.0585236 0.0575997 0.0485974 0.0483611 0.0388521 0.0381184 0.0368386 0.0346786 0.0333221 0.0293557 0.0238574 0.0224633 0.0207384 0.0178893
threshold=5.5592071759259269 1.59610900237779 72604.070000000022 9.5000000000000018 4.6763643659302874 4.641437745208993 11.500000000000002 5.7313164596176085 8.247771377767025 43.750000000000007 1.5000000000000002 758.50000000000011 25.350000000000005 10.500000000000002 2.4965913171622796 1.5000000000000002 0.05634920634920635 1.5000000000000002 6.3635937500000006 2.7962566456686622 1.5000000000000002 39.191325231481493 8.7403819444444455 6.9529571759259268 17.500000000000004 29.500000000000004 2.9674897060337968 15.172997685185186 21.500000000000004 0.022070947528348824
decision_type=2 2 2 2 2 2 2 2 2 2 2 2 2 2 2 2 2 2 2 2 2 2 2 2 2 2 2 2 2 2
left_child=3 2 11 4 -1 20 8 10 17 12 18 16 -4 -7 -10 -13 29 24 -8 22 28 23 -5 -20 -3 27 -25 -14 -6 -2
right_child=1 6 9 19 5 13 7 -9 14 -11 -12 15 25 -15 -16 -17 -18 -19 21 -21 -22 -23 -24 26 -26 -27 -28 -29 -30 -31
leaf_value=0.0084602092308528817 0.0022703797832799889 0.034310850257394568 -0.0031875623646186141 0.0047938762104279831 -0.026026576426294419 0.010274135726285938 0.0027809773377123924 0.014783933990490201 -0.0071086378168914929 -0.0052900210890417416 0.006911889396535662 -0.020792306802068894 -0.00083140787770825573 -0.0055174197404007346 0.008737978489001437 0.0024110981030976393 0.0087943172093296589 -0.00053134722803315144 0.0017207853312825997 0.012078030647750385 0.0011574810810983274 0.002165587295789305 -0.0079700135760125464 -0.019123702014530237 -0.0001255604087799322 -0.0013439203275853763 0.0012631178974744891 0.020926941288798875 -0.00024076099580300016 -0.0083201994478875104
leaf_weight=0.21157679991301925 0.077784950443856582 0.69423163856390624 0.21658965529059038 0.18310371547067905 1.7647117591909594 0.31732225840096351 0.16118182766604172 0.80356696509988967 0.24491265425422171 0.3888756404317063 0.40854415044759651 0.86924620206627878 0.047500467388090328 0.47255769470939413 0.30515391150402138 0.11255030196116422 0.30552617763351009 0.10474283666007977 0.06809941354640614 0.58087911053007701 0.057312544078740646 0.076624296726549801 0.18644198744004825 0.72535037500347244 0.065702009369942971 0.045631339624378597 0.028047771189449122 0.86505221454808634 0.099578738403124478 0.30258476044491545
leaf_count=89 171 536 1007 194 8989 19 175 152 565 2426 137 12516 135 28 76 246 120 345 82 68 151 155 545 3235 141 127 10 338 284 855
internal_value=0 0.00814672 -0.00178773 -0.00821332 -0.0141056 -0.0176714 0.0153785 0.00369922 0.0248327 0.0099579 -0.00590074 -0.0124051 0.0151169 0.00302234 0.00164817 -0.0182579 0.00183311 0.030788 -0.011799 0.00784937 -0.0243007 -0.0145023 -0.00276318 -0.0163923 0.0329539 0.0187693 -0.0180772 0.0199518 -0.0252142 -0.00607865
internal_weight=0 6.9175 3.23134 3.87348 2.92306 2.71148 3.68616 2.27141 1.41474 1.56365 1.46785 1.66769 1.17477 0.78988 0.550067 0.981797 0.685896 0.864676 1.0593 0.950425 1.9216 0.898122 0.369546 0.821498 0.759934 0.958184 0.753398 0.912553 1.86429 0.38037
internal_count=33917 23550 17941 10367 9560 9471 5609 3946 1663 4033 3794 13908 1607 47 641 12762 1146 1022 3657 807 9424 3482 739 3327 677 600 3245 473 9273 1026
is_linear=0
shrinkage=0.05


Tree=207
num_leaves=31
num_cat=0
split_feature=19 23 22 23 19 36 45 36 13 2 23 34 23 23 14 14 14 30 30 2 22 13 30 1 36 14 16 13 38 14
split_gain=0.229492 0.180063 0.281003 0.186649 0.281526 0.16979 0.199156 0.138864 0.137201 0.14096 0.117145 0.0983718 0.095147 0.0951048 0.0669383 0.0607858 0.0665222 0.0652313 0.0607612 0.055365 0.0463106 0.0438712 0.043611 0.0369854 0.0316662 0.0306728 0.0290209 0.0282588 0.0262223 0.0220917
threshold=20.02514467592593 27.7352025462963 1.0000000180025095e-35 7.885422453703705 11.97892939814815 59.45000000000001 1.0000000180025095e-35 408.55000000000007 29.500000000000004 0.5739348187714487 37.822152777777781 1.0000000180025095e-35 20.418009259259261 1.0000000180025095e-35 20082.185000000005 211977.28 13540.130000000003 9.5000000000000018 1.5000000000000002 19.249882541093541 1.0000000180025095e-35 6.5000000000000009 19.500000000000004 10.804207870327309 15.850000000000003 404017.0400000001 3.5000000000000004 5.5000000000000009 2.9674897060337968 34880.375000000007
decision_type=2 2 2 2 2 2 2 2 2 2 2 2 2 2 2 2 2 2 2 2 2 2 2 2 2 2 2 2 2 2
left_child=1 2 3 25 5 6 12 26 9 -3 18 14 15 21 -11 16 -5 -18 -2 -6 -20 -4 27 24 -16 -1 28 -19 -7 -12
right_child=10 8 13 4 19 7 -8 -9 -10 11 29 -13 -14 -15 23 -17 17 22 20 -21 -22 -23 -24 -25 -26 -27 -28 -29 -30 -31
leaf_value=-0.018560566991506842 0.0025818436660854363 -0.00386049145796376 0.0095261356968185367 -0.0020167369437255629 -0.018578404114189286 -0.017540097167815603 -0.0093854967547789964 0.0085415728499052303 -0.004680762067794577 -0.00065422330514420049 -0.0028517812482615847 0.0015311417615679066 -0.0021882015297798583 0.023214308520638952 0.00036398389331318722 -0.0015913826588141702 -0.0014541464954283966 -0.0005155612632966179 -0.020165576912888623 0.0030120171046403325 0.00093538271499299234 -0.0023622122517083922 -0.00065945151813874146 -0.0001240026623859658 0.034482483580001388 0.0013013681886773442 0.0014860646299594642 0.026941705397737284 0.001492360039373783 0.0084495552790833008
leaf_weight=0.64078995337058398 0.18935203539149437 0.20171051455872691 0.37767105437887982 0.1219839831810553 0.59776645332158285 0.49602132876680105 0.21461856581481686 0.29847371128016675 0.20189066340390116 0.12773689596497195 0.060457080006926733 0.48578528817461109 0.36100990399063437 0.85549039905890811 0.09265942548336159 0.16931729597035872 0.14059709955381539 0.058718418616081069 0.67286277190214605 0.061794744804501534 0.2069123498222325 1.0948732894066777 0.10937246377579857 0.079232773328840156 1.0069197494958642 0.079924670447326207 0.092302546934206475 1.6575066755694932 0.03933081534341909 0.35676218699518358
leaf_count=7053 105 464 65 658 4914 2214 710 147 239 483 1151 690 604 323 246 181 213 23 9634 2 199 333 186 15 448 51 358 1346 4 843
internal_value=0 0.0088751 0.00400351 -0.00282583 0.00215902 0.00802335 0.013086 -0.00621717 0.0190053 0.0221658 -0.00848424 0.0254284 0.0170126 0.0153993 0.0297976 0.0198122 0.021501 0.0231481 -0.0142739 -0.0159595 -0.0173453 0.00330645 0.0248869 0.0318832 0.0331501 -0.0168817 -0.0141714 0.0261583 -0.0160805 0.00595522
internal_weight=0 9.6635 7.46756 5.13953 4.41881 3.75925 2.83312 0.926128 2.19594 1.99404 1.48635 1.79233 2.61851 2.32803 1.30655 2.2575 2.08818 1.96619 1.06913 0.659561 0.879775 1.47254 1.8256 1.17881 1.09958 0.720715 0.627655 1.71623 0.535352 0.417219
internal_count=33902 21970 19385 18664 11560 6644 3921 2723 2585 2346 11932 1882 3211 721 1192 2607 2426 1768 9938 4916 9833 398 1555 709 694 7104 2576 1369 2218 1994
is_linear=0
shrinkage=0.05


Tree=208
num_leaves=31
num_cat=0
split_feature=21 19 3 22 32 23 31 37 13 15 32 3 3 15 35 0 6 13 23 10 3 0 14 36 38 0 37 13 15 15
split_gain=0.337363 0.369918 0.356623 0.376939 0.226603 0.193511 0.144962 0.136454 0.113277 0.105289 0.104344 0.103831 0.0973648 0.0914235 0.087264 0.0726636 0.0618167 0.0580304 0.0466202 0.0462979 0.0384438 0.0329994 0.0327532 0.0268025 0.0255539 0.0243219 0.0225534 0.0216148 0.0201048 0.0188374
threshold=27.264884259259265 23.137812500000006 4.641437745208993 1.0000000180025095e-35 0.065591397849462371 1.0000000180025095e-35 1.0000000180025095e-35 502.35000000000008 6.5000000000000009 614.00000000000011 0.21583850931677021 2.4965913171622796 -3.2337409725332322 365.50000000000006 1.0000000180025095e-35 898.29500000000007 1.5000000000000002 6.5000000000000009 18.378292824074077 1835.9400000000003 4.641437745208993 49226.510000000002 34441.505000000005 33.050000000000004 2.0360957833086184 1247.8850000000002 139.95000000000002 32.500000000000007 182.50000000000003 19630.500000000004
decision_type=2 2 2 2 2 2 2 2 2 2 2 2 2 2 2 2 2 2 2 2 2 2 2 2 2 2 2 2 2 2
left_child=2 17 3 4 6 8 7 9 -5 13 18 12 -10 -1 16 22 -11 -2 -6 -15 24 -4 -3 -20 -17 -19 29 -14 -25 -8
right_child=1 15 21 5 10 -7 26 -9 11 14 -12 -13 27 19 -16 20 -18 25 23 -21 -22 -23 -24 28 -26 -27 -28 -29 -30 -31
leaf_value=-0.011741746589124262 -0.0011585106346807675 -0.0036883666125890162 0.018996600360335236 0.0091483277885674539 -0.0030352298789234544 0.020846324077822567 0.0033587165543210598 0.00391460491726909 0.0049322118558925163 -0.02856473000198393 -0.0080352266223414053 0.0063550143574746393 -0.020133797040239505 -0.0048545359379324575 0.0029692771503978415 -0.014396536859296278 0.00032951255901616101 0.00094376502124143738 -0.0012237299667663308 0.0097533241814223223 0.0032077103240689495 0.00067197959811041066 0.0095741398554266988 -0.0012309708149926763 0.0016784700745934543 0.033485846606361072 0.0073440703736583806 0.00093261546997161807 0.01711734814725735 -0.0063041692232543734
leaf_weight=0.47221194684880063 0.06864808433874825 0.079566665482161514 0.93982321754447162 0.38226585618394915 0.11830369965355181 0.70567852121894237 0.07917587985866692 0.28829335099044318 0.10822778427973401 2.3414061244020568 0.24602292233976186 0.18508456845302135 0.64475097649847146 0.10675768325108947 0.061147824861109146 0.46792905467327728 0.1720031188269785 0.12049236323809964 0.10664055472443579 0.51942447125748004 0.065399212297052145 0.36791539407568052 0.29736112163664075 0.024988325792946853 0.068829414929496124 0.85807900529744074 0.24019879576735548 0.039331001367827412 0.55380042074830271 0.14178484971489524
leaf_count=1178 59 1895 86 74 392 278 12 418 13 21447 864 13 331 175 3 5164 40 142 140 174 3 27 386 17 213 172 54 24 216 60
internal_value=0 0.0180274 -0.00119583 -0.00580293 -0.0121438 0.00947824 -0.0164449 -0.0190891 -0.00275596 -0.021346 0.00515895 -0.00968372 -0.0148857 -0.00373605 -0.0257121 -0.0037807 -0.0270564 0.0303039 0.0114134 0.00580909 -0.0099376 0.0163663 0.00612906 0.0142284 -0.0125843 0.0319811 0.00378792 -0.019088 0.0160472 -0.00292668
internal_weight=0 2.0263 8.84524 7.5375 5.47216 2.06534 4.4224 3.96124 1.35966 3.67295 1.04976 0.977394 0.79231 1.09839 2.57456 0.979085 2.51341 1.04722 0.803733 0.626182 0.602158 1.30774 0.376928 0.685429 0.536758 0.978571 0.46116 0.684082 0.578789 0.220961
internal_count=34070 8034 26036 25923 25190 733 23561 23435 455 23017 1629 381 368 1527 21490 7661 21487 373 765 349 5380 113 2281 373 5377 314 126 355 233 72
is_linear=0
shrinkage=0.05


Tree=209
num_leaves=31
num_cat=0
split_feature=22 15 30 19 32 21 6 0 30 34 21 14 32 3 14 16 14 14 36 2 15 15 10 21 2 37 0 37 45 2
split_gain=0.31061 0.259452 0.305425 0.247076 0.297404 0.240472 0.272087 0.193019 0.144959 0.116066 0.106562 0.0875634 0.082668 0.0816402 0.070503 0.0693818 0.0559432 0.0518923 0.045287 0.0451718 0.0450118 0.0316777 0.0287459 0.0267874 0.0258882 0.0247692 0.0207237 0.0178647 0.0174439 0.0144268
threshold=1.0000000180025095e-35 81029.000000000015 17.500000000000004 0.027800925925925927 0.070197044334975381 -1.0000000180025095e-35 1.0000000180025095e-35 2572.9050000000002 1.5000000000000002 1.0000000180025095e-35 17.121354166666674 7687.4050000000016 0.22474747474747478 2.0064716797994779 202916.24000000005 6.5000000000000009 48811.375 46722.220000000016 17.550000000000004 8.8199967649303783 142099.50000000003 237.50000000000003 3718.7350000000001 25.1337962962963 2.3119492112865339 666.85000000000014 385.7050000000001 138.55000000000004 1.0000000180025095e-35 19.249882541093541
decision_type=2 2 2 2 2 2 2 2 2 2 2 2 2 2 2 2 2 2 2 2 2 2 2 2 2 2 2 2 2 2
left_child=1 3 7 5 8 6 15 -3 -5 11 18 -9 14 25 17 21 -13 -6 -7 24 -2 -1 29 -12 -8 -10 -20 -22 -28 -15
right_child=20 2 -4 4 12 10 19 9 13 -11 23 16 -14 22 -16 -17 -18 -19 26 -21 27 -23 -24 -25 -26 -27 28 -29 -30 -31
leaf_value=0.00048252950970429124 0.019623663717523852 -0.0065197273734778063 -0.011702832991730312 0.0050549245211883613 -0.002957904747422592 -0.0020851452527838291 0.0046988732543001279 -0.0025726392929749163 -0.028233939142420918 -0.002762337043062345 -0.0059372064901735203 0.032720196246993877 -0.0068016876469983306 -0.0086138071260556653 -0.0046969881168109706 0.0028339434187540889 -0.0010714180053082807 0.017425124775386071 -0.00094060039702854945 0.013480913806194469 0.0042682999711690399 -0.022354448467598709 0.0038806592589951585 0.0044309704342975964 -0.0057368770914424487 0.00062022753516992573 0.023048715165171735 -0.0046490683464332034 -0.00017560084944701646 0.0018784061968810638
leaf_weight=0.12054590458683401 2.1302840163443775 0.14975025721651025 0.26841815855959783 0.15765188381192352 0.070155316395357437 0.0433187575044921 0.12021906594054588 0.053756779338072991 1.4569364348067213 0.14373994024072079 0.36592947383178387 1.0006708439100291 0.18579471249631752 0.27023572495181714 0.10304677684143826 0.11493530570260191 0.064560485393485467 0.64136823381704744 0.019101303392744517 0.44992564292624593 0.10720470025626117 0.78971179896279864 0.30349419760386809 0.20621535851387307 0.33446876550442539 0.033042574765204225 0.92024682229748578 0.14656879580797977 0.068713550199845486 0.0374562107026577
leaf_count=146 858 3254 1157 33 441 176 47 169 20233 357 39 423 775 419 96 24 425 151 68 24 35 3897 39 32 30 158 435 24 109 1
internal_value=0 5.36006e-05 0.0134699 -0.0045571 -0.0128244 0.00417698 -0.00653738 0.0211216 -0.0205016 0.0258323 0.01455 0.0290756 0.0060935 -0.0234308 0.0111622 -0.017928 0.0311451 0.0148614 0.0199561 0.00900677 0.0179734 -0.0206607 -0.00244192 -0.00175881 -0.00164428 -0.0276019 0.02147 -0.00048222 0.0221581 -0.00687685
internal_weight=0 8.49341 1.6809 6.81251 3.25918 3.55333 1.92981 1.41248 2.25882 1.26273 1.62353 1.11899 1.00037 2.10117 0.81457 1.02519 1.06523 0.711524 1.05138 0.904613 2.38406 0.910258 0.611186 0.572145 0.454688 1.48998 1.00806 0.253773 0.98896 0.307692
internal_count=34075 33158 5785 27373 22346 5027 4168 4628 20883 1374 859 1017 1463 20850 688 4067 848 592 788 101 917 4043 459 71 77 20391 612 59 544 420
is_linear=0
shrinkage=0.05


Tree=210
num_leaves=31
num_cat=0
split_feature=3 2 2 23 2 30 25 24 23 38 15 17 32 36 45 17 19 36 38 12 3 36 2 23 12 23 12 3 23 32
split_gain=0.270974 0.469967 0.291685 0.197707 0.165031 0.133286 0.112692 0.1291 0.108683 0.0893246 0.0874026 0.0593006 0.0564942 0.0530218 0.0510393 0.0485825 0.0432633 0.0411125 0.0425727 0.033989 0.0324258 0.0313163 0.0249209 0.0212353 0.0197026 0.0189703 0.0189375 0.0170959 0.0160526 0.0141222
threshold=0.80203339531218354 0.2815756514565731 1.6385422311926139 28.190798611111116 5.7313164596176085 10.500000000000002 1.0000000180025095e-35 1.5000000000000002 31.346209490740744 1.7718230875007053 482.50000000000006 9.5000000000000018 0.077935222672064791 37.550000000000004 1.0000000180025095e-35 7.5000000000000009 11.885908564814818 856.05000000000007 2.9674897060337968 44951.905000000006 1.8332110504050443 1.0000000180025095e-35 3.2051050221021935 33.030028935185193 3508.9600000000005 2.6625057870370372 21684.405000000002 2.8025866982932452 23.798142361111115 0.087595907928388769
decision_type=2 2 2 2 2 2 2 2 2 2 2 2 2 2 2 2 2 2 2 2 2 2 2 2 2 2 2 2 2 2
left_child=1 13 -2 6 5 16 7 -3 15 14 22 17 -10 21 27 24 20 18 19 23 -4 -1 -7 -12 -5 -21 -23 -6 -27 -14
right_child=2 3 4 8 9 10 -8 -9 12 -11 11 -13 29 -15 -16 -17 -18 -19 -20 25 -22 26 -24 -25 -26 28 -28 -29 -30 -31
leaf_value=-0.0015966063884919311 0.030852174213103118 -0.025674108858512724 0.014687423768643702 -0.0013594921148394274 0.00059551612622517163 -0.0025683134646349664 0.0043856552312296626 0.0039374925132425621 -0.012580551434650686 -0.0045771723616436942 -0.021370053314402837 0.001811948271190824 0.006510113309685376 -0.0018347038448939018 -0.0016349316348956353 -0.0030984585536014894 -0.0035705953900946989 0.0024736120660359137 0.0024349772086531846 -0.0054766497596194239 -0.0018075895602224304 0.02074146163751044 0.0083835415628227255 0.00024913372439333163 0.015390295893999054 0.0061772436175010258 -0.00062186081098000354 0.017219660959789964 -0.0029085189075870503 -0.0023539477856583252
leaf_weight=0.032946374992206762 0.51738171088754814 1.7016085103441585 0.49838051089955149 0.027938142860420845 0.2399634187040659 0.27765190648278837 0.11027995235690458 0.14741245780442103 0.38989534654410818 0.25549347550258961 0.90882430792498758 0.44600678136157501 0.14296241442571045 0.17970563398966988 0.25989573560946144 0.14779444729265379 0.086551624487583467 0.065884715659194515 0.051360938441575743 0.11769783557610924 0.12455862998922385 0.82820859064850083 0.24524463257694151 0.096487655100645497 0.43941055059895007 0.22928124906593439 0.049669238451315323 2.1251260782009922 0.060907578563274001 0.092529696530618821
leaf_count=240 285 17591 524 741 54 147 124 291 4996 22 3590 723 33 706 53 829 658 10 13 20 118 369 35 620 613 87 30 284 59 360
internal_value=0 -0.00414685 0.0108455 -0.013189 0.00503343 -0.00262828 -0.0202663 -0.0227599 0.00204527 0.0120463 -0.00776058 -0.0115289 -0.00776221 0.0160023 0.0144807 0.0106486 0.00941507 -0.0145963 -0.0160563 -0.0174589 0.0123077 0.01864 0.00470035 -0.0202056 0.0141449 -0.00114593 0.0198453 0.0162112 0.00349398 0.00394099
internal_weight=0 4.29036 6.6067 3.19983 6.08932 3.20884 1.9593 1.84902 1.24053 2.88048 2.49935 1.97645 0.625387 1.09053 2.62499 0.615143 0.709491 1.53044 1.46456 1.4132 0.622939 0.910824 0.522897 1.00531 0.467349 0.407887 0.877878 2.36509 0.290189 0.235492
internal_count=34225 26923 7302 25578 7017 6604 18006 17882 7572 413 5304 5122 5389 1345 391 2183 1300 4399 4389 4376 642 639 182 4210 1354 166 399 338 146 393
is_linear=0
shrinkage=0.05


Tree=211
num_leaves=31
num_cat=0
split_feature=21 19 30 10 22 19 38 37 6 23 23 33 32 0 13 23 13 3 37 17 3 16 2 2 30 2 38 21 23 21
split_gain=0.281194 0.436913 0.242403 0.268207 0.281068 0.147506 0.106962 0.112534 0.0910629 0.0869972 0.0862682 0.0853771 0.0794054 0.074769 0.0687529 0.0633329 0.0597092 0.0533285 0.0466044 0.0447506 0.0396939 0.0391931 0.0382182 0.0371838 0.0310217 0.0238599 0.0202411 0.018507 0.0159987 0.0136524
threshold=25.1337962962963 23.137812500000006 5.5000000000000009 690.89000000000021 1.0000000180025095e-35 2.0870370370370375 0.026331554331393357 227.85000000000005 2.5000000000000004 18.149837962962966 1.0000000180025095e-35 1.0000000180025095e-35 0.036038961038961044 898.29500000000007 6.5000000000000009 8.0583275462962991 7.5000000000000009 2.4965913171622796 994.05000000000007 14.500000000000002 2.0064716797994779 3.5000000000000004 19.249882541093541 0.12813749444333472 6.5000000000000009 2.8601106558260896 2.1517133772149184 19.422146990740746 0.20849537037037039 11.712980324074076
decision_type=2 2 2 2 2 2 2 2 2 2 2 2 2 2 2 2 2 2 2 2 2 2 2 2 2 2 2 2 2 2
left_child=2 16 11 4 6 9 7 21 18 15 14 -1 20 24 -6 28 -2 23 19 -8 -7 -4 26 -16 -3 -11 -15 -22 -5 -14
right_child=1 13 3 5 10 12 8 -9 -10 25 -12 -13 29 22 17 -17 -18 -19 -20 -21 27 -23 -24 -25 -26 -27 -28 -29 -30 -31
leaf_value=-0.0044756825154744452 -0.0010278450106662098 0.0087203808798433143 -0.012695610411091074 0.0037004762026785348 0.0067106279315303696 -0.014652937310565231 -0.025806172027157737 0.011287885068950294 0.0030480461123426222 -0.0070469681613949181 0.013549057692465657 0.017351182299265723 -0.0019997717558626251 -0.015569351199858545 0.0025717419587450896 0.020848057001821723 0.030731695570514184 0.0040395398439960267 0.0010106203251910772 0.0010689087410422321 -0.0037346030687674943 0.0030806528912109086 0.0028121172404718038 -0.015087349958250843 -0.0038572059101517116 0.0035436147104966759 0.0011417545605086239 0.0055737781612384069 -0.0045729574178272909 0.0075577524380450126
leaf_weight=0.13575675949141242 0.091413262922288907 0.26858342479681585 0.33228767190667019 0.1963040356667991 0.25941704734577775 0.46453588237818599 2.1944193424938034 0.20958967497426784 0.11840793820738316 0.18298319013410935 0.36780882405582815 0.94595816391665721 0.048089684663864318 0.5164066611941962 0.053711152635514736 0.83328943688593426 1.0657002755824576 0.12823720101732761 0.10405402350079374 0.08141426576366928 0.090406106957743759 0.10340035981607798 0.056729025207459927 0.49427351944177644 0.083574942053019186 0.15186801414893125 0.059609419754451665 0.13101082702632993 0.15516766738574006 0.29949092483548156
leaf_count=396 108 66 4304 239 62 2351 14637 68 19 321 145 219 79 5926 7 259 423 9 42 137 33 428 2 250 2513 22 197 22 524 159
internal_value=0 0.0158547 -0.00160987 -0.00541264 -0.0119165 0.00608124 -0.0184904 8.43004e-05 -0.0219407 0.013141 0.0050823 0.0137778 -0.00565651 -0.00632023 -0.00352634 0.0171025 0.0289093 -0.00911407 -0.023718 -0.0248119 -0.0114048 -0.00941361 -0.011899 -0.0128133 0.00509035 -0.00318737 -0.0142128 0.0018272 -0.000633116 0.00573271
internal_weight=0 2.14202 8.08188 7.00017 4.44702 2.55315 3.14357 0.645278 2.4983 1.51961 1.30345 1.08171 1.03353 0.984903 0.935639 1.18476 1.15711 0.676222 2.37989 2.27583 0.685953 0.435688 0.632745 0.547985 0.352158 0.334851 0.576016 0.221417 0.351472 0.347581
internal_count=33967 9235 24732 24117 20108 4009 19635 4800 14835 1365 473 615 2644 8704 328 1022 531 266 14816 14774 2406 4732 6125 257 2579 343 6123 55 763 238
is_linear=0
shrinkage=0.05


Tree=212
num_leaves=31
num_cat=0
split_feature=19 17 2 23 24 23 23 45 39 10 10 14 12 2 0 36 6 2 37 11 15 20 20 0 12 30 14 37 12 37
split_gain=0.244017 0.195113 0.248119 0.180444 0.17286 0.214442 0.114636 0.119346 0.112936 0.111706 0.076594 0.0629959 0.0528794 0.0526941 0.0444653 0.0382268 0.0373747 0.0340337 0.0304487 0.0290277 0.0285587 0.0205545 0.0196767 0.0188516 0.0183936 0.0178371 0.0169648 0.0166415 0.0153091 0.0145892
threshold=11.97892939814815 5.5000000000000009 4.8000462868304981 28.68297453703704 1.5000000000000002 27.7352025462963 1.0000000180025095e-35 1.0000000180025095e-35 1.0000000180025095e-35 432.16500000000002 1855.7800000000004 14341.955000000002 9770.7500000000018 0.25580276569398636 49226.510000000002 20.650000000000002 1.0000000180025095e-35 19.249882541093541 994.05000000000007 13.500000000000002 365.50000000000006 1.5000000000000002 3.5000000000000004 146.32000000000002 16163.860000000002 4.5000000000000009 71164.604999999996 168.95000000000002 3508.9600000000005 221.45000000000002
decision_type=2 2 2 2 2 2 2 2 2 2 2 2 2 2 2 2 2 2 2 2 2 2 2 2 2 2 2 2 2 2
left_child=1 2 8 6 5 -2 23 10 18 13 11 -8 20 -7 19 -4 21 -15 25 22 -11 -5 -13 -3 -10 -1 -9 -12 -22 -25
right_child=4 3 15 16 -6 9 7 26 24 12 27 14 -14 17 -16 -17 -18 -19 -20 -21 28 -23 -24 29 -26 -27 -28 -29 -30 -31
leaf_value=4.5551536586061457e-05 -0.023931728053780185 0.0036882129259184892 -0.0028989834306729217 -0.011726604117013834 0.0093215100934264852 0.0041645556152155429 -0.0016595232024774458 0.0027450869438500158 0.0072738200375884951 -0.0020263992946150714 -0.0024948906051700899 0.02676761536034606 -0.0036602881279118623 -0.01471093284772549 -0.00037479773325989514 0.012682108130497622 0.0032955722649846302 0.0024429137205128426 0.0013407414121052131 -0.00088258249692059151 -0.00085346052189598986 0.0016749128247956898 -0.00061701474184710332 -0.0073385378352543553 -0.0028357295863989905 -0.020702768759287411 -0.006548284978884553 0.0056339957761163163 0.015743577192180603 0.0020406517364838237
leaf_weight=0.10463681789042334 1.0333644935722084 0.078819891437888479 0.098925966256501741 0.37074158935774892 0.31853574606247992 0.11690646151691886 0.11499961763002042 0.12198261954199541 0.20448177127491352 0.044298549898485362 0.48397869329255616 2.1675909513537603 0.17212212457434362 0.47179985184629913 0.14079001353820775 0.79985518359171692 0.25220107310997264 0.048608355224132538 0.055778619731427059 0.035319818303832906 0.044670923556168418 0.081001247723179404 0.021653250421422743 0.37869524801772059 0.058685302696176223 0.99428356104499471 0.17383056511562245 0.18849809831681341 0.51229142679176221 0.091947627850458957
leaf_count=209 9186 10 19 1172 279 138 780 590 181 248 387 3520 530 6702 22 120 33 1 12 17 329 20 191 99 23 8262 381 173 416 23
internal_value=0 0.00634572 -0.0043484 0.0114532 -0.00911573 -0.0135275 0.0150944 0.0178377 -0.0140878 0.000859648 0.0202176 0.023264 0.00931035 -0.00881838 0.0246088 0.0103436 -0.00594905 -0.0125558 -0.0184812 0.0258158 0.0129905 -0.00982513 0.0263882 -0.00252372 0.00455921 -0.0196467 -0.00355502 0.00178994 0.0147192 -0.00536454
internal_weight=0 7.0187 2.31665 4.70205 2.7626 2.44406 3.99811 3.44864 1.41787 1.4107 3.15283 2.48035 0.773383 0.637315 2.36535 0.898781 0.703944 0.520408 1.1547 2.22456 0.601261 0.451743 2.18924 0.549463 0.263167 1.09892 0.295813 0.672477 0.556962 0.470643
internal_count=34073 16244 8826 7418 17829 17550 6193 6061 8687 8364 5090 4530 1523 6841 3750 139 1225 6703 8483 3728 993 1192 3711 132 204 8471 971 560 745 122
is_linear=0
shrinkage=0.05


Tree=213
num_leaves=31
num_cat=0
split_feature=21 19 2 2 23 13 13 17 14 6 23 24 15 33 0 2 37 15 37 0 21 14 21 2 21 21 23 19 11 17
split_gain=0.266678 0.567075 0.247839 0.247444 0.22951 0.132785 0.129071 0.127279 0.105346 0.0904706 0.0829379 0.0817347 0.0820983 0.0704974 0.0600228 0.0595903 0.0583246 0.0577061 0.0448583 0.0401407 0.039718 0.0335886 0.0316369 0.0304512 0.0285876 0.0255759 0.0219097 0.0247618 0.0183231 0.0125027
threshold=11.027870370370371 18.741325231481486 0.24344554179186695 1.624304152304858 18.378292824074077 7.5000000000000009 8.5000000000000018 13.500000000000002 58958.945000000014 2.5000000000000004 11.416377314814817 1.5000000000000002 419.50000000000006 1.0000000180025095e-35 4952.7850000000008 0.5739348187714487 43.050000000000004 75941.000000000015 392.35000000000008 1021.215 8.1814872685185218 10625.925000000003 20.097858796296297 19.249882541093541 0.10381365740740742 11.130769675925928 29.282256944444448 30.700000000000003 3.5000000000000004 17.500000000000004
decision_type=2 2 2 2 2 2 2 2 2 2 2 2 2 2 2 2 2 2 2 2 2 2 2 2 2 2 2 2 2 2
left_child=2 4 24 -4 10 21 -6 9 29 11 -2 12 -7 20 26 -8 -17 -15 22 -18 -14 -5 25 -16 -1 -12 -10 -28 -23 -3
right_child=1 8 3 5 6 7 15 -9 14 -11 18 -13 13 17 23 16 19 -19 -20 -21 -22 28 -24 -25 -26 -27 27 -29 -30 -31
leaf_value=0.016461530453870821 0.0103154604567615 -0.017351323236646964 -0.021804454074854662 -0.0019687983854600978 -0.0029114572415083035 0.003583869458084215 0.0010193264322489542 0.0095227275799436018 -0.0017980381962668527 0.0065287827044676634 0.0020803225841686643 0.0047809894653262587 -0.022654536720737084 -0.0077169303998885098 -0.0097073161538839148 -0.0012982461961717439 -0.00092561076115328189 0.0074176766575636162 0.0048231226282079848 0.033575780732420159 0.00056014034134813724 0.015193237288928864 0.0026315276643739064 0.0034281115590814801 -0.001808648668887883 -0.013055017245720564 0.012472914587171799 -0.0021359723158964439 -0.0010961861463364274 0.0006973224102013449
leaf_weight=0.57328226255958714 0.54769947784097917 0.68138720010892917 0.9472908473062488 0.13629315689286192 0.14358360529286107 0.20827787436792444 0.23541094931579243 0.32806617781898229 0.14436893694391983 0.1475784690119325 0.042939230555020913 0.16494366510596581 1.1675652179442293 0.25323563602250931 0.24996923276057714 0.05279681839874717 0.032517542785626907 0.26647982803660852 0.1366023242353549 2.0312296302986397 0.14959747971352033 0.56770594150157194 0.11392920861999301 0.070646114530973136 0.037482073500541446 0.59829308435519124 0.37868621392453861 0.044596356764941447 0.051254656156743295 0.022356720924108231
leaf_count=249 786 9274 10834 597 295 66 309 76 788 15 15 59 1510 335 1832 187 246 79 179 727 347 212 34 5 243 3849 263 592 35 62
internal_value=0 0.0121109 -0.00278501 -0.00755892 0.0208846 0.000389547 0.0278593 -0.00507334 -0.00926599 -0.00933558 0.00232938 -0.0120987 -0.0145831 -0.0171802 0.00235339 0.030046 0.0319114 -0.000182136 -0.00543555 0.0329075 -0.020914 0.0116388 -0.00898194 -0.00640879 0.0149135 -0.0113915 0.00823358 0.0105144 0.0140004 -0.0167052
internal_weight=0 5.52701 4.99905 4.38829 3.935 3.441 2.49554 2.68574 1.59201 2.35768 1.43946 2.2101 2.04516 1.83688 0.888267 2.35195 2.11654 0.519715 0.891764 2.06375 1.31716 0.755254 0.755162 0.320615 0.610764 0.641232 0.567652 0.423283 0.618961 0.703744
internal_count=34100 19443 14657 14165 6627 3331 1764 2487 12816 2411 4863 2396 2337 2271 3480 1469 1160 414 4077 973 1857 844 3898 1837 492 3864 1643 855 247 9336
is_linear=0
shrinkage=0.05


Tree=214
num_leaves=31
num_cat=0
split_feature=22 19 21 23 5 9 23 21 30 23 10 10 10 30 21 11 37 13 13 37 36 37 11 37 36 37 10 0 23 12
split_gain=0.246847 0.180732 0.217433 0.184054 0.183368 0.179398 0.178746 0.1525 0.134189 0.0995534 0.093158 0.0813416 0.065114 0.0607359 0.0505981 0.0504823 0.0466596 0.0385701 0.0357101 0.0354975 0.0323256 0.0531033 0.0289485 0.0288683 0.0242558 0.0268243 0.0242072 0.0188233 0.0168986 0.0134847
threshold=1.0000000180025095e-35 13.743252314814816 11.027870370370371 31.21993055555556 1.0000000180025095e-35 1.5000000000000002 18.057291666666668 33.047112268518525 21.500000000000004 1.0000000180025095e-35 3786.2950000000005 2792.145 1855.7800000000004 5.5000000000000009 20.097858796296297 1.5000000000000002 58.150000000000013 53.500000000000007 8.5000000000000018 262.55000000000007 23.450000000000003 66.250000000000014 3.5000000000000004 95.850000000000009 56.850000000000001 86.15000000000002 14684.155000000002 49226.510000000002 3.1647974537037045 5084.5300000000016
decision_type=2 2 2 2 2 2 2 2 2 2 2 2 2 2 2 2 2 2 2 2 2 2 2 2 2 2 2 2 2 2
left_child=1 2 4 17 5 11 19 14 10 20 16 13 29 -1 -5 -6 -8 27 -18 26 21 -2 -13 -22 25 -16 -4 -3 -17 -7
right_child=9 3 6 7 15 12 8 -9 -10 -11 -12 22 -14 -15 24 28 18 -19 -20 -21 23 -23 -24 -25 -26 -27 -28 -29 -30 -31
leaf_value=0.00092685081498201146 -0.0049530522474504294 -0.022515071837443678 -0.011238982137195989 -0.0036085074298730386 -0.0024247646076835123 -0.0010866572136631468 -0.001736030880273095 -0.011068116414583384 -0.0055403333832239783 0.02243105397023458 -0.0028669828756789631 0.0059543925969696258 -0.0046727308892301304 -0.022480771300263117 -0.0012002346420060522 -0.00013311980174070227 -0.00086452347410636329 0.0017473946738795201 0.026861165493846352 0.0039339908862372338 0.0039642373723771445 0.010994271781300056 -0.0051100498960135431 -0.0070537508540462774 -0.0016363853477286451 0.017177552994338475 0.0022524262456349005 0.00068600682480481165 0.013946473406381242 0.013493566191070883
leaf_weight=0.22923284511489361 0.10887654249017964 0.88132443539370831 0.34514856732312216 0.076482267931168968 0.47033026582357729 0.022192573292158957 0.035463999856801709 0.31723642993347312 0.11243283738531307 0.96947271452518169 0.13024597174444341 0.28149054526420503 0.27331107658392284 1.2011750517226571 0.085698718789899431 0.22480635817191796 0.058053486749940819 0.037597180784359807 1.3491293977049279 0.14091505098713242 0.180953466486244 0.46816842944826931 0.12685350600168022 0.47495802538833232 0.033817209664448455 0.60391301359868521 0.064433681849550339 0.031083640191354789 0.57370326319505693 0.29251454506538721
leaf_count=265 148 10416 1824 249 20 184 96 3890 24 336 39 382 360 12496 504 7 88 7 334 258 65 50 283 319 807 350 26 28 60 74
internal_value=0 -0.000985273 0.0035893 -0.0110021 -0.00380636 -0.0105325 0.0132122 0.00287777 0.0189863 0.0153334 0.0222114 -0.0163708 0.00653646 -0.0198916 0.011485 0.00803025 0.0247224 -0.0204296 0.0258334 -0.00530939 0.00220636 0.00675258 0.00132938 -0.00345574 0.0142486 0.0155351 -0.00902433 -0.0217793 0.0121126 0.0124209
internal_weight=0 7.99859 5.93143 2.06715 3.69561 2.42677 2.23582 1.11715 1.68533 2.20243 1.57289 1.83875 0.588018 1.43041 0.799911 1.26884 1.44265 0.950005 1.40718 0.550497 1.23296 0.577045 0.408344 0.655911 0.723429 0.689612 0.409582 0.912408 0.79851 0.314707
internal_count=33989 33071 16820 16251 14131 14044 2689 5800 581 918 557 13426 618 12761 1910 87 518 10451 422 2108 582 198 665 384 1661 854 1850 10444 67 258
is_linear=0
shrinkage=0.05


Tree=215
num_leaves=31
num_cat=0
split_feature=45 36 38 15 19 21 37 2 3 15 15 23 0 37 37 30 32 37 14 13 21 19 0 38 36 20 38 36 36 30
split_gain=0.20973 0.215764 0.229109 0.133219 0.119377 0.154471 0.171614 0.1189 0.110148 0.0838317 0.0821869 0.0822899 0.0780939 0.0941288 0.0685117 0.0636509 0.0635921 0.061022 0.0488565 0.0471158 0.0425929 0.0396328 0.0395259 0.0272871 0.0269018 0.0248491 0.0217553 0.0202415 0.0153771 0.0150352
threshold=1.0000000180025095e-35 52.150000000000013 0.1129189330673228 182.50000000000003 33.04210069444445 16.944832175925928 93.750000000000014 2.7338532495338232 4.641437745208993 43635.000000000007 146785.00000000003 20.418009259259261 106.38000000000001 994.05000000000007 562.85000000000002 19.500000000000004 0.22474747474747478 110.05000000000001 17296.435000000001 39.500000000000007 12.013252314814816 6.2443113425925931 10820.490000000002 2.9674897060337968 23.450000000000003 2.5000000000000004 2.9674897060337968 10.850000000000003 49.650000000000013 4.5000000000000009
decision_type=2 2 2 2 2 2 2 2 2 2 2 2 2 2 2 2 2 2 2 2 2 2 2 2 2 2 2 2 2 2
left_child=1 2 8 27 5 6 24 17 15 21 11 20 -2 23 29 -1 18 -3 -7 22 25 -9 -20 -14 -5 -8 -19 -4 -26 -11
right_child=12 7 3 4 -6 16 10 9 -10 14 -12 -13 13 -15 -16 -17 -18 26 19 -21 -22 -23 -24 -25 28 -27 -28 -29 -30 -31
leaf_value=-0.015119292347366045 0.0052349408341422904 0.0026387721155827718 0.0029830381770733251 0.0014980414370376395 -0.0054072341887760325 0.00068583301231020944 0.021226686140193712 0.013216308249522577 0.0085513111693938885 0.0013441504105847074 -0.004521290102622642 -0.0034503764423827188 -0.019888342275136833 0.0044642667751982291 0.0061924639133814881 0.0031084180138784834 -0.0020199450413680912 -0.0165715312126802 0.031378206973288379 -0.0014525875010890647 -0.00063149258934254253 -0.0027784100335452554 0.00025855367978050724 0.0013904172934116887 -0.012189940406697554 -0.0010560204249405725 0.0013304218235530674 -0.0074694281233893328 0.0013518139838253043 -0.012098494823084669
leaf_weight=0.66585803551151712 0.12308852187561647 0.28144299620089464 0.067671087388589402 0.3247917707794844 0.12048275430697675 0.20588535895331084 1.2795385969802735 0.76897677651777463 0.25686325132846832 0.029596890679385979 0.15376113451202389 0.17989216779824335 0.66882453762627847 0.15576839656569064 0.16524120264512021 0.26532636746514981 0.051579032482550136 0.76448632099891256 1.9554569110314339 0.029636710063641547 0.20247876385474217 0.11401864165600273 0.12299391474334687 0.02954783937366301 0.36919554310816238 0.035550389180570963 0.033005144854541868 0.2608115985240147 0.032428167579382716 0.42137331814137724
leaf_count=5757 67 1123 87 833 840 780 871 228 16 8 147 256 5638 35 19 677 93 11909 1542 53 353 335 188 19 1163 190 36 266 48 369
internal_value=0 0.0077352 0.0120543 0.0159382 0.0178295 0.0192104 0.00669056 -0.00357648 -0.00480136 0.00467641 0.0130634 0.0157419 -0.0104792 -0.0143457 -0.00531913 -0.0110054 0.0268112 -0.0117774 0.0278695 0.0294495 0.0184838 0.0107723 0.0302189 -0.0186995 -0.00770971 0.0204284 -0.0155027 -0.00469155 -0.0109122 -0.0108979
internal_weight=0 9.15834 6.5802 5.39215 5.06367 4.94319 2.57764 2.57814 1.18805 1.49921 1.85122 1.69746 0.977229 0.854141 0.616211 0.931184 2.36555 1.07893 2.31397 2.10809 1.51757 0.882995 2.07845 0.698372 0.726415 1.31509 0.797491 0.328483 0.401624 0.45097
internal_count=33946 28187 14160 7710 7357 6517 3861 14027 6450 959 1817 1670 5759 5692 396 6434 2656 13068 2563 1783 1414 563 1730 5657 2044 1061 11945 353 1211 377
is_linear=0
shrinkage=0.05


Tree=216
num_leaves=31
num_cat=0
split_feature=12 22 13 12 17 14 23 30 10 39 30 1 19 30 2 44 17 38 2 38 23 23 14 12 3 12 3 30 36 3
split_gain=0.241628 0.298017 0.231661 0.220578 0.213951 0.151651 0.138263 0.107289 0.110614 0.111004 0.102603 0.100357 0.0860585 0.0852169 0.0809086 0.0747049 0.0672119 0.0555426 0.0483745 0.0457771 0.0412704 0.037892 0.0366476 0.0320445 0.0300567 0.0298999 0.0242853 0.0229095 0.0213282 0.0200412
threshold=258.90500000000003 1.0000000180025095e-35 12.500000000000002 44951.905000000006 12.500000000000002 7687.4050000000016 1.0000000180025095e-35 1.5000000000000002 1448.2900000000002 1.0000000180025095e-35 17.500000000000004 7.8927527079247577 0.027800925925925927 17.500000000000004 3.973382124839397 0.80000000000000016 4.5000000000000009 1.6286505249724763 0.12813749444333472 2.9674897060337968 15.172997685185186 29.938304398148151 202916.24000000005 447.15500000000003 -3.2337409725332322 9426.2850000000017 -2.3083771779771443 19.500000000000004 18.050000000000004 -0.92562907532061811
decision_type=2 2 2 2 2 2 2 2 2 2 2 2 2 2 2 2 2 2 2 2 2 2 2 2 2 2 2 2 2 2
left_child=2 3 5 4 7 27 14 29 9 15 -10 26 16 28 18 17 -5 24 -3 -20 -12 -18 -14 -8 -9 -6 -7 -1 -13 -2
right_child=1 6 -4 12 25 11 23 8 10 -11 20 13 22 -15 -16 -17 21 -19 19 -21 -22 -23 -24 -25 -26 -27 -28 -29 -30 -31
leaf_value=-0.0071790123376290448 0.0070799590689338294 0.0043273258925188175 -0.0078060698482502761 -0.003809302315367369 0.0099713669297154112 0.0047208315442398415 -0.0010099273646763591 0.00063967866289898687 -0.010822635539720283 0.0030811655013959507 -0.0040904248700109058 -0.00061693124653645567 0.0037325375210795586 -0.0019656723915266465 0.0087317729381012465 0.0026380225839620318 0.017323332135134376 -0.00061385960120867596 -0.014185480733594878 0.0033259575677761842 0.010460767195425699 -0.0011873239028572999 -0.0097326312167551349 0.022000668624634265 -0.028958809307958452 -0.0025050684275345556 -0.0057472852455846477 0.0035304633401343232 0.032349501303682006 -0.0031297524662324988
leaf_weight=0.17464046588111148 0.19401652812666725 0.095250717829912679 0.34282028975030687 0.18065847783145705 0.48446605252956931 0.1093159003758043 0.07282379554817453 0.044528937968608129 0.62043260472910311 0.16719223682457585 0.088370009513255354 0.01247947608680966 0.16898349749772013 0.083378346247172885 0.26089454279281199 0.055333729018457123 0.76986082082476059 0.24164916713380069 0.55528671615684289 0.071397242485545576 0.53142485516445959 0.18375125827606098 0.24064787862062076 0.77367007826978806 1.8444290935744909 0.22501025391875373 0.12738890321315943 0.085500608883648965 0.95493931424562106 0.077568283548317019
leaf_count=1450 50 14 1370 80 766 60 17 73 2174 567 283 165 313 191 24 14 142 1431 434 5 380 86 915 278 20119 459 1369 126 494 177
internal_value=0 -0.00145354 0.0152785 -0.00677048 -0.0117034 0.0214489 0.0124372 -0.015822 -0.0178637 -0.0226907 -0.00266463 0.0258992 0.0067005 0.0294944 -0.00138676 -0.0250103 0.0115997 -0.0263416 -0.00799076 -0.0113723 0.00714163 0.0149745 -0.00547057 0.0205462 -0.0282812 0.00686375 -0.00100471 -0.00365073 0.0318268 0.00399585
internal_weight=0 7.94765 1.89046 6.11832 4.57442 1.54764 1.82932 3.86495 3.59336 2.35313 1.24023 1.2875 1.5439 1.0508 0.982829 2.18594 1.13427 2.13061 0.721935 0.626684 0.619795 0.953612 0.409631 0.846494 1.88896 0.709476 0.236705 0.260141 0.967419 0.271585
internal_count=34026 28801 5225 28029 26493 3855 772 25268 25041 22204 2837 2279 1536 850 477 21637 308 21623 453 439 663 228 1228 295 20192 1225 1429 1576 659 227
is_linear=0
shrinkage=0.05


Tree=217
num_leaves=31
num_cat=0
split_feature=2 22 21 12 32 19 23 39 23 1 15 23 32 17 45 30 21 1 15 21 37 23 1 21 14 21 17 13 15 17
split_gain=0.401923 0.297894 0.231709 0.191527 0.172292 0.155491 0.126323 0.0764389 0.0763123 0.079733 0.0653265 0.0651176 0.0598628 0.0534497 0.0516362 0.0478192 0.0447941 0.0399156 0.0356197 0.0327904 0.0290147 0.0260433 0.0236979 0.0212628 0.0196389 0.0167462 0.0146091 0.0144278 0.0141259 0.0114508
threshold=1.59610900237779 1.0000000180025095e-35 5.2896122685185194 4387.1250000000009 0.039607843137254913 18.741325231481486 1.0000000180025095e-35 1.0000000180025095e-35 2.6625057870370372 10.804207870327309 154583.50000000003 37.822152777777781 0.22474747474747478 5.5000000000000009 1.0000000180025095e-35 5.5000000000000009 11.712980324074076 8.8261525380852834 168745.50000000003 1.0000000180025095e-35 280.05000000000007 19.859947916666673 8.0469831408658106 33.190399305555566 552762.34500000009 28.068697916666668 14.500000000000002 16.500000000000004 898.50000000000011 15.500000000000002
decision_type=2 2 2 2 2 2 2 2 2 2 2 2 2 2 2 2 2 2 2 2 2 2 2 2 2 2 2 2 2 2
left_child=1 4 3 15 10 13 7 -3 28 14 20 -7 16 17 19 -2 -6 22 26 -10 -1 -18 -4 -13 29 -23 -17 -19 -5 -15
right_child=2 6 5 8 12 11 -8 -9 9 -11 -12 23 -14 24 -16 18 21 27 -20 -21 -22 25 -24 -25 -26 -27 -28 -29 -30 -31
leaf_value=-0.026738242338688718 0.0026171270879187338 -0.011891621076702124 0.0031958063398150761 0.0019444569347387469 -0.0044469767355720296 -0.0092336355745655848 0.016794587778171968 0.0063918197501440319 0.017774521615468029 -0.003886921170985973 0.0013866607101649549 0.0091787235582375427 -0.0081538298069964727 0.025578448410402327 -0.0031144005207517714 -0.019035147145476487 -0.0023460099942609019 0.0099911242292464765 0.0015531268386392615 -0.0017499378160258997 -5.1345675154721264e-05 0.013256810347231222 -0.0074781111254436875 -0.0025673177721124724 -0.00062920158951323014 -0.00096356743481155148 0.00079196764135614189 -0.0015980008175668315 -0.0078732768395630582 0.00040713234555151833
leaf_weight=1.2819560372186067 0.11036479926042408 0.30602015934891813 0.16776219242001467 0.065022489423426921 0.12593663275902134 0.34971841412016136 0.49853296356741339 0.18831842935469467 1.1278094698873244 0.31948282444318454 0.13950730945725798 0.22633993589897727 0.19433521390237729 1.8403871011573754 0.065704117459972511 0.57792704052144472 0.049136610802634095 0.36652597311149293 0.092313018560162163 0.053171507046499644 0.11064206082164663 0.48643101536617905 0.2229642854163103 0.053906391549389809 0.027008760210264771 0.092337682954166667 0.016620716931356583 0.032560662773903459 0.18139593467503801 0.079150724723149213
leaf_count=19545 30 404 508 17 503 2483 215 22 334 38 1429 61 924 1591 142 1210 289 224 154 203 1982 327 263 377 25 381 6 52 262 21
internal_value=0 -0.00912427 0.010148 -0.00119923 -0.0166786 0.0172051 0.00864685 -0.00531016 0.00721737 0.0107281 -0.0234952 -0.00240023 0.000742277 0.0211531 0.0145364 -0.0137036 0.00637714 0.00368171 -0.0163229 0.0164962 -0.0255256 0.00994622 -0.00389258 0.00667881 0.0245867 0.0118148 -0.0183318 0.00857924 -0.00580108 0.0250355
internal_weight=0 3.47315 5.97614 2.60981 2.48028 3.36632 0.992872 0.494339 1.81259 1.56617 1.53211 0.629965 0.948177 2.73636 1.24669 0.797226 0.753842 0.789813 0.686861 1.18098 1.3926 0.627905 0.390726 0.280246 1.94655 0.578769 0.594548 0.399087 0.246418 1.91954
internal_count=34022 26021 8001 2396 25380 5605 641 426 996 717 22956 2921 2424 2684 679 1400 1500 1047 1370 537 21527 997 771 438 1637 708 1216 276 279 1612
is_linear=0
shrinkage=0.05


Tree=218
num_leaves=31
num_cat=0
split_feature=36 15 19 32 15 24 0 45 25 37 5 34 14 32 14 37 24 17 37 3 38 20 36 38 14 14 2 0 15 37
split_gain=0.228105 0.296488 0.216659 0.27219 0.225769 0.180834 0.159542 0.135986 0.103931 0.115489 0.132016 0.103481 0.0797922 0.0639903 0.058807 0.0574479 0.0497812 0.0493457 0.0486285 0.0486497 0.0442745 0.0406755 0.0353321 0.0501266 0.0332883 0.0311465 0.0232622 0.0186945 0.0168638 0.0135706
threshold=60.050000000000004 80277.500000000015 0.80135995370370383 0.036038961038961044 13904.000000000002 2.5000000000000004 2676.8050000000007 1.0000000180025095e-35 1.0000000180025095e-35 994.05000000000007 1.0000000180025095e-35 1.0000000180025095e-35 48811.375 0.23303167420814483 11109.660000000002 139.95000000000002 2.5000000000000004 7.5000000000000009 312.45000000000005 2.8025866982932452 2.9674897060337968 1.0000000180025095e-35 48.050000000000004 1.5636852954461058 31582.470000000005 318343.97500000015 0.12813749444333472 193.58000000000001 182.50000000000003 105.15000000000002
decision_type=2 2 2 2 2 2 2 2 2 2 2 2 2 2 2 2 2 2 2 2 2 2 2 2 2 2 2 2 2 2
left_child=1 2 4 5 7 18 26 14 9 10 16 12 -8 24 -1 27 20 -12 19 -4 -2 -16 23 -23 -5 28 -3 -6 -26 -9
right_child=8 6 3 13 15 -7 11 29 -10 -11 17 -13 -14 -15 21 -17 -18 -19 -20 -21 -22 22 -24 -25 25 -27 -28 -29 -30 -31
leaf_value=-0.0025873336485533506 -0.024193776674040861 0.0035841641282079364 -0.024556852962716175 -0.0025642785457376297 0.0014674761892064627 0.0073825143610814232 0.031830323510145468 -0.007436652628271501 0.0072851287439225062 0.0060388900184192608 -0.0052247684046368096 -0.0017027770736332854 -0.0021683408737156341 -0.0051006319492705766 -0.0018760777351407515 0.0038643764910064461 0.0021286859796683286 0.0087102732108964645 0.0020419620630127088 0.00022256580838532982 0.0017325606884211753 0.024548764651658603 0.00097163152527769388 -0.0012937815471635414 -0.00079366404561173089 -0.001693915191949753 -0.0072259349495584005 -0.013562751884876059 0.016250367226138356 0.0020130860858837444
leaf_weight=0.077947440444405713 1.0431803754045179 0.077142548543633782 1.2827316429315945 0.053869069076426745 0.032161700500182522 0.17170253321819462 1.0488047397939224 0.18776881984376803 0.21839910568360199 0.23603060278401233 0.38809086359105993 0.17770724539241189 0.05589178664740746 0.15083360636890575 0.038802200120699459 0.27667546750853944 0.044131429051048943 0.21980285365862073 0.049357111660356057 0.19736359209491627 0.041067288660087686 1.5899296526085889 0.28999981036213274 0.098201207596502971 0.060537332657986553 0.10328637810380314 0.18190074930635092 0.49703062428307021 0.73959309837846376 0.0583487895860344
leaf_count=537 14979 10 10107 353 23 41 401 448 120 91 44 275 306 366 557 108 11 25 14 52 43 594 107 41 24 80 2304 1534 359 89
internal_value=0 0.00780744 0.00145265 -0.00735345 0.00919156 -0.0166586 0.0221289 0.0155558 -0.00805249 -0.0116305 -0.0153616 0.0266908 0.0298972 0.00805744 0.0189585 -0.00767256 -0.0213336 0.00209738 -0.0212091 -0.0224952 -0.0228517 0.0203728 0.0212926 0.0231234 0.0116774 0.0134277 -0.00371686 -0.012287 0.0152363 -0.00537869
internal_weight=0 7.49759 5.95614 2.80927 3.14687 1.70115 1.54145 2.341 2.1907 1.9723 1.73627 1.2824 1.1047 1.10812 2.09488 0.805868 1.12838 0.607894 1.52945 1.4801 1.08425 2.01693 1.97813 1.68813 0.957286 0.903417 0.259043 0.529192 0.80013 0.246118
internal_count=34043 18730 15434 11396 4038 10214 3296 2373 15313 15193 15102 982 707 1182 1836 1665 15033 69 10173 10159 15022 1299 742 635 816 463 2314 1557 383 537
is_linear=0
shrinkage=0.05


Tree=219
num_leaves=31
num_cat=0
split_feature=22 19 23 19 23 15 45 38 30 14 14 23 21 3 23 13 6 21 19 21 14 21 38 36 38 21 15 14 23 30
split_gain=0.277591 0.230334 0.184814 0.220753 0.149915 0.144771 0.142448 0.160762 0.094356 0.0914028 0.0845512 0.0680193 0.0629575 0.0581239 0.0514301 0.0487347 0.0401917 0.0386729 0.038242 0.0297235 0.0290111 0.031326 0.0289752 0.0285682 0.0240521 0.023029 0.0180049 0.0153232 0.0149112 0.014498
threshold=1.0000000180025095e-35 0.027800925925925927 19.219704861111115 16.67264467592593 1.0000000180025095e-35 20523.500000000004 1.0000000180025095e-35 0.25807098338868012 13.500000000000002 18400.845000000005 75627.975000000006 33.833084490740745 5.8525000000000009 3.4357288626039613 2.6625057870370372 6.5000000000000009 1.5000000000000002 9.466521990740743 33.04210069444445 23.092239583333335 13540.130000000003 18.28588541666667 1.5636852954461058 11.65 0.022070947528348824 31.274670138888894 86855.000000000015 10793.245000000001 19.859947916666673 18.500000000000004
decision_type=2 2 2 2 2 2 2 2 2 2 2 2 2 2 2 2 2 2 2 2 2 2 2 2 2 2 2 2 2 2
left_child=1 5 -3 8 15 6 7 16 17 13 -5 -12 -11 -7 -9 26 29 -4 -13 23 -16 22 -22 -17 -25 28 -2 -19 -10 -1
right_child=4 2 3 10 -6 9 -8 14 25 12 11 18 -14 -15 20 19 -18 27 -20 -21 21 -23 -24 24 -26 -27 -28 -29 -30 -31
leaf_value=-0.010336505207046988 -0.0015215040492998601 -0.022012748224427076 -0.0021651830365708859 -0.017427117267847486 0.024028696140764805 -0.0051539442550275014 -0.0074693311916444079 -0.0020858836787584047 0.0018894762789539326 -0.016778609728813933 -0.0076345650345739828 0.011534589493495968 0.0025293936028774407 0.010798913496091869 -0.0009517589672697049 0.0028564667349620042 0.0044604752245976549 -0.0008411919632002442 -0.0035161664329108168 0.0041305781813114019 0.023754562335476574 -0.0009067156739365267 -0.00016649612005071793 0.0023560826148318688 -0.010881409280051525 0.003561773733144829 0.01054784168773232 0.018890111796395073 -0.0087606230771703347 0.0013997119694517191
leaf_weight=0.28884400999231852 0.1153418069770854 0.93066831952910467 0.045024707969787636 0.67967643333940919 0.91113039600895707 0.21774198750381379 0.28125903977343103 0.081341101045836584 0.04197279175514268 0.46061225497533087 0.25876998082412683 0.3712205225406251 0.27045487214491004 0.33358378631237429 0.063154072098313807 0.15729708642902529 0.20157660800032318 0.017051623760835355 0.075398242865958309 0.16158766339867725 1.5410814114679849 0.070181003829929867 0.11865214375120547 0.048150579365028534 0.69750384452163416 0.083726401597232325 0.25348099693655968 0.67713952247913767 0.27066421397603335 0.063551595444550912
leaf_count=1188 48 12296 300 9779 349 1814 686 406 41 1248 1782 251 65 21 171 97 15 93 694 186 550 10 82 6 224 23 35 372 963 247
internal_value=0 -0.00229297 -0.0103534 -0.00101879 0.014815 0.00535368 0.0107542 0.0144279 0.0108917 -0.00576959 -0.0112563 0.00142198 -0.0123008 0.00523751 0.0194608 0.00149038 -0.00416602 0.016423 0.00831953 -0.0038255 0.0208351 0.0216877 0.0226248 -0.0066717 -0.00916659 -0.00379775 0.00841929 0.018195 -0.00698063 -0.00875001
internal_weight=0 7.44335 3.45131 2.52064 2.34449 3.99203 2.70964 2.42838 1.13558 1.28239 1.38507 0.705389 0.731067 0.551326 1.87441 1.43336 0.553972 0.739216 0.446619 1.06454 1.79307 1.72991 1.65973 0.902952 0.745654 0.396363 0.368823 0.694191 0.312637 0.352396
internal_count=34042 33097 26594 14298 945 6503 3355 2669 1792 3148 12506 2727 1313 1835 1219 596 1450 765 945 513 813 642 632 327 230 1027 83 465 1004 1435
is_linear=0
shrinkage=0.05


Tree=220
num_leaves=31
num_cat=0
split_feature=23 15 2 19 36 24 39 36 19 36 6 25 17 23 16 23 15 13 32 32 0 13 17 0 0 12 38 38 38 2
split_gain=0.327995 0.284348 0.244477 0.217884 0.187154 0.18316 0.193484 0.12128 0.118778 0.0903269 0.097494 0.0850491 0.0703239 0.0676644 0.0569918 0.0516137 0.0515268 0.0498182 0.0477108 0.043333 0.0368976 0.0337682 0.0321012 0.0309642 0.0355026 0.0177446 0.0130743 0.0102122 0.0100266 0.00896989
threshold=27.7352025462963 829.50000000000011 19.249882541093541 33.04210069444445 15.850000000000003 2.5000000000000004 1.0000000180025095e-35 55.050000000000004 2.0870370370370375 856.05000000000007 2.5000000000000004 1.0000000180025095e-35 4.5000000000000009 17.179432870370373 1.5000000000000002 18.835671296296301 182.50000000000003 38.500000000000007 0.070197044334975381 0.087595907928388769 10820.490000000002 48.500000000000007 4.5000000000000009 21445.595000000005 49226.510000000002 5469.7650000000003 0.022070947528348824 0.017733858832087983 2.9674897060337968 4.8000462868304981
decision_type=2 2 2 2 2 2 2 2 2 2 2 2 2 2 2 2 2 2 2 2 2 2 2 2 2 2 2 2 2 2
left_child=1 8 5 4 -2 6 9 12 14 10 11 21 -6 -4 -1 22 -14 19 29 20 27 28 -16 -9 -25 -8 -24 -18 -3 -10
right_child=3 2 13 -5 7 -7 25 23 18 -11 -12 -13 16 -15 15 -17 17 -19 -20 -21 -22 -23 26 24 -26 -27 -28 -29 -30 -31
leaf_value=-0.0027374306220968904 -0.0064001953822036889 -0.026887019373362533 0.013109864621823808 -0.0095723936169867067 -0.0021863895700792251 0.0082096192934520001 0.0079115588856474121 -0.0056228202821932268 -0.010196996714897951 0.0029394308642956262 0.0030880979467151617 0.0024269508656446503 -0.0017340990835391019 -0.0039332500829535981 -0.0011805998146295121 -0.0024614428035208288 -0.00030039117711786416 -0.0016198779889072023 0.0046363117429160548 0.00016384776968474804 0.00091569972179005455 0.0011089487905973699 -0.00057989366543752968 0.0094000383989642292 -0.0038654085729979987 -0.0021713838110085232 0.021263682028678937 0.032022027184353256 7.1547984593083846e-05 0.00091349177422033996
leaf_weight=0.12424355722396274 0.26322958549326436 2.6760030268551449 0.51193064128165122 0.23583383046116058 0.069470062871005545 0.19491505497717287 0.24989334436168054 0.21081538074395201 0.36445188013203722 0.13567432591480599 0.11941664641199157 0.10785352403763671 0.035862906865076982 0.36111478897510096 0.069114159716718637 0.072544870801721006 0.0060299110373306366 0.033133352371805702 0.29217366317061533 0.13647750839663775 0.16337362559261226 0.03264752909535662 0.017073326402169187 0.25723732662709153 0.13936605874914676 0.14519978368844022 0.96379656128465285 1.5040664734342497 0.029467972762176831 0.033573399065062404
leaf_count=146 1859 20607 50 3428 334 49 377 3148 1199 54 21 137 67 31 149 41 21 43 87 94 97 86 69 89 18 185 334 1253 33 15
internal_value=0 -0.00389877 -0.0101462 0.0138148 0.0177654 -0.0151186 -0.0179558 0.0213543 0.00926457 -0.0214906 -0.0230677 -0.0246828 0.0255481 0.00772411 0.0152165 0.0175571 0.0269768 0.0279489 -0.00412864 0.0288741 0.0302784 -0.0261142 0.0194663 0.000376857 0.00530857 0.00530569 0.0207827 0.0318247 -0.0266533 -0.00927676
internal_weight=0 6.50109 4.56412 3.0549 2.81906 3.69107 3.49616 2.55583 1.93697 3.10106 2.96539 2.84597 1.94841 0.873045 1.24677 1.12253 1.87894 1.84308 0.690199 1.80995 1.67347 2.73812 1.04998 0.607419 0.396603 0.395093 0.98087 1.5101 2.70547 0.398025
internal_count=34121 23670 21630 10451 7023 21549 21500 5164 2040 20938 20884 20863 1909 81 739 593 1575 1508 1301 1465 1371 20726 552 3255 107 562 403 1274 20640 1214
is_linear=0
shrinkage=0.05


Tree=221
num_leaves=31
num_cat=0
split_feature=13 12 14 32 16 32 24 39 30 45 32 30 2 38 14 38 25 30 20 0 17 37 11 0 2 37 6 12 10 37
split_gain=0.232454 0.270896 0.208712 0.173204 0.205433 0.157253 0.150946 0.153764 0.135352 0.116402 0.106168 0.0989434 0.0591201 0.0588921 0.05788 0.0554293 0.0432721 0.0425059 0.0408126 0.0366855 0.033571 0.0337343 0.0326545 0.0316689 0.0221588 0.0206405 0.0188978 0.0184761 0.0178584 0.017249
threshold=12.500000000000002 5815.6650000000009 10625.925000000003 0.057983193277310933 5.5000000000000009 0.082207207207207214 1.5000000000000002 1.0000000180025095e-35 19.500000000000004 1.0000000180025095e-35 0.29705882352941182 4.5000000000000009 19.249882541093541 1.4173276697267736 356451.57500000007 0.99166719870901077 1.0000000180025095e-35 21.500000000000004 2.5000000000000004 49226.510000000002 13.500000000000002 994.05000000000007 6.5000000000000009 750.88000000000011 5.7313164596176085 49.45000000000001 2.5000000000000004 13947.51 2923.0600000000009 604.00000000000011
decision_type=2 2 2 2 2 2 2 2 2 2 2 2 2 2 2 2 2 2 2 2 2 2 2 2 2 2 2 2 2 2
left_child=1 2 15 4 6 9 7 8 11 13 22 -2 14 18 23 24 20 -8 19 28 21 26 25 -3 -1 -5 -13 -10 -4 -25
right_child=3 12 5 10 -6 -7 17 -9 27 -11 -12 16 -14 -15 -16 -17 -18 -19 -20 -21 -22 -23 -24 29 -26 -27 -28 -29 -30 -31
leaf_value=-0.01048592491849918 0.002317075009275246 0.0019609283028787844 0.033462479129501559 -0.00090862940362979353 0.010659675900318849 -0.0041689975259839021 0.010312303032910697 0.0066224385044021785 -0.0031949465382777112 -0.0027994050489954739 -0.0064869960794429783 -0.026634831863198906 0.0056628027957116847 -0.0002982377292685412 0.004480873474961621 0.0059660536472537226 0.0015786131231084483 -0.0043486846616524882 0.00020116617282529877 -0.001026620963273157 -0.00098935125415060363 0.0010039003669074097 -0.0017870769812718644 -0.015694110275892254 0.0020829120971623634 0.017260120911816806 0.00063062786303817861 0.0059182912276610506 -8.4179405233966478e-06 0.0011434387563055658
leaf_weight=0.31913373499742226 0.23808666315744798 0.08554344935555469 1.7127278847815444 0.065376427203773124 0.60442182095130181 0.17579740041401226 0.39576358577141935 0.26495476404306817 0.14564338681020661 0.12607813522799904 0.17358187959507621 1.9187017773399482 0.18247750197770074 0.13724836514256811 0.09984775102839194 0.39983293139175657 0.049128840676530561 0.089513214137696195 0.1154057019771243 0.020795469172298797 0.23342654591760936 0.043392328832851379 0.077992461723624618 0.66641884243017557 0.094638429571205052 0.95854484924257122 0.018415535858366527 0.322392546944684 0.03993560921117012 0.026121406808670145
leaf_count=4756 57 185 3022 184 708 566 293 453 1335 818 628 14286 21 448 35 1047 94 10 652 7 558 32 58 2594 34 654 8 323 64 33
internal_value=0 0.012903 0.0189174 -0.00153747 -0.00628183 0.0245039 -0.0107102 -0.0142182 -0.0172778 0.0274256 0.0102383 -0.0207774 -0.00544871 0.02961 -0.00954385 -0.0017649 -0.0231726 0.00650087 0.0311341 0.0323487 -0.0240421 -0.0255156 0.0147058 -0.0128515 -0.00817126 0.0162243 -0.0262492 0.00283783 0.0329738 -0.0147587
internal_weight=0 4.202 3.14159 5.59934 4.32384 2.32799 3.71942 3.23414 2.96919 2.15219 1.2755 2.50115 1.06041 2.02611 0.877931 0.813605 2.26307 0.485277 1.88886 1.77346 2.21394 1.98051 1.10191 0.778084 0.413772 1.02392 1.93712 0.468036 1.75266 0.69254
internal_count=33963 14282 11414 19681 18157 5577 17449 17146 16693 5011 1524 15035 2868 4193 2847 5837 14978 303 3745 3093 14884 14326 896 2812 4790 838 14294 1658 3086 2627
is_linear=0
shrinkage=0.05


Tree=222
num_leaves=31
num_cat=0
split_feature=17 3 45 38 19 14 20 37 0 0 38 37 3 23 15 21 23 16 2 35 23 11 11 30 38 23 38 38 21 2
split_gain=0.229715 0.192988 0.170017 0.127445 0.127988 0.100786 0.0771645 0.082834 0.0726268 0.209751 0.0458705 0.0435911 0.0390989 0.0359188 0.0316757 0.0567176 0.0253565 0.0261839 0.0251746 0.0213672 0.0206896 0.0241397 0.0174316 0.0128709 0.011544 0.0115061 0.0114896 0.0115021 0.0109565 0.00906553
threshold=5.5000000000000009 2.4965913171622796 1.0000000180025095e-35 1.694021936689617 33.04210069444445 14525.545000000004 2.5000000000000004 37.850000000000001 2841.4200000000005 2572.9050000000002 2.1517133772149184 134.95000000000002 -3.2337409725332322 10.977245370370373 182.50000000000003 1.0000000180025095e-35 7.9839583333333346 3.5000000000000004 4.8000462868304981 1.0000000180025095e-35 7.885422453703705 7.5000000000000009 4.5000000000000009 19.500000000000004 0.61852374809154942 19.386325231481486 1.3052978473112447 0.21087328098522809 15.925949074074076 2.9272750312602089
decision_type=2 2 2 2 2 2 2 2 2 2 2 2 2 2 2 2 2 2 2 2 2 2 2 2 2 2 2 2 2 2
left_child=1 8 3 4 5 -2 7 16 9 12 -5 24 -1 -4 25 22 -7 -18 -8 -10 -17 -22 26 29 -3 -9 27 -16 -12 -14
right_child=2 11 13 10 -6 6 18 14 19 -11 28 -13 23 -15 15 20 17 -19 -20 -21 21 -23 -24 -25 -26 -27 -28 -29 -30 -31
leaf_value=0.0026432212422542764 -0.0044484675781567328 -0.0052053335979761984 0.0028338502007312655 -0.0099386154271499643 -0.0068954681149942356 0.0052239270274266128 -0.0057381435550766585 0.0037039466736449502 -0.020357674757717929 0.013567207460222955 -0.0019713867190646393 0.011805204209303099 -0.016506215432425319 -0.01169215539146312 -0.0014051348835729411 0.0015139175027127293 -0.0083211361241991213 0.0032428565429649587 0.0046303414829726641 0.0010730920016325336 0.024755978476449766 0.00010144655515017278 -0.0026720403234879501 0.0002510682045950569 0.0023338996369626028 -0.0034753571594577102 -0.0017264388742488574 0.0084976858581948048 0.0061845652349563464 0.00033395377990210606
leaf_weight=0.070887490546738263 0.21764403630049844 0.18393598908914999 0.15373449708795295 0.30202736515320783 0.15920814553237495 0.18033360198751314 0.26729316026649019 0.15773599277781603 0.74920828245694782 0.37284510185872932 0.057903339717086055 0.58812882685379009 0.55015601325271768 0.3618744047121254 0.054308019613017566 0.24696707630619164 0.22472097438185301 0.13337510741303049 0.12890367492946098 0.021569165983237326 3.029094503319357 0.11025140175797776 0.21881521442264784 0.1013772380242699 0.1333790118478646 0.084520852548848779 0.0436613154929546 0.5019681463145389 0.20425130680268921 0.043137478528478823
leaf_count=53 1898 58 648 698 2072 262 1717 203 4080 404 154 94 8876 2483 134 773 1405 389 39 3 5213 220 168 987 31 154 72 402 299 88
internal_value=0 -0.00597412 0.00924283 0.0116216 0.0137129 0.0152549 0.0166238 0.0180658 -0.0130688 -0.00163957 -0.00484478 0.0079932 -0.0125353 -0.00834895 0.0199157 0.0207428 -0.000227323 -0.00479767 -0.00146448 -0.0194906 0.0231959 0.0241238 0.00342172 -0.0147299 -0.00267027 0.000417865 0.00592523 0.00724923 0.00424848 -0.0158407
internal_weight=0 2.81462 6.83859 6.32298 5.7588 5.59959 5.38195 4.98575 1.90918 1.1384 0.564182 0.905444 0.765558 0.515609 4.44732 4.20507 0.53843 0.358096 0.396197 0.770777 3.38631 3.13935 0.818753 0.694671 0.317315 0.242257 0.599937 0.556276 0.262155 0.593293
internal_count=34077 14674 19403 16272 15121 13049 11151 9395 14491 10408 1151 183 10004 3131 7339 6982 2056 1794 1756 4083 6206 5433 776 9951 89 357 608 536 453 8964
is_linear=0
shrinkage=0.05


Tree=223
num_leaves=31
num_cat=0
split_feature=36 34 45 36 20 15 19 21 19 3 15 15 37 37 0 14 38 37 3 2 14 13 3 21 22 37 2 3 21 38
split_gain=0.247288 0.190128 0.145026 0.143106 0.121344 0.114237 0.110255 0.108907 0.0798715 0.0621475 0.0579573 0.0635492 0.0520183 0.0447652 0.0426026 0.0393033 0.0375975 0.0363056 0.0337198 0.0414365 0.0510614 0.0332765 0.0304046 0.0277931 0.0212194 0.0189421 0.0163268 0.0136945 0.0135061 0.012278
threshold=51.050000000000004 1.0000000180025095e-35 1.0000000180025095e-35 19.550000000000004 2.5000000000000004 55971.000000000007 0.90694444444444455 15.248356481481483 33.04210069444445 0.70951878063496399 100339.00000000001 302.50000000000006 994.05000000000007 172.75000000000003 106.38000000000001 10625.925000000003 2.2088746428442723 79.950000000000017 4.641437745208993 0.12813749444333472 356451.57500000007 5.5000000000000009 1.6901196134520535 25.416626157407411 1.0000000180025095e-35 70.050000000000011 4.8000462868304981 1.151686317025822 40.519421296296308 0.039672972144120508
decision_type=2 2 2 2 2 2 2 2 2 2 2 2 2 2 2 2 2 2 2 2 2 2 2 2 2 2 2 2 2 2
left_child=1 2 3 18 8 6 9 13 10 -2 11 27 25 -3 -4 -13 21 -8 19 -1 23 -17 -9 -21 -19 -7 -12 -5 29 -27
right_child=5 7 14 4 -6 12 17 22 -10 -11 26 15 -14 -15 -16 16 -18 24 -20 20 -22 -23 -24 -25 -26 28 -28 -29 -30 -31
leaf_value=0.0051539273729815762 -0.0042065114356678581 -0.015190950034305584 0.0044493128277338654 -0.003535197167088026 -0.0038914459125885732 0.0010701438381856365 0.0032579341517093847 -0.0023356118889397179 -0.0032995494497158918 0.011680750771076904 -0.0040436341211870716 -0.00073292752908852687 0.0029442286779264217 0.0028302172082837725 -0.010240940985723469 -0.00087225655097893638 -0.00079762454938975746 -0.013295368948163706 0.0064567261397499229 -0.014050942084133806 0.0039132704263861789 0.027424648024558431 0.010010308886643442 0.0014047460639075257 0.0012789769926727272 0.00047462809451391628 0.0044323882102889301 0.0041617604227622397 0.00067949715168909297 -0.019704985799729447
leaf_weight=0.12775488360421128 0.28024306160614365 0.56286550098002386 0.097380197899837984 0.15514069785058549 0.22005696777523542 0.021382644772529491 0.078670110423445183 0.30831078661913125 0.070259000409350736 1.1127405494976299 0.18429010320505756 0.084690455913915108 0.068499436136335135 0.092895383584618685 0.26186560170708617 0.044637121258347956 0.068204920505195221 0.46082857148121548 0.20665045210625976 0.43923046624695417 0.20036950651137886 2.9071286833323029 0.31791485052053758 0.15539055489034581 0.10586189948298852 0.030648041000858939 0.092067990219220519 0.17006100702565163 0.020856331420418428 0.63872846988783749
leaf_count=118 1363 2998 67 139 872 1 46 1923 437 557 367 542 21 76 1786 55 68 9071 11 3700 143 2329 113 1175 166 187 5 17 111 5469
internal_value=0 0.0100811 0.0136947 0.0158103 0.0194438 -0.00577981 0.00157961 -0.00460618 0.0213336 0.00806234 0.0224025 0.0237884 -0.0150942 -0.0124706 -0.00591512 0.0254816 0.0262162 -0.0088088 -0.000140305 -0.00420741 -0.00774497 0.0268843 0.00623347 -0.0116639 -0.0114942 -0.0175362 4.04537e-05 0.000593014 -0.0184047 -0.0190502
internal_weight=0 6.76717 5.48518 5.12593 3.99654 2.81846 2.03834 1.28199 3.77648 1.39298 3.70622 3.42986 0.780115 0.655761 0.359246 3.10466 3.01997 0.645361 1.1294 0.922745 0.794991 2.95177 0.626226 0.594621 0.56669 0.711615 0.276358 0.325202 0.690233 0.669377
internal_count=33933 16941 11831 9978 4831 16992 11203 5110 3959 1920 3522 3150 5789 3074 1853 2994 2452 9283 5147 5136 5018 2384 2036 4875 9237 5768 372 156 5767 5656
is_linear=0
shrinkage=0.05


Tree=224
num_leaves=31
num_cat=0
split_feature=22 23 19 21 19 17 30 12 3 23 32 38 0 37 17 0 13 2 23 36 13 45 36 13 16 36 37 38 19 36
split_gain=0.254487 0.27448 0.197639 0.175321 0.175025 0.176671 0.145862 0.141705 0.11803 0.0899534 0.0796729 0.0796553 0.0759355 0.0688578 0.064511 0.0642712 0.0630916 0.0570843 0.0434692 0.0379975 0.0358724 0.0326367 0.0399549 0.0319669 0.0294916 0.0250477 0.0235161 0.0234836 0.022552 0.0136579
threshold=1.0000000180025095e-35 33.030028935185193 33.04210069444445 20.385457175925932 13.743252314814816 4.5000000000000009 15.500000000000002 35354.160000000011 4.641437745208993 1.0000000180025095e-35 0.21240601503759401 0.67112884664485695 49226.510000000002 666.85000000000014 5.5000000000000009 35003.370000000003 29.500000000000004 19.249882541093541 7.885422453703705 17.550000000000004 49.500000000000007 1.0000000180025095e-35 57.850000000000001 10.500000000000002 9.5000000000000018 42.750000000000007 994.05000000000007 0.14554973516014011 2.0870370370370375 15.850000000000003
decision_type=2 2 2 2 2 2 2 2 2 2 2 2 2 2 2 2 2 2 2 2 2 2 2 2 2 2 2 2 2 2
left_child=1 4 3 8 5 26 11 10 -3 14 13 12 16 -8 27 20 18 24 -7 -5 -13 22 23 -20 -6 -21 -1 -2 -9 -16
right_child=9 2 -4 19 17 6 7 28 -10 -11 -12 15 -14 -15 29 -17 -18 -19 21 25 -22 -23 -24 -25 -26 -27 -28 -29 -30 -31
leaf_value=-0.015953982282304244 -0.0023821630871767052 -0.011956869107586962 -0.0091784491331878739 -0.0013679432730763818 -0.021890697502079323 -0.0021021775569293032 -0.019087357997376125 0.010369156808060092 0.0093897157325851938 0.023064513790287566 0.0046267612268567826 -0.010871235831565924 -0.0040756630165832931 0.0034934524017375488 0.0016092897715283918 0.007269816679507198 -0.0028617145334534008 0.0027081515732358084 -0.0013253306163405691 0.028399990240378072 0.003495375165218112 -0.0012381970769691408 -0.001419438685661723 0.023741121994776279 0.0012383064072225825 0.00054115029588183922 0.0014519675256980643 0.010556211146996647 -0.0023461573844277906 -0.0077489712515623962
leaf_weight=0.66254206265989513 0.049823263492726033 0.30856666781937725 0.22395512716502697 0.028081904167265748 0.91921456170211946 0.043863995251968713 0.87051902422354011 0.37472701314663925 0.30552490276750177 0.84348329287604418 0.11388993350828969 0.47101231073702354 0.11257739132997802 0.080476819010073086 0.13990429897603462 0.2866385604847892 0.10478554536484797 0.055429605767130852 0.02714084974149944 0.72889462705643382 0.071252606046982692 0.056827449730917468 0.062668958552876464 1.1803041379434942 0.037882905793594546 0.12603725984854464 0.043631604392430745 0.58633838459900289 0.053351548470800481 0.37089103934704326
leaf_count=6272 90 1299 3313 268 11513 980 3314 116 16 341 105 1964 18 30 66 33 389 2 164 273 7 391 651 1056 29 774 19 180 165 240
internal_value=0 -0.0011243 0.0123782 0.0179871 -0.00649737 -0.000925873 0.00403438 -0.00601354 -0.00209892 0.0160429 -0.0129668 0.0101843 0.014564 -0.0163653 0.00254142 -0.00158219 0.017058 -0.0188169 0.0191455 0.0256523 -0.00794111 0.0204494 0.0215378 0.0228325 -0.0208103 0.0267988 -0.0146579 0.00870627 0.00825125 -0.00581717
internal_weight=0 7.3498 1.72106 1.49711 5.62874 4.61621 3.91004 1.49296 0.614092 1.99044 1.06489 2.41707 1.58817 0.950996 1.14696 0.828903 1.47559 1.01253 1.37081 0.883014 0.542265 1.32694 1.27011 1.20744 0.957097 0.854932 0.706174 0.636162 0.428079 0.510795
internal_count=34078 33161 5943 2630 27218 15674 9383 3730 1315 917 3449 5653 3649 3344 576 2004 3631 11544 3242 1315 1971 2262 1871 1220 11542 1047 6291 270 281 306
is_linear=0
shrinkage=0.05


Tree=225
num_leaves=31
num_cat=0
split_feature=22 23 19 19 32 6 15 23 12 36 30 37 23 23 37 13 23 13 11 0 32 38 38 36 37 37 36 2 15 2
split_gain=0.206248 0.260849 0.258231 0.201558 0.177528 0.145251 0.168377 0.105922 0.0850196 0.0825217 0.0684122 0.0658004 0.0654616 0.0654496 0.0554677 0.051457 0.0473884 0.0395849 0.0346764 0.0332585 0.0304005 0.0285472 0.0191086 0.0186159 0.0237221 0.0189822 0.0209547 0.0165691 0.0136098 0.0134975
threshold=1.0000000180025095e-35 34.090590277777785 0.027800925925925927 32.745989583333341 0.036038961038961044 1.0000000180025095e-35 614.00000000000011 1.0000000180025095e-35 1090.7000000000003 30.850000000000005 1.5000000000000002 247.35000000000005 20.418009259259261 19.219704861111115 767.50000000000011 6.5000000000000009 8.0583275462962991 7.5000000000000009 11.500000000000002 5893.5800000000008 0.21583850931677021 1.6473747546946982 2.9674897060337968 13.15 60.550000000000004 232.15000000000001 179.35000000000005 0.4965714595929564 365.50000000000006 0.12813749444333472
decision_type=2 2 2 2 2 2 2 2 2 2 2 2 2 2 2 2 2 2 2 2 2 2 2 2 2 2 2 2 2 2
left_child=1 2 5 9 10 6 12 15 19 -3 -4 21 16 -6 29 -2 -1 -7 -12 -8 27 28 23 -17 -25 26 -26 -15 -11 -10
right_child=7 3 4 -5 13 17 8 -9 14 11 18 -13 -14 20 -16 22 -18 -19 -20 -21 -22 -23 -24 24 25 -27 -28 -29 -30 -31
leaf_value=-0.0030914619094908808 0.0087996356023445424 -0.002056010265432034 0.0022567589857908198 -0.0088702761771832835 -0.0076686017953018163 -0.00098849234351327457 -0.0046423865380210115 0.02264847090353065 0.00067761216084165268 -0.00040734465920931183 -0.024612278225717158 -0.0013174811807395437 -0.0048235701984160112 -0.0013630444743070493 0.0024241811050656195 0.0021415907771781531 0.015700645524574616 0.017135557706722895 0.0012612052946520934 0.0072147667616981508 -0.0029869163167269503 -0.0010574993864194342 0.0032007402242446715 0.0022855056080508282 -0.013450290298599309 0.0012849225930194987 0.001673020668902671 0.011725448549402948 0.026768540517285885 -0.019664705416326513
leaf_weight=0.065630444629278695 0.3527252778367258 0.21697664022713059 0.10073420585831661 0.21481844039544729 0.18066144264821549 0.24251236353484262 0.1849708135705439 0.81711113278288383 0.017474795473390259 0.016865943877746536 1.4659590290470985 0.15449968366510802 0.13669358021070366 0.061778390584095177 0.11398883584115538 0.13402794615467428 0.58388273292439408 0.6211983468156177 0.037345108066347055 0.30318659449267216 0.087616652506767423 0.021474925623806485 0.067677919985726476 0.094935644869110547 0.42958752406048006 0.11446572108980035 0.034403382036543917 0.51919963780892431 0.8310583367460822 0.77136760254779801
leaf_count=194 80 864 31 3212 1115 20 1527 338 4 53 19729 273 58 117 34 127 96 74 60 192 380 109 9 15 273 66 6 581 785 3588
internal_value=0 -0.000630875 -0.00581085 0.0133247 -0.0153005 0.00373685 -0.00360433 0.0148906 -0.0115192 0.0194108 -0.0218509 0.0227281 0.00900831 0.00219732 -0.0165246 0.00187904 0.0130788 0.0142468 -0.0237225 0.00262143 0.00786136 0.0254201 -0.00411569 -0.00616054 -0.00810528 -0.0101782 -0.0119521 0.0103518 0.0263001 -0.0190872
internal_weight=0 6.94989 5.4942 1.45569 2.45329 3.04091 2.1772 2.04493 1.39099 1.24088 1.60404 1.0239 0.786207 0.849256 0.902831 1.22782 0.649513 0.863711 1.5033 0.488157 0.668595 0.869399 0.875098 0.80742 0.673392 0.578457 0.463991 0.580978 0.847924 0.788842
internal_count=34010 33096 27800 5296 22013 5787 5693 914 5345 2084 19820 1220 348 2193 3626 576 290 94 19789 1719 1078 947 496 487 360 345 279 698 838 3592
is_linear=0
shrinkage=0.05


Tree=226
num_leaves=31
num_cat=0
split_feature=17 13 14 3 19 32 14 21 39 30 23 30 17 45 32 3 36 23 0 11 36 10 12 23 32 24 0 0 12 14
split_gain=0.20404 0.25676 0.198594 0.182614 0.149302 0.156247 0.130676 0.123424 0.0886103 0.0712045 0.0527683 0.0512674 0.0467887 0.0416154 0.036657 0.033152 0.0285403 0.0284284 0.0413158 0.027447 0.0264144 0.0296881 0.0228419 0.0200321 0.0188542 0.0177795 0.016793 0.0131967 0.0106157 0.00949692
threshold=5.5000000000000009 12.500000000000002 30499.280000000002 2.4965913171622796 9.8377372685185218 0.036038961038961044 14341.955000000002 6.4998206018518525 1.0000000180025095e-35 19.500000000000004 1.7902141203703705 3.5000000000000004 7.5000000000000009 1.0000000180025095e-35 0.087595907928388769 2.0064716797994779 20.650000000000002 21.809947916666669 35003.370000000003 4.5000000000000009 856.05000000000007 1448.2900000000002 6027.0950000000012 24.099918981481483 0.030776515151515155 1.5000000000000002 49226.510000000002 7910.7800000000016 1.0000000180025095e-35 7687.4050000000016
decision_type=2 2 2 2 2 2 2 2 2 2 2 2 2 2 2 2 2 2 2 2 2 2 2 2 2 2 2 2 2 2
left_child=3 6 10 8 7 15 -2 12 11 13 -3 -1 -4 19 23 -6 -5 24 -19 -8 21 25 -23 -7 -14 -13 -12 -17 -9 -18
right_child=1 2 4 16 5 14 9 28 -10 -11 26 20 17 -15 -16 27 29 18 -20 -21 -22 22 -24 -25 -26 -27 -28 -29 -30 -31
leaf_value=0.0018451443062196535 -0.0032568492254656865 0.00280708365371083 -0.0069011981940717186 -0.0025973237155906149 -0.015627752917157001 -0.0014342807303137843 0.030358792443972091 -0.00045376198123590227 0.0046643393466637697 -0.001767031031068929 -0.016206238176869125 -0.021659860707465065 0.010840385767108201 -0.00073268006712245363 -0.0022396360622421521 0.0040941448042065929 -0.00044635356423824665 -0.008009547064385834 0.0050258499421340511 -0.00035719571241787245 0.0013387391131969837 0.0039759719537377581 -0.0059151859254870228 0.01337266093913338 -0.0013815708071505215 -2.4364162583554746e-05 0.0010975593436487231 -0.0034845106155569762 0.021475858077141398 0.011780293894992541
leaf_weight=0.21107474705058882 0.19668565053007103 0.17988744969079551 0.2675165979485431 0.085457851646424277 0.53380509258022335 0.060565395770936448 1.269446646423148 0.014819701558735576 0.24772076355338857 0.091543707066193636 0.57871382268876914 0.85757674566434594 0.43832893635453707 0.069461795849747321 0.27746439319435012 0.16215077639390074 0.096993916560677462 0.18799685252497511 0.30434473804780282 0.05131315372273082 0.049155167360367957 0.24461859794246266 0.13382819140770152 0.44222310111899787 0.14400214504394171 0.10244771605175629 0.021929342299699783 0.14868125540124311 1.1245888033104163 0.71175924815361213
leaf_count=291 1235 149 950 32 5672 187 1389 36 377 221 6071 12410 609 288 406 68 34 560 33 71 23 458 719 275 129 257 1 87 933 125
internal_value=0 0.010564 0.00305918 -0.00419846 0.00766883 -0.00316598 0.023115 0.0136349 -0.0114393 0.0265173 -0.0118792 -0.0147692 0.000983807 0.0283399 0.00837193 -0.0125849 0.00889874 0.00532693 -0.00198338 0.0295257 -0.0170108 -0.017969 -0.00127552 0.0118215 0.00885499 -0.0205414 -0.0152835 0.000576292 0.0211119 0.0108779
internal_weight=0 6.56547 4.88702 2.74063 4.10649 1.62489 1.67845 2.4816 1.84642 1.48177 0.780531 1.5987 1.34219 1.39022 0.780253 0.844637 0.894211 1.07467 0.492342 1.32076 1.38763 1.33847 0.378447 0.502788 0.582331 0.960024 0.600643 0.310832 1.13941 0.808753
internal_count=34096 19370 16166 14726 9945 6695 3204 3250 14535 1969 6221 14158 2281 1748 868 5827 191 1331 593 1460 13867 13844 1177 462 738 12667 6072 155 969 159
is_linear=0
shrinkage=0.05


Tree=227
num_leaves=31
num_cat=0
split_feature=13 34 17 18 24 6 19 11 34 15 14 15 45 14 15 14 20 38 14 2 17 3 15 2 38 37 2 11 38 39
split_gain=0.237041 0.277226 0.220951 0.130839 0.133375 0.11277 0.107542 0.076657 0.0745153 0.0610927 0.0572915 0.0474153 0.0539775 0.0439666 0.0379167 0.0389944 0.0378457 0.0432864 0.0675906 0.0301007 0.0289812 0.028535 0.033272 0.0196729 0.0214811 0.0193159 0.0158284 0.015317 0.014528 0.0143614
threshold=15.500000000000002 1.0000000180025095e-35 14.500000000000002 1.0000000180025095e-35 2.5000000000000004 1.0000000180025095e-35 19.450028935185191 4.5000000000000009 1.0000000180025095e-35 614.00000000000011 3910.7800000000002 165.50000000000003 1.0000000180025095e-35 72604.070000000022 198726.50000000003 64441.455000000009 2.5000000000000004 1.7196581197618641 7687.4050000000016 5.7313164596176085 12.500000000000002 0.18248672038546535 419.50000000000006 0.04121792379235583 2.9674897060337968 79.250000000000014 19.249882541093541 3.5000000000000004 1.7459230229238742 1.0000000180025095e-35
decision_type=2 2 2 2 2 2 2 2 2 2 2 2 2 2 2 2 2 2 2 2 2 2 2 2 2 2 2 2 2 2
left_child=1 6 3 4 20 8 7 10 9 -5 -1 -12 14 19 15 16 17 18 -13 23 26 -4 -23 -3 -25 -10 -2 28 -8 -11
right_child=2 13 21 5 -6 -7 27 -9 25 29 11 12 -14 -15 -16 -17 -18 -19 -20 -21 -22 22 -24 24 -26 -27 -28 -29 -30 -31
leaf_value=-0.0025050012305922248 -0.02036147565215754 0.0014674623480517351 -0.0015574175599477071 0.0036468038052671578 0.006417605078864028 0.012856146483084894 -0.0075243016205842261 -0.0020529545684568602 -0.002532996786620733 -0.015329086651916984 -0.0011385694174470464 -0.0017518686136581705 -0.00070160990075983105 0.0034323083030030513 -0.00090654534760947726 0.0032697257886341565 0.00059218626178842446 -9.4537463008865738e-05 0.030108050905936934 0.0016855674106534451 -0.00011623130921127765 -0.0017093112620912392 0.016272007140020642 -0.015594074390822797 0.0014551735806565391 0.0082043038761364182 0.0007926535805858365 0.0030447270419303746 0.0020756785700217582 0.00053202303675356803
leaf_weight=0.05796998527148467 1.5290561281353801 0.029965970665216335 0.12755414412822563 0.19415918749291428 0.14641499205026787 0.34203447835170675 0.23118588265060669 0.22368001120662473 0.074749843475728994 0.63401866898038861 0.12732091101315779 0.064023268049370752 0.182759498569112 0.25764286408684711 0.08200737095921784 0.51763493243765868 0.17963900629524676 0.12740715556856219 2.0815509176027263 0.18047541320447635 0.21197999064406747 0.098411819841203396 0.5851011911418027 0.49806690580726354 0.030047612377529731 0.26462823393785584 0.016014438588172086 0.093445532469559112 0.07225995598719237 0.084918186214054003
leaf_count=1344 12093 4 388 97 54 25 3819 572 76 689 259 705 1164 607 165 785 865 175 3185 44 774 20 256 4988 10 214 3 332 283 26
internal_value=0 0.0116712 -0.00311241 -0.00860012 -0.014973 0.0018464 0.0167638 0.0189951 -0.00553298 -0.0105149 0.0205246 0.0214049 0.0223515 -0.00703549 0.0235643 0.0242981 0.0265038 0.027745 0.0289027 -0.010561 -0.0184367 0.0122354 0.0142056 -0.0130613 -0.0143066 0.00571389 -0.0199169 -0.00265511 -0.00539965 -0.014236
internal_weight=0 5.03708 4.30904 3.49797 1.90347 1.59451 4.04088 3.64399 1.25247 0.913096 3.42031 3.36234 3.23502 0.996199 3.05226 2.97026 2.45262 2.27298 2.14557 0.738556 1.75705 0.811067 0.683513 0.55808 0.528115 0.339378 1.54507 0.396891 0.303446 0.718937
internal_count=34021 19306 14715 14051 12924 1127 13653 9219 1102 812 8647 7303 7044 5653 5880 5715 4930 4065 3890 5046 12870 664 276 5002 4998 290 12096 4434 4102 715
is_linear=0
shrinkage=0.05


Tree=228
num_leaves=31
num_cat=0
split_feature=22 21 19 2 9 30 37 14 13 10 15 15 39 14 15 13 15 2 36 36 33 13 13 2 37 36 12 13 38 13
split_gain=0.247812 0.211811 0.274187 0.204215 0.146853 0.116249 0.136483 0.0777262 0.060332 0.0554726 0.0498324 0.0554974 0.0389623 0.0377792 0.0342571 0.0321566 0.0294412 0.0221508 0.0187375 0.0167965 0.0165211 0.0149211 0.0362906 0.0146272 0.0114029 0.00895359 0.00714172 0.00632992 0.00611855 0.00610279
threshold=1.0000000180025095e-35 29.868975694444448 30.700000000000003 19.249882541093541 1.5000000000000002 4.5000000000000009 502.35000000000008 380130.52500000008 12.500000000000002 21695.500000000004 302.50000000000006 614.00000000000011 1.0000000180025095e-35 20082.185000000005 12687.000000000002 13.500000000000002 146785.00000000003 19.249882541093541 484.15000000000003 15.850000000000003 1.0000000180025095e-35 28.500000000000004 29.500000000000004 2.7962566456686622 161.05000000000004 52.150000000000013 50008.92500000001 5.5000000000000009 2.9674897060337968 13.500000000000002
decision_type=2 2 2 2 2 2 2 2 2 2 2 2 2 2 2 2 2 2 2 2 2 2 2 2 2 2 2 2 2 2
left_child=1 3 13 4 5 15 7 9 -5 12 26 -12 21 -3 -10 -1 18 -4 27 -15 -17 28 -23 29 -18 -21 -6 -2 -7 -9
right_child=16 2 17 8 10 6 -8 23 14 -11 11 -13 -14 19 -16 20 24 -19 -20 25 -22 22 -24 -25 -26 -27 -28 -29 -30 -31
leaf_value=-0.0045161645477833348 0.0005218331037380651 -0.0009235336805911154 -0.011592885321813047 0.014362493074395855 -0.0062706131224448645 -0.024596863031070861 0.005464287884929182 0.0014102431365434576 0.0046425344580350468 0.0022689459981764457 0.013012131315158793 -0.0042487067127391026 0.00053357365177622367 -0.00065803310906947668 -0.0071718295503423613 -0.0019799649709665201 0.003404597223457961 0.0020908815251649495 -0.00075008830865167138 0.025961705163453908 0.0092115907242570176 0.0051358256032618902 -0.0076026420490218696 0.0041277601463740928 -0.0037975237175525175 0.00024186071564867161 0.0012533386120421445 0.018119721805349692 8.6312980189113177e-06 -0.0049950126741699361
leaf_weight=0.098846933142340609 0.11383024749193316 0.081612204046450421 0.30079488416777167 0.51958918571472146 0.16832250641027702 2.1622367284535384 0.23136965066760229 0.033337084497361391 0.26522050215862691 0.063101847459620219 0.52526499743180466 0.11252347049958189 0.13682031224880109 0.013303349116995378 0.26475099840899929 0.041178800909619895 0.08558307418206812 0.041662391275167465 0.06295661141120934 0.56997081218651147 0.35978658109888784 0.13746109147814412 0.17827660301918513 0.22259827415018663 0.12268005199803156 0.053955700178903498 0.04775963462452637 1.6702750231270327 0.024761728417615703 0.1717594896135779
leaf_count=306 45 593 4950 35 576 21081 446 29 26 64 124 441 608 133 25 166 37 1 22 222 68 252 1811 46 17 436 27 820 35 550
internal_value=0 -0.00138082 0.0128299 -0.00550675 -0.00977732 -0.0133679 -0.0161611 -0.0186955 0.00908894 -0.0210308 0.00491257 0.00923206 -0.0220582 0.0228924 -0.00208942 0.00366828 0.0155797 -0.00961071 0.0169187 0.0246436 0.00746935 -0.0230929 -0.00236842 0.000455907 -0.000469625 0.0252561 -0.00494449 0.0175877 -0.024403 -0.00364759
internal_weight=0 6.82627 1.0613 5.76497 4.71541 3.86154 3.36172 3.13035 1.04956 2.70266 0.853871 0.637788 2.63956 0.718842 0.529972 0.499812 2.05533 0.342457 1.84706 0.63723 0.400965 2.50274 0.315738 0.427695 0.208263 0.623927 0.216082 1.78411 2.187 0.205097
internal_count=33992 33051 6335 26716 26630 25462 24922 24476 86 23851 1168 565 23787 1384 51 540 941 4951 887 791 234 23179 2063 625 54 658 603 865 21116 579
is_linear=0
shrinkage=0.05


Tree=229
num_leaves=31
num_cat=0
split_feature=22 19 15 23 19 6 15 30 21 23 23 37 15 37 30 37 14 23 13 21 9 38 15 14 37 21 16 37 3 37
split_gain=0.241189 0.138141 0.192798 0.176388 0.190538 0.104702 0.209096 0.101347 0.0939066 0.0909752 0.0789237 0.0752323 0.0344876 0.0330389 0.0322668 0.0319183 0.027722 0.0272651 0.025744 0.0194853 0.0186393 0.01663 0.0161969 0.0182949 0.0141078 0.0127216 0.0113465 0.0107939 0.00910906 0.00885892
threshold=1.0000000180025095e-35 0.027800925925925927 18398.000000000004 19.219704861111115 16.67264467592593 1.0000000180025095e-35 614.00000000000011 5.5000000000000009 11.712980324074076 1.0000000180025095e-35 36.105028935185196 562.85000000000002 165.50000000000003 994.05000000000007 4.5000000000000009 71.750000000000014 30499.280000000002 3.252424768518519 20.500000000000004 6.0765162037037044 2.5000000000000004 1.671060456165806 7627.5000000000009 64441.455000000009 208.65000000000001 30.960949074074076 4.5000000000000009 116.15000000000002 -2.6028089179770437 192.55000000000004
decision_type=2 2 2 2 2 2 2 2 2 2 2 2 2 2 2 2 2 2 2 2 2 2 2 2 2 2 2 2 2 2
left_child=1 2 5 -3 8 6 12 -4 -5 19 14 25 -1 21 -6 -10 -17 -7 28 24 -16 -8 -21 29 -2 -9 -20 -14 -12 -24
right_child=9 3 7 4 10 17 13 11 15 -11 18 -13 27 -15 20 16 -18 -19 26 22 -22 -23 23 -25 -26 -27 -28 -29 -30 -31
leaf_value=-0.0019956360350592865 -0.0058359450544780526 -0.021156857547453646 0.0057372348765230962 -0.0056262966578307953 0.000826550490510055 0.00022806652249359895 -0.016035594201326858 -0.018756979842778815 -0.0020096723835373196 0.021573148924606125 0.0018437164403631761 0.003873235994309335 0.015447000860176672 0.0019865493280178752 -0.018140230292506884 -0.00082826516724497147 0.017993761515702793 0.020176445254857366 0.0081059071592150533 -0.0024777915142639483 0.00098576509626080899 0.00060370661594604511 0.0099237387404184606 -0.0020560913332022136 0.0026000591830882096 0.00062342444595819314 -0.0015746510334456018 1.4217097645114548e-05 -0.0057085278782658469 -0.00069617532363226969
leaf_weight=0.12992598584878645 0.3180568655952809 0.73070963216650886 0.28374305657962373 0.17857282985323786 0.18742156830558065 0.2156379908647067 0.48622094369102342 0.65922345193439469 0.041493779954635102 0.74977778385800764 0.039455370215364383 0.11471182499099086 0.5459500966280757 0.10135210680164164 0.66097286696390256 0.12430477002590123 0.79624131783475605 0.73738042026343464 0.30108949616214886 0.092388013541494729 0.030986652339379361 0.088857585471487255 0.33861719300148252 0.10042227445592289 0.083777941146763624 0.023196163048851304 0.032346779948966287 0.12425000654729956 0.12862254003994167 0.08560444625254604
leaf_count=195 143 12297 82 947 212 17 2742 3116 192 340 19 38 107 24 9237 397 301 73 733 122 83 93 177 72 33 8 155 69 2059 55
internal_value=0 -0.00264142 0.00380984 -0.00886327 -0.000304469 0.0104927 0.000264141 -0.00903536 0.0105885 0.0146039 -0.00997022 -0.0145602 0.0120221 -0.012519 -0.0149691 0.0149318 0.0163443 0.0180907 0.00292679 0.00132986 -0.0172073 -0.0147136 0.00467464 0.00673321 -0.00347703 -0.0181192 0.00669018 0.0143074 -0.00387501 0.00879661
internal_weight=0 6.76267 3.51045 3.25222 2.52151 2.42958 1.47656 1.08087 1.14061 1.76864 1.3809 0.797131 0.800126 0.676431 0.879381 0.96204 0.920546 0.953018 0.501514 1.01887 0.69196 0.575079 0.617032 0.524644 0.401835 0.68242 0.333436 0.6702 0.168078 0.424222
internal_count=34138 33196 6564 26632 14335 3320 3230 3244 1837 942 12498 3162 371 2859 9532 890 698 90 2966 602 9320 2835 426 304 176 3124 888 176 2078 232
is_linear=0
shrinkage=0.05


Tree=230
num_leaves=31
num_cat=0
split_feature=19 21 33 36 38 30 4 23 6 30 23 3 37 24 19 10 38 16 37 15 30 21 37 16 14 2 15 21 22 21
split_gain=0.229073 0.304626 0.213026 0.198684 0.14623 0.131428 0.105838 0.0942329 0.0847279 0.0733335 0.0632446 0.0496434 0.0462936 0.0439003 0.0412441 0.0306628 0.0342123 0.0298058 0.0296579 0.0294673 0.027239 0.0268246 0.0262711 0.0219977 0.0189569 0.0173479 0.0170584 0.0151296 0.0107466 0.0103799
threshold=11.97892939814815 11.027870370370371 1.0000000180025095e-35 28.350000000000005 0.22454207988967162 20.500000000000004 1.0000000180025095e-35 9.6745891203703724 1.5000000000000002 21.500000000000004 27.162199074074078 4.641437745208993 666.85000000000014 2.5000000000000004 0.027800925925925927 4802.7000000000016 0.0047210179234691068 9.5000000000000018 46.650000000000013 198726.50000000003 19.500000000000004 33.047112268518525 174.75000000000003 5.5000000000000009 1191.5250000000003 0.12813749444333472 165.50000000000003 20.385457175925932 1.0000000180025095e-35 6.4998206018518525
decision_type=2 2 2 2 2 2 2 2 2 2 2 2 2 2 2 2 2 2 2 2 2 2 2 2 2 2 2 2 2 2
left_child=1 3 6 4 11 8 13 14 12 18 -4 22 15 17 19 16 -5 20 -3 -6 25 27 23 -1 -18 -2 -20 -12 -17 -9
right_child=2 9 10 5 7 -7 -8 29 -10 -11 21 -13 -14 -15 -16 28 24 -19 26 -21 -22 -23 -24 -25 -26 -27 -28 -29 -30 -31
leaf_value=-0.013202174643390033 0.00044259054570799667 -0.0011201449018565133 -0.0050302487635748173 0.0016011786426040316 0.021415334465876824 0.0068287214689813141 0.0039150250855108544 -0.0055578479111916025 0.0044258459447078704 -0.0026525420790925896 -0.00091763954535142812 0.0049730634374013623 0.0015431442273824236 0.0020044652037085517 -0.0019146077559722818 -0.003657539593266194 0.00042219231459103741 0.0012074410616089613 -0.00077995123251860666 -0.0010097637937604954 -0.00057551314873689361 -0.0019033952275497791 0.002291073073154729 0.0017237327464581576 -0.021974284381793011 -0.024874675129731613 0.02121530415891365 0.014533280974049068 0.0032134244122585722 0.0019618878341304351
leaf_weight=0.4974645949064328 0.034338074281550002 0.057930045878493597 0.19839695024211312 0.0336007293101378 0.97590904459048011 0.36205933893461395 0.2101424388019949 0.16657343866791041 0.15396946204418771 0.15581446645228414 0.051029652816396265 0.15879978123120964 0.17034949423850765 0.04143936198670406 0.054514102576376788 0.25655229072026475 0.059840125297796365 0.036575381566762988 0.019419931635639265 0.064322963862650795 0.18240673457603396 0.077056625774730492 0.070867648413695861 0.046139770585796214 1.2294575535690908 0.98057557860306588 2.2095678234659317 0.50290078705165797 0.071071388592827134 0.1158783801406571
leaf_count=4147 41 251 1010 42 346 598 66 322 25 57 41 10 93 11 541 334 422 30 54 49 1560 358 29 64 7269 14313 1342 390 14 165
internal_value=0 0.00711143 -0.00863164 -0.00121217 0.0079913 -0.00953818 -0.0166616 0.0146924 -0.0138256 0.0183128 0.00699652 -0.00549848 -0.0163908 -0.0202826 0.0187235 -0.0181256 -0.0201853 -0.0215933 0.0201136 0.0202134 -0.0225224 0.0115437 -0.00960877 -0.0116393 -0.0212044 -0.0242236 0.0208415 0.0134354 -0.000869285 -0.00334859
internal_weight=0 6.9301 2.31486 4.48737 2.15047 2.3369 1.48548 1.3772 1.97484 2.44273 0.829384 0.773272 1.82087 1.27534 1.09475 1.65052 1.3229 1.2339 2.28692 1.04023 1.19732 0.630987 0.614472 0.543604 1.2893 1.01491 2.22899 0.55393 0.327624 0.282452
internal_count=33994 16174 17820 14470 5673 8797 16021 1423 8199 1704 1799 4250 8174 15955 936 8081 7733 15944 1647 395 15914 789 4240 4211 7691 14354 1396 431 348 487
is_linear=0
shrinkage=0.05


Tree=231
num_leaves=31
num_cat=0
split_feature=13 12 34 22 32 17 37 30 10 0 3 32 3 6 3 17 2 2 12 45 36 36 37 12 3 37 12 15 21 23
split_gain=0.291501 0.220804 0.217979 0.187546 0.15968 0.111189 0.0898442 0.0859203 0.0930192 0.073577 0.0871896 0.0594519 0.0468384 0.0441526 0.0419463 0.0399465 0.0381554 0.0356701 0.0356115 0.0318085 0.0246042 0.0189624 0.0179765 0.0169401 0.0168831 0.0167297 0.0163706 0.0154257 0.014024 0.0149009
threshold=12.500000000000002 6107.5550000000012 1.0000000180025095e-35 1.0000000180025095e-35 0.051956815114709856 14.500000000000002 502.35000000000008 4.5000000000000009 13984.17 2572.9050000000002 -0.52042571719402575 0.22474747474747478 0.58582827101377133 2.5000000000000004 -2.3083771779771443 5.5000000000000009 19.249882541093541 2.7962566456686622 483.06999999999999 1.0000000180025095e-35 30.850000000000005 40.95000000000001 994.05000000000007 2794.7200000000007 2.4965913171622796 73.550000000000011 36900.320000000007 182.50000000000003 4.3185821759259264 1.0000000180025095e-35
decision_type=2 2 2 2 2 2 2 2 2 2 2 2 2 2 2 2 2 2 2 2 2 2 2 2 2 2 2 2 2 2
left_child=1 2 9 4 5 6 7 -2 13 10 21 20 -11 -9 -4 16 22 -7 -5 -14 -6 25 -3 -22 -16 -1 -10 -25 29 -20
right_child=3 15 14 18 11 17 -8 8 26 12 -12 -13 19 -15 24 -17 -18 -19 28 -21 23 -23 -24 27 -26 -27 -28 -29 -30 -31
leaf_value=-0.0012864004425069695 0.0026703680998813942 -0.013253643490921525 0.0051800440158817672 -0.0027214043542443779 -0.0014911495999132263 -0.0046479053557662931 0.0037787429361952982 -0.024323800841544244 0.0050255571896586568 -0.00074427015059928489 -0.0077911004313781385 -0.0061573114613283917 0.029301915227842496 0.0017086906874637855 -0.010023027293267699 0.0035436990080997873 0.0033317188887367652 0.0081819961474108912 -0.0038963274746116787 -0.00065833422756800676 -0.0014654646920298205 -0.0016185706613077962 0.0014392463916834629 -0.0012362586507851272 0.0015218966465969999 0.013330527801480682 -0.0034896770893016933 0.01342589816930824 0.013651811868499647 0.0042592945485842486
leaf_weight=0.038805576910363793 0.20847004199822672 0.49353971591472134 0.12213385597488013 0.12586728459427821 0.21244183709040931 0.1014236355167667 0.17326802425577614 1.9627390390508033 0.1564923599830762 0.092186487247317817 0.24832901975082722 0.14013767792130238 1.4554761528424931 0.039602376615221035 0.39750785014598466 0.32083152434870499 0.070576510741375387 0.30409986792801647 0.14940609643235803 0.047029779231706814 0.030084398005328694 0.051013710155302761 0.03311394744014251 0.025139760740785277 0.10885732503629697 0.38191342302616249 0.15808219836890203 0.62135838549511391 0.60557510047510732 0.092943458294030279
leaf_count=630 53 2058 84 59 344 469 324 16342 75 650 4106 633 869 10 3261 651 10 44 54 184 261 1313 9 24 38 388 234 398 342 104
internal_value=0 0.0122475 0.0176502 -0.00427561 -0.00879417 -0.0134757 -0.016454 -0.0185202 -0.0206571 0.0229599 0.0032896 0.00500856 0.0271508 -0.0234113 -0.0039957 -0.00524511 -0.00922915 0.0039493 0.00964224 0.0284758 0.00909643 0.0104531 -0.0119922 0.0113274 -0.00817842 0.0120258 0.00134696 0.0124512 0.011957 0.000142235
internal_weight=0 3.86131 2.94325 5.10713 4.13334 3.10418 2.69865 2.52539 2.31692 2.31475 0.720062 1.02916 1.59469 2.00234 0.628499 0.918062 0.59723 0.405524 0.973792 1.50251 0.889024 0.471733 0.526654 0.676583 0.506365 0.420719 0.314575 0.646498 0.847925 0.24235
internal_count=34021 14251 11523 19770 19211 17551 17038 16714 16661 8140 6437 1660 1703 16352 3383 2728 2077 513 559 1053 1027 2331 2067 683 3299 1018 309 422 500 158
is_linear=0
shrinkage=0.05


Tree=232
num_leaves=31
num_cat=0
split_feature=12 32 18 9 24 17 32 0 34 6 0 13 37 2 2 2 35 37 14 30 30 14 36 15 14 30 36 15 15 37
split_gain=0.240381 0.163841 0.148247 0.167446 0.151232 0.111273 0.1036 0.100487 0.104183 0.0739004 0.076975 0.0665705 0.0653464 0.0480934 0.0421534 0.0386761 0.0340402 0.0340275 0.0310862 0.0380147 0.0289393 0.030103 0.0256755 0.03494 0.0219394 0.0215348 0.0236972 0.0212591 0.0190799 0.018631
threshold=348.16500000000002 0.057983193277310933 1.0000000180025095e-35 1.5000000000000002 1.5000000000000002 4.5000000000000009 0.22474747474747478 2572.9050000000002 1.0000000180025095e-35 1.0000000180025095e-35 1772.0550000000001 13.500000000000002 312.45000000000005 19.249882541093541 0.25580276569398636 19.249882541093541 1.0000000180025095e-35 91.050000000000011 7687.4050000000016 17.500000000000004 19.500000000000004 22192.855000000007 29.850000000000005 182.50000000000003 11861.130000000003 4.5000000000000009 147.55000000000004 302.50000000000006 65180.500000000007 666.85000000000014
decision_type=2 2 2 2 2 2 2 2 2 2 2 2 2 2 2 2 2 2 2 2 2 2 2 2 2 2 2 2 2 2
left_child=7 2 3 4 12 13 22 14 11 10 24 18 15 16 -1 -2 29 -5 -9 -20 21 -12 -3 -24 -7 -23 -27 -19 -25 -4
right_child=1 6 5 17 -6 9 -8 8 -10 -11 20 -13 -14 -15 -16 -17 -18 27 19 -21 -22 25 23 28 -26 26 -28 -29 -30 -31
leaf_value=0.005807526170067405 -0.02367479025392176 6.6029123360112856e-05 -0.015137923601712103 -0.0038940941917590339 0.0058892031253005156 -0.0022445148071130092 -0.0050244978915561268 -0.00017653428950767787 -0.0030921997272873752 0.016021212759781838 0.0021110500223526711 -0.0023922639963422625 0.0017668716562512924 0.0039993525247230674 -0.0076183896031869385 0.0016035561854652915 0.0025877181668751276 -0.0015814232107204521 0.028895224324615193 -0.00085207782385482976 0.0032116679654140509 0.0018429367762627562 -0.0019345975587273898 0.019150916252618153 0.010424695692978407 -0.014187125156645292 0.0014119887280149869 0.010987423883165377 -0.00091647523380131613 0.0011751547474564356
leaf_weight=0.1565368417323042 1.5457562781814433 0.26272409129614949 0.45817999715609437 0.13303190973874723 0.20073863960624283 0.052049886923669297 0.34337117981112886 0.092218093960582226 0.16126569368452681 0.52024955136585038 0.21131545092066495 0.05005287040830797 0.15132467948797046 0.13612801019917242 0.2320839603796685 0.032002024352550396 0.052958491025492549 0.15133197648128771 0.95681356489285441 0.054356113663743599 0.13821999723404588 0.038144562742672861 0.039984207829547813 0.90647178802419148 0.52697029320324873 0.561673043524479 0.09044522941167088 0.36334525000665963 0.032334373281628359 0.045297882375962217
leaf_count=149 20085 415 1461 432 342 207 999 196 421 35 120 272 1533 11 3737 1 3 442 525 139 68 6 47 607 797 486 98 369 120 17
internal_value=0 -0.000254003 -0.00451178 -0.0113942 -0.0168985 0.00309169 0.0104013 0.0172671 0.0213195 0.00809894 0.000407387 0.0245836 -0.0207327 -0.00802149 -0.00192268 -0.0227389 -0.0116424 0.00530845 0.0263629 0.0276676 -0.00612315 -0.00849062 0.0150059 0.0169561 0.00858561 -0.011065 -0.0124785 0.0086876 0.0183435 -0.0138648
internal_weight=0 6.99405 5.40916 2.57753 1.92982 2.83163 1.58489 1.70333 1.31471 2.13907 1.61882 1.15344 1.72908 0.692564 0.388621 1.57776 0.556436 0.647709 1.10339 1.01117 1.0398 0.901578 1.24151 0.97879 0.57902 0.690263 0.652118 0.514677 0.938806 0.503478
internal_count=34140 28701 26513 23204 21961 3309 2188 5439 1553 1817 1782 1132 21619 1492 3886 20086 1481 1243 860 664 778 710 1189 774 1004 590 584 811 727 1478
is_linear=0
shrinkage=0.05


Tree=233
num_leaves=31
num_cat=0
split_feature=21 19 33 2 17 37 24 10 0 2 2 25 15 0 3 15 15 38 2 12 14 17 21 21 24 19 38 3 10 19
split_gain=0.227891 0.344412 0.182639 0.149135 0.171081 0.133298 0.14539 0.0896491 0.0740575 0.0930406 0.0527722 0.0448809 0.0423915 0.039748 0.0378163 0.0330189 0.0530751 0.0330464 0.0312286 0.0249271 0.0214472 0.021219 0.0197681 0.0171898 0.0145169 0.0134078 0.01277 0.00937644 0.00841852 0.00804293
threshold=25.1337962962963 23.137812500000006 1.0000000180025095e-35 0.24344554179186695 14.500000000000002 562.85000000000002 1.5000000000000002 9040.1100000000024 18319.455000000005 0.62862543210069799 0.74625160907173338 1.0000000180025095e-35 758.50000000000011 898.29500000000007 2.1834855719553268 98372.000000000015 100339.00000000001 2.9674897060337968 19.249882541093541 171661.18500000003 4570.7200000000012 3.5000000000000004 0.10381365740740742 20.217013888888889 2.5000000000000004 16.67264467592593 2.1517133772149184 1.3837656997793986 9248.9150000000027 32.745989583333341
decision_type=2 2 2 2 2 2 2 2 2 2 2 2 2 2 2 2 2 2 2 2 2 2 2 2 2 2 2 2 2 2
left_child=2 10 3 22 5 6 7 11 9 25 -2 15 -11 29 28 17 -17 19 26 -5 -14 -12 -1 -6 -22 -4 -15 -7 -9 -3
right_child=1 13 8 4 23 27 -8 14 -10 12 21 -13 20 18 -16 16 -18 -19 -20 -21 24 -23 -24 -25 -26 -27 -28 -29 -30 -31
leaf_value=0.011034545435015679 -0.00089517726587067079 0.0048337306838494472 0.010309147573025364 -0.025174365871868155 0.010142435380097632 -0.0015506368364305789 0.0051386716335414225 0.0013801082050134133 0.014699589185834716 0.0037575604576645808 -0.0002178497394795559 0.0016647439648461615 0.0015266277930632262 -0.014043388292600975 0.0069509015766817733 0.0067017154328941958 -0.0083641841236501216 0.0011690497331338719 0.0025571934450087253 0.00078464083701566909 -0.013551691925107051 0.028442950164915722 -0.0015662894528311506 -0.0018683093332271629 0.001153425821373301 -0.0012842452981420317 0.00078450376825314489 0.0068569109839521948 -0.0069994604419417452 -0.0019089864515310221
leaf_weight=0.3146461799096868 0.11045635429218215 0.20837213478102956 0.40006285182516899 2.2590626469109369 0.3312544762602555 0.031817217878597037 0.30093243550254545 0.028477404556724539 0.74335682267883374 0.11740566135267727 0.051191692798511212 0.066257685848540748 0.08559589434935333 0.40369451419360303 0.19396539466106333 0.13903289399786434 0.24535875900210158 0.037371323377555998 0.05195183027535677 0.034199155365058576 0.59422830020366746 0.91572154932100602 0.11956301342024744 0.038476923174130206 0.023539640998933464 0.060110051179435686 0.049387541540909297 0.30239320826876792 0.17458692024320044 0.039671144056228513
leaf_count=152 169 1483 723 17002 190 213 375 13 141 34 50 127 156 6034 18 66 2031 27 3 33 2350 328 454 61 11 99 196 57 433 1094
internal_value=0 0.014458 -0.00223383 -0.00733454 -0.0104094 -0.013611 -0.0162631 -0.0190343 0.00797896 -0.000655817 0.0256409 -0.0214288 -0.00800095 -0.00704082 0.00107161 -0.0222888 -0.00201022 -0.0240256 -0.0107634 -0.0246665 -0.0110174 0.0275863 0.00889198 0.00844105 -0.0126247 0.00895237 -0.0129995 0.0054942 -0.00565395 0.00308982
internal_weight=0 1.83045 6.64169 4.6174 4.18319 3.81346 3.47924 3.17831 2.0243 1.28094 1.07737 2.78128 0.820769 0.753077 0.39703 2.71502 0.384392 2.33063 0.505034 2.29326 0.703364 0.966913 0.434209 0.369731 0.617768 0.460173 0.453082 0.33421 0.203064 0.248043
internal_count=34123 9357 24766 21252 20646 20395 20125 19750 3514 3373 547 19286 2551 8810 464 19159 2097 17062 6233 17035 2517 378 606 251 2361 822 6230 270 446 2577
is_linear=0
shrinkage=0.05


Tree=234
num_leaves=31
num_cat=0
split_feature=33 19 12 19 38 4 38 30 37 20 24 24 39 30 19 30 0 14 2 14 13 17 45 37 8 14 13 38 45 30
split_gain=0.201336 0.191884 0.172856 0.149501 0.131122 0.0936411 0.0707403 0.0688225 0.0589842 0.0488812 0.045725 0.0372698 0.0385988 0.0367449 0.0334957 0.0300175 0.0270986 0.0298743 0.0218028 0.0203239 0.019734 0.0166045 0.0163586 0.0158256 0.0140711 0.0127173 0.0123071 0.0120428 0.0113849 0.01107
threshold=1.0000000180025095e-35 11.885908564814818 2794.7200000000007 11.749554398148151 0.42127571299303651 1.0000000180025095e-35 1.6473747546946982 7.5000000000000009 666.85000000000014 2.5000000000000004 1.5000000000000002 2.5000000000000004 1.0000000180025095e-35 17.500000000000004 6.9059953703703716 19.500000000000004 49226.510000000002 13540.130000000003 0.12813749444333472 18775.755000000001 29.500000000000004 9.5000000000000018 1.0000000180025095e-35 317.35000000000008 1785.5300000000002 769.40500000000009 48.500000000000007 2.1517133772149184 1.0000000180025095e-35 13.500000000000002
decision_type=2 2 2 2 2 2 2 2 2 2 2 2 2 2 2 2 2 2 2 2 2 2 2 2 2 2 2 2 2 2
left_child=1 2 3 8 15 10 9 25 11 14 18 12 -1 19 16 23 17 -6 -3 29 -19 -7 -15 24 -4 -2 -22 -20 -27 -9
right_child=7 5 4 -5 6 21 -8 13 -10 -11 -12 -13 -14 22 -16 -17 -18 20 27 -21 26 -23 -24 -25 -26 28 -28 -29 -30 -31
leaf_value=-0.021165314638978833 -0.00082584453230755855 0.00075965611393819747 -0.010809800101782322 0.0088478112713065802 -0.0011701888355633528 -0.0028405592034766187 -0.0039188695029647941 0.0047901498656669457 0.0023372207759916443 -0.0020803254474922248 0.0017437429010972736 0.0019242146262071957 0.0015336981097145445 0.0077732596931005711 -0.0011114909074549874 0.0034981486930778976 9.2886240164994247e-05 0.02153545110804889 -0.021810818725353009 -0.0078020454631948901 -0.0033036470007557356 0.0065433700947623132 -0.0018747220159532044 0.0017265670672517255 0.0013830314620593724 0.016914698500300366 0.0042147002855255347 -5.4767479761163671e-06 -0.00013221533022777 -0.0025598655945149383
leaf_weight=0.79840144850663797 0.016564748063501944 0.048755339244053064 0.55369747071790731 0.17747860858844422 0.062380024736968021 0.071079974044550798 0.16848986575496372 0.16168638312592498 0.17944969895324903 0.16455037490459279 0.09727945383201575 0.039839272736571729 0.066329628210041847 0.5228421547835751 0.1319149622520398 0.14665213089688223 0.20974719393416297 1.3277408134533741 1.0450035600476892 0.35962781027023993 0.11087312216159251 0.16042391950031742 0.16496342592881774 0.049651741887828393 0.036825484131441044 1.2622431023055467 0.089349682380998274 0.065861638091064267 0.086255163995701767 0.091151218955019431
leaf_count=5981 11 46 3354 40 352 52 378 571 51 504 231 12 145 1062 665 408 24 1312 15229 1415 163 20 199 169 19 485 8 443 94 470
internal_value=0 -0.00389299 0.00204562 -0.00939761 0.00792765 -0.015009 0.0127593 0.0106673 -0.015197 0.0149323 -0.0185648 -0.0180762 -0.0195354 0.000789924 0.0165966 -0.00533781 0.0178278 0.019228 -0.0202871 -0.0048599 0.0201942 0.00369517 0.00571954 -0.00826065 -0.00965795 0.0157636 0.000767649 -0.0211331 0.0162323 0.00221214
internal_weight=0 5.80178 4.31337 1.2615 3.05187 1.4884 2.26505 2.66533 1.08402 2.09656 1.2569 0.90457 0.864731 1.30027 1.93201 0.786827 1.80009 1.59034 1.15962 0.612465 1.52796 0.231504 0.687806 0.640175 0.590523 1.36506 0.200223 1.11087 1.3485 0.252838
internal_count=33913 29606 13585 6229 7356 16021 3406 4307 6189 3028 15949 6138 6126 3717 2524 3950 1859 1835 15718 2456 1483 72 1261 3542 3373 590 171 15672 579 1041
is_linear=0
shrinkage=0.05


Tree=235
num_leaves=31
num_cat=0
split_feature=45 3 3 23 38 15 39 37 14 37 0 38 3 3 37 3 10 17 23 24 11 10 23 38 38 37 32 14 38 0
split_gain=0.153775 0.143425 0.162074 0.14547 0.10698 0.116079 0.0838703 0.0800843 0.0794051 0.0713649 0.062753 0.0521714 0.0476391 0.0449362 0.0404064 0.0352934 0.0359901 0.033733 0.032729 0.0311 0.0310238 0.0261402 0.0237802 0.0179559 0.0179383 0.0178368 0.0172923 0.0169445 0.0147315 0.024275
threshold=1.0000000180025095e-35 0.58582827101377133 -1.7021190208573007 18.378292824074077 0.6240376150668171 62525.000000000007 1.0000000180025095e-35 43.050000000000004 10625.925000000003 994.05000000000007 1098.5600000000002 1.1405450320486115 0.20085936580024027 4.641437745208993 259.75000000000006 -0.94091169570938205 4692.9300000000003 2.5000000000000004 34.427575231481491 1.5000000000000002 6.5000000000000009 728.57500000000016 36.343269675925931 2.9674897060337968 0.017733858832087983 562.85000000000002 0.1408730158730159 20729.515000000003 1.1012519093887494 25515.565000000006
decision_type=2 2 2 2 2 2 2 2 2 2 2 2 2 2 2 2 2 2 2 2 2 2 2 2 2 2 2 2 2 2
left_child=1 2 21 19 7 28 9 13 -9 -2 -5 12 15 -3 17 -12 22 -10 -7 23 26 -1 24 -4 -17 -16 -19 -26 29 -6
right_child=6 4 3 10 5 18 -8 8 14 -11 11 -13 -14 -15 25 16 -18 20 -20 -21 -22 -23 -24 -25 27 -27 -28 -29 -30 -31
leaf_value=0.013896680226783406 -0.017593131641148597 -0.0063838974453232847 -0.018859654406060012 -0.0070563517180162634 -0.004262104766496572 -0.012397348652300062 0.0057853425302143826 -0.0024554974514319388 -0.0013628621228155844 0.0036887269716414368 -0.0020662085546928519 -0.0050130740595399695 -0.0038467633189643753 0.0070074317490481618 -0.0041991538663366653 -0.0010505025214577076 -0.0023156261015805312 0.025490453086206306 0.0025630011646260937 0.001646114848140061 -0.0005593025371887282 -0.0012328388570999865 -0.001452096026754736 0.00098023105848997027 -0.00095097875467306688 0.0047313935038042973 -0.00042956723381820617 0.018470150445739745 0.010294003236677587 0.0052961750753381292
leaf_weight=0.57082123038344379 0.54561839372286236 0.36625504188441516 0.77863872695161207 0.28418942826829141 0.37233588667027129 0.40226703109988182 0.15972064578591016 0.16603833647968747 0.027782593679149037 0.13330880115972832 0.12255336559064656 0.1136405539680253 0.083189763159452812 0.15871980576775968 0.13141487928123741 0.021370079466578984 0.048119986862730002 1.7941186154400837 0.1019368766160369 0.049275493257482594 0.078590400296889018 0.16386649666128505 0.029766814389859064 0.020376537014271889 0.019283760111875381 0.10975896209220082 0.032320943608283303 0.83800211836546623 0.84233261869462694 0.29707301562666544
leaf_count=1272 5432 1571 9020 4667 1046 810 225 760 49 33 357 995 1207 12 328 446 166 1873 162 158 104 393 397 14 220 46 98 1053 1025 84
internal_value=0 0.00749836 -0.000861642 -0.00703091 0.0121129 0.00179888 -0.00886653 0.0170272 0.0198838 -0.0137063 0.00267678 0.00699257 0.00994195 -0.000395011 0.0218261 0.0123439 0.0143025 0.0234505 -0.00967962 -0.0166733 0.0241569 0.0117568 0.0159349 -0.0180901 0.0169834 0.00040262 0.0250421 0.0177565 0.00795682 0.000611286
internal_weight=0 8.02404 3.14309 2.40841 4.88095 2.01595 0.838648 2.865 2.34002 0.678927 1.56012 1.27593 1.16229 0.524975 2.17399 1.0791 0.956543 1.93281 0.504204 0.848291 1.90503 0.734688 0.908423 0.799015 0.878656 0.241174 1.82644 0.857286 1.51174 0.669409
internal_count=34023 28333 20365 18700 7968 3127 5690 4841 3258 5465 9508 4841 3846 1583 2498 2639 2282 2124 972 9192 2075 1665 2116 9034 1719 374 1971 1273 2155 1130
is_linear=0
shrinkage=0.05


Tree=236
num_leaves=31
num_cat=0
split_feature=22 23 19 21 19 21 23 32 14 3 21 13 23 30 30 36 10 32 14 38 15 23 36 9 37 38 37 14 23 36
split_gain=0.164475 0.260438 0.222225 0.169758 0.163591 0.126293 0.0804643 0.0765919 0.0763388 0.0687862 0.0681584 0.0590852 0.0570354 0.0535691 0.0488284 0.0389026 0.0308758 0.0307702 0.0277421 0.0291743 0.0270655 0.0255556 0.0231869 0.0185127 0.0158707 0.0155529 0.0148651 0.0122968 0.0119512 0.0105354
threshold=1.0000000180025095e-35 34.090590277777785 0.027800925925925927 1.0000000180025095e-35 33.04210069444445 27.974947916666668 1.0000000180025095e-35 0.039607843137254913 356451.57500000007 4.641437745208993 20.217013888888889 44.500000000000007 8.1406886574074093 1.5000000000000002 11.500000000000002 682.20000000000016 21695.500000000004 0.21240601503759401 19286.810000000005 0.17778135142181586 5872.5000000000009 23.261041666666671 30.850000000000005 1.5000000000000002 666.85000000000014 1.0439783199513137 208.65000000000001 14190.490000000003 19.859947916666673 232.45000000000002
decision_type=2 2 2 2 2 2 2 2 2 2 2 2 2 2 2 2 2 2 2 2 2 2 2 2 2 2 2 2 2 2
left_child=1 2 3 8 5 9 18 13 11 -3 12 15 -5 -4 17 16 -1 28 19 -2 -21 -12 -7 24 -15 -14 -20 -24 -9 -8
right_child=6 4 7 10 -6 22 29 14 -10 -11 21 -13 25 23 -16 -17 -18 -19 26 20 -22 -23 27 -25 -26 -27 -28 -29 -30 -31
leaf_value=-0.017922313776791859 -0.0033815962493272018 -0.0092006735710074821 0.0019816605274138111 -0.0029160094573754854 -0.0077015390855074695 -0.00072803172366857057 0.020733905219794884 -0.0012578534449986778 0.0050105794807215279 0.0076199265302642778 -0.0067383785952468637 0.004026609133465287 0.019203816628346818 -0.023979494975299616 -0.0073729860024169848 0.0023937869504281279 0.0010693547651485094 -0.0034436995728177469 -0.0057281166807242505 -0.0025766547283608346 0.011099676759743392 0.0038877374439627191 -0.00039371747406068917 -0.0017999403948557677 0.00047003098953944141 0.00046474068455867271 0.0026741720095730696 0.026593850294359889 0.010549493619943083 0.0002247637936530832
leaf_weight=0.80796023903621994 0.10647961202630518 0.24267066570928342 0.09416902928205706 0.098145635731270664 0.18139647699626937 0.028749734817210992 0.70065835898276407 0.025772457392576942 0.34771138423457149 0.20863720314810053 0.19720461269753276 0.090961449488986545 0.79493691438528913 1.0394435166908804 0.27999826272161954 0.058463128307266743 0.12083512698336563 0.096763466523952957 0.51739047090995882 0.062885227998776827 0.42508034212005441 0.1919088514696341 0.013732093950238777 0.29100314843844888 0.029438864997246017 0.17195304836241121 0.098764817656046944 0.63028617426243727 0.30289342997548374 0.087972295470535755
leaf_count=4409 81 1400 33 942 3058 218 341 203 143 18 23 63 135 18838 1366 13 19 395 289 38 113 31 134 836 133 36 61 378 153 12
internal_value=0 -0.00103431 -0.0063717 0.00279733 0.0133965 0.0188241 0.0130333 -0.0156153 -0.00722396 -0.00153219 0.0115636 -0.0116819 0.0154051 -0.0197943 -0.000445483 -0.0144272 -0.0161781 0.00608776 0.00162131 0.00585632 0.00879002 -0.00247164 0.0252321 -0.021503 -0.0234044 0.0178019 -0.00355999 0.0261289 0.00937376 0.0198508
internal_weight=0 6.34503 5.03956 2.88008 1.30547 1.12408 1.99923 2.15948 1.42593 0.451308 1.45415 1.07822 1.06504 1.45405 0.705428 0.987258 0.928795 0.425429 1.2106 0.594445 0.487966 0.389113 0.672768 1.35989 1.06888 0.96689 0.616155 0.644018 0.328666 0.788631
internal_count=33912 32977 27771 5814 5206 2148 935 21957 4647 1418 1167 4504 1113 19840 2117 4441 4428 751 582 232 151 54 730 19807 18971 171 350 512 356 353
is_linear=0
shrinkage=0.05


Tree=237
num_leaves=31
num_cat=0
split_feature=2 2 21 33 17 2 19 30 2 30 12 23 14 21 36 10 25 32 14 15 15 0 21 21 36 13 23 15 32 32
split_gain=0.193847 0.349058 0.297949 0.107235 0.0923938 0.0925466 0.0910965 0.0757361 0.0688398 0.0646319 0.053169 0.0448756 0.0354246 0.0334273 0.0326311 0.0317009 0.0304808 0.0226423 0.0187228 0.0142741 0.0138535 0.0107028 0.0101582 0.00975064 0.00919983 0.00749694 0.00573726 0.00530849 0.00517251 0.012471
threshold=1.59610900237779 0.2815756514565731 5.2896122685185194 1.0000000180025095e-35 9.5000000000000018 1.747705563832741 18.741325231481486 21.500000000000004 19.249882541093541 18.500000000000004 23147.165000000005 37.822152777777781 356451.57500000007 14.465943287037039 12.450000000000001 1652.5600000000002 1.0000000180025095e-35 0.49074074074074076 318343.97500000015 13666.500000000002 25506.000000000004 1300.0100000000002 33.190399305555566 31.837667824074078 1.0000000180025095e-35 8.5000000000000018 19.859947916666673 758.50000000000011 0.070197044334975381 0.23303167420814483
decision_type=2 2 2 2 2 2 2 2 2 2 2 2 2 2 2 2 2 2 2 2 2 2 2 2 2 2 2 2 2 2
left_child=1 15 4 9 5 25 7 14 12 16 -6 -8 -7 27 -4 17 -3 21 -16 -10 23 24 -13 -15 -1 -2 -22 -5 -11 -30
right_child=2 3 6 13 10 8 11 -9 19 28 -12 22 -14 20 18 -17 -18 -19 -20 -21 26 -23 -24 -25 -26 -27 -28 -29 29 -31
leaf_value=-0.00056123470031327121 0.0070627662029934994 -0.02361865332569749 -0.00059902222896376488 0.00088212972773095335 -0.0049520234547126112 -0.020301467146926724 -0.007610569430381119 -0.0027290878541130024 0.0050131209965201019 -0.0028329096828822939 0.010769994755547952 0.0074907759972820832 0.00032981214756853711 0.0089840529952757292 0.022364604320955987 -0.0018340715497093569 0.0011324325159831183 -0.001438488438558822 0.00010068785503772672 -0.0028730712679881196 0.001865810393914989 -0.0004947040670170899 -0.0015466812644348983 -0.0012211507456687599 0.017293128410765253 -0.001222109188046203 -0.0034183229065562976 -0.0064227204893210601 0.0046513366021745184 -0.0030395372610577832
leaf_weight=0.011344602597091913 0.15624508180212648 1.1045844143516208 0.11696866307465947 0.04381832233048033 0.14119565937426148 0.69377829580798767 0.24678197080947928 0.14194855121377248 0.1533504378166981 0.27985363956986464 0.40960301267114119 0.18180067531193345 0.20124760351154691 0.29544063395951525 2.2963000025133629 0.094179094641731353 0.038269965665222005 0.032755405825810158 0.10655395781623145 0.23995170960552059 0.10842367618761273 0.035081485867067386 0.031907506808238395 0.024884685516553873 0.69023528930256361 0.02498331219044303 0.10006046204807717 0.18470945073113398 0.17084030390378757 0.063073499093661667
leaf_count=161 137 18285 450 14 149 1725 2498 97 21 2818 61 61 39 433 2046 197 118 35 100 26 208 82 385 138 849 226 498 1770 106 354
internal_value=0 -0.00544214 0.0085448 -0.0140413 -0.00507448 -0.0100653 0.0164507 0.0191291 -0.0138838 -0.0187993 0.00614534 -0.00152836 -0.0179364 0.00114164 0.0207859 0.0132311 -0.0226481 0.0150695 0.021697 0.00159292 0.00568711 0.0162091 0.00597884 0.00786683 0.0168443 0.00585293 -0.00140031 -0.00544414 -0.000932104 0.00179487
internal_weight=0 3.27755 5.14262 2.41396 2.02036 1.46956 3.12226 2.66177 1.28833 1.65662 0.550799 0.46049 0.895026 0.757337 2.51982 0.863596 1.14285 0.769417 2.40285 0.393302 0.528809 0.736661 0.213708 0.320325 0.70158 0.181228 0.208484 0.228528 0.513767 0.233914
internal_count=34087 26066 8021 24742 2384 2174 5637 2693 1811 21681 210 2944 1764 3061 2596 1324 18403 1127 2146 47 1277 1092 446 571 1010 363 706 1784 3278 460
is_linear=0
shrinkage=0.05


Tree=238
num_leaves=31
num_cat=0
split_feature=2 2 2 3 17 33 19 30 30 38 36 21 2 2 0 3 0 15 2 14 33 13 37 36 13 19 24 38 24 14
split_gain=0.199989 0.299525 0.211701 0.168829 0.110501 0.0913729 0.0721989 0.0676005 0.084046 0.0640771 0.0424026 0.0359876 0.0348363 0.0346749 0.0233365 0.0204455 0.0191613 0.0189148 0.016241 0.0156792 0.0151947 0.0137497 0.0131278 0.0124408 0.0110687 0.0102378 0.00734868 0.00729186 0.00724826 0.00623761
threshold=1.59610900237779 0.2815756514565731 1.6385422311926139 2.4965913171622796 8.5000000000000018 1.0000000180025095e-35 13.223767361111113 18.500000000000004 7.5000000000000009 1.7718230875007053 856.05000000000007 18.28588541666667 0.77880222124258858 8.8199967649303783 628.78500000000008 1.1330830612240095 1452.575 43635.000000000007 0.48435729455983362 10947.635000000002 1.0000000180025095e-35 30.500000000000004 37.850000000000001 37.550000000000004 8.5000000000000018 1.2092129629629631 1.5000000000000002 2.1517133772149184 2.5000000000000004 185800.43500000003
decision_type=2 2 2 2 2 2 2 2 2 2 2 2 2 2 2 2 2 2 2 2 2 2 2 2 2 2 2 2 2 2
left_child=1 14 -2 4 5 10 15 8 11 13 -4 28 16 24 22 -6 -9 -7 -18 -19 -13 -15 -1 -24 -5 -26 -14 -10 -3 -27
right_child=2 7 3 9 6 17 -8 12 27 -11 -12 20 26 21 -16 -17 18 19 -20 -21 -22 -23 23 -25 25 29 -28 -29 -30 -31
leaf_value=-0.00098000092446990858 0.025018183952443054 -0.0075376640324844764 -0.018183978074914824 -0.0032786711539875934 -0.0015638686007880436 0.0061614074415488121 -0.0065627088248750871 -0.0024488960107926449 -0.022175453760471472 -0.0038183885225120517 0.002241678817181503 -0.0022118987279129299 -0.0071434407210077882 0.016576921339161832 -0.0013736537451356351 0.012101641111025387 -0.0018374712865630726 0.0029210254261783685 0.0097514949167743208 -0.0059430538035451065 0.0073801042799529152 9.3830761130307125e-05 0.015464654860019961 -0.00017166973861851485 0.005773317008533169 -0.0035250013391450981 0.0011691679860672197 -0.00041694461485441281 0.001103179146629004 0.0019635950554679127
leaf_weight=0.019969655902969285 0.58324594478244751 0.17560417308618559 0.92430863533809338 0.15053324570908522 0.080491535445616935 0.28620603927402044 0.15676356684480197 0.10182049328182063 1.0114015107149041 0.22288015261437966 0.061382491447147913 0.068469968749241161 0.17031388188775054 1.3106023869768249 0.10567941411318316 0.60336010179071309 0.039822073777486366 0.091798543989625614 0.29540924257526058 0.14620434901462431 0.33740755417557011 0.14594408741686482 0.6302097532661719 0.11438006299158587 0.15416450880547927 0.15850577369565144 0.02812397892739682 0.078904648860998239 0.022469841525889933 0.091715982867754065
leaf_count=181 406 646 4851 50 195 430 966 1175 19300 31 10 350 2266 225 279 286 138 130 336 245 146 20 341 542 44 137 41 403 7 22
internal_value=0 -0.0052176 0.00909737 0.00295507 -0.00542848 -0.0112794 0.00549927 -0.0133388 -0.0168061 0.0107261 -0.0164237 -0.000141203 0.00052906 0.0130705 0.012031 0.0105197 0.00558316 0.00282248 0.00802972 -0.00292631 0.00533963 0.0156359 0.0136123 0.0143411 0.000611666 0.00336326 -0.00597279 -0.0215536 -0.00645481 -0.00155176
internal_weight=0 3.19999 5.16811 4.58486 2.35052 1.5099 0.840615 2.32975 1.69426 2.23435 0.985691 0.603952 0.63549 2.01147 0.870239 0.683852 0.437052 0.524209 0.335231 0.238003 0.405878 1.45655 0.764559 0.74459 0.55492 0.404386 0.198438 1.09031 0.198074 0.250222
internal_count=34199 26151 8048 7642 7113 5666 1447 24808 20852 529 4861 1149 3956 498 1343 481 1649 805 474 375 496 245 1064 883 253 203 2307 19703 653 159
is_linear=0
shrinkage=0.05


Tree=239
num_leaves=31
num_cat=0
split_feature=21 15 6 15 22 32 23 16 36 37 37 21 39 37 0 14 17 14 17 36 23 2 38 15 20 2 21 2 36 2
split_gain=0.170762 0.135459 0.181566 0.19675 0.108395 0.1037 0.0928074 0.0876592 0.0676523 0.0614853 0.0528999 0.0516358 0.0452308 0.0443826 0.0424302 0.0606945 0.0471368 0.040819 0.0377189 0.0368894 0.0530691 0.0356367 0.0266118 0.024818 0.0202171 0.017397 0.0159466 0.0142513 0.0141564 0.0137553
threshold=22.35255208333334 829.50000000000011 1.0000000180025095e-35 98372.000000000015 1.0000000180025095e-35 0.087595907928388769 2.6625057870370372 1.5000000000000002 15.250000000000002 562.85000000000002 153.65000000000001 7.9919155092592602 1.0000000180025095e-35 60.550000000000004 888.28500000000008 95132.884999999995 3.5000000000000004 7687.4050000000016 22.500000000000004 60.050000000000004 20.418009259259261 1.624304152304858 0.64669584819984582 98372.000000000015 2.5000000000000004 0.18905092891570993 12.948298611111113 1.1492113813731903 232.45000000000002 0.12813749444333472
decision_type=2 2 2 2 2 2 2 2 2 2 2 2 2 2 2 2 2 2 2 2 2 2 2 2 2 2 2 2 2 2
left_child=1 13 3 4 9 8 -4 22 -2 12 -5 25 18 -1 -10 16 -16 -12 29 20 24 -19 -8 -18 -15 -6 -22 -13 -21 -3
right_child=5 2 6 10 11 -7 7 -9 14 -11 17 27 -14 19 15 -17 23 21 -20 28 26 -23 -24 -25 -26 -27 -28 -29 -30 -31
leaf_value=-0.0038686078979947702 -0.0029607280349707916 0.0004525168372552826 -0.0071525566946050905 -0.0045433429220508702 0.0022001432780532704 -0.0043276423065853973 0.0035539063814940134 0.016486083602466683 -0.00073871263468413173 0.0018303449023168508 -0.0031088159240830783 -0.0015276147674527865 0.00097005388601486642 0.016905053403607113 -0.0015316638276956734 -0.00085574393932124596 0.025427310012563143 -0.0023402091964471509 0.0014184310271296229 -0.0049930841237392949 -0.005118584227830807 0.015344251461982761 -0.0076155151942004316 -0.00049603658619479284 -0.0009926529669937686 -0.0087727490462282589 0.003189117676362702 0.0088539649878772563 0.0031660857745760447 -0.025459437019832967
leaf_weight=0.10642552297122154 0.11603918325795382 0.017098053366681465 0.16113422592206905 0.24994569623731866 0.045705898664891609 0.26145077685305285 0.1833876585319556 0.86183241382605047 0.17595805182850188 0.12874651528363745 0.091488680443490011 0.10260957118225633 0.11284840093276205 1.0462089506454502 0.065504563807735283 0.21669508992226827 1.2534600751773721 0.062574015857762788 0.033220510851606266 0.15313202046513641 0.13581748957949447 0.46609599381963562 0.17473603133112192 0.056926718698377843 0.055827693886385421 0.29257502947984904 0.24045623193524079 0.29354296081510256 0.089848945966878091 1.354221169718812
leaf_count=427 2011 24 42 1629 8 733 37 188 2515 235 333 92 401 528 354 1529 3728 383 8 686 65 110 14 414 74 148 82 100 132 16997
internal_value=0 -6.05939e-05 -0.00453675 -0.0101628 -0.0160139 0.0141352 0.00741201 0.0116911 0.0173089 -0.0207343 0.00584851 0.000420822 -0.0226154 0.00887569 0.0192279 0.020868 0.0232095 0.0102559 -0.0241258 0.0107957 0.0127851 0.0130895 -0.00349053 0.0245739 0.0159575 -0.00675399 -0.00134989 0.00699682 -0.00185613 -0.0250818
internal_weight=0 6.45948 4.63176 3.25067 2.38057 2.14603 1.38109 1.21996 1.88458 1.64613 0.870104 0.734433 1.51739 1.82772 1.76854 1.59259 1.37589 0.620159 1.40454 1.72129 1.47831 0.52867 0.358124 1.31039 1.10204 0.338281 0.376274 0.396153 0.242981 1.37132
internal_count=34027 22743 20749 20468 18013 11284 281 239 10551 17665 2455 348 17430 1994 8540 6025 4496 826 17029 1567 749 493 51 4142 602 156 147 192 818 17021
is_linear=0
shrinkage=0.05


Tree=240
num_leaves=31
num_cat=0
split_feature=21 19 3 6 1 45 3 10 1 14 16 37 3 37 15 15 12 15 14 21 12 12 24 3 23 6 12 30 30 14
split_gain=0.165219 0.206276 0.204872 0.155906 0.154584 0.0936588 0.0875676 0.0573496 0.0517561 0.0419545 0.0396136 0.0394261 0.0330129 0.0322754 0.0313231 0.0461325 0.0260776 0.0225159 0.0187824 0.0136288 0.0116216 0.0104456 0.0103608 0.0103384 0.00928934 0.00910628 0.00719936 0.00714139 0.00609299 0.00603821
threshold=5.2896122685185194 23.137812500000006 -1.7021190208573007 1.0000000180025095e-35 6.929727118436884 1.0000000180025095e-35 -0.94091169570938205 12302.900000000001 6.8016111230096516 98214.710000000021 6.5000000000000009 43.050000000000004 4.641437745208993 994.05000000000007 98372.000000000015 100339.00000000001 4805.4800000000005 165.50000000000003 34441.505000000005 0.049965277777777782 21684.405000000002 5677.8200000000006 3.5000000000000004 1.1945966753204555 0.0040335648148148153 1.5000000000000002 171661.18500000003 3.5000000000000004 1.0000000180025095e-35 130362.19000000002
decision_type=2 2 2 2 2 2 2 2 2 2 2 2 2 2 2 2 2 2 2 2 2 2 2 2 2 2 2 2 2 2
left_child=2 4 19 7 16 6 27 10 18 -5 14 -8 -10 24 22 -16 -2 -13 -3 20 -1 -20 26 -11 -7 28 -4 -6 -19 -9
right_child=1 8 3 9 5 13 11 29 12 23 -12 17 -14 -15 15 -17 -18 25 21 -21 -22 -23 -24 -25 -26 -27 -28 -29 -30 -31
leaf_value=0.014117113575834292 -0.009043589731714945 -0.0033219317755293675 -0.023810030629178504 -0.0041479824229678731 0.0016863140236365011 0.0011006325116916574 -0.0012378360025846675 0.0039376817526738488 -0.014593552039019389 -0.00090555860929031828 0.0013194641734281473 -0.00059848349319286146 0.0023854465387199379 0.004767859376875197 0.0065489085784464218 -0.0076566537915911947 0.0024495941845432221 -9.8948824597774789e-05 0.0077643256697563449 -0.001113606414753947 -0.00085516167430081463 -0.0015303782670858103 0.00044149532971838506 0.0093558196299427902 -0.0085941635964670825 -0.00036457489373940399 0.00028286875489709891 -0.0048629332503638822 0.020703304485024644 -0.0018013878569335274
leaf_weight=0.39941164893252823 0.28455633608177766 0.071102868897469196 0.95548120449598195 0.43407203829701746 0.042852235288592389 0.055766055218555155 0.11393952899288784 0.1032915191694882 0.47663606695778071 0.09931935130043712 0.096381735716022265 0.07411236669031529 0.048443194944411516 0.10508494041278027 0.12856889951717676 0.17556358266028838 0.25509989464922 0.025932813663531173 0.19573466049246235 0.022752301172431544 0.023168559908299358 0.031407194733219512 0.0088678549509495497 0.45956329883483704 0.19862319074877632 0.017770665348507353 0.0078587004682049155 0.15530560988395337 3.1997814239414311 0.037094530723152275
leaf_count=377 3993 2400 8060 35 13 36 1123 53 6861 67 43 76 3 28 25 1145 968 25 242 278 27 234 2 53 1521 21 8 500 5698 79
internal_value=0 0.008388 -0.00482452 -0.0104976 0.0123322 0.0153784 0.0174084 -0.0173159 -0.00817236 0.00336757 -0.019384 0.0190577 -0.0124901 -0.00284688 -0.0208403 -0.00123453 -0.00554833 0.01988 0.0031947 0.0122752 0.0132721 0.00627933 -0.0232377 0.00812115 -0.00728574 0.0203787 -0.0235695 -0.00322128 0.0205522 0.00217137
internal_weight=0 5.35215 2.9514 2.50606 4.52883 3.98917 3.62969 1.51311 0.823324 0.992955 1.37272 3.43154 0.525079 0.359474 1.27634 0.304132 0.539656 3.3176 0.298245 0.445333 0.42258 0.227142 0.972208 0.558883 0.254389 3.24348 0.96334 0.198158 3.22571 0.140386
internal_count=33994 23742 10252 9570 14002 9041 7456 9415 9740 155 9283 6943 6864 1585 9240 1170 4961 5820 2876 682 404 476 8070 120 1557 5744 8068 513 5723 132
is_linear=0
shrinkage=0.05


Tree=241
num_leaves=31
num_cat=0
split_feature=22 23 37 21 6 36 16 36 14 2 30 32 35 3 14 20 36 39 37 2 6 32 38 17 38 38 37 17 30 37
split_gain=0.17592 0.275464 0.169307 0.123502 0.162227 0.140933 0.123155 0.0881807 0.0869878 0.0939441 0.0693845 0.068579 0.0643238 0.0468544 0.0422403 0.0372275 0.0261954 0.0227782 0.0214331 0.0165389 0.0163994 0.0162084 0.0159613 0.0176118 0.0155068 0.0149068 0.0148751 0.0139501 0.0123141 0.0122916
threshold=1.0000000180025095e-35 27.7352025462963 502.35000000000008 16.944832175925928 1.0000000180025095e-35 48.550000000000004 2.5000000000000004 29.850000000000005 117947.15000000004 0.24344554179186695 5.5000000000000009 0.21240601503759401 1.0000000180025095e-35 0.18248672038546535 20082.185000000005 2.5000000000000004 227.65000000000001 1.0000000180025095e-35 43.050000000000004 0.22769621361073847 2.5000000000000004 0.25462962962962971 1.7196581197618641 5.5000000000000009 1.4173276697267736 2.9674897060337968 72.65000000000002 14.500000000000002 3.5000000000000004 79.950000000000017
decision_type=2 2 2 2 2 2 2 2 2 2 2 2 2 2 2 2 2 2 2 2 2 2 2 2 2 2 2 2 2 2
left_child=1 2 6 4 -3 7 10 26 9 19 28 12 20 -10 -9 24 18 -11 -2 -8 25 -20 23 -15 -16 27 -5 -12 -1 -7
right_child=16 3 -4 5 -6 29 8 14 13 17 11 -13 -14 22 15 -17 -18 -19 21 -21 -22 -23 -24 -25 -26 -27 -28 -29 -30 -31
leaf_value=-0.0032294642515960934 -0.00094799020498144014 -0.014551925316967675 0.0093952229132781319 -0.004700051316635135 0.0099800290503277364 0.0021111250633403696 -0.0022206269659825312 -0.0016366959237389075 -0.0042843209100580527 -0.015422753488482849 -0.025579129340334433 0.0020946088025789512 0.0025236187880212178 -0.0014696924686935751 0.026769011604156446 -0.0013002375554694474 -0.0010036480792909592 0.0014521975634534516 0.017112630462234584 0.0084004824390286736 0.00065438978447139031 -0.0001283505987920392 -0.0013164112979943087 0.012881915539261969 -0.00024183014752943448 0.00057765623553363867 0.0032740595300390328 0.0003636599890418358 0.004252666094329006 -0.0064739633100256468
leaf_weight=0.068954012163886413 0.082414288161089533 0.40419013975770246 0.3726523666630327 0.10354123450679242 0.35711117322716746 0.049932101325339207 0.046201195911180326 0.033822468209109391 0.13695165504191209 0.55056444873139299 1.3962931802348064 0.13292957246267167 0.051705278921872266 0.030022710121784257 0.95114340519148732 0.034301088339816488 0.14322829810771498 0.04622601727487563 1.3790816924065437 0.15806114847009667 0.013146447017788776 0.12889726632056397 0.0572799409592335 0.62754049366662912 0.036341940031888953 0.012357174386124714 0.26793566427977566 0.024595057335318304 0.20957259244278248 0.31015837116456169
leaf_count=258 136 2122 431 1749 47 26 119 441 660 4907 15295 326 3 61 512 157 54 120 707 18 2 38 29 397 87 17 704 43 76 4574
internal_value=0 -0.000949772 -0.00848215 0.00979356 -0.00391169 0.0149405 -0.0120016 0.0197386 -0.000678688 -0.00832269 -0.0182007 -0.0207704 -0.0228256 0.00712236 0.0238093 0.0250445 0.0140451 -0.0140248 0.0152646 0.00614903 -0.0243929 0.0161754 0.0105317 0.0117353 0.0261534 -0.0247972 -0.000754955 -0.0251653 0.00132321 -0.00460659
internal_weight=0 6.48353 3.93505 2.54848 0.761301 1.78718 3.5624 1.42709 1.65285 0.801053 1.90955 1.63103 1.4981 0.851795 1.05561 1.02179 1.73362 0.59679 1.59039 0.204262 1.44639 1.50798 0.714843 0.657563 0.987485 1.43325 0.371477 1.42089 0.278527 0.36009
internal_count=34116 33181 22762 10419 2169 8250 22331 3650 6311 5164 16020 15686 15360 1147 1197 756 935 5027 881 137 15357 745 487 458 599 15355 2453 15338 334 4600
is_linear=0
shrinkage=0.05


Tree=242
num_leaves=31
num_cat=0
split_feature=15 33 3 15 14 37 34 0 15 17 45 0 15 35 36 38 0 18 22 12 36 30 18 22 38 2 32 12 36 3
split_gain=0.16706 0.164218 0.130112 0.128658 0.164632 0.114172 0.0985625 0.0910808 0.0878002 0.087192 0.0584909 0.0584841 0.0579614 0.0528703 0.0417099 0.0384167 0.0327803 0.0284788 0.0280609 0.0335263 0.0270813 0.0259098 0.0246752 0.016877 0.0164329 0.0147352 0.0144638 0.0130466 0.0128813 0.0107389
threshold=96571.500000000015 1.0000000180025095e-35 4.641437745208993 829.50000000000011 404017.0400000001 283.45000000000005 1.0000000180025095e-35 2676.8050000000007 419.50000000000006 14.500000000000002 1.0000000180025095e-35 3750.3550000000005 43635.000000000007 1.0000000180025095e-35 22.550000000000004 1.1514352060342452 29395.065000000006 1.0000000180025095e-35 1.0000000180025095e-35 35354.160000000011 227.65000000000001 10.500000000000002 1.0000000180025095e-35 1.0000000180025095e-35 0.71512044806843844 0.16296717139927988 0.10172413793103451 2794.7200000000007 58.350000000000001 -3.2337409725332322
decision_type=2 2 2 2 2 2 2 2 2 2 2 2 2 2 2 2 2 2 2 2 2 2 2 2 2 2 2 2 2 2
left_child=1 2 3 8 5 9 7 29 18 13 12 -9 20 25 -10 21 -13 -6 19 -1 -3 -16 -14 -12 -8 -5 -11 -23 -7 -2
right_child=6 10 -4 4 17 28 24 11 14 26 23 16 22 -15 15 -17 -18 -19 -20 -21 -22 27 -24 -25 -26 -27 -28 -29 -30 -31
leaf_value=-0.011610332785855975 0.0023899616705410102 0.016360659909129625 0.0087601643497820791 0.00049148407321668742 -0.0031762416771600327 0.0057241806524075253 -0.0061492248935736257 0.027121952454500865 -0.0032136099933382598 -0.0030851185625625516 -0.006645045563477699 -0.0056172149124802074 -0.0060820196257611123 0.0020388314373625221 -0.0016984410737374434 -0.0024907077370422306 0.0063195640499088077 0.0092185287936253028 0.003193026841769061 0.0023596906828726272 -0.0016289582715955549 -0.00075472754006924167 0.0042561185321753989 0.0028330188857124323 0.0029259137676615763 -0.025265561230794698 0.0053775797053959703 0.016708592771564442 -0.0022562147178228592 -0.0051968334630091524
leaf_weight=0.51597318202584552 0.050123019718739559 1.3659456716591196 0.65606177246081632 0.018270667123489015 0.11252206855442626 0.14421729916648462 0.1815610529731656 0.63680287517581746 0.1245716346725203 0.065246240818851109 0.14505513965491434 0.13864563831384658 0.21785214609872117 0.041856870055198558 0.035027021401219827 0.092471677528692453 0.17186727387070277 0.30504818237477593 0.11784222593269078 0.19917061358182764 0.04379033157329093 0.025301833551338859 0.16145017281132823 0.076662769621179905 0.093758923989298637 1.5529973111315483 0.11470485264362651 0.58284644687114451 0.18433538451586173 0.1143675842495212
leaf_count=1648 12 1974 98 67 566 29 663 222 234 379 561 531 964 3 67 117 26 38 103 148 134 84 134 46 313 20566 24 243 2169 1910
internal_value=0 0.000515973 -0.00440011 -0.00772442 -0.0132221 -0.0177128 0.0159422 0.0199457 0.00236834 -0.0211846 0.00995952 0.0233157 0.0123858 -0.0236798 0.00945073 0.0122112 0.000770441 0.00599405 -0.00611133 -0.00861227 0.0153578 0.0145544 -0.00178622 -0.00373142 -0.00318778 -0.0248914 0.00229501 0.0159645 0.00291866 -0.00281791
internal_weight=0 6.89922 4.88847 4.2324 2.5392 2.12163 1.38713 1.11181 1.6932 1.79308 2.01076 0.947316 1.78904 1.61312 0.860219 0.735647 0.310513 0.41757 0.832986 0.715144 1.40974 0.643175 0.379302 0.221718 0.27532 1.57127 0.179951 0.608148 0.328553 0.164491
internal_count=34073 30396 26583 26485 23841 23237 3677 2701 2644 21039 3813 779 3206 20636 745 511 557 604 1899 1796 2108 394 1098 607 976 20633 403 327 2198 1922
is_linear=0
shrinkage=0.05


Tree=243
num_leaves=31
num_cat=0
split_feature=21 19 0 6 0 15 45 2 32 3 32 38 18 37 4 15 10 37 22 3 24 14 32 38 38 12 15 0 12 19
split_gain=0.230392 0.181559 0.207857 0.144978 0.180707 0.0872045 0.0745455 0.0704914 0.0591608 0.0483273 0.0455262 0.0447421 0.0595846 0.0436203 0.0394731 0.0381104 0.0367859 0.0240233 0.0226097 0.0209227 0.0148083 0.0128042 0.00935945 0.00713646 0.00652294 0.00649764 0.00594139 0.0050668 0.00469238 0.00327604
threshold=5.2896122685185194 18.741325231481486 1212.7500000000002 1.0000000180025095e-35 106.38000000000001 98372.000000000015 1.0000000180025095e-35 0.52030952228895944 0.059714795008912663 -2.186798405615956 0.087595907928388769 1.2319654593938731 1.0000000180025095e-35 43.050000000000004 1.0000000180025095e-35 146785.00000000003 76200.015000000014 223.05000000000004 1.0000000180025095e-35 -1.5113666567566999 1.5000000000000002 10793.245000000001 0.30151515151515157 2.9674897060337968 2.9674897060337968 171661.18500000003 182.50000000000003 1452.575 14966.470000000003 20.02514467592593
decision_type=2 2 2 2 2 2 2 2 2 2 2 2 2 2 2 2 2 2 2 2 2 2 2 2 2 2 2 2 2 2
left_child=3 2 19 4 -1 16 7 -4 9 -3 -10 12 -5 -9 18 21 20 23 -11 26 25 -7 -15 -8 28 -6 -2 -20 -21 -12
right_child=1 8 6 11 5 15 17 13 10 14 29 -13 -14 22 -16 -17 -18 -19 27 24 -22 -23 -24 -25 -26 -27 -28 -29 -30 -31
leaf_value=0.0084612995635482743 -0.0018534329312202133 0.0037778172366232481 -0.0027236149130362526 -0.0045925619230951092 -0.023524728029987254 0.0086386756175347319 -0.007032345393839786 -0.0012071938121584825 0.0096608694683567361 -0.016662415047848111 0.00064750087506645383 -0.0044748109309949912 0.013058897804458632 0.022187572966976116 0.002549659730836094 -0.0058283024154573339 0.0016032361603938125 0.0044434730500586671 -0.0022146689474640035 -0.010227168447143302 9.3522217997895685e-05 -0.0016734961089166535 0.00055778938363289872 0.0011686829757451341 0.00075778723311714636 0.00024855299172398356 0.0037257743170065029 0.002659869503211829 0.00039951671504097786 -0.0054304326995069409
leaf_weight=0.21597921524971786 0.038406052209666086 0.11404186474646827 0.11246414389279458 0.099642028049402032 1.1396790437522666 0.19245468199824234 0.1685834099312159 0.11107343647199774 0.28696372416106897 0.49791733973302144 0.03754885753551207 0.16198242329846835 0.64490836190816481 2.8109434972316198 0.088728142047330039 0.12846268340399547 0.033094328653532901 0.11398667072398894 0.058262479589757277 0.3323801900573925 0.061504946456807263 0.03428422036995471 0.10380937420268299 0.023748975790113036 0.015510981280385749 0.0081013698218156405 0.15312224669060015 0.097143952029000502 0.033838649224207984 0.14468472876524174
leaf_count=195 178 242 289 86 8547 125 919 810 273 11211 62 15 68 4008 40 904 3 232 102 3766 144 186 150 6 8 9 606 103 78 769
internal_value=0 0.00916663 0.0136824 -0.00667087 -0.0128119 -0.0178381 0.0177133 0.019525 -0.00452028 -0.00937443 0.00468887 0.00589073 0.0094182 0.0208231 -0.012404 0.00147088 -0.0215527 -0.00158573 -0.0147487 -0.00640215 -0.0226252 0.00698629 0.0217565 -0.00588883 -0.00900603 -0.0233193 0.00199043 0.000497278 -0.00967154 -0.0046897
internal_weight=0 5.34316 4.01787 2.72009 1.81356 1.59758 3.44461 3.13829 1.32529 0.856094 0.469197 0.906533 0.74455 3.02583 0.742052 0.355202 1.24238 0.306319 0.653324 0.573258 1.20929 0.226739 2.91475 0.192332 0.38173 1.14778 0.191528 0.155406 0.366219 0.182234
internal_count=34134 23852 11050 10282 10113 9918 6414 5257 12802 11698 1104 169 154 4968 11456 1215 8703 1157 11416 4636 8700 311 4158 925 3852 8556 784 205 3844 831
is_linear=0
shrinkage=0.05


Tree=244
num_leaves=31
num_cat=0
split_feature=22 6 37 32 18 21 32 15 35 15 15 9 11 17 21 3 30 15 37 2 15 15 38 21 39 37 3 19 20 37
split_gain=0.246645 0.214339 0.183916 0.134414 0.116441 0.100705 0.0644121 0.064365 0.0618319 0.0598325 0.0408768 0.0304099 0.0303871 0.0297718 0.025218 0.0242028 0.0199199 0.017157 0.0151579 0.0141472 0.0131502 0.0104026 0.0102592 0.00977357 0.00884482 0.0101532 0.00688931 0.0059152 0.00538088 0.00498769
threshold=1.0000000180025095e-35 1.0000000180025095e-35 227.85000000000005 0.057983193277310933 1.0000000180025095e-35 5.5592071759259269 0.22474747474747478 142099.50000000003 1.0000000180025095e-35 545.50000000000011 18398.000000000004 2.5000000000000004 2.5000000000000004 4.5000000000000009 11.712980324074076 1.3338462316657287 5.5000000000000009 65180.500000000007 161.95000000000002 19.249882541093541 248507.50000000003 182.50000000000003 0.10846262257064267 9.0861226851851864 1.0000000180025095e-35 194.85000000000005 -0.92562907532061811 23.05771990740741 2.5000000000000004 196.15000000000001
decision_type=2 2 2 2 2 2 2 2 2 2 2 2 2 2 2 2 2 2 2 2 2 2 2 2 2 2 2 2 2 2
left_child=1 2 3 7 19 -4 14 8 9 12 13 24 21 -6 -5 26 -9 22 -14 -3 27 -1 -16 -17 25 -11 -7 -2 -25 -27
right_child=20 4 5 6 10 15 -8 16 -10 11 -12 -13 18 -15 17 23 -18 -19 -20 -21 -22 -23 -24 28 -26 29 -28 -29 -30 -31
leaf_value=-0.0021662710619912802 0.013838790209766003 -0.0088713840877784386 -0.0079737798772154204 -0.0026795985583807393 -3.8642680916480549e-05 0.0022725569208648022 -0.0075903800463085983 0.0053606205152943644 0.0027829698159649897 -0.027664018876328411 -0.00097266330269279153 0.00094625536665156904 -0.0092755301499150948 0.018844685361477959 -0.0009234380976261737 -0.00057661667483272373 -0.0040735846900585779 -0.0016353606183948204 0.0014733017504347445 0.0017950305592453173 -0.00073740629273832373 0.0054368482518907637 0.012169793640653855 0.014983984628187761 -0.00054255420036435965 0.0018461976677673756 -0.0034261651307525933 0.00032485428438178658 -0.00017316136058488716 -0.0031688878447005929
leaf_weight=0.045225507855322422 1.5777831350860649 0.21911048572292169 0.18683347973887965 0.05640832443259558 0.23509264033782529 0.11077215810246344 0.17858482302608536 0.14368953783923633 0.057450329884886631 1.3652106147185348 0.28304918095818721 0.037116446997060737 0.42050068721118805 0.61170666613179492 0.018793728052060032 0.035973811863641458 0.13055494570267001 0.033653433389190468 0.11359826209582025 0.035803172737360001 0.070107140880281693 0.25228869605734872 0.49619551701107412 0.4937040625550253 0.075550813337485923 0.040121664486605257 0.07502963750289382 0.1340952361406379 0.0373923654947248 0.10862100701274358
leaf_count=307 750 347 1302 348 13 645 1011 20 3 19831 14 74 866 53 142 35 1905 198 231 1 15 164 387 268 519 79 2810 176 65 1556
internal_value=0 -0.00496456 -0.00986097 -0.0142883 0.00843711 0.00566177 0.00213079 -0.0182454 -0.0201026 -0.0212875 0.0136519 -0.0253658 -0.00381684 0.01642 0.00794146 0.0116641 0.00119716 0.0100586 -0.00751922 -0.00713667 0.0126718 0.00350228 0.0113978 0.0137866 -0.0261083 -0.0266608 -0.000977344 0.0132904 0.0145007 -0.00138658
internal_weight=0 5.89803 4.51327 3.57356 1.38476 0.939706 0.783636 2.78993 2.51568 2.45823 1.12985 1.62662 0.831613 0.846799 0.605051 0.752872 0.274244 0.548643 0.534099 0.254914 1.78199 0.297514 0.514989 0.56707 1.5895 1.51395 0.185802 1.71188 0.531096 0.148743
internal_count=34135 33194 32766 27641 428 5125 2086 25555 23630 23627 80 22059 1568 66 1075 3823 1925 727 1097 348 941 471 529 368 21985 21466 3455 926 333 1635
is_linear=0
shrinkage=0.05


Tree=245
num_leaves=31
num_cat=0
split_feature=13 17 2 2 17 22 15 14 34 36 30 0 2 22 38 38 30 9 19 36 25 30 32 32 21 17 0 30 10 15
split_gain=0.192855 0.250099 0.13575 0.127805 0.109725 0.0787205 0.0650719 0.0644626 0.0621037 0.0600144 0.0562185 0.049152 0.0448916 0.0510816 0.0366718 0.035922 0.0243556 0.0264634 0.0242539 0.0240767 0.0228888 0.0214639 0.020044 0.0184899 0.0166522 0.0141885 0.0109285 0.0108258 0.00975824 0.00972903
threshold=12.500000000000002 5.5000000000000009 2.7962566456686622 0.61716727723923037 9.5000000000000018 1.0000000180025095e-35 545.50000000000011 14341.955000000002 1.0000000180025095e-35 23.950000000000003 6.5000000000000009 14507.855000000001 0.5739348187714487 1.0000000180025095e-35 2.9674897060337968 0.0047210179234691068 19.500000000000004 2.5000000000000004 19.450028935185191 856.05000000000007 1.0000000180025095e-35 13.500000000000002 0.054804804804804812 0.082207207207207214 5.2896122685185194 7.5000000000000009 10404.465000000002 3.5000000000000004 10456.185000000001 13666.500000000002
decision_type=2 2 2 2 2 2 2 2 2 2 2 2 2 2 2 2 2 2 2 2 2 2 2 2 2 2 2 2 2 2
left_child=1 9 3 12 5 6 -4 -3 18 15 27 14 13 26 19 -1 17 20 23 28 -12 -17 -8 -9 29 -14 -2 -5 -11 -13
right_child=2 7 4 10 -6 -7 22 8 -10 11 16 24 25 -15 -16 21 -18 -19 -20 -21 -22 -23 -24 -25 -26 -27 -28 -29 -30 -31
leaf_value=-0.0039019521159513247 -0.0098510452084265773 -0.0013078396232670923 0.0045168667404604209 -0.0029293911460747252 0.012656444734201716 0.0070838958153649038 -0.014641257067561917 0.027697542866661252 -0.00088561812715423106 -0.01526059223991502 -0.022379526893931918 0.0021730603807663322 0.010688469378630277 0.0056090548558145855 0.0028597358188642234 -0.0015602370822779543 -0.00054447767889157493 0.00082963208959146724 6.9250350022898797e-05 0.0017014158313873537 0.0009345342504657871 0.011255733384640115 0.0012907914872403604 -0.00038724615389985342 0.0062213059708410082 -0.0014719334188014591 0.0012228081386360886 0.0040538017165147695 0.00063220750514402565 -0.0049890151899049939
leaf_weight=0.14171665878598139 0.40768200858292436 0.18022899237962509 0.15088884128817903 0.10746903788640327 0.90441180524612708 0.24951466573111247 0.69052546702232576 0.99578345457985029 0.16891766044545864 0.64900794371487769 0.91001364116777927 0.08666169515799993 0.25604689891838461 0.20325261376638082 0.059825098564033397 0.14412877556242165 0.22781414860310167 0.06450360525650467 0.092157423676553551 0.039287565707127214 0.029187547634137445 0.38943995894214822 0.052113476935119252 0.032263506205708836 0.19855825058675691 0.030226809290525125 0.02737100868489506 0.18121981079639227 0.020806896206977399 0.10898600057225849
leaf_count=2273 3774 1235 27 223 332 55 787 683 523 7428 11873 72 345 185 12 495 1504 96 621 20 68 574 66 78 179 289 8 110 54 95
internal_value=0 0.0107572 -0.00349911 -0.00986345 0.00484324 -0.00435993 -0.00960902 0.0212102 0.0235544 -0.00212655 -0.0158814 -0.00713556 0.00314201 -0.00357794 -0.0111482 0.00561046 -0.018628 -0.0204123 0.0259193 -0.0133118 -0.0215467 0.00903387 -0.0134241 0.0270598 0.0030736 0.00925837 -0.00878773 0.00119829 -0.0146839 -0.00265243
internal_weight=0 3.30777 4.49224 2.44479 2.04745 1.14304 0.893528 1.46935 1.28912 1.83842 1.52021 1.16313 0.924579 0.638306 0.768928 0.675285 1.23152 1.0037 1.1202 0.709102 0.939201 0.533569 0.742639 1.02805 0.394206 0.286274 0.435053 0.288689 0.669815 0.195648
internal_count=34084 14342 19742 18475 1267 935 880 3140 1905 11202 13874 7860 4601 3967 7514 3342 13541 12037 1382 7502 11941 1069 853 761 346 634 3782 333 7482 167
is_linear=0
shrinkage=0.05


Tree=246
num_leaves=31
num_cat=0
split_feature=23 33 2 17 37 24 36 16 6 25 10 14 15 23 37 38 30 15 15 14 45 12 8 32 3 12 2 21 3 14
split_gain=0.169252 0.239567 0.132594 0.123531 0.127101 0.126023 0.0867323 0.0712996 0.0636782 0.0645576 0.0514651 0.0486919 0.036689 0.056794 0.0312165 0.0287409 0.0240915 0.0228593 0.0436755 0.0247359 0.0223731 0.02151 0.0186397 0.0157192 0.0153449 0.0118312 0.0117422 0.0108546 0.0106935 0.00929323
threshold=34.2122800925926 1.0000000180025095e-35 0.24344554179186695 14.500000000000002 562.85000000000002 1.5000000000000002 29.850000000000005 4.5000000000000009 2.5000000000000004 1.0000000180025095e-35 46855.730000000003 20082.185000000005 17249.000000000004 9.6745891203703724 139.95000000000002 2.1517133772149184 10.500000000000002 98372.000000000015 100339.00000000001 466359.55500000005 1.0000000180025095e-35 8811.885000000002 1785.5300000000002 0.087595907928388769 2.8025866982932452 10706.185000000003 2.7338532495338232 37.188472222222224 -2.1014494415733505 507135.53500000009
decision_type=2 2 2 2 2 2 2 2 2 2 2 2 2 2 2 2 2 2 2 2 2 2 2 2 2 2 2 2 2 2
left_child=1 2 16 4 5 8 24 11 9 10 15 -8 -3 25 28 17 -1 19 -19 22 23 -5 -4 27 -2 -14 -6 -13 -15 -21
right_child=6 12 3 21 26 -7 7 -9 -10 -11 -12 20 13 14 -16 -17 -18 18 -20 29 -22 -23 -24 -25 -26 -27 -28 -29 -30 -31
leaf_value=-0.0025854384347730472 -0.0064079204414055069 0.014627345774344656 -0.025555036286460431 0.0088182370042157836 -0.0017793046770166938 0.0046181714656110748 -0.0018746886234259231 -0.0034363707974734876 0.0030666217661504294 0.0026973705745376173 0.0020454518071390385 0.02420871084839165 0.0092692700099328892 0.0011317628521880817 0.0028722622879327679 0.00032972268061693191 0.010113648053774786 0.0059164069304194393 -0.0078977717748765844 0.0029281331001985772 -0.00083422131736745416 -0.0024306926397881781 0.00024560303494868658 -0.0004959261567869821 0.0026201247575444587 -0.0012255094676739062 0.0074690583261582122 0.0001634071312139434 -0.010416800960873955 -0.0036576506866972478
leaf_weight=0.053915000537017366 0.14612473006764037 0.79047520758217604 2.13028691395471 0.26296452464248421 0.036721535523156379 0.28168344970617898 0.074070334334464638 0.072479787685551855 0.066185633768327423 0.084831588272208935 0.068015918073797255 0.79562748453463428 0.45389814746226853 0.025390314400283276 0.26024721401245188 0.11260497107718936 0.3820528025294152 0.12537908643980689 0.22892531267893901 0.085803850882257282 0.032842356300534448 0.12204630603446276 0.052254152984460123 0.028667147526903136 0.092947538192674983 0.071989532392535693 0.2348946465208428 0.062226433215528232 0.31753500408467528 0.078276079698753165
leaf_count=114 1719 1577 19760 188 271 435 1158 232 9 157 43 994 759 18 578 450 562 72 2336 100 335 183 58 113 17 124 63 595 854 204
internal_value=0 -0.00169691 -0.00773847 -0.0106809 -0.0134115 -0.0159662 0.0139229 0.0177029 -0.0185493 -0.0196831 -0.0208672 0.0201954 0.010073 0.00151175 -0.00557909 -0.0218122 0.00783636 -0.022575 -0.00225029 -0.0240543 0.0220238 0.00607199 -0.0250542 0.0228639 -0.00361611 0.00797099 0.00580274 0.0234913 -0.0093557 -0.00065681
internal_weight=0 6.32638 4.40684 3.97087 3.58586 3.31425 1.30499 1.06591 3.03256 2.96638 2.88155 0.993434 1.91954 1.12906 0.603173 2.81353 0.435968 2.70093 0.354304 2.34662 0.919363 0.385011 2.18254 0.886521 0.239072 0.525888 0.271616 0.857854 0.342925 0.16408
internal_count=34078 28915 25005 24329 23958 23624 5163 3427 23189 23180 23023 3195 3910 2333 1450 22980 676 22530 2408 20122 2037 371 19818 1702 1736 883 334 1589 872 304
is_linear=0
shrinkage=0.05


Tree=247
num_leaves=31
num_cat=0
split_feature=17 13 17 34 16 22 37 23 15 14 14 37 14 38 0 0 38 12 37 37 37 13 45 30 0 23 37 30 20 12
split_gain=0.131669 0.195776 0.162523 0.0920259 0.0880003 0.0861865 0.0813617 0.0635001 0.0478063 0.046043 0.0438519 0.0374501 0.063396 0.0325042 0.0243976 0.0210512 0.0204322 0.0202882 0.0188318 0.0221721 0.0183037 0.0181327 0.0166157 0.015639 0.0142799 0.0127024 0.00976708 0.0087888 0.0106329 0.00852196
threshold=5.5000000000000009 12.500000000000002 8.5000000000000018 1.0000000180025095e-35 5.5000000000000009 1.0000000180025095e-35 767.50000000000011 30.395277777777782 970.50000000000011 33122.295000000006 14823.185000000003 71.750000000000014 211977.28 0.16845636751959334 35003.370000000003 49226.510000000002 0.08294502958867693 959.05500000000006 70.050000000000011 55.050000000000004 173.75000000000003 15.500000000000002 1.0000000180025095e-35 5.5000000000000009 311.35000000000008 1.7902141203703705 184.35000000000005 9.5000000000000018 2.5000000000000004 27692.095000000005
decision_type=2 2 2 2 2 2 2 2 2 2 2 2 2 2 2 2 2 2 2 2 2 2 2 2 2 2 2 2 2 2
left_child=5 3 4 10 8 6 7 18 21 -4 -2 14 16 -7 -11 24 -13 -18 19 -1 -9 -3 -19 -5 -10 -23 -27 -12 -29 -14
right_child=1 2 9 23 -6 13 -8 20 15 11 27 12 29 -15 -16 -17 17 22 -20 -21 -22 25 -24 -25 -26 26 -28 28 -30 -31
leaf_value=-0.00549339843781399 -0.00011182675220350145 0.0049807969372674989 -0.0034768578131619703 0.0036792287023491542 0.0071197927521666031 -0.0033177721737668027 0.0061749048581600336 -0.0032683161166291185 0.00079350040031988221 -0.0057839658384555084 0.00019294300392705345 -0.0011230499873036467 0.0022154033383797898 0.0093716433400674523 0.0045474727959828529 0.00089595383211773366 -0.0011756149591027202 0.018127920406334652 -0.017304227040104609 0.0043589108828220001 0.0059310224894679256 0.0024953582455822469 -0.00052481134899199353 -0.0046471538952980477 -0.016446953308771196 -0.0071743553887492727 0.001436801894082165 0.026925209636503203 1.0563127417768414e-05 -0.0039748384179219311
leaf_weight=0.12071134937264127 0.16573469430227294 0.19573087546723389 0.17972347231670971 0.09306879882387864 0.15556821357495199 0.1469054671251796 0.15572491011880618 0.14197410776250752 0.033464850372183497 0.206115160011905 0.04743407719888626 0.043244051305009523 0.15429068443881977 0.57571052017192414 0.12441701714851661 0.096706014410301577 0.027888339434411935 1.3600875507718226 0.78801042478175987 0.1792014114387257 0.19027907615736694 0.055793787105358206 0.067694015071992797 0.22189031781772428 0.8865782987518287 0.24327518296536255 0.064283308129688521 1.0250115927860859 0.038172411395407724 0.25610295289925489
leaf_count=2881 913 215 2001 39 109 102 75 1540 287 1245 177 217 212 194 24 29 123 2020 8711 514 593 18 512 887 8114 467 159 934 228 457
internal_value=0 0.00958047 0.0022606 0.0204336 -0.00724854 -0.00319267 -0.00834383 -0.0118295 -0.0108804 0.00919501 0.0239886 0.0109711 0.0128579 0.00636348 -0.0014001 -0.0144915 0.0159442 0.0167021 -0.0153055 -0.00078196 0.00249745 0.000769518 0.0173917 -0.00125986 -0.0157332 -0.00348842 -0.00565216 0.0259341 0.0264324 -0.00172688
internal_weight=0 5.74228 4.15096 1.59131 1.7314 2.29852 1.5759 1.42018 1.57583 2.41956 1.27635 2.23984 1.90931 0.722616 0.330532 1.01675 1.49891 1.45567 1.08792 0.299913 0.332253 0.559083 1.42778 0.314959 0.920043 0.363352 0.307558 1.11062 1.06318 0.410394
internal_count=33997 19387 16209 3178 9398 14610 14314 14239 9289 6811 2252 4810 3541 296 1269 8430 2872 2655 12106 3395 2133 859 2532 926 8401 644 626 1339 1162 669
is_linear=0
shrinkage=0.05


Tree=248
num_leaves=31
num_cat=0
split_feature=19 21 33 3 0 14 0 2 30 13 37 15 15 13 13 9 32 30 3 14 14 23 0 14 0 21 13 12 2 19
split_gain=0.170542 0.248651 0.109746 0.0984139 0.138918 0.14215 0.0881435 0.0552992 0.0592449 0.0482245 0.0372345 0.0362473 0.0296949 0.029144 0.0292884 0.0270507 0.0257888 0.0204649 0.0215292 0.0200179 0.017573 0.0108613 0.0101646 0.00909287 0.00809366 0.00749083 0.00728504 0.00718981 0.00577265 0.00349417
threshold=13.743252314814816 5.5592071759259269 1.0000000180025095e-35 4.641437745208993 106.38000000000001 356451.57500000007 1145.075 0.52030952228895944 22.500000000000004 12.500000000000002 43.050000000000004 17621.000000000004 38777.500000000007 6.5000000000000009 5.5000000000000009 2.5000000000000004 0.40370370370370373 19.500000000000004 3.4357288626039613 4570.7200000000012 43424.875000000007 36.105028935185196 35003.370000000003 31582.470000000005 271.13500000000005 34.846446759259265 33.500000000000007 171661.18500000003 0.12813749444333472 13.387528935185186
decision_type=2 2 2 2 2 2 2 2 2 2 2 2 2 2 2 2 2 2 2 2 2 2 2 2 2 2 2 2 2 2
left_child=1 3 15 4 -1 13 20 -8 10 -5 -9 -11 23 14 -6 17 19 18 28 -12 29 -19 -7 -4 -14 -25 -21 -15 -2 -3
right_child=2 6 12 9 5 22 7 8 -10 11 16 -13 24 27 -16 -17 -18 21 -20 26 -22 -23 -24 25 -26 -27 -28 -29 -30 -31
leaf_value=0.0082130606863696481 0.00019260500807119859 -0.0068760817220789418 -0.0011204134773424286 0.01062712307799488 -0.0061253887455129802 -0.0017337520434745628 -0.0029542135212595501 -0.0014500273702951231 -0.0027989372696035752 0.0042734762734400527 -0.00094401228510087264 -0.0084923699124955961 0.0017242739940954263 -0.021725614274251775 0.005234406301415564 0.0015217025893921319 -0.0012198541014593271 -0.0036210468483448585 0.0009531152217169234 0.020352860577833001 0.0029151479985193409 0.0033995883478447463 0.0064844596919192274 0.0094340241511649027 -0.0054104651147069034 -0.00079280712660950844 5.5081352261890925e-05 -4.0871231233742876e-05 -0.01908961654148833 0.00057882624890094874
leaf_weight=0.20796540406536257 0.019400708813918532 0.22132401554881687 0.040257812706840812 0.42381010830285948 0.14529379420855537 0.048048567055957281 0.091208121404861564 0.09166567678130455 0.10239009889164652 0.21266037470195442 0.026919745429268782 0.18725815176730976 0.037782959655487502 1.024405084427144 0.13642846540960818 0.061391337949316838 0.037118899535926064 0.10098198725495422 0.048830960295163095 2.447117809299471 0.12770517444801044 0.10424752696644646 0.31486263357146527 0.3792570395939947 0.15943401944196012 0.039705386004698084 0.050287152323335138 0.042808401602087431 0.84503024156560969 0.01484116057463325
leaf_count=193 34 2441 440 27 2562 185 243 626 52 27 54 17 22 6920 486 173 76 1156 15 2999 275 290 42 353 751 79 182 9 13372 43
internal_value=0 0.00536901 -0.00920349 -0.00486973 -0.00974744 -0.0141534 0.013197 0.0156211 0.0168589 0.00560974 0.018176 -0.00350046 0.00394732 -0.0191963 -0.00083235 -0.0149744 0.0190883 -0.0161708 -0.0177837 0.0196483 -0.00331636 -0.000193092 0.00492264 0.00755344 -0.00374506 0.00858913 0.0200768 -0.0212963 -0.0187857 -0.00631834
internal_weight=0 5.95412 1.83632 2.74354 1.91981 1.71185 3.21058 2.84671 2.7555 0.823729 2.65311 0.399919 0.656437 1.34894 0.281722 1.17988 2.56144 1.11849 0.913262 2.52432 0.36387 0.20523 0.362911 0.45922 0.197217 0.418962 2.4974 1.06721 0.864431 0.236165
internal_count=34144 17459 16685 10468 10397 10204 6991 4232 3989 71 3937 44 1645 9977 3048 15040 3311 14867 13421 3235 2759 1446 227 872 773 432 3181 6929 13406 2484
is_linear=0
shrinkage=0.05


Tree=249
num_leaves=31
num_cat=0
split_feature=22 19 32 15 15 23 45 30 23 14 32 23 19 30 0 36 11 36 14 12 38 14 38 15 30 36 16 2 36 15
split_gain=0.234917 0.104502 0.164035 0.17795 0.100579 0.0759748 0.0778638 0.0733579 0.070597 0.0684459 0.0472462 0.0370406 0.0547437 0.0357886 0.0327138 0.0304137 0.0281167 0.0280776 0.0277146 0.0236215 0.022953 0.0214737 0.0192602 0.0153066 0.0137945 0.0136139 0.00956498 0.00926462 0.00815721 0.011479
threshold=1.0000000180025095e-35 0.027800925925925927 0.036038961038961044 154583.50000000003 17249.000000000004 8.0583275462962991 1.0000000180025095e-35 1.5000000000000002 19.219704861111115 18400.845000000005 0.22474747474747478 1.0000000180025095e-35 0.027800925925925927 5.5000000000000009 45425.610000000008 856.05000000000007 11.500000000000002 12.450000000000001 202916.24000000005 2794.7200000000007 0.17778135142181586 13540.130000000003 1.5819794665278972 93744.500000000015 10.500000000000002 176.85000000000005 3.5000000000000004 0.45211033048708277 48.050000000000004 7773.5000000000009
decision_type=2 2 2 2 2 2 2 2 2 2 2 2 2 2 2 2 2 2 2 2 2 2 2 2 2 2 2 2 2 2
left_child=1 4 3 7 5 -1 17 -3 -4 14 18 12 20 -11 25 -15 23 26 19 -10 -2 -19 28 -9 -5 -6 -7 -21 -23 -30
right_child=11 2 8 24 9 6 -8 16 10 13 -12 -13 -14 15 -16 -17 -18 21 -20 27 -22 22 -24 -25 -26 -27 -28 -29 29 -31
leaf_value=-0.0055082120037391802 -0.0020128283224262549 0.0023633102087761921 -0.007028929748096548 0.0087093061285442638 -0.0061835969910258928 -0.0038476961201019903 -0.0044391903529775612 -0.024485897562779073 -0.0014861373102872141 0.0023519595621746422 -0.0038236347827943192 0.018979995064899349 -0.0066861937652704963 -0.015796767174575461 0.0086727995088954277 0.002016058954478052 0.0011083840020215854 -0.0011849828603855356 -0.0016161058975191198 -0.00047675439896909162 0.009485372570589394 0.01972936035052876 -0.0004009707911922086 -0.00082223464213694412 -0.0017821823482357191 0.0024185317319700105 0.00287406762031433 0.016037026206963977 -0.0022087269137717534 0.0051084361895743545
leaf_weight=0.2110243011597962 0.17883052430988733 0.13426004735811181 0.16315328813516294 0.2023242393061081 0.14017742546366185 0.08228656963206038 0.19659856780663165 1.2284674204706787 0.0496374745812318 0.10389615422718634 0.1046483387981425 0.72482565749669436 0.15381047739174392 0.51377727364001657 0.23622658476233482 0.04145600157789886 0.031069570714862382 0.043927817279381887 0.11313656404399808 0.030179821195815748 0.76984562180587091 0.83231044997137338 0.10910493946857958 0.14407544987420795 0.036936306476491154 0.087274042640501648 0.075529277508849191 0.58867937332183828 0.22567140592582291 0.15010056480423373
leaf_count=1334 61 39 1141 259 1735 643 398 21317 425 26 574 351 468 1349 6 7 64 130 162 56 77 163 54 1333 932 186 93 381 225 126
internal_value=0 -0.00322383 -0.00884126 -0.0155052 0.00288066 0.00839927 0.0115084 -0.0203648 0.0045028 -0.00608443 0.00922658 0.0139487 0.00318683 -0.0115825 0.00430474 -0.0140256 -0.0226176 0.0145155 0.0121393 0.0140406 0.00739726 0.0159402 0.0167762 -0.0233955 0.0069585 -0.0036016 -0.000926888 0.0154347 0.0178066 0.00230274
internal_weight=0 5.87593 2.82657 1.77713 3.04936 1.92655 1.71553 1.53787 1.04943 1.12281 0.886282 1.82731 1.10249 0.659129 0.463678 0.555233 1.40361 1.51893 0.781633 0.668497 0.948676 1.36112 1.31719 1.37254 0.239261 0.227451 0.157816 0.618859 1.20808 0.375772
internal_count=34115 33158 26683 23944 6475 3166 1832 22753 2739 3309 1598 957 606 1382 1927 1356 22714 1434 1024 862 138 698 568 22650 1191 1921 736 437 514 351
is_linear=0
shrinkage=0.05


Tree=250
num_leaves=31
num_cat=0
split_feature=13 18 34 6 21 12 38 19 23 2 2 24 12 14 14 14 21 21 23 11 30 17 3 17 0 9 0 21 10 14
split_gain=0.131384 0.117889 0.108507 0.108296 0.128043 0.0930132 0.110073 0.116986 0.0821565 0.0720636 0.0478634 0.0445606 0.0369755 0.0294034 0.0268806 0.0233365 0.0219563 0.0217648 0.0213304 0.0205256 0.0195202 0.0228879 0.0187693 0.0185913 0.0183288 0.017886 0.0166031 0.0149487 0.0142296 0.0115103
threshold=15.500000000000002 1.0000000180025095e-35 1.0000000180025095e-35 1.0000000180025095e-35 4.5479340277777789 6107.5550000000012 1.7718230875007053 18.741325231481486 7.885422453703705 3.973382124839397 0.12813749444333472 2.5000000000000004 53067.835000000014 73996.270000000019 7687.4050000000016 54265.05000000001 17.369594907407411 18.001319444444448 0.15022569444444447 4.5000000000000009 19.500000000000004 7.5000000000000009 2.1834855719553268 4.5000000000000009 106.38000000000001 2.5000000000000004 1110.7600000000002 5.2896122685185194 8795.9550000000017 152800.15000000002
decision_type=2 2 2 2 2 2 2 2 2 2 2 2 2 2 2 2 2 2 2 2 2 2 2 2 2 2 2 2 2 2
left_child=2 9 5 4 10 6 7 8 23 11 -3 25 18 22 -10 19 -8 -6 -7 20 21 -16 24 -1 -4 -2 -20 -24 -28 -11
right_child=1 3 13 -5 17 12 16 -9 14 29 -12 -13 -14 -15 15 -17 -18 -19 26 -21 -22 -23 27 -25 -26 -27 28 -29 -30 -31
leaf_value=-0.0047182366799434884 -0.01662903364527657 0.0032383225144202153 0.0017357818414217886 0.014422749464070257 0.010578320895661341 0.002329142681566654 -0.007488133091937227 -0.0044208176338469806 -0.00026663960044483366 -0.0019760443300176444 -0.015154478999868215 0.0028311796845237776 0.0056691750414875706 0.0034472449257003423 0.028000246501029166 -0.00031289326949409996 0.0031771557917107183 -0.001699521815427349 0.0016722027248113652 -0.00077177965853226626 0.0014388171739826588 -0.00072929894980304239 -0.0035094340922760519 0.0041441239619564394 -0.011430013136774714 0.00070715504537905924 -0.01156967012898189 0.0048551038926917768 0.0010675275891063255 0.0053662146960226044
leaf_weight=0.16376233842811583 1.2439803188819949 0.069013134634587692 0.038309835748805088 0.42329825639899366 0.33394736357331567 0.15509334862781532 0.18270991597319142 0.18052153887447264 0.089943110908734414 0.25258662440592172 0.57956808564154016 0.059685917774913722 0.18333452121032678 0.23461436384309309 1.2912108495131631 0.065631668526748288 0.097773334334306128 0.1645129740354605 0.063599974764429135 0.015550481413811101 0.19360013183859326 0.020094067188438092 0.07466547702506432 0.20781696192921117 0.39081050321988187 0.074606319718895864 0.3451987534433556 0.12497988286486361 0.079902030468019802 0.22161874135963444
leaf_count=2221 13005 89 25 41 62 164 204 3512 792 181 1009 24 230 563 2142 268 269 38 327 51 282 181 41 848 4941 191 2031 56 128 65
internal_value=0 -0.00390947 0.00793704 0.00474021 -0.00388624 0.0113969 0.0150051 0.0179719 0.0207489 -0.0103331 -0.0124202 -0.014109 -0.00176956 -0.00437284 0.0238114 0.0247519 -0.00419255 0.00809618 -0.00604805 0.0255288 0.0260001 0.0274349 -0.00761575 -0.000354017 -0.0098625 -0.0157662 -0.00848534 0.00140911 -0.010112 0.0027678
internal_weight=0 3.42282 4.19912 1.57034 1.14704 3.33574 2.50861 2.22813 2.04761 1.85248 0.648581 1.37827 0.827129 0.86338 1.67603 1.58609 0.280483 0.49846 0.643794 1.52046 1.50491 1.3113 0.628766 0.371579 0.42912 1.31859 0.488701 0.199645 0.425101 0.474205
internal_count=33981 14705 19276 1239 1198 13650 10770 10297 6785 13466 1098 13220 2880 5626 3716 2924 473 100 2650 2656 2605 2323 5063 3069 4966 13196 2486 97 2159 246
is_linear=0
shrinkage=0.05


Tree=251
num_leaves=31
num_cat=0
split_feature=3 2 21 32 12 24 15 32 34 38 0 0 10 21 0 25 15 17 0 32 3 15 15 14 38 14 37 37 37 38
split_gain=0.19159 0.140612 0.132774 0.112505 0.167211 0.0727379 0.0670016 0.0632579 0.0570561 0.0500225 0.0571981 0.0544995 0.0468431 0.0361182 0.032689 0.0309644 0.0240827 0.0210988 0.0210959 0.0204908 0.0193482 0.0179052 0.0174075 0.0167459 0.015645 0.0121101 0.0106826 0.0101865 0.00981172 0.00920617
threshold=0.80203339531218354 0.12813749444333472 5.2896122685185194 0.039607843137254913 56364.785000000011 1.5000000000000002 5529.0000000000009 0.23303167420814483 1.0000000180025095e-35 1.7196581197618641 35003.370000000003 2841.4200000000005 2368.8950000000004 10.40056712962963 2572.9050000000002 1.0000000180025095e-35 419.50000000000006 9.5000000000000018 3403.2600000000007 0.52086956521739147 3.4357288626039613 184309.50000000003 1132.5000000000002 45337.310000000005 0.45159649510788974 552762.34500000009 102.05000000000001 62.95000000000001 666.85000000000014 0.97615214111985771
decision_type=2 2 2 2 2 2 2 2 2 2 2 2 2 2 2 2 2 2 2 2 2 2 2 2 2 2 2 2 2 2
left_child=1 -1 8 4 5 15 12 13 9 10 11 26 20 -5 -8 21 -13 -10 23 25 -4 28 27 -15 -6 -16 -2 -14 -3 -26
right_child=2 3 6 7 24 -7 14 -9 17 -11 -12 16 22 18 19 -17 -18 -19 -20 -21 -22 -23 -24 -25 29 -27 -28 -29 -30 -31
leaf_value=0.010028294292830274 -0.0016205768333505993 -0.024710197148031215 -0.0085621898234478511 -0.003373435315233422 -0.0021596629418488326 0.0026324897386803964 -0.00049652809084813532 -0.0070663697517553041 -0.01107991501624301 -0.0062677316087639996 0.011431740147126813 0.0022603895542661063 -0.0011283338873483847 -0.0009939347311298159 0.020489803946229679 0.0010813160846337778 -0.011182924409056891 0.0018648135285211577 -0.0017171160115329325 -0.0010332335765703851 0.0025062210728249473 0.00020453236612548941 -0.0019104340740941882 0.013715258689321755 0.0090270127724665743 -0.00051728318131603489 0.0074993580523440339 0.0096671014648978433 8.1385635746624108e-05 -0.0011303189059271839
leaf_weight=0.31425512704572645 0.033246603914449446 1.1345230624083344 0.27046662998077442 0.093303576190919446 0.059433846425463233 0.10718389210114754 0.16691648478604282 0.21362002992327689 0.31213908762106246 0.15921416573019076 0.85911337255583931 0.065594225517997984 0.033644677593201777 0.076094281647101525 1.6266600047408699 0.045353198664542904 0.28460156164032924 0.084959450882251986 0.05654980203598825 0.020940324657203635 0.051776544474705588 0.060112454451882402 0.12007599700109495 0.49028300820737059 0.23877772738796921 0.020740589081014948 0.20384446180219129 0.40788397973392421 0.033995568405316479 0.028271171487176616
leaf_count=281 251 21788 866 511 403 354 1438 926 640 45 105 12 37 647 2256 150 749 49 207 54 14 904 181 234 209 22 320 166 157 175
internal_value=0 -0.00561645 0.00884129 -0.00972497 -0.015019 -0.0203255 0.0144442 0.00274205 -0.0010428 0.00360142 0.00680574 -0.00290013 0.00109459 0.00808029 0.0182197 -0.0225653 -0.00885571 -0.00895795 0.0108174 0.0195765 -0.00623334 -0.0235317 0.00659836 0.0123661 0.00582908 0.0201298 0.00594427 0.00863241 -0.024284 0.00790829
internal_weight=0 2.95176 4.72182 2.6375 1.70765 1.38117 2.71911 0.929851 2.00271 1.60561 1.4464 0.587287 0.883848 0.716231 1.83526 1.27398 0.350196 0.397099 0.622927 1.66834 0.322243 1.22863 0.561605 0.566377 0.326483 1.6474 0.237091 0.441529 1.16852 0.267049
internal_count=34151 26946 7205 26665 24140 23353 5034 2525 2171 1482 1437 1332 1264 1599 3770 22999 761 689 1088 2332 880 22849 384 881 787 2278 571 203 21945 384
is_linear=0
shrinkage=0.05


Tree=252
num_leaves=31
num_cat=0
split_feature=36 45 36 14 19 37 22 6 30 1 13 20 38 3 1 14 2 8 13 21 21 38 2 11 19 1 24 23 1 37
split_gain=0.134158 0.152479 0.133808 0.0745163 0.0777777 0.0674657 0.0889184 0.0642742 0.0681665 0.0526975 0.0521273 0.0607856 0.0478705 0.0469162 0.0588459 0.0318838 0.0271015 0.0266421 0.0271805 0.0197093 0.0156507 0.013594 0.0134256 0.011513 0.0093234 0.00968688 0.00916304 0.011465 0.00897722 0.00886202
threshold=57.350000000000001 1.0000000180025095e-35 17.550000000000004 7687.4050000000016 30.700000000000003 666.85000000000014 1.0000000180025095e-35 1.5000000000000002 21.500000000000004 4.6763643659302874 29.500000000000004 2.5000000000000004 1.7718230875007053 4.641437745208993 4.6763643659302874 356451.57500000007 2.7962566456686622 53.395000000000003 5.5000000000000009 4.5479340277777789 25.416626157407411 2.9674897060337968 3.7461379636806407 7.5000000000000009 23.137812500000006 5.811560055633886 1.5000000000000002 40.25133101851852 6.9607698411267638 70.850000000000009
decision_type=2 2 2 2 2 2 2 2 2 2 2 2 2 2 2 2 2 2 2 2 2 2 2 2 2 2 2 2 2 2
left_child=1 2 13 -4 10 6 7 8 21 -3 11 12 17 14 -1 20 -12 18 -5 -8 -16 26 -7 24 25 -20 27 29 -21 -2
right_child=5 9 3 4 -6 22 19 -9 -10 -11 16 -13 -14 -15 15 -17 -18 -19 23 28 -22 -23 -24 -25 -26 -27 -28 -29 -30 -31
leaf_value=0.0052999258629017748 0.00043642395931702384 0.0043172933891835125 -0.0039196726912703152 -0.00066082714508128998 -0.0035948027297582844 -0.0018828063593385514 -0.0029438005337589666 0.0038176461728057416 0.0031984407121398717 -0.01267570616938489 -0.005533610516139654 -0.0018031843031111748 -0.001441046967588721 0.0060291384611167705 -0.014941801958793681 0.0017004778518602303 0.0051212078974566186 -0.0010687298920852826 -0.0001296385729879972 -0.00094590814810498647 0.000327758133777248 0.00069369790880894906 0.0079941517820317966 -0.00031402999521450094 0.0009905412774378901 0.022291829330284056 -0.00017371172565273807 0.00041963522789481415 0.0086365093824676709 -0.020869581505110507
leaf_weight=0.12681988822623658 0.0087271314114329979 0.099158030547186971 0.16044401191038549 0.084442648138976284 0.1730495613601305 0.040914716356382885 0.061456302553778985 0.10371927521737223 0.11766789088187579 0.34322406005298944 0.18287305110061414 0.19304343532235169 0.13414797977111437 0.18664967705262825 0.44426383208178777 0.18967839804827236 0.2060675767261273 0.046431732564087613 0.037084711379067214 0.080902172645437531 0.14223329193418977 0.01840128607909719 0.2424298765254207 0.032193752502280293 0.15126857385257597 3.1116254895603106 0.078434692024529795 0.026850267970075947 0.25405822118955257 0.80940548448074878
leaf_count=130 1 70 1126 186 1112 229 45 51 497 3068 492 896 245 18 5307 188 47 45 127 84 1481 38 46 49 719 3013 231 354 171 14133
internal_value=0 0.00840993 0.0108335 0.0140735 0.0153452 -0.00489876 -0.00855569 -0.0132132 -0.0159246 -0.00851434 0.0166721 0.0181028 0.0193309 -0.00289808 -0.00694192 -0.0107999 -0.000265696 0.0202782 0.0207446 0.0047862 -0.0133663 -0.0187305 0.00621215 0.0213144 0.0215493 0.0220602 -0.019277 -0.019995 0.00734722 -0.0205273
internal_weight=0 6.0447 5.60232 4.51267 4.35223 1.84297 1.55962 1.16321 1.05949 0.442382 4.17918 3.79024 3.59719 1.08965 0.902995 0.776176 0.388941 3.46305 3.41662 0.396417 0.586497 0.941819 0.283345 3.33217 3.29998 3.14871 0.923418 0.844983 0.33496 0.818133
internal_count=34199 18319 15181 8057 6931 15880 15605 15305 15254 3138 5819 5280 4384 7124 7106 6976 539 4139 4094 300 6788 14757 275 3908 3859 3140 14719 14488 255 14134
is_linear=0
shrinkage=0.05


Tree=253
num_leaves=31
num_cat=0
split_feature=21 2 2 32 24 3 10 38 36 36 12 36 25 21 43 12 30 32 32 3 32 5 2 3 12 10 10 0 12 8
split_gain=0.19738 0.141726 0.189421 0.134833 0.0940941 0.0696238 0.0663885 0.0584972 0.0406725 0.0376686 0.035723 0.0339559 0.0215278 0.0214295 0.0205688 0.0145388 0.0139205 0.0136624 0.0109824 0.0108769 0.011364 0.00827145 0.00745152 0.00681794 0.00661664 0.00638334 0.00630534 0.00499188 0.00490464 0.00465197
threshold=21.717251157407411 0.25580276569398636 19.249882541093541 0.063508064516129045 2.5000000000000004 0.58582827101377133 6524.7250000000013 0.24896283901460872 37.550000000000004 36.150000000000013 3677.0700000000002 25.350000000000005 1.0000000180025095e-35 0.10381365740740742 1.0000000180025095e-35 84453.630000000019 11.500000000000002 0.065591397849462371 0.084523809523809543 -0.60238116152116339 0.50862068965517249 1.0000000180025095e-35 0.98946803268642103 1.2612405391485977 171661.18500000003 1135.8150000000003 1413.7100000000003 21445.595000000005 1498.1050000000002 84.14500000000001
decision_type=2 2 2 2 2 2 2 2 2 2 2 2 2 2 2 2 2 2 2 2 2 2 2 2 2 2 2 2 2 2
left_child=1 13 3 4 6 8 12 -7 11 27 -4 26 14 -1 15 -3 -8 -10 21 -11 28 24 -13 -18 29 -19 -2 -5 -21 -9
right_child=5 2 10 9 -6 7 16 18 17 19 -12 22 -14 -15 -16 -17 23 25 -20 20 -22 -23 -24 -25 -26 -27 -28 -29 -30 -31
leaf_value=0.012737778861251693 -0.0047378275889390633 -0.020914070610390363 -0.0019472573065375653 -0.0054441087590565325 0.0050579053507891622 -0.002255744333209902 -0.003992403228350031 0.020386426611520271 -0.0081446235437377355 -0.0011078518628888144 0.011365289614682014 0.01029708834878916 0.00091516328243075942 -0.0010363525195131898 0.00095095292598180157 -0.0010488692837242425 -0.001394044461370036 -0.0020870818969065765 -0.00031077386747777156 -0.00050501851953538247 -0.0011633133553250671 -0.00039148101822376804 -0.0008095420745189855 0.0050567410338883635 -0.00023416768671118837 0.0035270852236711464 0.0014390206221642004 0.0010453844269848475 0.010854216763197753 -0.00013220142288271805
leaf_weight=0.37224505851463607 0.15453054612794437 2.2929762907159583 0.36797274029231619 0.16154336385216073 0.11198711131873995 0.15261143534007704 0.094672151706163166 0.97499345343999244 0.24049506662549902 0.068064248243445036 0.58803732368687633 0.33730560966341727 0.042866861561833391 0.17931994703030796 0.029766881672003254 0.20731195662210655 0.0950728962982339 0.063209643849859276 0.040049353420727019 0.010196049177466193 0.03342633250349536 0.01259823638065416 0.016446629332676821 0.2692681736762097 0.017337720026262105 0.10317672700512048 0.081497834752099152 0.031067872694620746 0.40570220533072643 0.015010393767624919
leaf_count=265 2008 18895 39 529 48 1070 137 2095 4925 201 72 560 128 517 128 216 430 397 133 129 150 20 280 54 6 55 232 14 306 11
internal_value=0 -0.00366236 -0.00680822 -0.0113187 -0.0149753 0.0115832 -0.0167862 0.0165285 0.000301732 0.00416168 0.00786535 0.00568244 -0.0190886 0.0104779 -0.0195908 -0.0200372 0.00035737 -0.00599295 0.0190152 0.008147 0.00934603 0.0195522 0.00956416 0.00358545 0.0198724 0.00143348 -0.00316633 -0.0043985 0.0104157 0.0201652
internal_weight=0 5.3615 4.80993 3.85392 3.14392 2.20926 3.03194 1.2126 0.996662 0.71 0.95601 0.589781 2.57292 0.551565 2.53006 2.50029 0.459013 0.406881 1.05999 0.517389 0.449325 1.01994 0.353752 0.364341 1.00734 0.166386 0.236028 0.192611 0.415898 0.990004
internal_count=34050 22258 21476 21365 20036 11792 19988 3335 8457 1329 111 3080 19367 782 19239 19111 621 5377 2265 786 585 2132 840 484 2112 452 2240 543 435 2106
is_linear=0
shrinkage=0.05


Tree=254
num_leaves=31
num_cat=0
split_feature=19 45 36 23 36 14 0 13 15 32 3 24 38 22 36 32 14 14 13 17 32 38 36 23 3 23 19 13 30 23
split_gain=0.108815 0.0959559 0.103768 0.111972 0.100774 0.0546047 0.0660295 0.0497632 0.0441423 0.0423199 0.0476553 0.052677 0.0369763 0.0346702 0.0344121 0.0335222 0.0315216 0.0399542 0.0314913 0.0318519 0.0309322 0.0269035 0.0241985 0.0244624 0.0196627 0.0166742 0.0142074 0.0127416 0.0120863 0.010912
threshold=18.741325231481486 1.0000000180025095e-35 58.850000000000001 7.885422453703705 15.850000000000003 13540.130000000003 21445.595000000005 29.500000000000004 165.50000000000003 0.059714795008912663 -2.439985648015996 1.5000000000000002 1.694021936689617 1.0000000180025095e-35 326.35000000000008 0.087595907928388769 202916.24000000005 16752.405000000002 6.5000000000000009 7.5000000000000009 0.22474747474747478 0.16845636751959334 856.05000000000007 0.20849537037037039 -5.0641986381414457 7.9839583333333346 2.9727141203703709 31.500000000000004 20.500000000000004 0.030451388888888892
decision_type=2 2 2 2 2 2 2 2 2 2 2 2 2 2 2 2 2 2 2 2 2 2 2 2 2 2 2 2 2 2
left_child=1 2 3 16 25 -6 7 8 -7 10 -2 -12 20 14 -3 -11 17 21 -4 22 -10 -1 23 -20 -19 -5 27 -21 -26 -23
right_child=9 13 18 4 5 6 -8 -9 12 15 11 -13 -14 -15 -16 -17 -18 24 19 26 -22 29 -24 -25 28 -27 -28 -29 -30 -31
leaf_value=-0.0040107261233461962 0.0037553737046867423 -0.012113211665155733 0.005259511690283783 0.0036007068759581831 -0.0015829407363124358 -0.0011782671543418091 -0.00064365983405607105 0.00018028677133966411 0.026055051730946951 0.007864631941256776 -0.015897263256230101 0.0031855273115875167 -0.0010652824849150244 0.0037200680724759592 0.0027878245798441462 -0.0043234971860771883 0.0059132084210027497 0.0020349323022645261 0.0014184954919632426 0.0070337843605214768 -0.00077800515808925373 0.0085175928745789466 0.0024106259142872687 -0.012524414754174618 -0.011771735346823414 -0.0049562449619063404 -0.0029266862652402061 -0.0019611066582863545 0.00074627172180590114 -0.0014230362608287884
leaf_weight=0.095116001729138366 0.097835589606802387 0.31056905406296653 0.30260583618291992 0.071861197854105163 0.16157097808013565 0.081433677187307096 0.29142461740229908 0.25882921904212697 2.1890707131478857 0.23509733249420606 0.49990513844659268 0.10025772090648388 0.056036113709524105 0.17252974443908897 0.11065231387442509 0.18672044839377122 0.22245194998276929 0.042295647610444576 0.16542524569695138 0.31086951074280478 0.052292018910520599 0.27915887270137318 0.075198610817096778 0.45799433160539138 0.39343625191236242 0.38085131983893916 0.081816672783588729 0.062489268012541288 0.092772228977537452 0.034206573654955719
leaf_count=913 166 3459 1447 17 797 70 96 300 1783 276 11320 163 151 124 131 827 132 50 90 380 71 227 32 4403 1219 3114 1277 70 122 759
internal_value=0 0.00794906 0.00978401 0.0128427 0.0163857 0.0189286 0.020175 0.0220198 0.0236394 -0.00548816 -0.00955048 -0.0127109 0.0246096 -0.00528126 -0.00899149 0.0032232 -0.000558763 -0.00435482 -0.0013002 -0.00466381 0.0253821 0.00357224 -0.0082511 -0.0102299 -0.00881035 -0.00205435 0.00272859 0.00519654 -0.0104882 0.00717519
internal_weight=0 6.75296 6.15921 4.70281 3.54337 3.09066 2.92909 2.63766 2.37883 1.11982 0.697998 0.600163 2.2974 0.593751 0.421221 0.421818 1.15944 0.936986 1.4564 1.15379 2.24136 0.408481 0.698618 0.62342 0.528504 0.452713 0.455175 0.373359 0.486208 0.313365
internal_count=33986 21234 17520 9821 6399 3268 2471 2375 2075 12752 11649 11483 2005 3714 3590 1103 3422 3290 7699 6252 1854 1899 4525 4493 1391 3131 1727 450 1341 986
is_linear=0
shrinkage=0.05


Tree=255
num_leaves=31
num_cat=0
split_feature=2 2 2 14 45 14 30 3 12 20 19 38 37 24 18 0 14 23 17 0 23 23 38 37 37 13 38 38 23 37
split_gain=0.155525 0.254306 0.143671 0.14421 0.0981411 0.0912391 0.108596 0.06947 0.05172 0.0489131 0.0534277 0.039618 0.0344822 0.0234225 0.0220135 0.0218369 0.0213043 0.0170858 0.0148648 0.0138 0.0130483 0.0117405 0.00971872 0.00962246 0.00795278 0.00760729 0.0073928 0.00974931 0.00692148 0.00673213
threshold=1.59610900237779 0.2815756514565731 1.6385422311926139 34880.375000000007 1.0000000180025095e-35 466359.55500000005 7.5000000000000009 1.1330830612240095 5537.2500000000009 1.0000000180025095e-35 16.075364583333336 2.9674897060337968 767.50000000000011 2.5000000000000004 1.0000000180025095e-35 600.72500000000002 2438.5500000000006 38.873449074074081 5.5000000000000009 2926.6300000000006 37.822152777777781 33.995486111111113 0.15889260559531251 994.05000000000007 67.250000000000014 32.500000000000007 0.022070947528348824 0.017733858832087983 33.030028935185193 43.050000000000004
decision_type=2 2 2 2 2 2 2 2 2 2 2 2 2 2 2 2 2 2 2 2 2 2 2 2 2 2 2 2 2 2
left_child=1 15 -2 8 7 6 19 -5 11 -9 17 12 16 26 -7 25 -4 -11 -10 21 -12 22 -3 -6 -18 29 27 -8 -26 -1
right_child=2 5 3 4 23 14 13 9 18 10 20 -13 -14 -15 -16 -17 24 -19 -20 -21 -22 -23 -24 -25 28 -27 -28 -29 -30 -31
leaf_value=-0.00051720547305479485 0.021742227356084814 -0.0014953476777624774 0.0010679219762747751 -0.004337556039957946 -0.0078749517262251597 -0.0031649813844193443 -0.0039486216147182852 -0.003176082602319412 -0.0024733398148113206 0.017659516591475018 -0.0046129303061454045 0.0031699595193550563 0.0020872157250295983 0.0011296959143861863 0.0077937030643941939 -0.0014721494686163728 -0.00027528810021573805 -0.00070298505873170954 0.0062329410916481922 -0.0033290466488361588 0.0031364808137751294 -0.0021333919132350276 0.0073164087585337219 0.0013768591299322234 -0.017488626631092633 -0.00049797352170393241 -0.021853078076431304 0.0028649090515421045 -0.00033713046143469578 0.014113292356475786
leaf_weight=0.010445831732340927 0.53751980718516268 0.030750592879940419 0.074460276829313221 0.15358453468047706 0.21835689899080524 0.067426072351736255 0.095882031434257331 0.066656117968250661 0.12983221311537807 1.9083437827505352 0.1674802067004747 0.067756410284346091 0.10081009336772695 0.022992368030827381 0.16018030901614111 0.082571968037882471 0.11295183507309048 0.054483436950249486 0.21886886689685525 0.078747321907940204 0.095951903066634259 0.049434575984378171 0.38216176772698418 0.031588723184540868 0.61872637668443531 0.027714493782241334 1.1454843449560028 0.061715683072861793 0.10250790354348283 0.63963613155056009
leaf_count=158 394 230 265 929 573 357 5069 63 288 717 512 16 41 8 15 273 976 9 294 220 92 153 515 12 2300 59 18074 76 491 825
internal_value=0 -0.00469448 0.0085124 0.00287954 0.00868535 -0.012476 -0.0154418 0.0116869 -0.00715396 0.0137516 0.0150858 -0.010667 -0.0127111 -0.0202123 0.00461363 0.0116524 -0.0145862 0.0170846 0.00356097 0.00177865 -0.00154189 0.00433021 0.00606629 -0.0065396 -0.0158039 0.0131758 -0.0209159 -0.00111049 -0.016663 0.0137072
internal_weight=0 2.85514 4.65988 4.12236 2.69645 2.09478 1.86717 2.4465 1.42591 2.29292 2.22626 1.07721 1.00946 1.32607 0.227606 0.760368 0.908646 1.96283 0.348701 0.541094 0.263432 0.462347 0.412912 0.249946 0.834186 0.677796 1.30308 0.157598 0.721234 0.650082
internal_count=34004 26032 7972 7578 2907 24717 24345 2322 4671 1393 1330 4089 4073 23227 372 1315 4032 726 582 1118 604 898 745 585 3767 1042 23219 5145 2791 983
is_linear=0
shrinkage=0.05


Tree=256
num_leaves=31
num_cat=0
split_feature=21 19 3 6 21 30 15 13 15 10 36 3 13 20 3 3 24 36 38 32 10 21 38 32 3 45 38 36 30 21
split_gain=0.170653 0.217872 0.131399 0.16493 0.112478 0.0954855 0.0732424 0.0689816 0.0637632 0.0548464 0.0519785 0.0485159 0.0386403 0.0257331 0.0256465 0.0242197 0.0175183 0.0173797 0.0170298 0.0159831 0.0152653 0.0130604 0.0129536 0.0115394 0.011441 0.0104223 0.00906151 0.00821933 0.00670668 0.00580265
threshold=11.027870370370371 23.137812500000006 -1.6560845097794652 1.0000000180025095e-35 4.5479340277777789 20.500000000000004 18398.000000000004 49.500000000000007 165.50000000000003 18162.835000000003 17.550000000000004 2.0821601211680192 31.500000000000004 2.5000000000000004 -1.387101158747736 4.641437745208993 2.5000000000000004 27.450000000000003 1.9513285748750844 0.52086956521739147 5931.2350000000015 25.244253472222226 0.25807098338868012 0.49074074074074076 2.0821601211680192 1.0000000180025095e-35 0.29075642632544602 1.0000000180025095e-35 4.5000000000000009 33.190399305555566
decision_type=2 2 2 2 2 2 2 2 2 2 2 2 2 2 2 2 2 2 2 2 2 2 2 2 2 2 2 2 2 2
left_child=2 5 17 4 7 8 22 9 -2 16 21 20 13 19 -3 18 -4 23 -16 25 28 -10 -5 27 -15 -12 -8 -1 -6 -7
right_child=1 14 3 6 11 29 26 -9 10 -11 12 -13 -14 24 15 -17 -18 -19 -20 -21 -22 -23 -24 -25 -26 -27 -28 -29 -30 -31
leaf_value=-0.00069661309698537482 -0.0030342486384267071 0.0020712906753495072 -0.024656718482665763 3.7543775427437717e-05 0.00076244461150075946 -0.0054017498034142995 0.0010507592226800028 0.0029864429013449576 -0.0042676013179080968 0.0012215040494827235 0.021702568170545604 0.0079016378275198612 -0.001289356620769812 -0.0029092902172064535 -0.013930993497659425 0.0020733532930118019 0.00070391891329742032 -0.0016530226243911775 0.0010110545070049872 -0.00070477456212128986 0.0019647581568304983 0.0033996754816904592 0.012478766807997733 -0.0010156613631350003 0.0042486470237135419 0.00023278828990025508 -0.0075564843426649446 0.012932691733389302 -0.0086816547399969982 0.0012351940595921754
leaf_weight=0.014110559024857472 0.12556087500752333 0.14796435466314495 1.0458105801438935 0.25163330139321249 0.04530116374917259 0.2213628141951175 0.12314808825885848 0.06629659378540953 0.16071051664243929 0.13434640641071371 2.3966448215337568 0.28364796390451374 0.10687241939399417 0.17255988504302866 0.42841571877124807 0.042077783495187759 0.01420684834010888 0.038409575037803734 0.073143490937809474 0.020383637132908805 0.10900282692045948 0.098254281407662347 0.44790061767344014 0.023310633709115791 0.10699485915938567 0.079692495899052918 0.16678611998077031 0.3571225904934181 0.25015352165223703 0.028642318295169389
leaf_count=198 363 866 8736 65 87 633 22 30 1748 68 4206 100 518 1221 8532 3 3 557 424 61 160 83 76 10 57 835 26 246 4111 11
internal_value=0 0.00938231 -0.00419252 -0.0082309 -0.0145463 0.0139786 0.00526692 -0.019976 0.0160457 -0.0220307 0.0173566 0.00134199 0.0188282 0.019739 -0.00843927 -0.0107886 -0.0241401 0.00983211 -0.0125298 0.0209477 -0.00560892 -0.000968845 0.0106588 0.0113338 0.00100966 0.0212774 -0.00592018 0.0122844 -0.00776285 -0.00426152
internal_weight=0 4.20928 3.37119 2.93823 1.94877 3.51768 0.989468 1.26066 3.26767 1.19436 3.14211 0.688105 2.88315 2.77628 0.691601 0.543637 1.06002 0.432953 0.501559 2.49672 0.404458 0.258965 0.699534 0.394544 0.279555 2.47634 0.289934 0.371233 0.295455 0.250005
internal_count=34056 19561 14495 13484 13295 9736 189 8837 9092 8807 8729 4458 6898 6380 9825 8959 8739 1011 8956 5102 4358 1831 141 454 1278 5041 48 444 4198 644
is_linear=0
shrinkage=0.05


Tree=257
num_leaves=31
num_cat=0
split_feature=19 23 21 5 0 24 23 17 22 13 13 15 21 19 19 0 17 45 23 15 15 15 36 20 15 11 4 36 37 36
split_gain=0.147127 0.163442 0.123791 0.12854 0.12165 0.100813 0.0977849 0.0706118 0.0562148 0.0548209 0.0457714 0.042164 0.0382465 0.039959 0.0243158 0.0241907 0.0227812 0.0246959 0.0214144 0.0213593 0.021453 0.0201799 0.0178431 0.0144311 0.0145246 0.0124382 0.011112 0.0107256 0.0095713 0.00848882
threshold=0.80135995370370383 19.219704861111115 1.0000000180025095e-35 1.0000000180025095e-35 106.38000000000001 2.5000000000000004 20.418009259259261 8.5000000000000018 1.0000000180025095e-35 8.5000000000000018 49.500000000000007 62525.000000000007 19.843883101851855 33.04210069444445 14.810335648148149 433.62500000000006 3.5000000000000004 1.0000000180025095e-35 27.7352025462963 146785.00000000003 98372.000000000015 237.50000000000003 56.850000000000001 3.5000000000000004 165.50000000000003 1.5000000000000002 1.0000000180025095e-35 236.25000000000003 134.95000000000002 17.050000000000004
decision_type=2 2 2 2 2 2 2 2 2 2 2 2 2 2 2 2 2 2 2 2 2 2 2 2 2 2 2 2 2 2
left_child=2 5 3 4 -1 -2 14 8 15 19 21 16 26 18 -3 -8 -4 23 -14 20 -6 -11 29 24 -18 -5 -9 -19 -13 -20
right_child=1 6 11 25 9 -7 7 12 -10 10 -12 28 13 -15 -16 -17 17 27 22 -21 -22 -23 -24 -25 -26 -27 -28 -29 -30 -31
leaf_value=0.0077726544891891019 -0.020754570238516429 0.014014666698899553 -0.00076280032255301002 -1.7763962904499041e-05 -0.0028270774255981816 0.0046256490008293955 0.00099871431105465636 -0.0064276683842904711 0.0041448651006691668 0.00037628817450832127 0.0020900022450306877 -0.0039046631894721811 -0.0014057389693721471 -0.0039784814448042723 -0.001682139764296958 -0.015531568398927371 -0.00019468720308925974 -0.0035193215987479043 -0.00060934292236375321 -0.0045330483436048247 0.0080710645973641713 -0.020356405306496496 -0.0014396169412857662 -0.00055011913330676218 0.019137997273604795 0.010513691136809057 0.0019587192698464501 0.0034800541604150257 0.0025838479290644471 0.013908631742479652
leaf_weight=0.19796417493125806 0.83852966834535925 0.38339604883253775 0.11806552725874997 0.33845570660196234 0.10078307053049662 0.10146006898139603 0.12454409921906506 0.20646970558868794 0.088885430479422212 0.087531662667970522 0.08393233172591863 0.13521148308041109 0.12704155417645779 0.086000740742974813 0.064151726913223683 0.55206490557861798 0.080761204433201672 0.11612781316875942 0.021087508460368554 0.096359622158615821 0.18705794860397873 0.73323822945008033 0.02959821545982777 0.045982583150589451 1.1814553681306277 0.54390998173039407 0.044040874665370211 0.075031346173773272 0.1951560122729461 0.51918291768060953
leaf_count=180 12146 147 759 13 1240 45 961 627 16 100 34 265 933 1226 517 8477 45 98 295 489 73 3379 657 44 505 46 4 32 205 378
internal_value=0 -0.00633572 0.00620451 -0.00165887 -0.00876505 -0.0170428 0.00201411 -0.00395119 -0.0104614 -0.0135912 -0.0171197 0.0130873 0.00364439 0.00735896 0.012157 -0.013708 0.0152528 0.0163146 0.0102781 0.00108291 0.005023 -0.019153 0.0121191 0.0177467 0.0183618 0.00861066 -0.00456598 -0.00015686 -0.00101064 0.0133143
internal_weight=0 3.18645 4.31702 2.36923 1.48687 0.93999 2.24646 1.79892 0.765494 1.2889 0.904702 1.94779 1.03342 0.782911 0.447548 0.676609 1.61742 1.49936 0.69691 0.384201 0.287841 0.82077 0.569869 1.3082 1.26222 0.882366 0.250511 0.191159 0.330367 0.54027
internal_count=33936 26429 7507 5554 5495 12191 14238 13574 9454 5315 3513 1953 4120 3489 664 9438 1483 724 2263 1802 1313 3479 1330 594 550 59 631 130 470 673
is_linear=0
shrinkage=0.05


Tree=258
num_leaves=31
num_cat=0
split_feature=17 13 14 3 30 37 14 39 32 36 3 38 32 32 0 37 45 37 9 2 38 37 30 36 14 38 11 32 10 33
split_gain=0.193381 0.174165 0.146411 0.145581 0.0511605 0.0474361 0.0462427 0.0353058 0.0300888 0.0374134 0.0479527 0.038313 0.0318829 0.0300558 0.0294628 0.0254435 0.0215615 0.0206618 0.0203169 0.0191101 0.0188269 0.0157989 0.0151492 0.0148284 0.0134807 0.0117915 0.0109496 0.0101125 0.00914969 0.00908064
threshold=5.5000000000000009 12.500000000000002 32314.66 2.4965913171622796 4.5000000000000009 55.050000000000004 14823.185000000003 1.0000000180025095e-35 0.059714795008912663 41.45000000000001 2.0064716797994779 0.30600685713706371 0.28991596638655465 0.082207207207207214 10820.490000000002 78.550000000000011 1.0000000180025095e-35 69.15000000000002 2.5000000000000004 8.8199967649303783 1.6473747546946982 92.350000000000009 19.500000000000004 20.650000000000002 7687.4050000000016 0.12647527963230068 4.5000000000000009 0.033615819209039555 9248.9150000000027 1.0000000180025095e-35
decision_type=2 2 2 2 2 2 2 2 2 2 2 2 2 2 2 2 2 2 2 2 2 2 2 2 2 2 2 2 2 2
left_child=3 6 18 4 29 19 -2 15 9 11 25 -7 21 16 20 17 22 -6 -3 -4 28 -10 26 -5 -25 -11 -8 -12 -13 -1
right_child=1 2 5 23 7 8 13 -9 12 10 27 14 -14 -15 -16 -17 -18 -19 -20 -21 -22 -23 -24 24 -26 -27 -28 -29 -30 -31
leaf_value=-0.0024005232677704463 -0.00077106397084582094 -0.013070671276953419 -0.0073882545612882766 -0.0017926857509396321 -0.0053093465034502489 -0.0036473714238974761 0.02395076213040747 0.001031491410279517 -0.00028828889496597447 0.0011617062942056234 0.0061850313924364832 0.013578787317826527 -0.0021921005096910769 -0.00081285824962086723 -0.0019096191884840675 -0.02049736538987787 -0.00059279932521721294 0.0042576699780341011 0.0015752743949685262 0.0027397990729319255 -0.0015296408990449711 0.015818102428110478 -7.3066602943816763e-05 -0.0013433545574476798 0.0095682048564972762 -0.0099160016775858683 -0.00026537193081599208 -0.0018071718538358657 -0.00065812371850280927 0.0043248138513157603
leaf_weight=0.056489829579732365 0.20346378678596 0.60264906646716587 0.18554902282949148 0.091971480063875677 0.11844145924374039 0.19071063746423556 0.99956388057717027 0.15336386780245437 0.12887241104181146 0.05951587595723129 0.34475567199933721 0.63820964503975119 0.060944052070226462 0.08136043365811918 0.19282068575148514 0.74990375556944855 0.051503103813274609 0.15527418314036368 0.047881958516427403 0.10930966092564631 0.035892200129183038 0.65207210342578037 0.064044586490126565 0.078117205891430785 0.4718130821675004 0.43866866974326513 0.025540882170389523 0.048987969516019803 0.025641422676926595 0.15531529446161585
leaf_count=265 1274 6546 2077 36 3890 466 1174 360 60 528 171 1041 264 232 156 9364 269 479 118 18 155 290 146 34 113 4241 50 15 40 71
internal_value=0 0.00813302 0.0010952 -0.00744418 -0.0139141 0.00596138 0.0185988 -0.016398 0.00792036 0.00226916 -0.00349556 0.00641517 0.0127486 0.0207194 0.00935637 -0.0182286 0.0219175 -0.000800349 -0.0116914 -0.00441736 0.0117579 0.0144907 0.0227562 0.00650268 0.00815154 -0.00870053 0.0235143 0.00460749 0.0129638 0.00203036
internal_weight=0 5.18796 3.76248 2.03069 1.38879 3.11195 1.42548 1.17698 2.81709 1.9752 0.891928 1.08327 0.841889 1.22201 0.892564 1.02362 1.14065 0.273716 0.650531 0.294859 0.699743 0.780945 1.08915 0.641902 0.54993 0.498185 1.0251 0.393744 0.663851 0.211805
internal_count=33943 19331 16186 14612 14429 9522 3145 14093 7427 6813 4955 1858 614 1871 1392 13733 1639 4369 6664 2095 1236 350 1370 183 147 4769 1224 186 1081 336
is_linear=0
shrinkage=0.05


Tree=259
num_leaves=31
num_cat=0
split_feature=22 6 37 17 18 21 30 23 32 35 19 15 13 9 30 21 37 37 37 2 8 36 37 15 15 15 36 37 1 36
split_gain=0.199029 0.170001 0.125573 0.124175 0.108859 0.0752777 0.07152 0.065241 0.0494901 0.0413212 0.0413002 0.0367672 0.0320053 0.0277598 0.0267944 0.0184551 0.0149167 0.014334 0.0118429 0.0116357 0.0107904 0.0105497 0.00951197 0.0136811 0.0095936 0.0114982 0.00914984 0.0185091 0.00810295 0.00769122
threshold=1.0000000180025095e-35 1.0000000180025095e-35 227.85000000000005 14.500000000000002 1.0000000180025095e-35 5.5592071759259269 6.5000000000000009 1.0000000180025095e-35 0.21240601503759401 1.0000000180025095e-35 11.885908564814818 18398.000000000004 6.5000000000000009 2.5000000000000004 3.5000000000000004 40.211296296296304 101.35000000000001 208.65000000000001 151.15000000000001 19.249882541093541 34774.350000000006 161.35000000000005 194.85000000000005 264005.00000000006 545.50000000000011 302.50000000000006 13.15 60.550000000000004 6.7686483720079202 54.550000000000004
decision_type=2 2 2 2 2 2 2 2 2 2 2 2 2 2 2 2 2 2 2 2 2 2 2 2 2 2 2 2 2 2
left_child=1 2 3 6 19 -4 14 12 9 13 28 -6 -2 15 -1 20 -5 21 -18 -3 22 26 23 24 25 -8 -14 -28 -7 -19
right_child=7 4 5 16 11 10 8 -9 -10 -11 -12 -13 17 -15 -16 -17 18 29 -20 -21 -22 -23 -24 -25 -26 -27 27 -29 -30 -31
leaf_value=-0.0052421487759819448 0.0066430211305476385 -0.0085213872438241172 -0.0070977952857823566 -0.0022991860143020972 0.016299107560734934 -0.00063741424157586141 -0.00721865196666387 0.018001332845015993 0.0016745035686459105 0.0019486529600263405 -0.002782674841076077 -0.00065409397644430314 0.0008914597588439415 0.00016027262601554248 0.0050387656260300184 0.00053113488908837481 0.0088374277362102092 0.0043569852388137811 -0.0013185233006831863 0.001546157581549629 0.00047879297592137092 0.0016208721290773534 -0.001212522416654898 0.00037198544960265895 -0.026744427619177964 0.00091483982601741189 0.0017739824435561526 -0.010412720837917543 0.013818078414920179 -0.0019742313286369791
leaf_weight=0.19853663522371912 0.26351084366251576 0.20931530471943893 0.16362471322565841 0.04796722650871732 0.66231652767237392 0.012873113895693677 0.196946038297939 0.66135589795158012 0.12789487367763275 0.039591229520738014 0.14668580677744103 0.30374189034409937 0.10551900237442169 0.13457778836118439 0.34769816772086415 0.043353596778160752 0.23067140692319299 0.094057013979181647 0.07694811954479519 0.030861305072903633 0.0097547702534938052 0.033558697512489744 0.1638247524641655 0.028419381199910165 1.1581186776310231 0.37163326630161464 0.076721218596503604 0.33113029635387647 0.47897199876774721 0.089175513792724814
leaf_count=466 83 356 1312 226 56 279 907 347 523 2 2892 18 130 274 243 396 145 12 123 1 2 5 1916 492 21407 343 17 265 671 92
internal_value=0 -0.00445841 -0.00906022 -0.012798 0.00794582 0.00462829 -0.0158336 0.0119121 -0.0186303 -0.019988 0.0101311 0.0133473 0.000862842 -0.0208948 0.000328429 -0.0219021 0.00519813 -0.00385704 0.00723145 -0.00702414 -0.0224155 -0.00600532 -0.0226561 -0.0234911 -0.0238762 -0.00470841 -0.00724547 -0.00848854 0.0132661 0.00221132
internal_weight=0 5.18433 3.97809 3.17594 1.20624 0.802156 2.82035 1.65503 2.27411 2.14622 0.638531 0.966058 0.993673 2.10663 0.546235 1.97205 0.355587 0.730162 0.30762 0.240177 1.9287 0.546929 1.91894 1.75512 1.7267 0.568579 0.513371 0.407852 0.491845 0.183233
internal_count=34001 33050 32619 27465 431 5154 26971 951 26262 25739 3842 74 604 25737 709 25463 494 521 268 357 25067 417 25065 23149 22657 1250 412 282 950 104
is_linear=0
shrinkage=0.05


Tree=260
num_leaves=31
num_cat=0
split_feature=22 23 15 37 6 17 15 13 35 14 30 0 23 13 15 3 17 10 36 38 37 36 37 38 3 37 33 14 14 14
split_gain=0.205226 0.254614 0.153445 0.171311 0.11457 0.100558 0.0764642 0.0735255 0.0512978 0.0482948 0.0533818 0.035183 0.0327591 0.0357117 0.031359 0.0290321 0.025105 0.0213765 0.0203129 0.017497 0.0145852 0.0105268 0.0113067 0.0135588 0.0102636 0.0102427 0.00997656 0.00855369 0.00758017 0.00757124
threshold=1.0000000180025095e-35 33.030028935185193 758.50000000000011 502.35000000000008 1.5000000000000002 14.500000000000002 365.50000000000006 10.500000000000002 1.0000000180025095e-35 466359.55500000005 5.5000000000000009 2841.4200000000005 1.0000000180025095e-35 8.5000000000000018 157600.00000000003 2.0064716797994779 8.5000000000000018 3786.2950000000005 56.850000000000001 1.4173276697267736 66.250000000000014 11.65 46.650000000000013 2.9674897060337968 -0.67525666557795594 108.65000000000002 1.0000000180025095e-35 8549.4900000000016 404017.0400000001 33122.295000000006
decision_type=2 2 2 2 2 2 2 2 2 2 2 2 2 2 2 2 2 2 2 2 2 2 2 2 2 2 2 2 2 2
left_child=1 2 6 4 5 8 15 14 9 10 -4 17 13 -2 19 26 -9 20 24 27 -8 -15 -23 -24 -18 -22 -1 -3 29 -26
right_child=12 7 3 -5 -6 -7 11 16 -10 -11 -12 -13 -14 21 -16 -17 18 -19 -20 -21 25 22 23 -25 28 -27 -28 -29 -30 -31
leaf_value=-0.010487218875284938 0.0079954472491465707 -0.00042970686266952796 -0.0011963582227166687 0.0071888690544111775 0.0037857412664283872 0.0033080008213227786 -0.0010652466344931756 -0.0056129851943770206 0.0020623459060918861 0.00075156709928612194 -0.02776531519643782 -0.0022200222951958728 0.019192721523506543 0.0020890746194914852 -0.0016676916956949311 0.0032358474631439013 -0.0013565663025545882 -0.0015080928513873809 -0.0031655756113293807 -0.00089466990796916107 0.015596824952925373 0.0018754906998082771 -0.0083020370308968788 0.0018062631109629834 -0.00090676081459739914 -0.00022526181955235112 0.00085161373985449807 0.02052788724504186 -0.00099251914329646202 0.0093731296581161527
leaf_weight=0.27985879222774224 0.37579341686978274 0.0086650332470978864 0.30480429999079373 0.28170944238604523 0.24093593415000203 0.15376639703299577 0.021685817729121482 0.21597025816367932 0.041984762996435054 0.12885899538468937 1.5466090934141901 0.20101369285202964 0.61615364752651658 0.096280148005462252 0.034016675115253747 0.10047405655495822 0.061219120930672943 0.055809628899623931 0.11426130269319401 0.018124353631947088 0.49054329911677996 0.037706706920289434 0.37570429753395729 0.040106828077114187 0.018437427578192001 0.079628120535971902 0.063776379043702036 0.49669136347961285 0.020094749997952022 0.41083389504001389
leaf_count=1349 131 262 524 480 74 318 95 2673 2 322 23509 189 347 111 226 20 230 47 983 134 84 2 334 10 248 199 17 690 22 488
internal_value=0 -0.00245534 -0.00858268 -0.0139354 -0.0177809 -0.0206089 0.00379555 0.0113209 -0.0229203 -0.0239643 -0.0253448 0.00955149 0.0144438 0.00295705 0.0177562 -0.00620124 -0.000273862 0.012335 0.00389027 0.0192845 0.0137677 -0.00342369 -0.0052261 -0.00673991 0.00651957 0.014651 -0.0093152 0.0201218 0.00778822 0.0086061
internal_weight=0 5.38977 3.99146 2.69867 2.41696 2.17602 1.29279 1.39831 2.02226 1.98027 1.85141 0.848681 1.54175 0.925591 0.557497 0.444109 0.840817 0.647667 0.624846 0.523481 0.591857 0.549798 0.453518 0.415811 0.510585 0.570171 0.343635 0.505356 0.449366 0.429271
internal_count=34120 33185 27229 25229 24749 24675 2000 5956 24357 24355 24033 614 935 588 1312 1386 4644 425 1971 1086 378 457 346 344 988 283 1366 952 758 736
is_linear=0
shrinkage=0.05


Tree=261
num_leaves=31
num_cat=0
split_feature=33 37 9 30 3 15 38 19 3 15 23 35 17 15 21 14 14 20 19 3 21 38 12 14 12 36 11 21 12 3
split_gain=0.207835 0.204235 0.17588 0.061317 0.0921725 0.0572636 0.0555361 0.0551825 0.0356641 0.0334057 0.0323609 0.0260723 0.025982 0.0234764 0.0208288 0.0198797 0.0181601 0.0162087 0.0147588 0.0141845 0.0129602 0.0111143 0.0111062 0.0110102 0.0101851 0.00961655 0.00811303 0.00802896 0.00529403 0.00554578
threshold=1.0000000180025095e-35 213.35000000000005 1.5000000000000002 18.500000000000004 3.4357288626039613 43635.000000000007 1.7196581197618641 11.885908564814818 -0.35239019237154329 302.50000000000006 35.143981481481489 1.0000000180025095e-35 4.5000000000000009 691.50000000000011 40.211296296296304 18400.845000000005 8891.0150000000012 1.5000000000000002 32.745989583333341 -0.60238116152116339 1.1143171296296299 0.022070947528348824 56364.785000000011 18591.48 19725.390000000003 27.850000000000005 3.5000000000000004 11.226539351851853 50008.92500000001 -3.2337409725332322
decision_type=2 2 2 2 2 2 2 2 2 2 2 2 2 2 2 2 2 2 2 2 2 2 2 2 2 2 2 2 2 2
left_child=1 2 3 4 11 12 7 10 19 28 16 14 -2 24 -1 25 -3 -17 23 -5 -6 -10 -23 -14 -11 -7 -18 -8 29 -4
right_child=5 6 9 8 20 15 27 -9 21 13 -12 -13 18 -15 -16 17 26 -19 -20 -21 -22 22 -24 -25 -26 -27 -28 -29 -30 -31
leaf_value=-0.024592781692484418 -0.00077810454788043867 -0.00086751260587584653 0.0010659626844309285 -0.0020778814329073781 -0.0029131066125748705 0.0059079837302438553 -0.0062956717320260119 -0.0038113919574073252 0.001314662307090613 0.011877975250625127 -0.001843947691303722 0.001074882691317131 0.00015412802210001454 -0.0022713661994526002 0.00052236986786253321 -0.0070580760202362831 0.01712278335008632 0.0021987890111002557 -0.00096182292646067964 0.0074006521127310716 0.0046987224912547216 -0.0093031550418897959 0.0010453936141997572 0.017010468319719529 -0.0006041181292654105 -0.0016235687839156446 0.00073519813155436327 0.0014126063782185293 0.0012710845533928181 -0.0058143621484432056
leaf_weight=1.4439458620885268 0.17116359338774634 0.067111815050679757 0.038514791998750297 0.070977206903762635 0.18628901408010268 0.20787443276094553 0.13162230360103411 0.1407168383109364 0.10739891404591606 0.3624459508214386 0.10180823759537816 0.021696831245208048 0.12104426083374153 0.065371024100386421 0.043025620851267266 0.2920632053915142 0.68717842415037467 0.16586637128284565 0.019497333551043883 0.19246156166514083 0.12963941738780704 0.28908722799201314 0.095266398045623646 1.0381187369102916 0.080485727947234409 0.1271339352567793 0.17657210580546234 0.051449410940676898 0.045292026565221022 0.14969840002504486
leaf_count=19081 573 567 58 882 61 294 114 2912 622 100 77 4 511 423 350 588 1127 394 162 294 28 1647 42 1236 37 587 453 277 29 507
internal_value=0 -0.00594023 -0.0116945 -0.0165933 -0.0200412 0.0100868 0.0071336 0.0103291 -0.00159077 0.00508748 0.013183 -0.0233034 0.0140224 0.00869223 -0.0239482 -0.000697103 0.0149304 -0.00449678 0.0155424 0.00522355 0.00140743 -0.00629577 -0.00783585 0.0161369 0.0107631 0.0039746 0.0159647 -0.00476644 -0.00344473 -0.00469423
internal_weight=0 4.67806 3.3216 2.57979 1.8246 2.14276 1.35646 1.17339 0.755191 0.741808 1.03267 1.50867 1.34982 0.508303 1.48697 0.792938 0.930862 0.45793 1.17866 0.263439 0.315928 0.491753 0.384354 1.15916 0.442932 0.335008 0.863751 0.183072 0.233505 0.188213
internal_count=34037 29692 24165 23011 19524 4345 5527 5136 3487 1154 2224 19435 2482 560 19431 1863 2147 982 1909 1176 89 2311 1689 1747 137 881 1580 391 594 565
is_linear=0
shrinkage=0.05


Tree=262
num_leaves=31
num_cat=0
split_feature=0 34 2 21 12 36 14 14 6 38 3 19 15 24 2 11 38 38 37 38 20 11 6 6 3 14 16 38 8 17
split_gain=0.221489 0.163885 0.154143 0.165246 0.131631 0.113449 0.0882095 0.0736634 0.0676494 0.0583822 0.0410042 0.0405931 0.0399886 0.0361789 0.034293 0.0289706 0.0281747 0.0259694 0.0248451 0.0166185 0.0162223 0.0151182 0.0142069 0.0118618 0.0117422 0.0115431 0.0110324 0.0105402 0.00767888 0.00696962
threshold=3818.1050000000005 1.0000000180025095e-35 5.7313164596176085 5.2896122685185194 9770.7500000000018 57.350000000000001 10625.925000000003 300907.25500000006 1.5000000000000002 0.017733858832087983 -2.439985648015996 32.745989583333341 302.50000000000006 2.5000000000000004 1.6673853972093315 3.5000000000000004 2.2088746428442723 2.9674897060337968 562.85000000000002 0.31000472355284148 3.5000000000000004 13.500000000000002 3.5000000000000004 1.0000000180025095e-35 -3.2337409725332322 185800.43500000003 1.5000000000000002 2.9674897060337968 78.685000000000016 3.5000000000000004
decision_type=2 2 2 2 2 2 2 2 2 2 2 2 2 2 2 2 2 2 2 2 2 2 2 2 2 2 2 2 2 2
left_child=1 4 7 8 5 6 -1 13 12 -8 -3 16 -4 17 -12 26 20 18 21 -16 25 -2 -17 -5 -6 28 -9 -7 -11 -14
right_child=2 10 3 23 24 27 9 15 -10 11 14 -13 29 -15 19 22 -18 -19 -20 -21 -22 -23 -24 -25 -26 -27 -28 -29 -30 -31
leaf_value=-0.0031303224534544212 -0.021411849268140468 0.0045064664775275667 0.0029788200664972843 0.015193757562250982 0.0019132853138054914 -0.0054144157130940973 -0.0023718680410978552 -0.0016805173991891115 0.0053438696430007475 0.025726978076368791 -0.01208710603290683 -0.0016169567094127442 -7.1119044095291689e-05 0.0019093434324778252 -0.0035285079643603418 -0.0070666731439968516 -0.00070652952945450933 0.0013049730393338401 0.00104603232375516 0.005260414922709674 -0.00061452797267397773 0.00070266123348864361 0.0022568758832688992 -0.00026534000519021905 -0.0068540983737548182 -0.00034403836011391537 0.007327403993695779 0.0022060030283270484 -0.00018354999276104365 -0.014697845227620465
leaf_weight=0.1291020587632391 1.0341573908267494 0.14648048542699144 0.060621169162913935 0.64935839562895126 0.045900896202510921 0.23955843100509344 0.049774945295439799 0.04100857569915195 0.18343477521557361 1.9751702504438542 0.45354459609734465 0.03339203522000378 0.096081873920411454 0.03950834460556496 0.073930482656805907 0.20538752309835218 0.054868186781277362 0.028210474321895052 0.039564455496019835 0.19687956481880065 0.014060777960821613 0.015851895295781904 0.051696058420930058 0.097590607147139963 0.27456761800624452 0.016973410658920218 0.27284746336317767 0.046265121583928703 0.014634658175054827 0.605385364686299
leaf_count=2437 5766 151 3 186 59 7833 2187 323 27 3088 6431 563 28 19 551 591 94 24 89 622 180 7 13 35 2117 25 356 20 41 124
internal_value=0 0.00963422 -0.00597552 0.00392895 0.0143298 0.0174992 0.0203597 -0.0135599 -0.00729374 0.0223107 -0.00528954 0.0234687 -0.011642 -0.0178127 -0.00873512 0.000912003 0.0242668 -0.0190822 -0.019982 0.00197253 0.0249543 -0.0208981 -0.00488793 0.0141783 -0.00510039 0.0252782 0.00576717 -0.00342459 0.0255388 -0.0139137
internal_weight=0 3.7651 3.4207 1.69247 2.89427 2.5738 2.28798 1.72823 0.945523 2.15887 0.870835 2.1091 0.762088 1.15729 0.724355 0.57094 2.07571 1.11778 1.08957 0.27081 2.02084 1.05001 0.257084 0.746949 0.320469 2.00678 0.313856 0.285824 1.9898 0.701467
internal_count=33990 26399 7591 403 18644 16468 8615 7188 182 6178 7755 3991 155 5905 7604 1283 3428 5886 5862 1173 3334 5773 604 221 2176 3154 679 7853 3129 152
is_linear=0
shrinkage=0.05


Tree=263
num_leaves=31
num_cat=0
split_feature=2 2 2 2 17 30 30 21 3 12 19 30 38 10 13 21 12 21 23 17 38 38 11 38 38 38 30 0 13 22
split_gain=0.139931 0.243223 0.177129 0.203361 0.0954682 0.0508336 0.0638152 0.0354715 0.0590881 0.0424843 0.0345358 0.0340262 0.0292822 0.0174767 0.0168414 0.014706 0.0140627 0.0106798 0.00840564 0.00791235 0.00739268 0.00684702 0.00670706 0.00582153 0.00629791 0.00559974 0.00529105 0.0050139 0.0041385 0.00387165
threshold=1.59610900237779 0.2815756514565731 1.6385422311926139 5.7313164596176085 9.5000000000000018 7.5000000000000009 18.500000000000004 5.2896122685185194 4.641437745208993 3910.9150000000004 9.8377372685185218 5.5000000000000009 2.9674897060337968 1652.5600000000002 25.500000000000004 18.28588541666667 69815.130000000019 22.871545138888894 34.861718750000001 3.5000000000000004 1.671060456165806 2.1517133772149184 11.500000000000002 0.96744940642993316 0.022070947528348824 0.26731280154660253 4.5000000000000009 750.88000000000011 26.500000000000004 1.0000000180025095e-35
decision_type=2 2 2 2 2 2 2 2 2 2 2 2 2 2 2 2 2 2 2 2 2 2 2 2 2 2 2 2 2 2
left_child=1 13 -2 4 11 15 21 8 16 -10 20 -4 14 18 -13 29 -5 -17 19 -1 25 -7 -12 24 -8 -6 -19 -21 -16 -3
right_child=2 5 3 7 10 6 23 -9 9 -11 22 12 -14 -15 28 17 -18 26 -20 27 -22 -23 -24 -25 -26 -27 -28 -29 -30 -31
leaf_value=-0.0006480521864208849 0.021153558456845939 -0.0049323421861904729 0.0016625976728310368 -0.0090377753946023591 -0.00050453377795000481 -0.021700556151182597 0.0016745017714861492 0.014484707093628686 -0.003056064760760297 0.011148635760182169 -0.0055117416858782853 -0.017393241168127266 0.0018227488026631095 -0.0012344321724525721 0.0023787629671451465 0.0058947330413077741 0.0015086654483285316 -0.0035468574825196597 -0.00071897982868576607 0.013773746003947904 -0.0008193342688302647 -0.00031808755846949975 0.0014104142321170448 0.002406450276070846 -0.0041177776495951385 0.0099105082335921683 0.0017058398887609368 -0.00019991771741127395 -0.0020688421056577438 0.00091605535102789136
leaf_weight=0.013113529919565159 0.52906138710000039 0.12859735413735496 0.13353178027318824 0.21763270427709336 0.040474428130892082 0.80569475478648633 0.081449579191030352 0.78441638306321682 0.29005745795438997 0.4382772622484481 0.1344572385421543 1.0673990507489177 0.039301747681747545 0.085745299466907454 0.060858282245362605 0.1880594300289431 0.092936114640906453 0.0917389945461764 0.014576550879610295 0.51560613186325099 0.037333651268909307 0.068973758079891923 0.031361861303139449 0.19106050336654334 0.20445678474447959 0.28720541062921257 0.068883409158615905 0.037514304275873656 0.04306717036797636 0.02197880313906353
leaf_count=141 398 622 158 103 99 19149 854 220 30 43 734 5581 18 203 75 114 7 183 150 753 20 431 16 909 2164 118 177 101 356 16
internal_value=0 -0.00612414 0.00682905 0.000713633 -0.00877582 -0.0138494 -0.0169274 0.010124 0.00134215 0.00699652 0.00430079 -0.0135717 -0.015244 0.0107658 -0.0163924 0.000216077 -0.00713874 0.00367351 0.0121976 0.0127769 0.00833837 -0.0210835 -0.00411572 -0.000191316 -0.0024487 0.00921299 -0.00176534 0.0133075 0.000331172 -0.00402445
internal_weight=0 2.51745 4.22737 3.69831 1.87499 1.85089 1.35164 1.82332 1.0389 0.728335 0.530833 1.34416 1.21063 0.666556 1.17132 0.499258 0.310569 0.348682 0.580811 0.566234 0.365013 0.874669 0.165819 0.476967 0.285906 0.32768 0.160622 0.55312 0.103925 0.150576
internal_count=33943 25967 7976 7578 7175 24619 23507 403 183 73 987 6188 6030 1348 6012 1112 110 474 1145 995 237 19580 750 3927 3018 217 360 854 431 638
is_linear=0
shrinkage=0.05


Tree=264
num_leaves=31
num_cat=0
split_feature=15 3 14 18 15 24 13 39 13 23 15 21 12 36 37 13 18 23 44 30 15 23 8 12 37 14 36 36 30 0
split_gain=0.127815 0.137237 0.105331 0.0881779 0.0831582 0.0593658 0.0667443 0.0613588 0.0695912 0.0583495 0.0573899 0.0418843 0.0378683 0.0370039 0.0449039 0.0250594 0.0239905 0.0238965 0.0213307 0.0205312 0.0195913 0.0163261 0.014604 0.0114774 0.0104342 0.00957057 0.00858086 0.00742209 0.00728967 0.00678758
threshold=829.50000000000011 2.4965913171622796 300907.25500000006 1.0000000180025095e-35 172797.50000000003 2.5000000000000004 6.5000000000000009 1.0000000180025095e-35 28.500000000000004 20.002528935185186 182.50000000000003 20.92440393518519 26679.135000000006 56.850000000000001 55.050000000000004 26.500000000000004 1.0000000180025095e-35 0.030451388888888892 1.0000000180025095e-35 4.5000000000000009 177357.00000000003 0.0040335648148148153 1785.5300000000002 2794.7200000000007 150.25000000000003 11109.660000000002 21.650000000000002 232.45000000000002 3.5000000000000004 3123.3550000000005
decision_type=2 2 2 2 2 2 2 2 2 2 2 2 2 2 2 2 2 2 2 2 2 2 2 2 2 2 2 2 2 2
left_child=10 2 4 -4 5 6 21 8 18 16 17 12 26 14 -12 23 -3 -1 19 28 -6 25 -19 -16 -10 -2 -11 -15 -8 -9
right_child=1 9 3 -5 20 -7 7 29 24 11 13 -13 -14 27 15 -17 -18 22 -20 -21 -22 -23 -24 -25 -26 -27 -28 -29 -30 -31
leaf_value=0.0039037261787027199 0.0066845246442271862 -0.0015314448801589976 -0.0071033043181472719 0.011995063755798835 0.0071217964019496833 0.0034699082667702615 -0.0041247212386145513 0.0036626239516650751 -0.0029240696393906269 0.00047918589762565829 -0.0028741593778642484 0.0053023568935429309 0.0030649771129025198 -0.003662172998011175 -0.00036723680273837431 0.00051997773220048289 0.012308319642271779 -0.0083985350256857074 0.00090176097200780751 -0.02544649268235398 -0.0029030627849286465 -0.0035806325731204663 0.0018576665048476637 0.01823328313331701 0.0040649754585503125 -0.0016438730732410132 -0.012121531432309826 0.0022789767142521 0.0019136329425204037 -0.0021316680467420666
leaf_weight=0.10540366912573551 0.16453809746428927 0.13492815363224486 0.22319579204395257 0.35547902775124385 0.15506832986307006 0.074244498915504553 0.21836266710670349 0.13888984928939851 0.062049985650901252 0.068843420753182727 0.062929864399620672 0.204107980617664 0.18994819928775541 0.18113961205517615 0.045991255765329475 0.30953354743724038 0.81900024716014741 0.25187213740741754 0.018242434365674742 1.2768830628384646 0.12789271201199881 0.077009951723880476 0.062951104838703031 0.95982446840525881 0.15441516563510049 0.033714719866111409 0.29960331250913441 0.070221122131670199 0.096303675143644796 0.054465844087189907
leaf_count=202 266 99 1190 78 131 28 400 496 1632 30 279 115 23 483 79 120 128 1237 3 20817 1300 3098 82 273 878 64 61 99 91 151
internal_value=0 -0.00378622 -0.00897212 0.00479537 -0.0124666 -0.0149834 -0.0164524 -0.0186902 -0.0206495 0.00568449 0.00880864 -0.00295559 -0.00743961 0.0118226 0.0138654 0.0155617 0.0105688 -0.00297424 -0.0229704 -0.0234864 0.00385968 0.00174765 -0.00649462 0.0176237 0.00130473 0.0050783 -0.0111375 -0.00150758 -0.00222679 0.00161189
internal_weight=0 4.94719 3.23076 0.578675 2.65208 2.36912 2.29488 2.01961 1.82626 1.71643 2.04987 0.762503 0.558395 1.62964 1.37828 1.31535 0.953928 0.420227 1.60979 1.59155 0.282961 0.275263 0.314823 1.00582 0.216465 0.198253 0.368447 0.251361 0.314666 0.193356
internal_count=33933 31079 30623 1268 29355 27924 27896 24468 23821 456 2854 229 114 1333 751 472 227 1521 21311 21308 1431 3428 1319 352 2510 330 91 582 491 647
is_linear=0
shrinkage=0.05


Tree=265
num_leaves=31
num_cat=0
split_feature=36 3 36 45 21 19 33 2 2 23 15 15 0 19 15 13 37 20 25 30 23 30 24 37 0 2 36 23 0 15
split_gain=0.132436 0.139361 0.134491 0.115997 0.0940857 0.0841773 0.0777647 0.0653059 0.0829707 0.0471741 0.0451335 0.0459958 0.0801872 0.0477853 0.0335741 0.0278908 0.0259165 0.0239705 0.0232876 0.0243045 0.0208291 0.0166658 0.0135637 0.0132788 0.0125788 0.0108138 0.00909891 0.00887039 0.00816785 0.00799804
threshold=39.550000000000004 1.3338462316657287 19.550000000000004 1.0000000180025095e-35 2.8451851851851857 11.885908564814818 1.0000000180025095e-35 0.12813749444333472 8.8199967649303783 23.394195601851855 365.50000000000006 100339.00000000001 8716.3000000000011 23.137812500000006 1712.5000000000002 5.5000000000000009 502.35000000000008 2.5000000000000004 1.0000000180025095e-35 21.500000000000004 3.252424768518519 5.5000000000000009 1.5000000000000002 259.75000000000006 300.02000000000004 0.98240969808498912 41.45000000000001 41.113778935185188 49226.510000000002 237.50000000000003
decision_type=2 2 2 2 2 2 2 2 2 2 2 2 2 2 2 2 2 2 2 2 2 2 2 2 2 2 2 2 2 2
left_child=2 6 7 10 9 -6 18 -1 16 26 25 12 13 15 -8 -12 28 24 19 22 -14 -13 -2 -11 -17 -4 -3 -7 29 -9
right_child=1 4 3 -5 5 27 14 8 -10 23 11 21 20 -15 -16 17 -18 -19 -20 -21 -22 -23 -24 -25 -26 -27 -28 -29 -30 -31
leaf_value=0.0074385815810740635 -0.019968421839963366 0.0008815294902024415 -0.0037859162522824647 -0.0060928663514269151 0.014872384929965371 -0.0061247647884820448 0.007219562880644053 -6.2570913199420995e-05 0.0053775869902870322 0.0062262520648130697 -0.0010841996409606859 0.0041384577157284911 0.0047193440710337599 -0.0010977145405235156 -0.0045818851256553021 -0.00024651248004490232 0.0019383849550201938 -0.00076195151460677546 0.0012741683349353102 0.00098594020362163153 -0.004563048653374451 -0.0044555311646408873 0.00044025745863269242 -0.002148887501968694 0.026166053907735288 0.003050774336430191 -0.011325729539660968 0.0016423419875429774 0.00046992135661247359 -0.015471747918733077
leaf_weight=0.18043261473394512 0.68492853972929901 0.019510963107677415 0.11227662372402925 0.15926216905791069 0.93802339110857225 0.21022166104194184 0.22579571153460165 0.09738029397158221 0.29759351017128211 0.19182604731031461 0.021971199255859442 0.10849778948249866 0.16749337567625833 0.10716605513448474 0.25915513815539271 0.027037262232170067 0.038644518703222275 0.029879934864311397 0.034474705527145488 0.060173671268557882 0.25358151979389731 0.15486406854233792 0.041001779964062735 0.14824751829746674 1.4269588230536099 0.21291875823226292 0.36548613869217661 0.039962677573385008 0.030342792874762381 0.63313364367149916
leaf_count=183 14942 8 159 777 536 988 82 339 49 76 252 14 44 1029 2210 74 1 346 100 431 305 454 246 24 1508 67 307 22 20 8593
internal_value=0 -0.00337485 0.00883902 0.0136969 0.00463582 0.0105651 -0.0120334 -0.00310862 -0.00756318 -0.00557267 0.0162488 0.0180061 0.019753 0.0230166 0.00207442 0.0244859 -0.0126916 0.0251486 -0.0169307 -0.0179955 -0.000148022 -0.000441727 -0.0192285 0.00369618 0.0257746 -0.000385335 -0.0105173 -0.00456281 -0.0141135 -0.0146408
internal_weight=0 3.21881 4.05943 2.78191 1.91328 1.18821 1.30553 1.27753 1.09709 0.725071 2.62265 2.29745 2.03409 1.61301 0.484951 1.50585 0.799501 1.48388 0.820579 0.786104 0.421075 0.263362 0.72593 0.340074 1.454 0.325195 0.384997 0.250184 0.760857 0.730514
internal_count=34186 19972 14214 5029 1961 1546 18011 9185 9002 415 4252 4026 3558 3209 2292 2180 8953 1928 15719 15619 349 468 15188 100 1582 226 315 1010 8952 8932
is_linear=0
shrinkage=0.05


Tree=266
num_leaves=31
num_cat=0
split_feature=33 37 24 2 14 3 36 45 21 13 17 36 3 20 30 18 14 14 13 3 42 8 21 17 13 13 13 13 17 36
split_gain=0.14717 0.117462 0.0744277 0.0713525 0.0785344 0.0461327 0.0394817 0.0337221 0.033538 0.0280467 0.0271226 0.0241206 0.0211999 0.017876 0.0147835 0.014183 0.0128723 0.0338665 0.0180935 0.0120322 0.0106612 0.0108179 0.0105607 0.0102805 0.00994199 0.00939041 0.00680357 0.00620696 0.0060499 0.00448052
threshold=1.0000000180025095e-35 227.85000000000005 1.5000000000000002 0.24344554179186695 552762.34500000009 4.641437745208993 189.55000000000004 1.0000000180025095e-35 10.753859953703705 6.5000000000000009 9.5000000000000018 236.25000000000003 1.3338462316657287 1.0000000180025095e-35 10.500000000000002 1.0000000180025095e-35 13721.365000000003 10625.925000000003 7.5000000000000009 -1.1050644440278352 1.0000000180025095e-35 1785.5300000000002 40.211296296296304 5.5000000000000009 11.500000000000002 2.5000000000000004 10.500000000000002 7.5000000000000009 9.5000000000000018 11.65
decision_type=2 2 2 2 2 2 2 2 2 2 2 2 2 2 2 2 2 2 2 2 2 2 2 2 2 2 2 2 2 2
left_child=1 2 3 14 5 6 16 11 9 -3 19 13 -10 -2 -1 -6 17 -5 -19 -11 21 22 -18 -16 -9 -15 -4 -14 -7 -26
right_child=7 8 26 4 15 28 -8 24 12 10 -12 -13 27 25 23 -17 20 18 -20 -21 -22 -23 -24 -25 29 -27 -28 -29 -30 -31
leaf_value=-0.0025868204051917383 -0.0014335649656205046 0.0050860771324743462 -0.0010481572276375833 -0.0073542881242752434 -0.0023443593306363428 -0.001871701518582976 0.0023762834671759653 0.0025077743156870004 -0.0015113465328250514 0.0012959847138168464 0.0031443439044821172 -0.0017902560041238007 -0.00035795161311602563 -0.00074929049553249677 -0.0014169751782669281 0.0068968029516202406 -0.018879609222398775 0.0073430657961020499 -0.0027608245454100763 -0.010052030356954724 0.00056533970031377061 0.00030567817404615524 0.0002135227378567891 0.0078377396442148462 0.00090383501414662308 0.013475627327591026 0.0068701942341238545 0.013029611180473261 0.0034403577503313802 -0.0054437105748786369
leaf_weight=0.054017679611207181 0.029029784814611381 0.12686015939652839 0.050493005745465669 0.17037554282694767 0.049027428618501179 0.15636594378156576 0.050525483077535571 0.083691229053783789 0.092202664000183177 0.035211422394695546 0.12522917310252524 0.074056328330243448 0.036503008416730154 0.015051916299853363 0.049252801158218062 0.14343821908369137 1.9429057415151199 0.18834440100818028 0.060404146038877116 0.27866423087561998 0.017606204065032105 0.045616356237132893 0.051493591104417535 0.23225962014930701 0.043195106854909682 1.8366936796785465 0.21428589625156746 0.45372966436389106 0.13167807774152607 0.11668640538800901
leaf_count=114 193 474 175 4800 167 35 45 289 2602 180 143 236 31 37 216 12 16766 322 1407 946 10 66 307 300 126 3174 271 302 10 304
internal_value=0 -0.00351505 -0.00757625 -0.00970534 -0.0118764 -0.0138979 -0.015523 0.00989533 0.00683191 -0.0014318 -0.00554056 0.0115295 0.0106923 0.0124933 0.00407689 0.00455088 -0.0164666 -0.00197923 0.00464345 -0.00876152 -0.0178052 -0.0180975 -0.01848 0.00637634 -0.00194471 0.0131378 0.00572535 0.0124615 0.00134235 -0.00442807
internal_weight=0 4.75649 3.60809 3.34331 3.00778 2.81532 2.52727 2.1984 1.1484 0.565965 0.439105 1.95483 0.582435 1.88078 0.33553 0.192466 2.47675 0.419124 0.248749 0.313876 2.05762 2.04002 1.9944 0.281512 0.243573 1.85175 0.264779 0.490233 0.288044 0.159882
internal_count=34060 29701 25023 24577 23947 23768 23723 4359 4678 1743 1269 3640 2935 3404 630 179 23678 6529 1729 1126 17149 17139 17073 516 719 3211 446 333 45 430
is_linear=0
shrinkage=0.05


Tree=267
num_leaves=31
num_cat=0
split_feature=36 38 32 19 38 12 0 15 0 21 23 37 23 12 38 30 21 38 13 37 11 24 17 21 15 15 23 12 38 21
split_gain=0.166295 0.0919372 0.0855631 0.0744541 0.064064 0.0644147 0.0480173 0.0503634 0.0471494 0.0457423 0.0445201 0.03891 0.0367159 0.0266004 0.0264706 0.0276167 0.0255704 0.0261707 0.0250024 0.0245509 0.0195431 0.0148936 0.01457 0.0143379 0.0118621 0.0110968 0.0110892 0.00976103 0.00963354 0.00711286
threshold=57.350000000000001 0.017733858832087983 0.22474747474747478 33.04210069444445 2.9674897060337968 18571.840000000004 3818.1050000000005 182.50000000000003 6224.2200000000003 11.712980324074076 8.2306307870370379 994.05000000000007 15.172997685185186 38701.685000000005 0.40060834758500879 22.500000000000004 0.15804398148148149 0.22454207988967162 6.5000000000000009 98.550000000000011 7.5000000000000009 2.5000000000000004 5.5000000000000009 28.167395833333334 198726.50000000003 14185.000000000002 16.039363425925931 94166.160000000018 1.7718230875007053 40.519421296296308
decision_type=2 2 2 2 2 2 2 2 2 2 2 2 2 2 2 2 2 2 2 2 2 2 2 2 2 2 2 2 2 2
left_child=1 13 3 6 5 11 7 26 23 10 16 19 -11 -1 27 28 17 -9 -14 -2 -20 29 -7 -8 -19 -15 -3 -10 -16 -21
right_child=4 2 -4 -5 -6 22 8 9 14 12 -12 -13 18 25 15 -17 -18 24 20 21 -22 -23 -24 -25 -26 -27 -28 -29 -30 -31
leaf_value=-0.0085240925432416657 0.0013933626388231083 0.002931343680274175 -0.0055028845180601664 -0.0048871066657063247 0.005968534895757288 -0.0027408935075039702 -0.0072851615317707716 -0.0021173592104892442 -0.0041368922981668485 -0.00071107436587343573 -0.0053625689413529043 0.0020167547302264092 -0.0010352553400795688 0.005054807078894291 0.011799454336886273 -0.0024865645111940044 -0.0027606983097749451 0.012950631562874588 0.024330445904704835 -0.018061041176366401 -0.00066294775285905461 0.00087875738934878604 0.0054207266626223024 0.0021624217628971394 -0.00080565488072159444 -0.0024916071203176611 -0.00412669010541644 0.002597439729806908 -0.00054128100653758353 0.00032779549900520069
leaf_weight=0.25921191093857476 0.042705888592990737 0.16106993286848625 0.18537026607282303 0.10787216060748495 0.14487825986998348 0.15247438989149487 0.24248887823409848 0.088070660632411424 0.25570602088646399 0.10842394068367855 0.20005988715865897 0.11803634089483239 0.02106833765265026 0.20737211161372215 0.95448106695289403 0.074885186846586183 0.059455282718545277 0.45242077686611992 1.6123679711961356 0.79230062816600366 0.026951027225550095 0.01784959138603881 0.29677597021236579 0.060462986076800007 0.050992051067169086 0.051560235976012336 0.10353529493659153 0.074862029359337612 0.079867015835134225 0.017960303140171163
leaf_count=6583 309 293 395 1172 70 562 667 124 405 721 1372 68 244 291 811 10 1321 288 2791 13186 90 10 1393 96 58 138 177 32 82 197
internal_value=0 0.00895197 0.0109601 0.0124518 -0.00647744 -0.00966504 0.0136526 0.017038 0.00388046 0.0186012 0.003403 -0.0137944 0.0220434 -0.00477602 0.00713242 0.00938944 0.0077134 0.00983937 0.023238 -0.01587 0.023824 -0.0170355 0.0026708 -0.00518712 0.0119482 0.0027666 -0.000909733 -0.00180587 0.0110489 -0.0176975
internal_weight=0 5.43856 4.92041 4.73504 1.58298 1.4381 4.62717 2.88442 1.74275 2.61981 0.850999 0.988853 1.76881 0.518144 1.4398 1.10923 0.650939 0.591483 1.66039 0.870816 1.63932 0.828111 0.44925 0.302952 0.503413 0.258932 0.264605 0.330568 1.03435 0.810261
internal_count=33956 18161 11149 10754 15795 15725 9582 7479 2103 7009 3163 13770 3846 7012 1340 903 1791 470 3125 13702 2881 13393 1955 763 346 429 470 437 893 13383
is_linear=0
shrinkage=0.05


Tree=268
num_leaves=31
num_cat=0
split_feature=33 24 15 15 14 37 15 6 2 35 25 18 45 15 36 36 36 13 36 21 19 3 2 2 14 3 14 0 21 8
split_gain=0.150273 0.0964283 0.088326 0.130463 0.124158 0.117228 0.0788319 0.0702543 0.0475178 0.0371455 0.0361745 0.0282747 0.0267085 0.0472703 0.0267737 0.0259453 0.0306858 0.023957 0.0233402 0.0223005 0.0204408 0.0147535 0.0144089 0.0138983 0.0121025 0.0115888 0.0105749 0.00948749 0.00892184 0.00865303
threshold=1.0000000180025095e-35 1.5000000000000002 168745.50000000003 829.50000000000011 300907.25500000006 562.85000000000002 419.50000000000006 2.5000000000000004 3.7461379636806407 1.0000000180025095e-35 1.0000000180025095e-35 1.0000000180025095e-35 1.0000000180025095e-35 43635.000000000007 30.350000000000005 56.850000000000001 22.050000000000004 48.500000000000007 285.65000000000003 40.211296296296304 32.745989583333341 1.3338462316657287 0.04121792379235583 3.0056865608451151 4355.0250000000005 -5.0641986381414457 18775.755000000001 106.38000000000001 11.226539351851853 1785.5300000000002
decision_type=2 2 2 2 2 2 2 2 2 2 2 2 2 2 2 2 2 2 2 2 2 2 2 2 2 2 2 2 2 2
left_child=1 2 3 6 5 7 8 9 25 10 17 -6 13 18 26 16 -8 19 20 22 24 -4 -5 -13 -2 -1 -15 -14 -7 -27
right_child=12 -3 21 4 11 28 15 -9 -10 -11 -12 23 27 14 -16 -17 -18 -19 -20 -21 -22 -23 -24 -25 -26 29 -28 -29 -30 -31
leaf_value=0.0011633746967218311 -0.00067809302374340682 0.0093602376109275381 -0.0017711813508364043 0.00054709094691661486 -0.0038754552205815273 -0.0017310697856986409 -0.0021326935052629172 0.0029686753731904547 0.0046803153537317201 0.0015512555385335976 0.0013554629327888975 0.0091557374562988535 0.0027436562801636277 0.0069127510343439851 -0.0050316921836336022 -0.0022587980364195599 0.013399658415751421 0.00089726461578593 -0.0014134032652554362 0.00051272504320080015 -0.0012154438155087899 0.0093110573860536901 -0.025879970813905563 -0.0014577839969610537 0.017892704022058267 -0.011731261631558826 -0.0013575261294654715 -0.0039567616890267563 0.0059419288382421831 0.00069278439738764905
leaf_weight=0.023806556680938229 0.017417848710238437 0.35964097655642024 0.03670580777793464 0.01100023835897479 0.15779453493541939 0.035404705165546946 0.093674795899005403 0.061879424145445117 0.14205915949423797 0.031609634868800529 0.037422273856918653 0.25476605632456994 0.057645830233013728 0.22597494624324088 0.29305155399788418 0.082921381964979446 0.60259538870923279 0.022927921123255035 0.03458408871301788 0.044727617074613479 0.024787373029539483 0.2301009745092415 1.5240713760503011 0.09151903900783509 1.0888479002571783 0.46493423076640306 0.16168440114051918 0.15044043317652722 0.16251751311983753 0.037524645279063407
leaf_count=44 55 520 1236 2 1048 106 222 6 18 3 144 59 39 266 997 361 176 81 88 434 141 119 23098 13 1808 1660 273 663 232 79
internal_value=0 -0.00318044 -0.00587374 -0.00816416 -0.013573 -0.0177524 0.0027641 -0.0209089 -0.00595237 -0.0225731 -0.0234495 0.00359697 0.0107119 0.0120748 0.000233 0.00938384 0.0112846 -0.0243269 0.0156893 -0.0248989 0.0166301 0.0075918 -0.0255495 0.00735142 0.0174172 -0.0100085 0.00497085 -0.00136596 0.00427009 -0.0109599
internal_weight=0 4.5096 4.14996 3.88316 2.43564 1.93156 1.44752 1.73364 0.668325 1.67176 1.64015 0.50408 2.05443 1.84635 0.680711 0.779192 0.69627 1.60273 1.16564 1.5798 1.13105 0.266807 1.53507 0.346285 1.10627 0.526265 0.387659 0.208086 0.197922 0.502459
internal_count=33991 29661 29141 27786 25226 24106 2560 23768 1801 23762 23759 1120 4330 3628 1536 759 398 23615 2092 23534 2004 1355 23100 72 1863 1783 539 702 338 1739
is_linear=0
shrinkage=0.05


Tree=269
num_leaves=31
num_cat=0
split_feature=3 2 2 21 13 14 37 37 23 24 31 3 13 14 2 36 32 21 19 0 23 36 21 23 32 13 22 36 36 15
split_gain=0.115171 0.128838 0.090492 0.1264 0.0868794 0.0825941 0.0864379 0.0569478 0.0397032 0.0351118 0.0344795 0.0340163 0.0214724 0.0226858 0.0213747 0.0195109 0.0189761 0.0168639 0.013613 0.020243 0.0349577 0.0154642 0.0122267 0.0186599 0.0112639 0.0112377 0.0108489 0.0108175 0.0107179 0.010611
threshold=0.80203339531218354 1.6385422311926139 0.12813749444333472 16.944832175925928 22.500000000000004 33122.295000000006 666.85000000000014 101.35000000000001 7.9839583333333346 1.5000000000000002 1.0000000180025095e-35 1.1735333649890258 14.500000000000002 40264.545000000013 8.8199967649303783 25.350000000000005 0.1408730158730159 32.914224537037043 17.777743055555558 49226.510000000002 2.6625057870370372 15.850000000000003 6.0765162037037044 7.885422453703705 0.21583850931677021 17.500000000000004 1.0000000180025095e-35 52.150000000000013 29.850000000000005 691.50000000000011
decision_type=2 2 2 2 2 2 2 2 2 2 2 2 2 2 2 2 2 2 2 2 2 2 2 2 2 2 2 2 2 2
left_child=2 -2 -1 9 10 6 8 12 22 16 29 -9 -7 -14 -15 -6 -4 27 19 20 -13 -22 23 -3 -18 28 -10 -17 -12 -5
right_child=1 5 3 4 15 7 -8 11 26 -11 25 18 13 14 -16 17 24 -19 -20 -21 21 -23 -24 -25 -26 -27 -28 -29 -30 -31
leaf_value=0.0086562270847266726 0.020797919021865691 -0.0060776737935245746 -0.019117658061226814 0.00014498979925586932 -0.0017285777002376435 0.0037978967600988452 0.0073970048292673635 -0.0025283829060169876 -0.014328546668024423 0.0018365303413524936 -0.0017903850473133731 -0.0016066103894160973 0.0030580590590286714 -0.010027297266691985 0.0017567622176224982 0.013956280693939845 0.0035297761293640799 -0.0013831153050970352 -0.0003499993251063523 0.00026934066940207036 -0.00093420838538164734 0.017298338570189295 0.0044979090965430206 0.003460617682583995 -0.003693212034785644 -0.0024084159674198054 0.00081449626209271055 -0.00071102378619067362 0.0067995430884557981 -0.010653596608331461
leaf_weight=0.2808357609646922 0.43854863493061191 0.17296107805884753 0.69596426485622975 0.23967315699132974 0.042827779237086361 0.22199118235289494 0.19498834479782079 0.1084448848289411 0.67346933061071468 0.066365381540435919 0.036972990721551469 0.11344911218657194 0.095723376302430552 0.39891525697726138 0.17596729571232572 0.4474886217922176 0.080711771070127725 0.028989321428980475 0.14861249905470675 0.30956294059069467 0.018947062411825755 0.95120894322667482 0.15052762615073334 0.068754911590076517 0.079188376684669493 0.067571510360721732 0.016520927092642523 0.035905796225392805 0.23759400662856933 0.40900072360943796
leaf_count=274 285 900 14070 609 688 270 61 591 2997 253 55 47 126 653 31 403 60 594 422 59 8 518 222 3 476 64 11 996 146 8171
internal_value=0 0.00789997 -0.00377503 -0.00727747 0.00211912 0.00241158 -0.00551832 0.00682799 -0.0102802 -0.0159375 -0.00544695 0.0106255 -0.00209747 -0.00515421 -0.00759513 0.0104418 -0.0175626 0.0119294 0.0121815 0.0131059 0.0148838 0.0166488 0.00125312 -0.00276257 -0.000147427 0.00297088 -0.0136986 0.0131219 0.00514566 -0.00899583
internal_weight=0 4.25859 2.74909 2.46825 1.54602 3.82004 1.27722 2.54282 1.08223 0.92223 0.990812 1.65023 0.892597 0.670606 0.574883 0.555212 0.855864 0.512384 1.54178 1.39317 1.08361 0.970156 0.392244 0.241716 0.1599 0.342139 0.68999 0.483394 0.274567 0.648674
internal_count=34063 7204 26859 26585 11726 6919 4194 2725 4133 14859 9045 1645 1080 810 684 2681 14606 1993 1054 632 573 526 1125 903 536 265 3008 1399 201 8780
is_linear=0
shrinkage=0.05


Tree=270
num_leaves=31
num_cat=0
split_feature=21 19 19 23 15 24 6 36 15 21 21 13 2 32 20 23 23 13 21 2 2 12 21 15 10 15 17 37 37 10
split_gain=0.126902 0.165733 0.147508 0.170269 0.0849235 0.0803837 0.0597052 0.0576009 0.0549046 0.0500593 0.040902 0.0376866 0.025819 0.0276948 0.0255221 0.0239946 0.0207985 0.0203541 0.0201769 0.0136165 0.0123175 0.0109439 0.00986959 0.00976811 0.00769631 0.00622905 0.00618878 0.0060524 0.00586933 0.00539452
threshold=25.1337962962963 23.137812500000006 0.80135995370370383 19.859947916666673 172797.50000000003 2.5000000000000004 1.0000000180025095e-35 59.45000000000001 758.50000000000011 4.5479340277777789 21.717251157407411 6.5000000000000009 3.5876276440757437 0.065591397849462371 1.0000000180025095e-35 23.394195601851855 39.327187500000008 2.5000000000000004 23.092239583333335 0.74625160907173338 0.45871063496958786 108348.12500000001 33.047112268518525 146785.00000000003 3446.6450000000004 365.50000000000006 21.500000000000004 666.85000000000014 994.05000000000007 52834.340000000004
decision_type=2 2 2 2 2 2 2 2 2 2 2 2 2 2 2 2 2 2 2 2 2 2 2 2 2 2 2 2 2 2
left_child=2 11 3 7 5 8 28 10 12 21 14 -2 13 27 -1 -8 20 -16 26 -13 -3 -9 -18 -19 -22 -15 -10 -4 29 -5
right_child=1 16 4 6 -6 -7 15 9 18 -11 -12 19 -14 25 17 -17 22 23 -20 -21 24 -23 -24 -25 -26 -27 -28 -29 -30 -31
leaf_value=-0.0016999862376410183 -0.001491292910901487 0.001273690083137699 -0.0092606139727200148 -0.014511817987258556 0.0058251351420998045 0.0048421738133748614 -0.0037589137116674008 -0.0094331877596367311 -0.021545162514837807 0.0058704909327143241 -0.0027845104269151239 5.4425387095025245e-05 0.0050153673889763196 -0.00151066793973942 -0.0013132681112608395 0.0067650036770750578 0.0049941956952132202 0.016806268175249318 -0.00013736910554309776 0.022523468359960126 -0.0099674656346501449 0.0012973118798758915 -0.0022890884655715903 0.00052942919966302569 0.00059674866734173073 0.0046340287180021379 0.00026970802391350178 0.00073030306887776533 0.00043622947403856524 0.00039135622096686843
leaf_weight=0.035127075911987826 0.05956274202139844 0.097084174453470951 0.28714613648094178 0.44666715892753917 0.1518775575705148 0.10680928104557086 0.1261900564932148 0.2286005232459728 0.78079521689585363 0.31902223310112277 0.059227491001365595 0.075172659611098425 0.1424956223963818 0.059102158546920691 0.02693789767954502 0.23739550104437512 0.11772430579503634 1.6670066007079638 0.13419315798148546 0.75294938719116544 0.24832066167857647 0.028095932297219406 0.047854360649353112 0.1644302606578093 0.075844628682943949 0.13438912360470567 0.0081733402012105216 0.016952902489720145 0.011240351712331176 0.0097821757954079658
leaf_count=1054 87 862 1274 2091 508 56 10 1748 14087 189 4 150 18 62 564 48 89 1609 1296 325 6494 7 861 88 373 25 11 9 6 5
internal_value=0 0.0124231 -0.00115237 0.00478215 -0.0099125 -0.0129893 -0.00874785 0.010449 -0.0156214 -0.00159454 0.0133372 0.0201098 -0.00109153 -0.00502156 0.0146295 0.00303445 -0.00454979 0.0154249 -0.0198899 0.0216293 -0.00731978 -0.00816097 0.00273126 0.016048 -0.00891172 0.00306399 -0.0212947 -0.00857073 -0.0137341 -0.014143
internal_weight=0 1.47451 5.18166 3.35972 1.82193 1.67006 0.831275 2.52845 1.56325 0.575719 1.95273 0.887685 0.640086 0.49759 1.8935 0.363586 0.586828 1.85837 0.923162 0.828122 0.421249 0.256696 0.165579 1.83144 0.324165 0.193491 0.788969 0.304099 0.46769 0.456449
internal_count=34010 9241 24769 7423 17346 16838 2160 5263 16782 1944 3319 562 1388 1370 3315 58 8679 2261 15394 475 7729 1755 950 1697 6867 87 14098 1283 2102 2096
is_linear=0
shrinkage=0.05


Tree=271
num_leaves=31
num_cat=0
split_feature=3 3 13 45 15 19 21 36 21 14 20 24 15 36 38 3 37 13 36 38 21 36 21 36 12 37 38 36 17 21
split_gain=0.106129 0.121192 0.1213 0.0953982 0.0824852 0.0747362 0.0788503 0.0686668 0.0622808 0.0537473 0.0356821 0.0352577 0.0273186 0.0254508 0.0185882 0.0182671 0.0166572 0.0155101 0.0153073 0.0162494 0.0142095 0.0129861 0.0125251 0.0104828 0.00983513 0.00820591 0.00769988 0.00707611 0.00651938 0.00608593
threshold=0.80203339531218354 -1.7021190208573007 22.500000000000004 1.0000000180025095e-35 758.50000000000011 18.741325231481486 5.2896122685185194 29.350000000000005 16.944832175925928 98214.710000000021 1.0000000180025095e-35 1.5000000000000002 182.50000000000003 682.20000000000016 0.95142411082278611 3.4357288626039613 994.05000000000007 5.5000000000000009 37.550000000000004 0.14554973516014011 32.914224537037043 25.350000000000005 4.5479340277777789 15.250000000000002 3720.9350000000009 60.550000000000004 2.9674897060337968 42.350000000000001 7.5000000000000009 40.519421296296308
decision_type=2 2 2 2 2 2 2 2 2 2 2 2 2 2 2 2 2 2 2 2 2 2 2 2 2 2 2 2 2 2
left_child=1 18 4 5 12 6 7 10 -4 13 -2 29 -3 -9 20 -7 26 -12 19 -1 21 -10 -14 -8 -23 -24 -5 -11 -29 -6
right_child=3 2 8 16 11 15 23 9 14 27 17 -13 22 -15 -16 -17 -18 -19 -20 -21 -22 24 25 -25 -26 -27 -28 28 -30 -31
leaf_value=-0.0012958022940591292 -0.003266790086643696 -0.0051317982398954385 -0.0057806254680138162 -0.0087215465974699851 -0.020025608500558536 -0.0063843236657373298 0.00024255377715196236 -0.012503838598372747 -0.00097560161276264226 -0.0013268407631962819 -0.0012656407687896395 0.0015371833654817153 -0.0019556133656291178 0.0021610288023584763 -0.0016564578337862818 0.0031393786327814236 0.0022494414294789837 0.012370508615143185 -0.00098153990000200936 0.012320305653984181 -0.0011975575032590374 -0.00073425608160814881 -0.001164120149674932 0.019236028580252612 0.014468719328217486 0.0079585585402475907 0.001001573415524766 -0.00088315084391363838 0.0068249087904375134 0.000175352315786861
leaf_weight=0.051749759279119067 0.068898098261343632 0.1136396898673413 0.17034138683595745 0.24011082866638833 0.7966614998363184 0.24959088296486687 0.10095565486744806 0.37073296350149576 0.026787326874227801 0.073991176332128816 0.041922900849840516 0.066068396025912079 0.052105861494737837 0.050362329038762255 0.042202394508308316 0.07810266618616879 0.089018864207901061 0.70244459477839882 0.13671854490405622 0.49972094758550156 0.024424382928600608 0.01487627019514548 0.023739981307244307 1.8826706232562171 0.43282229343367362 0.39299387564233257 0.020265621913495124 0.091000753874368456 0.20122538853684091 0.020466105180275918
leaf_count=414 313 714 2297 1161 18202 2175 389 905 436 22 103 299 197 9 737 15 26 308 1093 448 519 206 50 1656 630 311 5 46 55 241
internal_value=0 -0.00175288 -0.00716806 0.00968783 -0.0129942 0.0118721 0.0137227 0.00276465 0.00541394 -0.00506897 0.00896148 -0.0181402 0.00134092 -0.0104635 0.0104022 -0.00345955 -0.00544253 0.0113172 0.00947668 0.0110309 0.0118469 0.0128751 0.00533547 0.0186746 0.0138053 0.006984 -0.00777055 0.00425241 0.00559866 -0.0197016
internal_weight=0 2.86532 2.17713 4.26129 1.46568 3.9119 3.5842 1.60058 0.711454 0.787313 0.813266 0.883196 0.582479 0.421095 0.541113 0.327694 0.349395 0.744367 0.688189 0.551471 0.49891 0.474486 0.46884 1.98363 0.447699 0.416734 0.260376 0.366217 0.292226 0.817128
internal_count=33982 26794 24839 7188 20014 5996 3806 1761 4825 1037 724 18742 1272 914 2528 2190 1192 411 1955 862 1791 1272 558 2045 836 361 1166 123 101 18443
is_linear=0
shrinkage=0.05


end of trees

feature_importances:
login_to_transfer_s=538
time_since_last_s=535
amount_ratio=531
session_duration_s=506
device_age_d=498
payee_relation_age_d=483
sum_7d=465
payee_age_d=440
amount_zscore=413
amount_try=374
hour=359
typing_deviation=331
cnt_7d=273
distinct_payees_7d=273
night_ratio_7d=262
sum_24h=258
device_customers_7d=180
is_new_device=168
near_threshold_cnt_24h=140
sum_1h=140
hour_unusual=126
vulnerable_customer=114
is_new_payee=97
amount_log=78
paste_used=78
near_threshold=68
payee_fan_in_24h=66
distinct_payees_24h=64
cnt_24h=56
cnt_1h=50
is_new_location=45
channel_change=39
channel_unknown=27
sum_1m=22
is_night=19
first_large_transfer=15
remote_access=11
active_call=5
purpose_risk=5
is_rooted=4
ip_country_mismatch=2
is_foreign=2

parameters:
[boosting: gbdt]
[objective: binary]
[metric: binary_logloss]
[tree_learner: serial]
[device_type: cpu]
[data_sample_strategy: bagging]
[data: ]
[valid: ]
[num_iterations: 300]
[learning_rate: 0.05]
[num_leaves: 31]
[num_threads: 1]
[seed: 7]
[deterministic: 1]
[force_col_wise: 0]
[force_row_wise: 1]
[histogram_pool_size: -1]
[max_depth: -1]
[min_data_in_leaf: 20]
[min_sum_hessian_in_leaf: 0.001]
[bagging_fraction: 0.8]
[pos_bagging_fraction: 1]
[neg_bagging_fraction: 1]
[bagging_freq: 1]
[bagging_seed: 17422]
[feature_fraction: 0.8]
[feature_fraction_bynode: 1]
[feature_fraction_seed: 7040]
[extra_trees: 0]
[extra_seed: 6516]
[early_stopping_round: 0]
[first_metric_only: 0]
[max_delta_step: 0]
[lambda_l1: 0]
[lambda_l2: 1]
[linear_lambda: 0]
[min_gain_to_split: 0]
[drop_rate: 0.1]
[max_drop: 50]
[skip_drop: 0.5]
[xgboost_dart_mode: 0]
[uniform_drop: 0]
[drop_seed: 15215]
[top_rate: 0.2]
[other_rate: 0.1]
[min_data_per_group: 100]
[max_cat_threshold: 32]
[cat_l2: 10]
[cat_smooth: 10]
[max_cat_to_onehot: 4]
[top_k: 20]
[monotone_constraints: ]
[monotone_constraints_method: basic]
[monotone_penalty: 0]
[feature_contri: ]
[forcedsplits_filename: ]
[refit_decay_rate: 0.9]
[cegb_tradeoff: 1]
[cegb_penalty_split: 0]
[cegb_penalty_feature_lazy: ]
[cegb_penalty_feature_coupled: ]
[path_smooth: 0]
[interaction_constraints: ]
[verbosity: -1]
[saved_feature_importance_type: 0]
[use_quantized_grad: 0]
[num_grad_quant_bins: 4]
[quant_train_renew_leaf: 0]
[stochastic_rounding: 1]
[linear_tree: 0]
[max_bin: 255]
[max_bin_by_feature: ]
[min_data_in_bin: 3]
[bin_construct_sample_cnt: 200000]
[data_random_seed: 61]
[is_enable_sparse: 1]
[enable_bundle: 1]
[use_missing: 1]
[zero_as_missing: 0]
[feature_pre_filter: 1]
[pre_partition: 0]
[two_round: 0]
[header: 0]
[label_column: ]
[weight_column: ]
[group_column: ]
[ignore_column: ]
[categorical_feature: ]
[forcedbins_filename: ]
[precise_float_parser: 0]
[parser_config_file: ]
[objective_seed: 15521]
[num_class: 1]
[is_unbalance: 0]
[scale_pos_weight: 1]
[sigmoid: 1]
[boost_from_average: 1]
[reg_sqrt: 0]
[alpha: 0.9]
[fair_c: 1]
[poisson_max_delta_step: 0.7]
[tweedie_variance_power: 1.5]
[lambdarank_truncation_level: 30]
[lambdarank_norm: 1]
[label_gain: ]
[lambdarank_position_bias_regularization: 0]
[eval_at: ]
[multi_error_top_k: 1]
[auc_mu_weights: ]
[num_machines: 1]
[local_listen_port: 12400]
[time_out: 120]
[machine_list_filename: ]
[machines: ]
[gpu_platform_id: -1]
[gpu_device_id: -1]
[gpu_use_dp: 0]
[num_gpu: 1]

end of parameters

pandas_categorical:null
